code,id,name,name_kana,name_formal,station_size,company_code,color,symbol,closed,closed_date
1002,585,東海道新幹線,とうかいどうしんかんせん,NULL,17,3,#0000FF,NULL,0,NULL
1003,586,山陽新幹線,さんようしんかんせん,NULL,19,4,#0000FF,NULL,0,NULL
1004,588,東北新幹線,とうほくしんかんせん,NULL,23,2,#008000,NULL,0,NULL
1005,589,上越新幹線,じょうえつしんかんせん,NULL,12,2,NULL,NULL,0,NULL
1006,590,上越新幹線(上越線),じょうえつしんかんせん(じょうえつせん),上越新幹線(ガーラ湯沢支線),2,2,#00B3E6,NULL,0,NULL
1009,591,北陸新幹線,ほくりくしんかんせん,NULL,19,2,NULL,NULL,0,NULL
1010,587,九州新幹線,きゅうしゅうしんかんせん,NULL,12,6,#FF0000,NULL,0,NULL
1011,625,北海道新幹線,ほっかいどうしんかんせん,NULL,4,1,#2BC431,NULL,0,NULL
1012,629,西九州新幹線,にしきゅうしゅうしんかんせん,NULL,5,6,NULL,NULL,0,NULL
11101,1,JR函館本線(函館～長万部),じぇいあーるはこだてほんせん,NULL,38,1,#0072BC,NULL,0,NULL
11102,2,JR函館本線(長万部～小樽),じぇいあーるはこだてほんせん,NULL,19,1,#ED1C23,S,0,NULL
11103,3,JR函館本線(小樽～旭川),じぇいあーるはこだてほんせん,NULL,43,1,NULL,NULL,0,NULL
11104,4,JR室蘭本線(長万部・室蘭～苫小牧),じぇいあーるむろらんほんせん,NULL,34,1,#0072BC,NULL,0,NULL
11105,5,JR室蘭本線(苫小牧～岩見沢),じぇいあーるむろらんほんせん,NULL,14,1,NULL,NULL,0,NULL
11106,6,JR根室本線(滝川～富良野),じぇいあーるねむろほんせん,NULL,17,1,#F6989D,T,0,NULL
11107,7,JR根室本線(新得～釧路),じぇいあーるねむろほんせん,NULL,31,1,#8CC63E,K,0,NULL
11108,8,JR根室本線(花咲線)(釧路～根室),じぇいあーるねむろほんせん(はなせきせん),JR根室本線(釧路～根室),21,1,NULL,NULL,0,NULL
11109,9,JR千歳線,じぇいあーるちとせせん,NULL,19,1,NULL,NULL,0,NULL
11110,10,JR石勝線,じぇいあーるせきしょうせん,NULL,15,1,#8CC63E,NULL,0,NULL
11111,11,JR日高本線,じぇいあーるひだかほんせん,NULL,29,1,NULL,NULL,0,NULL
11112,12,JR札沼線,じぇいあーるさっしょうせん,NULL,31,1,#00A54F,NULL,0,NULL
11113,13,JR留萌本線,じぇいあーるるもいほんせん,NULL,20,1,NULL,NULL,0,NULL
11114,14,JR富良野線,じぇいあーるふらのせん,NULL,18,1,#AA5EA6,F,0,NULL
11115,15,JR宗谷本線,じぇいあーるそうやほんせん,NULL,53,1,#954A35,NULL,0,NULL
11116,16,JR石北本線,じぇいあーるせきほくほんせん,NULL,42,1,#F7931D,A,0,NULL
11117,17,JR釧網本線,じぇいあーるせんもうほんせん,NULL,28,1,#EF59A1,NULL,0,NULL
11118,18,JR海峡線,じぇいあーるかいきょうせん,NULL,5,1,#0099FF,NULL,1,2016-03-26
11119,19,JR江差線,じぇいあーるえさしせん,NULL,22,1,NULL,NULL,1,2016-03-26
11201,20,JR東北本線(八戸～青森),じぇいあーるとうほくほんせん,NULL,20,2,#008000,NULL,1,2010-12-04
11202,21,JR奥羽本線(新庄～青森),じぇいあーるおううほんせん,NULL,67,2,#FF6600,NULL,0,NULL
11231,50,JR東北本線(黒磯～利府・盛岡),じぇいあーるとうほくほんせん,NULL,85,2,#3CB371,NULL,0,NULL
11203,22,JR大湊線(はまなすベイライン大湊線),じぇいあーるおおみなとせん,JR大湊線,11,2,#F1AA28,NULL,0,NULL
11204,23,JR五能線,じぇいあーるごのうせん,NULL,43,2,#0C7AAD,NULL,0,NULL
11205,24,JR津軽線,じぇいあーるつがるせん,NULL,18,2,#15A2C4,NULL,0,NULL
11206,25,JR八戸線,じぇいあーるはちのへせん,NULL,24,2,#E93920,NULL,0,NULL
11207,26,JR岩泉線,じぇいあーるいわいずみせん,NULL,9,2,#808080,NULL,1,2014-04-01
11208,27,JR大船渡線(ドラゴンレール大船渡線),じぇいあーるおおふなとせん,JR大船渡線,39,2,#F18E44,NULL,0,NULL
11209,28,JR釜石線(銀河ドリームライン釜石線),じぇいあーるかまいしせん,JR釜石線,24,2,#0073BF,NULL,0,NULL
11210,29,JR北上線,じぇいあーるきたかみせん,NULL,17,2,#851A72,NULL,0,NULL
11211,30,JR田沢湖線,じぇいあーるたざわこせん,NULL,18,2,#9D72B0,NULL,0,NULL
11212,31,JR花輪線(十和田八幡平四季彩ライン),じぇいあーるはなわせん(とわだはちまんたいしきさいらいん),JR花輪線,27,2,#FF0000,NULL,0,NULL
11213,32,JR山田線,じぇいあーるやまだせん,NULL,18,2,#CD7A1E,NULL,0,NULL
11214,33,JR羽越本線,じぇいあーるうえつほんせん,NULL,60,2,#75C8FF,NULL,0,NULL
11215,34,JR男鹿線,じぇいあーるおがせん,NULL,9,2,#36823E,NULL,0,NULL
11216,35,JR奥羽本線(山形線)(福島～新庄),じぇいあーるおううほんせん,JR奥羽本線(福島～新庄),36,2,#FFA030,NULL,0,NULL
11217,36,JR仙山線,じぇいあーるせんざんせん,NULL,20,2,#72BC4A,NULL,0,NULL
11218,37,JR左沢線(フルーツライン左沢線),じぇいあーるあてらざわせん(ふるーつらいんあてらざわせん),JR左沢線,12,2,#0073BF,NULL,0,NULL
11219,38,JR米坂線,じぇいあーるよねさかせん,NULL,20,2,#9E7EB9,NULL,0,NULL
11220,39,JR陸羽西線(奥の細道最上川ライン),じぇいあーるりくうさいせん(おくのほそみちもがみがわらいん),JR陸羽西線,10,2,#6FBF7F,NULL,0,NULL
11221,40,JR陸羽東線(奥の細道湯けむりライン),じぇいあーるりくうとうせん(おくのほそみちゆけむりらいん),JR陸羽東線,27,2,#888888,NULL,0,NULL
11222,41,JR仙石線,じぇいあーるせんせきせん,NULL,32,2,#00AAEE,NULL,0,NULL
11223,42,JR石巻線,じぇいあーるいしのまきせん,NULL,14,2,#ED77A4,NULL,0,NULL
11224,43,JR気仙沼線,じぇいあーるけせんぬません,NULL,27,2,NULL,NULL,0,NULL
11225,44,JR磐越西線(郡山～会津若松),じぇいあーるばんえつさいせん,NULL,16,2,#CB7B35,NULL,0,NULL
11226,45,JR磐越西線(森と水とロマンの鉄道),じぇいあーるばんえつさいせん(もりとみずとろまんのてつどう),NULL,28,2,#CB7B35,NULL,0,NULL
11227,46,JR只見線,じぇいあーるただみせん,NULL,38,2,#008DD1,NULL,0,NULL
11228,47,JR磐越東線(ゆうゆうあぶくまライン),じぇいあーるばんえつとうせん,JR磐越東線,16,2,#C71585,NULL,0,NULL
11229,48,JR常磐線(取手～いわき),じぇいあーるじょうばんせん,NULL,35,2,#3333FF,NULL,0,NULL
11230,49,JR常磐線(いわき～仙台),じぇいあーるじょうばんせん,NULL,35,2,#3333FF,NULL,0,NULL
11301,51,JR東海道本線(東京～熱海),じぇいあーるとうかいどうほんせん,NULL,21,2,#F68B1E,JT,0,NULL
11302,52,JR山手線,じぇいあーるやまのてせん,NULL,30,2,#9ACD32,JY,0,NULL
11303,53,JR南武線,じぇいあーるなんぶせん,NULL,30,2,#FFD400,JN,0,NULL
11304,54,JR鶴見線,じぇいあーるつるみせん,NULL,13,2,#FFD400,JI,0,NULL
11305,55,JR武蔵野線,じぇいあーるむさしのせん,NULL,27,2,#F15A22,JM,0,NULL
11306,56,JR横浜線,じぇいあーるよこはません,NULL,20,2,#9ACD32,JH,0,NULL
11307,57,JR根岸線,じぇいあーるねぎしせん,NULL,12,2,#00B2E5,JK,0,NULL
11308,58,JR横須賀線,じぇいあーるよこすかせん,NULL,19,2,#007AC0,JO,0,NULL
11309,59,JR相模線,じぇいあーるさがみせん,NULL,18,2,#009793,NULL,0,NULL
11311,60,JR中央本線(東京～塩尻),じぇいあーるちゅうおうほんせん,NULL,53,2,#0000FF,NULL,0,NULL
11312,61,JR中央線(快速),じぇいあーるちゅうおうせん,NULL,24,2,#F15A22,JC,0,NULL
11313,62,JR中央・総武線,じぇいあーるちゅうおう・そうぶせん,JR中央・総武緩行線,39,2,#FFD400,JB,0,NULL
11314,63,JR総武本線,じぇいあーるそうぶほんせん,NULL,31,2,#FFC20D,NULL,0,NULL
11315,64,JR青梅線,じぇいあーるおうめせん,NULL,25,2,#F15A22,JC,0,NULL
11316,65,JR五日市線,じぇいあーるいつかいちせん,NULL,7,2,#F15A22,JC,0,NULL
11317,66,JR八高線(八王子～高麗川),じぇいあーるはちこうせん,NULL,9,2,#A8A39D,NULL,0,NULL
11318,67,JR八高線(高麗川～高崎),じぇいあーるはちこうせん,NULL,16,2,#A8A39D,NULL,0,NULL
11319,68,JR東北本線(宇都宮線),じぇいあーるとうほくほんせん,JR東北本線,33,2,#F68B1E,JU,0,NULL
11320,69,JR常磐線(上野～取手),じぇいあーるじょうばんせん,NULL,19,2,#00B261,NULL,0,NULL
11321,70,JR埼京線,じぇいあーるさいきょうせん,NULL,19,2,#00B48D,JA,0,NULL
11322,71,JR川越線,じぇいあーるかわごえせん,NULL,11,2,NULL,NULL,0,NULL
11323,72,JR高崎線,じぇいあーるたかさきせん,NULL,24,2,#F68B1E,JU,0,NULL
11324,73,JR外房線,じぇいあーるそとぼうせん,NULL,27,2,#DB4028,NULL,0,NULL
11325,74,JR内房線,じぇいあーるうちぼうせん,NULL,32,2,#00BFFF,NULL,0,NULL
11326,75,JR京葉線,じぇいあーるけいようせん,NULL,18,2,#C9242F,JE,0,NULL
11327,76,JR成田線,じぇいあーるなりたせん,NULL,28,2,#000000,JO,0,NULL
11328,77,JR成田エクスプレス,じぇいあーるなりたえくすぷれす,NULL,14,2,NULL,NULL,0,NULL
11329,78,JR鹿島線,じぇいあーるかしません,NULL,7,2,#C56E2E,NULL,0,NULL
11330,79,JR久留里線,じぇいあーるくるりせん,NULL,14,2,#00AC97,NULL,0,NULL
11331,80,JR東金線,じぇいあーるとうがねせん,NULL,5,2,#F15A22,NULL,0,NULL
11332,81,JR京浜東北線,じぇいあーるけいひんとうほくせん,NULL,36,2,#00B2E5,JK,0,NULL
11333,82,JR湘南新宿ライン,じぇいあーるしょうなんしんじゅくらいん,NULL,16,2,#E21F26,JS,0,NULL
11343,595,JR上野東京ライン,じぇいあーるうえのとうきょうらいん,上野東京ライン,2,2,#F68B1E,JU,0,NULL
11334,83,JR烏山線,じぇいあーるからすやません,NULL,8,2,#008000,NULL,0,NULL
11335,84,JR吾妻線,じぇいあーるあがつません,NULL,18,2,#0F5474,NULL,0,NULL
11337,85,JR信越本線,じぇいあーるしんえつほんせん,NULL,8,2,#9ACD32,NULL,0,NULL
11338,86,JR水郡線,じぇいあーるすいぐんせん,NULL,46,2,#368C44,NULL,0,NULL
11339,87,JR水戸線,じぇいあーるみとせん,NULL,16,2,#3333FF,NULL,0,NULL
11340,88,JR日光線,じぇいあーるにっこうせん,NULL,7,2,#880022,NULL,0,NULL
11341,89,JR両毛線,じぇいあーるりょうもうせん,NULL,22,2,#FFFF00,NULL,0,NULL
11342,90,JR上越線,じぇいあーるじょうえつせん,NULL,36,2,#00B3E6,NULL,0,NULL
11401,91,JR小海線(八ヶ岳高原線),じぇいあーるこうみせん(やつがたけこうげんせん),JR小海線,31,2,#008000,NULL,0,NULL
11402,92,JR身延線,じぇいあーるみのぶせん,NULL,39,3,NULL,NULL,0,NULL
11403,93,JR信越本線(篠ノ井～長野),じぇいあーるしんえつほんせん,NULL,5,2,#00BFFF,NULL,0,NULL
11404,94,JR信越本線(直江津～新潟),じぇいあーるしんえつほんせん,NULL,42,2,#00B3E6,NULL,0,NULL
11405,95,JR北陸本線(富山～直江津),じぇいあーるほくりくほんせん,NULL,24,4,NULL,NULL,1,2015-03-14
11406,96,JR白新線,じぇいあーるはくしんせん,NULL,10,2,#F387B7,NULL,0,NULL
11407,97,JR飯山線,じぇいあーるいいやません,NULL,31,2,#9ACD32,NULL,0,NULL
11408,98,JR越後線,じぇいあーるえちごせん,NULL,33,2,#40934D,NULL,0,NULL
11409,99,JR大糸線,じぇいあーるおおいとせん,NULL,42,2,#9370DB,NULL,0,NULL
11410,100,JR弥彦線,じぇいあーるやひこせん,NULL,8,2,#922790,NULL,0,NULL
11411,101,JR中央本線(名古屋～塩尻),じぇいあーるちゅうおうほんせん,NULL,40,3,#3B6C9C,CF,0,NULL
11412,102,JR篠ノ井線,じぇいあーるしののいせん,NULL,15,2,#F77321,NULL,0,NULL
11413,103,JR飯田線(豊橋～天竜峡),じぇいあーるいいだせん,NULL,51,3,#87CEEB,CD,0,NULL
11414,104,JR飯田線(天竜峡～辰野),じぇいあーるいいだせん,NULL,44,3,#87CEEB,CD,0,NULL
11415,105,JR北陸本線(米原～敦賀),じぇいあーるほくりくほんせん,NULL,12,4,NULL,NULL,0,NULL
11416,106,JR高山本線,じぇいあーるたかやまほんせん,NULL,45,3,NULL,CG,0,NULL
11417,107,JR城端線,じぇいあーるじょうはなせん,NULL,14,4,NULL,NULL,0,NULL
11418,108,JR氷見線,じぇいあーるひみせん,NULL,8,4,NULL,NULL,0,NULL
11419,109,JR七尾線,じぇいあーるななおせん,NULL,20,4,#B7282E,NULL,0,NULL
11421,110,JR越美北線(九頭竜線),じぇいあーるえつみほくせん(くずりゅうせん),JR越美北線,23,4,NULL,NULL,0,NULL
11422,111,JR小浜線,じぇいあーるおばません,NULL,24,4,NULL,NULL,0,NULL
11501,112,JR東海道本線(熱海～浜松),じぇいあーるとうかいどうほんせん,NULL,35,3,#F57615,CA,0,NULL
11502,113,JR東海道本線(浜松～岐阜),じぇいあーるとうかいどうほんせん,NULL,41,3,#F57615,CA,0,NULL
11503,114,JR東海道本線(岐阜～美濃赤坂・米原),じぇいあーるとうかいどうほんせん,NULL,12,3,#F57615,CA,0,NULL
11504,115,JR伊東線,じぇいあーるいとうせん,NULL,6,2,#F68B1E,NULL,0,NULL
11505,116,JR御殿場線,じぇいあーるごてんばせん,NULL,19,3,#247B30,CB,0,NULL
11506,117,JR武豊線,じぇいあーるたけとよせん,NULL,10,3,NULL,CE,0,NULL
11507,118,JR太多線,じぇいあーるたいたせん,NULL,8,3,#BFBA2F,CI,0,NULL
11508,119,JR関西本線(名古屋～亀山),じぇいあーるかんさいほんせん,NULL,18,3,#3DBC87,CJ,0,NULL
11509,120,JR関西本線(亀山～加茂),じぇいあーるかんさいほんせん,NULL,12,4,#5726B7,V,0,NULL
11510,121,JR紀勢本線,じぇいあーるきせいほんせん,NULL,41,3,NULL,NULL,0,NULL
11511,122,JR草津線,じぇいあーるくさつせん,NULL,11,4,#5A9934,C,0,NULL
11512,123,JR参宮線,じぇいあーるさんぐうせん,NULL,11,3,NULL,NULL,0,NULL
11513,124,JR名松線,じぇいあーるめいしょうせん,NULL,15,3,NULL,NULL,0,NULL
11601,125,JR東海道本線(琵琶湖線)(米原～京都),じぇいあーるとうかいどうほんせん(びわこせん),JR東海道本線(米原～京都),20,4,#0072BC,A,0,NULL
11602,126,JR東海道本線(京都線)(京都～大阪),じぇいあーるとうかいどうほんせん(きょうとせん),JR東海道本線(京都～大阪),17,4,#0072BC,A,0,NULL
11603,127,JR東海道本線(神戸線)(大阪～神戸),じぇいあーるとうかいどうほんせん(こうべせん),JR東海道本線(大阪～神戸),17,4,#0072BC,A,0,NULL
11605,128,JR湖西線,じぇいあーるこせいせん,NULL,22,4,#00ACD1,B,0,NULL
11607,129,JR関西本線(大和路線)(加茂～ＪＲ難波),じぇいあーるかんさいほんせん(やまとじせん),JR関西本線(加茂～ＪＲ難波),22,4,#00B17B,Q,0,NULL
11608,130,JR山陽本線(神戸線)(神戸～姫路),じぇいあーるさんようほんせん(こうべせん),JR山陽本線(神戸～姫路),23,4,#0072BC,A,0,NULL
11609,131,JR山陽本線(姫路～岡山),じぇいあーるさんようほんせん,NULL,19,4,NULL,NULL,0,NULL
11610,132,JR山陽本線(岡山～三原),じぇいあーるさんようほんせん,NULL,20,4,#009966,NULL,0,NULL
11611,133,JR山陽本線(三原～岩国),じぇいあーるさんようほんせん,NULL,31,4,NULL,NULL,0,NULL
11612,134,JR山陽本線(岩国～門司),じぇいあーるさんようほんせん,NULL,37,4,NULL,NULL,0,NULL
11613,135,JR山陽本線(兵庫～和田岬),じぇいあーるさんようほんせん,NULL,2,4,NULL,NULL,0,NULL
11614,136,JR山陰本線(嵯峨野線)(京都～園部),じぇいあーるさんいんほんせん(さがのせん),JR山陰本線(京都～園部),16,4,#878DDC,E,0,NULL
11615,137,JR山陰本線(園部～豊岡),じぇいあーるさんいんほんせん,NULL,24,4,#878DDC,E,0,NULL
11616,138,JR山陰本線(豊岡～米子),じぇいあーるさんいんほんせん,NULL,41,4,#B8D200,NULL,0,NULL
11617,139,JR片町線(学研都市線),じぇいあーるかたまちせん,JR片町線,24,4,#FF1493,H,0,NULL
11618,140,JR奈良線,じぇいあーるならせん,奈良線,21,4,#AA731C,D,0,NULL
11622,141,JR舞鶴線,じぇいあーるまいづるせん,NULL,9,4,#FF8E1F,L,0,NULL
11623,142,JR大阪環状線,じぇいあーるおおさかかんじょうせん,大阪環状線,19,4,#E80000,O,0,NULL
11624,143,JR桜島線(ゆめ咲線),じぇいあーるさくらじません(ゆめさきせん),JR桜島線,4,4,#0A318E,P,0,NULL
11625,144,JR東西線,じぇいあーるとうざいせん,NULL,9,4,#FF1493,H,0,NULL
11626,145,JR阪和線(天王寺～和歌山),じぇいあーるはんわせん,阪和線(天王寺～和歌山),35,4,#FF6600,R,0,NULL
11627,146,JR阪和線(鳳～東羽衣),じぇいあーるはんわせん,阪和線(鳳～東羽衣),2,4,NULL,NULL,0,NULL
11628,147,JR関西空港線,じぇいあーるかんさいくうこうせん,NULL,3,4,#0072BC,S,0,NULL
11629,148,JR福知山線(宝塚線)(大阪～篠山口),じぇいあーるふくちやません(たからづかせん),JR福知山線(大阪～篠山口),23,4,#FFBA00,G,0,NULL
11630,149,JR福知山線(篠山口～福知山),じぇいあーるふくちやません,福知山線(篠山口～福知山),10,4,#FFBA00,G,0,NULL
11631,150,JR赤穂線,じぇいあーるあこうせん,NULL,22,4,NULL,NULL,0,NULL
11632,151,JR加古川線,じぇいあーるかこがわせん,NULL,21,4,#00BAA5,I,0,NULL
11633,152,JR姫新線(姫路～佐用),じぇいあーるきしんせん,NULL,12,4,#FF593E,K,0,NULL
11634,153,JR姫新線(佐用～新見),じぇいあーるきしんせん,NULL,25,4,#FF593E,K,0,NULL
11635,154,JR播但線,じぇいあーるばんたんせん,NULL,18,4,#A52F5D,J,0,NULL
11636,155,JR和歌山線,じぇいあーるわかやません,NULL,36,4,#F79FBA,T,0,NULL
11637,156,JR桜井線,じぇいあーるさくらいせん,桜井線,14,4,#A0283A,U,0,NULL
11639,157,JR紀勢本線(きのくに線)(新宮～和歌山),じぇいあーるきせいほんせん,JR紀勢本線(新宮～和歌山),54,4,#00B1C2,W,0,NULL
11640,158,JR紀勢本線(和歌山～和歌山市),じぇいあーるきせいほんせん,紀勢本線(和歌山～和歌山市),3,4,NULL,NULL,0,NULL
11641,159,JRおおさか東線,じぇいあーるおおさかひがしせん,おおさか東線,15,4,#347293,F,0,NULL
11701,160,JR山陰本線(米子～益田),じぇいあーるさんいんほんせん,NULL,45,4,#F26122,D,0,NULL
11702,161,JR山陰本線(益田・仙崎～下関),じぇいあーるさんいんほんせん,JR山陰本線(益田～下関),40,4,#7E733D,NULL,0,NULL
11703,162,JR伯備線,じぇいあーるはくびせん,NULL,33,4,#35934A,V,0,NULL
11704,163,JR因美線,じぇいあーるいんびせん,NULL,20,4,#996633,B,0,NULL
11705,164,JR境線,じぇいあーるさかいせん,NULL,16,4,#0066B3,C,0,NULL
11706,165,JR木次線,じぇいあーるきすきせん,NULL,18,4,#FFC20E,E,0,NULL
11707,166,JR三江線,じぇいあーるさんこうせん,NULL,35,4,#00B2E5,F,1,2018-04-01
11708,167,JR山口線,じぇいあーるやまぐちせん,NULL,28,4,#F37052,NULL,0,NULL
11709,168,JR宇野線,じぇいあーるうのせん,NULL,15,4,NULL,NULL,0,NULL
11710,169,JR本四備讃線(瀬戸大橋線),じぇいあーるほんしびさんせん(せとおおはしせん),JR本四備讃線,6,4,#0040FF,M,0,NULL
11713,170,JR吉備線,じぇいあーるきびせん,NULL,10,4,#F6A4B4,U,0,NULL
11714,171,JR芸備線,じぇいあーるげいびせん,NULL,46,4,#8F7DB9,P,0,NULL
11715,172,JR津山線,じぇいあーるつやません,NULL,17,4,#FDBD18,T,0,NULL
11716,173,JR呉線,じぇいあーるくれせん,NULL,32,4,#FFA500,Y,0,NULL
11717,174,JR可部線,じぇいあーるかべせん,NULL,16,4,#09C0B0,B,0,NULL
11720,175,JR福塩線,じぇいあーるふくえんせん,NULL,30,4,#49479E,Z,0,NULL
11721,176,JR宇部線,じぇいあーるうべせん,NULL,18,4,#B02857,NULL,0,NULL
11722,177,JR美祢線,じぇいあーるみねせん,NULL,12,4,#D6007F,NULL,0,NULL
11723,178,JR小野田線,じぇいあーるおのだせん,NULL,12,4,#695FAA,NULL,0,NULL
11724,179,JR岩徳線,じぇいあーるがんとくせん,NULL,16,4,#00A663,NULL,0,NULL
11801,180,JR土讃線,じぇいあーるどさんせん,NULL,61,5,#FF3399,NULL,0,NULL
11802,181,JR高徳線,じぇいあーるこうとくせん,NULL,29,5,#8AC53E,T,0,NULL
11803,182,JR徳島線(よしの川ブルーライン),じぇいあーるとくしません,JR徳島線,26,5,#4A92B7,B,0,NULL
11804,183,JR牟岐線,じぇいあーるむぎせん,NULL,29,5,#00B5AD,M,0,NULL
11805,184,JR鳴門線,じぇいあーるなるとせん,NULL,7,5,#8C2C5F,N,0,NULL
11806,185,JR予讃線,じぇいあーるよさんせん,NULL,57,5,#FF9900,Y,0,NULL
11807,186,JR予讃・内子線,じぇいあーるよさん・うちこせん,NULL,41,5,NULL,NULL,0,NULL
11808,187,JR予土線(しまんとグリーンライン),じぇいあーるよどせん,JR予土線,22,5,#009257,G,0,NULL
11901,188,JR博多南線,じぇいあーるはかたみなみせん,NULL,2,4,NULL,NULL,0,NULL
11902,189,JR鹿児島本線(下関・門司港～博多),じぇいあーるかごしまほんせん,NULL,33,6,NULL,NULL,0,NULL
11903,190,JR鹿児島本線(博多～八代),じぇいあーるかごしまほんせん,NULL,51,6,NULL,NULL,0,NULL
11904,191,JR鹿児島本線(川内～鹿児島),じぇいあーるかごしまほんせん,NULL,14,6,NULL,NULL,0,NULL
11905,192,JR長崎本線(鳥栖～長崎),じぇいあーるながさきほんせん,NULL,42,6,NULL,NULL,0,NULL
11906,193,JR日豊本線(門司港～佐伯),じぇいあーるにっぽうほんせん,NULL,60,6,NULL,NULL,0,NULL
11907,194,JR日豊本線(佐伯～鹿児島中央),じぇいあーるにっぽうほんせん,NULL,57,6,NULL,NULL,0,NULL
11908,195,JR篠栗線(福北ゆたか線),じぇいあーるささぐりせん(ふくほくゆたかせん),JR篠栗線,12,6,#FFFF00,NULL,0,NULL
11909,196,JR筑肥線(姪浜～西唐津),じぇいあーるちくひせん,NULL,21,6,NULL,JK,0,NULL
11910,197,JR筑豊本線(若松線)(若松～折尾),じぇいあーるちくほうほんせん(わかまつせん),JR筑豊本線(若松～折尾),6,6,NULL,NULL,0,NULL
11911,198,JR筑豊本線(福北ゆたか線)(折尾～桂川),じぇいあーるちくほうほんせん(ふくほくゆたかせん),JR筑豊本線(折尾～桂川),16,6,#FFFF00,NULL,0,NULL
11912,199,JR筑豊本線(原田線)(桂川～原田),じぇいあーるちくほうほんせん(はるだせん),JR筑豊本線(桂川～原田),5,6,NULL,NULL,0,NULL
11913,200,JR久大本線(ゆふ高原線),じぇいあーるきゅうだいほんせん(ゆふこうげんせん),JR久大本線,37,6,NULL,NULL,0,NULL
11914,201,JR日田彦山線,じぇいあーるひたひこさんせん,NULL,29,6,NULL,NULL,0,NULL
11915,202,JR後藤寺線,じぇいあーるごとうじせん,NULL,6,6,NULL,NULL,0,NULL
11916,203,JR香椎線(海の中道線)(西戸崎～香椎),じぇいあーるかしいせん(うみのなかみちせん),JR香椎線(西戸崎～香椎),6,6,NULL,NULL,0,NULL
11917,204,JR香椎線(香椎～宇美),じぇいあーるかしいせん,NULL,11,6,NULL,NULL,0,NULL
11918,205,JR佐世保線,じぇいあーるさせぼせん,NULL,14,6,NULL,NULL,0,NULL
11920,206,JR筑肥線(西唐津～伊万里),じぇいあーるちくひせん,NULL,14,6,NULL,NULL,0,NULL
11921,207,JR唐津線,じぇいあーるからつせん,NULL,16,6,NULL,NULL,0,NULL
11922,208,JR大村線,じぇいあーるおおむらせん,NULL,15,6,NULL,NULL,0,NULL
11923,209,JR豊肥本線(阿蘇高原線),じぇいあーるほうひほんせん(あそこうげんせん),JR豊肥本線,37,6,NULL,NULL,0,NULL
11924,210,JR三角線,じぇいあーるみすみせん,NULL,13,6,NULL,NULL,0,NULL
11925,211,JR肥薩線(えびの高原線)(八代～吉松),じぇいあーるひさつせん(えびのこうげんせん),JR肥薩線(八代～吉松),19,6,NULL,NULL,0,NULL
11926,212,JR肥薩線(吉松～隼人),じぇいあーるひさつせん,NULL,10,6,NULL,NULL,0,NULL
11927,213,JR宮崎空港線,じぇいあーるみやざきくうこうせん,NULL,4,6,NULL,NULL,0,NULL
11928,214,JR日南線,じぇいあーるにちなんせん,NULL,29,6,NULL,NULL,0,NULL
11929,215,JR吉都線(えびの高原線),じぇいあーるきっとせん(えびのこうげんせん),JR吉都線,17,6,NULL,NULL,0,NULL
11930,216,JR指宿枕崎線,じぇいあーるいぶすきまくらざきせん,NULL,36,6,NULL,NULL,0,NULL
21001,217,東武東上線,とうぶとうじょうせん,NULL,39,11,#004098,TJ,0,NULL
21002,218,東武伊勢崎線,とうぶいせさきせん,NULL,56,11,NULL,NULL,0,NULL
21003,219,東武日光線,とうぶにっこうせん,NULL,26,11,#FF8000,TN,0,NULL
21004,220,東武野田線,とうぶのだせん,NULL,35,11,#33CCCC,TD,0,NULL
21005,221,東武亀戸線,とうぶかめいどせん,NULL,5,11,#0F6CC3,TS,0,NULL
21006,222,東武大師線,とうぶたいしせん,NULL,2,11,#0F6CC3,TS,0,NULL
21007,223,東武越生線,とうぶおごせせん,NULL,8,11,#004098,TJ,0,NULL
21008,224,東武宇都宮線,とうぶうつのみやせん,NULL,12,11,#FF8000,TN,0,NULL
21009,225,東武鬼怒川線,とうぶきぬがわせん,NULL,9,11,#FFA500,TN,0,NULL
21010,226,東武佐野線,とうぶさのせん,NULL,10,11,#FF0000,TI,0,NULL
21011,227,東武桐生線,とうぶきりゅうせん,NULL,8,11,#FF0000,TI,0,NULL
21012,228,東武小泉線,とうぶこいずみせん,NULL,9,11,#FF0000,TI,0,NULL
22001,229,西武池袋線,せいぶいけぶくろせん,NULL,32,12,#FF6600,SI,0,NULL
22002,230,西武秩父線,せいぶちちぶせん,NULL,6,12,#FF6600,SI,0,NULL
22003,231,西武有楽町線,せいぶゆうらくちょうせん,NULL,3,12,#FF6600,SI,0,NULL
22004,232,西武豊島線,せいぶとしません,NULL,2,12,#FF6600,SI,0,NULL
22005,233,西武狭山線,せいぶさやません,NULL,3,12,#FF6600,SI,0,NULL
22006,234,西武山口線,せいぶやまぐちせん,NULL,3,12,#FF3333,SY,0,NULL
22007,235,西武新宿線,せいぶしんじゅくせん,NULL,29,12,#0099CC,SS,0,NULL
22008,236,西武拝島線,せいぶはいじません,NULL,8,12,#0099CC,SS,0,NULL
22009,237,西武西武園線,せいぶせいぶえんせん,NULL,2,12,#33CC66,SK,0,NULL
22010,238,西武国分寺線,せいぶこくぶんじせん,NULL,5,12,#32CD32,SK,0,NULL
22011,239,西武多摩湖線,せいぶたまこせん,NULL,8,12,#FFCC33,ST,0,NULL
22012,240,西武多摩川線,せいぶたまがわせん,NULL,6,12,#FF6600,SW,0,NULL
23001,241,京成本線,けいせいほんせん,NULL,45,13,#005AAA,KS,0,NULL
23002,242,京成押上線,けいせいおしあげせん,NULL,7,13,#005AAA,KS,0,NULL
23003,243,京成金町線,けいせいかなまちせん,NULL,3,13,#005AAA,KS,0,NULL
23004,244,京成千葉線,けいせいちばせん,NULL,10,13,#005AAA,KS,0,NULL
23005,245,京成千原線,けいせいちはらせん,NULL,6,13,#005AAA,KS,0,NULL
23006,246,京成成田空港線(成田スカイアクセス),けいせいなりたくうこうせん(なりたすかいあくせす),京成成田空港線,11,13,#FF8620,KS,0,NULL
23007,407,京成松戸線,けいせいまつどせん,NULL,24,13,#005AAA,KS,0,NULL
24001,247,京王京王線,けいおうけいおうせん,京王線,34,14,#DD3377,KO,0,NULL
24002,248,京王相模原線,けいおうさがみはらせん,NULL,12,14,#DD3377,KO,0,NULL
24003,249,京王高尾線,けいおうたかおせん,NULL,7,14,#DD3377,KO,0,NULL
24004,250,京王競馬場線,けいおうけいばじょうせん,NULL,2,14,#DD3377,KO,0,NULL
24005,251,京王動物園線,けいおうどうぶつえんせん,NULL,2,14,#DD3377,KO,0,NULL
24006,252,京王井の頭線,けいおういのがしらせん,NULL,17,14,#333388,IN,0,NULL
25001,253,小田急小田原線,おだきゅうおだわらせん,NULL,47,15,#2288CC,OH,0,NULL
25002,254,小田急江ノ島線,おだきゅうえのしません,NULL,17,15,#2288CC,OE,0,NULL
25003,255,小田急多摩線,おだきゅうたません,NULL,8,15,#2288CC,OT,0,NULL
26001,256,東急東横線,とうきゅうとうよこせん,NULL,21,16,#DA0442,TY,0,NULL
26002,257,東急目黒線,とうきゅうめぐろせん,NULL,13,16,#009CD2,MG,0,NULL
26003,258,東急田園都市線,とうきゅうでんえんとしせん,NULL,27,16,#38B48B,DT,0,NULL
26004,259,東急大井町線,とうきゅうおおいまちせん,NULL,18,16,#F18C43,OM,0,NULL
26005,260,東急池上線,とうきゅういけがみせん,NULL,15,16,#EE86A7,IK,0,NULL
26006,261,東急多摩川線,とうきゅうたまがわせん,NULL,7,16,#AE0378,TM,0,NULL
26007,262,東急世田谷線,とうきゅうせたがやせん,NULL,10,16,#FCC70D,SG,0,NULL
26008,263,東急こどもの国線,とうきゅうこどものくにせん,NULL,3,16,#0068B7,KD,0,NULL
26009,630,東急新横浜線,とうきゅうしんよこはません,NULL,3,16,#6F1585,SH,0,NULL
27001,264,京急本線,けいきゅうほんせん,NULL,50,17,#00BFFF,KK,0,NULL
27002,265,京急空港線,けいきゅうくうこうせん,NULL,7,17,#00BFFF,KK,0,NULL
27003,266,京急大師線,けいきゅうだいしせん,NULL,7,17,#00BFFF,KK,0,NULL
27004,267,京急逗子線,けいきゅうずしせん,NULL,4,17,#00BFFF,KK,0,NULL
27005,268,京急久里浜線,けいきゅうくりはません,NULL,9,17,#00BFFF,KK,0,NULL
28001,269,東京メトロ銀座線,とうきょうめとろぎんざせん,NULL,19,18,#F39700,G,0,NULL
28002,270,東京メトロ丸ノ内線,とうきょうめとろまるのうちせん,NULL,28,18,#E60012,NULL,0,NULL
28003,271,東京メトロ日比谷線,とうきょうめとろひびやせん,NULL,22,18,#9CAEB7,H,0,NULL
28004,272,東京メトロ東西線,とうきょうめとろとうざいせん,NULL,23,18,#00A7DB,T,0,NULL
28005,273,東京メトロ千代田線,とうきょうめとろちよだせん,NULL,20,18,#009944,C,0,NULL
28006,274,東京メトロ有楽町線,とうきょうめとろゆうらくちょうせん,NULL,24,18,#D7C447,Y,0,NULL
28008,275,東京メトロ半蔵門線,とうきょうめとろはんぞうもんせん,NULL,14,18,#800080,Z,0,NULL
28009,276,東京メトロ南北線,とうきょうめとろなんぼくせん,NULL,19,18,#00A968,N,0,NULL
28010,277,東京メトロ副都心線,とうきょうめとろふくとしんせん,NULL,16,18,#BB641D,F,0,NULL
29001,278,相鉄本線,そうてつほんせん,NULL,18,19,#2288CC,SO,0,NULL
29002,279,相鉄いずみ野線,そうてついずみのせん,NULL,8,19,#2288CC,SO,0,NULL
29003,628,相鉄新横浜線,そうてつしんよこはません,NULL,3,19,#2288CC,SO,0,NULL
30001,280,名鉄名古屋本線,めいてつなごやほんせん,NULL,60,20,#DC143C,NH,0,NULL
30002,281,名鉄豊川線,めいてつとよかわせん,NULL,5,20,#DC143C,TK,0,NULL
30003,282,名鉄西尾線,めいてつにしおせん,NULL,14,20,#483D8B,GN,0,NULL
30004,283,名鉄蒲郡線,めいてつがまごおりせん,NULL,10,20,#483D8B,GN,0,NULL
30005,284,名鉄三河線,めいてつみかわせん,NULL,23,20,NULL,NULL,0,NULL
30006,285,名鉄豊田線,めいてつとよたせん,NULL,9,20,#9ACD32,TT,0,NULL
30007,286,名鉄空港線,めいてつくうこうせん,NULL,3,20,#0000CD,TA,0,NULL
30008,287,名鉄常滑線,めいてつとこなめせん,NULL,26,20,#0000CD,TA,0,NULL
30009,288,名鉄河和線,めいてつこうわせん,NULL,20,20,#00BFFF,KC,0,NULL
30010,289,名鉄知多新線,めいてつちたしんせん,NULL,6,20,#00BFFF,KC,0,NULL
30011,290,名鉄築港線,めいてつちっこうせん,NULL,2,20,#808080,CH,0,NULL
30012,291,名鉄瀬戸線,めいてつせとせん,NULL,20,20,#800080,ST,0,NULL
30013,292,名鉄津島線,めいてつつしません,NULL,8,20,#FF6347,TB,0,NULL
30014,293,名鉄尾西線,めいてつびさいせん,NULL,22,20,#FF6347,NULL,0,NULL
30015,294,名鉄犬山線,めいてついぬやません,NULL,20,20,#2E8B57,IY,0,NULL
30016,295,名鉄各務原線,めいてつかかみがはらせん,NULL,18,20,NULL,KG,0,NULL
30017,296,名鉄広見線,めいてつひろみせん,NULL,11,20,#2E8B57,HM,0,NULL
30018,297,名鉄小牧線,めいてつこまきせん,NULL,14,20,#FF69B4,KM,0,NULL
30020,298,名鉄竹鼻線,めいてつたけはなせん,NULL,9,20,#DAA520,TH,0,NULL
30021,299,名鉄羽島線,めいてつはしません,NULL,2,20,#DAA520,TH,0,NULL
31001,300,近鉄難波線,きんてつなんばせん,NULL,3,21,#FF0000,A,0,NULL
31002,301,近鉄橿原線,きんてつかしはらせん,NULL,17,21,#EEC900,B,0,NULL
31003,302,近鉄南大阪線,きんてつみなみおおさかせん,NULL,28,21,#006400,F,0,NULL
31005,303,近鉄大阪線,きんてつおおさかせん,NULL,48,21,#77BBFF,D,0,NULL
31007,304,近鉄吉野線,きんてつよしのせん,NULL,16,21,#006400,F,0,NULL
31008,305,近鉄湯の山線,きんてつゆのやません,NULL,10,21,#0000FF,K,0,NULL
31009,306,近鉄山田線,きんてつやまだせん,NULL,14,21,#40E0D0,M,0,NULL
31010,307,近鉄鳥羽線,きんてつとばせん,NULL,5,21,#40E0D0,M,0,NULL
31011,308,近鉄天理線,きんてつてんりせん,NULL,4,21,#EEC900,H,0,NULL
31012,309,近鉄道明寺線,きんてつどうみょうじせん,NULL,3,21,#006400,N,0,NULL
31013,604,四日市あすなろう鉄道内部線,よっかいちあすなろうてつどううつべせん,内部線,8,247,NULL,NULL,0,NULL
31014,605,四日市あすなろう鉄道八王子線,よっかいちあすなろうてつどうはちおうじせん,八王子線,2,247,NULL,NULL,0,NULL
31015,312,近鉄志摩線,きんてつしません,NULL,16,21,#40E0D0,M,0,NULL
31016,313,近鉄生駒線,きんてついこません,NULL,12,21,#FF0000,G,0,NULL
31017,314,近鉄田原本線,きんてつたわらもとせん,NULL,8,21,#EEC900,I,0,NULL
31018,315,近鉄御所線,きんてつごせせん,NULL,4,21,#006400,P,0,NULL
31019,316,近鉄鈴鹿線,きんてつすずかせん,NULL,5,21,#0000FF,L,0,NULL
31020,317,近鉄奈良線,きんてつならせん,NULL,19,21,#FF0000,A,0,NULL
31021,318,近鉄信貴線,きんてつしぎせん,NULL,3,21,#77BBFF,J,0,NULL
31022,319,近鉄長野線,きんてつながのせん,NULL,8,21,#006400,O,0,NULL
31023,320,近鉄けいはんな線,きんてつけいはんなせん,NULL,8,21,#228B22,C,0,NULL
31024,321,近鉄西信貴ケーブル,きんてつにししぎけーぶる,近鉄西信貴鋼索線,2,21,#F0E68C,Z,0,NULL
31025,322,近鉄京都線,きんてつきょうとせん,NULL,28,21,#EEC900,B,0,NULL
31026,323,近鉄生駒ケーブル,きんてついこまけーぶる,近鉄生駒鋼索線,5,21,#F0E68C,Y,0,NULL
31027,324,近鉄名古屋線,きんてつなごやせん,NULL,44,21,#0000FF,E,0,NULL
32001,325,南海本線,なんかいほんせん,NULL,41,22,#0065AF,NK,0,NULL
32002,326,南海空港線,なんかいくうこうせん,NULL,3,22,#594BAC,NK,0,NULL
32003,327,南海和歌山港線,なんかいわかやまこうせん,NULL,2,22,#0065AF,NK,0,NULL
32004,328,南海高師浜線,なんかいたかしのはません,NULL,3,22,#0065AF,NK,0,NULL
32005,329,南海加太線,なんかいかだせん,NULL,9,22,#0065AF,NK,0,NULL
32006,330,南海多奈川線,なんかいたながわせん,NULL,4,22,#0065AF,NK,0,NULL
32007,331,南海高野線(りんかんサンライン),なんかいこうやせん,南海高野線,42,22,#009A41,NK,0,NULL
32008,332,南海高野山ケーブル,なんかいこうやさんけーぶる,NULL,2,22,#009A41,NK,0,NULL
32009,333,南海汐見橋線,なんかいしおみばしせん,NULL,6,22,#009A41,NK,0,NULL
32010,488,南海泉北線,なんかいせんぼくせん,NULL,6,22,#B1BC3A,NK,0,NULL
33001,334,京阪本線,けいはんほんせん,NULL,42,23,#66CC33,KH,0,NULL
33002,335,京阪宇治線,けいはんうじせん,NULL,8,23,#66CC33,KH,0,NULL
33003,336,京阪交野線,けいはんかたのせん,NULL,8,23,#66CC33,KH,0,NULL
33004,337,京阪鴨東線,けいはんおうとうせん,NULL,3,23,#66CC33,KH,0,NULL
33005,338,京阪石清水八幡宮参道ケーブル,けいはんいわしみずはちまんぐうさんどうけーぶる,京阪鋼索線,2,23,NULL,NULL,0,NULL
33006,339,京阪石山坂本線,けいはんいしやまさかもとせん,NULL,21,23,#009933,OT,0,NULL
33007,340,京阪京津線,けいはんけいしんせん,NULL,7,23,#FFCC00,OT,0,NULL
33008,341,京阪中之島線,けいはんなかのしません,NULL,5,23,#66CC33,KH,0,NULL
34001,342,阪急神戸本線,はんきゅうこうべほんせん,NULL,16,24,#0000FF,HK,0,NULL
34002,343,阪急宝塚本線,はんきゅうたからづかほんせん,NULL,19,24,#FFA500,HK,0,NULL
34003,344,阪急京都本線,はんきゅうきょうとほんせん,NULL,28,24,#32CD32,HK,0,NULL
34004,345,阪急今津線,はんきゅういまづせん,NULL,10,24,#0000FF,HK,0,NULL
34005,346,阪急甲陽線,はんきゅうこうようせん,NULL,3,24,#0000FF,HK,0,NULL
34006,347,阪急伊丹線,はんきゅういたみせん,NULL,4,24,#0000FF,HK,0,NULL
34007,348,阪急箕面線,はんきゅうみのおせん,NULL,4,24,#FFA500,HK,0,NULL
34008,349,阪急千里線,はんきゅうせんりせん,NULL,11,24,#32CD32,HK,0,NULL
34009,350,阪急嵐山線,はんきゅうあらしやません,NULL,4,24,#32CD32,HK,0,NULL
35001,351,阪神本線,はんしんほんせん,NULL,33,25,NULL,HS,0,NULL
35002,352,阪神なんば線,はんしんなんばせん,NULL,11,25,NULL,HS,0,NULL
35003,353,阪神武庫川線,はんしんむこがわせん,NULL,4,25,NULL,HS,0,NULL
36001,354,西鉄天神大牟田線,にしてつてんじんおおむたせん,NULL,50,26,NULL,T,0,NULL
36002,355,西鉄太宰府線,にしてつだざいふせん,NULL,3,26,NULL,D,0,NULL
36003,356,西鉄甘木線,にしてつあまぎせん,NULL,12,26,NULL,A,0,NULL
36004,357,西鉄貝塚線,にしてつかいづかせん,NULL,10,26,NULL,NK,0,NULL
99101,358,札幌市営地下鉄東西線,さっぽろしえいちかてつとうざいせん,NULL,19,101,#FFA500,T,0,NULL
99102,359,札幌市営地下鉄南北線,さっぽろしえいちかてつなんぼくせん,NULL,16,101,#008000,N,0,NULL
99103,360,札幌市営地下鉄東豊線,さっぽろしえいちかてつとうほうせん,NULL,14,101,#0080FF,H,0,NULL
99104,361,札幌市電山鼻線,さっぽろしでんやまはなせん,NULL,24,101,NULL,SC,0,NULL
99105,362,函館市電２系統,はこだてしでんにけいとう,NULL,23,102,#FF0000,NULL,0,NULL
99106,363,函館市電５系統,はこだてしでんごけいとう,NULL,23,102,#0000FF,NULL,0,NULL
99108,626,道南いさりび鉄道線,どうなんいさりびてつどう,NULL,12,248,#246DAC,NULL,0,NULL
99201,364,津軽鉄道,つがるてつどう,津軽鉄道線,12,104,NULL,NULL,0,NULL
99202,365,弘南鉄道弘南線,こうなんてつどうこうなんせん,NULL,13,105,NULL,NULL,0,NULL
99203,366,弘南鉄道大鰐線,こうなんてつどうおおわにせん,NULL,14,105,NULL,NULL,0,NULL
99204,367,十和田観光電鉄,とわだかんこうでんてつ,NULL,11,106,NULL,NULL,1,2012-04-01
99205,368,いわて銀河鉄道,いわてぎんがてつどう,いわて銀河鉄道線,18,107,#03459A,NULL,0,NULL
99206,369,青い森鉄道,あおいもりてつどう,青い森鉄道線,27,108,#33CBF4,NULL,0,NULL
99207,370,三陸鉄道北リアス線,さんりくてつどうきたりあすせん,NULL,17,109,NULL,NULL,1,2019-03-23
99208,627,三陸鉄道リアス線,さんりくてつどうりあすせん,NULL,41,109,#FF0000,NULL,0,NULL
99209,372,秋田内陸縦貫鉄道,あきたないりくじゅうかんてつどう,秋田内陸縦貫鉄道秋田内陸線,29,110,NULL,NULL,0,NULL
99210,373,由利高原鉄道,ゆりこうげんてつどう,由利高原鉄道鳥海山ろく線,12,111,NULL,NULL,0,NULL
99211,374,山形鉄道フラワー長井線,やまがたてつどうふらわーながいせん,NULL,17,112,NULL,NULL,0,NULL
99213,375,阿武隈急行,あぶくまきゅうこう,阿武隈急行線,24,114,NULL,NULL,0,NULL
99214,376,仙台市営地下鉄南北線,せんだいしえいちかてつなんぼくせん,NULL,17,115,#009900,N,0,NULL
99218,624,仙台市営地下鉄東西線,せんだいしえいちかてつとうざいせん,NULL,13,115,#90D7EC,T,0,NULL
99215,377,福島交通飯坂線,ふくしまこうつういいざかせん,NULL,12,116,NULL,NULL,0,NULL
99216,378,会津鉄道,あいづてつどう,会津鉄道会津線,21,117,NULL,NULL,0,NULL
99217,379,仙台空港線,せんだいくうこうせん,仙台空港鉄道仙台空港線,4,118,#2A5CAA,NULL,0,NULL
99301,380,都営大江戸線,とえいおおえどせん,NULL,38,119,#B6007A,E,0,NULL
99302,381,都営浅草線,とえいあさくさせん,NULL,20,119,#E85298,A,0,NULL
99303,382,都営三田線,とえいみたせん,NULL,27,119,#0000FF,I,0,NULL
99304,383,都営新宿線,とえいしんじゅくせん,NULL,21,119,#6CBB5A,S,0,NULL
99305,384,都営都電荒川線,とえいとでんあらかわせん,NULL,30,119,NULL,NULL,0,NULL
99342,420,日暮里・舎人ライナー,にっぽり・とねりらいなー,NULL,13,119,#FF69B4,NT,0,NULL
99306,385,秩父鉄道,ちちぶてつどう,秩父鉄道秩父本線,37,120,NULL,NULL,0,NULL
99307,386,埼玉高速鉄道,さいたまこうそくてつどう,埼玉高速鉄道線,8,121,#4682B4,SR,0,NULL
99308,387,いすみ鉄道,いすみてつどう,いすみ鉄道いすみ線,14,122,NULL,NULL,0,NULL
99309,388,つくばエクスプレス,つくばえくすぷれす,首都圏新都市鉄道つくばエクスプレス,20,123,#FF3540,NULL,0,NULL
99310,389,みなとみらい線,みなとみらいせん,みなとみらい21線,6,124,#09357F,MM,0,NULL
99311,390,ゆりかもめ,ゆりかもめ,ゆりかもめ東京臨海新交通臨海線,16,125,#27404E,U,0,NULL
99312,391,わたらせ渓谷鐵道,わたらせけいこくてつどう,わたらせ渓谷鐵道わたらせ渓谷線,17,126,NULL,WK,0,NULL
99313,392,ユーカリが丘線,ゆーかりがおかせん,山万ユーカリが丘線,6,127,NULL,NULL,0,NULL
99314,393,伊豆箱根鉄道大雄山線,いずはこねてつどうだいゆうざんせん,NULL,12,128,#000000,ID,0,NULL
99315,394,ひたちなか海浜鉄道湊線,ひたちなかかいひんてつどうみなとせん,NULL,11,129,NULL,NULL,0,NULL
99316,395,横浜市営地下鉄ブルーライン,よこはましえいちかてつぶるーらいん,横浜市高速鉄道1号線・3号線,32,130,#006BF0,B,0,NULL
99343,421,横浜市営地下鉄グリーンライン,よこはましえいちかてつぐりーんらいん,横浜市高速鉄道4号線,10,130,#40CC40,G,0,NULL
99317,396,金沢シーサイドライン,かなざわしーさいどらいん,NULL,14,131,#F68B1E,NULL,0,NULL
99318,397,関東鉄道常総線,かんとうてつどうじょうそうせん,NULL,25,132,NULL,NULL,0,NULL
99319,398,関東鉄道竜ヶ崎線,かんとうてつどうりゅうがさきせん,NULL,3,132,NULL,NULL,0,NULL
99320,399,江ノ島電鉄線,えのしまでんてつせん,NULL,15,133,#005B1A,EN,0,NULL
99321,400,埼玉新都市交通伊奈線,さいたましんとしこうつういなせん,NULL,13,134,#FFFF00,NULL,0,NULL
99323,401,鹿島臨海鉄道大洗鹿島線,かしまりんかいてつどうおおあらいかしません,NULL,16,136,NULL,NULL,0,NULL
99324,402,芝山鉄道,しばやまてつどう,芝山鉄道線,2,137,#00A650,SR,0,NULL
99325,403,小湊鉄道,こみなとてつどう,小湊鉄道線,18,138,NULL,NULL,0,NULL
99326,404,湘南モノレール,しょうなんものれーる,NULL,8,139,NULL,NULL,0,NULL
99327,405,上信電鉄,じょうしんでんてつ,NULL,21,140,NULL,NULL,0,NULL
99328,406,上毛電気鉄道,じょうもうでんきてつどう,上毛電気鉄道上毛線,23,141,NULL,NULL,0,NULL
99330,408,真岡鐵道,もおかてつどう,真岡鐵道真岡線,17,143,NULL,NULL,0,NULL
99331,409,千葉都市モノレール１号線,ちばとしものれーるいちごうせん,NULL,6,144,#2843BA,NULL,0,NULL
99332,410,千葉都市モノレール２号線,ちばとしものれーるにごうせん,NULL,13,144,#2843BA,NULL,0,NULL
99333,411,流鉄流山線,りゅうてつながれやません,NULL,6,145,NULL,RN,0,NULL
99334,412,多摩モノレール,たまものれーる,多摩都市モノレール線,19,146,#FF6633,TT,0,NULL
99335,413,銚子電鉄線,ちょうしでんてつせん,銚子電気鉄道線,10,147,NULL,NULL,0,NULL
99336,414,東京モノレール,とうきょうものれーる,東京モノレール羽田空港線,11,148,#004098,MO,0,NULL
99337,415,東京臨海高速鉄道,とうきょうりんかいこうそくてつどう,東京臨海高速鉄道りんかい線,8,149,#3366CC,R,0,NULL
99338,416,東葉高速鉄道,とうようこうそくてつどう,東葉高速鉄道東葉高速線,9,150,#3FB036,TR,0,NULL
99339,417,箱根登山鉄道,はこねとざんてつどう,箱根登山鉄道鉄道線,11,151,#A14023,OH,0,NULL
99340,418,北総鉄道,ほくそうてつどう,北総鉄道北総線,15,152,#00BDF2,HS,0,NULL
99341,419,野岩鉄道会津鬼怒川線,やがんてつどうあいづきぬがわせん,NULL,9,153,NULL,NULL,0,NULL
99401,422,富士急行,ふじきゅうこう,富士急行線,18,154,NULL,FJ,0,NULL
99402,423,北越急行ほくほく線,ほくえつきゅうこうほくほくせん,NULL,12,155,#6633FF,NULL,0,NULL
99403,424,しなの鉄道,しなのてつどう,しなの鉄道線,19,156,#F0A401,NULL,0,NULL
99427,596,北しなの線,きたしなのせん,NULL,8,156,#999966,NULL,0,NULL
99404,425,上田電鉄別所線,うえだでんてつべっしょせん,NULL,15,157,NULL,NULL,0,NULL
99405,426,長野電鉄長野線,ながのでんてつながのせん,NULL,24,158,NULL,N,0,NULL
99406,427,長野電鉄屋代線,ながのでんてつやしろせん,NULL,13,158,NULL,Y,1,2012-04-01
99407,428,松本電鉄上高地線,まつもとでんてつかみこうちせん,アルピコ交通上高地線,14,159,NULL,AK,0,NULL
99408,429,富山地鉄本線,とやまちてつほんせん,NULL,41,160,#0033FF,T,0,NULL
99409,430,富山地鉄立山線,とやまちてつたてやません,NULL,14,160,#009933,T,0,NULL
99410,431,富山地鉄不二越・上滝線,とやまちてつふじこし・かみだきせん,NULL,16,160,#F77321,T,0,NULL
99412,432,黒部峡谷鉄道,くろべきょうこくてつどう,黒部峡谷鉄道本線,4,162,NULL,NULL,0,NULL
99413,433,富山地鉄市内線,とやまちてつしないせん,NULL,22,160,NULL,C,0,NULL
99422,442,富山地鉄富山都心線,とやまちてつとやまとしんせん,NULL,5,160,NULL,C,0,NULL
99414,434,万葉線,まんようせん,NULL,25,163,NULL,NULL,0,NULL
99415,435,富山地鉄富山港線,とやまちてつとやまこうせん,NULL,16,160,#00008B,C,0,NULL
99416,436,北陸鉄道石川線,ほくりくてつどういしかわせん,NULL,17,165,NULL,I,0,NULL
99417,437,北陸鉄道浅野川線,ほくりくてつどうあさのがわせん,NULL,12,165,NULL,A,0,NULL
99423,598,日本海ひすいライン,にほんかいひすいらいん,NULL,13,244,#3782BD,NULL,0,NULL
99424,597,妙高はねうまライン,みょうこうはねうまらいん,NULL,10,244,#35C98E,NULL,0,NULL
99425,599,あいの風とやま鉄道線,あいのかぜとやまてつどうせん,NULL,23,245,#00A556,NULL,0,NULL
99426,600,IRいしかわ鉄道線,あいあーるいしかわてつどう,IRいしかわ鉄道株式会社,19,246,#00A7E3,NULL,0,NULL
99455,632,ハピラインふくい線,はぴらいんふくいせん,ハピラインふくい線,19,NULL,NULL,NULL,0,NULL
99418,438,のと鉄道七尾線,のとてつどうななおせん,NULL,8,166,NULL,NULL,0,NULL
99419,439,えちぜん鉄道勝山永平寺線,えちぜんてつどうかつやまえいへいじせん,NULL,23,167,#FFA500,E,0,NULL
99420,440,えちぜん鉄道三国芦原線,えちぜんてつどうみくにあわらせん,NULL,24,167,#0066FF,NULL,0,NULL
99421,441,福井鉄道福武線,ふくいてつどうふくぶせん,NULL,25,168,NULL,F,0,NULL
99501,443,伊豆急行,いずきゅうこう,伊豆急行線,16,169,#000000,IZ,0,NULL
99502,444,伊豆箱根鉄道駿豆線,いずはこねてつどうすんずせん,NULL,13,128,#000000,IS,0,NULL
99503,445,岳南線,がくなんせん,岳南鉄道線,10,170,NULL,NULL,0,NULL
99504,446,静岡鉄道静岡清水線,しずおかてつどうしずおかしみずせん,NULL,15,171,NULL,S,0,NULL
99505,447,天竜浜名湖鉄道,てんりゅうはまなこてつどう,天竜浜名湖鉄道天竜浜名湖線,39,172,NULL,NULL,0,NULL
99506,448,遠州鉄道,えんしゅうてつどう,遠州鉄道鉄道線,18,173,NULL,NULL,0,NULL
99507,449,大井川鐵道大井川本線,おおいがわてつどうおおいがわほんせん,NULL,20,174,NULL,NULL,0,NULL
99508,450,大井川鐵道井川線,おおいがわてつどういかわせん,NULL,14,174,NULL,NULL,0,NULL
99509,451,西名古屋港線(あおなみ線),にしなごやこうせん,西名古屋港線,11,175,NULL,AN,0,NULL
99510,452,JR東海交通事業城北線,じぇいあーるとうかいこうつうじぎょうじょうほくせん,NULL,6,176,NULL,NULL,0,NULL
99511,453,愛知環状鉄道,あいちかんじょうてつどう,愛知環状鉄道線,23,177,#200098,NULL,0,NULL
99512,454,東部丘陵線(リニモ),とうぶきゅうりょうせん,東部丘陵線,9,178,#164CA2,L,0,NULL
99513,455,名古屋市営地下鉄東山線,なごやしえいちかてつひがしやません,NULL,22,179,#FFB700,H,0,NULL
99514,456,名古屋市営地下鉄名城線,なごやしえいちかてつめいじょうせん,NULL,28,179,#977AD4,M,0,NULL
99515,457,名古屋市営地下鉄名港線,なごやしえいちかてつめいこうせん,NULL,7,179,#977AD4,E,0,NULL
99516,458,名古屋市営地下鉄鶴舞線,なごやしえいちかてつつるまいせん,NULL,20,179,#009CBE,T,0,NULL
99517,459,名古屋市営地下鉄桜通線,なごやしえいちかてつさくらどおりせん,NULL,21,179,#C4392F,S,0,NULL
99518,460,名古屋市営地下鉄上飯田線,なごやしえいちかてつかみいいだせん,NULL,2,179,#E979B9,K,0,NULL
99520,461,豊橋鉄道渥美線,とよはしてつどうあつみせん,NULL,16,181,NULL,NULL,0,NULL
99521,462,豊橋鉄道東田本線,とよはしてつどうあずまだほんせん,NULL,14,181,NULL,NULL,0,NULL
99522,463,豊橋鉄道運動公園前線,とよはしてつどううんどうこうえんまえせん,NULL,2,181,NULL,NULL,0,NULL
99523,464,ゆとりーとライン,ゆとりーとらいん,ガイドウェイバス志段味線,9,182,#3C459A,Y,0,NULL
99524,465,明知鉄道,あけちてつどう,明知鉄道明知線,11,183,NULL,NULL,0,NULL
99525,466,長良川鉄道越美南線,ながらがわてつどうえつみなんせん,NULL,38,184,NULL,NULL,0,NULL
99526,467,樽見鉄道,たるみてつどう,樽見鉄道樽見線,19,185,NULL,NULL,0,NULL
99528,468,三岐鉄道三岐線,さんぎてつどうさんぎせん,NULL,15,186,NULL,NULL,0,NULL
99529,469,三岐鉄道北勢線,さんぎてつどうほくせいせん,NULL,13,186,NULL,NULL,0,NULL
99530,470,伊勢鉄道,いせてつどう,伊勢鉄道伊勢線,10,187,NULL,NULL,0,NULL
99531,471,伊賀鉄道伊賀線,いがてつどういがせん,NULL,15,188,NULL,NULL,0,NULL
99532,472,養老鉄道養老線,ようろうてつどうようろうせん,NULL,27,189,NULL,NULL,0,NULL
99601,473,近江鉄道本線,おうみてつどうほんせん,NULL,25,190,NULL,NULL,0,NULL
99602,474,近江鉄道多賀線,おうみてつどうたがせん,NULL,3,190,#F01008,NULL,0,NULL
99603,475,近江鉄道八日市線,おうみてつどうようかいちせん,NULL,7,190,#4BC560,NULL,0,NULL
99604,476,信楽高原鐵道,しがらきこうげんてつどう,信楽高原鐵道信楽線,6,191,NULL,NULL,0,NULL
99605,477,嵯峨野観光鉄道,さがのかんこうてつどう,嵯峨野観光線,4,192,NULL,NULL,0,NULL
99606,478,叡山電鉄叡山本線,えいざんでんてつえいざんほんせん,NULL,8,193,#007F00,E,0,NULL
99607,479,叡山電鉄鞍馬線,えいざんでんてつくらません,NULL,10,193,#FF0000,E,0,NULL
99608,601,京都丹後鉄道宮福線,きょうとたんごてつどうみやふくせん,宮福線,14,194,#8CC63E,F,0,NULL
99609,603,京都丹後鉄道宮豊線,きょうとたんごてつどうみやとよせん,宮豊線,13,194,#F15A22,T,0,NULL
99653,602,京都丹後鉄道宮舞線,きょうとたんごてつどうみやまいせん,宮舞線,7,194,#0072BC,M,0,NULL
99610,482,京都市営地下鉄烏丸線,きょうとしえいちかてつからすません,NULL,15,195,#3CB371,K,0,NULL
99611,483,京都市営地下鉄東西線,きょうとしえいちかてつとうざいせん,NULL,17,195,#FF4500,T,0,NULL
99612,484,京福電鉄嵐山本線,けいふくでんてつあらしやまほんせん,NULL,13,196,#D7003A,A,0,NULL
99613,485,京福電鉄北野線,けいふくでんてつきたのせん,NULL,10,196,#5654A2,B,0,NULL
99614,486,北大阪急行線,きたおおさかきゅうこうせん,NULL,6,197,#E5171F,M,0,NULL
99617,489,水間鉄道,みずまてつどう,水間鉄道水間線,10,199,NULL,NULL,0,NULL
99618,490,OsakaMetro御堂筋線,おおさかめとろみどうすじせん,高速電気軌道第1号線,20,249,#E5171F,M,0,NULL
99619,491,OsakaMetro谷町線,おおさかめとろたにまちせん,高速電気軌道第2号線,26,249,#522886,T,0,NULL
99620,492,OsakaMetro四つ橋線,おおさかめとろよつばしせん,高速電気軌道第3号線,11,249,#0078BA,Y,0,NULL
99621,493,OsakaMetro中央線,おおさかめとろちゅうおうせん,高速電気軌道第4号線,15,249,#019A66,C,0,NULL
99622,494,OsakaMetro千日前線,おおさかめとろせんにちまえせん,高速電気軌道第5号線,14,249,#E44D93,S,0,NULL
99623,495,OsakaMetro堺筋線,おおさかめとろさかいすじせん,高速電気軌道第6号線,10,249,#814721,K,0,NULL
99624,496,OsakaMetro長堀鶴見緑地線,おおさかめとろながほりつるみりょくちせん,高速電気軌道第7号線,17,249,#A9CC51,N,0,NULL
99652,521,OsakaMetro今里筋線,おおさかめとろいまざとすじせん,高速電気軌道第8号線,11,249,#EE7B1A,I,0,NULL
99625,497,OsakaMetro南港ポートタウン線,おおさかめとろなんこうぽーとたうんせん,大阪市高速電気軌道南港ポートタウン線,10,249,#00A0DE,P,0,NULL
99626,498,大阪モノレール線,おおさかものれーるせん,NULL,14,201,#111986,NULL,0,NULL
99627,499,大阪モノレール彩都線,おおさかものれーるさいとせん,国際文化公園都市線,5,201,#111986,NULL,0,NULL
99628,500,阪堺電軌上町線,はんかいでんきうえまちせん,NULL,11,202,NULL,HN,0,NULL
99629,501,阪堺電軌阪堺線,はんかいでんきはんかいせん,NULL,31,202,NULL,HN,0,NULL
99630,502,神戸高速東西線,こうべこうそくとうざいせん,NULL,9,203,NULL,NULL,0,NULL
99631,503,神戸高速南北線,こうべこうそくなんぼくせん,NULL,2,203,#DD0033,KB,0,NULL
99632,504,神鉄有馬線,しんてつありません,NULL,15,204,#FF0000,KB,0,NULL
99633,505,神鉄三田線,しんてつさんだせん,NULL,10,204,#008000,KB,0,NULL
99634,506,神鉄公園都市線,しんてつこうえんとしせん,NULL,6,204,#CCCC33,KB,0,NULL
99635,507,神鉄粟生線,しんてつあおせん,NULL,20,204,#0000FF,KB,0,NULL
99636,508,神戸市営地下鉄北神線,こうべしえいちかてつほくしんせん,NULL,2,211,#01AF98,S,0,NULL
99637,509,山陽電鉄本線,さんようでんてつほんせん,NULL,43,206,#FA2B08,SY,0,NULL
99638,510,山陽電鉄網干線,さんようでんてつあぼしせん,NULL,7,206,#FA2B08,SY,0,NULL
99615,487,能勢電鉄妙見線,のせでんてつみょうけんせん,NULL,14,207,#800000,NS,0,NULL
99640,511,能勢電鉄日生線,のせでんてつにっせいせん,NULL,2,207,#800000,NS,0,NULL
99642,611,三木線,みきせん,三木鉄道三木線,9,208,NULL,NULL,1,2008-04-01
99643,512,北条鉄道,ほくじょうてつどう,北条鉄道北条線,8,209,NULL,NULL,0,NULL
99644,513,智頭急行,ちずきゅうこう,智頭急行智頭線,14,210,NULL,NULL,0,NULL
99645,514,神戸市営地下鉄西神線,こうべしえいちかてつせいしんせん,NULL,9,211,#01AF98,S,0,NULL
99646,515,神戸市営地下鉄山手線,こうべしえいちかてつやまてせん,NULL,8,211,#01AF98,S,0,NULL
99647,516,神戸市営地下鉄海岸線(夢かもめ),こうべしえいちかてつかいがんせん,神戸市営地下鉄海岸線,10,211,#00469C,K,0,NULL
99648,517,神戸新交通ポートアイランド線,こうべしんこうつうぽーとあいらんどせん,NULL,12,212,NULL,NULL,0,NULL
99649,518,神戸新交通六甲アイランド線,こうべしんこうつうろっこうあいらんどせん,NULL,6,212,NULL,R,0,NULL
99650,519,紀州鉄道,きしゅうてつどう,紀州鉄道線,5,213,NULL,NULL,0,NULL
99651,520,わかやま電鉄貴志川線,わかやまでんてつきしがわせん,和歌山電鐵貴志川線,14,214,NULL,NULL,0,NULL
99701,522,若桜鉄道,わかさてつどう,若桜鉄道若桜線,9,215,NULL,NULL,0,NULL
99702,523,一畑電車北松江線,いちばたでんしゃきたまつえせん,NULL,22,216,NULL,NULL,0,NULL
99703,524,一畑電車大社線,いちばたでんしゃたいしゃせん,NULL,5,216,NULL,NULL,0,NULL
99704,525,水島臨海鉄道,みずしまりんかいてつどう,水島臨海鉄道水島本線,10,217,NULL,MR,0,NULL
99705,526,井原鉄道,いばらてつどう,井原鉄道井原線,15,218,NULL,NULL,0,NULL
99706,527,岡山電軌東山本線,おかやまでんきひがしやません,NULL,10,219,#0000FF,NULL,0,NULL
99707,528,岡山電軌清輝橋線,おかやまでんきせいきばしせん,NULL,9,219,#942B9D,NULL,0,NULL
99708,529,スカイレールサービス,すかいれーるさーびす,広島短距離交通瀬野線,3,220,NULL,NULL,1,2024-05-01
99709,530,アストラムライン,あすとらむらいん,広島高速交通広島新交通1号線,22,221,#FFD400,NULL,0,NULL
99710,531,広電１系統(宇品線),ひろでんいちけいとう(うじなせん),広電１号線(宇品線),27,222,NULL,NULL,0,NULL
99711,532,広電２系統(宮島線),ひろでんにけいとう(みやじません),広電２号線(宮島線),41,222,#EE0000,NULL,0,NULL
99712,533,広電３系統(己斐線),ひろでんさんけいとう(こいせん),広電３号線,18,222,#000080,NULL,0,NULL
99713,534,広電５系統(比治山線),ひろでんごけいとう(ひじやません),広電５号線(皆実線),20,222,#00CC00,NULL,0,NULL
99714,535,広電６系統(江波線),ひろでんろくけいとう(えばせん),広電６号線(江波線),20,222,#FFD700,NULL,0,NULL
99715,536,広電７系統(都心線),ひろでんななけいとう(としんせん),広電７号線,26,222,#00594C,NULL,0,NULL
99716,537,広電８系統(横川線),ひろでんはちけいとう(よこがわせん),広電８号線(横川線),12,222,#FF69B4,NULL,0,NULL
99717,538,広電９系統(白島線),ひろでんきゅうけいとう(はくしません),広電９号線(白島線),5,222,#696969,W,0,NULL
99718,539,錦川鉄道錦川清流線,にしきがわてつどうにしきがわせいりゅうせん,NULL,13,223,NULL,NULL,0,NULL
99801,540,阿佐海岸鉄道阿佐東線,あさかいがんてつどうあさとうせん,NULL,4,224,NULL,AK,0,NULL
99802,541,琴電琴平線,ことでんことひらせん,NULL,23,225,#FFCC33,K,0,NULL
99803,542,琴電長尾線,ことでんながおせん,NULL,18,225,#66CC66,N,0,NULL
99804,543,琴電志度線,ことでんしどせん,NULL,16,225,#FF3366,S,0,NULL
99805,544,伊予鉄道郡中線,いよてつどうぐんちゅうせん,NULL,12,226,#F15A22,IY,0,NULL
99806,545,伊予鉄道高浜線,いよてつどうたかはません,NULL,10,226,#9ACD32,IY,0,NULL
99807,546,伊予鉄道横河原線,いよてつどうよこがわらせん,NULL,15,226,#00BBEE,IY,0,NULL
99808,547,伊予鉄道１系統(環状線),いよてつどういちけいとう(かんじょうせん),伊予鉄道１系統,21,226,#006600,NULL,0,NULL
99809,548,伊予鉄道２系統(環状線),いよてつどうにけいとう(かんじょうせん),伊予鉄道２系統,21,226,#FF6600,NULL,0,NULL
99810,549,伊予鉄道３系統(市駅線),いよてつどうさんけいとう(しえきせん),伊予鉄道３系統,11,226,#FF0000,NULL,0,NULL
99811,550,伊予鉄道５系統(松山駅前線),いよてつどうごけいとう(まつやまえきまえせん),伊予鉄道５系統,13,226,#0000FF,NULL,0,NULL
99812,551,伊予鉄道６系統(本町線),いよてつどうろくけいとう(ほんまちせん),伊予鉄道６系統,7,226,#000000,NULL,0,NULL
99814,552,土佐くろしお鉄道中村線,とさくろしおてつどうなかむらせん,NULL,15,227,NULL,TK,0,NULL
99815,553,土佐くろしお鉄道宿毛線,とさくろしおてつどうすくもせん,NULL,8,227,NULL,TK,0,NULL
99816,554,土佐くろしお鉄道ごめん・なはり線,とさくろしおてつどうごめん・なはりせん,NULL,21,227,#0000FF,GN,0,NULL
99817,555,とさでん交通後免線,とさでんこうつうごめんせん,土佐電鉄ごめん線,33,228,NULL,NULL,0,NULL
99818,556,とさでん交通伊野線,とさでんこうつういのせん,土佐電鉄伊野線,34,228,NULL,NULL,0,NULL
99819,557,とさでん交通桟橋線,とさでんこうつうさんばしせん,土佐電鉄桟橋線,11,228,NULL,NULL,0,NULL
99901,558,甘木鉄道,あまぎてつどう,NULL,11,229,NULL,NULL,0,NULL
99902,559,平成筑豊鉄道伊田線,へいせいちくほうてつどういたせん,NULL,15,230,NULL,NULL,0,NULL
99903,560,平成筑豊鉄道糸田線,へいせいちくほうてつどういとだせん,NULL,6,230,NULL,NULL,0,NULL
99904,561,平成筑豊鉄道田川線,へいせいちくほうてつどうたがわせん,NULL,17,230,NULL,NULL,0,NULL
99928,584,平成筑豊鉄道門司港レトロ観光線,へいせいちくほうてつどうもじこうれとろかんこうせん,NULL,4,230,NULL,NULL,0,NULL
99905,562,福岡市営地下鉄空港線,ふくおかしえいちかてつくうこうせん,NULL,13,231,#EE5511,K,0,NULL
99906,563,福岡市営地下鉄箱崎線,ふくおかしえいちかてつはこざきせん,NULL,7,231,#0077CC,H,0,NULL
99907,564,福岡市営地下鉄七隈線,ふくおかしえいちかてつななくません,NULL,18,231,#00AA44,N,0,NULL
99908,565,北九州高速鉄道,きたきゅうしゅうこうそくてつどう,NULL,13,232,NULL,NULL,0,NULL
99909,566,筑豊電気鉄道,ちくほうでんきてつどう,筑豊電気鉄道線,21,233,#E30075,CK,0,NULL
99910,567,松浦鉄道西九州線(有田～伊万里),まつうらてうどう,NULL,11,234,NULL,NULL,0,NULL
99911,568,松浦鉄道西九州線(伊万里～佐世保),まつうらてつどう,NULL,47,234,NULL,NULL,0,NULL
99912,569,島原鉄道,しまばらてつどう,島原鉄道線,24,235,NULL,NULL,0,NULL
99913,570,長崎電軌１系統,ながさきでんきいちけいとう,NULL,26,236,#0000FF,NULL,0,NULL
99914,571,長崎電軌３系統,ながさきでんきにけいとう,NULL,24,236,#FF0000,NULL,0,NULL
99915,572,長崎電軌４系統,ながさきでんきよんけいとう,NULL,10,236,#FFCC00,NULL,0,NULL
99916,573,長崎電軌５系統,ながさきでんきごけいとう,NULL,13,236,#005A52,NULL,0,NULL
99917,574,熊本電鉄本線,くまもとでんてつほんせん,NULL,13,237,NULL,NULL,0,NULL
99918,575,熊本電鉄上熊本線,くまもとでんてつかみくまもとせん,NULL,6,237,NULL,NULL,0,NULL
99919,576,南阿蘇鉄道高森線,みなみあそてつどうたかもりせん,NULL,10,238,NULL,NULL,0,NULL
99920,577,くま川鉄道湯前線,くまがわてつどうゆのまえせん,NULL,14,239,NULL,NULL,0,NULL
99921,578,肥薩おれんじ鉄道,ひさつおれんじてつどう,肥薩おれんじ鉄道線,28,240,NULL,NULL,0,NULL
99922,579,熊本市電Ａ系統,くまもとしでんえーけいとう,NULL,26,241,NULL,NULL,0,NULL
99923,580,熊本市電Ｂ系統,くまもとしでんびーけいとう,NULL,28,241,NULL,NULL,0,NULL
99925,581,鹿児島市電１系統,かごしましでんいちけいとう,NULL,24,242,#4243BE,I,0,NULL
99926,582,鹿児島市電２系統,かごしましでんにけいとう,NULL,20,242,#EF1731,N,0,NULL
99927,583,ゆいレール,ゆいれーる,沖縄都市モノレール線,19,243,#E70F3F,NULL,0,NULL
99220,594,南部縦貫鉄道線,なんぶじゅうかんてつどうせん,NULL,11,300,NULL,NULL,1,2002-08-01
99221,620,横荘線,おうしょうせん,羽後交通横荘線,2,301,NULL,NULL,1,1971-07-20
99222,621,雄勝線,おがちせん,羽後交通雄勝線,2,301,NULL,NULL,1,1973-04-01
99347,622,鹿島臨海鉄道鹿島臨港線,かしまりんかいてつどうかしまりんこうせん,NULL,2,136,NULL,NULL,1,1983-12-01
99348,608,京王御陵線,けいおうごりょうせん,NULL,2,14,NULL,NULL,1,1964-11-26
99349,623,鉄道院中央本線,てつどういんちゅうおうほんせん,NULL,1,NULL,NULL,NULL,1,NULL
99350,607,湘南軌道,しょうなんきどう,NULL,8,NULL,NULL,NULL,1,1937-08-25
99428,610,福井鉄道鯖浦線,ふくいてつどうせいほせん,NULL,12,168,NULL,NULL,1,1973-09-29
99656,612,北丹鉄道,ほくたんてつどう,NULL,8,302,NULL,NULL,1,1974-02-28
10701,614,倉吉線,くらよしせん,国鉄倉吉線,9,0,NULL,NULL,1,1985-04-01
99719,613,下津井電鉄,しもついでんてつ,NULL,15,303,NULL,NULL,1,1991-01-01
10801,615,鍛冶屋原線,かじやばらせん,国鉄鍛冶屋原線,5,0,NULL,NULL,1,1972-01-16
99813,618,伊予鉄道森松線,いよてつどうもりまつせん,NULL,3,226,NULL,NULL,1,1965-12-01
10901,616,勝田線,かつたせん,国鉄勝田線,7,0,NULL,NULL,1,1985-04-01
10902,617,宮之城線,みやのじょうせん,国鉄宮之城線,20,0,NULL,NULL,1,1987-01-10
99929,619,嘉手納線,かでなせん,沖縄県営鉄道嘉手納線,3,304,NULL,NULL,1,NULL
99345,592,ディズニーリゾートライン線,でぃずにーりぞーとらいんせん,舞浜リゾートラインディズニーリゾートライン線,4,305,NULL,NULL,0,NULL
31028,310,近鉄内部線,きんてつうつべせん,NULL,8,21,NULL,NULL,0,NULL
31029,311,近鉄八王子線,きんてつはちおうじせん,NULL,4,21,NULL,NULL,0,NULL
99654,481,北近畿タンゴ鉄道宮津線,きたきんきたんごてつどうみやづせん,NULL,19,306,NULL,NULL,0,NULL
99655,480,北近畿タンゴ鉄道宮福線,きたきんきたんごてつどうみやふくせん,NULL,14,306,NULL,NULL,0,NULL
99346,593,上野懸垂線(上野動物園モノレール),うえのけんすいせん(うえのどうぶつえんものれーる),上野懸垂線,2,119,NULL,NULL,1,2023-12-27
99344,631,宇都宮芳賀ライトレール線,うつのみやはがらいとれーるせん,NULL,19,NULL,NULL,NULL,0,NULL
11232,606,JR仙石東北ライン,じぇいあーるせんせきとうほくらいん,NULL,14,2,NULL,NULL,0,NULL
99219,371,三陸鉄道南リアス線,さんりくてつどうみなみりあすせん,NULL,10,109,#008DD1,NULL,1,2019-03-23
