{
  "type":"FeatureCollection",
  "features":[
    {
      "type":"Feature",
      "geometry":{
        "type":"LineString",
        "coordinates":[[134.56949,34.0103],[134.57074,34.01067],[134.57926,34.01376],[134.58001,34.01386],[134.58087,34.01392],[134.58152,34.01391],[134.58211,34.01378],[134.58259,34.01366],[134.58332,34.01322],[134.587,34.01082],[134.58726,34.01064],[134.58814,34.01011]]
      },
      "properties":{
        "start":"中田",
        "end":"小松島"
      }
    }
  ],
  "properties":{
    "name":"小松島線",
    "north":34.01392,
    "south":34.01011,
    "east":134.58814,
    "west":134.56949
  }
}