{
  "type":"FeatureCollection",
  "features":[
    {
      "type":"Feature",
      "geometry":{
        "type":"LineString",
        "coordinates":[[130.40957,33.59787],[130.40974,33.59774],[130.40998,33.59756],[130.41206,33.59595],[130.41316,33.59504],[130.41492,33.59371],[130.41516,33.59355],[130.41536,33.59344],[130.41555,33.59339],[130.41614,33.59293]]
      },
      "properties":{
        "start":"呉服町",
        "end":"祇園町"
      }
    }
  ],
  "properties":{
    "name":"西鉄福岡市内線(呉服町線)",
    "north":33.59787,
    "south":33.59293,
    "east":130.41614,
    "west":130.40957
  }
}