{
  "code":1004,
  "id":588,
  "name":"東北新幹線",
  "name_kana":"とうほくしんかんせん",
  "station_size":23,
  "company_code":2,
  "closed":false,
  "color":"#008000",
  "station_list":[
    {"code":100201,"id":1258,"name":"東京","original_name":"東京","name_kana":"とうきょう","closed":false,"lat":35.681391,"lng":139.766103,"prefecture":13,"lines":[1002,1004,1005,11301,11302,11308,11311,11312,11314,11326,11328,11332,11343,28002],"attr":"heat","postal_code":"100-0005","address":"東京都千代田区丸の内一丁目","open_date":"1914-12-20","voronoi":{"type":"Feature","geometry":{"type":"Polygon","coordinates":[[[139.766725,35.677891],[139.769904,35.680711],[139.769608,35.683913],[139.763811,35.684021],[139.76422,35.678699],[139.766421,35.67785],[139.766725,35.677891]]]},"properties":{}},"extra":false},
    {"code":100402,"id":1298,"name":"上野","original_name":"上野","name_kana":"うえの","closed":false,"lat":35.71379,"lng":139.777043,"prefecture":13,"lines":[1004,1005,11302,11319,11320,11323,11332,11343,28001,28003],"attr":"heat","postal_code":"110-0005","address":"東京都台東区上野七丁目1-1","open_date":"1883-07-28","voronoi":{"type":"Feature","geometry":{"type":"Polygon","coordinates":[[[139.780049,35.717319],[139.777239,35.717674],[139.773657,35.715036],[139.773597,35.714832],[139.776972,35.710251],[139.777212,35.710141],[139.778651,35.709958],[139.78133,35.715866],[139.780049,35.717319]]]},"properties":{}},"extra":false},
    {"code":100403,"id":1591,"name":"大宮(埼玉)","original_name":"大宮","name_kana":"おおみや","closed":false,"lat":35.906439,"lng":139.62405,"prefecture":11,"lines":[1004,1005,11319,11321,11322,11323,11332,11333,21004,99321],"attr":"heat","postal_code":"330-0853","address":"さいたま市大宮区錦町","voronoi":{"type":"Feature","geometry":{"type":"Polygon","coordinates":[[[139.626974,35.898754],[139.602983,35.891948],[139.59364,35.891205],[139.597842,35.902919],[139.618328,35.912182],[139.636384,35.911043],[139.640439,35.908968],[139.626974,35.898754]]]},"properties":{}},"extra":false},
    {"code":100404,"id":1603,"name":"小山","original_name":"小山","name_kana":"おやま","closed":false,"lat":36.312747,"lng":139.806241,"prefecture":9,"lines":[1004,11319,11339,11341],"attr":"heat","postal_code":"323-0025","address":"小山市城山町","voronoi":{"type":"Feature","geometry":{"type":"Polygon","coordinates":[[[139.81747,36.347539],[139.756646,36.307577],[139.817412,36.25749],[139.837283,36.335979],[139.81747,36.347539]]]},"properties":{}},"extra":false},
    {"code":100405,"id":1608,"name":"宇都宮","original_name":"宇都宮","name_kana":"うつのみや","closed":false,"lat":36.559246,"lng":139.898389,"prefecture":9,"lines":[1004,11319,11340],"attr":"heat","postal_code":"321-0965","address":"宇都宮市川向町","voronoi":{"type":"Feature","geometry":{"type":"Polygon","coordinates":[[[139.889303,36.544521],[139.896102,36.532927],[139.897622,36.540991],[139.90207,36.60151],[139.889809,36.615987],[139.889303,36.544521]]]},"properties":{}},"extra":false},
    {"code":100406,"id":1617,"name":"那須塩原","original_name":"那須塩原","name_kana":"なすしおばら","closed":false,"lat":36.931956,"lng":140.020694,"prefecture":9,"lines":[1004,11319],"attr":"eco","postal_code":"329-3153","address":"那須塩原市大原間","voronoi":{"type":"Feature","geometry":{"type":"Polygon","coordinates":[[[139.922649,37.072971],[139.912061,37.066496],[139.898492,37.05707],[139.894959,37.04802],[139.880217,36.995572],[139.990047,36.917439],[140.021753,36.902735],[140.028252,36.902326],[140.070268,36.918913],[140.070918,36.919505],[139.922649,37.072971]]]},"properties":{}},"extra":false},
    {"code":100407,"id":1192,"name":"新白河","original_name":"新白河","name_kana":"しんしらかわ","closed":false,"lat":37.12331,"lng":140.188969,"prefecture":7,"lines":[1004,11231],"attr":"heat","postal_code":"961-8061","address":"西白河郡西郷村小田倉","voronoi":{"type":"Feature","geometry":{"type":"Polygon","coordinates":[[[140.155593,37.304138],[140.110111,37.300965],[140.076088,37.257434],[140.025732,37.161857],[140.026131,37.161582],[140.106398,37.121736],[140.206702,37.105748],[140.155593,37.304138]]]},"properties":{}},"extra":false},
    {"code":100408,"id":1028,"name":"郡山(福島)","original_name":"郡山","name_kana":"こおりやま","closed":false,"lat":37.398187,"lng":140.389363,"prefecture":7,"lines":[1004,11231,11225,11228,11338],"attr":"heat","postal_code":"963-8003","address":"郡山市燧田","voronoi":{"type":"Feature","geometry":{"type":"Polygon","coordinates":[[[140.393703,37.4224],[140.356398,37.38885],[140.40299,37.365768],[140.426676,37.371784],[140.406052,37.422664],[140.393703,37.4224]]]},"properties":{}},"extra":false},
    {"code":100409,"id":852,"name":"福島(福島)","original_name":"福島","name_kana":"ふくしま","closed":false,"lat":37.754123,"lng":140.45968,"prefecture":7,"lines":[1004,11231,11216,99213,99215],"attr":"heat","postal_code":"960-8031","address":"福島市栄町","voronoi":{"type":"Feature","geometry":{"type":"Polygon","coordinates":[[[140.529673,37.730394],[140.436325,37.741446],[140.441067,37.754985],[140.446198,37.756742],[140.501679,37.758667],[140.510809,37.752683],[140.527108,37.739585],[140.532576,37.732768],[140.529673,37.730394]]]},"properties":{}},"extra":false},
    {"code":100410,"id":9140,"name":"白石蔵王","original_name":"白石蔵王","name_kana":"しろいしざおう","closed":false,"lat":37.9955,"lng":140.633,"prefecture":4,"lines":[1004],"attr":"eco","postal_code":"989-0213","address":"宮城県白石市大鷹沢三沢桜田１１−１","voronoi":{"type":"Feature","geometry":{"type":"Polygon","coordinates":[[[140.645982,38.013414],[140.598982,37.973655],[140.651613,37.949478],[140.688314,37.973075],[140.670098,38.00234],[140.645982,38.013414]]]},"properties":{}},"extra":false},
    {"code":100411,"id":886,"name":"仙台(JR)","original_name":"仙台","name_kana":"せんだい","closed":false,"lat":38.260027,"lng":140.882158,"prefecture":4,"lines":[1004,11231,11217,11222,11230,11232],"attr":"eco","postal_code":"980-0021","address":"仙台市青葉区中央一丁目1-1","voronoi":{"type":"Feature","geometry":{"type":"Polygon","coordinates":[[[140.880867,38.26307],[140.881781,38.267681],[140.882473,38.26919],[140.888827,38.267471],[140.888821,38.267419],[140.882171,38.255862],[140.881268,38.255989],[140.880867,38.26307]]]},"properties":{}},"extra":false},
    {"code":100412,"id":942,"name":"古川","original_name":"古川","name_kana":"ふるかわ","closed":false,"lat":38.571192,"lng":140.967876,"prefecture":4,"lines":[1004,11221],"attr":"eco","postal_code":"989-6162","address":"大崎市古川駅前大通り１丁目","voronoi":{"type":"Feature","geometry":{"type":"Polygon","coordinates":[[[140.997609,38.641075],[140.961776,38.453739],[140.952771,38.448707],[140.947341,38.44833],[140.955118,38.635065],[140.955947,38.636771],[140.978437,38.666699],[140.997006,38.643266],[140.997609,38.641075]]]},"properties":{}},"extra":false},
    {"code":100413,"id":9141,"name":"くりこま高原","original_name":"くりこま高原","name_kana":"くりこまこうげん","closed":false,"lat":38.7491,"lng":141.0718,"prefecture":4,"lines":[1004],"attr":"eco","postal_code":"989-5612","address":"宮城県栗原市志波姫新熊谷２８４","voronoi":{"type":"Feature","geometry":{"type":"Polygon","coordinates":[[[140.972163,38.702628],[140.989523,38.737451],[141.004673,38.758209],[141.027633,38.77016],[141.069652,38.773711],[141.090606,38.765277],[141.100556,38.756121],[141.107967,38.745925],[141.08484,38.716649],[141.004848,38.700658],[140.973889,38.699989],[140.972163,38.702628]]]},"properties":{}},"extra":false},
    {"code":100414,"id":651,"name":"一ノ関","original_name":"一ノ関","name_kana":"いちのせき","closed":false,"lat":38.926514,"lng":141.138177,"prefecture":3,"lines":[1004,11231,11208],"attr":"cool","postal_code":"021-0867","address":"一関市駅前","voronoi":{"type":"Feature","geometry":{"type":"Polygon","coordinates":[[[141.054947,38.918627],[141.146412,38.892054],[141.172267,38.948295],[141.054947,38.918627]]]},"properties":{}},"extra":false},
    {"code":100415,"id":9142,"name":"水沢江刺","original_name":"水沢江刺","name_kana":"みずさわえさし","closed":false,"lat":39.1453,"lng":141.1887,"prefecture":3,"lines":[1004],"attr":"eco","postal_code":"023-0104","address":"岩手県奥州市水沢羽田町駅前１丁目","voronoi":{"type":"Feature","geometry":{"type":"Polygon","coordinates":[[[141.298356,39.109191],[141.230785,39.071166],[141.221004,39.067127],[141.171874,39.113105],[141.160927,39.186595],[141.193865,39.232566],[141.234145,39.252567],[141.266269,39.242523],[141.274302,39.237546],[141.344274,39.154341],[141.346237,39.151673],[141.298356,39.109191]]]},"properties":{}},"extra":false},
    {"code":100416,"id":700,"name":"北上","original_name":"北上","name_kana":"きたかみ","closed":false,"lat":39.281196,"lng":141.121221,"prefecture":3,"lines":[1004,11231,11210],"attr":"eco","postal_code":"024-0061","address":"北上市大通り１丁目","voronoi":{"type":"Feature","geometry":{"type":"Polygon","coordinates":[[[141.202231,39.303627],[141.136811,39.302409],[141.090914,39.269701],[141.088664,39.263738],[141.148591,39.237187],[141.193865,39.232566],[141.234145,39.252567],[141.202231,39.303627]]]},"properties":{}},"extra":false},
    {"code":100417,"id":678,"name":"新花巻","original_name":"新花巻","name_kana":"しんはなまき","closed":false,"lat":39.405839,"lng":141.17302,"prefecture":3,"lines":[1004,11209],"attr":"cool","postal_code":"025-0011","address":"花巻市矢沢第１０地割","voronoi":{"type":"Feature","geometry":{"type":"Polygon","coordinates":[[[141.173196,39.452455],[141.177387,39.453743],[141.189714,39.360079],[141.182727,39.341579],[141.155507,39.358861],[141.157781,39.43344],[141.173196,39.452455]]]},"properties":{}},"extra":false},
    {"code":100418,"id":716,"name":"盛岡","original_name":"盛岡","name_kana":"もりおか","closed":false,"lat":39.701547,"lng":141.136599,"prefecture":3,"lines":[1004,11231,11211,11213,99205,11233],"attr":"heat","postal_code":"020-0034","address":"盛岡市盛岡駅前通","voronoi":{"type":"Feature","geometry":{"type":"Polygon","coordinates":[[[141.132787,39.717348],[141.14823,39.699684],[141.117938,39.672532],[141.106869,39.670157],[141.118531,39.706337],[141.132787,39.717348]]]},"properties":{}},"extra":false},
    {"code":100419,"id":6414,"name":"いわて沼宮内","original_name":"いわて沼宮内","name_kana":"いわてぬまくない","closed":false,"lat":39.960155,"lng":141.216955,"prefecture":3,"lines":[1004,99205,11233],"attr":"heat","postal_code":"028-4303","address":"岩手郡岩手町大字江刈内","voronoi":{"type":"Feature","geometry":{"type":"Polygon","coordinates":[[[141.146683,40.018712],[141.150135,39.969689],[141.156596,39.961332],[141.348024,39.879984],[141.398253,39.894681],[141.408755,39.899836],[141.146683,40.018712]]]},"properties":{}},"extra":false},
    {"code":100420,"id":6420,"name":"二戸","original_name":"二戸","name_kana":"にのへ","closed":false,"lat":40.25997,"lng":141.286211,"prefecture":3,"lines":[1004,99205,11233],"attr":"cool","postal_code":"028-6103","address":"二戸市石切所","voronoi":{"type":"Feature","geometry":{"type":"Polygon","coordinates":[[[141.095084,40.310315],[141.08285,40.309147],[141.109685,40.263559],[141.14204,40.216307],[141.178183,40.209497],[141.379776,40.254797],[141.095084,40.310315]]]},"properties":{}},"extra":false},
    {"code":100421,"id":467,"name":"八戸","original_name":"八戸","name_kana":"はちのへ","closed":false,"lat":40.5092,"lng":141.431499,"prefecture":2,"lines":[1004,11201,11206,99206,11233,99235],"attr":"eco","postal_code":"039-1101","address":"八戸市尻内町","voronoi":{"type":"Feature","geometry":{"type":"Polygon","coordinates":[[[141.413695,40.495763],[141.46735,40.454404],[141.46572,40.46757],[141.444782,40.526333],[141.415566,40.503029],[141.413695,40.495763]]]},"properties":{}},"extra":false},
    {"code":100422,"id":9143,"name":"七戸十和田","original_name":"七戸十和田","name_kana":"しちのへとわだ","closed":false,"lat":40.7198,"lng":141.154,"prefecture":2,"lines":[1004],"attr":"cool","postal_code":"039-2501","address":"青森県上北郡七戸町字荒熊内","voronoi":{"type":"Feature","geometry":{"type":"Polygon","coordinates":[[[141.151289,40.732206],[141.153762,40.73066],[141.15896,40.71141],[141.156888,40.706916],[140.928437,40.596779],[140.962502,40.719939],[140.968041,40.721324],[141.047103,40.731127],[141.13266,40.734671],[141.151289,40.732206]]]},"properties":{}},"extra":false},
    {"code":100423,"id":551,"name":"新青森","original_name":"新青森","name_kana":"しんあおもり","closed":false,"lat":40.82749,"lng":140.693449,"prefecture":2,"lines":[1004,1011,11202],"attr":"cool","postal_code":"038-0003","address":"青森県青森市大字石江字高間140-2","open_date":"1986-11-01","voronoi":{"type":"Feature","geometry":{"type":"Polygon","coordinates":[[[140.681582,40.781225],[140.708946,40.737025],[140.715235,40.758973],[140.715923,40.763969],[140.713627,40.844442],[140.683075,40.841368],[140.681582,40.781225]]]},"properties":{}},"extra":false}
  ],
  "extra":false
}