{
  "code":1009,
  "id":591,
  "name":"北陸新幹線",
  "name_kana":"ほくりくしんかんせん",
  "station_size":19,
  "company_code":2,
  "closed":false,
  "station_list":[
    {"code":100506,"id":1586,"name":"高崎","original_name":"高崎","name_kana":"たかさき","closed":false,"lat":36.322239,"lng":139.012354,"prefecture":10,"lines":[1005,1009,11318,11323,11337,11341,11342,99327],"attr":"eco","postal_code":"370-0849","address":"高崎市八島町","voronoi":{"type":"Feature","geometry":{"type":"Polygon","coordinates":[[[139.012673,36.334575],[138.987545,36.317453],[139.032241,36.317275],[139.034975,36.318072],[139.041385,36.328876],[139.012673,36.334575]]]},"properties":{}},"extra":false},
    {"code":100902,"id":9147,"name":"安中榛名","original_name":"安中榛名","name_kana":"あんなかはるな","closed":false,"lat":36.3624,"lng":138.8494,"prefecture":10,"lines":[1009],"attr":"heat","postal_code":"379-0102","address":"群馬県安中市東上秋間","voronoi":{"type":"Feature","geometry":{"type":"Polygon","coordinates":[[[138.829173,36.330319],[138.87406,36.330494],[138.92231,36.432458],[138.922432,36.432992],[138.91771,36.440906],[138.914781,36.444529],[138.914413,36.444809],[138.906723,36.44945],[138.888644,36.456373],[138.859906,36.464571],[138.771762,36.441713],[138.78564,36.383093],[138.813087,36.345936],[138.829173,36.330319]]]},"properties":{}},"extra":false},
    {"code":100903,"id":7118,"name":"軽井沢","original_name":"軽井沢","name_kana":"かるいざわ","closed":false,"lat":36.342889,"lng":138.635096,"prefecture":20,"lines":[1009,99403,11425],"attr":"cool","postal_code":"389-0102","address":"北佐久郡軽井沢町大字軽井沢１１７８番地","voronoi":{"type":"Feature","geometry":{"type":"Polygon","coordinates":[[[138.679941,36.241256],[138.638971,36.194351],[138.607621,36.226985],[138.604518,36.259283],[138.625369,36.445903],[138.669219,36.442781],[138.69295,36.435688],[138.679941,36.241256]]]},"properties":{}},"extra":false},
    {"code":100904,"id":1962,"name":"佐久平","original_name":"佐久平","name_kana":"さくだいら","closed":false,"lat":36.277929,"lng":138.464367,"prefecture":20,"lines":[1009,11401],"attr":"cool","postal_code":"385-0021","address":"佐久市大字長土呂１４８８番地","voronoi":{"type":"Feature","geometry":{"type":"Polygon","coordinates":[[[138.452903,36.257015],[138.461681,36.289457],[138.46886,36.296573],[138.478618,36.299895],[138.46226,36.262015],[138.452903,36.257015]]]},"properties":{}},"extra":false},
    {"code":100905,"id":7127,"name":"上田","original_name":"上田","name_kana":"うえだ","closed":false,"lat":36.396579,"lng":138.249298,"prefecture":20,"lines":[1009,99403,99404,11425],"attr":"eco","postal_code":"386-0025","address":"上田市天神１丁目１８８７番地","voronoi":{"type":"Feature","geometry":{"type":"Polygon","coordinates":[[[138.252322,36.38443],[138.245021,36.396088],[138.253578,36.39771],[138.255707,36.389623],[138.252322,36.38443]]]},"properties":{}},"extra":false},
    {"code":100906,"id":2011,"name":"長野","original_name":"長野","name_kana":"ながの","closed":false,"lat":36.643307,"lng":138.189101,"prefecture":20,"lines":[1009,11403,99427,99405,11426],"attr":"cool","postal_code":"380-0921","address":"長野市大字栗田１０３８番地","voronoi":{"type":"Feature","geometry":{"type":"Polygon","coordinates":[[[138.218585,36.634649],[138.219654,36.633011],[138.202554,36.619022],[138.185826,36.615054],[138.166776,36.654935],[138.174065,36.652864],[138.218585,36.634649]]]},"properties":{}},"extra":false},
    {"code":100907,"id":2102,"name":"飯山","original_name":"飯山","name_kana":"いいやま","closed":false,"lat":36.845691,"lng":138.358675,"prefecture":20,"lines":[1009,11407],"attr":"heat","postal_code":"389-2253","address":"飯山市大字飯山","voronoi":{"type":"Feature","geometry":{"type":"Polygon","coordinates":[[[138.336084,36.831943],[138.358082,36.833189],[138.365753,36.850504],[138.289149,36.88018],[138.283083,36.846571],[138.283427,36.845745],[138.336084,36.831943]]]},"properties":{}},"extra":false},
    {"code":100908,"id":2023,"name":"上越妙高","original_name":"上越妙高","name_kana":"じょうえつみょうこう","closed":false,"lat":37.081599,"lng":138.248231,"prefecture":15,"lines":[1009,99424,11426],"attr":"cool","postal_code":"943-0863","address":"上越市大字脇野田","voronoi":{"type":"Feature","geometry":{"type":"Polygon","coordinates":[[[138.303153,37.109134],[138.3153,37.111378],[138.31634,37.110562],[138.317246,37.109732],[138.325816,37.100213],[138.331488,37.093239],[138.186795,37.045404],[138.184246,37.045061],[138.141696,37.052215],[138.141949,37.053249],[138.303153,37.109134]]]},"properties":{}},"extra":false},
    {"code":100909,"id":2081,"name":"糸魚川","original_name":"糸魚川","name_kana":"いといがわ","closed":false,"lat":37.043631,"lng":137.861311,"prefecture":15,"lines":[1009,11405,11409,99423],"attr":"heat","postal_code":"941-0061","address":"糸魚川市大町１丁目","voronoi":{"type":"Feature","geometry":{"type":"Polygon","coordinates":[[[137.70647,37.411741],[137.743896,37.463629],[137.792432,37.338143],[137.873642,37.031771],[137.828631,37.032539],[137.70647,37.411741]]]},"properties":{}},"extra":false},
    {"code":100910,"id":9186,"name":"黒部宇奈月温泉","original_name":"黒部宇奈月温泉","name_kana":"くろべうなづきおんせん","closed":false,"lat":36.874106,"lng":137.481113,"prefecture":16,"lines":[1009],"attr":"heat","postal_code":"938-0000","address":"富山県黒部市荻生","voronoi":{"type":"Feature","geometry":{"type":"Polygon","coordinates":[[[137.475752,36.878852],[137.474713,36.903871],[137.486786,36.908572],[137.495388,36.906282],[137.491402,36.890009],[137.482766,36.871334],[137.475752,36.878852]]]},"properties":{}},"extra":false},
    {"code":100911,"id":2066,"name":"富山","original_name":"富山","name_kana":"とやま","closed":false,"lat":36.701612,"lng":137.213252,"prefecture":16,"lines":[1009,11405,11416,99425,11423],"attr":"eco","postal_code":"930-0001","address":"富山市明輪町","voronoi":{"type":"Feature","geometry":{"type":"Polygon","coordinates":[[[137.212651,36.702887],[137.213042,36.700913],[137.213471,36.700933],[137.214123,36.701627],[137.212651,36.702887]]]},"properties":{}},"extra":false},
    {"code":100912,"id":9182,"name":"新高岡","original_name":"新高岡","name_kana":"しんたかおか","closed":false,"lat":36.726965,"lng":137.012407,"prefecture":16,"lines":[1009,11417],"attr":"eco","postal_code":"933-0852","address":"富山県高岡市下黒田1872番地","open_date":"2015-03-14","voronoi":{"type":"Feature","geometry":{"type":"Polygon","coordinates":[[[136.998083,36.726206],[137.037931,36.70643],[137.034425,36.72868],[137.03219,36.730194],[137.003038,36.736171],[137.002546,36.736246],[136.998083,36.726206]]]},"properties":{}},"extra":false},
    {"code":100913,"id":2389,"name":"金沢","original_name":"金沢","name_kana":"かなざわ","closed":false,"lat":36.578117,"lng":136.648166,"prefecture":17,"lines":[1009,99426],"attr":"eco","postal_code":"920-0023","address":"金沢市北安江町","voronoi":{"type":"Feature","geometry":{"type":"Polygon","coordinates":[[[136.652677,36.568369],[136.647241,36.582565],[136.644214,36.58474],[136.64375,36.584769],[136.643948,36.580326],[136.652363,36.568388],[136.652677,36.568369]]]},"properties":{}},"extra":false},
    {"code":100914,"id":2380,"name":"小松","original_name":"小松","name_kana":"こまつ","closed":false,"lat":36.402545,"lng":136.452926,"prefecture":17,"lines":[1009,99426,99442],"attr":"cool","postal_code":"923-0921","address":"小松市土居原町","voronoi":{"type":"Feature","geometry":{"type":"Polygon","coordinates":[[[136.459523,36.41325],[136.45501,36.36983],[136.422702,36.388872],[136.38279,36.413079],[136.364389,36.439917],[136.378945,36.437919],[136.41624,36.432628],[136.459523,36.41325]]]},"properties":{}},"extra":false},
    {"code":100915,"id":2377,"name":"加賀温泉","original_name":"加賀温泉","name_kana":"かがおんせん","closed":false,"lat":36.320562,"lng":136.350337,"prefecture":17,"lines":[1009,99426],"attr":"cool","postal_code":"922-0423","address":"加賀市作見町","voronoi":{"type":"Feature","geometry":{"type":"Polygon","coordinates":[[[136.341892,36.308972],[136.352807,36.304845],[136.353569,36.30503],[136.357056,36.3068],[136.361295,36.311178],[136.365138,36.321653],[136.354462,36.335401],[136.293254,36.380051],[136.317889,36.336097],[136.341892,36.308972]]]},"properties":{}},"extra":false},
    {"code":100916,"id":2373,"name":"芦原温泉","original_name":"芦原温泉","name_kana":"あわらおんせん","closed":false,"lat":36.214542,"lng":136.235069,"prefecture":18,"lines":[1009,99455,10404,99444],"attr":"eco","postal_code":"919-0600","address":"あわら市春宮１丁目","voronoi":{"type":"Feature","geometry":{"type":"Polygon","coordinates":[[[136.21738,36.233246],[136.218938,36.209903],[136.222496,36.197886],[136.251854,36.223111],[136.220606,36.248733],[136.21738,36.233246]]]},"properties":{}},"extra":false},
    {"code":100917,"id":2369,"name":"福井(福井)","original_name":"福井","name_kana":"ふくい","closed":false,"lat":36.062057,"lng":136.223516,"prefecture":18,"lines":[1009,11421,99455,99419,99420],"attr":"cool","postal_code":"910-0006","address":"福井市中央１丁目","voronoi":{"type":"Feature","geometry":{"type":"Polygon","coordinates":[[[136.222532,36.054546],[136.223437,36.053634],[136.235933,36.047194],[136.237971,36.048161],[136.222977,36.06589],[136.222532,36.054546]]]},"properties":{}},"extra":false},
    {"code":100918,"id":9413,"name":"越前たけふ","original_name":"越前たけふ","name_kana":"えちぜんたけふ","closed":false,"lat":35.895669,"lng":136.198801,"prefecture":18,"lines":[1009],"attr":"cool","postal_code":"915-0042","address":"福井県越前市大屋町３８−９2","open_date":"2024-03-16","voronoi":{"type":"Feature","geometry":{"type":"Polygon","coordinates":[[[136.197251,35.903076],[136.188901,35.902597],[136.185021,35.899188],[136.180468,35.882918],[136.197494,35.863694],[136.215963,35.862126],[136.212358,35.898432],[136.197251,35.903076]]]},"properties":{}},"extra":false},
    {"code":100919,"id":2358,"name":"敦賀","original_name":"敦賀","name_kana":"つるが","closed":false,"lat":35.644767,"lng":136.076488,"prefecture":18,"lines":[1009,11415,11422,99455],"attr":"heat","postal_code":"914-0055","address":"敦賀市鉄輪町１丁目","voronoi":{"type":"Feature","geometry":{"type":"Polygon","coordinates":[[[135.997787,35.727776],[135.997816,35.727692],[136.047106,35.6395],[136.090406,35.625438],[136.113206,35.637646],[136.067128,35.699589],[135.997787,35.727776]]]},"properties":{}},"extra":false}
  ],
  "extra":false
}