{
  "code":10106,
  "id":"3bb173",
  "name":"根北線",
  "name_kana":"こんぽくせん",
  "name_formal":"国鉄根北線",
  "station_size":7,
  "company_code":0,
  "closed":true,
  "station_list":[
    {"code":1111709,"id":"e4a553","name":"知床斜里","original_name":"知床斜里","name_kana":"しれとこしゃり","closed":false,"lat":43.910749,"lng":144.661647,"prefecture":1,"lines":[11117,10106],"attr":"cool","postal_code":"099-4112","address":"斜里郡斜里町港町","voronoi":{"type":"Feature","geometry":{"type":"LineString","coordinates":[[152.057943,60.0],[147.04724,51.07067],[144.739881,44.960634],[144.643444,44.607797],[144.591401,43.924927],[144.640066,43.894145],[144.679988,43.891257],[145.428252,45.191578],[145.499421,45.319094],[145.538337,45.389651],[145.687327,45.66289],[153.409636,60.0]]},"properties":{}},"extra":false},
    {"code":1010602,"id":"2e49fa","name":"以久科","original_name":"以久科","name_kana":"いくしな","closed":true,"lat":43.885194,"lng":144.706056,"prefecture":1,"lines":[10106],"postal_code":"099-4127","address":"北海道斜里郡斜里町字以久科南２５","open_date":"1957-11-10","closed_date":"1970-12-01","voronoi":{"type":"Feature","geometry":{"type":"Polygon","coordinates":[[[144.679988,43.891257],[144.690617,43.844042],[145.216216,44.795848],[145.428252,45.191578],[144.679988,43.891257]]]},"properties":{}},"extra":true},
    {"code":1010603,"id":"2b457e","name":"西二線","original_name":"西二線","name_kana":"にしにせん","closed":true,"lat":43.879028,"lng":144.717222,"prefecture":1,"lines":[10106],"postal_code":"099-4127","address":"北海道斜里郡斜里町字以久科南","closed_date":"1970-12-01","voronoi":{"type":"Feature","geometry":{"type":"Polygon","coordinates":[[[144.690617,43.844042],[145.216216,44.795848],[144.693519,43.805843],[144.690617,43.844042]]]},"properties":{}},"extra":true},
    {"code":1010604,"id":"686a33","name":"下越川","original_name":"下越川","name_kana":"しもこしかわ","closed":true,"lat":43.866694,"lng":144.740583,"prefecture":1,"lines":[10106],"postal_code":"099-4131","address":"北海道斜里郡斜里町字越川","open_date":"1957-11-10","closed_date":"1970-12-01","voronoi":{"type":"Feature","geometry":{"type":"Polygon","coordinates":[[[145.216216,44.795848],[145.428252,45.191578],[145.499421,45.319094],[144.687754,43.746443],[144.693519,43.805843],[145.216216,44.795848]]]},"properties":{}},"extra":true},
    {"code":1010605,"id":"2670cd","name":"十四号","original_name":"十四号","name_kana":"じゅうよんごう","closed":true,"lat":43.859167,"lng":144.755167,"prefecture":1,"lines":[10106],"postal_code":"099-4131","address":"北海道斜里郡斜里町字越川","closed_date":"1970-12-01","voronoi":{"type":"Feature","geometry":{"type":"Polygon","coordinates":[[[144.687647,43.745778],[144.687754,43.746443],[145.499421,45.319094],[145.538337,45.389651],[144.691559,43.71495],[144.687647,43.745778]]]},"properties":{}},"extra":true},
    {"code":1010606,"id":"1854bd","name":"十六号","original_name":"十六号","name_kana":"じゅうろくごう","closed":true,"lat":43.851667,"lng":144.77,"prefecture":1,"lines":[10106],"postal_code":"099-4131","address":"北海道斜里郡斜里町字越川","closed_date":"1970-12-01","voronoi":{"type":"Feature","geometry":{"type":"Polygon","coordinates":[[[144.694349,43.677041],[144.691559,43.71495],[145.538337,45.389651],[145.687327,45.66289],[144.694349,43.677041]]]},"properties":{}},"extra":true},
    {"code":1010607,"id":"5c7206","name":"越川","original_name":"越川","name_kana":"こしかわ","closed":true,"lat":43.842333,"lng":144.788667,"prefecture":1,"lines":[10106],"postal_code":"099-4131","address":"北海道斜里郡斜里町字越川","open_date":"1957-11-10","closed_date":"1970-12-01","voronoi":{"type":"Feature","geometry":{"type":"LineString","coordinates":[[153.409636,60.0],[145.687327,45.66289],[144.694349,43.677041],[144.694439,43.672209],[144.7005,43.658374],[144.785661,43.66459],[144.834917,43.675214],[144.885121,43.721973],[145.061146,43.945436],[153.546471,60.0]]},"properties":{}},"extra":true}
  ],
  "closed_date":"1970-12-01",
  "extra":true
}