{
  "code":10103,
  "id":"22bef0",
  "name":"岩内線",
  "name_kana":"いわないせん",
  "name_formal":"国鉄岩内線",
  "station_size":6,
  "company_code":0,
  "closed":true,
  "station_list":[
    {"code":1110212,"id":"f6aa1e","name":"小沢","original_name":"小沢","name_kana":"こざわ","closed":false,"lat":42.97185,"lng":140.677657,"prefecture":1,"lines":[11102,10103],"attr":"heat","postal_code":"048-2142","address":"岩内郡共和町小沢","voronoi":{"type":"Feature","geometry":{"type":"Polygon","coordinates":[[[140.640175,42.888558],[140.640851,42.888587],[140.674352,42.900803],[140.749387,42.973277],[140.751592,42.976307],[140.67778,43.016576],[140.640175,42.888558]]]},"properties":{}},"extra":false},
    {"code":1010302,"id":"d17f1b","name":"国富","original_name":"国富","name_kana":"くにとみ","closed":true,"lat":42.978889,"lng":140.653694,"prefecture":1,"lines":[10103],"postal_code":"048-2143","address":"北海道岩内郡共和町国富６３−５","open_date":"1913-09-21","closed_date":"1985-07-01","voronoi":{"type":"Feature","geometry":{"type":"Polygon","coordinates":[[[140.67778,43.016576],[140.643661,43.05049],[140.620426,42.889861],[140.630206,42.886748],[140.640175,42.888558],[140.67778,43.016576]]]},"properties":{}},"extra":true},
    {"code":1010303,"id":"88730b","name":"幌似","original_name":"幌似","name_kana":"ほろに","closed":true,"lat":42.984667,"lng":140.61375,"prefecture":1,"lines":[10103],"postal_code":"045-0121","address":"北海道岩内郡共和町幌似９６−７","open_date":"1919-12-05","closed_date":"1985-07-01","voronoi":{"type":"Feature","geometry":{"type":"Polygon","coordinates":[[[140.61577,43.100879],[140.578899,42.893786],[140.620426,42.889861],[140.643661,43.05049],[140.61577,43.100879]]]},"properties":{}},"extra":true},
    {"code":1010304,"id":"8ea4ea","name":"前田(北海道)","original_name":"前田","name_kana":"まえだ","closed":true,"lat":42.991111,"lng":140.577556,"prefecture":1,"lines":[10103],"postal_code":"048-2201","address":"北海道岩内郡共和町前田１１−２","open_date":"1912-11-01","closed_date":"1985-07-01","voronoi":{"type":"Feature","geometry":{"type":"Polygon","coordinates":[[[140.550583,42.958493],[140.558434,42.896475],[140.571488,42.893074],[140.578899,42.893786],[140.61577,43.100879],[140.611424,43.112906],[140.595052,43.132356],[140.550583,42.958493]]]},"properties":{}},"extra":true},
    {"code":1010305,"id":"b772eb","name":"西前田(北海道)","original_name":"西前田","name_kana":"にしまえだ","closed":true,"lat":43.000056,"lng":140.542583,"prefecture":1,"lines":[10103],"postal_code":"045-0031","address":"北海道岩内郡共和町梨野舞納１９","open_date":"1963-10-01","closed_date":"1985-07-01","voronoi":{"type":"Feature","geometry":{"type":"Polygon","coordinates":[[[140.292432,43.601837],[139.222122,45.048621],[139.220888,45.049209],[140.550583,42.958493],[140.595052,43.132356],[140.292432,43.601837]]]},"properties":{}},"extra":true},
    {"code":1010306,"id":"94ccac","name":"岩内","original_name":"岩内","name_kana":"いわない","closed":true,"lat":42.983361,"lng":140.516333,"prefecture":1,"lines":[10103],"postal_code":"045-0003","address":"北海道岩内郡岩内町字万代４７-４","open_date":"1912-11-01","closed_date":"1985-07-01","voronoi":{"type":"Feature","geometry":{"type":"Polygon","coordinates":[[[140.364929,42.901144],[140.360546,42.905528],[138.782193,45.261317],[139.220888,45.049209],[140.550583,42.958493],[140.558434,42.896475],[140.426281,42.887158],[140.364929,42.901144]]]},"properties":{}},"extra":true}
  ],
  "closed_date":"1985-07-01",
  "extra":true
}