{
  "code":10107,
  "id":2010,
  "name":"士幌線",
  "name_kana":"しほろせん",
  "name_formal":"国鉄士幌線",
  "station_size":17,
  "company_code":0,
  "closed":true,
  "station_list":[
    {"code":1110709,"id":167,"name":"帯広","original_name":"帯広","name_kana":"おびひろ","closed":false,"lat":42.917997,"lng":143.20195,"prefecture":1,"lines":[11107,10107,10115],"attr":"cool","postal_code":"080-0012","address":"帯広市西２条南１２丁目","voronoi":{"type":"Feature","geometry":{"type":"Polygon","coordinates":[[[143.200574,42.891606],[143.171199,42.882044],[143.18634,42.93416],[143.230658,42.931314],[143.229659,42.92108],[143.200574,42.891606]]]},"properties":{}},"extra":false},
    {"code":1010702,"id":20341,"name":"木野(北海道)","original_name":"木野","name_kana":"きの","closed":true,"lat":42.948194,"lng":143.203889,"prefecture":1,"lines":[10107],"postal_code":"080-0301","address":"北海道河東郡音更町木野大通西６丁目","open_date":"1925-12-10","closed_date":"1987-03-23","voronoi":{"type":"Feature","geometry":{"type":"Polygon","coordinates":[[[143.168391,42.970761],[143.18634,42.93416],[143.230658,42.931314],[143.261983,42.97752],[143.168391,42.970761]]]},"properties":{}},"extra":true},
    {"code":1010703,"id":20342,"name":"音更","original_name":"音更","name_kana":"おとふけ","closed":true,"lat":42.998194,"lng":143.200278,"prefecture":1,"lines":[10107],"postal_code":"080-0104","address":"北海道河東郡音更町新通６丁目１-２９","open_date":"1925-12-10","closed_date":"1987-03-23","voronoi":{"type":"Feature","geometry":{"type":"Polygon","coordinates":[[[143.261983,42.97752],[143.296277,42.999971],[143.31543,43.019737],[143.218909,43.029369],[143.120642,43.003553],[143.137633,42.986636],[143.168391,42.970761],[143.261983,42.97752]]]},"properties":{}},"extra":true},
    {"code":1010704,"id":20343,"name":"駒場","original_name":"駒場","name_kana":"こまば","closed":true,"lat":43.047361,"lng":143.187361,"prefecture":1,"lines":[10107],"postal_code":"080-0565","address":"北海道河東郡音更町駒場本通１丁目","open_date":"1925-12-10","closed_date":"1987-03-23","voronoi":{"type":"Feature","geometry":{"type":"Polygon","coordinates":[[[143.218909,43.029369],[143.120642,43.003553],[143.08944,43.018977],[143.076916,43.030276],[143.077664,43.03317],[143.087152,43.064167],[143.152681,43.108619],[143.218909,43.029369]]]},"properties":{}},"extra":true},
    {"code":1010705,"id":20344,"name":"武儀","original_name":"武儀","name_kana":"むぎ","closed":true,"lat":43.063611,"lng":143.206806,"prefecture":1,"lines":[10107],"postal_code":"080-0562","address":"北海道河東郡音更町字東音更幹線３５","open_date":"1956-12-25","closed_date":"1987-03-23","voronoi":{"type":"Feature","geometry":{"type":"Polygon","coordinates":[[[143.31543,43.019737],[143.218909,43.029369],[143.152681,43.108619],[143.1586,43.11444],[143.316525,43.020359],[143.31543,43.019737]]]},"properties":{}},"extra":true},
    {"code":1010706,"id":20345,"name":"中士幌","original_name":"中士幌","name_kana":"なかしほろ","closed":true,"lat":43.09625,"lng":143.22625,"prefecture":1,"lines":[10107],"postal_code":"080-1189","address":"北海道河東郡士幌町字中士幌７２−１３８","open_date":"1925-12-10","closed_date":"1987-03-23","voronoi":{"type":"Feature","geometry":{"type":"Polygon","coordinates":[[[143.165849,43.127126],[143.1586,43.11444],[143.316525,43.020359],[143.321119,43.022062],[143.333786,43.031007],[143.351344,43.087],[143.165849,43.127126]]]},"properties":{}},"extra":true},
    {"code":1010707,"id":20346,"name":"新士幌","original_name":"新士幌","name_kana":"しんしほろ","closed":true,"lat":43.130278,"lng":143.233611,"prefecture":1,"lines":[10107],"postal_code":"080-1189","address":"北海道河東郡士幌町字中士幌","open_date":"1966-10-01","closed_date":"1987-03-23","voronoi":{"type":"Feature","geometry":{"type":"Polygon","coordinates":[[[143.165849,43.127126],[143.166342,43.128981],[143.220834,43.154967],[143.355249,43.095228],[143.351344,43.087],[143.165849,43.127126]]]},"properties":{}},"extra":true},
    {"code":1010708,"id":20347,"name":"士幌","original_name":"士幌","name_kana":"しほろ","closed":true,"lat":43.162028,"lng":143.247722,"prefecture":1,"lines":[10107],"postal_code":"080-1200","address":"北海道河東郡士幌町字士幌西２線１５７−１８","open_date":"1925-12-10","closed_date":"1987-03-23","voronoi":{"type":"Feature","geometry":{"type":"Polygon","coordinates":[[[143.238466,43.191393],[143.220834,43.154967],[143.355249,43.095228],[143.3674,43.113743],[143.238466,43.191393]]]},"properties":{}},"extra":true},
    {"code":1010709,"id":20348,"name":"北平和","original_name":"北平和","name_kana":"きたへいわ","closed":true,"lat":43.196944,"lng":143.26875,"prefecture":1,"lines":[10107],"postal_code":"080-1189","address":"北海道河東郡士幌町字士幌","open_date":"1957-12-25","closed_date":"1987-03-23","voronoi":{"type":"Feature","geometry":{"type":"Polygon","coordinates":[[[143.377075,43.124353],[143.389405,43.144537],[143.222503,43.248498],[143.238466,43.191393],[143.3674,43.113743],[143.377075,43.124353]]]},"properties":{}},"extra":true},
    {"code":1010710,"id":20349,"name":"上士幌","original_name":"上士幌","name_kana":"かみしほろ","closed":true,"lat":43.229722,"lng":143.289167,"prefecture":1,"lines":[10107,99114],"postal_code":"080-1408","address":"北海道河東郡上士幌町字上士幌東２線２３４−４","open_date":"1926-07-10","closed_date":"1987-03-23","voronoi":{"type":"Feature","geometry":{"type":"Polygon","coordinates":[[[143.210391,43.275239],[143.207232,43.273124],[143.222503,43.248498],[143.389405,43.144537],[143.419916,43.181081],[143.420889,43.182708],[143.419121,43.213881],[143.216041,43.27695],[143.210391,43.275239]]]},"properties":{}},"extra":true},
    {"code":1010711,"id":20350,"name":"萩ヶ岡","original_name":"萩ヶ岡","name_kana":"はぎがおか","closed":true,"lat":43.274444,"lng":143.303056,"prefecture":1,"lines":[10107],"postal_code":"080-1408","address":"北海道河東郡上士幌町字上士幌東３線２８９","open_date":"1935-11-26","closed_date":"1987-03-23","voronoi":{"type":"Feature","geometry":{"type":"Polygon","coordinates":[[[143.430591,43.306543],[143.419121,43.213881],[143.216041,43.27695],[143.238071,43.290955],[143.245184,43.294649],[143.430591,43.306543]]]},"properties":{}},"extra":true},
    {"code":1010712,"id":20351,"name":"清水谷","original_name":"清水谷","name_kana":"しみずだに","closed":true,"lat":43.322083,"lng":143.3,"prefecture":1,"lines":[10107],"postal_code":"080-1405","address":"北海道河東郡上士幌町字上士幌清水谷","open_date":"1935-11-26","closed_date":"1987-03-23","voronoi":{"type":"Feature","geometry":{"type":"Polygon","coordinates":[[[143.245184,43.294649],[143.427021,43.514136],[143.436029,43.506781],[143.441479,43.451038],[143.440662,43.373099],[143.434694,43.319543],[143.430591,43.306543],[143.245184,43.294649]]]},"properties":{}},"extra":true},
    {"code":1010713,"id":20352,"name":"黒石平","original_name":"黒石平","name_kana":"くろいしだいら","closed":true,"lat":43.353611,"lng":143.261944,"prefecture":1,"lines":[10107],"postal_code":"080-1404","address":"北海道河東郡上士幌町字黒石平","open_date":"1956-12-25","closed_date":"1987-03-23","voronoi":{"type":"Feature","geometry":{"type":"Polygon","coordinates":[[[143.238071,43.290955],[143.296415,43.496391],[143.383208,43.558551],[143.427021,43.514136],[143.245184,43.294649],[143.238071,43.290955]]]},"properties":{}},"extra":true},
    {"code":1010714,"id":20353,"name":"電力所前","original_name":"電力所前","name_kana":"でんりょくしょまえ","closed":true,"lat":43.356806,"lng":143.250694,"prefecture":1,"lines":[10107],"postal_code":"080-1404","address":"北海道河東郡上士幌町字黒石平","open_date":"1963-11-01","closed_date":"1987-03-23","voronoi":{"type":"Feature","geometry":{"type":"Polygon","coordinates":[[[143.238071,43.290955],[143.296415,43.496391],[143.266,43.47639],[143.23842,43.445672],[143.210391,43.275239],[143.216041,43.27695],[143.238071,43.290955]]]},"properties":{}},"extra":true},
    {"code":1010715,"id":20354,"name":"糠平","original_name":"糠平","name_kana":"ぬかびら","closed":true,"lat":43.365417,"lng":143.198333,"prefecture":1,"lines":[10107],"postal_code":"080-1403","address":"北海道河東郡上士幌町字ぬかびら源泉郷","open_date":"1937-09-26","closed_date":"1987-03-23","voronoi":{"type":"Feature","geometry":{"type":"Polygon","coordinates":[[[143.210391,43.275239],[143.23842,43.445672],[143.040352,43.327229],[143.048675,43.320047],[143.110184,43.283687],[143.142844,43.26917],[143.207232,43.273124],[143.210391,43.275239]]]},"properties":{}},"extra":true},
    {"code":1010716,"id":20355,"name":"幌加","original_name":"幌加","name_kana":"ほろか","closed":true,"lat":43.448333,"lng":143.14875,"prefecture":1,"lines":[10107],"postal_code":"080-1402","address":"北海道河東郡上士幌町字幌加","open_date":"1939-11-18","closed_date":"1987-03-23","voronoi":{"type":"Feature","geometry":{"type":"Polygon","coordinates":[[[143.23842,43.445672],[143.040352,43.327229],[142.815785,43.424888],[142.808289,43.43601],[142.809461,43.48672],[143.266,43.47639],[143.23842,43.445672]]]},"properties":{}},"extra":true},
    {"code":1010717,"id":20356,"name":"十勝三股","original_name":"十勝三股","name_kana":"とかちみつまた","closed":true,"lat":43.509722,"lng":143.150139,"prefecture":1,"lines":[10107],"postal_code":"080-1401","address":"北海道河東郡上士幌町字三股","open_date":"1939-11-18","closed_date":"1987-03-23","voronoi":{"type":"Feature","geometry":{"type":"Polygon","coordinates":[[[143.266,43.47639],[143.296415,43.496391],[143.383208,43.558551],[143.3358,43.683143],[143.20325,43.693987],[142.968416,43.690313],[142.807979,43.508823],[142.809461,43.48672],[143.266,43.47639]]]},"properties":{}},"extra":true}
  ],
  "closed_date":"1987-03-23",
  "extra":true
}