{
  "code":10114,
  "id":2018,
  "name":"美幸線",
  "name_kana":"びこうせん",
  "name_formal":"国鉄美幸線",
  "station_size":4,
  "company_code":0,
  "closed":true,
  "station_list":[
    {"code":1111527,"id":352,"name":"美深","original_name":"美深","name_kana":"びふか","closed":false,"lat":44.482951,"lng":142.350597,"prefecture":1,"lines":[11115,10114],"attr":"cool","postal_code":"098-2238","address":"中川郡美深町字開運町","voronoi":{"type":"Feature","geometry":{"type":"Polygon","coordinates":[[[142.372697,44.512094],[142.259621,44.4573],[142.302442,44.424721],[142.373801,44.48513],[142.372697,44.512094]]]},"properties":{}},"extra":false},
    {"code":1011402,"id":20462,"name":"東美深","original_name":"東美深","name_kana":"ひがしびふか","closed":true,"lat":44.484856,"lng":142.397106,"prefecture":1,"lines":[10114],"postal_code":"098-2207","address":"北海道中川郡美深町字辺渓","open_date":"1964-10-05","closed_date":"1985-09-17","voronoi":{"type":"Feature","geometry":{"type":"Polygon","coordinates":[[[142.372697,44.512094],[142.373801,44.48513],[142.381692,44.474746],[142.407833,44.471346],[142.409623,44.472425],[142.407245,44.561203],[142.381061,44.530341],[142.372697,44.512094]]]},"properties":{}},"extra":true},
    {"code":1011403,"id":20463,"name":"辺渓","original_name":"辺渓","name_kana":"ぺんけ","closed":true,"lat":44.485508,"lng":142.421456,"prefecture":1,"lines":[10114],"postal_code":"098-2207","address":"北海道中川郡美深町字辺渓２４４","open_date":"1964-10-05","closed_date":"1985-09-17","voronoi":{"type":"Feature","geometry":{"type":"Polygon","coordinates":[[[142.439473,44.465765],[142.409623,44.472425],[142.407245,44.561203],[142.440981,44.616879],[142.449622,44.625446],[142.511933,44.476748],[142.439473,44.465765]]]},"properties":{}},"extra":true},
    {"code":1011404,"id":20464,"name":"仁宇布","original_name":"仁宇布","name_kana":"にうぷ","closed":true,"lat":44.547392,"lng":142.569136,"prefecture":1,"lines":[10114],"postal_code":"098-2208","address":"北海道中川郡美深町字仁宇布２１５−２","open_date":"1964-10-05","closed_date":"1985-09-17","voronoi":{"type":"Feature","geometry":{"type":"Polygon","coordinates":[[[142.497134,44.744974],[142.467684,44.717248],[142.449622,44.625446],[142.511933,44.476748],[142.523513,44.461316],[142.572198,44.431407],[142.600404,44.429918],[142.612537,44.430685],[142.644854,44.435513],[142.650653,44.437149],[142.680127,44.452526],[142.738975,44.494477],[142.768616,44.520456],[142.748495,44.739699],[142.497134,44.744974]]]},"properties":{}},"extra":true}
  ],
  "closed_date":"1985-09-17",
  "extra":true
}