{
  "code":10115,
  "id":"11a57b",
  "name":"広尾線",
  "name_kana":"ひろおせん",
  "name_formal":"国鉄広尾線",
  "station_size":17,
  "company_code":0,
  "closed":true,
  "station_list":[
    {"code":1110709,"id":"ca7327","name":"帯広","original_name":"帯広","name_kana":"おびひろ","closed":false,"lat":42.917997,"lng":143.20195,"prefecture":1,"lines":[11107,10107,10115],"attr":"cool","postal_code":"080-0012","address":"帯広市西２条南１２丁目","voronoi":{"type":"Feature","geometry":{"type":"Polygon","coordinates":[[[143.200574,42.891606],[143.171199,42.882044],[143.18634,42.93416],[143.230658,42.931314],[143.229659,42.92108],[143.200574,42.891606]]]},"properties":{}},"extra":false},
    {"code":1011502,"id":"ee8b6d","name":"依田(北海道)","original_name":"依田","name_kana":"よだ","closed":true,"lat":42.893333,"lng":143.226944,"prefecture":1,"lines":[10115],"postal_code":"089-0571","address":"北海道中川郡幕別町字依田２５１","open_date":"1957-12-25","closed_date":"1987-02-02","voronoi":{"type":"Feature","geometry":{"type":"Polygon","coordinates":[[[143.267477,42.863849],[143.267715,42.86227],[143.200574,42.891606],[143.229659,42.92108],[143.267477,42.863849]]]},"properties":{}},"extra":true},
    {"code":1011503,"id":"55e92a","name":"北愛国","original_name":"北愛国","name_kana":"きたあいこく","closed":true,"lat":42.871083,"lng":143.217222,"prefecture":1,"lines":[10115],"postal_code":"089-1181","address":"北海道帯広市愛国町４６６−３","open_date":"1953-11-15","closed_date":"1987-02-02","voronoi":{"type":"Feature","geometry":{"type":"Polygon","coordinates":[[[143.168591,42.879665],[143.297048,42.790626],[143.267715,42.86227],[143.200574,42.891606],[143.171199,42.882044],[143.168591,42.879665]]]},"properties":{}},"extra":true},
    {"code":1011504,"id":"a7a878","name":"愛国","original_name":"愛国","name_kana":"あいこく","closed":true,"lat":42.837139,"lng":143.193694,"prefecture":1,"lines":[10115],"postal_code":"089-1181","address":"北海道帯広市愛国町基線４１−２","open_date":"1929-11-02","closed_date":"1987-02-02","voronoi":{"type":"Feature","geometry":{"type":"Polygon","coordinates":[[[143.312036,42.744548],[143.271543,42.758612],[143.121162,42.850391],[143.152151,42.874433],[143.168591,42.879665],[143.297048,42.790626],[143.324797,42.747509],[143.312036,42.744548]]]},"properties":{}},"extra":true},
    {"code":1011505,"id":"0adfe4","name":"大正(北海道)","original_name":"大正","name_kana":"たいしょう","closed":true,"lat":42.791944,"lng":143.166111,"prefecture":1,"lines":[10115],"postal_code":"089-1242","address":"北海道帯広市大正町東１線１００−４","open_date":"1929-09-02","closed_date":"1987-02-02","voronoi":{"type":"Feature","geometry":{"type":"Polygon","coordinates":[[[143.042777,42.779841],[143.037797,42.781513],[143.083397,42.827198],[143.108233,42.846497],[143.121162,42.850391],[143.271543,42.758612],[143.042777,42.779841]]]},"properties":{}},"extra":true},
    {"code":1011506,"id":"fd1599","name":"幸福","original_name":"幸福","name_kana":"こうふく","closed":true,"lat":42.74525,"lng":143.161778,"prefecture":1,"lines":[10115],"postal_code":"089-1246","address":"北海道帯広市幸福町東１線１６１−１","open_date":"1956-11-01","closed_date":"1987-02-02","voronoi":{"type":"Feature","geometry":{"type":"Polygon","coordinates":[[[143.271543,42.758612],[143.042777,42.779841],[143.184744,42.699649],[143.277629,42.72309],[143.312036,42.744548],[143.271543,42.758612]]]},"properties":{}},"extra":true},
    {"code":1011507,"id":"14eb10","name":"中札内","original_name":"中札内","name_kana":"なかさつない","closed":true,"lat":42.695778,"lng":143.133833,"prefecture":1,"lines":[10115],"postal_code":"089-1342","address":"北海道河西郡中札内村東２条南３丁目５","open_date":"1929-11-02","closed_date":"1987-02-02","voronoi":{"type":"Feature","geometry":{"type":"Polygon","coordinates":[[[143.184744,42.699649],[143.042777,42.779841],[143.037797,42.781513],[142.938327,42.741625],[142.767802,42.604664],[142.807339,42.556123],[142.828725,42.532072],[142.922742,42.456892],[142.954423,42.444097],[143.184744,42.699649]]]},"properties":{}},"extra":true},
    {"code":1011508,"id":"7cdf3f","name":"更別","original_name":"更別","name_kana":"さらべつ","closed":true,"lat":42.648611,"lng":143.186167,"prefecture":1,"lines":[10115],"postal_code":"089-1512","address":"北海道河西郡更別村中央町９２−１１８","open_date":"1930-10-10","closed_date":"1987-02-02","voronoi":{"type":"Feature","geometry":{"type":"Polygon","coordinates":[[[142.954423,42.444097],[142.981104,42.429589],[143.095934,42.493471],[143.157403,42.538373],[143.277629,42.72309],[143.184744,42.699649],[142.954423,42.444097]]]},"properties":{}},"extra":true},
    {"code":1011509,"id":"261131","name":"上更別","original_name":"上更別","name_kana":"かみさらべつ","closed":true,"lat":42.609306,"lng":143.246556,"prefecture":1,"lines":[10115],"postal_code":"089-1581","address":"北海道河西郡更別村字上更別２","open_date":"1930-10-10","closed_date":"1987-02-02","voronoi":{"type":"Feature","geometry":{"type":"Polygon","coordinates":[[[143.324797,42.747509],[143.338502,42.745138],[143.37473,42.731457],[143.384605,42.72127],[143.260594,42.571331],[143.157403,42.538373],[143.277629,42.72309],[143.312036,42.744548],[143.324797,42.747509]]]},"properties":{}},"extra":true},
    {"code":1011510,"id":"a74cca","name":"忠類","original_name":"忠類","name_kana":"ちゅうるい","closed":true,"lat":42.564667,"lng":143.300528,"prefecture":1,"lines":[10115],"postal_code":"089-1709","address":"北海道中川郡幕別町忠類幸町５１１−４","open_date":"1930-10-10","closed_date":"1987-02-02","voronoi":{"type":"Feature","geometry":{"type":"Polygon","coordinates":[[[143.395481,42.713788],[143.480687,42.633568],[143.579763,42.490809],[143.575653,42.49067],[143.352707,42.50512],[143.322798,42.514992],[143.260594,42.571331],[143.384605,42.72127],[143.395481,42.713788]]]},"properties":{}},"extra":true},
    {"code":1011511,"id":"4dae73","name":"十勝東和","original_name":"十勝東和","name_kana":"とかちとうわ","closed":true,"lat":42.53225,"lng":143.271167,"prefecture":1,"lines":[10115],"postal_code":"089-2105","address":"北海道広尾郡大樹町字大樹","open_date":"1960-04-15","closed_date":"1987-02-02","voronoi":{"type":"Feature","geometry":{"type":"Polygon","coordinates":[[[143.095934,42.493471],[143.157403,42.538373],[143.260594,42.571331],[143.322798,42.514992],[143.095934,42.493471]]]},"properties":{}},"extra":true},
    {"code":1011512,"id":"40b4a8","name":"大樹","original_name":"大樹","name_kana":"たいき","closed":true,"lat":42.488333,"lng":143.275333,"prefecture":1,"lines":[10115],"postal_code":"089-2146","address":"北海道広尾郡大樹町寿通１丁目１１−１","open_date":"1930-10-10","closed_date":"1987-02-02","voronoi":{"type":"Feature","geometry":{"type":"Polygon","coordinates":[[[143.023971,42.385045],[143.150848,42.403159],[143.352707,42.50512],[143.322798,42.514992],[143.095934,42.493471],[142.981104,42.429589],[143.020517,42.388298],[143.023971,42.385045]]]},"properties":{}},"extra":true},
    {"code":1011513,"id":"2c880b","name":"石坂","original_name":"石坂","name_kana":"いしざか","closed":true,"lat":42.452806,"lng":143.293278,"prefecture":1,"lines":[10115],"postal_code":"089-2125","address":"北海道広尾郡大樹町字石坂６１９","open_date":"1932-11-05","closed_date":"1987-02-02","voronoi":{"type":"Feature","geometry":{"type":"Polygon","coordinates":[[[143.207318,42.403694],[143.150848,42.403159],[143.352707,42.50512],[143.575653,42.49067],[143.207318,42.403694]]]},"properties":{}},"extra":true},
    {"code":1011514,"id":"f094c9","name":"豊似","original_name":"豊似","name_kana":"とよに","closed":true,"lat":42.398222,"lng":143.306167,"prefecture":1,"lines":[10115],"postal_code":"089-2446","address":"北海道広尾郡広尾町字紋別１８−４５","open_date":"1932-11-05","closed_date":"1987-02-02","voronoi":{"type":"Feature","geometry":{"type":"Polygon","coordinates":[[[143.331485,42.368298],[143.207318,42.403694],[143.575653,42.49067],[143.579763,42.490809],[143.695852,42.398525],[143.331485,42.368298]]]},"properties":{}},"extra":true},
    {"code":1011515,"id":"475c9f","name":"野塚","original_name":"野塚","name_kana":"のづか","closed":true,"lat":42.356222,"lng":143.294194,"prefecture":1,"lines":[10115],"postal_code":"089-2561","address":"北海道広尾郡広尾町字野塚","open_date":"1932-11-05","closed_date":"1987-02-02","voronoi":{"type":"Feature","geometry":{"type":"Polygon","coordinates":[[[143.207318,42.403694],[143.150848,42.403159],[143.023971,42.385045],[143.095259,42.273178],[143.2677,42.317385],[143.331485,42.368298],[143.207318,42.403694]]]},"properties":{}},"extra":true},
    {"code":1011516,"id":"33e2d8","name":"新生","original_name":"新生","name_kana":"しんせい","closed":true,"lat":42.334611,"lng":143.311444,"prefecture":1,"lines":[10115],"postal_code":"089-2561","address":"北海道広尾郡広尾町字野塚１３","open_date":"1960-04-15","closed_date":"1987-02-02","voronoi":{"type":"Feature","geometry":{"type":"Polygon","coordinates":[[[143.695852,42.398525],[143.7799,42.342291],[143.828619,42.290698],[143.2677,42.317385],[143.331485,42.368298],[143.695852,42.398525]]]},"properties":{}},"extra":true},
    {"code":1011517,"id":"d47880","name":"広尾(北海道)","original_name":"広尾","name_kana":"ひろお","closed":true,"lat":42.296083,"lng":143.309611,"prefecture":1,"lines":[10115],"postal_code":"089-2627","address":"北海道広尾郡広尾町丸山通北２丁目１０１","open_date":"1932-11-05","closed_date":"1987-02-02","voronoi":{"type":"Feature","geometry":{"type":"Polygon","coordinates":[[[144.395912,40.099069],[144.655259,39.958537],[145.232918,39.655713],[145.66675,39.453454],[144.775072,41.174335],[144.549775,41.548587],[144.496622,41.633985],[143.828619,42.290698],[143.2677,42.317385],[143.095259,42.273178],[143.96744,40.335045],[144.395912,40.099069]]]},"properties":{}},"extra":true}
  ],
  "closed_date":"1987-02-02",
  "extra":true
}