{
  "code":10204,
  "id":"9879cb",
  "name":"宮古線",
  "name_kana":"みやこせん",
  "name_formal":"国鉄宮古線",
  "station_size":4,
  "company_code":0,
  "closed":true,
  "station_list":[
    {"code":1121318,"id":"805656","name":"宮古","original_name":"宮古","name_kana":"みやこ","closed":false,"lat":39.640287,"lng":141.946454,"prefecture":3,"lines":[11213,99207,99208,10204],"attr":"eco","postal_code":"027-0076","address":"宮古市栄町","open_date":"1934-11-06","voronoi":{"type":"Feature","geometry":{"type":"Polygon","coordinates":[[[141.949317,39.663981],[141.933655,39.629823],[141.949926,39.629788],[141.975972,39.666163],[141.949317,39.663981]]]},"properties":{}},"extra":false},
    {"code":9920826,"id":"40b59b","name":"一の渡","original_name":"一の渡","name_kana":"いちのわたり","closed":false,"lat":39.686895,"lng":141.94264,"prefecture":3,"lines":[99207,99208,10204],"attr":"eco","postal_code":"027-0097","address":"宮古市崎山","voronoi":{"type":"Feature","geometry":{"type":"Polygon","coordinates":[[[141.89806,39.675876],[141.949317,39.663981],[141.975972,39.666163],[142.015885,39.679005],[141.961878,39.705335],[141.884461,39.683703],[141.884801,39.683214],[141.89806,39.675876]]]},"properties":{}},"extra":false},
    {"code":9920827,"id":"dd1c5e","name":"佐羽根","original_name":"佐羽根","name_kana":"さばね","closed":false,"lat":39.711131,"lng":141.935868,"prefecture":3,"lines":[99207,99208,10204],"attr":"eco","postal_code":"027-0067","address":"宮古市大字田代","voronoi":{"type":"Feature","geometry":{"type":"Polygon","coordinates":[[[141.884461,39.683703],[141.846559,39.718635],[141.827806,39.740874],[141.865292,39.782702],[141.915762,39.769194],[141.961878,39.705335],[141.884461,39.683703]]]},"properties":{}},"extra":false},
    {"code":9920828,"id":"03bf08","name":"田老","original_name":"田老","name_kana":"たろう","closed":false,"lat":39.731848,"lng":141.964556,"prefecture":3,"lines":[99207,99208,10204],"attr":"eco","postal_code":"027-0351","address":"宮古市田老小林","voronoi":{"type":"Feature","geometry":{"type":"Polygon","coordinates":[[[141.915762,39.769194],[141.91829,39.769271],[142.040249,39.678151],[142.015885,39.679005],[141.961878,39.705335],[141.915762,39.769194]]]},"properties":{}},"extra":false}
  ],
  "closed_date":"1984-04-01",
  "extra":true
}