{
  "code":10203,
  "id":2041,
  "name":"久慈線",
  "name_kana":"くじせん",
  "name_formal":"国鉄久慈線",
  "station_size":6,
  "company_code":0,
  "closed":true,
  "station_list":[
    {"code":1120625,"id":641,"name":"久慈","original_name":"久慈","name_kana":"くじ","closed":false,"lat":40.190391,"lng":141.770891,"prefecture":3,"lines":[11206,99207,99208,10203],"attr":"heat","postal_code":"028-0061","address":"久慈市中央３","voronoi":{"type":"Feature","geometry":{"type":"Polygon","coordinates":[[[141.759948,40.225042],[141.538805,40.192904],[141.542668,40.100346],[141.806486,40.168693],[141.759948,40.225042]]]},"properties":{}},"extra":false},
    {"code":9920840,"id":6441,"name":"陸中宇部","original_name":"陸中宇部","name_kana":"りくちゅううべ","closed":false,"lat":40.132441,"lng":141.785904,"prefecture":3,"lines":[99207,99208,10203],"attr":"heat","postal_code":"028-8111","address":"久慈市宇部町","voronoi":{"type":"Feature","geometry":{"type":"Polygon","coordinates":[[[141.806486,40.168693],[141.542668,40.100346],[141.537157,40.032117],[141.616605,40.004857],[141.678772,39.996413],[141.761806,40.068185],[141.789398,40.097834],[141.823687,40.167322],[141.806486,40.168693]]]},"properties":{}},"extra":false},
    {"code":9920839,"id":6440,"name":"陸中野田","original_name":"陸中野田","name_kana":"りくちゅうのだ","closed":false,"lat":40.116115,"lng":141.81899,"prefecture":3,"lines":[99207,99208,10203],"attr":"heat","postal_code":"028-8201","address":"九戸郡野田村大字野田","voronoi":{"type":"Feature","geometry":{"type":"Polygon","coordinates":[[[141.789398,40.097834],[141.914397,40.131395],[141.975181,40.16972],[142.064859,40.238606],[141.823687,40.167322],[141.789398,40.097834]]]},"properties":{}},"extra":false},
    {"code":9920837,"id":6439,"name":"野田玉川","original_name":"野田玉川","name_kana":"のだたまがわ","closed":false,"lat":40.082728,"lng":141.828874,"prefecture":3,"lines":[99207,99208,10203],"attr":"cool","postal_code":"028-8202","address":"九戸郡野田村大字玉川","voronoi":{"type":"Feature","geometry":{"type":"Polygon","coordinates":[[[141.761806,40.068185],[141.678772,39.996413],[141.738479,39.976235],[141.750303,39.974125],[141.887217,40.110036],[141.761806,40.068185]]]},"properties":{}},"extra":false},
    {"code":9920836,"id":6438,"name":"堀内","original_name":"堀内","name_kana":"ほりない","closed":false,"lat":40.051895,"lng":141.859481,"prefecture":3,"lines":[99207,99208,10203],"attr":"cool","postal_code":"028-8301","address":"下閉伊郡普代村馬場野","voronoi":{"type":"Feature","geometry":{"type":"Polygon","coordinates":[[[141.914397,40.131395],[141.975181,40.16972],[141.848049,40.013732],[141.765263,39.968842],[141.750303,39.974125],[141.887217,40.110036],[141.914397,40.131395]]]},"properties":{}},"extra":false},
    {"code":9920834,"id":6436,"name":"普代","original_name":"普代","name_kana":"ふだい","closed":false,"lat":40.002492,"lng":141.886269,"prefecture":3,"lines":[99207,99208,10203],"attr":"cool","postal_code":"028-8332","address":"下閉伊郡普代村銅屋","voronoi":{"type":"Feature","geometry":{"type":"Polygon","coordinates":[[[141.841455,39.920536],[141.765263,39.968842],[141.848049,40.013732],[141.997453,40.029339],[141.841455,39.920536]]]},"properties":{}},"extra":false}
  ],
  "closed_date":"1984-04-01",
  "extra":true
}