{
  "code":10207,
  "id":"130c36",
  "name":"阿仁合線",
  "name_kana":"あにあいせん",
  "name_formal":"国鉄阿仁合線",
  "station_size":16,
  "company_code":0,
  "closed":true,
  "station_list":[
    {"code":1120246,"id":"c8613d","name":"鷹ノ巣(鷹巣)","original_name":"鷹ノ巣(鷹巣)","name_kana":"たかのす","closed":false,"lat":40.232059,"lng":140.369816,"prefecture":5,"lines":[11202,99209,10207],"attr":"cool","postal_code":"018-3321","address":"北秋田市松葉町","voronoi":{"type":"Feature","geometry":{"type":"Polygon","coordinates":[[[140.379553,40.203266],[140.408264,40.18142],[140.424317,40.181986],[140.297383,40.368775],[140.317174,40.302967],[140.379553,40.203266]]]},"properties":{}},"extra":false},
    {"code":9920903,"id":"1b8f2d","name":"縄文小ヶ田","original_name":"縄文小ヶ田","name_kana":"じょうもんおがた","closed":false,"lat":40.204973,"lng":140.349206,"prefecture":5,"lines":[99209,10207],"attr":"eco","postal_code":"018-3454","address":"秋田県北秋田市脇神字小ヶ田","open_date":"1963-12-10","voronoi":{"type":"Feature","geometry":{"type":"Polygon","coordinates":[[[140.408264,40.18142],[140.379553,40.203266],[140.334369,40.223307],[140.329074,40.203429],[140.387763,40.175943],[140.39099,40.175959],[140.408264,40.18142]]]},"properties":{}},"extra":false},
    {"code":9920904,"id":"b64929","name":"大野台","original_name":"大野台","name_kana":"おおのだい","closed":false,"lat":40.186975,"lng":140.340777,"prefecture":5,"lines":[99209,10207],"attr":"eco","postal_code":"018-4231","address":"北秋田市上杉","open_date":"1965-04-20","voronoi":{"type":"Feature","geometry":{"type":"Polygon","coordinates":[[[140.350392,40.167887],[140.310339,40.184298],[140.329074,40.203429],[140.387763,40.175943],[140.350392,40.167887]]]},"properties":{}},"extra":false},
    {"code":9920905,"id":"383db2","name":"合川","original_name":"合川","name_kana":"あいかわ","closed":false,"lat":40.161033,"lng":140.330148,"prefecture":5,"lines":[99209,10207],"attr":"eco","postal_code":"018-4221","address":"北秋田市下杉","open_date":"1934-12-10","voronoi":{"type":"Feature","geometry":{"type":"Polygon","coordinates":[[[140.248607,40.032077],[140.245966,40.030603],[140.235513,40.040892],[140.220646,40.072503],[140.275271,40.172704],[140.310339,40.184298],[140.350392,40.167887],[140.248607,40.032077]]]},"properties":{}},"extra":false},
    {"code":9920906,"id":"3bf4a7","name":"上杉","original_name":"上杉","name_kana":"かみすぎ","closed":false,"lat":40.146533,"lng":140.349495,"prefecture":5,"lines":[99209,10207],"attr":"eco","postal_code":"018-4231","address":"北秋田市上杉","open_date":"1965-11-21","voronoi":{"type":"Feature","geometry":{"type":"Polygon","coordinates":[[[140.299846,40.056737],[140.39099,40.175959],[140.387763,40.175943],[140.350392,40.167887],[140.248607,40.032077],[140.287094,40.049722],[140.299846,40.056737]]]},"properties":{}},"extra":false},
    {"code":9920907,"id":"e68df1","name":"米内沢","original_name":"米内沢","name_kana":"よないざわ","closed":false,"lat":40.128199,"lng":140.373477,"prefecture":5,"lines":[99209,10207],"attr":"eco","postal_code":"018-4301","address":"北秋田市米内沢","open_date":"1934-12-10","voronoi":{"type":"Feature","geometry":{"type":"Polygon","coordinates":[[[140.434595,40.179949],[140.378255,40.085832],[140.299846,40.056737],[140.39099,40.175959],[140.408264,40.18142],[140.424317,40.181986],[140.434595,40.179949]]]},"properties":{}},"extra":false},
    {"code":9920908,"id":"2872e1","name":"桂瀬","original_name":"桂瀬","name_kana":"かつらせ","closed":false,"lat":40.101634,"lng":140.417854,"prefecture":5,"lines":[99209,10207],"attr":"eco","postal_code":"018-4516","address":"北秋田市桂瀬","open_date":"1935-11-15","voronoi":{"type":"Feature","geometry":{"type":"Polygon","coordinates":[[[140.378255,40.085832],[140.434595,40.179949],[140.454638,40.182635],[140.482069,40.17783],[140.486629,40.175775],[140.56482,40.081029],[140.392259,40.081556],[140.378255,40.085832]]]},"properties":{}},"extra":false},
    {"code":9920909,"id":"7a79c8","name":"阿仁前田温泉","original_name":"阿仁前田温泉","name_kana":"あにまえだおんせん","closed":false,"lat":40.061322,"lng":140.417731,"prefecture":5,"lines":[99209,10207],"attr":"eco","postal_code":"018-4513","address":"北秋田市小又","open_date":"1935-11-15","voronoi":{"type":"Feature","geometry":{"type":"Polygon","coordinates":[[[140.392259,40.081556],[140.56482,40.081029],[140.565652,40.080263],[140.575464,40.065593],[140.493196,40.008701],[140.458664,40.017938],[140.420382,40.040988],[140.392259,40.081556]]]},"properties":{}},"extra":false},
    {"code":9920910,"id":"a553fc","name":"前田南","original_name":"前田南","name_kana":"まえだみなみ","closed":false,"lat":40.050604,"lng":140.40227,"prefecture":5,"lines":[99209,10207],"attr":"eco","postal_code":"018-4514","address":"北秋田市五味堀","open_date":"1963-12-10","voronoi":{"type":"Feature","geometry":{"type":"Polygon","coordinates":[[[140.287094,40.049722],[140.299846,40.056737],[140.378255,40.085832],[140.392259,40.081556],[140.420382,40.040988],[140.287094,40.049722]]]},"properties":{}},"extra":false},
    {"code":9920911,"id":"d37f3b","name":"小渕","original_name":"小渕","name_kana":"こぶち","closed":false,"lat":40.033817,"lng":140.40117,"prefecture":5,"lines":[99209,10207],"attr":"eco","postal_code":"018-4602","address":"北秋田市阿仁小渕","open_date":"1936-09-25","voronoi":{"type":"Feature","geometry":{"type":"Polygon","coordinates":[[[140.420382,40.040988],[140.458664,40.017938],[140.250681,40.015621],[140.245966,40.030603],[140.248607,40.032077],[140.287094,40.049722],[140.420382,40.040988]]]},"properties":{}},"extra":false},
    {"code":9920912,"id":"8ab524","name":"阿仁合","original_name":"阿仁合","name_kana":"あにあい","closed":false,"lat":40.000782,"lng":140.401538,"prefecture":5,"lines":[99209,10207],"attr":"eco","postal_code":"018-4613","address":"北秋田市阿仁銀山","open_date":"1936-09-25","voronoi":{"type":"Feature","geometry":{"type":"Polygon","coordinates":[[[140.493196,40.008701],[140.458664,40.017938],[140.250681,40.015621],[140.25699,39.983791],[140.458664,39.993028],[140.487346,40.000476],[140.493196,40.008701]]]},"properties":{}},"extra":false},
    {"code":9920913,"id":"3069c8","name":"荒瀬","original_name":"荒瀬","name_kana":"あらせ","closed":false,"lat":39.980085,"lng":140.402486,"prefecture":5,"lines":[99209,10207],"attr":"eco","postal_code":"018-4621","address":"北秋田市阿仁荒瀬","open_date":"1963-10-15","voronoi":{"type":"Feature","geometry":{"type":"Polygon","coordinates":[[[140.25699,39.983791],[140.264486,39.923863],[140.35629,39.945489],[140.458664,39.993028],[140.25699,39.983791]]]},"properties":{}},"extra":false},
    {"code":9920914,"id":"6aad41","name":"萱草","original_name":"萱草","name_kana":"かやくさ","closed":false,"lat":39.95846,"lng":140.412528,"prefecture":5,"lines":[99209,10207],"attr":"eco","postal_code":"018-4745","address":"北秋田市阿仁萱草","open_date":"1963-10-15","voronoi":{"type":"Feature","geometry":{"type":"Polygon","coordinates":[[[140.437026,39.94737],[140.35629,39.945489],[140.458664,39.993028],[140.487346,40.000476],[140.481588,39.985205],[140.467594,39.962247],[140.437026,39.94737]]]},"properties":{}},"extra":false},
    {"code":9920915,"id":"bfa46b","name":"笑内","original_name":"笑内","name_kana":"おかしない","closed":false,"lat":39.935151,"lng":140.413071,"prefecture":5,"lines":[99209,10207],"attr":"eco","postal_code":"018-4743","address":"北秋田市阿仁笑内","open_date":"1963-10-15","voronoi":{"type":"Feature","geometry":{"type":"Polygon","coordinates":[[[140.261909,39.841011],[140.326653,39.807901],[140.437026,39.94737],[140.35629,39.945489],[140.264486,39.923863],[140.261909,39.841011]]]},"properties":{}},"extra":false},
    {"code":9920916,"id":"f93e17","name":"岩野目","original_name":"岩野目","name_kana":"いわのめ","closed":false,"lat":39.921248,"lng":140.430639,"prefecture":5,"lines":[99209,10207],"attr":"eco","postal_code":"018-4742","address":"北秋田市阿仁幸屋渡","open_date":"1963-10-15","voronoi":{"type":"Feature","geometry":{"type":"Polygon","coordinates":[[[140.437026,39.94737],[140.326653,39.807901],[140.352677,39.792102],[140.464674,39.944506],[140.467594,39.962247],[140.437026,39.94737]]]},"properties":{}},"extra":false},
    {"code":9920917,"id":"659ef0","name":"比立内","original_name":"比立内","name_kana":"ひたちない","closed":false,"lat":39.905078,"lng":140.452643,"prefecture":5,"lines":[99209,10207],"attr":"heat","postal_code":"018-4735","address":"北秋田市阿仁比立内","open_date":"1963-10-15","voronoi":{"type":"Feature","geometry":{"type":"Polygon","coordinates":[[[140.487277,39.816265],[140.464674,39.944506],[140.352677,39.792102],[140.405032,39.753427],[140.407258,39.752401],[140.411196,39.754216],[140.471313,39.792423],[140.487277,39.816265]]]},"properties":{}},"extra":false}
  ],
  "closed_date":"1986-11-01",
  "extra":true
}