{
  "code":10211,
  "id":2048,
  "name":"川俣線",
  "name_kana":"かわまたせん",
  "name_formal":"国鉄川俣線",
  "station_size":3,
  "company_code":0,
  "closed":true,
  "station_list":[
    {"code":1123121,"id":1206,"name":"松川","original_name":"松川","name_kana":"まつかわ","closed":false,"lat":37.653825,"lng":140.48442,"prefecture":7,"lines":[11231,10211],"attr":"cool","postal_code":"960-1241","address":"福島市松川町字原","voronoi":{"type":"Feature","geometry":{"type":"Polygon","coordinates":[[[140.44921,37.644133],[140.514089,37.615812],[140.508804,37.704394],[140.494349,37.698527],[140.44921,37.644133]]]},"properties":{}},"extra":false},
    {"code":1021102,"id":20771,"name":"岩代飯野","original_name":"岩代飯野","name_kana":"いわしろいいの","closed":true,"lat":37.657083,"lng":140.539028,"prefecture":7,"lines":[10211],"postal_code":"960-1301","address":"福島県福島市飯野町後川１８−８","open_date":"1926-03-01","closed_date":"1972-05-14","voronoi":{"type":"Feature","geometry":{"type":"Polygon","coordinates":[[[140.554931,37.733013],[140.581877,37.554158],[140.568962,37.552015],[140.552837,37.553465],[140.514089,37.615812],[140.508804,37.704394],[140.529673,37.730394],[140.532576,37.732768],[140.540466,37.733366],[140.554931,37.733013]]]},"properties":{}},"extra":true},
    {"code":1021103,"id":20772,"name":"岩代川俣","original_name":"岩代川俣","name_kana":"いわしろかわまた","closed":true,"lat":37.665139,"lng":140.5925,"prefecture":7,"lines":[10211],"postal_code":"960-1406","address":"福島県伊達郡川俣町大字鶴沢笛田４−１","open_date":"1926-03-01","closed_date":"1972-05-14","voronoi":{"type":"Feature","geometry":{"type":"Polygon","coordinates":[[[140.754838,37.743465],[140.71065,37.74875],[140.668996,37.751235],[140.651603,37.751284],[140.618328,37.748971],[140.599294,37.745812],[140.575605,37.740131],[140.554931,37.733013],[140.581877,37.554158],[140.672777,37.546819],[140.772848,37.552171],[140.775162,37.558816],[140.781287,37.64396],[140.754838,37.743465]]]},"properties":{}},"extra":true}
  ],
  "closed_date":"1972-05-14",
  "extra":true
}