{
  "code":10404,
  "id":"9c1ef2",
  "name":"三国線",
  "name_kana":"みくにせん",
  "name_formal":"国鉄三国線",
  "station_size":4,
  "company_code":0,
  "closed":true,
  "station_list":[
    {"code":100916,"id":"b8c2ec","name":"芦原温泉","original_name":"芦原温泉","name_kana":"あわらおんせん","closed":false,"lat":36.214542,"lng":136.235069,"prefecture":18,"lines":[1009,99455,10404,99444],"attr":"eco","postal_code":"919-0600","address":"あわら市春宮１丁目","voronoi":{"type":"Feature","geometry":{"type":"Polygon","coordinates":[[[136.21738,36.233246],[136.218938,36.209903],[136.222496,36.197886],[136.251854,36.223111],[136.220606,36.248733],[136.21738,36.233246]]]},"properties":{}},"extra":false},
    {"code":9942017,"id":"f80d98","name":"あわら湯のまち","original_name":"あわら湯のまち","name_kana":"あわらゆのまち","closed":false,"lat":36.223159,"lng":136.193695,"prefecture":18,"lines":[99420,10404],"attr":"cool","postal_code":"910-4103","address":"あわら市二面３３字１-１","voronoi":{"type":"Feature","geometry":{"type":"Polygon","coordinates":[[[136.156498,36.413954],[136.160487,36.340022],[136.185389,36.207662],[136.21738,36.233246],[136.220606,36.248733],[136.188977,36.359355],[136.184498,36.370217],[136.156498,36.413954]]]},"properties":{}},"extra":false},
    {"code":9942020,"id":"a92986","name":"三国(福井)","original_name":"三国","name_kana":"みくに","closed":false,"lat":36.217012,"lng":136.149615,"prefecture":18,"lines":[99420,10404],"attr":"cool","postal_code":"913-0054","address":"坂井市三国町滝谷２３字１-１０","voronoi":{"type":"Feature","geometry":{"type":"Polygon","coordinates":[[[136.116127,36.133852],[136.11598,36.133768],[136.157359,36.255488],[136.159162,36.235965],[136.135823,36.148176],[136.13412,36.146254],[136.125266,36.139836],[136.116127,36.133852]]]},"properties":{}},"extra":false},
    {"code":9942021,"id":"080e30","name":"三国港","original_name":"三国港","name_kana":"みくにみなと","closed":false,"lat":36.220264,"lng":136.140049,"prefecture":18,"lines":[99420,10404],"attr":"cool","postal_code":"913-0056","address":"坂井市三国町宿２３字","voronoi":{"type":"Feature","geometry":{"type":"Polygon","coordinates":[[[136.017411,36.71656],[135.997461,36.753247],[135.991187,36.7619],[135.609643,37.260792],[134.618957,37.972628],[134.775885,37.57024],[135.403378,36.305489],[136.062116,36.100993],[136.082666,36.112124],[136.11598,36.133768],[136.157359,36.255488],[136.160487,36.340022],[136.156498,36.413954],[136.017411,36.71656]]]},"properties":{}},"extra":false}
  ],
  "closed_date":"1972-03-01",
  "extra":true
}