{
  "code":10503,
  "id":"e63e70",
  "name":"清水港線",
  "name_kana":"しみずこうせん",
  "name_formal":"国鉄清水港線",
  "station_size":5,
  "company_code":0,
  "closed":true,
  "station_list":[
    {"code":1150115,"id":"a2014a","name":"清水(静岡)","original_name":"清水","name_kana":"しみず","closed":false,"lat":35.023248,"lng":138.488958,"prefecture":22,"lines":[11501,10503],"attr":"cool","postal_code":"424-0816","address":"静岡市清水区真砂町","voronoi":{"type":"Feature","geometry":{"type":"Polygon","coordinates":[[[138.470439,35.032578],[138.466404,35.037108],[138.433631,35.118536],[138.513241,35.029098],[138.508111,35.0212],[138.498204,35.01787],[138.482508,35.021466],[138.470439,35.032578]]]},"properties":{}},"extra":false},
    {"code":1050302,"id":"6d76f6","name":"清水埠頭","original_name":"清水埠頭","name_kana":"しみずふとう","closed":true,"lat":35.008,"lng":138.494083,"prefecture":22,"lines":[10503],"postal_code":"424-0943","address":"静岡県静岡市清水区港町２丁目１０-１","open_date":"1930-02-01","closed_date":"1984-04-01","voronoi":{"type":"Feature","geometry":{"type":"Polygon","coordinates":[[[138.498204,35.01787],[138.486631,35.009506],[138.483977,35.004568],[138.482832,35.000867],[138.505974,35.006595],[138.508111,35.0212],[138.498204,35.01787]]]},"properties":{}},"extra":true},
    {"code":1050303,"id":"bd0e2a","name":"巴川口","original_name":"巴川口","name_kana":"ともえがわぐち","closed":true,"lat":34.999806,"lng":138.496111,"prefecture":22,"lines":[10503],"postal_code":"424-0924","address":"静岡県静岡市清水区清開１丁目１","open_date":"1944-07-01","closed_date":"1984-04-01","voronoi":{"type":"Feature","geometry":{"type":"Polygon","coordinates":[[[138.468861,34.954441],[138.4682,34.971035],[138.470102,34.981291],[138.471169,34.984613],[138.482832,35.000867],[138.505974,35.006595],[138.507605,34.999124],[138.468861,34.954441]]]},"properties":{}},"extra":true},
    {"code":1050304,"id":"b5b966","name":"折戸","original_name":"折戸","name_kana":"おりど","closed":true,"lat":34.987843,"lng":138.509908,"prefecture":22,"lines":[10503],"postal_code":"424-0902","address":"静岡県静岡市清水区折戸２丁目１","open_date":"1944-12-01","closed_date":"1984-04-01","voronoi":{"type":"Feature","geometry":{"type":"Polygon","coordinates":[[[138.468861,34.954441],[138.466056,34.933564],[138.463799,34.901015],[138.464139,34.888306],[138.528479,34.74073],[138.589375,34.639862],[138.696921,34.800828],[138.725923,34.848785],[138.725181,34.896652],[138.507605,34.999124],[138.468861,34.954441]]]},"properties":{}},"extra":true},
    {"code":1050305,"id":"d579b2","name":"三保","original_name":"三保","name_kana":"みほ","closed":true,"lat":35.004534,"lng":138.517769,"prefecture":22,"lines":[10503],"postal_code":"424-0901","address":"静岡県静岡市清水区三保３５６２三保ふれあい広場","open_date":"1944-07-01","closed_date":"1984-04-01","voronoi":{"type":"Feature","geometry":{"type":"Polygon","coordinates":[[[138.725181,34.896652],[138.507605,34.999124],[138.505974,35.006595],[138.508111,35.0212],[138.513241,35.029098],[138.615835,35.020344],[138.616839,35.019748],[138.69759,34.956343],[138.71932,34.918785],[138.725379,34.904911],[138.725181,34.896652]]]},"properties":{}},"extra":true}
  ],
  "closed_date":"1984-04-01",
  "extra":true
}