{
  "code":10505,
  "id":"ce3335",
  "name":"二俣線",
  "name_kana":"ふたまたせん",
  "name_formal":"国鉄二俣線",
  "station_size":28,
  "company_code":0,
  "closed":true,
  "station_list":[
    {"code":100209,"id":"adfe18","name":"掛川","original_name":"掛川","name_kana":"かけがわ","closed":false,"lat":34.769463,"lng":138.014937,"prefecture":22,"lines":[1002,11501,99505,10505],"attr":"eco","postal_code":"436-0024","address":"掛川市南西郷","voronoi":{"type":"Feature","geometry":{"type":"Polygon","coordinates":[[[138.03427,34.618527],[138.004275,34.711398],[138.009699,34.808536],[138.012324,34.829553],[138.028283,34.84907],[138.048904,34.833308],[138.05287,34.828182],[138.056147,34.823579],[138.056541,34.822971],[138.03427,34.618527]]]},"properties":{}},"extra":false},
    {"code":9950503,"id":"6e4225","name":"西掛川","original_name":"西掛川","name_kana":"にしかけがわ","closed":false,"lat":34.771952,"lng":137.99501,"prefecture":22,"lines":[99505,10505],"attr":"eco","postal_code":"436-0043","address":"掛川市大池","voronoi":{"type":"Feature","geometry":{"type":"Polygon","coordinates":[[[138.000648,34.818287],[138.005464,34.823566],[138.012324,34.829553],[138.009699,34.808536],[137.988875,34.744262],[137.97962,34.759931],[137.992242,34.804757],[138.000648,34.818287]]]},"properties":{}},"extra":false},
    {"code":9950504,"id":"886f9c","name":"桜木(静岡)","original_name":"桜木","name_kana":"さくらぎ","closed":false,"lat":34.778216,"lng":137.972764,"prefecture":22,"lines":[99505,10505],"attr":"eco","postal_code":"436-0224","address":"掛川市富部","voronoi":{"type":"Feature","geometry":{"type":"Polygon","coordinates":[[[137.97962,34.759931],[137.954526,34.770662],[137.990781,34.803632],[137.992242,34.804757],[137.97962,34.759931]]]},"properties":{}},"extra":false},
    {"code":9950506,"id":"ff4df0","name":"細谷(静岡)","original_name":"細谷","name_kana":"ほそや","closed":false,"lat":34.792705,"lng":137.961606,"prefecture":22,"lines":[99505,10505],"attr":"eco","postal_code":"436-0112","address":"掛川市細谷","voronoi":{"type":"Feature","geometry":{"type":"Polygon","coordinates":[[[137.923887,34.786161],[137.921862,34.782265],[137.931375,34.775658],[137.990781,34.803632],[137.992242,34.804757],[138.000648,34.818287],[137.923887,34.786161]]]},"properties":{}},"extra":false},
    {"code":9950507,"id":"7b6fd0","name":"原谷","original_name":"原谷","name_kana":"はらのや","closed":false,"lat":34.808434,"lng":137.955023,"prefecture":22,"lines":[99505,10505],"attr":"eco","postal_code":"436-0111","address":"掛川市本郷","voronoi":{"type":"Feature","geometry":{"type":"Polygon","coordinates":[[[138.005464,34.823566],[137.934362,34.810784],[137.932213,34.808531],[137.926683,34.796895],[137.923887,34.786161],[138.000648,34.818287],[138.005464,34.823566]]]},"properties":{}},"extra":false},
    {"code":9950509,"id":"a060e3","name":"戸綿","original_name":"戸綿","name_kana":"とわた","closed":false,"lat":34.831311,"lng":137.931038,"prefecture":22,"lines":[99505,10505],"attr":"eco","postal_code":"437-0213","address":"周智郡森町睦実","voronoi":{"type":"Feature","geometry":{"type":"Polygon","coordinates":[[[137.922968,34.981335],[137.92804,34.8193],[137.932213,34.808531],[137.934362,34.810784],[137.985467,34.911235],[137.931746,34.983708],[137.922968,34.981335]]]},"properties":{}},"extra":false},
    {"code":9950510,"id":"8ad1b0","name":"遠州森","original_name":"遠州森","name_kana":"えんしゅうもり","closed":false,"lat":34.8311,"lng":137.924297,"prefecture":22,"lines":[99505,10505],"attr":"eco","postal_code":"437-0215","address":"周智郡森町森","voronoi":{"type":"Feature","geometry":{"type":"Polygon","coordinates":[[[137.891093,34.868351],[137.888258,34.903167],[137.889137,34.908238],[137.907776,34.977591],[137.922968,34.981335],[137.92804,34.8193],[137.891093,34.868351]]]},"properties":{}},"extra":false},
    {"code":9950512,"id":"1499d7","name":"遠江一宮","original_name":"遠江一宮","name_kana":"とおとうみいちのみや","closed":false,"lat":34.818045,"lng":137.889145,"prefecture":22,"lines":[99505,10505],"attr":"eco","postal_code":"437-0226","address":"周智郡森町一宮","voronoi":{"type":"Feature","geometry":{"type":"Polygon","coordinates":[[[137.859336,34.769311],[137.883939,34.768372],[137.904499,34.778245],[137.891889,34.862809],[137.89109,34.865627],[137.859336,34.769311]]]},"properties":{}},"extra":false},
    {"code":9950513,"id":"0a4687","name":"敷地","original_name":"敷地","name_kana":"しきじ","closed":false,"lat":34.826218,"lng":137.864355,"prefecture":22,"lines":[99505,10505],"attr":"eco","postal_code":"438-0106","address":"磐田市敷地","voronoi":{"type":"Feature","geometry":{"type":"Polygon","coordinates":[[[137.891093,34.868351],[137.888258,34.903167],[137.872272,34.877335],[137.835765,34.794855],[137.840646,34.776031],[137.842997,34.769771],[137.855175,34.768501],[137.859336,34.769311],[137.89109,34.865627],[137.891093,34.868351]]]},"properties":{}},"extra":false},
    {"code":9950514,"id":"a1c0b3","name":"豊岡(静岡)","original_name":"豊岡","name_kana":"とよおか","closed":false,"lat":34.837105,"lng":137.839758,"prefecture":22,"lines":[99505,10505],"attr":"eco","postal_code":"438-0113","address":"磐田市新開","voronoi":{"type":"Feature","geometry":{"type":"Polygon","coordinates":[[[137.820911,34.829139],[137.821278,34.82395],[137.825783,34.810219],[137.835765,34.794855],[137.872272,34.877335],[137.820911,34.829139]]]},"properties":{}},"extra":false},
    {"code":9950515,"id":"48a338","name":"上野部","original_name":"上野部","name_kana":"かみのべ","closed":false,"lat":34.847442,"lng":137.830058,"prefecture":22,"lines":[99505,10505],"attr":"eco","postal_code":"438-0111","address":"磐田市上野部","voronoi":{"type":"Feature","geometry":{"type":"Polygon","coordinates":[[[137.818993,34.848084],[137.819482,34.832304],[137.820911,34.829139],[137.872272,34.877335],[137.888258,34.903167],[137.889137,34.908238],[137.818993,34.848084]]]},"properties":{}},"extra":false},
    {"code":9950516,"id":"cba1fc","name":"天竜二俣","original_name":"天竜二俣","name_kana":"てんりゅうふたまた","closed":false,"lat":34.859118,"lng":137.820045,"prefecture":22,"lines":[99505,10505],"attr":"eco","postal_code":"431-3311","address":"浜松市天竜区二俣町阿蔵","voronoi":{"type":"Feature","geometry":{"type":"Polygon","coordinates":[[[137.907776,34.977591],[137.898673,34.978812],[137.890666,34.978205],[137.85302,34.972183],[137.822352,34.965343],[137.81607,34.850935],[137.818993,34.848084],[137.889137,34.908238],[137.907776,34.977591]]]},"properties":{}},"extra":false},
    {"code":9950517,"id":"ce43d0","name":"二俣本町","original_name":"二俣本町","name_kana":"ふたまたほんまち","closed":false,"lat":34.859504,"lng":137.813015,"prefecture":22,"lines":[99505,10505],"attr":"eco","postal_code":"431-3314","address":"浜松市天竜区二俣町二俣","voronoi":{"type":"Feature","geometry":{"type":"Polygon","coordinates":[[[137.745699,34.933478],[137.758577,34.891895],[137.762897,34.886067],[137.78888,34.861659],[137.81607,34.850935],[137.822352,34.965343],[137.805955,34.962253],[137.780125,34.954037],[137.751167,34.93709],[137.745699,34.933478]]]},"properties":{}},"extra":false},
    {"code":9950518,"id":"79a480","name":"西鹿島","original_name":"西鹿島","name_kana":"にしかじま","closed":false,"lat":34.846758,"lng":137.807988,"prefecture":22,"lines":[99505,99506,10505],"attr":"eco","postal_code":"431-3312","address":"浜松市天竜区二俣町南鹿島","voronoi":{"type":"Feature","geometry":{"type":"Polygon","coordinates":[[[137.799644,34.843287],[137.78888,34.861659],[137.81607,34.850935],[137.818993,34.848084],[137.819482,34.832304],[137.799644,34.843287]]]},"properties":{}},"extra":false},
    {"code":9950519,"id":"e238c6","name":"岩水寺","original_name":"岩水寺","name_kana":"がんすいじ","closed":false,"lat":34.837705,"lng":137.792537,"prefecture":22,"lines":[99505,10505],"attr":"eco","postal_code":"434-0016","address":"浜松市浜北区根堅","voronoi":{"type":"Feature","geometry":{"type":"Polygon","coordinates":[[[137.78888,34.861659],[137.762897,34.886067],[137.786046,34.826562],[137.794582,34.83023],[137.799644,34.843287],[137.78888,34.861659]]]},"properties":{}},"extra":false},
    {"code":9950520,"id":"944db8","name":"宮口","original_name":"宮口","name_kana":"みやぐち","closed":false,"lat":34.830389,"lng":137.773731,"prefecture":22,"lines":[99505,10505],"attr":"cool","postal_code":"434-0004","address":"浜松市浜北区宮口","voronoi":{"type":"Feature","geometry":{"type":"Polygon","coordinates":[[[137.777232,34.812049],[137.769849,34.808371],[137.761264,34.806034],[137.750223,34.80505],[137.758577,34.891895],[137.762897,34.886067],[137.786046,34.826562],[137.783882,34.818636],[137.777232,34.812049]]]},"properties":{}},"extra":false},
    {"code":9950522,"id":"3a1f94","name":"都田","original_name":"都田","name_kana":"みやこだ","closed":false,"lat":34.828223,"lng":137.718272,"prefecture":22,"lines":[99505,10505],"attr":"cool","postal_code":"431-2102","address":"浜松市北区都田町","voronoi":{"type":"Feature","geometry":{"type":"Polygon","coordinates":[[[137.740277,34.79773],[137.738941,34.796727],[137.692127,34.847519],[137.675114,34.903617],[137.681494,34.909558],[137.688398,34.912714],[137.740277,34.79773]]]},"properties":{}},"extra":false},
    {"code":9950524,"id":"e607d6","name":"金指","original_name":"金指","name_kana":"かなさし","closed":false,"lat":34.816951,"lng":137.681103,"prefecture":22,"lines":[99505,10505],"attr":"cool","postal_code":"431-2213","address":"浜松市北区引佐町金指","voronoi":{"type":"Feature","geometry":{"type":"Polygon","coordinates":[[[137.650769,34.88954],[137.675114,34.903617],[137.692127,34.847519],[137.700394,34.768395],[137.692489,34.761671],[137.68994,34.759839],[137.650769,34.88954]]]},"properties":{}},"extra":false},
    {"code":9950526,"id":"158bea","name":"気賀","original_name":"気賀","name_kana":"きが","closed":false,"lat":34.80722,"lng":137.651937,"prefecture":22,"lines":[99505,10505],"attr":"cool","postal_code":"431-1305","address":"浜松市北区細江町気賀","voronoi":{"type":"Feature","geometry":{"type":"Polygon","coordinates":[[[137.65513,34.745934],[137.640945,34.778596],[137.625196,34.876409],[137.632578,34.880828],[137.680057,34.752201],[137.65513,34.745934]]]},"properties":{}},"extra":false},
    {"code":9950527,"id":"fecc7c","name":"西気賀","original_name":"西気賀","name_kana":"にしきが","closed":false,"lat":34.802323,"lng":137.621523,"prefecture":22,"lines":[99505,10505],"attr":"cool","postal_code":"431-1305","address":"浜松市北区細江町気賀","voronoi":{"type":"Feature","geometry":{"type":"Polygon","coordinates":[[[137.640945,34.778596],[137.604777,34.805231],[137.59595,34.820127],[137.594561,34.824204],[137.589308,34.86235],[137.604692,34.869381],[137.625196,34.876409],[137.640945,34.778596]]]},"properties":{}},"extra":false},
    {"code":9950528,"id":"ed1d06","name":"寸座","original_name":"寸座","name_kana":"すんざ","closed":false,"lat":34.790102,"lng":137.612523,"prefecture":22,"lines":[99505,10505],"attr":"cool","postal_code":"432-0000","address":"浜松市北区細江町気賀","voronoi":{"type":"Feature","geometry":{"type":"Polygon","coordinates":[[[137.649232,34.741863],[137.65513,34.745934],[137.640945,34.778596],[137.604777,34.805231],[137.609492,34.739952],[137.624328,34.738548],[137.649232,34.741863]]]},"properties":{}},"extra":false},
    {"code":9950529,"id":"ffa3cf","name":"浜名湖佐久米","original_name":"浜名湖佐久米","name_kana":"はまなこさくめ","closed":false,"lat":34.789146,"lng":137.599286,"prefecture":22,"lines":[99505,10505],"attr":"cool","postal_code":"431-1401","address":"浜松市北区三ヶ日町佐久米","voronoi":{"type":"Feature","geometry":{"type":"Polygon","coordinates":[[[137.604777,34.805231],[137.59595,34.820127],[137.588135,34.741636],[137.591046,34.739496],[137.591735,34.739276],[137.609492,34.739952],[137.604777,34.805231]]]},"properties":{}},"extra":false},
    {"code":9950530,"id":"faf625","name":"東都筑","original_name":"東都筑","name_kana":"ひがしつづき","closed":false,"lat":34.790412,"lng":137.586571,"prefecture":22,"lines":[99505,10505],"attr":"cool","postal_code":"431-1402","address":"浜松市北区三ヶ日町都筑","voronoi":{"type":"Feature","geometry":{"type":"Polygon","coordinates":[[[137.567478,34.764167],[137.594561,34.824204],[137.59595,34.820127],[137.588135,34.741636],[137.569226,34.752031],[137.567478,34.764167]]]},"properties":{}},"extra":false},
    {"code":9950531,"id":"871ae0","name":"都筑","original_name":"都筑","name_kana":"つづき","closed":false,"lat":34.79585,"lng":137.574516,"prefecture":22,"lines":[99505,10505],"attr":"cool","postal_code":"431-1402","address":"浜松市北区三ヶ日町都筑","voronoi":{"type":"Feature","geometry":{"type":"Polygon","coordinates":[[[137.567478,34.764167],[137.594561,34.824204],[137.589308,34.86235],[137.581862,34.861805],[137.581519,34.861742],[137.560377,34.78992],[137.56056,34.783226],[137.567478,34.764167]]]},"properties":{}},"extra":false},
    {"code":9950532,"id":"e43a84","name":"三ヶ日","original_name":"三ヶ日","name_kana":"みっかび","closed":false,"lat":34.802565,"lng":137.551705,"prefecture":22,"lines":[99505,10505],"attr":"heat","postal_code":"431-1414","address":"浜松市北区三ヶ日町三ヶ日1148-3","voronoi":{"type":"Feature","geometry":{"type":"Polygon","coordinates":[[[137.528229,34.854777],[137.529119,34.855085],[137.558817,34.86171],[137.581519,34.861742],[137.560377,34.78992],[137.501888,34.834943],[137.520235,34.850566],[137.52382,34.8527],[137.528229,34.854777]]]},"properties":{}},"extra":false},
    {"code":9950534,"id":"cf4bf6","name":"尾奈","original_name":"尾奈","name_kana":"おな","closed":false,"lat":34.783958,"lng":137.541755,"prefecture":22,"lines":[99505,10505],"attr":"heat","postal_code":"431-1424","address":"浜松市北区三ヶ日町下尾奈","voronoi":{"type":"Feature","geometry":{"type":"Polygon","coordinates":[[[137.480779,34.813048],[137.480898,34.81319],[137.56056,34.783226],[137.567478,34.764167],[137.569226,34.752031],[137.545448,34.750487],[137.480779,34.813048]]]},"properties":{}},"extra":false},
    {"code":9950535,"id":"4a12e7","name":"知波田","original_name":"知波田","name_kana":"ちばた","closed":false,"lat":34.753069,"lng":137.511873,"prefecture":22,"lines":[99505,10505],"attr":"heat","postal_code":"431-0404","address":"湖西市太田","voronoi":{"type":"Feature","geometry":{"type":"Polygon","coordinates":[[[137.480779,34.813048],[137.477567,34.811082],[137.471462,34.762676],[137.472299,34.761906],[137.491724,34.748267],[137.536175,34.741727],[137.545448,34.750487],[137.480779,34.813048]]]},"properties":{}},"extra":false},
    {"code":1150208,"id":"1431d4","name":"新所原","original_name":"新所原","name_kana":"しんじょはら","closed":false,"lat":34.723205,"lng":137.484399,"prefecture":22,"lines":[11502,99505,10505],"attr":"heat","postal_code":"431-0424","address":"湖西市新所原３丁目","voronoi":{"type":"Feature","geometry":{"type":"Polygon","coordinates":[[[137.472299,34.761906],[137.510972,34.678596],[137.508635,34.65601],[137.462509,34.521192],[137.452637,34.566688],[137.463231,34.751523],[137.471462,34.762676],[137.472299,34.761906]]]},"properties":{}},"extra":false}
  ],
  "closed_date":"1987-03-15",
  "extra":true
}