{
  "code":10604,
  "id":2147,
  "name":"篠山線",
  "name_kana":"ささやません",
  "name_formal":"国鉄篠山線",
  "station_size":6,
  "company_code":0,
  "closed":true,
  "station_list":[
    {"code":1162923,"id":3155,"name":"篠山口","original_name":"篠山口","name_kana":"ささやまぐち","closed":false,"lat":35.056223,"lng":135.177452,"prefecture":28,"lines":[11629,11630,10604],"attr":"cool","postal_code":"669-2212","address":"篠山市大沢","voronoi":{"type":"Feature","geometry":{"type":"Polygon","coordinates":[[[135.204484,35.043021],[135.14856,35.0508],[135.197023,35.07757],[135.204484,35.043021]]]},"properties":{}},"extra":false},
    {"code":1060402,"id":21446,"name":"篠山","original_name":"篠山","name_kana":"ささやま","closed":true,"lat":35.066201,"lng":135.223659,"prefecture":28,"lines":[10604],"postal_code":"669-2451","address":"兵庫県丹波篠山市北２１６","open_date":"1944-03-21","closed_date":"1972-03-01","voronoi":{"type":"Feature","geometry":{"type":"Polygon","coordinates":[[[135.197023,35.07757],[135.204484,35.043021],[135.234969,34.990846],[135.250864,34.987109],[135.229405,35.171654],[135.205808,35.156087],[135.197023,35.07757]]]},"properties":{}},"extra":true},
    {"code":1060403,"id":21447,"name":"八上","original_name":"八上","name_kana":"やかみ","closed":true,"lat":35.070333,"lng":135.259194,"prefecture":28,"lines":[10604],"postal_code":"669-2446","address":"兵庫県丹波篠山市八上上４２９−６","open_date":"1944-03-21","closed_date":"1972-03-01","voronoi":{"type":"Feature","geometry":{"type":"Polygon","coordinates":[[[135.250864,34.987109],[135.229405,35.171654],[135.244611,35.185916],[135.255406,35.186256],[135.273518,35.119276],[135.267278,34.979716],[135.264426,34.980617],[135.250864,34.987109]]]},"properties":{}},"extra":true},
    {"code":1060404,"id":21448,"name":"丹波日置","original_name":"丹波日置","name_kana":"たんばひおき","closed":true,"lat":35.06925,"lng":135.283417,"prefecture":28,"lines":[10604],"postal_code":"669-2441","address":"兵庫県丹波篠山市日置３０３−４","open_date":"1944-03-21","closed_date":"1972-03-01","voronoi":{"type":"Feature","geometry":{"type":"Polygon","coordinates":[[[135.304236,34.964864],[135.28963,34.969204],[135.267278,34.979716],[135.273518,35.119276],[135.314156,35.045614],[135.317767,34.973989],[135.304236,34.964864]]]},"properties":{}},"extra":true},
    {"code":1060405,"id":21449,"name":"村雲","original_name":"村雲","name_kana":"むらくも","closed":true,"lat":35.084222,"lng":135.310556,"prefecture":28,"lines":[10604],"postal_code":"669-2526","address":"兵庫県丹波篠山市向井４２５","open_date":"1944-03-21","closed_date":"1972-03-01","voronoi":{"type":"Feature","geometry":{"type":"Polygon","coordinates":[[[135.332609,35.178018],[135.261831,35.187985],[135.255406,35.186256],[135.273518,35.119276],[135.314156,35.045614],[135.356288,35.157283],[135.332609,35.178018]]]},"properties":{}},"extra":true},
    {"code":1060406,"id":21450,"name":"福住(兵庫)","original_name":"福住","name_kana":"ふくすみ","closed":true,"lat":35.072222,"lng":135.342361,"prefecture":28,"lines":[10604],"postal_code":"669-2513","address":"兵庫県丹波篠山市福住１６４","open_date":"1944-03-21","closed_date":"1972-03-01","voronoi":{"type":"Feature","geometry":{"type":"Polygon","coordinates":[[[135.314156,35.045614],[135.317767,34.973989],[135.409671,35.002183],[135.428424,35.014115],[135.403828,35.130019],[135.356288,35.157283],[135.314156,35.045614]]]},"properties":{}},"extra":true}
  ],
  "closed_date":"1972-03-01",
  "extra":true
}