{
  "code":10901,
  "id":"3ee6bc",
  "name":"勝田線",
  "name_kana":"かつたせん",
  "name_formal":"国鉄勝田線",
  "station_size":7,
  "company_code":0,
  "closed":true,
  "station_list":[
    {"code":1190230,"id":"2becef","name":"吉塚","original_name":"吉塚","name_kana":"よしづか","closed":false,"lat":33.607142,"lng":130.423674,"prefecture":40,"lines":[11902,11908,10901],"attr":"heat","postal_code":"812-0046","address":"福岡市博多区吉塚本町","voronoi":{"type":"Feature","geometry":{"type":"Polygon","coordinates":[[[130.430943,33.600084],[130.436185,33.602404],[130.436404,33.602949],[130.434354,33.610169],[130.427349,33.612014],[130.4224,33.609796],[130.423786,33.604766],[130.430943,33.600084]]]},"properties":{}},"extra":false},
    {"code":1090102,"id":"2c592d","name":"御手洗","original_name":"御手洗","name_kana":"みたらい","closed":true,"lat":33.606696,"lng":130.451582,"prefecture":40,"lines":[10901],"attr":"unknown","postal_code":"811-2233","address":"福岡県糟屋郡志免町別府北２丁目９-１１志免鉄道公園 (旧御手洗駅)","voronoi":{"type":"Feature","geometry":{"type":"Polygon","coordinates":[[[130.442704,33.604314],[130.45842,33.620129],[130.460314,33.612868],[130.453573,33.600795],[130.442704,33.604314]]]},"properties":{}},"extra":false},
    {"code":1090103,"id":"ec14f1","name":"上亀山","original_name":"上亀山","name_kana":"かみかめやま","closed":true,"lat":33.602196,"lng":130.459642,"prefecture":40,"lines":[10901],"attr":"unknown","postal_code":"811-2205","address":"福岡県糟屋郡志免町別府１丁目２１-１７","voronoi":{"type":"Feature","geometry":{"type":"Polygon","coordinates":[[[130.463429,33.578904],[130.453573,33.600795],[130.460314,33.612868],[130.472661,33.598253],[130.463429,33.578904]]]},"properties":{}},"extra":false},
    {"code":1090104,"id":"53ba29","name":"志免","original_name":"志免","name_kana":"しめ","closed":true,"lat":33.590614,"lng":130.483917,"prefecture":40,"lines":[10901],"attr":"unknown","postal_code":"811-2244","address":"福岡県糟屋郡志免町志免中央２丁目７","voronoi":{"type":"Feature","geometry":{"type":"Polygon","coordinates":[[[130.493016,33.57926],[130.481821,33.565156],[130.477824,33.566679],[130.465534,33.572711],[130.462773,33.575361],[130.463429,33.578904],[130.472661,33.598253],[130.473763,33.598929],[130.490163,33.595617],[130.494148,33.5865],[130.493016,33.57926]]]},"properties":{}},"extra":false},
    {"code":1090105,"id":"e81c05","name":"下宇美","original_name":"下宇美","name_kana":"しもうみ","closed":true,"lat":33.572974,"lng":130.506139,"prefecture":40,"lines":[10901],"attr":"unknown","postal_code":"811-2122","address":"福岡県糟屋郡宇美町明神坂２丁目８","voronoi":{"type":"Feature","geometry":{"type":"Polygon","coordinates":[[[130.486984,33.557892],[130.481821,33.565156],[130.493016,33.57926],[130.499199,33.579688],[130.511402,33.574283],[130.498334,33.548705],[130.494771,33.550581],[130.486984,33.557892]]]},"properties":{}},"extra":false},
    {"code":1191711,"id":"d9ebe0","name":"宇美","original_name":"宇美","name_kana":"うみ","closed":false,"lat":33.569251,"lng":130.513426,"prefecture":40,"lines":[11917,10901],"attr":"heat","postal_code":"811-2101","address":"糟屋郡宇美町大字宇美","voronoi":{"type":"Feature","geometry":{"type":"Polygon","coordinates":[[[130.511402,33.574283],[130.498334,33.548705],[130.503863,33.544536],[130.504248,33.544338],[130.544847,33.587815],[130.543202,33.589165],[130.511402,33.574283]]]},"properties":{}},"extra":false},
    {"code":1090107,"id":"820dec","name":"筑前勝田","original_name":"筑前勝田","name_kana":"ちくぜんかつた","closed":true,"lat":33.555198,"lng":130.528475,"prefecture":40,"lines":[10901],"attr":"unknown","postal_code":"811-2132","address":"福岡県糟屋郡宇美町原田４丁目１９","voronoi":{"type":"Feature","geometry":{"type":"Polygon","coordinates":[[[130.554838,33.583575],[130.571143,33.572302],[130.582945,33.54573],[130.582338,33.541366],[130.513285,33.535769],[130.51019,33.537224],[130.504248,33.544338],[130.544847,33.587815],[130.554838,33.583575]]]},"properties":{}},"extra":false}
  ],
  "closed_date":"1985-04-01",
  "extra":false
}