{
  "code":10907,
  "id":"5e49aa",
  "name":"佐賀線",
  "name_kana":"さがせん",
  "name_formal":"国鉄佐賀線",
  "station_size":12,
  "company_code":0,
  "closed":true,
  "station_list":[
    {"code":1190507,"id":"e660da","name":"佐賀","original_name":"佐賀","name_kana":"さが","closed":false,"lat":33.264212,"lng":130.297608,"prefecture":41,"lines":[11905,11921,10907],"attr":"heat","postal_code":"840-0801","address":"佐賀市駅前中央１丁目","voronoi":{"type":"Feature","geometry":{"type":"Polygon","coordinates":[[[130.288354,33.235482],[130.317648,33.276499],[130.26692,33.352924],[130.286173,33.233649],[130.288354,33.235482]]]},"properties":{}},"extra":false},
    {"code":1090702,"id":"9ba5ec","name":"東佐賀","original_name":"東佐賀","name_kana":"ひがしさが","closed":true,"lat":33.253556,"lng":130.312528,"prefecture":41,"lines":[10907],"postal_code":"840-0821","address":"佐賀県佐賀市東佐賀町５-１４","open_date":"1939-09-11","closed_date":"1987-03-28","voronoi":{"type":"Feature","geometry":{"type":"Polygon","coordinates":[[[130.333845,33.254186],[130.288354,33.235482],[130.317648,33.276499],[130.341016,33.261048],[130.333845,33.254186]]]},"properties":{}},"extra":true},
    {"code":1090703,"id":"c02a56","name":"南佐賀","original_name":"南佐賀","name_kana":"みなみさが","closed":true,"lat":33.239639,"lng":130.31825,"prefecture":41,"lines":[10907],"postal_code":"840-0016","address":"佐賀県佐賀市南佐賀２丁目２-１０","open_date":"1935-05-25","closed_date":"1987-03-28","voronoi":{"type":"Feature","geometry":{"type":"Polygon","coordinates":[[[130.253678,33.13451],[130.263776,33.173056],[130.286173,33.233649],[130.288354,33.235482],[130.333845,33.254186],[130.2698,33.120531],[130.253678,33.13451]]]},"properties":{}},"extra":true},
    {"code":1090704,"id":"356b78","name":"光法","original_name":"光法","name_kana":"みつのり","closed":true,"lat":33.232917,"lng":130.332278,"prefecture":41,"lines":[10907],"postal_code":"840-0012","address":"佐賀県佐賀市北川副町光法１２６０","open_date":"1938-09-10","closed_date":"1987-03-28","voronoi":{"type":"Feature","geometry":{"type":"Polygon","coordinates":[[[130.271964,33.118412],[130.2698,33.120531],[130.333845,33.254186],[130.341016,33.261048],[130.357492,33.259761],[130.357865,33.256337],[130.316034,33.175966],[130.271964,33.118412]]]},"properties":{}},"extra":true},
    {"code":1090705,"id":"8dd43b","name":"諸富","original_name":"諸富","name_kana":"もろとみ","closed":true,"lat":33.221944,"lng":130.353361,"prefecture":41,"lines":[10907],"postal_code":"840-2102","address":"佐賀県佐賀市諸富町大字為重５２９−５","open_date":"1935-05-25","closed_date":"1987-03-28","voronoi":{"type":"Feature","geometry":{"type":"Polygon","coordinates":[[[130.316034,33.175966],[130.357865,33.256337],[130.36155,33.248863],[130.366552,33.233563],[130.362917,33.223122],[130.348887,33.204507],[130.316034,33.175966]]]},"properties":{}},"extra":true},
    {"code":1090706,"id":"4ab223","name":"筑後若津","original_name":"筑後若津","name_kana":"ちくごわかつ","closed":true,"lat":33.213611,"lng":130.364417,"prefecture":40,"lines":[10907],"postal_code":"831-0005","address":"福岡県大川市向島２４９９−９","open_date":"1938-03-30","closed_date":"1987-03-28","voronoi":{"type":"Feature","geometry":{"type":"Polygon","coordinates":[[[130.362917,33.223122],[130.348887,33.204507],[130.36756,33.210707],[130.368448,33.21216],[130.362917,33.223122]]]},"properties":{}},"extra":true},
    {"code":1090707,"id":"234731","name":"筑後大川","original_name":"筑後大川","name_kana":"ちくごおおかわ","closed":true,"lat":33.2065,"lng":130.366778,"prefecture":40,"lines":[10907],"postal_code":"831-0041","address":"福岡県大川市小保６１２","open_date":"1933-06-17","closed_date":"1987-03-28","voronoi":{"type":"Feature","geometry":{"type":"Polygon","coordinates":[[[130.348887,33.204507],[130.36756,33.210707],[130.374963,33.197715],[130.279629,33.107838],[130.271964,33.118412],[130.316034,33.175966],[130.348887,33.204507]]]},"properties":{}},"extra":true},
    {"code":1090708,"id":"2d9bad","name":"東大川","original_name":"東大川","name_kana":"ひがしおおかわ","closed":true,"lat":33.189028,"lng":130.38325,"prefecture":40,"lines":[10907],"postal_code":"831-0026","address":"福岡県大川市三丸１０３３","open_date":"1956-01-10","closed_date":"1987-03-28","voronoi":{"type":"Feature","geometry":{"type":"Polygon","coordinates":[[[130.307464,33.071947],[130.281249,33.10511],[130.279629,33.107838],[130.374963,33.197715],[130.396678,33.210259],[130.402606,33.210147],[130.402871,33.194297],[130.338521,33.093593],[130.336762,33.091729],[130.312488,33.070994],[130.309844,33.069989],[130.307464,33.071947]]]},"properties":{}},"extra":true},
    {"code":1090709,"id":"4d9051","name":"筑後柳河","original_name":"筑後柳河","name_kana":"ちくごやながわ","closed":true,"lat":33.174278,"lng":130.406333,"prefecture":40,"lines":[10907],"postal_code":"832-0806","address":"福岡県柳川市三橋町柳河９９７","open_date":"1931-09-24","closed_date":"1987-03-28","voronoi":{"type":"Feature","geometry":{"type":"Polygon","coordinates":[[[130.410934,33.167061],[130.411128,33.18555],[130.402871,33.194297],[130.338521,33.093593],[130.386601,33.132775],[130.410934,33.167061]]]},"properties":{}},"extra":true},
    {"code":1090710,"id":"e26f03","name":"百町","original_name":"百町","name_kana":"ひゃくちょう","closed":true,"lat":33.173111,"lng":130.440972,"prefecture":40,"lines":[10907],"postal_code":"832-0821","address":"福岡県柳川市三橋町百町３１９","open_date":"1937-06-10","closed_date":"1987-03-28","voronoi":{"type":"Feature","geometry":{"type":"Polygon","coordinates":[[[130.440677,33.191192],[130.428502,33.177738],[130.42834,33.173924],[130.431092,33.166467],[130.444508,33.155632],[130.44492,33.155495],[130.452296,33.192236],[130.440677,33.191192]]]},"properties":{}},"extra":true},
    {"code":1090711,"id":"5cb0dc","name":"三橋","original_name":"三橋","name_kana":"みつはし","closed":true,"lat":33.170222,"lng":130.455361,"prefecture":40,"lines":[10907],"postal_code":"832-0811","address":"福岡県柳川市三橋町中山１０６４","open_date":"1931-09-24","closed_date":"1987-03-28","voronoi":{"type":"Feature","geometry":{"type":"Polygon","coordinates":[[[130.468055,33.199016],[130.473936,33.171876],[130.465541,33.152943],[130.453468,33.147711],[130.44492,33.155495],[130.452296,33.192236],[130.46781,33.199277],[130.468055,33.199016]]]},"properties":{}},"extra":true},
    {"code":1190323,"id":"b696f6","name":"瀬高","original_name":"瀬高","name_kana":"せたか","closed":false,"lat":33.157,"lng":130.485181,"prefecture":40,"lines":[11903,10907],"attr":"eco","postal_code":"835-0024","address":"みやま市瀬高町下庄２３１５","voronoi":{"type":"Feature","geometry":{"type":"Polygon","coordinates":[[[130.527452,33.115763],[130.465541,33.152943],[130.473936,33.171876],[130.542672,33.151155],[130.566037,33.117346],[130.527452,33.115763]]]},"properties":{}},"extra":false}
  ],
  "closed_date":"1987-03-28",
  "extra":true
}