{
  "code":10916,
  "id":"11eb28",
  "name":"高森線",
  "name_kana":"たかもりせん",
  "name_formal":"国鉄高森線",
  "station_size":6,
  "company_code":0,
  "closed":true,
  "station_list":[
    {"code":1192314,"id":"f35b3c","name":"立野(熊本)","original_name":"立野","name_kana":"たての","closed":false,"lat":32.87757,"lng":130.965403,"prefecture":43,"lines":[11923,99919,10916],"attr":"eco","postal_code":"869-1401","address":"阿蘇郡南阿蘇村立野","voronoi":{"type":"Feature","geometry":{"type":"Polygon","coordinates":[[[130.934382,32.929907],[130.946732,32.803121],[130.995076,32.883147],[130.934382,32.929907]]]},"properties":{}},"extra":false},
    {"code":9991902,"id":"db8f1b","name":"長陽","original_name":"長陽","name_kana":"ちょうよう","closed":false,"lat":32.854287,"lng":131.003945,"prefecture":43,"lines":[99919,10916],"attr":"heat","postal_code":"869-1404","address":"阿蘇郡南阿蘇村河陽","voronoi":{"type":"Feature","geometry":{"type":"Polygon","coordinates":[[[130.946732,32.803121],[130.944254,32.790934],[131.02189,32.865269],[131.033583,32.889793],[131.031191,32.889911],[130.995076,32.883147],[130.946732,32.803121]]]},"properties":{}},"extra":false},
    {"code":9991904,"id":"600c47","name":"阿蘇下田城","original_name":"阿蘇下田城","name_kana":"あそしもだじょう","closed":false,"lat":32.844413,"lng":131.024654,"prefecture":43,"lines":[99919,10916],"attr":"heat","postal_code":"869-1404","address":"阿蘇郡南阿蘇村河陽","voronoi":{"type":"Feature","geometry":{"type":"Polygon","coordinates":[[[131.042599,32.891633],[131.033583,32.889793],[131.02189,32.865269],[131.006645,32.800281],[131.062623,32.884766],[131.055197,32.889184],[131.042599,32.891633]]]},"properties":{}},"extra":false},
    {"code":9991906,"id":"dc98ac","name":"中松","original_name":"中松","name_kana":"なかまつ","closed":false,"lat":32.827381,"lng":131.053594,"prefecture":43,"lines":[99919,10916],"attr":"eco","postal_code":"869-2205","address":"阿蘇郡南阿蘇村中松","voronoi":{"type":"Feature","geometry":{"type":"Polygon","coordinates":[[[130.981496,32.70033],[131.039934,32.646766],[131.07791,32.879719],[131.0722,32.881087],[130.981496,32.70033]]]},"properties":{}},"extra":false},
    {"code":9991907,"id":"88331e","name":"阿蘇白川","original_name":"阿蘇白川","name_kana":"あそしらかわ","closed":false,"lat":32.822368,"lng":131.084345,"prefecture":43,"lines":[99919,10916],"attr":"heat","postal_code":"869-1502","address":"阿蘇郡南阿蘇村白川","voronoi":{"type":"Feature","geometry":{"type":"Polygon","coordinates":[[[131.039934,32.646766],[131.07791,32.879719],[131.084199,32.879959],[131.088166,32.8796],[131.087933,32.771882],[131.060236,32.624656],[131.039934,32.646766]]]},"properties":{}},"extra":false},
    {"code":9991909,"id":"ed98f2","name":"高森","original_name":"高森","name_kana":"たかもり","closed":false,"lat":32.81954,"lng":131.122561,"prefecture":43,"lines":[99919,10916],"attr":"cool","postal_code":"869-1602","address":"阿蘇郡高森町大字高森","voronoi":{"type":"Feature","geometry":{"type":"Polygon","coordinates":[[[131.209294,32.848272],[131.241521,32.81427],[131.142587,32.640656],[131.110413,32.856707],[131.112364,32.878092],[131.157322,32.880033],[131.209294,32.848272]]]},"properties":{}},"extra":false}
  ],
  "closed_date":"1986-04-01",
  "extra":true
}