{
  "code":10912,
  "id":2200,
  "name":"柚木線",
  "name_kana":"ゆのきせん",
  "name_formal":"国鉄柚木線",
  "station_size":3,
  "company_code":0,
  "closed":true,
  "station_list":[
    {"code":9991141,"id":8896,"name":"左石","original_name":"左石","name_kana":"ひだりいし","closed":false,"lat":33.208896,"lng":129.721992,"prefecture":42,"lines":[99911,10912,11936],"attr":"eco","postal_code":"857-0136","address":"佐世保市田原町","voronoi":{"type":"Feature","geometry":{"type":"Polygon","coordinates":[[[129.721192,33.238669],[129.71354,33.202081],[129.721648,33.202677],[129.728866,33.214479],[129.723603,33.238526],[129.721192,33.238669]]]},"properties":{}},"extra":false},
    {"code":1091202,"id":21858,"name":"肥前池野","original_name":"肥前池野","name_kana":"ひぜんいけの","closed":true,"lat":33.212278,"lng":129.737444,"prefecture":42,"lines":[10912],"postal_code":"857-0131","address":"長崎県佐世保市大野町１９７−３","open_date":"1920-03-27","closed_date":"1967-09-01","voronoi":{"type":"Feature","geometry":{"type":"Polygon","coordinates":[[[129.726495,33.239144],[129.723603,33.238526],[129.728866,33.214479],[129.741766,33.193686],[129.7474,33.188467],[129.751837,33.232391],[129.726495,33.239144]]]},"properties":{}},"extra":true},
    {"code":1091203,"id":21859,"name":"柚木(長崎)","original_name":"柚木","name_kana":"ゆのき","closed":true,"lat":33.209806,"lng":129.761917,"prefecture":42,"lines":[10912],"postal_code":"857-0112","address":"長崎県佐世保市柚木町１４８４−２","open_date":"1920-03-27","closed_date":"1967-09-01","voronoi":{"type":"Feature","geometry":{"type":"Polygon","coordinates":[[[129.799559,33.245088],[129.800967,33.240489],[129.805306,33.221029],[129.80612,33.214948],[129.80599,33.203073],[129.804875,33.190569],[129.804657,33.190323],[129.780194,33.182215],[129.748876,33.184392],[129.748628,33.184845],[129.7474,33.188467],[129.751837,33.232391],[129.799559,33.245088]]]},"properties":{}},"extra":true}
  ],
  "closed_date":"1967-09-01",
  "extra":true
}