{
  "code":10915,
  "id":"a2fff3",
  "name":"宮原線",
  "name_kana":"みやのはるせん",
  "name_formal":"国鉄宮原線",
  "station_size":6,
  "company_code":0,
  "closed":true,
  "station_list":[
    {"code":1191320,"id":"5f2a8a","name":"恵良","original_name":"恵良","name_kana":"えら","closed":false,"lat":33.255224,"lng":131.174566,"prefecture":44,"lines":[11913,10915],"attr":"heat","postal_code":"879-4801","address":"玖珠郡九重町大字右田","voronoi":{"type":"Feature","geometry":{"type":"Polygon","coordinates":[[[131.126596,33.237962],[131.161438,33.236093],[131.198388,33.248898],[131.217582,33.270572],[131.225408,33.311353],[131.128736,33.243846],[131.126596,33.237962]]]},"properties":{}},"extra":false},
    {"code":1091502,"id":"30a17d","name":"町田(大分)","original_name":"町田","name_kana":"まちだ","closed":true,"lat":33.215667,"lng":131.172444,"prefecture":44,"lines":[10915],"postal_code":"879-4723","address":"大分県玖珠郡九重町町田４４２−１","open_date":"1937-06-27","closed_date":"1984-12-01","voronoi":{"type":"Feature","geometry":{"type":"Polygon","coordinates":[[[131.161438,33.236093],[131.126596,33.237962],[131.122246,33.233271],[131.128608,33.224029],[131.198943,33.190494],[131.193224,33.209892],[131.161438,33.236093]]]},"properties":{}},"extra":true},
    {"code":1091503,"id":"38132a","name":"宝泉寺","original_name":"宝泉寺","name_kana":"ほうせんじ","closed":true,"lat":33.195235,"lng":131.162702,"prefecture":44,"lines":[10915],"postal_code":"879-4724","address":"大分県玖珠郡九重町菅原１８８２","open_date":"1937-06-27","closed_date":"1984-12-01","voronoi":{"type":"Feature","geometry":{"type":"Polygon","coordinates":[[[131.259806,33.081727],[131.259582,33.102147],[131.198943,33.190494],[131.128608,33.224029],[131.166284,33.11969],[131.205377,33.070248],[131.234178,33.073906],[131.259806,33.081727]]]},"properties":{}},"extra":true},
    {"code":1091504,"id":"380a2d","name":"麻生釣","original_name":"麻生釣","name_kana":"あそづる","closed":true,"lat":33.180096,"lng":131.120776,"prefecture":44,"lines":[10915],"postal_code":"879-4724","address":"大分県玖珠郡九重町菅原７３９−１７","open_date":"1954-03-15","closed_date":"1984-12-01","voronoi":{"type":"Feature","geometry":{"type":"Polygon","coordinates":[[[131.058591,33.199592],[131.055666,33.195796],[131.166284,33.11969],[131.128608,33.224029],[131.122246,33.233271],[131.104794,33.229871],[131.058591,33.199592]]]},"properties":{}},"extra":true},
    {"code":1091505,"id":"e508fe","name":"北里(熊本)","original_name":"北里","name_kana":"きたざと","closed":true,"lat":33.140599,"lng":131.093602,"prefecture":43,"lines":[10915],"postal_code":"869-2505","address":"熊本県阿蘇郡小国町北里４６０","open_date":"1954-03-15","closed_date":"1984-12-01","voronoi":{"type":"Feature","geometry":{"type":"Polygon","coordinates":[[[131.154662,33.044721],[131.205377,33.070248],[131.166284,33.11969],[131.055666,33.195796],[131.044471,33.188957],[131.132946,33.042171],[131.154662,33.044721]]]},"properties":{}},"extra":true},
    {"code":1091506,"id":"18764a","name":"肥後小国","original_name":"肥後小国","name_kana":"ひごおぐに","closed":true,"lat":33.122929,"lng":131.064286,"prefecture":43,"lines":[10915],"postal_code":"869-2501","address":"熊本県阿蘇郡小国町宮原１７５３−３","open_date":"1954-03-15","closed_date":"1984-12-01","voronoi":{"type":"Feature","geometry":{"type":"Polygon","coordinates":[[[130.886508,33.139516],[130.889789,33.14154],[131.044471,33.188957],[131.132946,33.042171],[131.103041,33.033601],[131.092493,33.031882],[131.073628,33.030288],[130.984448,33.040468],[130.932655,33.055536],[130.886508,33.139516]]]},"properties":{}},"extra":true}
  ],
  "closed_date":"1984-12-01",
  "extra":true
}