{
  "code":10914,
  "id":"b8c5f9",
  "name":"世知原線",
  "name_kana":"せちばるせん",
  "name_formal":"国鉄世知原線",
  "station_size":3,
  "company_code":0,
  "closed":true,
  "station_list":[
    {"code":9991127,"id":"aeb267","name":"吉井(長崎)","original_name":"吉井","name_kana":"よしい","closed":false,"lat":33.266395,"lng":129.685271,"prefecture":42,"lines":[99911,10914,11936],"attr":"cool","postal_code":"859-6325","address":"佐世保市吉井町大渡","voronoi":{"type":"Feature","geometry":{"type":"Polygon","coordinates":[[[129.705002,33.276121],[129.674999,33.272453],[129.687586,33.238033],[129.7064,33.243875],[129.705002,33.276121]]]},"properties":{}},"extra":false},
    {"code":1091402,"id":"f50322","name":"祝橋","original_name":"祝橋","name_kana":"いわいばし","closed":true,"lat":33.268139,"lng":129.7255,"prefecture":42,"lines":[10914],"postal_code":"859-6312","address":"長崎県佐世保市吉井町橋口３７","open_date":"1934-02-11","closed_date":"1971-12-26","voronoi":{"type":"Feature","geometry":{"type":"Polygon","coordinates":[[[129.712095,33.241405],[129.7064,33.243875],[129.705002,33.276121],[129.713882,33.305554],[129.733211,33.310021],[129.746175,33.309711],[129.756617,33.30367],[129.726495,33.239144],[129.723603,33.238526],[129.721192,33.238669],[129.712095,33.241405]]]},"properties":{}},"extra":true},
    {"code":1091403,"id":"25225d","name":"世知原","original_name":"世知原","name_kana":"せちばる","closed":true,"lat":33.257,"lng":129.749361,"prefecture":42,"lines":[10914],"postal_code":"859-6408","address":"長崎県佐世保市世知原町栗迎３０−１９","open_date":"1933-10-24","closed_date":"1971-12-26","voronoi":{"type":"Feature","geometry":{"type":"Polygon","coordinates":[[[129.757837,33.303369],[129.77072,33.296266],[129.773745,33.292953],[129.793966,33.260874],[129.800002,33.247317],[129.799559,33.245088],[129.751837,33.232391],[129.726495,33.239144],[129.756617,33.30367],[129.757837,33.303369]]]},"properties":{}},"extra":true}
  ],
  "closed_date":"1971-12-26",
  "extra":true
}