{
  "code":10913,
  "id":"6adbfd",
  "name":"臼ノ浦線",
  "name_kana":"うすのうらせん",
  "name_formal":"国鉄臼ノ浦線",
  "station_size":2,
  "company_code":0,
  "closed":true,
  "station_list":[
    {"code":9991130,"id":"8d7460","name":"佐々","original_name":"佐々","name_kana":"さざ","closed":false,"lat":33.236701,"lng":129.646859,"prefecture":42,"lines":[99911,10913,11936],"attr":"cool","postal_code":"857-0311","address":"北松浦郡佐々町本田原免","voronoi":{"type":"Feature","geometry":{"type":"Polygon","coordinates":[[[129.626126,33.264583],[129.606542,33.261482],[129.626635,33.235606],[129.66101,33.223405],[129.666477,33.224238],[129.668944,33.227167],[129.626126,33.264583]]]},"properties":{}},"extra":false},
    {"code":1091302,"id":"88fd6d","name":"臼ノ浦","original_name":"臼ノ浦","name_kana":"うすのうら","closed":true,"lat":33.216283,"lng":129.620563,"prefecture":42,"lines":[10913],"postal_code":"857-0402","address":"長崎県佐世保市小佐々町小坂１−２０","open_date":"1931-08-29","closed_date":"1971-12-26","voronoi":{"type":"Feature","geometry":{"type":"Polygon","coordinates":[[[129.233332,33.193806],[122.552574,31.459401],[125.367211,30.693323],[128.800912,32.483728],[128.858477,32.514747],[129.384052,32.811289],[129.621301,33.177351],[129.633285,33.202782],[129.634502,33.206623],[129.626635,33.235606],[129.606542,33.261482],[129.596721,33.263497],[129.585005,33.264341],[129.515265,33.259637],[129.233332,33.193806]]]},"properties":{}},"extra":true}
  ],
  "closed_date":"1971-12-26",
  "extra":true
}