{
  "code":11102,
  "id":2,
  "name":"JR函館本線(長万部～小樽)",
  "name_kana":"じぇいあーるはこだてほんせん",
  "station_size":19,
  "company_code":1,
  "closed":false,
  "color":"#ED1C23",
  "symbol":"S",
  "station_list":[
    {"code":1110138,"id":38,"name":"長万部","original_name":"長万部","name_kana":"おしゃまんべ","closed":false,"lat":42.512477,"lng":140.37507,"prefecture":1,"numbering":["H47"],"lines":[11101,11102,11104],"attr":"eco","postal_code":"049-3521","address":"山越郡長万部町字長万部","open_date":"1903-11-03","voronoi":{"type":"Feature","geometry":{"type":"Polygon","coordinates":[[[140.513922,42.366515],[140.325306,42.524799],[140.390392,42.580497],[140.509519,42.439126],[140.534236,42.387202],[140.538745,42.372608],[140.513922,42.366515]]]},"properties":{}},"extra":false},
    {"code":1110202,"id":39,"name":"二股","original_name":"二股","name_kana":"ふたまた","closed":false,"lat":42.575869,"lng":140.320821,"prefecture":1,"numbering":["S32"],"lines":[11102],"attr":"eco","postal_code":"049-3501","address":"山越郡長万部町字双葉","voronoi":{"type":"Feature","geometry":{"type":"Polygon","coordinates":[[[140.376987,42.609972],[140.207824,42.584948],[140.247795,42.539238],[140.298526,42.517893],[140.325306,42.524799],[140.390392,42.580497],[140.389042,42.603416],[140.376987,42.609972]]]},"properties":{}},"extra":false},
    {"code":1110203,"id":40,"name":"蕨岱","original_name":"蕨岱","name_kana":"わらびたい","closed":true,"lat":42.626353,"lng":140.313353,"prefecture":1,"numbering":["S31"],"lines":[11102],"attr":"unknown","postal_code":"049-3503","address":"山越郡長万部町字蕨岱","open_date":"1904-10-15","closed_date":"2017-03-04","voronoi":{"type":"Feature","geometry":{"type":"Polygon","coordinates":[[[140.342041,42.65373],[140.376987,42.609972],[140.207824,42.584948],[140.160056,42.619431],[140.175258,42.624237],[140.342041,42.65373]]]},"properties":{}},"extra":false},
    {"code":1110204,"id":41,"name":"黒松内","original_name":"黒松内","name_kana":"くろまつない","closed":false,"lat":42.669608,"lng":140.305704,"prefecture":1,"numbering":["S30"],"lines":[11102,99111],"attr":"eco","postal_code":"048-0101","address":"寿都郡黒松内町字黒松内","voronoi":{"type":"Feature","geometry":{"type":"Polygon","coordinates":[[[140.175258,42.624237],[140.337502,42.705819],[140.342041,42.65373],[140.175258,42.624237]]]},"properties":{}},"extra":false},
    {"code":1110205,"id":42,"name":"熱郛","original_name":"熱郛","name_kana":"ねっぷ","closed":false,"lat":42.675653,"lng":140.375084,"prefecture":1,"numbering":["S29"],"lines":[11102],"attr":"eco","postal_code":"048-0134","address":"寿都郡黒松内町字白井川","voronoi":{"type":"Feature","geometry":{"type":"Polygon","coordinates":[[[140.389042,42.603416],[140.376987,42.609972],[140.342041,42.65373],[140.337502,42.705819],[140.346242,42.734339],[140.373412,42.768217],[140.463769,42.67272],[140.389042,42.603416]]]},"properties":{}},"extra":false},
    {"code":1110206,"id":43,"name":"目名","original_name":"目名","name_kana":"めな","closed":false,"lat":42.761432,"lng":140.465742,"prefecture":1,"numbering":["S28"],"lines":[11102],"attr":"eco","postal_code":"048-1261","address":"磯谷郡蘭越町目名町","voronoi":{"type":"Feature","geometry":{"type":"Polygon","coordinates":[[[140.492473,42.671795],[140.553987,42.697453],[140.552801,42.701684],[140.426281,42.887158],[140.364929,42.901144],[140.373412,42.768217],[140.463769,42.67272],[140.492473,42.671795]]]},"properties":{}},"extra":false},
    {"code":1110207,"id":44,"name":"蘭越","original_name":"蘭越","name_kana":"らんこし","closed":false,"lat":42.804542,"lng":140.52894,"prefecture":1,"numbering":["S27"],"lines":[11102],"attr":"heat","postal_code":"048-1301","address":"磯谷郡蘭越町蘭越町","voronoi":{"type":"Feature","geometry":{"type":"Polygon","coordinates":[[[140.558434,42.896475],[140.426281,42.887158],[140.552801,42.701684],[140.571488,42.893074],[140.558434,42.896475]]]},"properties":{}},"extra":false},
    {"code":1110208,"id":45,"name":"昆布","original_name":"昆布","name_kana":"こんぶ","closed":false,"lat":42.797984,"lng":140.596107,"prefecture":1,"numbering":["S26"],"lines":[11102],"attr":"heat","postal_code":"048-1302","address":"磯谷郡蘭越町昆布町","voronoi":{"type":"Feature","geometry":{"type":"Polygon","coordinates":[[[140.630206,42.886748],[140.620426,42.889861],[140.578899,42.893786],[140.571488,42.893074],[140.552801,42.701684],[140.553987,42.697453],[140.58301,42.689266],[140.603672,42.689162],[140.653023,42.699155],[140.630206,42.886748]]]},"properties":{}},"extra":false},
    {"code":1110209,"id":46,"name":"ニセコ","original_name":"ニセコ","name_kana":"にせこ","closed":false,"lat":42.808746,"lng":140.684588,"prefecture":1,"numbering":["S25"],"lines":[11102],"attr":"heat","postal_code":"048-1512","address":"虻田郡ニセコ町字中央通","voronoi":{"type":"Feature","geometry":{"type":"Polygon","coordinates":[[[140.789072,42.706537],[140.78867,42.747402],[140.640851,42.888587],[140.640175,42.888558],[140.630206,42.886748],[140.653023,42.699155],[140.685292,42.692557],[140.789072,42.706537]]]},"properties":{}},"extra":false},
    {"code":1110210,"id":47,"name":"比羅夫","original_name":"比羅夫","name_kana":"ひらふ","closed":false,"lat":42.84856,"lng":140.722615,"prefecture":1,"numbering":["S24"],"lines":[11102],"attr":"heat","postal_code":"044-0077","address":"虻田郡倶知安町比羅夫","voronoi":{"type":"Feature","geometry":{"type":"Polygon","coordinates":[[[140.773726,42.853375],[140.796295,42.822495],[140.801048,42.80274],[140.78867,42.747402],[140.640851,42.888587],[140.674352,42.900803],[140.762597,42.862805],[140.773726,42.853375]]]},"properties":{}},"extra":false},
    {"code":1110211,"id":48,"name":"倶知安","original_name":"倶知安","name_kana":"くっちゃん","closed":false,"lat":42.90164,"lng":140.745471,"prefecture":1,"numbering":["S23"],"lines":[11102,10102],"attr":"heat","postal_code":"044-0051","address":"虻田郡倶知安町北三条西４丁目","voronoi":{"type":"Feature","geometry":{"type":"Polygon","coordinates":[[[140.674352,42.900803],[140.749387,42.973277],[140.762597,42.862805],[140.674352,42.900803]]]},"properties":{}},"extra":false},
    {"code":1110212,"id":49,"name":"小沢","original_name":"小沢","name_kana":"こざわ","closed":false,"lat":42.97185,"lng":140.677657,"prefecture":1,"numbering":["S22"],"lines":[11102,10103],"attr":"heat","postal_code":"048-2142","address":"岩内郡共和町小沢","voronoi":{"type":"Feature","geometry":{"type":"Polygon","coordinates":[[[140.640175,42.888558],[140.640851,42.888587],[140.674352,42.900803],[140.749387,42.973277],[140.751592,42.976307],[140.67778,43.016576],[140.640175,42.888558]]]},"properties":{}},"extra":false},
    {"code":1110213,"id":50,"name":"銀山","original_name":"銀山","name_kana":"ぎんざん","closed":false,"lat":43.040888,"lng":140.715321,"prefecture":1,"numbering":["S21"],"lines":[11102],"attr":"cool","postal_code":"048-2335","address":"余市郡仁木町銀山２丁目","voronoi":{"type":"Feature","geometry":{"type":"Polygon","coordinates":[[[140.751592,42.976307],[140.797361,42.994695],[140.826073,43.010765],[140.861241,43.039774],[140.824108,43.057889],[140.611424,43.112906],[140.61577,43.100879],[140.643661,43.05049],[140.67778,43.016576],[140.751592,42.976307]]]},"properties":{}},"extra":false},
    {"code":1110214,"id":51,"name":"然別","original_name":"然別","name_kana":"しかりべつ","closed":false,"lat":43.12551,"lng":140.737211,"prefecture":1,"numbering":["S20"],"lines":[11102],"attr":"cool","postal_code":"048-2403","address":"余市郡仁木町然別","voronoi":{"type":"Feature","geometry":{"type":"Polygon","coordinates":[[[140.611424,43.112906],[140.824108,43.057889],[140.63115,43.282943],[140.292432,43.601837],[140.595052,43.132356],[140.611424,43.112906]]]},"properties":{}},"extra":false},
    {"code":1110215,"id":52,"name":"仁木","original_name":"仁木","name_kana":"にき","closed":false,"lat":43.154091,"lng":140.770546,"prefecture":1,"numbering":["S19"],"lines":[11102],"attr":"cool","postal_code":"048-2405","address":"余市郡仁木町字北町１丁目","voronoi":{"type":"Feature","geometry":{"type":"Polygon","coordinates":[[[140.87876,43.044126],[140.834601,43.131673],[140.63115,43.282943],[140.824108,43.057889],[140.861241,43.039774],[140.87876,43.044126]]]},"properties":{}},"extra":false},
    {"code":1110216,"id":53,"name":"余市","original_name":"余市","name_kana":"よいち","closed":false,"lat":43.186558,"lng":140.794686,"prefecture":1,"numbering":["S18"],"lines":[11102],"attr":"cool","postal_code":"046-0003","address":"余市郡余市町黒川町５丁目","voronoi":{"type":"Feature","geometry":{"type":"Polygon","coordinates":[[[140.63115,43.282943],[140.834601,43.131673],[140.683091,44.044458],[140.303562,44.459624],[139.880489,44.785965],[139.222122,45.048621],[140.292432,43.601837],[140.63115,43.282943]]]},"properties":{}},"extra":false},
    {"code":1110217,"id":54,"name":"蘭島","original_name":"蘭島","name_kana":"らんしま","closed":false,"lat":43.19651,"lng":140.854643,"prefecture":1,"numbering":["S17"],"lines":[11102],"attr":"cool","postal_code":"048-2562","address":"小樽市蘭島１丁目","voronoi":{"type":"Feature","geometry":{"type":"Polygon","coordinates":[[[140.683091,44.044458],[140.831046,43.893611],[140.902832,43.042518],[140.87876,43.044126],[140.834601,43.131673],[140.683091,44.044458]]]},"properties":{}},"extra":false},
    {"code":1110218,"id":55,"name":"塩谷","original_name":"塩谷","name_kana":"しおや","closed":false,"lat":43.202406,"lng":140.924546,"prefecture":1,"numbering":["S16"],"lines":[11102],"attr":"cool","postal_code":"048-2672","address":"小樽市塩谷２丁目","voronoi":{"type":"Feature","geometry":{"type":"Polygon","coordinates":[[[140.953736,43.128967],[140.935902,43.035358],[140.929301,43.034738],[140.902832,43.042518],[140.831046,43.893611],[140.901977,43.828221],[140.960455,43.217684],[140.953736,43.128967]]]},"properties":{}},"extra":false},
    {"code":1110219,"id":56,"name":"小樽","original_name":"小樽","name_kana":"おたる","closed":false,"lat":43.197172,"lng":140.993653,"prefecture":1,"numbering":["S15"],"lines":[11102,11103],"attr":"cool","postal_code":"047-0032","address":"小樽市稲穂２丁目","voronoi":{"type":"Feature","geometry":{"type":"Polygon","coordinates":[[[140.997148,43.202927],[140.995739,43.185127],[140.953736,43.128967],[140.960455,43.217684],[140.997148,43.202927]]]},"properties":{}},"extra":false}
  ],
  "extra":false
}