{
  "code":11109,
  "id":"e4b697",
  "name":"JR千歳線",
  "name_kana":"じぇいあーるちとせせん",
  "station_size":22,
  "company_code":1,
  "closed":false,
  "station_list":[
    {"code":1110434,"id":"214559","name":"苫小牧","original_name":"苫小牧","name_kana":"とまこまい","closed":false,"lat":42.639665,"lng":141.596837,"prefecture":1,"numbering":["H18"],"lines":[11104,11105,11109,11111],"attr":"eco","postal_code":"053-0022","address":"苫小牧市表町６丁目","voronoi":{"type":"Feature","geometry":{"type":"Polygon","coordinates":[[[141.580552,42.746704],[141.563833,42.751592],[141.542095,42.754266],[141.651506,42.431302],[141.660814,42.608804],[141.622426,42.722922],[141.580552,42.746704]]]},"properties":{}},"extra":false},
    {"code":1110502,"id":"c65c99","name":"沼ノ端","original_name":"沼ノ端","name_kana":"ぬまのはた","closed":false,"lat":42.672057,"lng":141.693132,"prefecture":1,"numbering":["H17"],"lines":[11105,11109],"attr":"eco","postal_code":"059-1364","address":"苫小牧市字沼ノ端","voronoi":{"type":"Feature","geometry":{"type":"Polygon","coordinates":[[[141.660814,42.608804],[141.622426,42.722922],[141.678343,42.728881],[141.678822,42.728798],[141.733787,42.673008],[141.660814,42.608804]]]},"properties":{}},"extra":false},
    {"code":1110903,"id":"7eedc1","name":"植苗","original_name":"植苗","name_kana":"うえなえ","closed":false,"lat":42.713645,"lng":141.735344,"prefecture":1,"numbering":["H16"],"lines":[11109],"attr":"eco","postal_code":"059-1365","address":"苫小牧市字植苗","voronoi":{"type":"Feature","geometry":{"type":"Polygon","coordinates":[[[141.678822,42.728798],[141.738672,42.751281],[141.77691,42.668913],[141.733787,42.673008],[141.678822,42.728798]]]},"properties":{}},"extra":false},
    {"code":1110904,"id":"32856f","name":"美々","original_name":"美々","name_kana":"びび","closed":true,"lat":42.777418,"lng":141.711387,"prefecture":1,"numbering":["H15"],"lines":[11109],"attr":"unknown","postal_code":"066-0012","address":"千歳市美々","open_date":"1926-08-21","closed_date":"2017-03-04","voronoi":{"type":"Feature","geometry":{"type":"Polygon","coordinates":[[[141.7577,42.828817],[141.739827,42.847323],[141.703402,42.804502],[141.678343,42.728881],[141.678822,42.728798],[141.738672,42.751281],[141.764022,42.782082],[141.766365,42.801844],[141.7577,42.828817]]]},"properties":{}},"extra":false},
    {"code":1110905,"id":"f4aae0","name":"新千歳空港","original_name":"新千歳空港","name_kana":"しんちとせくうこう","closed":false,"lat":42.787546,"lng":141.680823,"prefecture":1,"numbering":["AP15"],"lines":[11109],"attr":"eco","postal_code":"066-0012","address":"千歳市美々","voronoi":{"type":"Feature","geometry":{"type":"Polygon","coordinates":[[[141.580552,42.746704],[141.622426,42.722922],[141.678343,42.728881],[141.703402,42.804502],[141.63697,42.786884],[141.580552,42.746704]]]},"properties":{}},"extra":false},
    {"code":1110906,"id":"0a2104","name":"南千歳","original_name":"南千歳","name_kana":"みなみちとせ","closed":false,"lat":42.80804,"lng":141.675388,"prefecture":1,"numbering":["H14"],"lines":[11109,11110],"attr":"eco","postal_code":"066-0044","address":"千歳市字平和","voronoi":{"type":"Feature","geometry":{"type":"Polygon","coordinates":[[[141.703402,42.804502],[141.63697,42.786884],[141.721389,42.885537],[141.739827,42.847323],[141.703402,42.804502]]]},"properties":{}},"extra":false},
    {"code":1110907,"id":"249f9b","name":"千歳(北海道)","original_name":"千歳","name_kana":"ちとせ","closed":false,"lat":42.82811,"lng":141.651934,"prefecture":1,"numbering":["H13"],"lines":[11109],"attr":"eco","postal_code":"066-0062","address":"千歳市千代田町７丁目","voronoi":{"type":"Feature","geometry":{"type":"Polygon","coordinates":[[[141.718103,42.897076],[141.701923,42.917674],[141.563833,42.751592],[141.580552,42.746704],[141.63697,42.786884],[141.721389,42.885537],[141.718103,42.897076]]]},"properties":{}},"extra":false},
    {"code":1110908,"id":"c5b592","name":"長都","original_name":"長都","name_kana":"おさつ","closed":false,"lat":42.852178,"lng":141.622987,"prefecture":1,"numbering":["H12"],"lines":[11109],"attr":"eco","postal_code":"066-0077","address":"千歳市上長都","voronoi":{"type":"Feature","geometry":{"type":"Polygon","coordinates":[[[141.563833,42.751592],[141.542095,42.754266],[141.528478,42.757619],[141.686132,42.94476],[141.692126,42.936434],[141.701923,42.917674],[141.563833,42.751592]]]},"properties":{}},"extra":false},
    {"code":1110909,"id":"d9520c","name":"サッポロビール庭園","original_name":"サッポロビール庭園","name_kana":"さっぽろびーるていえん","closed":false,"lat":42.866812,"lng":141.605616,"prefecture":1,"numbering":["H11"],"lines":[11109],"attr":"heat","postal_code":"061-1405","address":"恵庭市戸磯","voronoi":{"type":"Feature","geometry":{"type":"Polygon","coordinates":[[[141.686132,42.94476],[141.685235,42.946319],[141.681134,42.948209],[141.634634,42.921074],[141.501735,42.762697],[141.511798,42.760249],[141.528478,42.757619],[141.686132,42.94476]]]},"properties":{}},"extra":false},
    {"code":1110910,"id":"5376fe","name":"恵庭","original_name":"恵庭","name_kana":"えにわ","closed":false,"lat":42.883076,"lng":141.586234,"prefecture":1,"numbering":["H10"],"lines":[11109],"attr":"heat","postal_code":"061-1448","address":"恵庭市相生町","voronoi":{"type":"Feature","geometry":{"type":"Polygon","coordinates":[[[141.61798,42.915533],[141.634634,42.921074],[141.501735,42.762697],[141.463782,42.76853],[141.41307,42.786426],[141.415597,42.793812],[141.61798,42.915533]]]},"properties":{}},"extra":false},
    {"code":1110911,"id":"3cfda9","name":"恵み野","original_name":"恵み野","name_kana":"めぐみの","closed":false,"lat":42.902704,"lng":141.574429,"prefecture":1,"numbering":["H09"],"lines":[11109],"attr":"heat","postal_code":"061-1373","address":"恵庭市恵み野西１丁目","voronoi":{"type":"Feature","geometry":{"type":"Polygon","coordinates":[[[141.460047,42.905068],[141.61798,42.915533],[141.415597,42.793812],[141.437747,42.873813],[141.445813,42.894141],[141.460047,42.905068]]]},"properties":{}},"extra":false},
    {"code":1110912,"id":"feeaf9","name":"島松","original_name":"島松","name_kana":"しままつ","closed":false,"lat":42.922504,"lng":141.573117,"prefecture":1,"numbering":["H08"],"lines":[11109],"attr":"heat","postal_code":"061-1352","address":"恵庭市島松仲町１丁目１-１","voronoi":{"type":"Feature","geometry":{"type":"Polygon","coordinates":[[[141.656735,42.966495],[141.496214,42.938196],[141.460047,42.905068],[141.61798,42.915533],[141.634634,42.921074],[141.681134,42.948209],[141.667395,42.960415],[141.656735,42.966495]]]},"properties":{}},"extra":false},
    {"code":1110913,"id":"13f113","name":"北広島","original_name":"北広島","name_kana":"きたひろしま","closed":false,"lat":42.979239,"lng":141.563115,"prefecture":1,"numbering":["H07"],"lines":[11109],"attr":"heat","postal_code":"061-1121","address":"北広島市中央６丁目","voronoi":{"type":"Feature","geometry":{"type":"Polygon","coordinates":[[[141.496214,42.938196],[141.542383,43.032935],[141.578499,43.026123],[141.625155,43.000896],[141.656735,42.966495],[141.496214,42.938196]]]},"properties":{}},"extra":false},
    {"code":1110914,"id":"64b606","name":"上野幌","original_name":"上野幌","name_kana":"かみのっぽろ","closed":false,"lat":43.016177,"lng":141.487317,"prefecture":1,"numbering":["H06"],"lines":[11109],"attr":"cool","postal_code":"004-0039","address":"札幌市厚別区厚別町上野幌","voronoi":{"type":"Feature","geometry":{"type":"Polygon","coordinates":[[[141.479314,43.027103],[141.497322,43.038248],[141.513416,43.040639],[141.540438,43.03602],[141.542383,43.032935],[141.496214,42.938196],[141.460047,42.905068],[141.445813,42.894141],[141.43942,42.924057],[141.445796,42.95141],[141.46598,43.010004],[141.476927,43.025522],[141.479314,43.027103]]]},"properties":{}},"extra":false},
    {"code":1110915,"id":"8e0bd9","name":"新札幌","original_name":"新札幌","name_kana":"しんさっぽろ","closed":false,"lat":43.038732,"lng":141.47237,"prefecture":1,"numbering":["H05"],"lines":[11109],"attr":"cool","postal_code":"004-0052","address":"札幌市厚別区厚別中央二条５丁目","voronoi":{"type":"Feature","geometry":{"type":"Polygon","coordinates":[[[141.469764,43.044287],[141.465687,43.038776],[141.476927,43.025522],[141.479314,43.027103],[141.469764,43.044287]]]},"properties":{}},"extra":false},
    {"code":1110916,"id":"fbb3c1","name":"平和","original_name":"平和","name_kana":"へいわ","closed":false,"lat":43.04695,"lng":141.437967,"prefecture":1,"numbering":["H04"],"lines":[11109],"attr":"cool","postal_code":"003-0029","address":"札幌市白石区平和通１６丁目北","voronoi":{"type":"Feature","geometry":{"type":"Polygon","coordinates":[[[141.445091,43.037179],[141.450509,43.041471],[141.453259,43.080857],[141.448044,43.104644],[141.446356,43.108559],[141.444034,43.108057],[141.425067,43.048566],[141.431781,43.039385],[141.445091,43.037179]]]},"properties":{}},"extra":false},
    {"code":1110317,"id":"e3ad39","name":"白石(JR)","original_name":"白石","name_kana":"しろいし","closed":false,"lat":43.054715,"lng":141.413612,"prefecture":1,"numbering":["H03"],"lines":[11103,11109,99110],"attr":"eco","postal_code":"003-0029","address":"札幌市白石区平和通3丁目北6","open_date":"1903-04-21","voronoi":{"type":"Feature","geometry":{"type":"Polygon","coordinates":[[[141.425067,43.048566],[141.420563,43.046405],[141.408141,43.047979],[141.405023,43.050202],[141.398892,43.062529],[141.399164,43.07559],[141.415557,43.098862],[141.423894,43.107698],[141.42589,43.108],[141.444034,43.108057],[141.425067,43.048566]]]},"properties":{}},"extra":false},
    {"code":1110918,"id":"7bc79e","name":"大谷地(国鉄)","original_name":"大谷地","name_kana":"おおやち","closed":true,"lat":43.027861,"lng":141.437194,"prefecture":1,"lines":[11109],"postal_code":"003-0022","address":"北海道札幌市白石区南郷通２０南１-４６ヴィラエターナル","open_date":"1926-08-21","closed_date":"1973-09-10","voronoi":{"type":"Feature","geometry":{"type":"Polygon","coordinates":[[[141.43942,42.924057],[141.438089,42.926736],[141.421637,43.016617],[141.421783,43.016885],[141.445003,43.036477],[141.445796,42.95141],[141.43942,42.924057]]]},"properties":{}},"extra":true},
    {"code":1110919,"id":"d05c75","name":"月寒","original_name":"月寒","name_kana":"つきさっぷ","closed":true,"lat":43.040611,"lng":141.403556,"prefecture":1,"lines":[11109],"postal_code":"003-0021","address":"北海道札幌市白石区栄通５丁目１０-４","open_date":"1926-08-21","closed_date":"1976-10-01","voronoi":{"type":"Feature","geometry":{"type":"Polygon","coordinates":[[[141.407066,43.031027],[141.406161,43.031049],[141.396141,43.038314],[141.405023,43.050202],[141.408141,43.047979],[141.407066,43.031027]]]},"properties":{}},"extra":true},
    {"code":1110920,"id":"d5ac3f","name":"東札幌(国鉄)","original_name":"東札幌","name_kana":"ひがしさっぽろ","closed":true,"lat":43.055333,"lng":141.383861,"prefecture":1,"lines":[11109,99110],"postal_code":"003-0004","address":"北海道札幌市白石区東札幌３条１丁目１-１","open_date":"1926-08-21","closed_date":"1986-11-01","voronoi":{"type":"Feature","geometry":{"type":"Polygon","coordinates":[[[141.393337,43.073588],[141.379273,43.062284],[141.377904,43.053961],[141.379502,43.052079],[141.394218,43.056277],[141.398892,43.062529],[141.399164,43.07559],[141.393337,43.073588]]]},"properties":{}},"extra":true},
    {"code":1110316,"id":"280d07","name":"苗穂","original_name":"苗穂","name_kana":"なえぼ","closed":false,"lat":43.06826,"lng":141.373471,"prefecture":1,"numbering":["H02"],"lines":[11103,11109],"attr":"eco","postal_code":"060-0033","address":"札幌市中央区北３条東１３丁目","voronoi":{"type":"Feature","geometry":{"type":"Polygon","coordinates":[[[141.364565,43.069239],[141.36788,43.063076],[141.379273,43.062284],[141.393337,43.073588],[141.371621,43.075418],[141.364565,43.069239]]]},"properties":{}},"extra":false},
    {"code":1110315,"id":"7a3b57","name":"札幌","original_name":"札幌","name_kana":"さっぽろ","closed":false,"lat":43.068612,"lng":141.350768,"prefecture":1,"numbering":["01"],"lines":[11103,11109,11112],"attr":"eco","postal_code":"060-0806","address":"札幌市北区北６条西４丁目","voronoi":{"type":"Feature","geometry":{"type":"Polygon","coordinates":[[[141.359161,43.069618],[141.356592,43.066224],[141.342748,43.06912],[141.352585,43.072862],[141.359161,43.069618]]]},"properties":{}},"extra":false}
  ],
  "extra":false
}