{
  "code":11106,
  "id":6,
  "name":"JR根室本線(滝川～富良野)",
  "name_kana":"じぇいあーるねむろほんせん",
  "station_size":17,
  "company_code":1,
  "closed":false,
  "color":"#F6989D",
  "symbol":"T",
  "station_list":[
    {"code":1110340,"id":90,"name":"滝川","original_name":"滝川","name_kana":"たきかわ","closed":false,"lat":43.555278,"lng":141.900807,"prefecture":1,"numbering":["A21"],"lines":[11103,11106],"attr":"eco","postal_code":"073-0031","address":"滝川市栄町４丁目","voronoi":{"type":"Feature","geometry":{"type":"Polygon","coordinates":[[[141.906795,43.597047],[141.936299,43.582709],[141.945463,43.543873],[141.919768,43.526452],[141.897389,43.523253],[141.883885,43.560322],[141.89576,43.586916],[141.906795,43.597047]]]},"properties":{}},"extra":false},
    {"code":1110602,"id":143,"name":"東滝川","original_name":"東滝川","name_kana":"ひがしたきかわ","closed":true,"lat":43.574037,"lng":141.98031,"prefecture":1,"numbering":["T22"],"lines":[11106],"attr":"unknown","postal_code":"073-0026","address":"滝川市東滝川","closed_date":"2025-03-15","voronoi":{"type":"Feature","geometry":{"type":"Polygon","coordinates":[[[141.945463,43.543873],[141.936299,43.582709],[142.000059,43.635564],[142.030954,43.639193],[142.034678,43.637639],[142.010957,43.551809],[141.996098,43.538553],[141.967729,43.531904],[141.945463,43.543873]]]},"properties":{}},"extra":false},
    {"code":1110603,"id":144,"name":"赤平","original_name":"赤平","name_kana":"あかびら","closed":false,"lat":43.555144,"lng":142.048669,"prefecture":1,"numbering":["T23"],"lines":[11106],"attr":"eco","postal_code":"079-1134","address":"赤平市泉町１丁目","voronoi":{"type":"Feature","geometry":{"type":"Polygon","coordinates":[[[142.096602,43.604807],[142.05934,43.534824],[142.028644,43.542499],[142.010957,43.551809],[142.034678,43.637639],[142.097092,43.640283],[142.102621,43.637745],[142.096602,43.604807]]]},"properties":{}},"extra":false},
    {"code":1110604,"id":145,"name":"茂尻","original_name":"茂尻","name_kana":"もしり","closed":false,"lat":43.537314,"lng":142.082156,"prefecture":1,"numbering":["T24"],"lines":[11106],"attr":"eco","postal_code":"079-1100","address":"赤平市字茂尻町南２丁目","voronoi":{"type":"Feature","geometry":{"type":"Polygon","coordinates":[[[142.05934,43.534824],[142.096602,43.604807],[142.108372,43.484669],[142.085429,43.464004],[142.05934,43.534824]]]},"properties":{}},"extra":false},
    {"code":1110605,"id":146,"name":"平岸(JR)","original_name":"平岸","name_kana":"ひらぎし","closed":false,"lat":43.541401,"lng":142.123872,"prefecture":1,"numbering":["T25"],"lines":[11106],"attr":"eco","postal_code":"079-1282","address":"北海道赤平市平岸仲町１丁目","voronoi":{"type":"Feature","geometry":{"type":"Polygon","coordinates":[[[142.166583,43.63567],[142.102621,43.637745],[142.096602,43.604807],[142.108372,43.484669],[142.109909,43.485263],[142.135745,43.504158],[142.138963,43.50715],[142.150266,43.519362],[142.193281,43.624743],[142.166583,43.63567]]]},"properties":{}},"extra":false},
    {"code":1110606,"id":147,"name":"芦別","original_name":"芦別","name_kana":"あしべつ","closed":false,"lat":43.516636,"lng":142.184543,"prefecture":1,"numbering":["T26"],"lines":[11106,99116],"attr":"eco","postal_code":"075-0041","address":"芦別市本町","voronoi":{"type":"Feature","geometry":{"type":"Polygon","coordinates":[[[142.2743,43.618118],[142.278996,43.612185],[142.179036,43.505869],[142.150266,43.519362],[142.193281,43.624743],[142.2743,43.618118]]]},"properties":{}},"extra":false},
    {"code":1110607,"id":148,"name":"上芦別","original_name":"上芦別","name_kana":"かみあしべつ","closed":false,"lat":43.48871,"lng":142.210855,"prefecture":1,"numbering":["T27"],"lines":[11106],"attr":"eco","postal_code":"079-1371","address":"芦別市上芦別町","voronoi":{"type":"Feature","geometry":{"type":"Polygon","coordinates":[[[142.192955,43.47402],[142.191208,43.479097],[142.191327,43.484223],[142.192893,43.493706],[142.255982,43.551635],[142.220285,43.424462],[142.219213,43.425683],[142.192955,43.47402]]]},"properties":{}},"extra":false},
    {"code":1110608,"id":149,"name":"野花南","original_name":"野花南","name_kana":"のかなん","closed":false,"lat":43.474418,"lng":142.261772,"prefecture":1,"numbering":["T28"],"lines":[11106],"attr":"eco","postal_code":"079-1372","address":"芦別市野花南町","voronoi":{"type":"Feature","geometry":{"type":"Polygon","coordinates":[[[142.360602,43.487898],[142.355557,43.473077],[142.352175,43.465249],[142.238846,43.364819],[142.220285,43.424462],[142.255982,43.551635],[142.284212,43.605925],[142.330487,43.576546],[142.360602,43.487898]]]},"properties":{}},"extra":false},
    {"code":1110609,"id":150,"name":"島ノ下","original_name":"島ノ下","name_kana":"しまのした","closed":true,"lat":43.3744,"lng":142.350406,"prefecture":1,"numbering":["T29"],"lines":[11106],"attr":"unknown","postal_code":"076-0036","address":"富良野市字島ノ下","open_date":"1913-11-10","closed_date":"2017-03-04","voronoi":{"type":"Feature","geometry":{"type":"Polygon","coordinates":[[[142.352175,43.465249],[142.238846,43.364819],[142.205946,43.271149],[142.317578,43.297919],[142.336859,43.309662],[142.363559,43.34975],[142.374062,43.395682],[142.363381,43.440046],[142.352175,43.465249]]]},"properties":{}},"extra":false},
    {"code":1110610,"id":151,"name":"富良野","original_name":"富良野","name_kana":"ふらの","closed":false,"lat":43.347114,"lng":142.391374,"prefecture":1,"numbering":["T30"],"lines":[11106,11114],"attr":"cool","postal_code":"076-0025","address":"富良野市日の出町","voronoi":{"type":"Feature","geometry":{"type":"Polygon","coordinates":[[[142.475421,43.341576],[142.411362,43.362891],[142.363559,43.34975],[142.336859,43.309662],[142.488464,43.335022],[142.475421,43.341576]]]},"properties":{}},"extra":false},
    {"code":1110611,"id":152,"name":"布部","original_name":"布部","name_kana":"ぬのべ","closed":true,"lat":43.291991,"lng":142.400595,"prefecture":1,"numbering":["T31"],"lines":[11106],"attr":"unknown","postal_code":"076-0004","address":"富良野市字布部市街地","closed_date":"2024-04-01","voronoi":{"type":"Feature","geometry":{"type":"Polygon","coordinates":[[[142.554609,43.316885],[142.557039,43.320032],[142.550785,43.321908],[142.518511,43.32968],[142.488464,43.335022],[142.336859,43.309662],[142.317578,43.297919],[142.4381,43.249368],[142.493277,43.257999],[142.554609,43.316885]]]},"properties":{}},"extra":false},
    {"code":1110612,"id":153,"name":"山部","original_name":"山部","name_kana":"やまべ","closed":true,"lat":43.244645,"lng":142.381522,"prefecture":1,"numbering":["T32"],"lines":[11106],"attr":"unknown","postal_code":"079-1564","address":"北海道富良野市字山部市山部中町","closed_date":"2024-04-01","voronoi":{"type":"Feature","geometry":{"type":"Polygon","coordinates":[[[142.192392,43.255787],[142.253063,43.143792],[142.320946,43.165483],[142.4381,43.249368],[142.317578,43.297919],[142.205946,43.271149],[142.192392,43.255787]]]},"properties":{}},"extra":false},
    {"code":1110613,"id":154,"name":"下金山","original_name":"下金山","name_kana":"しもかなやま","closed":true,"lat":43.197328,"lng":142.415402,"prefecture":1,"numbering":["T33"],"lines":[11106],"attr":"unknown","postal_code":"079-2132","address":"空知郡南富良野町字下金山","closed_date":"2024-04-01","voronoi":{"type":"Feature","geometry":{"type":"Polygon","coordinates":[[[142.465336,43.167368],[142.320946,43.165483],[142.4381,43.249368],[142.493277,43.257999],[142.465336,43.167368]]]},"properties":{}},"extra":false},
    {"code":1110614,"id":155,"name":"金山(北海道)","original_name":"金山","name_kana":"かなやま","closed":true,"lat":43.136115,"lng":142.416201,"prefecture":1,"numbering":["T34"],"lines":[11106],"attr":"unknown","postal_code":"079-2131","address":"空知郡南富良野町字金山","closed_date":"2024-04-01","voronoi":{"type":"Feature","geometry":{"type":"Polygon","coordinates":[[[142.253063,43.143792],[142.320946,43.165483],[142.465336,43.167368],[142.494595,43.054856],[142.265167,43.080718],[142.254279,43.135169],[142.253063,43.143792]]]},"properties":{}},"extra":false},
    {"code":1110615,"id":156,"name":"東鹿越","original_name":"東鹿越","name_kana":"ひがししかごえ","closed":true,"lat":43.164011,"lng":142.523472,"prefecture":1,"numbering":["T35"],"lines":[11106],"attr":"unknown","postal_code":"079-2411","address":"空知郡南富良野町東鹿越","closed_date":"2024-04-01","voronoi":{"type":"Feature","geometry":{"type":"Polygon","coordinates":[[[142.542633,43.090081],[142.554609,43.316885],[142.493277,43.257999],[142.465336,43.167368],[142.494595,43.054856],[142.496975,43.053138],[142.542633,43.090081]]]},"properties":{}},"extra":false},
    {"code":1110616,"id":157,"name":"幾寅","original_name":"幾寅","name_kana":"いくとら","closed":true,"lat":43.161582,"lng":142.569474,"prefecture":1,"numbering":["T36"],"lines":[11106],"attr":"unknown","postal_code":"079-2401","address":"空知郡南富良野町幾寅仲町","closed_date":"2024-04-01","voronoi":{"type":"Feature","geometry":{"type":"Polygon","coordinates":[[[142.609372,43.116268],[142.542633,43.090081],[142.554609,43.316885],[142.557039,43.320032],[142.594823,43.338022],[142.704001,43.374375],[142.609372,43.116268]]]},"properties":{}},"extra":false},
    {"code":1110617,"id":158,"name":"落合(北海道)","original_name":"落合","name_kana":"おちあい","closed":true,"lat":43.125055,"lng":142.669104,"prefecture":1,"numbering":["T37"],"lines":[11106],"attr":"unknown","postal_code":"079-2551","address":"空知郡南富良野町落合","closed_date":"2024-04-01","voronoi":{"type":"Feature","geometry":{"type":"Polygon","coordinates":[[[142.704001,43.374375],[142.609372,43.116268],[142.727478,43.016909],[142.73088,43.027444],[142.816875,43.357504],[142.820257,43.385325],[142.815785,43.424888],[142.808289,43.43601],[142.704001,43.374375]]]},"properties":{}},"extra":false}
  ],
  "extra":false
}