{
  "code":11116,
  "id":16,
  "name":"JR石北本線",
  "name_kana":"じぇいあーるせきほくほんせん",
  "station_size":42,
  "company_code":1,
  "closed":false,
  "color":"#F7931D",
  "symbol":"A",
  "station_list":[
    {"code":1110348,"id":97,"name":"旭川","original_name":"旭川","name_kana":"あさひかわ","closed":false,"lat":43.763492,"lng":142.357803,"prefecture":1,"numbering":["A28"],"lines":[11103,11114,11115,11116],"attr":"heat","postal_code":"070-0030","address":"旭川市宮下通８丁目","voronoi":{"type":"Feature","geometry":{"type":"Polygon","coordinates":[[[142.323418,43.753411],[142.356692,43.795457],[142.366304,43.779909],[142.3671,43.754486],[142.323418,43.753411]]]},"properties":{}},"extra":false},
    {"code":1111502,"id":327,"name":"旭川四条","original_name":"旭川四条","name_kana":"あさひかわよじょう","closed":false,"lat":43.764056,"lng":142.375815,"prefecture":1,"numbering":["A29"],"lines":[11115,11116],"attr":"heat","postal_code":"078-8214","address":"旭川市四条通１８丁目","voronoi":{"type":"Feature","geometry":{"type":"Polygon","coordinates":[[[142.3671,43.754486],[142.366304,43.779909],[142.396937,43.762853],[142.409002,43.738923],[142.394097,43.740408],[142.376508,43.745802],[142.3671,43.754486]]]},"properties":{}},"extra":false},
    {"code":1111503,"id":328,"name":"新旭川","original_name":"新旭川","name_kana":"しんあさひかわ","closed":false,"lat":43.780174,"lng":142.384789,"prefecture":1,"numbering":["A30"],"lines":[11115,11116],"attr":"heat","postal_code":"070-0028","address":"旭川市東八条６丁目","voronoi":{"type":"Feature","geometry":{"type":"Polygon","coordinates":[[[142.366304,43.779909],[142.356692,43.795457],[142.36649,43.860055],[142.396081,43.816873],[142.396937,43.762853],[142.366304,43.779909]]]},"properties":{}},"extra":false},
    {"code":1111604,"id":379,"name":"南永山","original_name":"南永山","name_kana":"みなみながやま","closed":false,"lat":43.78055,"lng":142.40853,"prefecture":1,"numbering":["A31"],"lines":[11116],"attr":"heat","postal_code":"079-8420","address":"旭川市永山十条３丁目","voronoi":{"type":"Feature","geometry":{"type":"Polygon","coordinates":[[[142.396081,43.816873],[142.396937,43.762853],[142.409002,43.738923],[142.416527,43.734257],[142.419573,43.733222],[142.426806,43.793239],[142.396081,43.816873]]]},"properties":{}},"extra":false},
    {"code":1111605,"id":380,"name":"東旭川","original_name":"東旭川","name_kana":"ひがしあさひかわ","closed":false,"lat":43.776571,"lng":142.441544,"prefecture":1,"numbering":["A32"],"lines":[11116],"attr":"heat","postal_code":"078-8253","address":"旭川市東旭川北三条５丁目","voronoi":{"type":"Feature","geometry":{"type":"Polygon","coordinates":[[[142.419573,43.733222],[142.434362,43.721343],[142.467924,43.713123],[142.449902,43.797639],[142.426806,43.793239],[142.419573,43.733222]]]},"properties":{}},"extra":false},
    {"code":1111606,"id":381,"name":"北日ノ出","original_name":"北日ノ出","name_kana":"きたひので","closed":true,"lat":43.781813,"lng":142.466127,"prefecture":1,"numbering":["A33"],"lines":[11116],"attr":"unknown","postal_code":"078-8203","address":"旭川市東旭川町日ノ出","open_date":"1960-05-02","closed_date":"2021-03-13","voronoi":{"type":"Feature","geometry":{"type":"Polygon","coordinates":[[[142.463737,43.805162],[142.455355,43.802991],[142.449902,43.797639],[142.467924,43.713123],[142.471929,43.711314],[142.532192,43.704723],[142.558078,43.706849],[142.463737,43.805162]]]},"properties":{}},"extra":false},
    {"code":1111607,"id":382,"name":"桜岡","original_name":"桜岡","name_kana":"さくらおか","closed":false,"lat":43.801812,"lng":142.486968,"prefecture":1,"numbering":["A34"],"lines":[11116],"attr":"heat","postal_code":"078-8204","address":"旭川市東旭川町桜岡","voronoi":{"type":"Feature","geometry":{"type":"Polygon","coordinates":[[[142.558078,43.706849],[142.463737,43.805162],[142.482527,43.829644],[142.487781,43.831652],[142.587085,43.705686],[142.558078,43.706849]]]},"properties":{}},"extra":false},
    {"code":1111608,"id":383,"name":"当麻","original_name":"当麻","name_kana":"とうま","closed":false,"lat":43.825477,"lng":142.516987,"prefecture":1,"numbering":["A35"],"lines":[11116],"attr":"heat","postal_code":"078-1300","address":"上川郡当麻町市街","voronoi":{"type":"Feature","geometry":{"type":"Polygon","coordinates":[[[142.487781,43.831652],[142.49521,43.844906],[142.582897,43.832369],[142.607795,43.810184],[142.612581,43.791057],[142.626451,43.698595],[142.587085,43.705686],[142.487781,43.831652]]]},"properties":{}},"extra":false},
    {"code":1111609,"id":384,"name":"将軍山","original_name":"将軍山","name_kana":"しょうぐんざん","closed":true,"lat":43.857455,"lng":142.521559,"prefecture":1,"numbering":["A36"],"lines":[11116],"attr":"unknown","postal_code":"078-1334","address":"上川郡当麻町北星２区","open_date":"1960-05-02","closed_date":"2021-03-13","voronoi":{"type":"Feature","geometry":{"type":"Polygon","coordinates":[[[142.494128,43.859181],[142.498363,43.871684],[142.565151,43.858492],[142.582897,43.832369],[142.49521,43.844906],[142.494128,43.859181]]]},"properties":{}},"extra":false},
    {"code":1111610,"id":385,"name":"伊香牛","original_name":"伊香牛","name_kana":"いかうし","closed":false,"lat":43.876025,"lng":142.525227,"prefecture":1,"numbering":["A37"],"lines":[11116],"attr":"eco","postal_code":"078-1333","address":"上川郡当麻町伊香牛","voronoi":{"type":"Feature","geometry":{"type":"Polygon","coordinates":[[[142.516497,43.918444],[142.498025,43.883458],[142.498363,43.871684],[142.565151,43.858492],[142.534034,43.936868],[142.516497,43.918444]]]},"properties":{}},"extra":false},
    {"code":1111611,"id":386,"name":"愛別","original_name":"愛別","name_kana":"あいべつ","closed":false,"lat":43.898635,"lng":142.582176,"prefecture":1,"numbering":["A38"],"lines":[11116],"attr":"eco","postal_code":"078-1401","address":"上川郡愛別町字愛別","voronoi":{"type":"Feature","geometry":{"type":"Polygon","coordinates":[[[142.582897,43.832369],[142.607795,43.810184],[142.616832,43.837841],[142.625407,44.097493],[142.609533,44.099728],[142.544837,43.981196],[142.534034,43.936868],[142.565151,43.858492],[142.582897,43.832369]]]},"properties":{}},"extra":false},
    {"code":1111612,"id":387,"name":"中愛別","original_name":"中愛別","name_kana":"なかあいべつ","closed":false,"lat":43.896216,"lng":142.655424,"prefecture":1,"numbering":["A39"],"lines":[11116],"attr":"eco","postal_code":"078-1652","address":"上川郡愛別町字中央","voronoi":{"type":"Feature","geometry":{"type":"Polygon","coordinates":[[[142.691004,44.100193],[142.625407,44.097493],[142.616832,43.837841],[142.74178,43.943909],[142.801599,44.083675],[142.767209,44.092924],[142.766827,44.092995],[142.691004,44.100193]]]},"properties":{}},"extra":false},
    {"code":1111613,"id":388,"name":"愛山","original_name":"愛山","name_kana":"あいざん","closed":true,"lat":43.866442,"lng":142.680699,"prefecture":1,"numbering":["A40"],"lines":[11116],"attr":"unknown","postal_code":"078-1653","address":"上川郡愛別町字愛山","open_date":"1960-05-02","closed_date":"2024-03-16","voronoi":{"type":"Feature","geometry":{"type":"Polygon","coordinates":[[[142.74178,43.943909],[142.735331,43.912909],[142.720496,43.889535],[142.612581,43.791057],[142.607795,43.810184],[142.616832,43.837841],[142.74178,43.943909]]]},"properties":{}},"extra":false},
    {"code":1111614,"id":389,"name":"安足間","original_name":"安足間","name_kana":"あんたろま","closed":false,"lat":43.852011,"lng":142.693868,"prefecture":1,"numbering":["A41"],"lines":[11116],"attr":"eco","postal_code":"078-1653","address":"上川郡愛別町字愛山","voronoi":{"type":"Feature","geometry":{"type":"Polygon","coordinates":[[[142.612581,43.791057],[142.626451,43.698595],[142.644423,43.682148],[142.720496,43.889535],[142.612581,43.791057]]]},"properties":{}},"extra":false},
    {"code":1111615,"id":390,"name":"東雲(北海道)","original_name":"東雲","name_kana":"とううん","closed":true,"lat":43.843693,"lng":142.716544,"prefecture":1,"numbering":["A42"],"lines":[11116],"attr":"unknown","postal_code":"078-1731","address":"上川郡上川町東雲","open_date":"1960-05-02","closed_date":"2021-03-13","voronoi":{"type":"Feature","geometry":{"type":"Polygon","coordinates":[[[142.769999,43.550375],[142.644423,43.682148],[142.720496,43.889535],[142.735331,43.912909],[142.769999,43.550375]]]},"properties":{}},"extra":false},
    {"code":1111616,"id":391,"name":"上川","original_name":"上川","name_kana":"かみかわ","closed":false,"lat":43.848508,"lng":142.766895,"prefecture":1,"numbering":["A43"],"lines":[11116],"attr":"eco","postal_code":"078-1741","address":"上川郡上川町中央町","voronoi":{"type":"Feature","geometry":{"type":"Polygon","coordinates":[[[142.848073,44.083451],[142.945633,43.997563],[142.968416,43.690313],[142.807979,43.508823],[142.79573,43.518322],[142.769999,43.550375],[142.735331,43.912909],[142.74178,43.943909],[142.801599,44.083675],[142.848073,44.083451]]]},"properties":{}},"extra":false},
    {"code":1111617,"id":392,"name":"上白滝","original_name":"上白滝","name_kana":"かみしらたき","closed":true,"lat":43.876501,"lng":143.1444,"prefecture":1,"numbering":["A44"],"lines":[11116],"attr":"unknown","postal_code":"099-0127","address":"紋別郡遠軽町上白滝","open_date":"1932-10-01","closed_date":"2016-03-26","voronoi":{"type":"Feature","geometry":{"type":"Polygon","coordinates":[[[143.126519,44.034441],[143.131205,44.024473],[143.20325,43.693987],[142.968416,43.690313],[142.945633,43.997563],[143.085031,44.029888],[143.126519,44.034441]]]},"properties":{}},"extra":false},
    {"code":1111618,"id":393,"name":"白滝","original_name":"白滝","name_kana":"しらたき","closed":false,"lat":43.884435,"lng":143.180795,"prefecture":1,"numbering":["A45"],"lines":[11116],"attr":"eco","postal_code":"099-0111","address":"紋別郡遠軽町白滝","voronoi":{"type":"Feature","geometry":{"type":"Polygon","coordinates":[[[143.131205,44.024473],[143.20325,43.693987],[143.3358,43.683143],[143.341068,43.693531],[143.131205,44.024473]]]},"properties":{}},"extra":false},
    {"code":1111619,"id":394,"name":"旧白滝","original_name":"旧白滝","name_kana":"きゅうしらたき","closed":true,"lat":43.919905,"lng":143.236729,"prefecture":1,"numbering":["A46"],"lines":[11116],"attr":"unknown","postal_code":"099-0102","address":"紋別郡遠軽町旧白滝","open_date":"1947-02-11","closed_date":"2016-03-26","voronoi":{"type":"Feature","geometry":{"type":"Polygon","coordinates":[[[143.349818,43.706248],[143.367006,43.755621],[143.179817,44.054534],[143.140335,44.040878],[143.126519,44.034441],[143.131205,44.024473],[143.341068,43.693531],[143.349818,43.706248]]]},"properties":{}},"extra":false},
    {"code":1111620,"id":395,"name":"下白滝","original_name":"下白滝","name_kana":"しもしらたき","closed":true,"lat":43.944553,"lng":143.276088,"prefecture":1,"numbering":["A47"],"lines":[11116],"attr":"unknown","postal_code":"099-0101","address":"紋別郡遠軽町下白滝","open_date":"1929-08-12","closed_date":"2016-03-26","voronoi":{"type":"Feature","geometry":{"type":"Polygon","coordinates":[[[143.208309,44.069824],[143.179817,44.054534],[143.367006,43.755621],[143.395808,43.81586],[143.399502,43.861609],[143.381335,43.902598],[143.208309,44.069824]]]},"properties":{}},"extra":false},
    {"code":1111621,"id":396,"name":"丸瀬布","original_name":"丸瀬布","name_kana":"まるせっぷ","closed":false,"lat":44.006354,"lng":143.335817,"prefecture":1,"numbering":["A48"],"lines":[11116],"attr":"cool","postal_code":"099-0203","address":"紋別郡遠軽町丸瀬布中町","voronoi":{"type":"Feature","geometry":{"type":"Polygon","coordinates":[[[143.331589,44.134623],[143.374421,44.147906],[143.381335,43.902598],[143.208309,44.069824],[143.214428,44.076113],[143.231843,44.089509],[143.331589,44.134623]]]},"properties":{}},"extra":false},
    {"code":1111622,"id":397,"name":"瀬戸瀬","original_name":"瀬戸瀬","name_kana":"せとせ","closed":false,"lat":44.008753,"lng":143.420937,"prefecture":1,"numbering":["A49"],"lines":[11116],"attr":"cool","postal_code":"099-0342","address":"紋別郡遠軽町字瀬戸瀬西町","voronoi":{"type":"Feature","geometry":{"type":"Polygon","coordinates":[[[143.374421,44.147906],[143.375765,44.148815],[143.404914,44.142827],[143.441255,44.091706],[143.480362,44.016012],[143.475733,43.98157],[143.456842,43.938231],[143.399502,43.861609],[143.381335,43.902598],[143.374421,44.147906]]]},"properties":{}},"extra":false},
    {"code":1111623,"id":398,"name":"遠軽","original_name":"遠軽","name_kana":"えんがる","closed":false,"lat":44.060278,"lng":143.520667,"prefecture":1,"numbering":["A50"],"lines":[11116,11121],"attr":"cool","postal_code":"099-0415","address":"紋別郡遠軽町岩見通南１丁目","voronoi":{"type":"Feature","geometry":{"type":"Polygon","coordinates":[[[143.480362,44.016012],[143.441255,44.091706],[143.588967,44.056228],[143.605322,44.044184],[143.480362,44.016012]]]},"properties":{}},"extra":false},
    {"code":1111624,"id":399,"name":"安国","original_name":"安国","name_kana":"やすくに","closed":false,"lat":43.993322,"lng":143.535762,"prefecture":1,"numbering":["A51"],"lines":[11116],"attr":"cool","postal_code":"099-0622","address":"紋別郡遠軽町生田原安国","voronoi":{"type":"Feature","geometry":{"type":"Polygon","coordinates":[[[143.638789,44.036518],[143.645161,44.025308],[143.65997,43.966028],[143.475733,43.98157],[143.480362,44.016012],[143.605322,44.044184],[143.638789,44.036518]]]},"properties":{}},"extra":false},
    {"code":1111625,"id":400,"name":"生野(北海道)","original_name":"生野","name_kana":"いくの","closed":true,"lat":43.959928,"lng":143.532945,"prefecture":1,"numbering":["A52"],"lines":[11116],"attr":"unknown","postal_code":"099-0701","address":"紋別郡遠軽町生田原","open_date":"1946-12-01","closed_date":"2021-03-13","voronoi":{"type":"Feature","geometry":{"type":"Polygon","coordinates":[[[143.65997,43.966028],[143.663846,43.956238],[143.665854,43.947928],[143.456842,43.938231],[143.475733,43.98157],[143.65997,43.966028]]]},"properties":{}},"extra":false},
    {"code":1111626,"id":401,"name":"生田原","original_name":"生田原","name_kana":"いくたはら","closed":false,"lat":43.923674,"lng":143.534627,"prefecture":1,"numbering":["A53"],"lines":[11116],"attr":"cool","postal_code":"099-0701","address":"紋別郡遠軽町生田原","voronoi":{"type":"Feature","geometry":{"type":"Polygon","coordinates":[[[143.395808,43.81586],[143.399502,43.861609],[143.456842,43.938231],[143.665854,43.947928],[143.677853,43.917316],[143.629221,43.88677],[143.395808,43.81586]]]},"properties":{}},"extra":false},
    {"code":1111627,"id":402,"name":"金華","original_name":"金華","name_kana":"かねはな","closed":true,"lat":43.803484,"lng":143.57114,"prefecture":1,"numbering":["A54"],"lines":[11116],"attr":"unknown","postal_code":"091-0021","address":"北見市留辺蘂町金華","open_date":"1914-10-05","closed_date":"2016-03-26","voronoi":{"type":"Feature","geometry":{"type":"Polygon","coordinates":[[[143.611778,43.837936],[143.554439,43.73641],[143.349818,43.706248],[143.367006,43.755621],[143.395808,43.81586],[143.629221,43.88677],[143.611778,43.837936]]]},"properties":{}},"extra":false},
    {"code":1111628,"id":403,"name":"西留辺蘂","original_name":"西留辺蘂","name_kana":"にしるべしべ","closed":false,"lat":43.785345,"lng":143.603257,"prefecture":1,"numbering":["A55"],"lines":[11116],"attr":"cool","postal_code":"091-0027","address":"北見市留辺蘂町旭西３３４番地の１","voronoi":{"type":"Feature","geometry":{"type":"Polygon","coordinates":[[[143.554439,43.73641],[143.5843,43.732696],[143.612778,43.741989],[143.611778,43.837936],[143.554439,43.73641]]]},"properties":{}},"extra":false},
    {"code":1111629,"id":404,"name":"留辺蘂","original_name":"留辺蘂","name_kana":"るべしべ","closed":false,"lat":43.785534,"lng":143.621394,"prefecture":1,"numbering":["A56"],"lines":[11116],"attr":"cool","postal_code":"091-0002","address":"北見市留辺蘂町東町","voronoi":{"type":"Feature","geometry":{"type":"Polygon","coordinates":[[[143.67724,43.772548],[143.667476,43.764403],[143.629639,43.743845],[143.612778,43.741989],[143.611778,43.837936],[143.629221,43.88677],[143.677853,43.917316],[143.679233,43.916388],[143.688905,43.790958],[143.67724,43.772548]]]},"properties":{}},"extra":false},
    {"code":1111630,"id":405,"name":"相内","original_name":"相内","name_kana":"あいのない","closed":false,"lat":43.795948,"lng":143.756449,"prefecture":1,"numbering":["A57"],"lines":[11116],"attr":"cool","postal_code":"099-0871","address":"北見市相内町","voronoi":{"type":"Feature","geometry":{"type":"Polygon","coordinates":[[[143.763723,43.908005],[143.679233,43.916388],[143.688905,43.790958],[143.723736,43.768731],[143.747428,43.762277],[143.76529,43.763673],[143.787086,43.774459],[143.787593,43.774963],[143.763723,43.908005]]]},"properties":{}},"extra":false},
    {"code":1111631,"id":406,"name":"東相内","original_name":"東相内","name_kana":"ひがしあいのない","closed":false,"lat":43.805466,"lng":143.809499,"prefecture":1,"numbering":["A58"],"lines":[11116],"attr":"cool","postal_code":"099-0878","address":"北見市東相内町","voronoi":{"type":"Feature","geometry":{"type":"Polygon","coordinates":[[[143.779629,43.910302],[143.763723,43.908005],[143.787593,43.774963],[143.811032,43.774555],[143.823907,43.781975],[143.833361,43.910955],[143.779629,43.910302]]]},"properties":{}},"extra":false},
    {"code":1111632,"id":407,"name":"西北見","original_name":"西北見","name_kana":"にしきたみ","closed":false,"lat":43.803114,"lng":143.841586,"prefecture":1,"numbering":["A59"],"lines":[11116],"attr":"cool","postal_code":"090-0055","address":"北見市緑町６丁目","voronoi":{"type":"Feature","geometry":{"type":"Polygon","coordinates":[[[143.867814,43.853136],[143.869882,43.804173],[143.846158,43.77973],[143.823907,43.781975],[143.833361,43.910955],[143.849021,43.913505],[143.853185,43.903575],[143.867814,43.853136]]]},"properties":{}},"extra":false},
    {"code":1111633,"id":408,"name":"北見","original_name":"北見","name_kana":"きたみ","closed":false,"lat":43.805504,"lng":143.898167,"prefecture":1,"numbering":["A60"],"lines":[11116,11127,99109],"attr":"cool","postal_code":"090-0040","address":"北見市大通西１丁目","voronoi":{"type":"Feature","geometry":{"type":"Polygon","coordinates":[[[143.867814,43.853136],[143.869882,43.804173],[143.941482,43.735341],[143.954052,43.751422],[143.961653,43.763344],[143.867814,43.853136]]]},"properties":{}},"extra":false},
    {"code":1111634,"id":409,"name":"柏陽","original_name":"柏陽","name_kana":"はくよう","closed":false,"lat":43.824911,"lng":143.916737,"prefecture":1,"numbering":["A61"],"lines":[11116],"attr":"cool","postal_code":"090-0012","address":"北見市並木町","voronoi":{"type":"Feature","geometry":{"type":"Polygon","coordinates":[[[143.853185,43.903575],[143.867814,43.853136],[143.961653,43.763344],[143.977938,43.781012],[143.853185,43.903575]]]},"properties":{}},"extra":false},
    {"code":1111635,"id":410,"name":"愛し野","original_name":"愛し野","name_kana":"いとしの","closed":false,"lat":43.841426,"lng":143.932962,"prefecture":1,"numbering":["A62"],"lines":[11116],"attr":"cool","postal_code":"099-2103","address":"北見市端野町三区","voronoi":{"type":"Feature","geometry":{"type":"Polygon","coordinates":[[[143.849021,43.913505],[143.859731,43.921243],[143.993041,43.793022],[143.977938,43.781012],[143.853185,43.903575],[143.849021,43.913505]]]},"properties":{}},"extra":false},
    {"code":1111636,"id":411,"name":"端野","original_name":"端野","name_kana":"たんの","closed":false,"lat":43.851172,"lng":143.942336,"prefecture":1,"numbering":["A63"],"lines":[11116],"attr":"cool","postal_code":"099-2104","address":"北見市端野町端野","voronoi":{"type":"Feature","geometry":{"type":"Polygon","coordinates":[[[143.884023,43.93492],[143.864266,43.924972],[143.859731,43.921243],[143.993041,43.793022],[143.996523,43.795323],[144.002472,43.801483],[144.003185,43.802714],[143.929384,43.947877],[143.884023,43.93492]]]},"properties":{}},"extra":false},
    {"code":1111637,"id":412,"name":"緋牛内","original_name":"緋牛内","name_kana":"ひうしない","closed":false,"lat":43.880431,"lng":143.999887,"prefecture":1,"numbering":["A64"],"lines":[11116],"attr":"cool","postal_code":"099-2231","address":"北見市端野町緋牛内","voronoi":{"type":"Feature","geometry":{"type":"Polygon","coordinates":[[[144.042859,43.834614],[144.025856,43.818829],[144.003185,43.802714],[143.929384,43.947877],[143.951995,43.963863],[143.986202,43.982022],[144.015949,43.98032],[144.074259,43.931603],[144.074207,43.91088],[144.042859,43.834614]]]},"properties":{}},"extra":false},
    {"code":1111638,"id":413,"name":"美幌","original_name":"美幌","name_kana":"びほろ","closed":false,"lat":43.836967,"lng":144.10563,"prefecture":1,"numbering":["A65"],"lines":[11116,10101],"attr":"cool","postal_code":"092-0015","address":"網走郡美幌町字新町３丁目","voronoi":{"type":"Feature","geometry":{"type":"Polygon","coordinates":[[[144.042859,43.834614],[144.063381,43.826056],[144.152746,43.832975],[144.074207,43.91088],[144.042859,43.834614]]]},"properties":{}},"extra":false},
    {"code":1111639,"id":414,"name":"西女満別","original_name":"西女満別","name_kana":"にしめまんべつ","closed":false,"lat":43.880057,"lng":144.148372,"prefecture":1,"numbering":["A66"],"lines":[11116],"attr":"cool","postal_code":"099-2301","address":"網走郡大空町女満別本郷","voronoi":{"type":"Feature","geometry":{"type":"Polygon","coordinates":[[[144.310549,43.762995],[144.291057,43.813694],[144.289217,43.817272],[144.095869,43.937574],[144.074259,43.931603],[144.074207,43.91088],[144.152746,43.832975],[144.291189,43.734234],[144.304697,43.750077],[144.310549,43.762995]]]},"properties":{}},"extra":false},
    {"code":1111640,"id":415,"name":"女満別","original_name":"女満別","name_kana":"めまんべつ","closed":false,"lat":43.915886,"lng":144.170665,"prefecture":1,"numbering":["A67"],"lines":[11116],"attr":"cool","postal_code":"099-2310","address":"網走郡大空町女満別本通１丁目","voronoi":{"type":"Feature","geometry":{"type":"Polygon","coordinates":[[[144.095869,43.937574],[144.132856,43.959946],[144.13565,43.960365],[144.174847,43.959945],[144.274429,43.859382],[144.289217,43.817272],[144.095869,43.937574]]]},"properties":{}},"extra":false},
    {"code":1111641,"id":416,"name":"呼人","original_name":"呼人","name_kana":"よびと","closed":false,"lat":43.963695,"lng":144.218945,"prefecture":1,"numbering":["A68"],"lines":[11116],"attr":"cool","postal_code":"099-2421","address":"網走市呼人","voronoi":{"type":"Feature","geometry":{"type":"Polygon","coordinates":[[[144.27188,43.914677],[144.256189,43.979475],[144.255869,43.979676],[144.204286,43.994446],[144.174847,43.959945],[144.274429,43.859382],[144.27188,43.914677]]]},"properties":{}},"extra":false},
    {"code":1111642,"id":417,"name":"網走","original_name":"網走","name_kana":"あばしり","closed":false,"lat":44.019873,"lng":144.254156,"prefecture":1,"numbering":["A69"],"lines":[11116,11117,10117],"attr":"cool","postal_code":"093-0046","address":"網走市新町２丁目","voronoi":{"type":"Feature","geometry":{"type":"Polygon","coordinates":[[[144.2133,44.106608],[144.255869,43.979676],[144.256189,43.979475],[144.257959,43.981481],[144.299272,44.247599],[144.252729,44.178842],[144.2133,44.106608]]]},"properties":{}},"extra":false}
  ],
  "extra":false
}