{
  "code":11119,
  "id":19,
  "name":"JR江差線",
  "name_kana":"じぇいあーるえさしせん",
  "station_size":22,
  "company_code":1,
  "closed":true,
  "station_list":[
    {"code":1111901,"id":448,"name":"江差","original_name":"江差","name_kana":"えさし","closed":true,"lat":41.856727,"lng":140.127933,"prefecture":1,"lines":[11119],"attr":"unknown","postal_code":"043-0056","address":"檜山郡江差町字陣屋町","open_date":"1936-11-10","closed_date":"2014-05-12","voronoi":{"type":"Feature","geometry":{"type":"Polygon","coordinates":[[[140.160153,41.828594],[139.444228,41.882148],[139.947051,42.110052],[140.006627,42.126179],[140.219035,42.048315],[140.283376,42.014179],[140.334578,41.968868],[140.336159,41.967073],[140.23511,41.857145],[140.221322,41.848804],[140.211958,41.844533],[140.160153,41.828594]]]},"properties":{}},"extra":false},
    {"code":1111902,"id":449,"name":"上ノ国","original_name":"上ノ国","name_kana":"かみのくに","closed":true,"lat":41.805567,"lng":140.124106,"prefecture":1,"lines":[11119],"attr":"unknown","postal_code":"049-0611","address":"檜山郡上ノ国町字大留","open_date":"1936-11-10","closed_date":"2014-05-12","voronoi":{"type":"Feature","geometry":{"type":"Polygon","coordinates":[[[138.966735,41.686959],[139.444228,41.882148],[140.160153,41.828594],[140.010362,41.622798],[138.966735,41.686959]]]},"properties":{}},"extra":false},
    {"code":1111903,"id":450,"name":"中須田","original_name":"中須田","name_kana":"なかすだ","closed":true,"lat":41.787214,"lng":140.149321,"prefecture":1,"lines":[11119],"attr":"unknown","postal_code":"049-0624","address":"檜山郡上ノ国町字中須田","closed_date":"2014-05-12","voronoi":{"type":"Feature","geometry":{"type":"Polygon","coordinates":[[[140.160153,41.828594],[140.010362,41.622798],[140.023566,41.621019],[140.211958,41.844533],[140.160153,41.828594]]]},"properties":{}},"extra":false},
    {"code":1111904,"id":451,"name":"桂岡","original_name":"桂岡","name_kana":"かつらおか","closed":true,"lat":41.773096,"lng":140.166071,"prefecture":1,"lines":[11119],"attr":"unknown","postal_code":"049-0626","address":"檜山郡上ノ国町字桂岡","open_date":"1936-11-10","closed_date":"2014-05-12","voronoi":{"type":"Feature","geometry":{"type":"Polygon","coordinates":[[[140.085992,41.609241],[140.023566,41.621019],[140.211958,41.844533],[140.221322,41.848804],[140.085992,41.609241]]]},"properties":{}},"extra":false},
    {"code":1111905,"id":452,"name":"宮越","original_name":"宮越","name_kana":"みやこし","closed":true,"lat":41.762404,"lng":140.184998,"prefecture":1,"lines":[11119],"attr":"unknown","postal_code":"049-0564","address":"檜山郡上ノ国町字早瀬","open_date":"1964-12-30","closed_date":"2014-05-12","voronoi":{"type":"Feature","geometry":{"type":"Polygon","coordinates":[[[140.085992,41.609241],[140.093743,41.607294],[140.189635,41.645199],[140.19412,41.658163],[140.23511,41.857145],[140.221322,41.848804],[140.085992,41.609241]]]},"properties":{}},"extra":false},
    {"code":1111906,"id":453,"name":"湯ノ岱","original_name":"湯ノ岱","name_kana":"ゆのたい","closed":true,"lat":41.750312,"lng":140.243698,"prefecture":1,"lines":[11119],"attr":"unknown","postal_code":"049-0562","address":"檜山郡上ノ国町字湯ノ岱","open_date":"1935-12-10","closed_date":"2014-05-12","voronoi":{"type":"Feature","geometry":{"type":"Polygon","coordinates":[[[140.336159,41.967073],[140.23511,41.857145],[140.19412,41.658163],[140.391085,41.932017],[140.355569,41.956249],[140.336159,41.967073]]]},"properties":{}},"extra":false},
    {"code":1111907,"id":454,"name":"神明(北海道)","original_name":"神明","name_kana":"しんめい","closed":true,"lat":41.734481,"lng":140.265709,"prefecture":1,"lines":[11119],"attr":"unknown","postal_code":"049-0561","address":"檜山郡上ノ国町字神明","open_date":"1957-01-25","closed_date":"2014-05-12","voronoi":{"type":"Feature","geometry":{"type":"Polygon","coordinates":[[[140.30659,41.673523],[140.241471,41.645397],[140.189635,41.645199],[140.19412,41.658163],[140.391085,41.932017],[140.400702,41.926242],[140.402678,41.922509],[140.393338,41.868822],[140.30659,41.673523]]]},"properties":{}},"extra":false},
    {"code":1111908,"id":455,"name":"吉堀","original_name":"吉堀","name_kana":"よしぼり","closed":true,"lat":41.684059,"lng":140.379226,"prefecture":1,"lines":[11119],"attr":"unknown","postal_code":"049-0453","address":"上磯郡木古内町字大川","open_date":"1935-12-10","closed_date":"2014-05-12","voronoi":{"type":"Feature","geometry":{"type":"Polygon","coordinates":[[[140.30659,41.673523],[140.3329,41.655484],[140.356734,41.642762],[140.38242,41.645804],[140.410662,41.715394],[140.414293,41.746396],[140.393338,41.868822],[140.30659,41.673523]]]},"properties":{}},"extra":false},
    {"code":1111909,"id":456,"name":"渡島鶴岡","original_name":"渡島鶴岡","name_kana":"おしまつるおか","closed":true,"lat":41.671014,"lng":140.41137,"prefecture":1,"lines":[11119],"attr":"unknown","postal_code":"049-0455","address":"上磯郡木古内町字鶴岡","open_date":"1964-12-30","closed_date":"2014-05-12","voronoi":{"type":"Feature","geometry":{"type":"Polygon","coordinates":[[[140.38242,41.645804],[140.410662,41.715394],[140.4282,41.655503],[140.393613,41.641706],[140.38242,41.645804]]]},"properties":{}},"extra":false},
    {"code":101103,"id":447,"name":"木古内","original_name":"木古内","name_kana":"きこない","closed":false,"lat":41.677642,"lng":140.434004,"prefecture":1,"lines":[1011,11118,11119,99108,11126],"attr":"eco","postal_code":"049-0422","address":"上磯郡木古内町本町","open_date":"1930-10-25","voronoi":{"type":"Feature","geometry":{"type":"Polygon","coordinates":[[[140.414293,41.746396],[140.410662,41.715394],[140.4282,41.655503],[140.477008,41.647541],[140.414293,41.746396]]]},"properties":{}},"extra":false},
    {"code":1111911,"id":457,"name":"札苅","original_name":"札苅","name_kana":"さつかり","closed":false,"lat":41.699271,"lng":140.468097,"prefecture":1,"lines":[11119,99108],"attr":"eco","postal_code":"049-0411","address":"上磯郡木古内町字札苅","voronoi":{"type":"Feature","geometry":{"type":"Polygon","coordinates":[[[140.476259,41.847178],[140.482834,41.811917],[140.489945,41.639493],[140.477008,41.647541],[140.414293,41.746396],[140.393338,41.868822],[140.402678,41.922509],[140.458523,41.88207],[140.476259,41.847178]]]},"properties":{}},"extra":false},
    {"code":1111912,"id":458,"name":"泉沢","original_name":"泉沢","name_kana":"いずみさわ","closed":false,"lat":41.700867,"lng":140.506797,"prefecture":1,"lines":[11119,99108],"attr":"eco","postal_code":"049-0405","address":"上磯郡木古内町字泉沢","voronoi":{"type":"Feature","geometry":{"type":"Polygon","coordinates":[[[140.57794,41.555884],[140.482834,41.811917],[140.489945,41.639493],[140.513619,41.611679],[140.57794,41.555884]]]},"properties":{}},"extra":false},
    {"code":1111913,"id":459,"name":"釜谷","original_name":"釜谷","name_kana":"かまや","closed":false,"lat":41.712153,"lng":140.53718,"prefecture":1,"lines":[11119,99108],"attr":"eco","postal_code":"049-0403","address":"上磯郡木古内町字釜谷","voronoi":{"type":"Feature","geometry":{"type":"Polygon","coordinates":[[[140.672266,41.534518],[140.504177,41.814682],[140.476259,41.847178],[140.482834,41.811917],[140.57794,41.555884],[140.69614,41.430459],[140.672266,41.534518]]]},"properties":{}},"extra":false},
    {"code":1111914,"id":460,"name":"渡島当別","original_name":"渡島当別","name_kana":"おしまとうべつ","closed":false,"lat":41.737309,"lng":140.579109,"prefecture":1,"lines":[11119,99108],"attr":"eco","postal_code":"049-0282","address":"北斗市当別","open_date":"1930-10-25","voronoi":{"type":"Feature","geometry":{"type":"Polygon","coordinates":[[[140.504177,41.814682],[140.652303,41.706213],[140.672266,41.534518],[140.504177,41.814682]]]},"properties":{}},"extra":false},
    {"code":1111915,"id":461,"name":"茂辺地","original_name":"茂辺地","name_kana":"もへじ","closed":false,"lat":41.766604,"lng":140.600561,"prefecture":1,"lines":[11119,99108],"attr":"eco","postal_code":"049-0281","address":"北斗市茂辺地","voronoi":{"type":"Feature","geometry":{"type":"Polygon","coordinates":[[[140.652531,41.768925],[140.520152,41.869012],[140.458523,41.88207],[140.476259,41.847178],[140.504177,41.814682],[140.652303,41.706213],[140.654966,41.729349],[140.652531,41.768925]]]},"properties":{}},"extra":false},
    {"code":1111916,"id":462,"name":"上磯","original_name":"上磯","name_kana":"かみいそ","closed":false,"lat":41.81956,"lng":140.640599,"prefecture":1,"lines":[11119,99108],"attr":"eco","postal_code":"049-0161","address":"北斗市飯生","voronoi":{"type":"Feature","geometry":{"type":"Polygon","coordinates":[[[140.629771,41.863432],[140.536985,41.869838],[140.520152,41.869012],[140.652531,41.768925],[140.662806,41.783002],[140.629771,41.863432]]]},"properties":{}},"extra":false},
    {"code":1111917,"id":463,"name":"清川口","original_name":"清川口","name_kana":"きよかわぐち","closed":false,"lat":41.824615,"lng":140.652906,"prefecture":1,"lines":[11119,99108],"attr":"eco","postal_code":"049-0100","address":"北斗市会所町","voronoi":{"type":"Feature","geometry":{"type":"Polygon","coordinates":[[[140.662806,41.783002],[140.629771,41.863432],[140.653514,41.865308],[140.665858,41.786046],[140.662806,41.783002]]]},"properties":{}},"extra":false},
    {"code":1111918,"id":464,"name":"久根別","original_name":"久根別","name_kana":"くねべつ","closed":false,"lat":41.826727,"lng":140.666468,"prefecture":1,"lines":[11119,99108],"attr":"eco","postal_code":"049-0121","address":"北斗市久根別","voronoi":{"type":"Feature","geometry":{"type":"Polygon","coordinates":[[[140.671106,41.78975],[140.665858,41.786046],[140.653514,41.865308],[140.654063,41.865447],[140.674813,41.857839],[140.671106,41.78975]]]},"properties":{}},"extra":false},
    {"code":1111919,"id":465,"name":"東久根別","original_name":"東久根別","name_kana":"ひがしくねべつ","closed":false,"lat":41.826005,"lng":140.679731,"prefecture":1,"lines":[11119,99108],"attr":"eco","postal_code":"049-0121","address":"北斗市久根別","voronoi":{"type":"Feature","geometry":{"type":"Polygon","coordinates":[[[140.699355,41.840428],[140.686458,41.796891],[140.671106,41.78975],[140.674813,41.857839],[140.683866,41.856528],[140.697311,41.844749],[140.699355,41.840428]]]},"properties":{}},"extra":false},
    {"code":1111920,"id":466,"name":"七重浜","original_name":"七重浜","name_kana":"ななえはま","closed":false,"lat":41.817643,"lng":140.707957,"prefecture":1,"lines":[11119,99108],"attr":"eco","postal_code":"049-0111","address":"北斗市七重浜２丁目","voronoi":{"type":"Feature","geometry":{"type":"Polygon","coordinates":[[[140.728749,41.825131],[140.712074,41.794847],[140.686458,41.796891],[140.699355,41.840428],[140.728749,41.825131]]]},"properties":{}},"extra":false},
    {"code":1110102,"id":2,"name":"五稜郭","original_name":"五稜郭","name_kana":"ごりょうかく","closed":false,"lat":41.803557,"lng":140.733539,"prefecture":1,"lines":[11101,11119,99108],"attr":"eco","postal_code":"041-0813","address":"函館市亀田本町","voronoi":{"type":"Feature","geometry":{"type":"Polygon","coordinates":[[[140.768007,41.833528],[140.768731,41.834998],[140.728749,41.825131],[140.712074,41.794847],[140.714787,41.792259],[140.72972,41.788694],[140.730349,41.78881],[140.733986,41.789857],[140.738347,41.791818],[140.740097,41.793178],[140.757735,41.815728],[140.768007,41.833528]]]},"properties":{}},"extra":false},
    {"code":1110101,"id":1,"name":"函館","original_name":"函館","name_kana":"はこだて","closed":false,"lat":41.773709,"lng":140.726413,"prefecture":1,"lines":[11101,11119],"attr":"eco","postal_code":"040-0063","address":"北海道函館市若松町１２-１３","open_date":"1902-12-10","voronoi":{"type":"Feature","geometry":{"type":"Polygon","coordinates":[[[140.72591,41.771256],[140.717527,41.773829],[140.71735,41.774204],[140.714999,41.785757],[140.714787,41.792259],[140.72972,41.788694],[140.730562,41.78452],[140.731074,41.778908],[140.72591,41.771256]]]},"properties":{}},"extra":false}
  ],
  "closed_date":"2016-03-26",
  "extra":false
}