{
  "code":11117,
  "id":"1dc0f0",
  "name":"JR釧網本線",
  "name_kana":"じぇいあーるせんもうほんせん",
  "station_size":28,
  "company_code":1,
  "closed":false,
  "color":"#EF59A1",
  "station_list":[
    {"code":1111642,"id":"05b582","name":"網走","original_name":"網走","name_kana":"あばしり","closed":false,"lat":44.019873,"lng":144.254156,"prefecture":1,"numbering":["A69"],"lines":[11116,11117,10117],"attr":"cool","postal_code":"093-0046","address":"網走市新町２丁目","voronoi":{"type":"Feature","geometry":{"type":"Polygon","coordinates":[[[144.2133,44.106608],[144.255869,43.979676],[144.256189,43.979475],[144.257959,43.981481],[144.299272,44.247599],[144.252729,44.178842],[144.2133,44.106608]]]},"properties":{}},"extra":false},
    {"code":1111702,"id":"0e5032","name":"桂台","original_name":"桂台","name_kana":"かつらだい","closed":false,"lat":44.016913,"lng":144.273223,"prefecture":1,"numbering":["B79"],"lines":[11117],"attr":"heat","postal_code":"093-0031","address":"網走市台町１丁目","voronoi":{"type":"Feature","geometry":{"type":"Polygon","coordinates":[[[144.58668,44.461002],[144.490095,44.251167],[144.445066,44.167372],[144.365082,44.058672],[144.348803,44.042963],[144.257959,43.981481],[144.299272,44.247599],[144.739881,44.960634],[144.643444,44.607797],[144.58668,44.461002]]]},"properties":{}},"extra":false},
    {"code":1111703,"id":"a74ec6","name":"鱒浦","original_name":"鱒浦","name_kana":"ますうら","closed":false,"lat":43.982481,"lng":144.296526,"prefecture":1,"numbering":["B78"],"lines":[11117],"attr":"heat","postal_code":"099-3119","address":"網走市字鱒浦","voronoi":{"type":"Feature","geometry":{"type":"Polygon","coordinates":[[[144.27188,43.914677],[144.256189,43.979475],[144.257959,43.981481],[144.348803,44.042963],[144.27188,43.914677]]]},"properties":{}},"extra":false},
    {"code":1111704,"id":"05c5b4","name":"藻琴","original_name":"藻琴","name_kana":"もこと","closed":false,"lat":43.968358,"lng":144.320079,"prefecture":1,"numbering":["B77"],"lines":[11117],"attr":"heat","postal_code":"099-3111","address":"網走市字藻琴","voronoi":{"type":"Feature","geometry":{"type":"Polygon","coordinates":[[[144.289217,43.817272],[144.291057,43.813694],[144.365082,44.058672],[144.348803,44.042963],[144.27188,43.914677],[144.274429,43.859382],[144.289217,43.817272]]]},"properties":{}},"extra":false},
    {"code":1111705,"id":"c420b1","name":"北浜(北海道)","original_name":"北浜","name_kana":"きたはま","closed":false,"lat":43.958549,"lng":144.352541,"prefecture":1,"numbering":["B76"],"lines":[11117],"attr":"heat","postal_code":"099-3112","address":"網走市字北浜","voronoi":{"type":"Feature","geometry":{"type":"Polygon","coordinates":[[[144.291057,43.813694],[144.310549,43.762995],[144.335029,43.778579],[144.445066,44.167372],[144.365082,44.058672],[144.291057,43.813694]]]},"properties":{}},"extra":false},
    {"code":1111706,"id":"914630","name":"原生花園","original_name":"原生花園","name_kana":"げんせいかえん","closed":false,"lat":43.941033,"lng":144.41443,"prefecture":1,"numbering":["B75"],"lines":[11117],"attr":"heat","postal_code":"099-3452","address":"斜里郡小清水町浜小清水","voronoi":{"type":"Feature","geometry":{"type":"Polygon","coordinates":[[[144.445066,44.167372],[144.335029,43.778579],[144.390446,43.801236],[144.412318,43.817817],[144.490095,44.251167],[144.445066,44.167372]]]},"properties":{}},"extra":false},
    {"code":1111707,"id":"1e3449","name":"浜小清水","original_name":"浜小清水","name_kana":"はまこしみず","closed":false,"lat":43.934077,"lng":144.453187,"prefecture":1,"numbering":["B74"],"lines":[11117],"attr":"cool","postal_code":"099-3452","address":"斜里郡小清水町字浜小清水","voronoi":{"type":"Feature","geometry":{"type":"Polygon","coordinates":[[[144.412318,43.817817],[144.490095,44.251167],[144.58668,44.461002],[144.471767,43.849391],[144.412318,43.817817]]]},"properties":{}},"extra":false},
    {"code":1111708,"id":"98edbb","name":"止別","original_name":"止別","name_kana":"やむべつ","closed":false,"lat":43.921558,"lng":144.519818,"prefecture":1,"numbering":["B73"],"lines":[11117],"attr":"cool","postal_code":"099-3454","address":"斜里郡小清水町字止別","voronoi":{"type":"Feature","geometry":{"type":"Polygon","coordinates":[[[144.58668,44.461002],[144.471767,43.849391],[144.527972,43.854266],[144.580043,43.900856],[144.591401,43.924927],[144.643444,44.607797],[144.58668,44.461002]]]},"properties":{}},"extra":false},
    {"code":1111709,"id":"e4a553","name":"知床斜里","original_name":"知床斜里","name_kana":"しれとこしゃり","closed":false,"lat":43.910749,"lng":144.661647,"prefecture":1,"numbering":["B72"],"lines":[11117,10106],"attr":"cool","postal_code":"099-4112","address":"斜里郡斜里町港町","voronoi":{"type":"Feature","geometry":{"type":"LineString","coordinates":[[152.057943,60.0],[147.04724,51.07067],[144.739881,44.960634],[144.643444,44.607797],[144.591401,43.924927],[144.640066,43.894145],[144.679988,43.891257],[145.428252,45.191578],[145.499421,45.319094],[145.538337,45.389651],[145.687327,45.66289],[153.409636,60.0]]},"properties":{}},"extra":false},
    {"code":1111710,"id":"57609c","name":"中斜里","original_name":"中斜里","name_kana":"なかしゃり","closed":false,"lat":43.874608,"lng":144.659033,"prefecture":1,"numbering":["B71"],"lines":[11117],"attr":"cool","postal_code":"099-4142","address":"斜里郡斜里町字中斜里","voronoi":{"type":"Feature","geometry":{"type":"Polygon","coordinates":[[[144.687754,43.746443],[144.687647,43.745778],[144.677022,43.765043],[144.640066,43.894145],[144.679988,43.891257],[144.690617,43.844042],[144.693519,43.805843],[144.687754,43.746443]]]},"properties":{}},"extra":false},
    {"code":1111711,"id":"10c3d0","name":"南斜里","original_name":"南斜里","name_kana":"みなみしゃり","closed":true,"lat":43.867531,"lng":144.63431,"prefecture":1,"numbering":["B70"],"lines":[11117],"attr":"unknown","postal_code":"099-4143","address":"斜里郡斜里町字川上","open_date":"1962-10-01","closed_date":"2021-03-13","voronoi":{"type":"Feature","geometry":{"type":"Polygon","coordinates":[[[144.580043,43.900856],[144.591401,43.924927],[144.640066,43.894145],[144.677022,43.765043],[144.580043,43.900856]]]},"properties":{}},"extra":false},
    {"code":1111712,"id":"0207dc","name":"清里町","original_name":"清里町","name_kana":"きよさとちょう","closed":false,"lat":43.83871,"lng":144.593948,"prefecture":1,"numbering":["B69"],"lines":[11117],"attr":"cool","postal_code":"099-4406","address":"斜里郡清里町水元町","voronoi":{"type":"Feature","geometry":{"type":"Polygon","coordinates":[[[144.527972,43.854266],[144.580043,43.900856],[144.677022,43.765043],[144.687647,43.745778],[144.691559,43.71495],[144.694349,43.677041],[144.694439,43.672209],[144.657163,43.699586],[144.527972,43.854266]]]},"properties":{}},"extra":false},
    {"code":1111713,"id":"07a497","name":"札弦","original_name":"札弦","name_kana":"さっつる","closed":false,"lat":43.786574,"lng":144.531526,"prefecture":1,"numbering":["B68"],"lines":[11117],"attr":"cool","postal_code":"099-4521","address":"斜里郡清里町札弦町","voronoi":{"type":"Feature","geometry":{"type":"Polygon","coordinates":[[[144.390446,43.801236],[144.412318,43.817817],[144.471767,43.849391],[144.527972,43.854266],[144.657163,43.699586],[144.390446,43.801236]]]},"properties":{}},"extra":false},
    {"code":1111714,"id":"71096e","name":"緑","original_name":"緑","name_kana":"みどり","closed":false,"lat":43.718282,"lng":144.505499,"prefecture":1,"numbering":["B67"],"lines":[11117],"attr":"eco","postal_code":"099-4525","address":"斜里郡清里町緑町","voronoi":{"type":"Feature","geometry":{"type":"Polygon","coordinates":[[[144.64682,43.589954],[144.304697,43.750077],[144.310549,43.762995],[144.335029,43.778579],[144.390446,43.801236],[144.657163,43.699586],[144.694439,43.672209],[144.7005,43.658374],[144.661942,43.606382],[144.64682,43.589954]]]},"properties":{}},"extra":false},
    {"code":1111715,"id":"af16ce","name":"川湯温泉","original_name":"川湯温泉","name_kana":"かわゆおんせん","closed":false,"lat":43.616258,"lng":144.457749,"prefecture":1,"numbering":["B66"],"lines":[11117],"attr":"eco","postal_code":"088-3462","address":"川上郡弟子屈町字川湯駅前","voronoi":{"type":"Feature","geometry":{"type":"Polygon","coordinates":[[[144.64682,43.589954],[144.636393,43.568063],[144.606006,43.558834],[144.539243,43.555605],[144.248577,43.65144],[144.253031,43.662228],[144.268045,43.694715],[144.291189,43.734234],[144.304697,43.750077],[144.64682,43.589954]]]},"properties":{}},"extra":false},
    {"code":1111716,"id":"5be483","name":"美留和","original_name":"美留和","name_kana":"びるわ","closed":false,"lat":43.555316,"lng":144.437656,"prefecture":1,"numbering":["B65"],"lines":[11117],"attr":"eco","postal_code":"088-3331","address":"川上郡弟子屈町字美留和","voronoi":{"type":"Feature","geometry":{"type":"Polygon","coordinates":[[[144.248577,43.65144],[144.539243,43.555605],[144.213477,43.429385],[144.212193,43.430755],[144.209441,43.549313],[144.226493,43.609508],[144.240392,43.637887],[144.248577,43.65144]]]},"properties":{}},"extra":false},
    {"code":1111717,"id":"dbecb2","name":"摩周","original_name":"摩周","name_kana":"ましゅう","closed":false,"lat":43.487373,"lng":144.463981,"prefecture":1,"numbering":["B64"],"lines":[11117],"attr":"eco","postal_code":"088-3204","address":"川上郡弟子屈町字朝日１丁目","voronoi":{"type":"Feature","geometry":{"type":"Polygon","coordinates":[[[144.288366,43.324098],[144.293457,43.318163],[144.334105,43.323835],[144.606006,43.558834],[144.539243,43.555605],[144.213477,43.429385],[144.280417,43.333797],[144.288366,43.324098]]]},"properties":{}},"extra":false},
    {"code":1111718,"id":"31c724","name":"南弟子屈","original_name":"南弟子屈","name_kana":"みなみてしかが","closed":true,"lat":43.428656,"lng":144.514729,"prefecture":1,"numbering":["B63"],"lines":[11117],"attr":"unknown","postal_code":"088-3200","address":"川上郡弟子屈町字熊牛原野","open_date":"1929-08-15","closed_date":"2020-03-14","voronoi":{"type":"Feature","geometry":{"type":"Polygon","coordinates":[[[144.642537,43.490825],[144.429041,43.31925],[144.334105,43.323835],[144.606006,43.558834],[144.636393,43.568063],[144.643347,43.507259],[144.642537,43.490825]]]},"properties":{}},"extra":false},
    {"code":1111719,"id":"0e2d09","name":"磯分内","original_name":"磯分内","name_kana":"いそぶんない","closed":false,"lat":43.379389,"lng":144.554322,"prefecture":1,"numbering":["B62"],"lines":[11117],"attr":"eco","postal_code":"088-2300","address":"川上郡標茶町字熊牛原野","voronoi":{"type":"Feature","geometry":{"type":"Polygon","coordinates":[[[144.646548,43.468134],[144.642537,43.490825],[144.429041,43.31925],[144.440874,43.315878],[144.537866,43.309833],[144.554878,43.321209],[144.632001,43.400062],[144.646548,43.468134]]]},"properties":{}},"extra":false},
    {"code":1111720,"id":"9177db","name":"標茶","original_name":"標茶","name_kana":"しべちゃ","closed":false,"lat":43.298472,"lng":144.608434,"prefecture":1,"numbering":["B61"],"lines":[11117,11123],"attr":"eco","postal_code":"088-2314","address":"川上郡標茶町字標茶","voronoi":{"type":"Feature","geometry":{"type":"Polygon","coordinates":[[[144.67384,43.166627],[144.537866,43.309833],[144.554878,43.321209],[144.666041,43.299319],[144.725206,43.199483],[144.679898,43.166718],[144.67384,43.166627]]]},"properties":{}},"extra":false},
    {"code":1111721,"id":"3a1a4c","name":"五十石","original_name":"五十石","name_kana":"ごじっこく","closed":true,"lat":43.238771,"lng":144.545558,"prefecture":1,"numbering":["B60"],"lines":[11117],"attr":"unknown","postal_code":"088-2331","address":"川上郡標茶町オソツベツ原野","open_date":"1927-09-15","closed_date":"2017-03-04","voronoi":{"type":"Feature","geometry":{"type":"Polygon","coordinates":[[[144.571538,43.167057],[144.440874,43.315878],[144.537866,43.309833],[144.67384,43.166627],[144.609563,43.145762],[144.571538,43.167057]]]},"properties":{}},"extra":false},
    {"code":1111722,"id":"bc8dad","name":"茅沼","original_name":"茅沼","name_kana":"かやぬま","closed":false,"lat":43.202097,"lng":144.503788,"prefecture":1,"numbering":["B59"],"lines":[11117],"attr":"cool","postal_code":"088-2265","address":"川上郡標茶町シラルトロエトロ","voronoi":{"type":"Feature","geometry":{"type":"Polygon","coordinates":[[[144.571538,43.167057],[144.440874,43.315878],[144.429041,43.31925],[144.334105,43.323835],[144.293457,43.318163],[144.294636,43.300372],[144.31758,43.251421],[144.33013,43.231762],[144.405802,43.19],[144.571538,43.167057]]]},"properties":{}},"extra":false},
    {"code":1111723,"id":"38cd2a","name":"塘路","original_name":"塘路","name_kana":"とうろ","closed":false,"lat":43.151739,"lng":144.496817,"prefecture":1,"numbering":["B58"],"lines":[11117],"attr":"eco","postal_code":"088-2261","address":"川上郡標茶町字塘路","voronoi":{"type":"Feature","geometry":{"type":"Polygon","coordinates":[[[144.571538,43.167057],[144.405802,43.19],[144.449663,43.147919],[144.551133,43.088941],[144.609563,43.145762],[144.571538,43.167057]]]},"properties":{}},"extra":false},
    {"code":1111724,"id":"40cc00","name":"細岡","original_name":"細岡","name_kana":"ほそおか","closed":false,"lat":43.105055,"lng":144.469683,"prefecture":1,"numbering":["B57"],"lines":[11117],"attr":"eco","postal_code":"088-2148","address":"釧路郡釧路町字鳥通牛原野","voronoi":{"type":"Feature","geometry":{"type":"Polygon","coordinates":[[[144.464057,43.07646],[144.449663,43.147919],[144.551133,43.088941],[144.537475,43.06193],[144.464057,43.07646]]]},"properties":{}},"extra":false},
    {"code":1111725,"id":"087f66","name":"釧路湿原","original_name":"釧路湿原","name_kana":"くしろしつげん","closed":false,"lat":43.100647,"lng":144.447799,"prefecture":1,"numbering":["B56"],"lines":[11117],"attr":"eco","postal_code":"088-2148","address":"釧路郡釧路町鳥通原野","voronoi":{"type":"Feature","geometry":{"type":"Polygon","coordinates":[[[144.401913,43.064015],[144.464057,43.07646],[144.449663,43.147919],[144.405802,43.19],[144.33013,43.231762],[144.356882,43.119068],[144.370621,43.094517],[144.400143,43.065157],[144.401913,43.064015]]]},"properties":{}},"extra":false},
    {"code":1111726,"id":"df4917","name":"遠矢","original_name":"遠矢","name_kana":"とおや","closed":false,"lat":43.047878,"lng":144.458367,"prefecture":1,"numbering":["B55"],"lines":[11117],"attr":"eco","postal_code":"088-2145","address":"釧路郡釧路町字遠矢","voronoi":{"type":"Feature","geometry":{"type":"Polygon","coordinates":[[[144.537475,43.06193],[144.464057,43.07646],[144.401913,43.064015],[144.417342,43.037174],[144.42766,43.027955],[144.44641,43.017442],[144.534955,43.036029],[144.537475,43.06193]]]},"properties":{}},"extra":false},
    {"code":1110802,"id":"f3c62d","name":"東釧路","original_name":"東釧路","name_kana":"ひがしくしろ","closed":false,"lat":42.995207,"lng":144.411307,"prefecture":1,"numbering":["B54"],"lines":[11108,11117],"attr":"eco","postal_code":"085-0816","address":"釧路市貝塚２丁目","voronoi":{"type":"Feature","geometry":{"type":"Polygon","coordinates":[[[144.401664,43.005747],[144.409354,42.954722],[144.42766,43.027955],[144.417342,43.037174],[144.401664,43.005747]]]},"properties":{}},"extra":false},
    {"code":1110731,"id":"936c69","name":"釧路","original_name":"釧路","name_kana":"くしろ","closed":false,"lat":42.990584,"lng":144.381983,"prefecture":1,"numbering":["K53"],"lines":[11107,11108,11117,99119],"attr":"eco","postal_code":"085-0015","address":"釧路市北大通１４丁目","voronoi":{"type":"Feature","geometry":{"type":"Polygon","coordinates":[[[144.367888,43.000393],[144.291969,42.785297],[144.288533,42.769537],[144.274941,42.690088],[144.277417,42.607862],[144.284377,42.486361],[144.307103,42.284933],[144.356992,42.088681],[144.423729,41.879453],[144.40615,42.886818],[144.387753,42.997843],[144.37203,43.003038],[144.367888,43.000393]]]},"properties":{}},"extra":false}
  ],
  "extra":false
}