{
  "code":11120,
  "id":"7f2986",
  "name":"JR歌志内線",
  "name_kana":"じぇいあーるうたしないせん",
  "name_formal":"JR歌志内線",
  "station_size":7,
  "company_code":1,
  "closed":true,
  "station_list":[
    {"code":1110335,"id":"cbc4f3","name":"砂川","original_name":"砂川","name_kana":"すながわ","closed":false,"lat":43.493468,"lng":141.909642,"prefecture":1,"lines":[11103,11120],"attr":"eco","postal_code":"073-0152","address":"砂川市東２条北２丁目","voronoi":{"type":"Feature","geometry":{"type":"Polygon","coordinates":[[[141.880565,43.486139],[141.885529,43.51518],[141.897389,43.523253],[141.919768,43.526452],[141.927704,43.47598],[141.926805,43.472525],[141.880565,43.486139]]]},"properties":{}},"extra":false},
    {"code":1112002,"id":"6ed520","name":"焼山","original_name":"焼山","name_kana":"やけやま","closed":true,"lat":43.498167,"lng":141.939528,"prefecture":1,"lines":[11120],"postal_code":"073-0115","address":"北海道砂川市焼山３４６","open_date":"1961-12-25","closed_date":"1988-04-25","voronoi":{"type":"Feature","geometry":{"type":"Polygon","coordinates":[[[141.945463,43.543873],[141.919768,43.526452],[141.927704,43.47598],[141.957104,43.499301],[141.964968,43.510775],[141.967765,43.53057],[141.967729,43.531904],[141.945463,43.543873]]]},"properties":{}},"extra":true},
    {"code":1112003,"id":"7424a7","name":"文珠","original_name":"文珠","name_kana":"もんじゅ","closed":true,"lat":43.491611,"lng":141.985917,"prefecture":1,"lines":[11120],"postal_code":"073-0407","address":"北海道歌志内市字文珠１９９−５２","open_date":"1946-11-01","closed_date":"1988-04-25","voronoi":{"type":"Feature","geometry":{"type":"Polygon","coordinates":[[[141.967765,43.53057],[141.964968,43.510775],[141.969159,43.499952],[141.984636,43.484475],[141.996517,43.488867],[141.967765,43.53057]]]},"properties":{}},"extra":true},
    {"code":1112004,"id":"858606","name":"西歌","original_name":"西歌","name_kana":"にしうた","closed":true,"lat":43.49975,"lng":141.997722,"prefecture":1,"lines":[11120],"postal_code":"073-0407","address":"北海道歌志内市字文珠２５３−２３","open_date":"1961-02-10","closed_date":"1988-04-25","voronoi":{"type":"Feature","geometry":{"type":"Polygon","coordinates":[[[142.017059,43.481139],[141.996517,43.488867],[141.967765,43.53057],[141.967729,43.531904],[141.996098,43.538553],[142.00007,43.531927],[142.017059,43.481139]]]},"properties":{}},"extra":true},
    {"code":1112005,"id":"32385f","name":"神威","original_name":"神威","name_kana":"かもい","closed":true,"lat":43.507639,"lng":142.021306,"prefecture":1,"lines":[11120],"postal_code":"073-0405","address":"北海道歌志内市字神威１８３","open_date":"1896-10-21","closed_date":"1988-04-25","voronoi":{"type":"Feature","geometry":{"type":"Polygon","coordinates":[[[142.07755,43.450034],[142.078174,43.451599],[142.040077,43.502442],[142.00007,43.531927],[142.017059,43.481139],[142.066159,43.42619],[142.077018,43.448787],[142.07755,43.450034]]]},"properties":{}},"extra":true},
    {"code":1112006,"id":"728271","name":"歌神","original_name":"歌神","name_kana":"かしん","closed":true,"lat":43.518833,"lng":142.029556,"prefecture":1,"lines":[11120],"postal_code":"073-0404","address":"北海道歌志内市字歌神","open_date":"1960-12-26","closed_date":"1988-04-25","voronoi":{"type":"Feature","geometry":{"type":"Polygon","coordinates":[[[142.028644,43.542499],[142.010957,43.551809],[141.996098,43.538553],[142.00007,43.531927],[142.040077,43.502442],[142.028644,43.542499]]]},"properties":{}},"extra":true},
    {"code":1112007,"id":"8b3db7","name":"歌志内","original_name":"歌志内","name_kana":"うたしない","closed":true,"lat":43.521917,"lng":142.040361,"prefecture":1,"lines":[11120],"postal_code":"073-0403","address":"北海道歌志内市字本町１０２７−６０","open_date":"1891-07-05","closed_date":"1988-04-25","voronoi":{"type":"Feature","geometry":{"type":"Polygon","coordinates":[[[142.040077,43.502442],[142.028644,43.542499],[142.05934,43.534824],[142.085429,43.464004],[142.078174,43.451599],[142.040077,43.502442]]]},"properties":{}},"extra":true}
  ],
  "closed_date":"1988-04-25",
  "extra":true
}