{
  "code":11203,
  "id":"ddb025",
  "name":"JR大湊線(はまなすベイライン大湊線)",
  "name_kana":"じぇいあーるおおみなとせん",
  "name_formal":"JR大湊線",
  "station_size":11,
  "company_code":2,
  "closed":false,
  "color":"#F1AA28",
  "station_list":[
    {"code":1120110,"id":"83ffd8","name":"野辺地","original_name":"野辺地","name_kana":"のへじ","closed":false,"lat":40.855142,"lng":141.119603,"prefecture":2,"lines":[11201,11203,99206,99220],"attr":"cool","postal_code":"039-3131","address":"上北郡野辺地町大字野辺地","voronoi":{"type":"Feature","geometry":{"type":"Polygon","coordinates":[[[141.102502,40.885292],[141.029807,40.807552],[141.150309,40.839176],[141.151951,40.840258],[141.102502,40.885292]]]},"properties":{}},"extra":false},
    {"code":1120302,"id":"e397c8","name":"北野辺地","original_name":"北野辺地","name_kana":"きたのへじ","closed":false,"lat":40.871077,"lng":141.134115,"prefecture":2,"lines":[11203],"attr":"cool","postal_code":"039-3131","address":"上北郡野辺地町大字野辺地","voronoi":{"type":"Feature","geometry":{"type":"Polygon","coordinates":[[[141.193244,40.851923],[141.151951,40.840258],[141.102502,40.885292],[141.126775,40.937426],[141.193244,40.851923]]]},"properties":{}},"extra":false},
    {"code":1120303,"id":"bb8b48","name":"有戸","original_name":"有戸","name_kana":"ありと","closed":false,"lat":40.913949,"lng":141.189264,"prefecture":2,"lines":[11203],"attr":"cool","postal_code":"039-3108","address":"上北郡野辺地町大字有戸","voronoi":{"type":"Feature","geometry":{"type":"Polygon","coordinates":[[[141.117082,41.021432],[141.126775,40.937426],[141.193244,40.851923],[141.205362,40.847888],[141.345078,40.872747],[141.374468,40.885015],[141.117082,41.021432]]]},"properties":{}},"extra":false},
    {"code":1120304,"id":"774fed","name":"吹越","original_name":"吹越","name_kana":"ふっこし","closed":false,"lat":41.022038,"lng":141.246552,"prefecture":2,"lines":[11203],"attr":"cool","postal_code":"039-4153","address":"上北郡横浜町字吹越","voronoi":{"type":"Feature","geometry":{"type":"Polygon","coordinates":[[[141.366252,41.048423],[141.094954,41.061903],[141.106074,41.037286],[141.117082,41.021432],[141.374468,40.885015],[141.391166,40.88607],[141.484687,40.901999],[141.682927,40.962262],[141.366252,41.048423]]]},"properties":{}},"extra":false},
    {"code":1120305,"id":"66f962","name":"陸奥横浜","original_name":"陸奥横浜","name_kana":"むつよこはま","closed":false,"lat":41.086544,"lng":141.249757,"prefecture":2,"lines":[11203],"attr":"cool","postal_code":"039-4133","address":"上北郡横浜町字舘の後","voronoi":{"type":"Feature","geometry":{"type":"Polygon","coordinates":[[[141.094954,41.061903],[141.055824,41.115371],[141.146963,41.156748],[141.181772,41.157072],[141.366252,41.048423],[141.094954,41.061903]]]},"properties":{}},"extra":false},
    {"code":1120306,"id":"dc6df6","name":"有畑","original_name":"有畑","name_kana":"ありはた","closed":false,"lat":41.131818,"lng":141.276421,"prefecture":2,"lines":[11203],"attr":"eco","postal_code":"039-4106","address":"上北郡横浜町字有畑","voronoi":{"type":"Feature","geometry":{"type":"Polygon","coordinates":[[[141.181772,41.157072],[141.208431,41.164762],[142.026896,41.129217],[141.981091,41.104957],[141.740126,40.981229],[141.708321,40.966507],[141.682927,40.962262],[141.366252,41.048423],[141.181772,41.157072]]]},"properties":{}},"extra":false},
    {"code":1120307,"id":"99da67","name":"近川","original_name":"近川","name_kana":"ちかがわ","closed":false,"lat":41.191687,"lng":141.279021,"prefecture":2,"lines":[11203],"attr":"eco","postal_code":"035-0011","address":"むつ市大字奥内","voronoi":{"type":"Feature","geometry":{"type":"Polygon","coordinates":[[[141.419025,41.338084],[141.208431,41.164762],[142.026896,41.129217],[142.127971,41.177685],[142.297433,41.26136],[142.293885,41.266916],[142.242506,41.3296],[142.055737,41.541186],[142.006161,41.588014],[141.761594,41.490801],[141.419025,41.338084]]]},"properties":{}},"extra":false},
    {"code":1120308,"id":"5296a3","name":"金谷沢","original_name":"金谷沢","name_kana":"かなやさわ","closed":false,"lat":41.228854,"lng":141.248432,"prefecture":2,"lines":[11203],"attr":"eco","postal_code":"035-0011","address":"むつ市大字奥内","voronoi":{"type":"Feature","geometry":{"type":"Polygon","coordinates":[[[141.419025,41.338084],[141.208431,41.164762],[141.181772,41.157072],[141.146963,41.156748],[141.160819,41.180069],[141.251846,41.271372],[141.350284,41.3168],[141.419025,41.338084]]]},"properties":{}},"extra":false},
    {"code":1120309,"id":"69b1b2","name":"赤川","original_name":"赤川","name_kana":"あかがわ","closed":false,"lat":41.267829,"lng":141.209339,"prefecture":2,"lines":[11203],"attr":"heat","postal_code":"035-0044","address":"むつ市赤川町","voronoi":{"type":"Feature","geometry":{"type":"Polygon","coordinates":[[[141.160819,41.180069],[141.251846,41.271372],[141.218712,41.280592],[141.198768,41.27426],[141.178819,41.248482],[141.160819,41.180069]]]},"properties":{}},"extra":false},
    {"code":1120310,"id":"ea13e3","name":"下北","original_name":"下北","name_kana":"しもきた","closed":false,"lat":41.28288,"lng":141.18989,"prefecture":2,"lines":[11203,10202,99224],"attr":"heat","postal_code":"035-0061","address":"むつ市下北町","voronoi":{"type":"Feature","geometry":{"type":"Polygon","coordinates":[[[141.198768,41.27426],[141.190893,41.314063],[141.171974,41.324374],[141.178819,41.248482],[141.198768,41.27426]]]},"properties":{}},"extra":false},
    {"code":1120311,"id":"fc9bd8","name":"大湊","original_name":"大湊","name_kana":"おおみなと","closed":false,"lat":41.280344,"lng":141.161772,"prefecture":2,"lines":[11203],"attr":"heat","postal_code":"035-0084","address":"むつ市大湊新町","voronoi":{"type":"Feature","geometry":{"type":"Polygon","coordinates":[[[141.160819,41.180069],[141.146963,41.156748],[141.055824,41.115371],[141.012354,41.131996],[140.877692,41.211807],[140.814725,41.346864],[141.142363,41.341623],[141.151957,41.339678],[141.166062,41.330668],[141.171974,41.324374],[141.178819,41.248482],[141.160819,41.180069]]]},"properties":{}},"extra":false}
  ],
  "extra":false
}