{
  "code":11208,
  "id":27,
  "name":"JR大船渡線(ドラゴンレール大船渡線)",
  "name_kana":"じぇいあーるおおふなとせん",
  "name_formal":"JR大船渡線",
  "station_size":39,
  "company_code":2,
  "closed":false,
  "color":"#F18E44",
  "station_list":[
    {"code":100414,"id":651,"name":"一ノ関","original_name":"一ノ関","name_kana":"いちのせき","closed":false,"lat":38.926514,"lng":141.138177,"prefecture":3,"lines":[1004,11231,11208],"attr":"cool","postal_code":"021-0867","address":"一関市駅前","voronoi":{"type":"Feature","geometry":{"type":"Polygon","coordinates":[[[141.054947,38.918627],[141.146412,38.892054],[141.172267,38.948295],[141.054947,38.918627]]]},"properties":{}},"extra":false},
    {"code":1120802,"id":652,"name":"真滝","original_name":"真滝","name_kana":"またき","closed":false,"lat":38.908239,"lng":141.17793,"prefecture":3,"lines":[11208],"attr":"cool","postal_code":"029-0132","address":"一関市滝沢","voronoi":{"type":"Feature","geometry":{"type":"Polygon","coordinates":[[[141.185439,38.962384],[141.172267,38.948295],[141.146412,38.892054],[141.148559,38.889063],[141.193238,38.871171],[141.219389,38.871898],[141.213041,38.925569],[141.19779,38.951623],[141.185439,38.962384]]]},"properties":{}},"extra":false},
    {"code":1120803,"id":653,"name":"陸中門崎","original_name":"陸中門崎","name_kana":"りくちゅうかんざき","closed":false,"lat":38.916908,"lng":141.251226,"prefecture":3,"lines":[11208],"attr":"cool","postal_code":"029-0201","address":"一関市川崎町門崎","voronoi":{"type":"Feature","geometry":{"type":"Polygon","coordinates":[[[141.308893,38.796852],[141.296685,38.941553],[141.213041,38.925569],[141.219389,38.871898],[141.303481,38.800264],[141.308893,38.796852]]]},"properties":{}},"extra":false},
    {"code":1120804,"id":654,"name":"岩ノ下","original_name":"岩ノ下","name_kana":"いわのした","closed":false,"lat":38.947699,"lng":141.245342,"prefecture":3,"lines":[11208],"attr":"cool","postal_code":"029-0303","address":"一関市東山町松川","voronoi":{"type":"Feature","geometry":{"type":"Polygon","coordinates":[[[141.296685,38.941553],[141.213041,38.925569],[141.19779,38.951623],[141.258346,38.966581],[141.274808,38.963416],[141.296089,38.951708],[141.298231,38.948347],[141.296685,38.941553]]]},"properties":{}},"extra":false},
    {"code":1120805,"id":655,"name":"陸中松川","original_name":"陸中松川","name_kana":"りくちゅうまつかわ","closed":false,"lat":38.977237,"lng":141.238046,"prefecture":3,"lines":[11208],"attr":"cool","postal_code":"029-0303","address":"一関市東山町松川","voronoi":{"type":"Feature","geometry":{"type":"Polygon","coordinates":[[[141.185439,38.962384],[141.178603,38.990306],[141.180372,39.010189],[141.200552,39.041769],[141.258346,38.966581],[141.19779,38.951623],[141.185439,38.962384]]]},"properties":{}},"extra":false},
    {"code":1120806,"id":656,"name":"猊鼻渓","original_name":"猊鼻渓","name_kana":"げいびけい","closed":false,"lat":38.988939,"lng":141.25327,"prefecture":3,"lines":[11208],"attr":"cool","postal_code":"029-0302","address":"一関市東山町長坂","voronoi":{"type":"Feature","geometry":{"type":"Polygon","coordinates":[[[141.258346,38.966581],[141.200552,39.041769],[141.203875,39.048833],[141.221004,39.067127],[141.230785,39.071166],[141.274808,38.963416],[141.258346,38.966581]]]},"properties":{}},"extra":false},
    {"code":1120807,"id":657,"name":"柴宿","original_name":"柴宿","name_kana":"しばじゅく","closed":false,"lat":38.996719,"lng":141.272312,"prefecture":3,"lines":[11208],"attr":"cool","postal_code":"029-0302","address":"一関市東山町長坂","voronoi":{"type":"Feature","geometry":{"type":"Polygon","coordinates":[[[141.296089,38.951708],[141.298356,39.109191],[141.230785,39.071166],[141.274808,38.963416],[141.296089,38.951708]]]},"properties":{}},"extra":false},
    {"code":1120808,"id":658,"name":"摺沢","original_name":"摺沢","name_kana":"すりさわ","closed":false,"lat":38.996016,"lng":141.321151,"prefecture":3,"lines":[11208],"attr":"cool","postal_code":"029-0523","address":"一関市大東町摺沢","voronoi":{"type":"Feature","geometry":{"type":"Polygon","coordinates":[[[141.441504,39.094667],[141.438056,39.128095],[141.346237,39.151673],[141.298356,39.109191],[141.296089,38.951708],[141.298231,38.948347],[141.35702,38.968575],[141.401786,39.012993],[141.420922,39.046951],[141.441504,39.094667]]]},"properties":{}},"extra":false},
    {"code":1120809,"id":659,"name":"千厩","original_name":"千厩","name_kana":"せんまや","closed":false,"lat":38.924873,"lng":141.34563,"prefecture":3,"lines":[11208],"attr":"cool","postal_code":"029-0803","address":"一関市千厩町千厩","voronoi":{"type":"Feature","geometry":{"type":"Polygon","coordinates":[[[141.35702,38.968575],[141.387531,38.814219],[141.366792,38.790651],[141.336773,38.777563],[141.323683,38.777181],[141.308893,38.796852],[141.296685,38.941553],[141.298231,38.948347],[141.35702,38.968575]]]},"properties":{}},"extra":false},
    {"code":1120810,"id":660,"name":"小梨","original_name":"小梨","name_kana":"こなし","closed":false,"lat":38.932493,"lng":141.38418,"prefecture":3,"lines":[11208],"attr":"cool","postal_code":"029-0801","address":"一関市千厩町清田","voronoi":{"type":"Feature","geometry":{"type":"Polygon","coordinates":[[[141.35702,38.968575],[141.401786,39.012993],[141.412647,38.834628],[141.387531,38.814219],[141.35702,38.968575]]]},"properties":{}},"extra":false},
    {"code":1120811,"id":661,"name":"矢越","original_name":"矢越","name_kana":"やごし","closed":false,"lat":38.935224,"lng":141.429029,"prefecture":3,"lines":[11208],"attr":"cool","postal_code":"029-1202","address":"一関市室根町矢越","voronoi":{"type":"Feature","geometry":{"type":"Polygon","coordinates":[[[141.401786,39.012993],[141.412647,38.834628],[141.4323,38.844368],[141.448534,38.893806],[141.420922,39.046951],[141.401786,39.012993]]]},"properties":{}},"extra":false},
    {"code":1120812,"id":662,"name":"折壁","original_name":"折壁","name_kana":"おりかべ","closed":false,"lat":38.939428,"lng":141.452346,"prefecture":3,"lines":[11208],"attr":"cool","postal_code":"029-1201","address":"一関市室根町折壁","voronoi":{"type":"Feature","geometry":{"type":"Polygon","coordinates":[[[141.448534,38.893806],[141.420922,39.046951],[141.441504,39.094667],[141.499347,39.006324],[141.504282,38.979077],[141.448534,38.893806]]]},"properties":{}},"extra":false},
    {"code":1120813,"id":663,"name":"新月","original_name":"新月","name_kana":"にいつき","closed":false,"lat":38.915598,"lng":141.488796,"prefecture":3,"lines":[11208],"attr":"cool","postal_code":"029-1201","address":"一関市室根町折壁","voronoi":{"type":"Feature","geometry":{"type":"Polygon","coordinates":[[[141.448534,38.893806],[141.4323,38.844368],[141.499879,38.851616],[141.510489,38.855637],[141.519665,38.880824],[141.522159,38.891587],[141.526076,38.940917],[141.504282,38.979077],[141.448534,38.893806]]]},"properties":{}},"extra":false},
    {"code":1120814,"id":664,"name":"気仙沼","original_name":"気仙沼","name_kana":"けせんぬま","closed":false,"lat":38.910031,"lng":141.558893,"prefecture":4,"lines":[11208],"attr":"eco","postal_code":"988-0077","address":"気仙沼市古町","voronoi":{"type":"Feature","geometry":{"type":"Polygon","coordinates":[[[141.526076,38.940917],[141.522159,38.891587],[141.570745,38.907523],[141.562841,38.9351],[141.526076,38.940917]]]},"properties":{}},"extra":false},
    {"code":1120815,"id":665,"name":"鹿折唐桑","original_name":"鹿折唐桑","name_kana":"ししおりからくわ","closed":true,"lat":38.915928,"lng":141.579468,"prefecture":4,"lines":[11208],"attr":"unknown","postal_code":"988-0005","address":"気仙沼市新浜町","closed_date":"2020-04-01","voronoi":{"type":"Feature","geometry":{"type":"Polygon","coordinates":[[[141.566988,38.936285],[141.562841,38.9351],[141.570745,38.907523],[141.571997,38.906318],[141.59558,38.903154],[141.566988,38.936285]]]},"properties":{}},"extra":false},
    {"code":1120816,"id":666,"name":"上鹿折","original_name":"上鹿折","name_kana":"かみししおり","closed":true,"lat":38.960163,"lng":141.566825,"prefecture":4,"lines":[11208],"attr":"unknown","postal_code":"988-0803","address":"気仙沼市字上東側","closed_date":"2020-04-01","voronoi":{"type":"Feature","geometry":{"type":"Polygon","coordinates":[[[141.58337,38.989341],[141.499347,39.006324],[141.504282,38.979077],[141.526076,38.940917],[141.562841,38.9351],[141.566988,38.936285],[141.599381,38.951551],[141.599163,38.960301],[141.586053,38.986494],[141.58337,38.989341]]]},"properties":{}},"extra":false},
    {"code":1120826,"id":9317,"name":"八幡大橋（東陵高校）","original_name":"八幡大橋（東陵高校）","name_kana":"はちまんおおはし（とうりょうこうこう）","closed":true,"lat":38.920961,"lng":141.5853,"prefecture":4,"lines":[11208],"attr":"unknown","postal_code":"988-0811","address":"宮城県気仙沼市東八幡前","voronoi":{"type":"Feature","geometry":{"type":"Polygon","coordinates":[[[141.646906,38.897789],[141.599381,38.951551],[141.566988,38.936285],[141.59558,38.903154],[141.60101,38.901344],[141.646906,38.897789]]]},"properties":{}},"extra":false},
    {"code":1120827,"id":9348,"name":"唐桑大沢","original_name":"唐桑大沢","name_kana":"からくわおおさわ","closed":true,"lat":38.961773,"lng":141.631468,"prefecture":4,"lines":[11208],"attr":"unknown","postal_code":"988-0505","address":"宮城県気仙沼市唐桑町港７４","voronoi":{"type":"Feature","geometry":{"type":"Polygon","coordinates":[[[141.652133,38.986409],[141.662391,38.978162],[141.667274,38.971122],[141.711101,38.862807],[141.683056,38.876166],[141.668079,38.884384],[141.646906,38.897789],[141.599381,38.951551],[141.599163,38.960301],[141.649285,38.986696],[141.649953,38.986759],[141.652133,38.986409]]]},"properties":{}},"extra":false},
    {"code":1120828,"id":9318,"name":"長部","original_name":"長部","name_kana":"おさべ","closed":true,"lat":38.986106,"lng":141.618654,"prefecture":3,"lines":[11208],"attr":"unknown","postal_code":"029-2204","address":"岩手県陸前高田市気仙町水上","voronoi":{"type":"Feature","geometry":{"type":"Polygon","coordinates":[[[141.599163,38.960301],[141.586053,38.986494],[141.62276,38.997037],[141.649285,38.986696],[141.599163,38.960301]]]},"properties":{}},"extra":false},
    {"code":1120829,"id":9365,"name":"陸前今泉","original_name":"陸前今泉","name_kana":"りくぜんいまいずみ","closed":true,"lat":39.004123,"lng":141.613479,"prefecture":3,"lines":[11208],"attr":"unknown","postal_code":"029-2204","address":"岩手県陸前高田市気仙町愛宕下","voronoi":{"type":"Feature","geometry":{"type":"Polygon","coordinates":[[[141.58337,38.989341],[141.598591,39.017287],[141.612562,39.01916],[141.615965,39.017381],[141.618003,39.014407],[141.62276,38.997037],[141.586053,38.986494],[141.58337,38.989341]]]},"properties":{}},"extra":false},
    {"code":1120830,"id":9319,"name":"奇跡の一本松","original_name":"奇跡の一本松","name_kana":"きせきのいっぽんまつ","closed":true,"lat":39.007863,"lng":141.627136,"prefecture":3,"lines":[11208],"attr":"unknown","postal_code":"029-2204","address":"岩手県陸前高田市気仙町砂盛２７４−１１","voronoi":{"type":"Feature","geometry":{"type":"Polygon","coordinates":[[[141.649285,38.986696],[141.62276,38.997037],[141.618003,39.014407],[141.632447,39.010124],[141.635834,39.008718],[141.649953,38.986759],[141.649285,38.986696]]]},"properties":{}},"extra":false},
    {"code":1120817,"id":667,"name":"陸前矢作","original_name":"陸前矢作","name_kana":"りくぜんやはぎ","closed":true,"lat":39.022654,"lng":141.579456,"prefecture":3,"lines":[11208],"attr":"unknown","postal_code":"029-2201","address":"陸前高田市矢作町字打越","closed_date":"2020-04-01","voronoi":{"type":"Feature","geometry":{"type":"Polygon","coordinates":[[[141.46675,39.146728],[141.438056,39.128095],[141.441504,39.094667],[141.499347,39.006324],[141.58337,38.989341],[141.598591,39.017287],[141.550294,39.146163],[141.475239,39.151188],[141.46675,39.146728]]]},"properties":{}},"extra":false},
    {"code":1120818,"id":668,"name":"竹駒","original_name":"竹駒","name_kana":"たけこま","closed":true,"lat":39.033908,"lng":141.609486,"prefecture":3,"lines":[11208],"attr":"unknown","postal_code":"029-2203","address":"陸前高田市竹駒町字十日市場","closed_date":"2020-04-01","voronoi":{"type":"Feature","geometry":{"type":"Polygon","coordinates":[[[141.615441,39.146344],[141.598853,39.149072],[141.550294,39.146163],[141.598591,39.017287],[141.612562,39.01916],[141.638318,39.078513],[141.642435,39.094249],[141.615441,39.146344]]]},"properties":{}},"extra":false},
    {"code":1120831,"id":9333,"name":"栃ヶ沢公園","original_name":"栃ヶ沢公園","name_kana":"とちがさわこうえん","closed":true,"lat":39.026987,"lng":141.625435,"prefecture":3,"lines":[11208],"attr":"unknown","postal_code":"029-2205","address":"岩手県陸前高田市高田町鳴石","voronoi":{"type":"Feature","geometry":{"type":"Polygon","coordinates":[[[141.638318,39.078513],[141.612562,39.01916],[141.615965,39.017381],[141.626807,39.020787],[141.633274,39.02352],[141.638318,39.078513]]]},"properties":{}},"extra":false},
    {"code":1120819,"id":669,"name":"陸前高田","original_name":"陸前高田","name_kana":"りくぜんたかた","closed":true,"lat":39.014915,"lng":141.629227,"prefecture":3,"lines":[11208],"attr":"unknown","postal_code":"029-2205","address":"陸前高田市高田町字並杉","closed_date":"2020-04-01","voronoi":{"type":"Feature","geometry":{"type":"Polygon","coordinates":[[[141.615965,39.017381],[141.626807,39.020787],[141.632447,39.010124],[141.618003,39.014407],[141.615965,39.017381]]]},"properties":{}},"extra":false},
    {"code":1120832,"id":9320,"name":"まちなか陸前高田","original_name":"まちなか陸前高田","name_kana":"まちなかりくぜんたかた","closed":true,"lat":39.015482,"lng":141.630299,"prefecture":3,"lines":[11208],"attr":"unknown","postal_code":"029-2205","address":"岩手県陸前高田市高田町館の沖８５","voronoi":{"type":"Feature","geometry":{"type":"Polygon","coordinates":[[[141.635834,39.008718],[141.632447,39.010124],[141.626807,39.020787],[141.633274,39.02352],[141.634785,39.021814],[141.635834,39.008718]]]},"properties":{}},"extra":false},
    {"code":1120833,"id":9321,"name":"高田高校前","original_name":"高田高校前","name_kana":"たかたこうこうまえ","closed":true,"lat":39.016277,"lng":141.640222,"prefecture":3,"lines":[11208],"attr":"unknown","postal_code":"029-2205","address":"岩手県陸前高田市高田町長砂","voronoi":{"type":"Feature","geometry":{"type":"Polygon","coordinates":[[[141.652133,38.986409],[141.656607,39.018526],[141.634785,39.021814],[141.635834,39.008718],[141.649953,38.986759],[141.652133,38.986409]]]},"properties":{}},"extra":false},
    {"code":1120834,"id":9322,"name":"高田病院","original_name":"高田病院","name_kana":"たかたびょういん","closed":true,"lat":39.025503,"lng":141.641612,"prefecture":3,"lines":[11208],"attr":"unknown","postal_code":"029-2206","address":"岩手県陸前高田市米崎町野沢","voronoi":{"type":"Feature","geometry":{"type":"Polygon","coordinates":[[[141.633274,39.02352],[141.638318,39.078513],[141.642435,39.094249],[141.668623,39.064511],[141.674122,39.05729],[141.656607,39.018526],[141.634785,39.021814],[141.633274,39.02352]]]},"properties":{}},"extra":false},
    {"code":1120820,"id":670,"name":"脇ノ沢","original_name":"脇ノ沢","name_kana":"わきのさわ","closed":true,"lat":39.011884,"lng":141.671754,"prefecture":3,"lines":[11208],"attr":"unknown","postal_code":"029-2206","address":"陸前高田市米崎町字脇の沢","closed_date":"2020-04-01","voronoi":{"type":"Feature","geometry":{"type":"Polygon","coordinates":[[[141.678414,39.053767],[141.690803,39.023676],[141.662391,38.978162],[141.652133,38.986409],[141.656607,39.018526],[141.674122,39.05729],[141.676985,39.055545],[141.678414,39.053767]]]},"properties":{}},"extra":false},
    {"code":1120835,"id":9349,"name":"西下","original_name":"西下","name_kana":"にしした","closed":true,"lat":39.001383,"lng":141.688575,"prefecture":3,"lines":[11208],"attr":"unknown","postal_code":"029-2207","address":"岩手県陸前高田市小友町唐笠松","voronoi":{"type":"Feature","geometry":{"type":"Polygon","coordinates":[[[141.694149,39.020731],[141.690803,39.023676],[141.662391,38.978162],[141.667274,38.971122],[141.6999,39.000646],[141.699204,39.012047],[141.694149,39.020731]]]},"properties":{}},"extra":false},
    {"code":1120821,"id":671,"name":"小友","original_name":"小友","name_kana":"おとも","closed":true,"lat":38.989303,"lng":141.699506,"prefecture":3,"lines":[11208],"attr":"unknown","postal_code":"029-2207","address":"陸前高田市小友町字下新田","closed_date":"2020-04-01","voronoi":{"type":"Feature","geometry":{"type":"Polygon","coordinates":[[[141.754328,38.823526],[141.711101,38.862807],[141.667274,38.971122],[141.6999,39.000646],[141.84377,38.877161],[142.009917,38.622871],[141.754328,38.823526]]]},"properties":{}},"extra":false},
    {"code":1120836,"id":9323,"name":"碁石海岸口","original_name":"碁石海岸口","name_kana":"ごいしかいがんぐち","closed":true,"lat":39.002755,"lng":141.711052,"prefecture":3,"lines":[11208],"attr":"unknown","postal_code":"022-0001","address":"岩手県大船渡市末崎町大田１４２−５６","voronoi":{"type":"Feature","geometry":{"type":"Polygon","coordinates":[[[141.6999,39.000646],[141.699204,39.012047],[141.773471,38.997081],[141.84377,38.877161],[141.6999,39.000646]]]},"properties":{}},"extra":false},
    {"code":1120822,"id":672,"name":"細浦","original_name":"細浦","name_kana":"ほそうら","closed":true,"lat":39.016025,"lng":141.713726,"prefecture":3,"lines":[11208],"attr":"unknown","postal_code":"022-0001","address":"大船渡市末崎町字細浦","closed_date":"2020-04-01","voronoi":{"type":"Feature","geometry":{"type":"Polygon","coordinates":[[[141.694149,39.020731],[141.728257,39.023669],[141.767117,39.011233],[141.773471,38.997081],[141.699204,39.012047],[141.694149,39.020731]]]},"properties":{}},"extra":false},
    {"code":1120837,"id":9366,"name":"大船渡丸森","original_name":"大船渡丸森","name_kana":"おおふなとまるもり","closed":true,"lat":39.028715,"lng":141.712633,"prefecture":3,"lines":[11208],"attr":"unknown","postal_code":"022-0002","address":"岩手県大船渡市大船渡町丸森","voronoi":{"type":"Feature","geometry":{"type":"Polygon","coordinates":[[[141.678414,39.053767],[141.690803,39.023676],[141.694149,39.020731],[141.728257,39.023669],[141.703745,39.044654],[141.678414,39.053767]]]},"properties":{}},"extra":false},
    {"code":1120823,"id":673,"name":"下船渡","original_name":"下船渡","name_kana":"しもふなと","closed":true,"lat":39.038328,"lng":141.720863,"prefecture":3,"lines":[11208],"attr":"unknown","postal_code":"022-0002","address":"大船渡市大船渡町字宮ノ前","closed_date":"2020-04-01","voronoi":{"type":"Feature","geometry":{"type":"Polygon","coordinates":[[[141.728257,39.023669],[141.703745,39.044654],[141.743667,39.045002],[141.762824,39.032215],[141.767117,39.011233],[141.728257,39.023669]]]},"properties":{}},"extra":false},
    {"code":1120838,"id":9314,"name":"大船渡魚市場前","original_name":"大船渡魚市場前","name_kana":"おおふなとうおいちばまえ","closed":true,"lat":39.051278,"lng":141.72075,"prefecture":3,"lines":[11208],"attr":"unknown","postal_code":"022-0002","address":"岩手県大船渡市大船渡町永沢","voronoi":{"type":"Feature","geometry":{"type":"Polygon","coordinates":[[[141.688259,39.057552],[141.733129,39.057359],[141.743667,39.045002],[141.703745,39.044654],[141.678414,39.053767],[141.676985,39.055545],[141.681583,39.056713],[141.688259,39.057552]]]},"properties":{}},"extra":false},
    {"code":1120824,"id":674,"name":"大船渡","original_name":"大船渡","name_kana":"おおふなと","closed":true,"lat":39.063546,"lng":141.720803,"prefecture":3,"lines":[11208],"attr":"unknown","postal_code":"022-0002","address":"大船渡市大船渡町字茶屋前","closed_date":"2020-04-01","voronoi":{"type":"Feature","geometry":{"type":"Polygon","coordinates":[[[141.688259,39.057552],[141.729736,39.070911],[141.733129,39.057359],[141.688259,39.057552]]]},"properties":{}},"extra":false},
    {"code":1120839,"id":9367,"name":"地ノ森","original_name":"地ノ森","name_kana":"じのもり","closed":true,"lat":39.071678,"lng":141.718184,"prefecture":3,"lines":[11208],"attr":"unknown","postal_code":"022-0002","address":"岩手県大船渡市大船渡町新田３９−１","voronoi":{"type":"Feature","geometry":{"type":"Polygon","coordinates":[[[141.731589,39.0848],[141.681583,39.056713],[141.688259,39.057552],[141.729736,39.070911],[141.731589,39.0848]]]},"properties":{}},"extra":false},
    {"code":1120840,"id":9368,"name":"田茂山","original_name":"田茂山","name_kana":"たもやま","closed":true,"lat":39.080181,"lng":141.713408,"prefecture":3,"lines":[11208],"attr":"unknown","postal_code":"022-0003","address":"岩手県大船渡市盛町内ノ目１２−２２","voronoi":{"type":"Feature","geometry":{"type":"Polygon","coordinates":[[[141.676985,39.055545],[141.674122,39.05729],[141.668623,39.064511],[141.735108,39.093227],[141.731589,39.0848],[141.681583,39.056713],[141.676985,39.055545]]]},"properties":{}},"extra":false}
  ],
  "extra":false
}