{
  "code":11218,
  "id":37,
  "name":"JR左沢線(フルーツライン左沢線)",
  "name_kana":"じぇいあーるあてらざわせん(ふるーつらいんあてらざわせん)",
  "name_formal":"JR左沢線",
  "station_size":12,
  "company_code":2,
  "closed":false,
  "color":"#0073BF",
  "station_list":[
    {"code":1121618,"id":869,"name":"山形","original_name":"山形","name_kana":"やまがた","closed":false,"lat":38.248098,"lng":140.327253,"prefecture":6,"lines":[11216,11217,11218],"attr":"eco","postal_code":"990-0039","address":"山形市香澄町１丁目","voronoi":{"type":"Feature","geometry":{"type":"Polygon","coordinates":[[[140.450318,38.157591],[140.442957,38.170467],[140.389713,38.238859],[140.31407,38.261823],[140.289983,38.241373],[140.41191,38.172128],[140.450318,38.157591]]]},"properties":{}},"extra":false},
    {"code":1121619,"id":870,"name":"北山形","original_name":"北山形","name_kana":"きたやまがた","closed":false,"lat":38.265902,"lng":140.332658,"prefecture":6,"lines":[11216,11217,11218],"attr":"eco","postal_code":"990-0057","address":"山形市宮町１丁目","voronoi":{"type":"Feature","geometry":{"type":"Polygon","coordinates":[[[140.37344,38.260605],[140.383427,38.250001],[140.389713,38.238859],[140.31407,38.261823],[140.322099,38.283409],[140.37344,38.260605]]]},"properties":{}},"extra":false},
    {"code":1121803,"id":903,"name":"東金井","original_name":"東金井","name_kana":"ひがしかない","closed":false,"lat":38.277058,"lng":140.302666,"prefecture":6,"lines":[11218],"attr":"eco","postal_code":"990-0864","address":"山形市陣場３丁目","voronoi":{"type":"Feature","geometry":{"type":"Polygon","coordinates":[[[140.31407,38.261823],[140.289983,38.241373],[140.261628,38.241121],[140.30025,38.308978],[140.308355,38.31493],[140.317998,38.299209],[140.322099,38.283409],[140.31407,38.261823]]]},"properties":{}},"extra":false},
    {"code":1121804,"id":904,"name":"羽前山辺","original_name":"羽前山辺","name_kana":"うぜんやまべ","closed":false,"lat":38.294756,"lng":140.271571,"prefecture":6,"lines":[11218],"attr":"eco","postal_code":"990-0300","address":"東村山郡山辺町大字山辺","voronoi":{"type":"Feature","geometry":{"type":"Polygon","coordinates":[[[140.261628,38.241121],[140.30025,38.308978],[140.193191,38.304647],[140.160319,38.280806],[140.194376,38.225242],[140.206539,38.221446],[140.261628,38.241121]]]},"properties":{}},"extra":false},
    {"code":1121805,"id":905,"name":"羽前金沢","original_name":"羽前金沢","name_kana":"うぜんかねざわ","closed":false,"lat":38.320837,"lng":140.270516,"prefecture":6,"lines":[11218],"attr":"heat","postal_code":"990-0400","address":"東村山郡中山町金沢","voronoi":{"type":"Feature","geometry":{"type":"Polygon","coordinates":[[[140.193191,38.304647],[140.30025,38.308978],[140.308355,38.31493],[140.309125,38.318104],[140.309214,38.31918],[140.228503,38.335825],[140.212687,38.32446],[140.193191,38.304647]]]},"properties":{}},"extra":false},
    {"code":1121806,"id":906,"name":"羽前長崎","original_name":"羽前長崎","name_kana":"うぜんながさき","closed":false,"lat":38.332969,"lng":140.273018,"prefecture":6,"lines":[11218],"attr":"heat","postal_code":"990-0400","address":"東村山郡中山町長崎","voronoi":{"type":"Feature","geometry":{"type":"Polygon","coordinates":[[[140.228503,38.335825],[140.309214,38.31918],[140.313577,38.33679],[140.24417,38.350789],[140.228503,38.335825]]]},"properties":{}},"extra":false},
    {"code":1121807,"id":907,"name":"南寒河江","original_name":"南寒河江","name_kana":"みなみさがえ","closed":false,"lat":38.356033,"lng":140.27767,"prefecture":6,"lines":[11218],"attr":"cool","postal_code":"991-0043","address":"寒河江市字島","voronoi":{"type":"Feature","geometry":{"type":"Polygon","coordinates":[[[140.24417,38.350789],[140.313577,38.33679],[140.319093,38.346081],[140.323389,38.359858],[140.323403,38.359948],[140.322841,38.373303],[140.256552,38.360527],[140.246663,38.355896],[140.24417,38.350789]]]},"properties":{}},"extra":false},
    {"code":1121808,"id":908,"name":"寒河江","original_name":"寒河江","name_kana":"さがえ","closed":false,"lat":38.372548,"lng":140.274487,"prefecture":6,"lines":[11218],"attr":"cool","postal_code":"991-0031","address":"寒河江市本町１丁目","voronoi":{"type":"Feature","geometry":{"type":"Polygon","coordinates":[[[140.322841,38.373303],[140.256552,38.360527],[140.314153,38.424541],[140.320666,38.407507],[140.324115,38.382845],[140.322841,38.373303]]]},"properties":{}},"extra":false},
    {"code":1121809,"id":909,"name":"西寒河江","original_name":"西寒河江","name_kana":"にしさがえ","closed":false,"lat":38.379627,"lng":140.26662,"prefecture":6,"lines":[11218],"attr":"cool","postal_code":"991-0024","address":"寒河江市字六供町","voronoi":{"type":"Feature","geometry":{"type":"Polygon","coordinates":[[[140.308456,38.439621],[140.312596,38.429871],[140.314153,38.424541],[140.256552,38.360527],[140.246663,38.355896],[140.247116,38.377982],[140.308456,38.439621]]]},"properties":{}},"extra":false},
    {"code":1121810,"id":910,"name":"羽前高松","original_name":"羽前高松","name_kana":"うぜんたかまつ","closed":false,"lat":38.397494,"lng":140.248666,"prefecture":6,"lines":[11218,99232],"attr":"cool","postal_code":"990-0523","address":"寒河江市大字八鍬","voronoi":{"type":"Feature","geometry":{"type":"Polygon","coordinates":[[[140.236679,38.390805],[140.247116,38.377982],[140.308456,38.439621],[140.305886,38.450723],[140.297546,38.471876],[140.290847,38.48347],[140.236679,38.390805]]]},"properties":{}},"extra":false},
    {"code":1121811,"id":911,"name":"柴橋","original_name":"柴橋","name_kana":"しばはし","closed":false,"lat":38.380425,"lng":140.227695,"prefecture":6,"lines":[11218],"attr":"cool","postal_code":"991-0063","address":"寒河江市大字柴橋","voronoi":{"type":"Feature","geometry":{"type":"Polygon","coordinates":[[[140.24417,38.350789],[140.228503,38.335825],[140.212687,38.32446],[140.219188,38.395194],[140.226532,38.394564],[140.236679,38.390805],[140.247116,38.377982],[140.246663,38.355896],[140.24417,38.350789]]]},"properties":{}},"extra":false},
    {"code":1121812,"id":912,"name":"左沢","original_name":"左沢","name_kana":"あてらざわ","closed":false,"lat":38.382223,"lng":140.208132,"prefecture":6,"lines":[11218],"attr":"cool","postal_code":"991-0801","address":"西村山郡大江町左沢","voronoi":{"type":"Feature","geometry":{"type":"Polygon","coordinates":[[[140.193191,38.304647],[140.160319,38.280806],[140.109519,38.309768],[140.111073,38.312248],[140.127068,38.333765],[140.151878,38.363875],[140.166386,38.378109],[140.183726,38.390818],[140.196547,38.395296],[140.217028,38.397014],[140.219188,38.395194],[140.212687,38.32446],[140.193191,38.304647]]]},"properties":{}},"extra":false}
  ],
  "extra":false
}