{
  "code":11217,
  "id":"e1c3cf",
  "name":"JR仙山線",
  "name_kana":"じぇいあーるせんざんせん",
  "station_size":20,
  "company_code":2,
  "closed":false,
  "color":"#72BC4A",
  "station_list":[
    {"code":100411,"id":"2c0bce","name":"仙台(JR)","original_name":"仙台","name_kana":"せんだい","closed":false,"lat":38.260027,"lng":140.882158,"prefecture":4,"lines":[1004,11231,11217,11222,11230,11232],"attr":"eco","postal_code":"980-0021","address":"仙台市青葉区中央一丁目1-1","voronoi":{"type":"Feature","geometry":{"type":"Polygon","coordinates":[[[140.882448,38.255823],[140.881268,38.255989],[140.880867,38.26307],[140.881781,38.267681],[140.882473,38.26919],[140.887929,38.267714],[140.882448,38.255823]]]},"properties":{}},"extra":false},
    {"code":1121702,"id":"fd99a6","name":"東照宮","original_name":"東照宮","name_kana":"とうしょうぐう","closed":false,"lat":38.277262,"lng":140.88682,"prefecture":4,"lines":[11217],"attr":"eco","postal_code":"980-0004","address":"仙台市青葉区宮町５","voronoi":{"type":"Feature","geometry":{"type":"Polygon","coordinates":[[[140.87752,38.276172],[140.878601,38.272428],[140.878967,38.271909],[140.882473,38.26919],[140.887929,38.267714],[140.889283,38.267643],[140.897255,38.270648],[140.899429,38.273123],[140.903627,38.282014],[140.903799,38.289656],[140.888145,38.286935],[140.878442,38.279777],[140.87752,38.276172]]]},"properties":{}},"extra":false},
    {"code":1121703,"id":"19539a","name":"北仙台","original_name":"北仙台","name_kana":"きたせんだい","closed":false,"lat":38.281594,"lng":140.869885,"prefecture":4,"lines":[11217,99214],"attr":"eco","postal_code":"981-0913","address":"仙台市青葉区昭和町","voronoi":{"type":"Feature","geometry":{"type":"Polygon","coordinates":[[[140.863778,38.298031],[140.859759,38.277703],[140.87752,38.276172],[140.878442,38.279777],[140.863778,38.298031]]]},"properties":{}},"extra":false},
    {"code":1121704,"id":"1038bd","name":"北山(宮城)","original_name":"北山","name_kana":"きたやま","closed":false,"lat":38.285154,"lng":140.851876,"prefecture":4,"lines":[11217],"attr":"eco","postal_code":"981-0931","address":"仙台市青葉区北山２","voronoi":{"type":"Feature","geometry":{"type":"Polygon","coordinates":[[[140.862912,38.304874],[140.858164,38.310378],[140.817432,38.341367],[140.852412,38.272743],[140.854158,38.272609],[140.85622,38.273028],[140.859759,38.277703],[140.863778,38.298031],[140.862912,38.304874]]]},"properties":{}},"extra":false},
    {"code":1121722,"id":"723ac3","name":"東北福祉大前","original_name":"東北福祉大前","name_kana":"とうほくふくしだいまえ","closed":false,"lat":38.280468,"lng":140.842683,"prefecture":4,"lines":[11217],"attr":"eco","postal_code":"981-0943","address":"仙台市青葉区国見１丁目２２２番地５号","voronoi":{"type":"Feature","geometry":{"type":"Polygon","coordinates":[[[140.806301,38.351302],[140.817432,38.341367],[140.852412,38.272743],[140.843208,38.269361],[140.81013,38.322793],[140.806301,38.351302]]]},"properties":{}},"extra":false},
    {"code":1121705,"id":"060d3a","name":"国見(宮城)","original_name":"国見","name_kana":"くにみ","closed":false,"lat":38.274783,"lng":140.8335,"prefecture":4,"lines":[11217],"attr":"eco","postal_code":"981-0945","address":"仙台市青葉区荒巻字坊主門","voronoi":{"type":"Feature","geometry":{"type":"Polygon","coordinates":[[[140.828997,38.264411],[140.839746,38.265346],[140.843208,38.269361],[140.81013,38.322793],[140.810522,38.310596],[140.828997,38.264411]]]},"properties":{}},"extra":false},
    {"code":1121706,"id":"ddae9d","name":"葛岡","original_name":"葛岡","name_kana":"くずおか","closed":false,"lat":38.268816,"lng":140.818583,"prefecture":4,"lines":[11217],"attr":"eco","postal_code":"989-3121","address":"仙台市青葉区郷六字葛岡下","voronoi":{"type":"Feature","geometry":{"type":"Polygon","coordinates":[[[140.810522,38.310596],[140.801214,38.252076],[140.815058,38.247658],[140.828997,38.264411],[140.810522,38.310596]]]},"properties":{}},"extra":false},
    {"code":1121707,"id":"c74188","name":"陸前落合","original_name":"陸前落合","name_kana":"りくぜんおちあい","closed":false,"lat":38.273379,"lng":140.789896,"prefecture":4,"lines":[11217],"attr":"heat","postal_code":"989-3125","address":"仙台市青葉区下愛子森下","voronoi":{"type":"Feature","geometry":{"type":"Polygon","coordinates":[[[140.81013,38.322793],[140.806301,38.351302],[140.772148,38.413656],[140.776349,38.247612],[140.786169,38.246801],[140.801214,38.252076],[140.810522,38.310596],[140.81013,38.322793]]]},"properties":{}},"extra":false},
    {"code":1121708,"id":"c688df","name":"愛子","original_name":"愛子","name_kana":"あやし","closed":false,"lat":38.272661,"lng":140.761517,"prefecture":4,"lines":[11217],"attr":"heat","postal_code":"989-3124","address":"仙台市青葉区上愛子上町","voronoi":{"type":"Feature","geometry":{"type":"Polygon","coordinates":[[[140.76714,38.243421],[140.776349,38.247612],[140.772148,38.413656],[140.76585,38.42853],[140.737759,38.338672],[140.730391,38.258745],[140.741178,38.251468],[140.754204,38.245005],[140.76714,38.243421]]]},"properties":{}},"extra":false},
    {"code":1121709,"id":"3e5ab8","name":"陸前白沢","original_name":"陸前白沢","name_kana":"りくぜんしらさわ","closed":false,"lat":38.278117,"lng":140.702333,"prefecture":4,"lines":[11217],"attr":"heat","postal_code":"989-3124","address":"仙台市青葉区上愛子大道","voronoi":{"type":"Feature","geometry":{"type":"Polygon","coordinates":[[[140.730391,38.258745],[140.611292,38.19899],[140.61322,38.202389],[140.737759,38.338672],[140.730391,38.258745]]]},"properties":{}},"extra":false},
    {"code":1121710,"id":"2232d2","name":"熊ヶ根","original_name":"熊ヶ根","name_kana":"くまがね","closed":false,"lat":38.297947,"lng":140.680633,"prefecture":4,"lines":[11217],"attr":"cool","postal_code":"989-3432","address":"仙台市青葉区熊ヶ根字檀の原一番","voronoi":{"type":"Feature","geometry":{"type":"Polygon","coordinates":[[[140.762148,38.457911],[140.728734,38.483518],[140.61322,38.202389],[140.737759,38.338672],[140.76585,38.42853],[140.762148,38.457911]]]},"properties":{}},"extra":false},
    {"code":1121712,"id":"f33975","name":"作並","original_name":"作並","name_kana":"さくなみ","closed":false,"lat":38.317738,"lng":140.632467,"prefecture":4,"lines":[11217],"attr":"cool","postal_code":"989-3431","address":"仙台市青葉区作並字相の沢","voronoi":{"type":"Feature","geometry":{"type":"Polygon","coordinates":[[[140.694259,38.51832],[140.656429,38.521617],[140.581195,38.172342],[140.585943,38.172655],[140.611292,38.19899],[140.61322,38.202389],[140.728734,38.483518],[140.694259,38.51832]]]},"properties":{}},"extra":false},
    {"code":1121714,"id":"152864","name":"奥新川","original_name":"奥新川","name_kana":"おくにっかわ","closed":false,"lat":38.325953,"lng":140.594329,"prefecture":4,"lines":[11217],"attr":"cool","postal_code":"989-3434","address":"仙台市青葉区新川字岳山","voronoi":{"type":"Feature","geometry":{"type":"Polygon","coordinates":[[[140.608094,38.530518],[140.600177,38.530877],[140.594904,38.530347],[140.562471,38.500726],[140.55779,38.494285],[140.533535,38.163043],[140.581195,38.172342],[140.656429,38.521617],[140.608094,38.530518]]]},"properties":{}},"extra":false},
    {"code":1121715,"id":"8499f5","name":"面白山高原","original_name":"面白山高原","name_kana":"おもしろやまこうげん","closed":false,"lat":38.333071,"lng":140.49712,"prefecture":6,"lines":[11217],"attr":"cool","postal_code":"999-3301","address":"山形市大字山寺","voronoi":{"type":"Feature","geometry":{"type":"Polygon","coordinates":[[[140.526917,38.159625],[140.44423,38.378906],[140.448626,38.388971],[140.461511,38.408285],[140.475727,38.425712],[140.504385,38.453224],[140.55779,38.494285],[140.533535,38.163043],[140.526917,38.159625]]]},"properties":{}},"extra":false},
    {"code":1121716,"id":"a2bd4b","name":"山寺","original_name":"山寺","name_kana":"やまでら","closed":false,"lat":38.309561,"lng":140.434773,"prefecture":6,"lines":[11217],"attr":"cool","postal_code":"999-3301","address":"山形市大字山寺","voronoi":{"type":"Feature","geometry":{"type":"Polygon","coordinates":[[[140.408463,38.343083],[140.407992,38.342097],[140.442957,38.170467],[140.450318,38.157591],[140.482029,38.126272],[140.494401,38.134011],[140.526917,38.159625],[140.44423,38.378906],[140.423648,38.362836],[140.408463,38.343083]]]},"properties":{}},"extra":false},
    {"code":1121717,"id":"ae8c1f","name":"高瀬(山形)","original_name":"高瀬","name_kana":"たかせ","closed":false,"lat":38.301677,"lng":140.396074,"prefecture":6,"lines":[11217],"attr":"cool","postal_code":"990-2232","address":"山形市大字下東山","voronoi":{"type":"Feature","geometry":{"type":"Polygon","coordinates":[[[140.383297,38.323694],[140.383513,38.323971],[140.407992,38.342097],[140.442957,38.170467],[140.389713,38.238859],[140.383427,38.250001],[140.383297,38.323694]]]},"properties":{}},"extra":false},
    {"code":1121718,"id":"2c101b","name":"楯山","original_name":"楯山","name_kana":"たてやま","closed":false,"lat":38.301632,"lng":140.370598,"prefecture":6,"lines":[11217],"attr":"heat","postal_code":"990-2221","address":"山形市大字風間","voronoi":{"type":"Feature","geometry":{"type":"Polygon","coordinates":[[[140.363376,38.315638],[140.357805,38.30569],[140.357209,38.292833],[140.37344,38.260605],[140.383427,38.250001],[140.383297,38.323694],[140.363376,38.315638]]]},"properties":{}},"extra":false},
    {"code":1121620,"id":"ef550f","name":"羽前千歳","original_name":"羽前千歳","name_kana":"うぜんちとせ","closed":false,"lat":38.287313,"lng":140.342168,"prefecture":6,"lines":[11216,11217],"attr":"eco","postal_code":"990-0811","address":"山形市長町２丁目","voronoi":{"type":"Feature","geometry":{"type":"Polygon","coordinates":[[[140.317998,38.299209],[140.357209,38.292833],[140.37344,38.260605],[140.322099,38.283409],[140.317998,38.299209]]]},"properties":{}},"extra":false},
    {"code":1121619,"id":"4b3184","name":"北山形","original_name":"北山形","name_kana":"きたやまがた","closed":false,"lat":38.265902,"lng":140.332658,"prefecture":6,"lines":[11216,11217,11218],"attr":"eco","postal_code":"990-0057","address":"山形市宮町１丁目","voronoi":{"type":"Feature","geometry":{"type":"Polygon","coordinates":[[[140.37344,38.260605],[140.383427,38.250001],[140.389713,38.238859],[140.31407,38.261823],[140.322099,38.283409],[140.37344,38.260605]]]},"properties":{}},"extra":false},
    {"code":1121618,"id":"ac4fde","name":"山形","original_name":"山形","name_kana":"やまがた","closed":false,"lat":38.248098,"lng":140.327253,"prefecture":6,"lines":[11216,11217,11218],"attr":"eco","postal_code":"990-0039","address":"山形市香澄町１丁目","voronoi":{"type":"Feature","geometry":{"type":"Polygon","coordinates":[[[140.450318,38.157591],[140.442957,38.170467],[140.389713,38.238859],[140.31407,38.261823],[140.289983,38.241373],[140.41191,38.172128],[140.450318,38.157591]]]},"properties":{}},"extra":false}
  ],
  "extra":false
}