{
  "code":11213,
  "id":32,
  "name":"JR山田線",
  "name_kana":"じぇいあーるやまだせん",
  "station_size":18,
  "company_code":2,
  "closed":false,
  "color":"#CD7A1E",
  "station_list":[
    {"code":100418,"id":716,"name":"盛岡","original_name":"盛岡","name_kana":"もりおか","closed":false,"lat":39.701547,"lng":141.136599,"prefecture":3,"lines":[1004,11231,11211,11213,99205,11233],"attr":"heat","postal_code":"020-0034","address":"盛岡市盛岡駅前通","voronoi":{"type":"Feature","geometry":{"type":"Polygon","coordinates":[[[141.132787,39.717348],[141.14823,39.699684],[141.117938,39.672532],[141.106869,39.670157],[141.118531,39.706337],[141.132787,39.717348]]]},"properties":{}},"extra":false},
    {"code":1121302,"id":758,"name":"上盛岡","original_name":"上盛岡","name_kana":"かみもりおか","closed":false,"lat":39.71146,"lng":141.147937,"prefecture":3,"lines":[11213],"attr":"heat","postal_code":"020-0015","address":"盛岡市本町通３","voronoi":{"type":"Feature","geometry":{"type":"Polygon","coordinates":[[[141.155147,39.737291],[141.137389,39.727345],[141.132787,39.717348],[141.14823,39.699684],[141.162259,39.700207],[141.155147,39.737291]]]},"properties":{}},"extra":false},
    {"code":1121303,"id":759,"name":"山岸","original_name":"山岸","name_kana":"やまぎし","closed":false,"lat":39.71596,"lng":141.171401,"prefecture":3,"lines":[11213],"attr":"heat","postal_code":"020-0004","address":"盛岡市山岸２","voronoi":{"type":"Feature","geometry":{"type":"Polygon","coordinates":[[[141.202621,39.667695],[141.162259,39.700207],[141.155147,39.737291],[141.164635,39.751203],[141.168245,39.752421],[141.240359,39.668598],[141.24447,39.651192],[141.202621,39.667695]]]},"properties":{}},"extra":false},
    {"code":1121304,"id":760,"name":"上米内","original_name":"上米内","name_kana":"かみよない","closed":false,"lat":39.743855,"lng":141.203825,"prefecture":3,"lines":[11213],"attr":"heat","postal_code":"020-0001","address":"盛岡市上米内字中居","voronoi":{"type":"Feature","geometry":{"type":"Polygon","coordinates":[[[141.240359,39.668598],[141.168245,39.752421],[141.194539,39.789142],[141.213666,39.808049],[141.235101,39.819676],[141.244436,39.821837],[141.240359,39.668598]]]},"properties":{}},"extra":false},
    {"code":1121305,"id":761,"name":"大志田","original_name":"大志田","name_kana":"おおしだ","closed":true,"lat":39.741806,"lng":141.280843,"prefecture":3,"lines":[11213],"attr":"unknown","postal_code":"020-0801","address":"盛岡市浅岸字大志田","open_date":"1928-09-25","closed_date":"2016-03-26","voronoi":{"type":"Feature","geometry":{"type":"Polygon","coordinates":[[[141.24447,39.651192],[141.240359,39.668598],[141.244436,39.821837],[141.274229,39.845981],[141.348024,39.879984],[141.398253,39.894681],[141.279258,39.667938],[141.249025,39.644262],[141.24447,39.651192]]]},"properties":{}},"extra":false},
    {"code":1121306,"id":762,"name":"浅岸","original_name":"浅岸","name_kana":"あさぎし","closed":true,"lat":39.711208,"lng":141.339147,"prefecture":3,"lines":[11213],"attr":"unknown","postal_code":"020-0803","address":"盛岡市新庄字中津川","open_date":"1928-09-25","closed_date":"2016-03-26","voronoi":{"type":"Feature","geometry":{"type":"Polygon","coordinates":[[[141.462018,39.918386],[141.491474,39.808254],[141.403524,39.693455],[141.279258,39.667938],[141.398253,39.894681],[141.408755,39.899836],[141.462018,39.918386]]]},"properties":{}},"extra":false},
    {"code":1121307,"id":763,"name":"区界","original_name":"区界","name_kana":"くざかい","closed":false,"lat":39.65177,"lng":141.351352,"prefecture":3,"lines":[11213],"attr":"heat","postal_code":"028-2631","address":"岩手県宮古市区界第1地割1009","voronoi":{"type":"Feature","geometry":{"type":"Polygon","coordinates":[[[141.248957,39.637117],[141.252829,39.616679],[141.262558,39.589687],[141.281645,39.551974],[141.305632,39.511503],[141.319902,39.505183],[141.354304,39.501405],[141.368143,39.501356],[141.403524,39.693455],[141.279258,39.667938],[141.249025,39.644262],[141.248957,39.637117]]]},"properties":{}},"extra":false},
    {"code":1121308,"id":764,"name":"松草","original_name":"松草","name_kana":"まつくさ","closed":false,"lat":39.635918,"lng":141.437421,"prefecture":3,"lines":[11213],"attr":"heat","postal_code":"028-2631","address":"岩手県宮古市区界第4地割28","voronoi":{"type":"Feature","geometry":{"type":"Polygon","coordinates":[[[141.403524,39.693455],[141.368143,39.501356],[141.438613,39.479796],[141.449146,39.481146],[141.502039,39.793176],[141.491474,39.808254],[141.403524,39.693455]]]},"properties":{}},"extra":false},
    {"code":1121309,"id":765,"name":"平津戸","original_name":"平津戸","name_kana":"ひらつと","closed":true,"lat":39.623408,"lng":141.511222,"prefecture":3,"lines":[11213],"attr":"unknown","postal_code":"028-2633","address":"岩手県宮古市平津戸","closed_date":"2023-03-18","voronoi":{"type":"Feature","geometry":{"type":"Polygon","coordinates":[[[141.560859,39.480642],[141.492683,39.476072],[141.449146,39.481146],[141.502039,39.793176],[141.526497,39.770946],[141.565999,39.574244],[141.560859,39.480642]]]},"properties":{}},"extra":false},
    {"code":1121310,"id":766,"name":"川内(岩手)","original_name":"川内","name_kana":"かわうち","closed":false,"lat":39.640744,"lng":141.597548,"prefecture":3,"lines":[11213],"attr":"heat","postal_code":"028-2513","address":"岩手県宮古市川内第6地割48-3","voronoi":{"type":"Feature","geometry":{"type":"Polygon","coordinates":[[[141.526497,39.770946],[141.565999,39.574244],[141.650972,39.675947],[141.596783,39.738171],[141.526497,39.770946]]]},"properties":{}},"extra":false},
    {"code":1121311,"id":767,"name":"箱石","original_name":"箱石","name_kana":"はこいし","closed":false,"lat":39.617115,"lng":141.625829,"prefecture":3,"lines":[11213],"attr":"heat","postal_code":"028-2304","address":"岩手県宮古市箱石","voronoi":{"type":"Feature","geometry":{"type":"Polygon","coordinates":[[[141.560859,39.480642],[141.603781,39.466298],[141.669119,39.65087],[141.652091,39.675243],[141.650972,39.675947],[141.565999,39.574244],[141.560859,39.480642]]]},"properties":{}},"extra":false},
    {"code":1121312,"id":768,"name":"陸中川井","original_name":"陸中川井","name_kana":"りくちゅうかわい","closed":false,"lat":39.597397,"lng":141.68153,"prefecture":3,"lines":[11213],"attr":"heat","postal_code":"028-2302","address":"岩手県宮古市川井第5地割102-10","voronoi":{"type":"Feature","geometry":{"type":"Polygon","coordinates":[[[141.72331,39.615069],[141.720707,39.619538],[141.69765,39.639052],[141.669119,39.65087],[141.603781,39.466298],[141.623182,39.455251],[141.672715,39.435749],[141.73759,39.443303],[141.72331,39.615069]]]},"properties":{}},"extra":false},
    {"code":1121313,"id":769,"name":"腹帯","original_name":"腹帯","name_kana":"はらたい","closed":false,"lat":39.604539,"lng":141.767434,"prefecture":3,"lines":[11213],"attr":"heat","postal_code":"028-2103","address":"宮古市腹帯","voronoi":{"type":"Feature","geometry":{"type":"Polygon","coordinates":[[[141.826871,39.526387],[141.797154,39.459859],[141.760525,39.439836],[141.73759,39.443303],[141.72331,39.615069],[141.776388,39.626392],[141.826871,39.526387]]]},"properties":{}},"extra":false},
    {"code":1120701,"id":642,"name":"茂市","original_name":"茂市","name_kana":"もいち","closed":false,"lat":39.620619,"lng":141.799288,"prefecture":3,"lines":[11207,11213],"attr":"cool","postal_code":"028-2101","address":"宮古市茂市","open_date":"1934-11-06","voronoi":{"type":"Feature","geometry":{"type":"Polygon","coordinates":[[[141.806678,39.68128],[141.776388,39.626392],[141.826871,39.526387],[141.837425,39.541722],[141.806678,39.68128]]]},"properties":{}},"extra":false},
    {"code":1121315,"id":770,"name":"蟇目","original_name":"蟇目","name_kana":"ひきめ","closed":false,"lat":39.629341,"lng":141.838876,"prefecture":3,"lines":[11213],"attr":"heat","postal_code":"028-2102","address":"宮古市蟇目","voronoi":{"type":"Feature","geometry":{"type":"Polygon","coordinates":[[[141.853033,39.555819],[141.837425,39.541722],[141.806678,39.68128],[141.815638,39.734702],[141.816738,39.738184],[141.827806,39.740874],[141.846559,39.718635],[141.853033,39.555819]]]},"properties":{}},"extra":false},
    {"code":1121316,"id":771,"name":"花原市","original_name":"花原市","name_kana":"けばらいち","closed":false,"lat":39.630233,"lng":141.861308,"prefecture":3,"lines":[11213],"attr":"heat","postal_code":"027-0046","address":"宮古市大字花原市","voronoi":{"type":"Feature","geometry":{"type":"Polygon","coordinates":[[[141.884461,39.683703],[141.846559,39.718635],[141.853033,39.555819],[141.868086,39.565769],[141.886869,39.586171],[141.888531,39.588774],[141.884801,39.683214],[141.884461,39.683703]]]},"properties":{}},"extra":false},
    {"code":1121317,"id":772,"name":"千徳","original_name":"千徳","name_kana":"せんとく","closed":false,"lat":39.632251,"lng":141.9124,"prefecture":3,"lines":[11213],"attr":"eco","postal_code":"027-0043","address":"宮古市大字千徳町","voronoi":{"type":"Feature","geometry":{"type":"Polygon","coordinates":[[[141.898065,39.675874],[141.884801,39.683214],[141.888531,39.588774],[141.921556,39.605171],[141.930326,39.628201],[141.898065,39.675874]]]},"properties":{}},"extra":false},
    {"code":1121318,"id":773,"name":"宮古","original_name":"宮古","name_kana":"みやこ","closed":false,"lat":39.640287,"lng":141.946454,"prefecture":3,"lines":[11213,99207,99208,10204],"attr":"eco","postal_code":"027-0076","address":"宮古市栄町","open_date":"1934-11-06","voronoi":{"type":"Feature","geometry":{"type":"Polygon","coordinates":[[[141.949314,39.663981],[141.933657,39.629823],[141.949925,39.629786],[141.975972,39.666163],[141.949314,39.663981]]]},"properties":{}},"extra":false}
  ],
  "extra":false
}