{
  "code":11211,
  "id":"02c554",
  "name":"JR田沢湖線",
  "name_kana":"じぇいあーるたざわこせん",
  "station_size":18,
  "company_code":2,
  "closed":false,
  "color":"#9D72B0",
  "station_list":[
    {"code":100418,"id":"2f6f3d","name":"盛岡","original_name":"盛岡","name_kana":"もりおか","closed":false,"lat":39.701547,"lng":141.136599,"prefecture":3,"lines":[1004,11231,11211,11213,99205,11233],"attr":"heat","postal_code":"020-0034","address":"盛岡市盛岡駅前通","voronoi":{"type":"Feature","geometry":{"type":"Polygon","coordinates":[[[141.132787,39.717348],[141.14823,39.699684],[141.117938,39.672532],[141.106861,39.670155],[141.118533,39.706339],[141.132787,39.717348]]]},"properties":{}},"extra":false},
    {"code":1121102,"id":"1f39fc","name":"前潟","original_name":"前潟","name_kana":"まえがた","closed":false,"lat":39.713007,"lng":141.101073,"prefecture":3,"lines":[11211],"attr":"heat","postal_code":"020-0143","address":"岩手県盛岡市上厨川前潟１５３−１","open_date":"2023-03-18","voronoi":{"type":"Feature","geometry":{"type":"Polygon","coordinates":[[[141.106861,39.670155],[141.089376,39.656649],[141.084508,39.755554],[141.118533,39.706339],[141.106861,39.670155]]]},"properties":{}},"extra":false},
    {"code":1121103,"id":"ce2f50","name":"大釜","original_name":"大釜","name_kana":"おおかま","closed":false,"lat":39.711586,"lng":141.072202,"prefecture":3,"lines":[11211],"attr":"heat","postal_code":"020-0731","address":"岩手県滝沢市篠木明法","voronoi":{"type":"Feature","geometry":{"type":"Polygon","coordinates":[[[141.089376,39.656649],[141.069289,39.630727],[141.052064,39.617393],[141.044399,39.813897],[141.058235,39.801678],[141.084105,39.756943],[141.084508,39.755554],[141.089376,39.656649]]]},"properties":{}},"extra":false},
    {"code":1121104,"id":"da9faa","name":"小岩井","original_name":"小岩井","name_kana":"こいわい","closed":false,"lat":39.709731,"lng":141.02465,"prefecture":3,"lines":[11211],"attr":"eco","postal_code":"020-0757","address":"岩手県滝沢市大釜風林19-2","voronoi":{"type":"Feature","geometry":{"type":"Polygon","coordinates":[[[141.03985,39.601732],[140.970156,39.771444],[140.963083,39.806387],[141.013793,39.818441],[141.043472,39.815192],[141.044399,39.813897],[141.052064,39.617393],[141.03985,39.601732]]]},"properties":{}},"extra":false},
    {"code":1121105,"id":"ed6e55","name":"雫石","original_name":"雫石","name_kana":"しずくいし","closed":false,"lat":39.689244,"lng":140.974762,"prefecture":3,"lines":[11211],"attr":"eco","postal_code":"020-0524","address":"岩手郡雫石町寺の下","voronoi":{"type":"Feature","geometry":{"type":"Polygon","coordinates":[[[140.970156,39.771444],[140.946552,39.596298],[140.952165,39.504556],[140.987481,39.526448],[141.012059,39.547776],[141.027301,39.573059],[141.03985,39.601732],[140.970156,39.771444]]]},"properties":{}},"extra":false},
    {"code":1121106,"id":"741886","name":"春木場","original_name":"春木場","name_kana":"はるきば","closed":false,"lat":39.693396,"lng":140.943954,"prefecture":3,"lines":[11211],"attr":"cool","postal_code":"020-0583","address":"岩手郡雫石町大字上野","voronoi":{"type":"Feature","geometry":{"type":"Polygon","coordinates":[[[140.963083,39.806387],[140.897166,39.815278],[140.946552,39.596298],[140.970156,39.771444],[140.963083,39.806387]]]},"properties":{}},"extra":false},
    {"code":1121107,"id":"ca950a","name":"赤渕","original_name":"赤渕","name_kana":"あかぶち","closed":false,"lat":39.685112,"lng":140.907222,"prefecture":3,"lines":[11211],"attr":"cool","postal_code":"020-0581","address":"岩手郡雫石町大字御明神","voronoi":{"type":"Feature","geometry":{"type":"Polygon","coordinates":[[[140.945079,39.498116],[140.938616,39.496999],[140.850817,39.496472],[140.812409,39.510107],[140.806242,39.590327],[140.826446,39.835521],[140.897166,39.815278],[140.946552,39.596298],[140.952165,39.504556],[140.945079,39.498116]]]},"properties":{}},"extra":false},
    {"code":1121108,"id":"5818fd","name":"田沢湖","original_name":"田沢湖","name_kana":"たざわこ","closed":false,"lat":39.700363,"lng":140.722139,"prefecture":5,"lines":[11211],"attr":"heat","postal_code":"014-1201","address":"仙北市田沢湖生保内","voronoi":{"type":"Feature","geometry":{"type":"Polygon","coordinates":[[[140.659074,39.729993],[140.729386,39.848726],[140.77761,39.891545],[140.826446,39.835521],[140.806242,39.590327],[140.659074,39.729993]]]},"properties":{}},"extra":false},
    {"code":1121109,"id":"39aecd","name":"刺巻","original_name":"刺巻","name_kana":"さしまき","closed":false,"lat":39.668563,"lng":140.69196,"prefecture":5,"lines":[11211],"attr":"heat","postal_code":"014-1202","address":"仙北市田沢湖刺巻","voronoi":{"type":"Feature","geometry":{"type":"Polygon","coordinates":[[[140.659074,39.729993],[140.658023,39.729078],[140.628547,39.689408],[140.76405,39.498677],[140.812409,39.510107],[140.806242,39.590327],[140.659074,39.729993]]]},"properties":{}},"extra":false},
    {"code":1121110,"id":"aa3d9f","name":"神代(秋田)","original_name":"神代","name_kana":"じんだい","closed":false,"lat":39.622667,"lng":140.627358,"prefecture":5,"lines":[11211],"attr":"heat","postal_code":"014-1113","address":"仙北市田沢湖卒田","voronoi":{"type":"Feature","geometry":{"type":"Polygon","coordinates":[[[140.693789,39.465801],[140.70047,39.468083],[140.76405,39.498677],[140.628547,39.689408],[140.618261,39.686268],[140.603431,39.655076],[140.602645,39.646072],[140.656131,39.514121],[140.693789,39.465801]]]},"properties":{}},"extra":false},
    {"code":1121111,"id":"7ebf05","name":"生田(秋田)","original_name":"生田","name_kana":"しょうでん","closed":false,"lat":39.612065,"lng":140.601203,"prefecture":5,"lines":[11211],"attr":"heat","postal_code":"014-1114","address":"仙北市田沢湖神代","voronoi":{"type":"Feature","geometry":{"type":"Polygon","coordinates":[[[140.602645,39.646072],[140.581513,39.608695],[140.623029,39.54705],[140.656131,39.514121],[140.602645,39.646072]]]},"properties":{}},"extra":false},
    {"code":1121112,"id":"7013a6","name":"角館","original_name":"角館","name_kana":"かくのだて","closed":false,"lat":39.591716,"lng":140.570988,"prefecture":5,"lines":[11211,99209,10208],"attr":"heat","postal_code":"014-0373","address":"仙北市角館町岩瀬","voronoi":{"type":"Feature","geometry":{"type":"Polygon","coordinates":[[[140.503726,39.614407],[140.510206,39.615229],[140.581513,39.608695],[140.623029,39.54705],[140.503726,39.614407]]]},"properties":{}},"extra":false},
    {"code":1121113,"id":"644e35","name":"鶯野","original_name":"鶯野","name_kana":"うぐいすの","closed":false,"lat":39.568536,"lng":140.557901,"prefecture":5,"lines":[11211],"attr":"heat","postal_code":"014-0201","address":"大仙市下鶯野","voronoi":{"type":"Feature","geometry":{"type":"Polygon","coordinates":[[[140.656131,39.514121],[140.693789,39.465801],[140.682581,39.458287],[140.6557,39.47476],[140.472921,39.616332],[140.503726,39.614407],[140.623029,39.54705],[140.656131,39.514121]]]},"properties":{}},"extra":false},
    {"code":1121114,"id":"a47cdf","name":"羽後長野","original_name":"羽後長野","name_kana":"うごながの","closed":false,"lat":39.546003,"lng":140.540448,"prefecture":5,"lines":[11211],"attr":"cool","postal_code":"014-0207","address":"大仙市長野","voronoi":{"type":"Feature","geometry":{"type":"Polygon","coordinates":[[[140.472921,39.616332],[140.457137,39.619682],[140.456749,39.579955],[140.462725,39.566647],[140.6557,39.47476],[140.472921,39.616332]]]},"properties":{}},"extra":false},
    {"code":1121115,"id":"5634b8","name":"鑓見内","original_name":"鑓見内","name_kana":"やりみない","closed":false,"lat":39.519323,"lng":140.527744,"prefecture":5,"lines":[11211],"attr":"cool","postal_code":"014-0205","address":"大仙市鑓見内","voronoi":{"type":"Feature","geometry":{"type":"Polygon","coordinates":[[[140.678426,39.4543],[140.682581,39.458287],[140.6557,39.47476],[140.462725,39.566647],[140.46439,39.559762],[140.580696,39.456214],[140.641454,39.449584],[140.673665,39.451805],[140.678426,39.4543]]]},"properties":{}},"extra":false},
    {"code":1121116,"id":"ead813","name":"羽後四ツ屋","original_name":"羽後四ツ屋","name_kana":"うごよつや","closed":false,"lat":39.501511,"lng":140.511886,"prefecture":5,"lines":[11211],"attr":"cool","postal_code":"014-0102","address":"大仙市四ツ屋","voronoi":{"type":"Feature","geometry":{"type":"Polygon","coordinates":[[[140.46439,39.559762],[140.580696,39.456214],[140.540255,39.454735],[140.465896,39.540484],[140.46439,39.559762]]]},"properties":{}},"extra":false},
    {"code":1121117,"id":"c52b15","name":"北大曲","original_name":"北大曲","name_kana":"きたおおまがり","closed":false,"lat":39.48944,"lng":140.497966,"prefecture":5,"lines":[11211],"attr":"eco","postal_code":"014-0102","address":"大仙市四ツ屋","voronoi":{"type":"Feature","geometry":{"type":"Polygon","coordinates":[[[140.523008,39.451136],[140.462668,39.49777],[140.465896,39.540484],[140.540255,39.454735],[140.523008,39.451136]]]},"properties":{}},"extra":false},
    {"code":1120220,"id":"18a229","name":"大曲(秋田)","original_name":"大曲","name_kana":"おおまがり","closed":false,"lat":39.465712,"lng":140.479628,"prefecture":5,"lines":[11202,11211],"attr":"heat","postal_code":"014-0027","address":"大仙市大曲通町","voronoi":{"type":"Feature","geometry":{"type":"Polygon","coordinates":[[[140.462668,39.49777],[140.419033,39.418213],[140.431735,39.410893],[140.445449,39.40469],[140.523008,39.451136],[140.462668,39.49777]]]},"properties":{}},"extra":false}
  ],
  "extra":false
}