{
  "code":11225,
  "id":"c7cf37",
  "name":"JR磐越西線(郡山～会津若松)",
  "name_kana":"じぇいあーるばんえつさいせん",
  "station_size":16,
  "company_code":2,
  "closed":false,
  "color":"#CB7B35",
  "station_list":[
    {"code":100408,"id":"4c93d9","name":"郡山(福島)","original_name":"郡山","name_kana":"こおりやま","closed":false,"lat":37.398187,"lng":140.389363,"prefecture":7,"lines":[1004,11231,11225,11228,11338],"attr":"heat","postal_code":"963-8003","address":"郡山市燧田","voronoi":{"type":"Feature","geometry":{"type":"Polygon","coordinates":[[[140.394094,37.422408],[140.356548,37.388775],[140.40299,37.365768],[140.426676,37.371784],[140.406052,37.422664],[140.394094,37.422408]]]},"properties":{}},"extra":false},
    {"code":1122516,"id":"0ba35a","name":"郡山富田","original_name":"郡山富田","name_kana":"こおりやまとみた","closed":false,"lat":37.420361,"lng":140.3695,"prefecture":7,"lines":[11225],"attr":"heat","postal_code":"963-8041","address":"福島県郡山市富田町満水田","open_date":"2017-04-01","voronoi":{"type":"Feature","geometry":{"type":"Polygon","coordinates":[[[140.364515,37.443797],[140.302461,37.389251],[140.356548,37.388775],[140.394094,37.422408],[140.364515,37.443797]]]},"properties":{}},"extra":false},
    {"code":1122502,"id":"b4da4c","name":"喜久田","original_name":"喜久田","name_kana":"きくた","closed":false,"lat":37.451746,"lng":140.341912,"prefecture":7,"lines":[11225],"attr":"heat","postal_code":"963-0551","address":"郡山市喜久田町堀之内字椚内","voronoi":{"type":"Feature","geometry":{"type":"Polygon","coordinates":[[[140.302461,37.389251],[140.274522,37.381282],[140.346658,37.494198],[140.366882,37.464365],[140.364515,37.443797],[140.302461,37.389251]]]},"properties":{}},"extra":false},
    {"code":1122503,"id":"084d7d","name":"安子ヶ島","original_name":"安子ヶ島","name_kana":"あこがしま","closed":false,"lat":37.472048,"lng":140.310133,"prefecture":7,"lines":[11225],"attr":"heat","postal_code":"963-1304","address":"福島県郡山市熱海町安子島字出シ8","voronoi":{"type":"Feature","geometry":{"type":"Polygon","coordinates":[[[140.343436,37.517298],[140.346658,37.494198],[140.274522,37.381282],[140.268799,37.378358],[140.312001,37.574284],[140.321845,37.563116],[140.343436,37.517298]]]},"properties":{}},"extra":false},
    {"code":1122504,"id":"d08f28","name":"磐梯熱海","original_name":"磐梯熱海","name_kana":"ばんだいあたみ","closed":false,"lat":37.480743,"lng":140.2707,"prefecture":7,"lines":[11225],"attr":"heat","postal_code":"963-1309","address":"郡山市熱海町熱海４","voronoi":{"type":"Feature","geometry":{"type":"Polygon","coordinates":[[[140.207027,37.332075],[140.212962,37.334039],[140.268799,37.378358],[140.312001,37.574284],[140.2841,37.622595],[140.209196,37.364793],[140.207027,37.332075]]]},"properties":{}},"extra":false},
    {"code":1122505,"id":"157e62","name":"中山宿","original_name":"中山宿","name_kana":"なかやまじゅく","closed":false,"lat":37.495648,"lng":140.219401,"prefecture":7,"lines":[11225],"attr":"heat","postal_code":"963-1308","address":"郡山市熱海町中山字早稲田","voronoi":{"type":"Feature","geometry":{"type":"Polygon","coordinates":[[[140.250932,37.65257],[140.244643,37.652901],[140.191284,37.542781],[140.186751,37.525542],[140.209196,37.364793],[140.2841,37.622595],[140.27497,37.648811],[140.250932,37.65257]]]},"properties":{}},"extra":false},
    {"code":1122506,"id":"e66e5b","name":"上戸","original_name":"上戸","name_kana":"じょうこ","closed":false,"lat":37.487848,"lng":140.163538,"prefecture":7,"lines":[11225],"attr":"heat","postal_code":"969-2275","address":"耶麻郡猪苗代町大字山潟字江愛山","voronoi":{"type":"Feature","geometry":{"type":"Polygon","coordinates":[[[140.069901,37.386602],[140.091639,37.33219],[140.105478,37.308365],[140.110111,37.300965],[140.155593,37.304138],[140.174269,37.306756],[140.207027,37.332075],[140.209196,37.364793],[140.186751,37.525542],[140.172139,37.515046],[140.069901,37.386602]]]},"properties":{}},"extra":false},
    {"code":1122507,"id":"d73942","name":"猪苗代湖畔","original_name":"猪苗代湖畔","name_kana":"いなわしろこはん","closed":false,"lat":37.500563,"lng":140.147564,"prefecture":7,"lines":[11225],"attr":"heat","postal_code":"969-2274","address":"耶麻郡猪苗代町大字壺楊字南浜","voronoi":{"type":"Feature","geometry":{"type":"Polygon","coordinates":[[[140.069901,37.386602],[140.047798,37.431874],[140.067614,37.467313],[140.096192,37.49509],[140.172139,37.515046],[140.069901,37.386602]]]},"properties":{}},"extra":false},
    {"code":1122508,"id":"768d4a","name":"関都","original_name":"関都","name_kana":"せきと","closed":false,"lat":37.515577,"lng":140.143619,"prefecture":7,"lines":[11225],"attr":"cool","postal_code":"969-2273","address":"耶麻郡猪苗代町大字関都字南切立","voronoi":{"type":"Feature","geometry":{"type":"Polygon","coordinates":[[[140.186751,37.525542],[140.172139,37.515046],[140.096192,37.49509],[140.112171,37.516163],[140.191284,37.542781],[140.186751,37.525542]]]},"properties":{}},"extra":false},
    {"code":1122509,"id":"dec96b","name":"川桁","original_name":"川桁","name_kana":"かわげた","closed":false,"lat":37.535639,"lng":140.136869,"prefecture":7,"lines":[11225],"attr":"cool","postal_code":"969-2663","address":"耶麻郡猪苗代町大字川桁字新町","voronoi":{"type":"Feature","geometry":{"type":"Polygon","coordinates":[[[140.191284,37.542781],[140.112171,37.516163],[140.164399,37.681704],[140.244643,37.652901],[140.191284,37.542781]]]},"properties":{}},"extra":false},
    {"code":1122510,"id":"cf8cf7","name":"猪苗代","original_name":"猪苗代","name_kana":"いなわしろ","closed":false,"lat":37.546286,"lng":140.103122,"prefecture":7,"lines":[11225],"attr":"cool","postal_code":"969-3133","address":"耶麻郡猪苗代町大字千代田字扇田","voronoi":{"type":"Feature","geometry":{"type":"Polygon","coordinates":[[[140.112171,37.516163],[140.096192,37.49509],[140.067614,37.467313],[140.099872,37.708806],[140.103145,37.708362],[140.125683,37.701076],[140.164399,37.681704],[140.112171,37.516163]]]},"properties":{}},"extra":false},
    {"code":1122511,"id":"6007e4","name":"翁島","original_name":"翁島","name_kana":"おきなしま","closed":false,"lat":37.552837,"lng":140.054079,"prefecture":7,"lines":[11225],"attr":"cool","postal_code":"969-3286","address":"耶麻郡猪苗代町大字磐根中","voronoi":{"type":"Feature","geometry":{"type":"Polygon","coordinates":[[[140.047798,37.431874],[140.067614,37.467313],[140.099872,37.708806],[140.05093,37.723281],[140.034978,37.707575],[140.016835,37.461241],[140.019482,37.453789],[140.047798,37.431874]]]},"properties":{}},"extra":false},
    {"code":1122512,"id":"060d6b","name":"磐梯町","original_name":"磐梯町","name_kana":"ばんだいまち","closed":false,"lat":37.557305,"lng":139.993413,"prefecture":7,"lines":[11225],"attr":"cool","postal_code":"969-3301","address":"耶麻郡磐梯町大字磐梯字東松山","voronoi":{"type":"Feature","geometry":{"type":"Polygon","coordinates":[[[140.034978,37.707575],[140.016835,37.461241],[139.967008,37.526252],[139.96565,37.536358],[139.995048,37.681342],[140.034978,37.707575]]]},"properties":{}},"extra":false},
    {"code":1122513,"id":"d85d87","name":"東長原","original_name":"東長原","name_kana":"ひがしながはら","closed":false,"lat":37.566465,"lng":139.948239,"prefecture":7,"lines":[11225],"attr":"eco","postal_code":"969-3421","address":"会津若松市河東町熊野堂","voronoi":{"type":"Feature","geometry":{"type":"Polygon","coordinates":[[[139.952255,37.642344],[139.976342,37.668018],[139.991606,37.679909],[139.995048,37.681342],[139.96565,37.536358],[139.927031,37.569746],[139.923601,37.580416],[139.93019,37.607975],[139.935262,37.619255],[139.952255,37.642344]]]},"properties":{}},"extra":false},
    {"code":1122514,"id":"778704","name":"広田","original_name":"広田","name_kana":"ひろた","closed":false,"lat":37.549235,"lng":139.933343,"prefecture":7,"lines":[11225],"attr":"eco","postal_code":"969-3471","address":"会津若松市河東町広田","voronoi":{"type":"Feature","geometry":{"type":"Polygon","coordinates":[[[139.916998,37.530192],[139.927031,37.569746],[139.96565,37.536358],[139.967008,37.526252],[139.916998,37.530192]]]},"properties":{}},"extra":false},
    {"code":1122515,"id":"97ca27","name":"会津若松","original_name":"会津若松","name_kana":"あいづわかまつ","closed":false,"lat":37.508824,"lng":139.930159,"prefecture":7,"lines":[11225,11226,11227],"attr":"heat","postal_code":"965-0041","address":"会津若松市駅前町","voronoi":{"type":"Feature","geometry":{"type":"Polygon","coordinates":[[[140.016835,37.461241],[140.019482,37.453789],[140.018156,37.453764],[139.957078,37.472938],[139.936599,37.487304],[139.909496,37.527176],[139.916998,37.530192],[139.967008,37.526252],[140.016835,37.461241]]]},"properties":{}},"extra":false}
  ],
  "extra":false
}