{
  "code":11224,
  "id":43,
  "name":"JR気仙沼線",
  "name_kana":"じぇいあーるけせんぬません",
  "station_size":27,
  "company_code":2,
  "closed":false,
  "station_list":[
    {"code":1122304,"id":997,"name":"前谷地","original_name":"前谷地","name_kana":"まえやち","closed":false,"lat":38.512187,"lng":141.194345,"prefecture":4,"lines":[11223,11224],"attr":"eco","postal_code":"987-1101","address":"石巻市前谷地","voronoi":{"type":"Feature","geometry":{"type":"Polygon","coordinates":[[[141.193802,38.545062],[141.216097,38.502256],[141.205739,38.46926],[141.192097,38.464753],[141.159367,38.459472],[141.147358,38.490354],[141.174418,38.560168],[141.193802,38.545062]]]},"properties":{}},"extra":false},
    {"code":1122402,"id":1007,"name":"和渕","original_name":"和渕","name_kana":"わぶち","closed":false,"lat":38.525772,"lng":141.220428,"prefecture":4,"lines":[11224],"attr":"eco","postal_code":"987-1102","address":"石巻市和渕","voronoi":{"type":"Feature","geometry":{"type":"Polygon","coordinates":[[[141.216097,38.502256],[141.193802,38.545062],[141.259089,38.531941],[141.216097,38.502256]]]},"properties":{}},"extra":false},
    {"code":1122403,"id":1008,"name":"のの岳","original_name":"のの岳","name_kana":"ののだけ","closed":false,"lat":38.552567,"lng":141.225813,"prefecture":4,"lines":[11224],"attr":"eco","postal_code":"987-0284","address":"遠田郡涌谷町猪岡短台字大谷地","voronoi":{"type":"Feature","geometry":{"type":"Polygon","coordinates":[[[141.259089,38.531941],[141.193802,38.545062],[141.174418,38.560168],[141.167044,38.610524],[141.278762,38.540085],[141.273522,38.535592],[141.259089,38.531941]]]},"properties":{}},"extra":false},
    {"code":1122404,"id":1009,"name":"陸前豊里","original_name":"陸前豊里","name_kana":"りくぜんとよさと","closed":false,"lat":38.582481,"lng":141.244674,"prefecture":4,"lines":[11224],"attr":"eco","postal_code":"987-0366","address":"登米市豊里町上屋浦","voronoi":{"type":"Feature","geometry":{"type":"Polygon","coordinates":[[[141.161719,38.624617],[141.167044,38.610524],[141.278762,38.540085],[141.298904,38.548077],[141.292613,38.561286],[141.187448,38.652219],[141.163618,38.62908],[141.161719,38.624617]]]},"properties":{}},"extra":false},
    {"code":1122405,"id":1010,"name":"御岳堂","original_name":"御岳堂","name_kana":"みたけどう","closed":false,"lat":38.605662,"lng":141.264718,"prefecture":4,"lines":[11224],"attr":"eco","postal_code":"987-0341","address":"登米市豊里町大沢沼田","voronoi":{"type":"Feature","geometry":{"type":"Polygon","coordinates":[[[141.268219,38.723707],[141.268414,38.723798],[141.292613,38.561286],[141.187448,38.652219],[141.213878,38.688508],[141.268219,38.723707]]]},"properties":{}},"extra":false},
    {"code":1122406,"id":1011,"name":"柳津(宮城)","original_name":"柳津","name_kana":"やないづ","closed":false,"lat":38.611864,"lng":141.306369,"prefecture":4,"lines":[11224],"attr":"eco","postal_code":"987-0500","address":"登米市津山町谷木","voronoi":{"type":"Feature","geometry":{"type":"Polygon","coordinates":[[[141.363786,38.536053],[141.298904,38.548077],[141.292613,38.561286],[141.268414,38.723798],[141.284696,38.735282],[141.364436,38.536164],[141.363786,38.536053]]]},"properties":{}},"extra":false},
    {"code":1122407,"id":1012,"name":"陸前横山","original_name":"陸前横山","name_kana":"りくぜんよこやま","closed":true,"lat":38.631019,"lng":141.354201,"prefecture":4,"lines":[11224],"attr":"unknown","postal_code":"986-0402","address":"登米市津山町横山","closed_date":"2020-04-01","voronoi":{"type":"Feature","geometry":{"type":"Polygon","coordinates":[[[141.382084,38.694693],[141.336773,38.777563],[141.323683,38.777181],[141.284696,38.735282],[141.364436,38.536164],[141.384761,38.534044],[141.390918,38.534916],[141.41353,38.545931],[141.382084,38.694693]]]},"properties":{}},"extra":false},
    {"code":1122408,"id":1013,"name":"陸前戸倉","original_name":"陸前戸倉","name_kana":"りくぜんとぐら","closed":true,"lat":38.64775,"lng":141.43335,"prefecture":4,"lines":[11224],"attr":"unknown","postal_code":"986-0781","address":"本吉郡南三陸町戸倉","closed_date":"2020-04-01","voronoi":{"type":"Feature","geometry":{"type":"Polygon","coordinates":[[[141.518809,38.596739],[141.552893,38.553285],[141.41353,38.545931],[141.382084,38.694693],[141.39387,38.689009],[141.460324,38.651606],[141.518809,38.596739]]]},"properties":{}},"extra":false},
    {"code":1122409,"id":1014,"name":"志津川","original_name":"志津川","name_kana":"しづがわ","closed":true,"lat":38.676666,"lng":141.449625,"prefecture":4,"lines":[11224],"attr":"unknown","postal_code":"986-0767","address":"本吉郡南三陸町志津川中瀬町","closed_date":"2020-04-01","voronoi":{"type":"Feature","geometry":{"type":"Polygon","coordinates":[[[141.39387,38.689009],[141.455769,38.679363],[141.460324,38.651606],[141.39387,38.689009]]]},"properties":{}},"extra":false},
    {"code":1122423,"id":9324,"name":"南三陸町役場・病院前","original_name":"南三陸町役場・病院前","name_kana":"みなみさんりくちょうやくば・びょういんまえ","closed":true,"lat":38.678771,"lng":141.462452,"prefecture":4,"lines":[11224],"attr":"unknown","postal_code":"986-0725","address":"宮城県本吉郡南三陸町志津川沼田１４−３","voronoi":{"type":"Feature","geometry":{"type":"Polygon","coordinates":[[[141.518809,38.596739],[141.466667,38.70474],[141.455769,38.679363],[141.460324,38.651606],[141.518809,38.596739]]]},"properties":{}},"extra":false},
    {"code":1122424,"id":9334,"name":"志津川中央団地","original_name":"志津川中央団地","name_kana":"しづがわちゅうおうだんち","closed":true,"lat":38.683802,"lng":141.450737,"prefecture":4,"lines":[11224],"attr":"unknown","postal_code":"986-0753","address":"宮城県本吉郡南三陸町志津川新井田","voronoi":{"type":"Feature","geometry":{"type":"Polygon","coordinates":[[[141.382084,38.694693],[141.336773,38.777563],[141.366792,38.790651],[141.433638,38.756961],[141.459478,38.739307],[141.466667,38.70474],[141.455769,38.679363],[141.39387,38.689009],[141.382084,38.694693]]]},"properties":{}},"extra":false},
    {"code":1122410,"id":1015,"name":"清水浜","original_name":"清水浜","name_kana":"しずはま","closed":true,"lat":38.691889,"lng":141.489623,"prefecture":4,"lines":[11224],"attr":"unknown","postal_code":"986-0706","address":"本吉郡南三陸町志津川清水浜","closed_date":"2020-04-01","voronoi":{"type":"Feature","geometry":{"type":"Polygon","coordinates":[[[141.478814,38.734613],[141.459478,38.739307],[141.466667,38.70474],[141.518809,38.596739],[141.552893,38.553285],[141.654284,38.534395],[141.478814,38.734613]]]},"properties":{}},"extra":false},
    {"code":1122411,"id":1016,"name":"歌津","original_name":"歌津","name_kana":"うたつ","closed":true,"lat":38.718293,"lng":141.519751,"prefecture":4,"lines":[11224],"attr":"unknown","postal_code":"988-0453","address":"本吉郡南三陸町歌津伊里前","closed_date":"2020-04-01","voronoi":{"type":"Feature","geometry":{"type":"Polygon","coordinates":[[[141.478814,38.734613],[141.498998,38.739417],[141.508122,38.738058],[142.134036,38.400475],[141.654284,38.534395],[141.478814,38.734613]]]},"properties":{}},"extra":false},
    {"code":1122412,"id":1017,"name":"陸前港","original_name":"陸前港","name_kana":"りくぜんみなと","closed":true,"lat":38.739198,"lng":141.531026,"prefecture":4,"lines":[11224],"attr":"unknown","postal_code":"988-0402","address":"本吉郡南三陸町歌津港","closed_date":"2020-04-01","voronoi":{"type":"Feature","geometry":{"type":"Polygon","coordinates":[[[141.508122,38.738058],[142.134036,38.400475],[142.310303,38.347992],[142.14088,38.492074],[141.573006,38.765223],[141.508122,38.738058]]]},"properties":{}},"extra":false},
    {"code":1122413,"id":1018,"name":"蔵内","original_name":"蔵内","name_kana":"くらうち","closed":true,"lat":38.753577,"lng":141.525006,"prefecture":4,"lines":[11224],"attr":"unknown","postal_code":"988-0324","address":"宮城県気仙沼市本吉町歌生116","closed_date":"2020-04-01","voronoi":{"type":"Feature","geometry":{"type":"Polygon","coordinates":[[[141.571743,38.7661],[141.573006,38.765223],[141.508122,38.738058],[141.498998,38.739417],[141.528546,38.775167],[141.571743,38.7661]]]},"properties":{}},"extra":false},
    {"code":1122414,"id":1019,"name":"陸前小泉","original_name":"陸前小泉","name_kana":"りくぜんこいずみ","closed":true,"lat":38.767626,"lng":141.508008,"prefecture":4,"lines":[11224],"attr":"unknown","postal_code":"988-0332","address":"宮城県気仙沼市本吉町下宿38","closed_date":"2020-04-01","voronoi":{"type":"Feature","geometry":{"type":"Polygon","coordinates":[[[141.433638,38.756961],[141.521322,38.781699],[141.528546,38.775167],[141.498998,38.739417],[141.478814,38.734613],[141.459478,38.739307],[141.433638,38.756961]]]},"properties":{}},"extra":false},
    {"code":1122415,"id":1020,"name":"本吉","original_name":"本吉","name_kana":"もとよし","closed":true,"lat":38.786738,"lng":141.502616,"prefecture":4,"lines":[11224],"attr":"unknown","postal_code":"988-0309","address":"宮城県気仙沼市本吉町津谷松尾79-1","closed_date":"2020-04-01","voronoi":{"type":"Feature","geometry":{"type":"Polygon","coordinates":[[[141.521322,38.781699],[141.499879,38.851616],[141.4323,38.844368],[141.412647,38.834628],[141.387531,38.814219],[141.366792,38.790651],[141.433638,38.756961],[141.521322,38.781699]]]},"properties":{}},"extra":false},
    {"code":1122416,"id":1021,"name":"小金沢","original_name":"小金沢","name_kana":"こがねざわ","closed":true,"lat":38.796359,"lng":141.533986,"prefecture":4,"lines":[11224],"attr":"unknown","postal_code":"988-0272","address":"宮城県気仙沼市本吉町小金沢","closed_date":"2020-04-01","voronoi":{"type":"Feature","geometry":{"type":"Polygon","coordinates":[[[141.499879,38.851616],[141.521322,38.781699],[141.528546,38.775167],[141.571743,38.7661],[141.52635,38.850129],[141.510489,38.855637],[141.499879,38.851616]]]},"properties":{}},"extra":false},
    {"code":1122417,"id":1022,"name":"大谷海岸","original_name":"大谷海岸","name_kana":"おおやかいがん","closed":true,"lat":38.814266,"lng":141.567134,"prefecture":4,"lines":[11224],"attr":"unknown","postal_code":"988-0273","address":"宮城県気仙沼市本吉町三島94-12","closed_date":"2020-04-01","voronoi":{"type":"Feature","geometry":{"type":"Polygon","coordinates":[[[141.53411,38.848312],[141.52894,38.850181],[141.52635,38.850129],[141.571743,38.7661],[141.573006,38.765223],[142.14088,38.492074],[142.110766,38.521162],[141.53411,38.848312]]]},"properties":{}},"extra":false},
    {"code":1122418,"id":1023,"name":"陸前階上","original_name":"陸前階上","name_kana":"りくぜんはしかみ","closed":true,"lat":38.837431,"lng":141.580276,"prefecture":4,"lines":[11224],"attr":"unknown","postal_code":"988-0233","address":"気仙沼市字長磯原","closed_date":"2020-04-01","voronoi":{"type":"Feature","geometry":{"type":"Polygon","coordinates":[[[141.53411,38.848312],[141.632287,38.842191],[141.754328,38.823526],[142.009917,38.622871],[142.110766,38.521162],[141.53411,38.848312]]]},"properties":{}},"extra":false},
    {"code":1122419,"id":1024,"name":"最知","original_name":"最知","name_kana":"さいち","closed":true,"lat":38.853374,"lng":141.58127,"prefecture":4,"lines":[11224],"attr":"unknown","postal_code":"988-0211","address":"気仙沼市字最知川原","closed_date":"2020-04-01","voronoi":{"type":"Feature","geometry":{"type":"Polygon","coordinates":[[[141.53411,38.848312],[141.52894,38.850181],[141.560816,38.864714],[141.632287,38.842191],[141.53411,38.848312]]]},"properties":{}},"extra":false},
    {"code":1122425,"id":9350,"name":"岩月","original_name":"岩月","name_kana":"いわつき","closed":true,"lat":38.862278,"lng":141.584076,"prefecture":4,"lines":[11224],"attr":"unknown","postal_code":"988-0202","address":"宮城県気仙沼市岩月台ノ沢","voronoi":{"type":"Feature","geometry":{"type":"Polygon","coordinates":[[[141.683056,38.876166],[141.711101,38.862807],[141.754328,38.823526],[141.632287,38.842191],[141.560816,38.864714],[141.562983,38.86629],[141.683056,38.876166]]]},"properties":{}},"extra":false},
    {"code":1122420,"id":1025,"name":"松岩","original_name":"松岩","name_kana":"まついわ","closed":true,"lat":38.873694,"lng":141.583137,"prefecture":4,"lines":[11224],"attr":"unknown","postal_code":"988-0113","address":"気仙沼市字松崎片浜","closed_date":"2020-04-01","voronoi":{"type":"Feature","geometry":{"type":"Polygon","coordinates":[[[141.562983,38.86629],[141.572617,38.878398],[141.668079,38.884384],[141.683056,38.876166],[141.562983,38.86629]]]},"properties":{}},"extra":false},
    {"code":1122426,"id":9364,"name":"赤岩港","original_name":"赤岩港","name_kana":"あかいわみなと","closed":true,"lat":38.884379,"lng":141.582467,"prefecture":4,"lines":[11224],"attr":"unknown","postal_code":"988-0104","address":"宮城県気仙沼市赤岩五駄鱈","voronoi":{"type":"Feature","geometry":{"type":"Polygon","coordinates":[[[141.60101,38.901344],[141.646906,38.897789],[141.668079,38.884384],[141.572617,38.878398],[141.574231,38.886837],[141.60101,38.901344]]]},"properties":{}},"extra":false},
    {"code":1122427,"id":9326,"name":"気仙沼市立病院","original_name":"気仙沼市立病院","name_kana":"けせんぬましりつびょういん","closed":true,"lat":38.887592,"lng":141.565669,"prefecture":4,"lines":[11224],"attr":"unknown","postal_code":"988-0181","address":"宮城県気仙沼市赤岩杉ノ沢","voronoi":{"type":"Feature","geometry":{"type":"Polygon","coordinates":[[[141.572617,38.878398],[141.574231,38.886837],[141.569094,38.894387],[141.519665,38.880824],[141.510489,38.855637],[141.52635,38.850129],[141.52894,38.850181],[141.560816,38.864714],[141.562983,38.86629],[141.572617,38.878398]]]},"properties":{}},"extra":false},
    {"code":1122421,"id":1026,"name":"南気仙沼","original_name":"南気仙沼","name_kana":"みなみけせんぬま","closed":true,"lat":38.895078,"lng":141.576671,"prefecture":4,"lines":[11224],"attr":"unknown","postal_code":"988-0024","address":"気仙沼市仲町２丁目","closed_date":"2020-04-01","voronoi":{"type":"Feature","geometry":{"type":"Polygon","coordinates":[[[141.571997,38.906318],[141.569094,38.894387],[141.574231,38.886837],[141.60101,38.901344],[141.59558,38.903154],[141.571997,38.906318]]]},"properties":{}},"extra":false},
    {"code":1122422,"id":1027,"name":"不動の沢","original_name":"不動の沢","name_kana":"ふどうのさわ","closed":true,"lat":38.898482,"lng":141.562681,"prefecture":4,"lines":[11224],"attr":"unknown","postal_code":"988-0063","address":"気仙沼市字四反田","closed_date":"2020-04-01","voronoi":{"type":"Feature","geometry":{"type":"Polygon","coordinates":[[[141.570745,38.907523],[141.571997,38.906318],[141.569094,38.894387],[141.519665,38.880824],[141.522159,38.891587],[141.570745,38.907523]]]},"properties":{}},"extra":false}
  ],
  "extra":false
}