{
  "code":11227,
  "id":46,
  "name":"JR只見線",
  "name_kana":"じぇいあーるただみせん",
  "station_size":38,
  "company_code":2,
  "closed":false,
  "color":"#008DD1",
  "station_list":[
    {"code":1122515,"id":1042,"name":"会津若松","original_name":"会津若松","name_kana":"あいづわかまつ","closed":false,"lat":37.508824,"lng":139.930159,"prefecture":7,"lines":[11225,11226,11227],"attr":"heat","postal_code":"965-0041","address":"会津若松市駅前町","voronoi":{"type":"Feature","geometry":{"type":"Polygon","coordinates":[[[140.016835,37.461241],[140.019482,37.453789],[140.018156,37.453764],[139.957078,37.472938],[139.936599,37.487304],[139.909496,37.527176],[139.916998,37.530192],[139.967008,37.526252],[140.016835,37.461241]]]},"properties":{}},"extra":false},
    {"code":1122702,"id":1069,"name":"七日町","original_name":"七日町","name_kana":"なぬかまち","closed":false,"lat":37.50121,"lng":139.918958,"prefecture":7,"lines":[11227],"attr":"heat","postal_code":"965-0044","address":"会津若松市七日町","voronoi":{"type":"Feature","geometry":{"type":"Polygon","coordinates":[[[139.876103,37.52265],[139.909496,37.527176],[139.936599,37.487304],[139.873822,37.507102],[139.873842,37.509831],[139.876103,37.52265]]]},"properties":{}},"extra":false},
    {"code":1122703,"id":1070,"name":"西若松","original_name":"西若松","name_kana":"にしわかまつ","closed":false,"lat":37.486034,"lng":139.914172,"prefecture":7,"lines":[11227,99216,11235],"attr":"heat","postal_code":"965-0853","address":"会津若松市材木町１","voronoi":{"type":"Feature","geometry":{"type":"Polygon","coordinates":[[[139.873822,37.507102],[139.873131,37.503371],[139.906132,37.472362],[139.957078,37.472938],[139.936599,37.487304],[139.873822,37.507102]]]},"properties":{}},"extra":false},
    {"code":1122704,"id":1071,"name":"会津本郷","original_name":"会津本郷","name_kana":"あいづほんごう","closed":false,"lat":37.463488,"lng":139.892987,"prefecture":7,"lines":[11227],"attr":"heat","postal_code":"969-6183","address":"会津若松市北会津町上米塚","voronoi":{"type":"Feature","geometry":{"type":"Polygon","coordinates":[[[139.901611,37.451292],[139.873529,37.423332],[139.859872,37.416124],[139.872004,37.501482],[139.873131,37.503371],[139.906132,37.472362],[139.901611,37.451292]]]},"properties":{}},"extra":false},
    {"code":1122705,"id":1072,"name":"会津高田","original_name":"会津高田","name_kana":"あいづたかだ","closed":false,"lat":37.470839,"lng":139.841266,"prefecture":7,"lines":[11227],"attr":"heat","postal_code":"969-6268","address":"大沼郡会津美里町柳台","voronoi":{"type":"Feature","geometry":{"type":"Polygon","coordinates":[[[139.761461,37.352945],[139.826832,37.374072],[139.832804,37.377904],[139.859872,37.416124],[139.872004,37.501482],[139.765615,37.458088],[139.748226,37.351957],[139.749518,37.351634],[139.761461,37.352945]]]},"properties":{}},"extra":false},
    {"code":1122706,"id":1073,"name":"根岸(福島)","original_name":"根岸","name_kana":"ねぎし","closed":false,"lat":37.501885,"lng":139.828603,"prefecture":7,"lines":[11227],"attr":"heat","postal_code":"969-6405","address":"大沼郡会津美里町米田根岸","voronoi":{"type":"Feature","geometry":{"type":"Polygon","coordinates":[[[139.873822,37.507102],[139.873131,37.503371],[139.872004,37.501482],[139.765615,37.458088],[139.764784,37.472442],[139.767153,37.491872],[139.779545,37.509189],[139.873842,37.509831],[139.873822,37.507102]]]},"properties":{}},"extra":false},
    {"code":1122707,"id":1074,"name":"新鶴","original_name":"新鶴","name_kana":"にいつる","closed":false,"lat":37.517161,"lng":139.828499,"prefecture":7,"lines":[11227],"attr":"eco","postal_code":"969-6411","address":"大沼郡会津美里町立石田","voronoi":{"type":"Feature","geometry":{"type":"Polygon","coordinates":[[[139.876103,37.52265],[139.873842,37.509831],[139.779545,37.509189],[139.787912,37.525803],[139.874296,37.526654],[139.876103,37.52265]]]},"properties":{}},"extra":false},
    {"code":1122708,"id":1075,"name":"若宮","original_name":"若宮","name_kana":"わかみや","closed":false,"lat":37.535243,"lng":139.828321,"prefecture":7,"lines":[11227],"attr":"heat","postal_code":"969-6500","address":"河沼郡会津坂下町字若宮","voronoi":{"type":"Feature","geometry":{"type":"Polygon","coordinates":[[[139.787912,37.525803],[139.788903,37.529736],[139.79398,37.536146],[139.861544,37.5576],[139.870128,37.544493],[139.874296,37.526654],[139.787912,37.525803]]]},"properties":{}},"extra":false},
    {"code":1122709,"id":1076,"name":"会津坂下","original_name":"会津坂下","name_kana":"あいづばんげ","closed":false,"lat":37.556695,"lng":139.821509,"prefecture":7,"lines":[11227],"attr":"heat","postal_code":"969-6545","address":"河沼郡会津坂下町字五反田","voronoi":{"type":"Feature","geometry":{"type":"Polygon","coordinates":[[[139.828597,37.609072],[139.843903,37.593704],[139.858273,37.568368],[139.861544,37.5576],[139.79398,37.536146],[139.820907,37.613204],[139.828597,37.609072]]]},"properties":{}},"extra":false},
    {"code":1122710,"id":1077,"name":"塔寺","original_name":"塔寺","name_kana":"とうでら","closed":false,"lat":37.569368,"lng":139.785241,"prefecture":7,"lines":[11227],"attr":"heat","postal_code":"969-6583","address":"河沼郡会津坂下町気多宮","voronoi":{"type":"Feature","geometry":{"type":"Polygon","coordinates":[[[139.81863,37.615744],[139.758351,37.599602],[139.753177,37.592833],[139.788903,37.529736],[139.79398,37.536146],[139.820907,37.613204],[139.81863,37.615744]]]},"properties":{}},"extra":false},
    {"code":1122711,"id":1078,"name":"会津坂本","original_name":"会津坂本","name_kana":"あいづさかもと","closed":false,"lat":37.553266,"lng":139.756802,"prefecture":7,"lines":[11227],"attr":"heat","postal_code":"969-6586","address":"河沼郡会津坂下町坂本字上新田","voronoi":{"type":"Feature","geometry":{"type":"Polygon","coordinates":[[[139.787912,37.525803],[139.779545,37.509189],[139.767153,37.491872],[139.760531,37.500287],[139.726038,37.578205],[139.753177,37.592833],[139.788903,37.529736],[139.787912,37.525803]]]},"properties":{}},"extra":false},
    {"code":1122712,"id":1079,"name":"会津柳津","original_name":"会津柳津","name_kana":"あいづやないづ","closed":false,"lat":37.538664,"lng":139.723817,"prefecture":7,"lines":[11227],"attr":"heat","postal_code":"969-7201","address":"河沼郡柳津町柳津字下大平","voronoi":{"type":"Feature","geometry":{"type":"Polygon","coordinates":[[[139.760531,37.500287],[139.676313,37.552795],[139.682612,37.562345],[139.71675,37.578005],[139.726038,37.578205],[139.760531,37.500287]]]},"properties":{}},"extra":false},
    {"code":1122713,"id":1080,"name":"郷戸","original_name":"郷戸","name_kana":"ごうど","closed":false,"lat":37.51636,"lng":139.709911,"prefecture":7,"lines":[11227],"attr":"heat","postal_code":"969-7205","address":"河沼郡柳津町大字郷戸字百刈","voronoi":{"type":"Feature","geometry":{"type":"Polygon","coordinates":[[[139.760531,37.500287],[139.676313,37.552795],[139.663947,37.541963],[139.685506,37.515312],[139.764784,37.472442],[139.767153,37.491872],[139.760531,37.500287]]]},"properties":{}},"extra":false},
    {"code":1122714,"id":1081,"name":"滝谷(福島)","original_name":"滝谷","name_kana":"たきや","closed":false,"lat":37.494315,"lng":139.69799,"prefecture":7,"lines":[11227],"attr":"heat","postal_code":"969-7205","address":"河沼郡柳津町大字郷戸字居平丁","voronoi":{"type":"Feature","geometry":{"type":"Polygon","coordinates":[[[139.685506,37.515312],[139.764784,37.472442],[139.765615,37.458088],[139.748226,37.351957],[139.733757,37.348165],[139.719122,37.380343],[139.695602,37.444446],[139.685506,37.515312]]]},"properties":{}},"extra":false},
    {"code":1122715,"id":1082,"name":"会津桧原","original_name":"会津桧原","name_kana":"あいづひのはら","closed":false,"lat":37.491664,"lng":139.679382,"prefecture":7,"lines":[11227],"attr":"heat","postal_code":"969-7513","address":"大沼郡三島町大字桧原","voronoi":{"type":"Feature","geometry":{"type":"Polygon","coordinates":[[[139.641695,37.534168],[139.695602,37.444446],[139.685506,37.515312],[139.663947,37.541963],[139.641695,37.534168]]]},"properties":{}},"extra":false},
    {"code":1122716,"id":1083,"name":"会津西方","original_name":"会津西方","name_kana":"あいづにしかた","closed":false,"lat":37.480937,"lng":139.661528,"prefecture":7,"lines":[11227],"attr":"heat","postal_code":"969-7402","address":"大沼郡三島町大字名入字根岸居平","voronoi":{"type":"Feature","geometry":{"type":"Polygon","coordinates":[[[139.695602,37.444446],[139.641695,37.534168],[139.618643,37.530623],[139.619045,37.528142],[139.719122,37.380343],[139.695602,37.444446]]]},"properties":{}},"extra":false},
    {"code":1122717,"id":1084,"name":"会津宮下","original_name":"会津宮下","name_kana":"あいづみやした","closed":false,"lat":37.471169,"lng":139.647102,"prefecture":7,"lines":[11227],"attr":"cool","postal_code":"969-7511","address":"大沼郡三島町大字宮下字田中","voronoi":{"type":"Feature","geometry":{"type":"Polygon","coordinates":[[[139.733757,37.348165],[139.64845,37.307669],[139.624252,37.29903],[139.619045,37.528142],[139.719122,37.380343],[139.733757,37.348165]]]},"properties":{}},"extra":false},
    {"code":1122718,"id":1085,"name":"早戸","original_name":"早戸","name_kana":"はやと","closed":false,"lat":37.469953,"lng":139.593605,"prefecture":7,"lines":[11227],"attr":"cool","postal_code":"969-7406","address":"大沼郡三島町大字早戸字小津巻","voronoi":{"type":"Feature","geometry":{"type":"Polygon","coordinates":[[[139.584387,37.342161],[139.563221,37.441418],[139.601563,37.537828],[139.618643,37.530623],[139.619045,37.528142],[139.624252,37.29903],[139.612729,37.29277],[139.584387,37.342161]]]},"properties":{}},"extra":false},
    {"code":1122719,"id":1086,"name":"会津水沼","original_name":"会津水沼","name_kana":"あいづみずぬま","closed":false,"lat":37.483026,"lng":139.560733,"prefecture":7,"lines":[11227],"attr":"cool","postal_code":"968-0001","address":"大沼郡金山町大字水沼字桑畑","voronoi":{"type":"Feature","geometry":{"type":"Polygon","coordinates":[[[139.548222,37.579308],[139.601563,37.537828],[139.563221,37.441418],[139.55479,37.452547],[139.511641,37.586079],[139.512083,37.586247],[139.53886,37.58413],[139.548222,37.579308]]]},"properties":{}},"extra":false},
    {"code":1122720,"id":1087,"name":"会津中川","original_name":"会津中川","name_kana":"あいづなかがわ","closed":false,"lat":37.473785,"lng":139.532135,"prefecture":7,"lines":[11227],"attr":"cool","postal_code":"968-0006","address":"大沼郡金山町大字中川","voronoi":{"type":"Feature","geometry":{"type":"Polygon","coordinates":[[[139.500282,37.476714],[139.430033,37.557346],[139.48899,37.580722],[139.511641,37.586079],[139.55479,37.452547],[139.500282,37.476714]]]},"properties":{}},"extra":false},
    {"code":1122721,"id":1088,"name":"会津川口","original_name":"会津川口","name_kana":"あいづかわぐち","closed":false,"lat":37.455076,"lng":139.52384,"prefecture":7,"lines":[11227],"attr":"cool","postal_code":"968-0011","address":"大沼郡金山町大字川口字森ノ上","voronoi":{"type":"Feature","geometry":{"type":"Polygon","coordinates":[[[139.500282,37.476714],[139.536832,37.388066],[139.584387,37.342161],[139.563221,37.441418],[139.55479,37.452547],[139.500282,37.476714]]]},"properties":{}},"extra":false},
    {"code":1122722,"id":1089,"name":"本名","original_name":"本名","name_kana":"ほんな","closed":false,"lat":37.44476,"lng":139.49882,"prefecture":7,"lines":[11227],"attr":"cool","postal_code":"968-0016","address":"大沼郡金山町大字本名","voronoi":{"type":"Feature","geometry":{"type":"Polygon","coordinates":[[[139.386007,37.534221],[139.381447,37.54703],[139.430033,37.557346],[139.500282,37.476714],[139.536832,37.388066],[139.442695,37.448163],[139.425942,37.468292],[139.386007,37.534221]]]},"properties":{}},"extra":false},
    {"code":1122723,"id":1090,"name":"会津越川","original_name":"会津越川","name_kana":"あいづこすがわ","closed":false,"lat":37.398684,"lng":139.469405,"prefecture":7,"lines":[11227],"attr":"cool","postal_code":"968-0321","address":"大沼郡金山町大字越川","voronoi":{"type":"Feature","geometry":{"type":"Polygon","coordinates":[[[139.536832,37.388066],[139.442695,37.448163],[139.494521,37.173508],[139.504534,37.181156],[139.560052,37.231311],[139.590469,37.264072],[139.612729,37.29277],[139.584387,37.342161],[139.536832,37.388066]]]},"properties":{}},"extra":false},
    {"code":1122724,"id":1091,"name":"会津横田","original_name":"会津横田","name_kana":"あいづよこた","closed":false,"lat":37.392353,"lng":139.435853,"prefecture":7,"lines":[11227],"attr":"cool","postal_code":"968-0322","address":"大沼郡金山町大字横田","voronoi":{"type":"Feature","geometry":{"type":"Polygon","coordinates":[[[139.421414,37.238778],[139.425942,37.468292],[139.442695,37.448163],[139.494521,37.173508],[139.456041,37.139232],[139.421414,37.238778]]]},"properties":{}},"extra":false},
    {"code":1122725,"id":1092,"name":"会津大塩","original_name":"会津大塩","name_kana":"あいづおおしお","closed":false,"lat":37.392803,"lng":139.413044,"prefecture":7,"lines":[11227],"attr":"eco","postal_code":"968-0326","address":"大沼郡金山町大字大塩","voronoi":{"type":"Feature","geometry":{"type":"Polygon","coordinates":[[[139.386007,37.534221],[139.383162,37.327085],[139.421414,37.238778],[139.425942,37.468292],[139.386007,37.534221]]]},"properties":{}},"extra":false},
    {"code":1122726,"id":1093,"name":"会津塩沢","original_name":"会津塩沢","name_kana":"あいづしおざわ","closed":false,"lat":37.393599,"lng":139.355096,"prefecture":7,"lines":[11227],"attr":"eco","postal_code":"968-0411","address":"南会津郡只見町大字塩沢字上田","voronoi":{"type":"Feature","geometry":{"type":"Polygon","coordinates":[[[139.370577,37.338785],[139.264217,37.535629],[139.288041,37.554442],[139.324654,37.554633],[139.369019,37.550913],[139.381447,37.54703],[139.386007,37.534221],[139.383162,37.327085],[139.370577,37.338785]]]},"properties":{}},"extra":false},
    {"code":1122727,"id":1094,"name":"会津蒲生","original_name":"会津蒲生","name_kana":"あいづがもう","closed":false,"lat":37.381775,"lng":139.333213,"prefecture":7,"lines":[11227],"attr":"eco","postal_code":"968-0414","address":"南会津郡只見町大字蒲生字久保","voronoi":{"type":"Feature","geometry":{"type":"Polygon","coordinates":[[[139.264217,37.535629],[139.218915,37.504994],[139.202644,37.491987],[139.210112,37.452521],[139.241431,37.41426],[139.370577,37.338785],[139.264217,37.535629]]]},"properties":{}},"extra":false},
    {"code":1122728,"id":1095,"name":"只見","original_name":"只見","name_kana":"ただみ","closed":false,"lat":37.350239,"lng":139.314783,"prefecture":7,"lines":[11227],"attr":"eco","postal_code":"968-0421","address":"南会津郡只見町大字只見字上ノ原","voronoi":{"type":"Feature","geometry":{"type":"Polygon","coordinates":[[[139.370577,37.338785],[139.241431,37.41426],[139.420026,37.085202],[139.456041,37.139232],[139.421414,37.238778],[139.383162,37.327085],[139.370577,37.338785]]]},"properties":{}},"extra":false},
    {"code":1122729,"id":1096,"name":"田子倉","original_name":"田子倉","name_kana":"たごくら","closed":true,"lat":37.317869,"lng":139.255142,"prefecture":7,"lines":[11227],"attr":"unknown","postal_code":"968-0423","address":"南会津郡只見町大字田子倉後山","open_date":"1971-08-29","closed_date":"2013-03-16","voronoi":{"type":"Feature","geometry":{"type":"Polygon","coordinates":[[[139.408874,37.063176],[139.420026,37.085202],[139.241431,37.41426],[139.210112,37.452521],[139.151406,37.122807],[139.156941,37.097502],[139.170075,37.064148],[139.191039,37.027425],[139.248532,36.993533],[139.295604,36.968961],[139.346284,36.983832],[139.364061,37.003656],[139.408874,37.063176]]]},"properties":{}},"extra":false},
    {"code":1122730,"id":1097,"name":"大白川","original_name":"大白川","name_kana":"おおしらかわ","closed":false,"lat":37.341687,"lng":139.121373,"prefecture":15,"lines":[11227],"attr":"cool","postal_code":"946-0303","address":"魚沼市大白川","voronoi":{"type":"Feature","geometry":{"type":"Polygon","coordinates":[[[139.151406,37.122807],[139.210112,37.452521],[139.202644,37.491987],[139.165493,37.492297],[139.154678,37.49145],[139.143682,37.487105],[139.133518,37.479041],[139.104671,37.38578],[139.107554,37.198005],[139.151406,37.122807]]]},"properties":{}},"extra":false},
    {"code":1122731,"id":1098,"name":"柿ノ木","original_name":"柿ノ木","name_kana":"かきのき","closed":true,"lat":37.341195,"lng":139.08933,"prefecture":15,"lines":[11227],"attr":"unknown","postal_code":"946-0304","address":"魚沼市穴沢","open_date":"1987-04-01","closed_date":"2015-03-14","voronoi":{"type":"Feature","geometry":{"type":"Polygon","coordinates":[[[139.104671,37.38578],[139.069265,37.338889],[139.063137,37.296918],[139.080738,37.235524],[139.082731,37.231402],[139.107554,37.198005],[139.104671,37.38578]]]},"properties":{}},"extra":false},
    {"code":1122732,"id":1099,"name":"入広瀬","original_name":"入広瀬","name_kana":"いりひろせ","closed":false,"lat":37.358818,"lng":139.06599,"prefecture":15,"lines":[11227],"attr":"cool","postal_code":"946-0305","address":"魚沼市大栃山","voronoi":{"type":"Feature","geometry":{"type":"Polygon","coordinates":[[[139.098098,37.46154],[139.01257,37.411247],[139.069265,37.338889],[139.104671,37.38578],[139.133518,37.479041],[139.098098,37.46154]]]},"properties":{}},"extra":false},
    {"code":1122733,"id":1100,"name":"上条(新潟)","original_name":"上条","name_kana":"かみじょう","closed":false,"lat":37.346836,"lng":139.050698,"prefecture":15,"lines":[11227],"attr":"cool","postal_code":"946-0203","address":"魚沼市渋川","voronoi":{"type":"Feature","geometry":{"type":"Polygon","coordinates":[[[139.063137,37.296918],[138.982825,37.39862],[139.01257,37.411247],[139.069265,37.338889],[139.063137,37.296918]]]},"properties":{}},"extra":false},
    {"code":1122734,"id":1101,"name":"越後須原","original_name":"越後須原","name_kana":"えちごすはら","closed":false,"lat":37.320591,"lng":139.017463,"prefecture":15,"lines":[11227],"attr":"heat","postal_code":"946-0216","address":"魚沼市須原","voronoi":{"type":"Feature","geometry":{"type":"Polygon","coordinates":[[[139.063137,37.296918],[139.080738,37.235524],[138.940235,37.369088],[138.961248,37.394996],[138.961821,37.395429],[138.982825,37.39862],[139.063137,37.296918]]]},"properties":{}},"extra":false},
    {"code":1122735,"id":1102,"name":"魚沼田中","original_name":"魚沼田中","name_kana":"うおぬまたなか","closed":false,"lat":37.294413,"lng":138.992578,"prefecture":15,"lines":[11227],"attr":"heat","postal_code":"946-0106","address":"魚沼市田中","voronoi":{"type":"Feature","geometry":{"type":"Polygon","coordinates":[[[138.925842,37.35721],[138.918146,37.340883],[138.927126,37.318461],[139.068827,37.237632],[139.082731,37.231402],[139.080738,37.235524],[138.940235,37.369088],[138.925842,37.35721]]]},"properties":{}},"extra":false},
    {"code":1122736,"id":1103,"name":"越後広瀬","original_name":"越後広瀬","name_kana":"えちごひろせ","closed":false,"lat":37.274363,"lng":138.981141,"prefecture":15,"lines":[11227],"attr":"heat","postal_code":"946-0111","address":"魚沼市並柳","voronoi":{"type":"Feature","geometry":{"type":"Polygon","coordinates":[[[138.927126,37.318461],[138.933728,37.288183],[138.941092,37.277077],[139.068827,37.237632],[138.927126,37.318461]]]},"properties":{}},"extra":false},
    {"code":1122737,"id":1104,"name":"藪神","original_name":"藪神","name_kana":"やぶかみ","closed":false,"lat":37.256737,"lng":138.975698,"prefecture":15,"lines":[11227],"attr":"eco","postal_code":"946-0051","address":"魚沼市今泉","voronoi":{"type":"Feature","geometry":{"type":"Polygon","coordinates":[[[139.046014,37.167217],[138.946458,37.262542],[138.941092,37.277077],[139.068827,37.237632],[139.082731,37.231402],[139.107554,37.198005],[139.151406,37.122807],[139.156941,37.097502],[139.046014,37.167217]]]},"properties":{}},"extra":false},
    {"code":1122738,"id":1105,"name":"小出","original_name":"小出","name_kana":"こいで","closed":false,"lat":37.233581,"lng":138.953526,"prefecture":15,"lines":[11227,11342],"attr":"heat","postal_code":"946-0007","address":"魚沼市四日町","voronoi":{"type":"Feature","geometry":{"type":"Polygon","coordinates":[[[138.936372,37.216153],[139.046014,37.167217],[138.946458,37.262542],[138.936372,37.216153]]]},"properties":{}},"extra":false}
  ],
  "extra":false
}