{
  "code":11308,
  "id":"a048fc",
  "name":"JR横須賀線",
  "name_kana":"じぇいあーるよこすかせん",
  "station_size":19,
  "company_code":2,
  "closed":false,
  "color":"#007AC0",
  "symbol":"JO",
  "station_list":[
    {"code":100201,"id":"8b222f","name":"東京","original_name":"東京","name_kana":"とうきょう","closed":false,"lat":35.681391,"lng":139.766103,"prefecture":13,"numbering":["JO19"],"lines":[1002,1004,1005,11301,11302,11308,11311,11312,11314,11326,11328,11332,11343,28002],"attr":"heat","postal_code":"100-0005","address":"東京都千代田区丸の内一丁目","open_date":"1914-12-20","voronoi":{"type":"Feature","geometry":{"type":"Polygon","coordinates":[[[139.766725,35.677891],[139.769904,35.680711],[139.769607,35.683917],[139.763811,35.684018],[139.76422,35.678699],[139.766421,35.67785],[139.766725,35.677891]]]},"properties":{}},"extra":false},
    {"code":1130102,"id":"c3891c","name":"新橋","original_name":"新橋","name_kana":"しんばし","closed":false,"lat":35.666195,"lng":139.758587,"prefecture":13,"numbering":["JO18"],"lines":[11301,11302,11308,11332,28001,99302,99311],"attr":"heat","postal_code":"105-0004","address":"東京都港区新橋二丁目17","open_date":"1909-12-16","voronoi":{"type":"Feature","geometry":{"type":"Polygon","coordinates":[[[139.760001,35.670275],[139.759876,35.670299],[139.753924,35.665314],[139.756182,35.662118],[139.762858,35.667624],[139.760001,35.670275]]]},"properties":{}},"extra":false},
    {"code":100202,"id":"73e262","name":"品川","original_name":"品川","name_kana":"しながわ","closed":false,"lat":35.62876,"lng":139.738999,"prefecture":13,"numbering":["JO17"],"lines":[1002,11301,11302,11308,11328,11332,27001],"attr":"eco","postal_code":"108-0074","address":"東京都港区高輪三丁目26-27","open_date":"1872-06-12","voronoi":{"type":"Feature","geometry":{"type":"Polygon","coordinates":[[[139.747047,35.630243],[139.744812,35.625783],[139.733042,35.625425],[139.735657,35.633214],[139.747047,35.630243]]]},"properties":{}},"extra":false},
    {"code":1130804,"id":"697dd3","name":"西大井","original_name":"西大井","name_kana":"にしおおい","closed":false,"lat":35.601616,"lng":139.721729,"prefecture":13,"numbering":["JO16","JS16"],"lines":[11308,11333],"attr":"heat","postal_code":"140-0015","address":"品川区西大井１丁目","voronoi":{"type":"Feature","geometry":{"type":"Polygon","coordinates":[[[139.728984,35.601972],[139.722161,35.606329],[139.717232,35.603899],[139.715842,35.600772],[139.719988,35.592804],[139.729888,35.597749],[139.730088,35.598851],[139.728984,35.601972]]]},"properties":{}},"extra":false},
    {"code":1130307,"id":"7b401a","name":"武蔵小杉","original_name":"武蔵小杉","name_kana":"むさしこすぎ","closed":false,"lat":35.576692,"lng":139.659634,"prefecture":14,"numbering":["JO15","JS15"],"lines":[11303,11308,11328,11333,26001,26002],"attr":"cool","postal_code":"211-0063","address":"川崎市中原区小杉町三丁目492","open_date":"1944-04-01","voronoi":{"type":"Feature","geometry":{"type":"Polygon","coordinates":[[[139.66082,35.569538],[139.649052,35.574853],[139.651446,35.584329],[139.664274,35.576459],[139.66082,35.569538]]]},"properties":{}},"extra":false},
    {"code":1130805,"id":"bc9528","name":"新川崎","original_name":"新川崎","name_kana":"しんかわさき","closed":false,"lat":35.551784,"lng":139.671481,"prefecture":14,"numbering":["JO14","JS14"],"lines":[11308,11333],"attr":"cool","postal_code":"212-0058","address":"川崎市幸区鹿島田","voronoi":{"type":"Feature","geometry":{"type":"Polygon","coordinates":[[[139.673659,35.556295],[139.672414,35.542957],[139.658621,35.53285],[139.65768,35.535072],[139.659331,35.554218],[139.660502,35.555633],[139.673659,35.556295]]]},"properties":{}},"extra":false},
    {"code":1130105,"id":"b0c711","name":"横浜","original_name":"横浜","name_kana":"よこはま","closed":false,"lat":35.466195,"lng":139.622704,"prefecture":14,"numbering":["JO13","JS13"],"lines":[11301,11307,11308,11328,11332,11333,26001,27001,29001,99310,99316],"attr":"cool","postal_code":"220-0011","address":"横浜市西区高島２丁目","voronoi":{"type":"Feature","geometry":{"type":"Polygon","coordinates":[[[139.614755,35.468292],[139.621001,35.462081],[139.622625,35.462303],[139.627428,35.466566],[139.622707,35.470872],[139.619443,35.471878],[139.614755,35.468292]]]},"properties":{}},"extra":false},
    {"code":1130807,"id":"b006bc","name":"保土ケ谷","original_name":"保土ケ谷","name_kana":"ほどがや","closed":false,"lat":35.446746,"lng":139.599671,"prefecture":14,"numbering":["JO12","JS12"],"lines":[11308,11333],"attr":"cool","postal_code":"240-0023","address":"横浜市保土ケ谷区岩井町","voronoi":{"type":"Feature","geometry":{"type":"Polygon","coordinates":[[[139.60521,35.448733],[139.596272,35.452293],[139.58166,35.446326],[139.576707,35.442539],[139.578169,35.438715],[139.60575,35.44073],[139.608389,35.444421],[139.60521,35.448733]]]},"properties":{}},"extra":false},
    {"code":1130808,"id":"986b1d","name":"東戸塚","original_name":"東戸塚","name_kana":"ひがしとつか","closed":false,"lat":35.430353,"lng":139.556794,"prefecture":14,"numbering":["JO11","JS11"],"lines":[11308,11333],"attr":"cool","postal_code":"244-0801","address":"横浜市戸塚区品濃町","voronoi":{"type":"Feature","geometry":{"type":"Polygon","coordinates":[[[139.552112,35.452518],[139.560628,35.453892],[139.571944,35.446836],[139.576707,35.442539],[139.578169,35.438715],[139.578282,35.437319],[139.575998,35.422053],[139.567534,35.4174],[139.555463,35.416269],[139.5406,35.419107],[139.536069,35.422517],[139.540714,35.440263],[139.546698,35.448482],[139.552112,35.452518]]]},"properties":{}},"extra":false},
    {"code":1130106,"id":"952a01","name":"戸塚","original_name":"戸塚","name_kana":"とつか","closed":false,"lat":35.400432,"lng":139.534282,"prefecture":14,"numbering":["JO10","JS10"],"lines":[11301,11308,11328,11333,99316],"attr":"cool","postal_code":"244-0003","address":"横浜市戸塚区戸塚町","voronoi":{"type":"Feature","geometry":{"type":"Polygon","coordinates":[[[139.528086,35.377259],[139.517637,35.377961],[139.532309,35.42132],[139.536069,35.422517],[139.5406,35.419107],[139.544995,35.385504],[139.528086,35.377259]]]},"properties":{}},"extra":false},
    {"code":1130107,"id":"92c81d","name":"大船","original_name":"大船","name_kana":"おおふな","closed":false,"lat":35.353466,"lng":139.531127,"prefecture":14,"numbering":["JO09","JS09"],"lines":[11301,11307,11308,11328,11333,99326],"attr":"cool","postal_code":"247-0056","address":"鎌倉市大船１丁目","voronoi":{"type":"Feature","geometry":{"type":"Polygon","coordinates":[[[139.517637,35.377961],[139.528086,35.377259],[139.546679,35.352692],[139.540222,35.347133],[139.512366,35.353513],[139.505539,35.357207],[139.503165,35.364343],[139.504855,35.374777],[139.517637,35.377961]]]},"properties":{}},"extra":false},
    {"code":1130811,"id":"602c73","name":"北鎌倉","original_name":"北鎌倉","name_kana":"きたかまくら","closed":false,"lat":35.337198,"lng":139.545134,"prefecture":14,"numbering":["JO08","JS08"],"lines":[11308],"attr":"cool","postal_code":"247-0062","address":"鎌倉市山ノ内","voronoi":{"type":"Feature","geometry":{"type":"Polygon","coordinates":[[[139.533594,35.326671],[139.534673,35.326298],[139.539449,35.325599],[139.578906,35.336948],[139.580351,35.33918],[139.580519,35.33995],[139.569531,35.348949],[139.546679,35.352692],[139.540222,35.347133],[139.533822,35.334743],[139.533594,35.326671]]]},"properties":{}},"extra":false},
    {"code":1130812,"id":"7e2761","name":"鎌倉","original_name":"鎌倉","name_kana":"かまくら","closed":false,"lat":35.318793,"lng":139.550428,"prefecture":14,"numbering":["JO07","JS07"],"lines":[11308,99320],"attr":"eco","postal_code":"248-0006","address":"鎌倉市小町１丁目","voronoi":{"type":"Feature","geometry":{"type":"Polygon","coordinates":[[[139.574145,35.320833],[139.578906,35.336948],[139.539449,35.325599],[139.541289,35.322853],[139.560762,35.303408],[139.574145,35.320833]]]},"properties":{}},"extra":false},
    {"code":1130813,"id":"206a18","name":"逗子","original_name":"逗子","name_kana":"ずし","closed":false,"lat":35.297392,"lng":139.578292,"prefecture":14,"numbering":["JO06","JS06"],"lines":[11308],"attr":"eco","postal_code":"249-0006","address":"逗子市逗子１丁目","voronoi":{"type":"Feature","geometry":{"type":"Polygon","coordinates":[[[139.586471,35.300402],[139.547696,35.275379],[139.548743,35.278558],[139.550448,35.282608],[139.560762,35.303408],[139.574145,35.320833],[139.586471,35.300402]]]},"properties":{}},"extra":false},
    {"code":1130814,"id":"12398b","name":"東逗子","original_name":"東逗子","name_kana":"ひがしずし","closed":false,"lat":35.298781,"lng":139.601768,"prefecture":14,"numbering":["JO05"],"lines":[11308],"attr":"eco","postal_code":"249-0004","address":"逗子市沼間１丁目","voronoi":{"type":"Feature","geometry":{"type":"Polygon","coordinates":[[[139.612787,35.307884],[139.612433,35.308374],[139.604909,35.311446],[139.591308,35.295346],[139.603574,35.238158],[139.608193,35.244742],[139.615074,35.268067],[139.615917,35.27306],[139.612787,35.307884]]]},"properties":{}},"extra":false},
    {"code":1130815,"id":"538ab5","name":"田浦","original_name":"田浦","name_kana":"たうら","closed":false,"lat":35.29271,"lng":139.637726,"prefecture":14,"numbering":["JO04"],"lines":[11308],"attr":"eco","postal_code":"237-0075","address":"横須賀市田浦町１丁目","voronoi":{"type":"Feature","geometry":{"type":"Polygon","coordinates":[[[139.639171,35.308512],[139.648847,35.313965],[139.656681,35.315249],[139.659362,35.314598],[139.652351,35.29997],[139.615074,35.268067],[139.615917,35.27306],[139.639171,35.308512]]]},"properties":{}},"extra":false},
    {"code":1130816,"id":"9f2f98","name":"横須賀","original_name":"横須賀","name_kana":"よこすか","closed":false,"lat":35.284022,"lng":139.655855,"prefecture":14,"numbering":["JO03"],"lines":[11308],"attr":"heat","postal_code":"238-0045","address":"横須賀市東逸見町１丁目","voronoi":{"type":"Feature","geometry":{"type":"Polygon","coordinates":[[[139.652351,35.29997],[139.649532,35.286048],[139.65778,35.279747],[139.671515,35.303678],[139.676262,35.316205],[139.659362,35.314598],[139.652351,35.29997]]]},"properties":{}},"extra":false},
    {"code":1130817,"id":"22da7f","name":"衣笠","original_name":"衣笠","name_kana":"きぬがさ","closed":false,"lat":35.257091,"lng":139.661193,"prefecture":14,"numbering":["JO02"],"lines":[11308],"attr":"heat","postal_code":"238-0031","address":"横須賀市衣笠栄町２丁目","voronoi":{"type":"Feature","geometry":{"type":"Polygon","coordinates":[[[139.608193,35.244742],[139.634423,35.260962],[139.657501,35.268899],[139.664009,35.268548],[139.665521,35.267913],[139.674743,35.256356],[139.667088,35.231444],[139.666059,35.230897],[139.649646,35.226809],[139.631707,35.225559],[139.619758,35.226954],[139.601396,35.233412],[139.603574,35.238158],[139.608193,35.244742]]]},"properties":{}},"extra":false},
    {"code":1130818,"id":"0b5424","name":"久里浜","original_name":"久里浜","name_kana":"くりはま","closed":false,"lat":35.233107,"lng":139.700862,"prefecture":14,"numbering":["JO01"],"lines":[11308],"attr":"heat","postal_code":"239-0831","address":"横須賀市久里浜１丁目","voronoi":{"type":"Feature","geometry":{"type":"Polygon","coordinates":[[[139.700444,35.247268],[139.701698,35.246963],[139.711352,35.239307],[139.690654,35.224416],[139.682056,35.23092],[139.700321,35.247214],[139.700444,35.247268]]]},"properties":{}},"extra":false}
  ],
  "extra":false
}