{
  "code":11305,
  "id":"dc7c53",
  "name":"JR武蔵野線",
  "name_kana":"じぇいあーるむさしのせん",
  "station_size":27,
  "company_code":2,
  "closed":false,
  "color":"#F15A22",
  "symbol":"JM",
  "station_list":[
    {"code":1130320,"id":"6f9765","name":"府中本町","original_name":"府中本町","name_kana":"ふちゅうほんまち","closed":false,"lat":35.665766,"lng":139.477142,"prefecture":13,"numbering":["JM35"],"lines":[11303,11305],"attr":"heat","postal_code":"183-0027","address":"府中市本町１丁目","voronoi":{"type":"Feature","geometry":{"type":"Polygon","coordinates":[[[139.474186,35.670851],[139.472267,35.66498],[139.481832,35.664679],[139.480751,35.668056],[139.474186,35.670851]]]},"properties":{}},"extra":false},
    {"code":1130502,"id":"72ed15","name":"北府中","original_name":"北府中","name_kana":"きたふちゅう","closed":false,"lat":35.68088,"lng":139.471792,"prefecture":13,"numbering":["JM34"],"lines":[11305,11312],"attr":"heat","postal_code":"183-0057","address":"府中市晴見町２丁目","voronoi":{"type":"Feature","geometry":{"type":"Polygon","coordinates":[[[139.459306,35.683548],[139.464502,35.676087],[139.473121,35.674004],[139.485894,35.685998],[139.473626,35.691767],[139.459382,35.687389],[139.459306,35.683548]]]},"properties":{}},"extra":false},
    {"code":1130503,"id":"ecef28","name":"西国分寺","original_name":"西国分寺","name_kana":"にしこくぶんじ","closed":false,"lat":35.699744,"lng":139.465994,"prefecture":13,"numbering":["JM33"],"lines":[11305,11312],"attr":"heat","postal_code":"185-0013","address":"国分寺市西恋ケ窪２丁目","voronoi":{"type":"Feature","geometry":{"type":"Polygon","coordinates":[[[139.459382,35.687389],[139.473626,35.691767],[139.473375,35.701612],[139.470195,35.706485],[139.456049,35.703994],[139.456402,35.690516],[139.459382,35.687389]]]},"properties":{}},"extra":false},
    {"code":1130504,"id":"f98d33","name":"新小平","original_name":"新小平","name_kana":"しんこだいら","closed":false,"lat":35.73128,"lng":139.470745,"prefecture":13,"numbering":["JM32"],"lines":[11305],"attr":"heat","postal_code":"187-0032","address":"小平市小川町２丁目","voronoi":{"type":"Feature","geometry":{"type":"Polygon","coordinates":[[[139.473932,35.735949],[139.473356,35.724648],[139.470556,35.721791],[139.463416,35.730159],[139.47042,35.738231],[139.473932,35.735949]]]},"properties":{}},"extra":false},
    {"code":1130505,"id":"17bab4","name":"新秋津","original_name":"新秋津","name_kana":"しんあきつ","closed":false,"lat":35.778331,"lng":139.493592,"prefecture":13,"numbering":["JM31"],"lines":[11305],"attr":"heat","postal_code":"189-0001","address":"東村山市秋津町５丁目","voronoi":{"type":"Feature","geometry":{"type":"Polygon","coordinates":[[[139.493015,35.79983],[139.497138,35.756895],[139.491934,35.757537],[139.483208,35.763891],[139.478671,35.770783],[139.491389,35.801855],[139.493015,35.79983]]]},"properties":{}},"extra":false},
    {"code":1130506,"id":"87a22f","name":"東所沢","original_name":"東所沢","name_kana":"ひがしところざわ","closed":false,"lat":35.79461,"lng":139.513878,"prefecture":11,"numbering":["JM30"],"lines":[11305],"attr":"heat","postal_code":"359-0022","address":"所沢市本郷１丁目","voronoi":{"type":"Feature","geometry":{"type":"Polygon","coordinates":[[[139.508723,35.829098],[139.492417,35.831443],[139.49051,35.806323],[139.491389,35.801855],[139.493015,35.79983],[139.509899,35.781528],[139.537332,35.788927],[139.531158,35.817412],[139.529669,35.818671],[139.508723,35.829098]]]},"properties":{}},"extra":false},
    {"code":1130507,"id":"2cd2eb","name":"新座","original_name":"新座","name_kana":"にいざ","closed":false,"lat":35.80381,"lng":139.556328,"prefecture":11,"numbering":["JM29"],"lines":[11305],"attr":"heat","postal_code":"352-0011","address":"新座市野火止５丁目","voronoi":{"type":"Feature","geometry":{"type":"Polygon","coordinates":[[[139.574847,35.778648],[139.560658,35.775732],[139.555222,35.77682],[139.541744,35.783841],[139.537332,35.788927],[139.531158,35.817412],[139.546745,35.819924],[139.562354,35.816593],[139.572954,35.805562],[139.577181,35.79316],[139.574847,35.778648]]]},"properties":{}},"extra":false},
    {"code":1130508,"id":"e5f6ae","name":"北朝霞","original_name":"北朝霞","name_kana":"きたあさか","closed":false,"lat":35.815475,"lng":139.587322,"prefecture":11,"numbering":["JM28"],"lines":[11305],"attr":"heat","postal_code":"351-0033","address":"朝霞市浜崎１丁目","voronoi":{"type":"Feature","geometry":{"type":"Polygon","coordinates":[[[139.614269,35.82029],[139.603745,35.812989],[139.579675,35.81578],[139.596253,35.845673],[139.614269,35.82029]]]},"properties":{}},"extra":false},
    {"code":1130509,"id":"71ae8c","name":"西浦和","original_name":"西浦和","name_kana":"にしうらわ","closed":false,"lat":35.844139,"lng":139.627707,"prefecture":11,"numbering":["JM27"],"lines":[11305],"attr":"heat","postal_code":"338-0837","address":"さいたま市桜区田島５丁目","voronoi":{"type":"Feature","geometry":{"type":"Polygon","coordinates":[[[139.62528,35.856402],[139.637993,35.843473],[139.639625,35.826138],[139.635119,35.817392],[139.626774,35.814483],[139.622101,35.815766],[139.614269,35.82029],[139.596253,35.845673],[139.590327,35.859751],[139.590087,35.860923],[139.593372,35.861068],[139.62528,35.856402]]]},"properties":{}},"extra":false},
    {"code":1130510,"id":"1d1073","name":"武蔵浦和","original_name":"武蔵浦和","name_kana":"むさしうらわ","closed":false,"lat":35.846047,"lng":139.647974,"prefecture":11,"numbering":["JM26"],"lines":[11305,11321],"attr":"heat","postal_code":"336-0021","address":"さいたま市南区別所七丁目12-1","open_date":"1985-09-30","voronoi":{"type":"Feature","geometry":{"type":"Polygon","coordinates":[[[139.639625,35.826138],[139.637993,35.843473],[139.64731,35.85611],[139.658468,35.847923],[139.6591,35.839579],[139.639625,35.826138]]]},"properties":{}},"extra":false},
    {"code":1130511,"id":"3d56d8","name":"南浦和","original_name":"南浦和","name_kana":"みなみうらわ","closed":false,"lat":35.847648,"lng":139.669125,"prefecture":11,"numbering":["JM25"],"lines":[11305,11332],"attr":"heat","postal_code":"336-0017","address":"さいたま市南区南浦和２丁目","voronoi":{"type":"Feature","geometry":{"type":"Polygon","coordinates":[[[139.690076,35.848949],[139.679678,35.871416],[139.658468,35.847923],[139.6591,35.839579],[139.675562,35.833297],[139.690076,35.848949]]]},"properties":{}},"extra":false},
    {"code":1130512,"id":"752f9d","name":"東浦和","original_name":"東浦和","name_kana":"ひがしうらわ","closed":false,"lat":35.864079,"lng":139.704627,"prefecture":11,"numbering":["JM24"],"lines":[11305],"attr":"heat","postal_code":"336-0922","address":"さいたま市緑区大牧","voronoi":{"type":"Feature","geometry":{"type":"Polygon","coordinates":[[[139.677854,35.88694],[139.679225,35.897032],[139.687417,35.90141],[139.723325,35.873309],[139.726561,35.861874],[139.713151,35.840727],[139.712482,35.840097],[139.690076,35.848949],[139.679678,35.871416],[139.677854,35.88694]]]},"properties":{}},"extra":false},
    {"code":1130513,"id":"720266","name":"東川口","original_name":"東川口","name_kana":"ひがしかわぐち","closed":false,"lat":35.875246,"lng":139.744087,"prefecture":11,"numbering":["JM23"],"lines":[11305,99307],"attr":"eco","postal_code":"333-0811","address":"川口市戸塚１丁目","voronoi":{"type":"Feature","geometry":{"type":"Polygon","coordinates":[[[139.753541,35.900026],[139.723325,35.873309],[139.726561,35.861874],[139.736727,35.859928],[139.766343,35.877296],[139.763757,35.886166],[139.753541,35.900026]]]},"properties":{}},"extra":false},
    {"code":1130514,"id":"07b1b6","name":"南越谷","original_name":"南越谷","name_kana":"みなみこしがや","closed":false,"lat":35.876106,"lng":139.790499,"prefecture":11,"numbering":["JM22"],"lines":[11305],"attr":"cool","postal_code":"343-0845","address":"越谷市南越谷１丁目","voronoi":{"type":"Feature","geometry":{"type":"Polygon","coordinates":[[[139.783478,35.879987],[139.806272,35.88854],[139.806306,35.87343],[139.795735,35.872074],[139.783478,35.879987]]]},"properties":{}},"extra":false},
    {"code":1130525,"id":"ecd599","name":"越谷レイクタウン","original_name":"越谷レイクタウン","name_kana":"こしがやれいくたうん","closed":false,"lat":35.876177,"lng":139.822101,"prefecture":11,"numbering":["JM21"],"lines":[11305],"attr":"cool","postal_code":"343-0825","address":"越谷市大成町５丁目","voronoi":{"type":"Feature","geometry":{"type":"Polygon","coordinates":[[[139.815352,35.857144],[139.808912,35.864931],[139.806306,35.87343],[139.806272,35.88854],[139.812223,35.907352],[139.817914,35.91673],[139.825395,35.923596],[139.831716,35.919946],[139.833283,35.845419],[139.815352,35.857144]]]},"properties":{}},"extra":false},
    {"code":1130515,"id":"ad49bb","name":"吉川","original_name":"吉川","name_kana":"よしかわ","closed":false,"lat":35.87662,"lng":139.843162,"prefecture":11,"numbering":["JM20"],"lines":[11305],"attr":"eco","postal_code":"342-0045","address":"吉川市木売１-６-１","voronoi":{"type":"Feature","geometry":{"type":"Polygon","coordinates":[[[139.836554,35.918522],[139.831716,35.919946],[139.833283,35.845419],[139.834677,35.843637],[139.868159,35.903195],[139.863104,35.907603],[139.836554,35.918522]]]},"properties":{}},"extra":false},
    {"code":1130526,"id":"0b85e5","name":"吉川美南","original_name":"吉川美南","name_kana":"よしかわみなみ","closed":false,"lat":35.868028,"lng":139.858446,"prefecture":11,"numbering":["JM19"],"lines":[11305],"attr":"eco","postal_code":"342-0000","address":"埼玉県吉川市","open_date":"2012-03-17","voronoi":{"type":"Feature","geometry":{"type":"Polygon","coordinates":[[[139.835746,35.841537],[139.835323,35.842126],[139.834677,35.843637],[139.868159,35.903195],[139.873012,35.900703],[139.876052,35.897581],[139.882888,35.885454],[139.843639,35.839774],[139.835746,35.841537]]]},"properties":{}},"extra":false},
    {"code":1130516,"id":"e117df","name":"新三郷","original_name":"新三郷","name_kana":"しんみさと","closed":false,"lat":35.858667,"lng":139.869341,"prefecture":11,"numbering":["JM18"],"lines":[11305],"attr":"eco","postal_code":"341-0012","address":"三郷市半田","voronoi":{"type":"Feature","geometry":{"type":"Polygon","coordinates":[[[139.843639,35.839774],[139.851913,35.83581],[139.868468,35.840174],[139.885977,35.861958],[139.887626,35.880418],[139.882888,35.885454],[139.843639,35.839774]]]},"properties":{}},"extra":false},
    {"code":1130517,"id":"0d27aa","name":"三郷(埼玉)","original_name":"三郷","name_kana":"みさと","closed":false,"lat":35.845004,"lng":139.886341,"prefecture":11,"numbering":["JM17"],"lines":[11305],"attr":"eco","postal_code":"341-0024","address":"三郷市三郷","voronoi":{"type":"Feature","geometry":{"type":"Polygon","coordinates":[[[139.890805,35.855041],[139.895784,35.843232],[139.891061,35.831356],[139.868468,35.840174],[139.885977,35.861958],[139.890805,35.855041]]]},"properties":{}},"extra":false},
    {"code":1130518,"id":"c50197","name":"南流山","original_name":"南流山","name_kana":"みなみながれやま","closed":false,"lat":35.838035,"lng":139.903865,"prefecture":12,"numbering":["JM16"],"lines":[11305,99309],"attr":"cool","postal_code":"270-0161","address":"流山市大字鰭ケ崎","voronoi":{"type":"Feature","geometry":{"type":"Polygon","coordinates":[[[139.909019,35.828297],[139.904303,35.821655],[139.897925,35.818402],[139.891061,35.831356],[139.895784,35.843232],[139.905201,35.8452],[139.909848,35.833626],[139.909019,35.828297]]]},"properties":{}},"extra":false},
    {"code":1130519,"id":"f14c6b","name":"新松戸","original_name":"新松戸","name_kana":"しんまつど","closed":false,"lat":35.825467,"lng":139.921076,"prefecture":12,"numbering":["JM15"],"lines":[11305,11320],"attr":"cool","postal_code":"270-0017","address":"松戸市幸谷","voronoi":{"type":"Feature","geometry":{"type":"Polygon","coordinates":[[[139.914295,35.819914],[139.935195,35.814196],[139.936639,35.816041],[139.925202,35.830719],[139.914295,35.819914]]]},"properties":{}},"extra":false},
    {"code":1130520,"id":"0f5586","name":"新八柱","original_name":"新八柱","name_kana":"しんやはしら","closed":false,"lat":35.792013,"lng":139.938393,"prefecture":12,"numbering":["JM14"],"lines":[11305],"attr":"cool","postal_code":"270-2253","address":"松戸市日暮","voronoi":{"type":"Feature","geometry":{"type":"Polygon","coordinates":[[[139.930245,35.804416],[139.943719,35.781974],[139.947391,35.78291],[139.952614,35.788984],[139.933552,35.807962],[139.930245,35.804416]]]},"properties":{}},"extra":false},
    {"code":1130521,"id":"9f5c62","name":"東松戸","original_name":"東松戸","name_kana":"ひがしまつど","closed":false,"lat":35.770611,"lng":139.943848,"prefecture":12,"numbering":["JM13"],"lines":[11305,23006,99340],"attr":"eco","postal_code":"270-2221","address":"千葉県松戸市紙敷","open_date":"1991-03-31","voronoi":{"type":"Feature","geometry":{"type":"Polygon","coordinates":[[[139.933424,35.777497],[139.9362,35.779628],[139.943719,35.781974],[139.947391,35.78291],[139.953261,35.765804],[139.940639,35.759668],[139.933424,35.777497]]]},"properties":{}},"extra":false},
    {"code":1130522,"id":"72a126","name":"市川大野","original_name":"市川大野","name_kana":"いちかわおおの","closed":false,"lat":35.755432,"lng":139.951227,"prefecture":12,"numbering":["JM12"],"lines":[11305],"attr":"eco","postal_code":"272-0805","address":"市川市大野町３丁目","voronoi":{"type":"Feature","geometry":{"type":"Polygon","coordinates":[[[139.973222,35.752974],[139.965421,35.761833],[139.953261,35.765804],[139.940639,35.759668],[139.933253,35.74432],[139.940242,35.739221],[139.948236,35.736241],[139.97271,35.75146],[139.973222,35.752974]]]},"properties":{}},"extra":false},
    {"code":1130523,"id":"97c9bf","name":"船橋法典","original_name":"船橋法典","name_kana":"ふなばしほうてん","closed":false,"lat":35.730435,"lng":139.966771,"prefecture":12,"numbering":["JM11"],"lines":[11305],"attr":"eco","postal_code":"273-0047","address":"船橋市藤原１丁目","voronoi":{"type":"Feature","geometry":{"type":"Polygon","coordinates":[[[139.948236,35.736241],[139.948573,35.735329],[139.952475,35.728776],[139.959901,35.722257],[139.969523,35.718211],[139.971234,35.719354],[139.979657,35.735617],[139.97271,35.75146],[139.948236,35.736241]]]},"properties":{}},"extra":false},
    {"code":1130524,"id":"c67257","name":"西船橋","original_name":"西船橋","name_kana":"にしふなばし","closed":false,"lat":35.707283,"lng":139.959536,"prefecture":12,"numbering":["JM10"],"lines":[11305,11313,28004,99338],"attr":"eco","postal_code":"273-0031","address":"船橋市西船４丁目","voronoi":{"type":"Feature","geometry":{"type":"Polygon","coordinates":[[[139.964886,35.699274],[139.966158,35.710533],[139.953816,35.708621],[139.95073,35.705643],[139.952098,35.699283],[139.964886,35.699274]]]},"properties":{}},"extra":false},
    {"code":1132611,"id":"53d30e","name":"南船橋","original_name":"南船橋","name_kana":"みなみふなばし","closed":false,"lat":35.681804,"lng":139.995773,"prefecture":12,"numbering":["JE11"],"lines":[11305,11326],"attr":"cool","postal_code":"273-0013","address":"船橋市若松２丁目","voronoi":{"type":"Feature","geometry":{"type":"Polygon","coordinates":[[[139.96856,35.632433],[139.966302,35.643103],[139.97639,35.681719],[139.991684,35.687188],[140.001463,35.6844],[140.004313,35.67459],[139.96856,35.632433]]]},"properties":{}},"extra":false}
  ],
  "extra":false
}