{
  "code":11312,
  "id":"58158b",
  "name":"JR中央線(快速)",
  "name_kana":"じぇいあーるちゅうおうせん",
  "station_size":27,
  "company_code":2,
  "closed":false,
  "color":"#F15A22",
  "symbol":"JC",
  "station_list":[
    {"code":100201,"id":"8b222f","name":"東京","original_name":"東京","name_kana":"とうきょう","closed":false,"lat":35.681391,"lng":139.766103,"prefecture":13,"numbering":["JC01"],"lines":[1002,1004,1005,11301,11302,11308,11311,11312,11314,11326,11328,11332,11343,28002],"attr":"heat","postal_code":"100-0005","address":"東京都千代田区丸の内一丁目","open_date":"1914-12-20","voronoi":{"type":"Feature","geometry":{"type":"Polygon","coordinates":[[[139.766725,35.677891],[139.769904,35.680711],[139.769607,35.683917],[139.763811,35.684018],[139.76422,35.678699],[139.766421,35.67785],[139.766725,35.677891]]]},"properties":{}},"extra":false},
    {"code":1130223,"id":"d0d7ec","name":"神田(東京)","original_name":"神田","name_kana":"かんだ","closed":false,"lat":35.691173,"lng":139.770641,"prefecture":13,"numbering":["JC02"],"lines":[11302,11312,11332,28001],"attr":"heat","postal_code":"101-0044","address":"東京都千代田区鍛冶町二丁目13-1","open_date":"1919-03-01","voronoi":{"type":"Feature","geometry":{"type":"Polygon","coordinates":[[[139.771453,35.695079],[139.766381,35.690832],[139.769846,35.68749],[139.771705,35.688838],[139.773919,35.692557],[139.771966,35.694896],[139.771453,35.695079]]]},"properties":{}},"extra":false},
    {"code":1131203,"id":"9d1a6e","name":"御茶ノ水","original_name":"御茶ノ水","name_kana":"おちゃのみず","closed":false,"lat":35.699605,"lng":139.764955,"prefecture":13,"numbering":["JC03"],"lines":[11312,11313,28002],"attr":"heat","postal_code":"101-0062","address":"千代田区神田駿河台２丁目","voronoi":{"type":"Feature","geometry":{"type":"Polygon","coordinates":[[[139.767151,35.69999],[139.767925,35.70211],[139.766855,35.704258],[139.765275,35.705165],[139.75972,35.701202],[139.759679,35.70102],[139.761963,35.696406],[139.767151,35.69999]]]},"properties":{}},"extra":false},
    {"code":1131102,"id":"90f3a3","name":"四ツ谷(四ッ谷)","original_name":"四ツ谷(四ッ谷)","name_kana":"よつや","closed":false,"lat":35.686041,"lng":139.730644,"prefecture":13,"numbering":["JC04"],"lines":[11311,11312,11313,28002,28009],"attr":"heat","postal_code":"160-0004","address":"東京都新宿区四谷一丁目","voronoi":{"type":"Feature","geometry":{"type":"Polygon","coordinates":[[[139.729092,35.692064],[139.7347,35.686979],[139.732916,35.680871],[139.729443,35.678406],[139.728094,35.679065],[139.724891,35.684348],[139.725497,35.687677],[139.729092,35.692064]]]},"properties":{}},"extra":false},
    {"code":1130208,"id":"3ff383","name":"新宿","original_name":"新宿","name_kana":"しんじゅく","closed":false,"lat":35.689729,"lng":139.700464,"prefecture":13,"numbering":["JC05"],"lines":[11302,11311,11312,11313,11321,11328,11333,24001,25001,28002,99301,99304],"attr":"heat","postal_code":"160-0022","address":"東京都新宿区新宿三丁目38-1","open_date":"1885-03-01","voronoi":{"type":"Feature","geometry":{"type":"Polygon","coordinates":[[[139.696248,35.687559],[139.700731,35.686272],[139.703526,35.686933],[139.702152,35.692377],[139.696536,35.690327],[139.696248,35.687559]]]},"properties":{}},"extra":false},
    {"code":1131214,"id":"558810","name":"中野(東京)","original_name":"中野","name_kana":"なかの","closed":false,"lat":35.705765,"lng":139.665835,"prefecture":13,"numbering":["JC06"],"lines":[11312,11313,28004],"attr":"heat","postal_code":"164-0001","address":"中野区中野５丁目","voronoi":{"type":"Feature","geometry":{"type":"Polygon","coordinates":[[[139.663494,35.700107],[139.65774,35.705898],[139.657598,35.711122],[139.658144,35.711637],[139.666186,35.712808],[139.675109,35.706796],[139.675198,35.704627],[139.663494,35.700107]]]},"properties":{}},"extra":false},
    {"code":1131215,"id":"43f6f8","name":"高円寺","original_name":"高円寺","name_kana":"こうえんじ","closed":false,"lat":35.705326,"lng":139.649664,"prefecture":13,"numbering":["JC07"],"lines":[11312,11313],"attr":"cool","postal_code":"166-0003","address":"杉並区高円寺南４丁目","voronoi":{"type":"Feature","geometry":{"type":"Polygon","coordinates":[[[139.652999,35.700757],[139.642844,35.702965],[139.642494,35.712468],[139.646283,35.713545],[139.657598,35.711122],[139.65774,35.705898],[139.652999,35.700757]]]},"properties":{}},"extra":false},
    {"code":1131216,"id":"1f5d00","name":"阿佐ケ谷","original_name":"阿佐ケ谷","name_kana":"あさがや","closed":false,"lat":35.704818,"lng":139.635868,"prefecture":13,"numbering":["JC08"],"lines":[11312,11313],"attr":"cool","postal_code":"166-0004","address":"東京都杉並区阿佐谷南三丁目36-3","voronoi":{"type":"Feature","geometry":{"type":"Polygon","coordinates":[[[139.642351,35.702085],[139.642844,35.702965],[139.642494,35.712468],[139.641414,35.713022],[139.631065,35.714797],[139.627834,35.7129],[139.628031,35.702383],[139.642351,35.702085]]]},"properties":{}},"extra":false},
    {"code":1131217,"id":"edf377","name":"荻窪","original_name":"荻窪","name_kana":"おぎくぼ","closed":false,"lat":35.704523,"lng":139.620109,"prefecture":13,"numbering":["JC09"],"lines":[11312,11313,28002],"attr":"heat","postal_code":"167-0043","address":"杉並区上荻１丁目","voronoi":{"type":"Feature","geometry":{"type":"Polygon","coordinates":[[[139.613196,35.694925],[139.622686,35.692697],[139.62526,35.69353],[139.628031,35.702383],[139.627834,35.7129],[139.619164,35.714954],[139.609457,35.712641],[139.609969,35.697059],[139.613196,35.694925]]]},"properties":{}},"extra":false},
    {"code":1131218,"id":"c57fc6","name":"西荻窪","original_name":"西荻窪","name_kana":"にしおぎくぼ","closed":false,"lat":35.703842,"lng":139.599361,"prefecture":13,"numbering":["JC10"],"lines":[11312,11313],"attr":"cool","postal_code":"167-0053","address":"杉並区西荻南３丁目","voronoi":{"type":"Feature","geometry":{"type":"Polygon","coordinates":[[[139.609457,35.712641],[139.608521,35.713357],[139.596757,35.715315],[139.589215,35.71292],[139.589512,35.704859],[139.591231,35.700588],[139.59659,35.696016],[139.607145,35.695915],[139.609969,35.697059],[139.609457,35.712641]]]},"properties":{}},"extra":false},
    {"code":1131104,"id":"b93403","name":"吉祥寺","original_name":"吉祥寺","name_kana":"きちじょうじ","closed":false,"lat":35.703119,"lng":139.579765,"prefecture":13,"numbering":["JC11"],"lines":[11311,11312,11313,24006],"attr":"heat","postal_code":"180-0003","address":"東京都武蔵野市吉祥寺南町","voronoi":{"type":"Feature","geometry":{"type":"Polygon","coordinates":[[[139.569913,35.708784],[139.57025,35.693771],[139.589512,35.704859],[139.589215,35.71292],[139.583379,35.716083],[139.574065,35.714809],[139.569913,35.708784]]]},"properties":{}},"extra":false},
    {"code":1131105,"id":"62c5d8","name":"三鷹","original_name":"三鷹","name_kana":"みたか","closed":false,"lat":35.702683,"lng":139.560325,"prefecture":13,"numbering":["JC12"],"lines":[11311,11312,11313],"attr":"cool","postal_code":"181-0013","address":"東京都三鷹市下連雀三丁目46-1","open_date":"1930-06-25","voronoi":{"type":"Feature","geometry":{"type":"Polygon","coordinates":[[[139.560667,35.677982],[139.567018,35.68008],[139.57025,35.693771],[139.569913,35.708784],[139.551598,35.709867],[139.552755,35.677238],[139.553359,35.677043],[139.560667,35.677982]]]},"properties":{}},"extra":false},
    {"code":1131227,"id":"064368","name":"武蔵野競技場前","original_name":"武蔵野競技場前","name_kana":"むさしのきょうぎじょうまえ","closed":true,"lat":35.715972,"lng":139.561111,"prefecture":13,"lines":[11312],"postal_code":"180-0012","address":"東京都武蔵野市緑町２丁目４","open_date":"1951-04-14","closed_date":"1959-11-01","voronoi":{"type":"Feature","geometry":{"type":"Polygon","coordinates":[[[139.56933,35.721041],[139.558073,35.723169],[139.54709,35.715673],[139.547072,35.715638],[139.551598,35.709867],[139.569913,35.708784],[139.574065,35.714809],[139.56933,35.721041]]]},"properties":{}},"extra":true},
    {"code":1131221,"id":"740f90","name":"武蔵境","original_name":"武蔵境","name_kana":"むさしさかい","closed":false,"lat":35.702083,"lng":139.543402,"prefecture":13,"numbering":["JC13"],"lines":[11312,22012],"attr":"cool","postal_code":"180-0022","address":"武蔵野市境１丁目","voronoi":{"type":"Feature","geometry":{"type":"Polygon","coordinates":[[[139.552755,35.677238],[139.551598,35.709867],[139.547072,35.715638],[139.533845,35.713465],[139.534131,35.701366],[139.542811,35.677752],[139.544817,35.677145],[139.552755,35.677238]]]},"properties":{}},"extra":false},
    {"code":1131222,"id":"6ddba7","name":"東小金井","original_name":"東小金井","name_kana":"ひがしこがねい","closed":false,"lat":35.701643,"lng":139.524837,"prefecture":13,"numbering":["JC14"],"lines":[11312],"attr":"cool","postal_code":"184-0002","address":"小金井市梶野町５丁目","voronoi":{"type":"Feature","geometry":{"type":"Polygon","coordinates":[[[139.534131,35.701366],[139.515756,35.695707],[139.515481,35.712202],[139.526661,35.717503],[139.533845,35.713465],[139.534131,35.701366]]]},"properties":{}},"extra":false},
    {"code":1131223,"id":"416a65","name":"武蔵小金井","original_name":"武蔵小金井","name_kana":"むさしこがねい","closed":false,"lat":35.701337,"lng":139.506483,"prefecture":13,"numbering":["JC15"],"lines":[11312],"attr":"cool","postal_code":"184-0004","address":"小金井市本町６丁目","voronoi":{"type":"Feature","geometry":{"type":"Polygon","coordinates":[[[139.49327,35.709007],[139.494297,35.687317],[139.501797,35.684732],[139.514255,35.690142],[139.515756,35.695707],[139.515481,35.712202],[139.497474,35.717101],[139.494117,35.71284],[139.49327,35.709007]]]},"properties":{}},"extra":false},
    {"code":1131106,"id":"936e1a","name":"国分寺","original_name":"国分寺","name_kana":"こくぶんじ","closed":false,"lat":35.700123,"lng":139.480841,"prefecture":13,"numbering":["JC16"],"lines":[11311,11312,22010,22011],"attr":"cool","postal_code":"185-0012","address":"東京都国分寺市本町二丁目1-23","voronoi":{"type":"Feature","geometry":{"type":"Polygon","coordinates":[[[139.49327,35.709007],[139.473375,35.701612],[139.473626,35.691767],[139.485894,35.685998],[139.491049,35.685824],[139.494297,35.687317],[139.49327,35.709007]]]},"properties":{}},"extra":false},
    {"code":1130502,"id":"72ed15","name":"北府中","original_name":"北府中","name_kana":"きたふちゅう","closed":false,"lat":35.68088,"lng":139.471792,"prefecture":13,"lines":[11305,11312],"attr":"heat","postal_code":"183-0057","address":"府中市晴見町２丁目","voronoi":{"type":"Feature","geometry":{"type":"Polygon","coordinates":[[[139.459306,35.683548],[139.464502,35.676087],[139.473121,35.674004],[139.485894,35.685998],[139.473626,35.691767],[139.459382,35.687389],[139.459306,35.683548]]]},"properties":{}},"extra":false},
    {"code":1131228,"id":"b18c18","name":"東京競馬場前","original_name":"東京競馬場前","name_kana":"とうきょうけいばじょうまえ","closed":true,"lat":35.663889,"lng":139.477083,"prefecture":13,"lines":[11312],"postal_code":"183-0027","address":"東京都府中市本町２丁目３４-９府中ビレジ","open_date":"1934-04-02","closed_date":"1973-04-01","voronoi":{"type":"Feature","geometry":{"type":"Polygon","coordinates":[[[139.476546,35.650596],[139.47091,35.645708],[139.468233,35.65772],[139.472267,35.66498],[139.481832,35.664679],[139.483684,35.661339],[139.476546,35.650596]]]},"properties":{}},"extra":true},
    {"code":1130503,"id":"ecef28","name":"西国分寺","original_name":"西国分寺","name_kana":"にしこくぶんじ","closed":false,"lat":35.699744,"lng":139.465994,"prefecture":13,"numbering":["JC17"],"lines":[11305,11312],"attr":"heat","postal_code":"185-0013","address":"国分寺市西恋ケ窪２丁目","voronoi":{"type":"Feature","geometry":{"type":"Polygon","coordinates":[[[139.459382,35.687389],[139.473626,35.691767],[139.473375,35.701612],[139.470195,35.706485],[139.456049,35.703994],[139.456402,35.690516],[139.459382,35.687389]]]},"properties":{}},"extra":false},
    {"code":1131226,"id":"34c3aa","name":"国立","original_name":"国立","name_kana":"くにたち","closed":false,"lat":35.69923,"lng":139.44634,"prefecture":13,"numbering":["JC18"],"lines":[11312],"attr":"cool","postal_code":"186-0001","address":"国立市北１丁目","voronoi":{"type":"Feature","geometry":{"type":"Polygon","coordinates":[[[139.443848,35.717308],[139.437258,35.714937],[139.432994,35.709087],[139.432338,35.707861],[139.435217,35.696067],[139.440871,35.690182],[139.456402,35.690516],[139.456049,35.703994],[139.449112,35.714041],[139.443848,35.717308]]]},"properties":{}},"extra":false},
    {"code":1130325,"id":"5ce7d3","name":"立川","original_name":"立川","name_kana":"たちかわ","closed":false,"lat":35.698202,"lng":139.413704,"prefecture":13,"numbering":["JC19"],"lines":[11303,11311,11312,11315],"attr":"cool","postal_code":"190-0012","address":"東京都立川市曙町二丁目1-1","voronoi":{"type":"Feature","geometry":{"type":"Polygon","coordinates":[[[139.419325,35.704406],[139.411934,35.697788],[139.418115,35.69442],[139.422535,35.70453],[139.419325,35.704406]]]},"properties":{}},"extra":false},
    {"code":1131108,"id":"d16878","name":"日野(東京)","original_name":"日野","name_kana":"ひの","closed":false,"lat":35.679244,"lng":139.39393,"prefecture":13,"numbering":["JC20"],"lines":[11311,11312],"attr":"cool","postal_code":"191-0061","address":"日野市大坂上１丁目","voronoi":{"type":"Feature","geometry":{"type":"Polygon","coordinates":[[[139.396819,35.691432],[139.40189,35.683869],[139.400862,35.667896],[139.399526,35.666391],[139.391448,35.66702],[139.3792,35.674735],[139.383323,35.690741],[139.384781,35.691247],[139.396819,35.691432]]]},"properties":{}},"extra":false},
    {"code":1131109,"id":"75ef7e","name":"豊田","original_name":"豊田","name_kana":"とよだ","closed":false,"lat":35.659502,"lng":139.381495,"prefecture":13,"numbering":["JC21"],"lines":[11311,11312],"attr":"cool","postal_code":"191-0053","address":"日野市豊田４丁目","voronoi":{"type":"Feature","geometry":{"type":"Polygon","coordinates":[[[139.3792,35.674735],[139.391448,35.66702],[139.384812,35.652906],[139.369703,35.65486],[139.368119,35.656343],[139.37754,35.673914],[139.3792,35.674735]]]},"properties":{}},"extra":false},
    {"code":1130620,"id":"1f0587","name":"八王子","original_name":"八王子","name_kana":"はちおうじ","closed":false,"lat":35.655555,"lng":139.338998,"prefecture":13,"numbering":["JC22"],"lines":[11306,11311,11312,11317],"attr":"eco","postal_code":"192-0083","address":"東京都八王子市旭町1-1","voronoi":{"type":"Feature","geometry":{"type":"Polygon","coordinates":[[[139.325845,35.656727],[139.327165,35.689373],[139.328857,35.689258],[139.344357,35.648839],[139.329089,35.651512],[139.325845,35.656727]]]},"properties":{}},"extra":false},
    {"code":1131111,"id":"99acba","name":"西八王子","original_name":"西八王子","name_kana":"にしはちおうじ","closed":false,"lat":35.656621,"lng":139.31264,"prefecture":13,"numbering":["JC23"],"lines":[11311,11312],"attr":"eco","postal_code":"193-0835","address":"八王子市千人町２丁目","voronoi":{"type":"Feature","geometry":{"type":"Polygon","coordinates":[[[139.296176,35.691038],[139.292515,35.689708],[139.308523,35.650762],[139.314453,35.648851],[139.325845,35.656727],[139.327165,35.689373],[139.322886,35.691414],[139.296176,35.691038]]]},"properties":{}},"extra":false},
    {"code":1131112,"id":"873563","name":"高尾(東京)","original_name":"高尾","name_kana":"たかお","closed":false,"lat":35.642026,"lng":139.282288,"prefecture":13,"numbering":["JC24"],"lines":[11311,11312,24003],"attr":"eco","postal_code":"193-0844","address":"八王子市高尾町","voronoi":{"type":"Feature","geometry":{"type":"Polygon","coordinates":[[[139.249176,35.680619],[139.243629,35.679002],[139.286007,35.624401],[139.288361,35.643929],[139.249176,35.680619]]]},"properties":{}},"extra":false}
  ],
  "extra":false
}