{
  "code":11313,
  "id":62,
  "name":"JR中央・総武線",
  "name_kana":"じぇいあーるちゅうおう・そうぶせん",
  "name_formal":"JR中央・総武緩行線",
  "station_size":39,
  "company_code":2,
  "closed":false,
  "color":"#FFD400",
  "symbol":"JB",
  "station_list":[
    {"code":1131105,"id":1429,"name":"三鷹","original_name":"三鷹","name_kana":"みたか","closed":false,"lat":35.702683,"lng":139.560325,"prefecture":13,"numbering":["JB01"],"lines":[11311,11312,11313],"attr":"cool","postal_code":"181-0013","address":"東京都三鷹市下連雀三丁目46-1","open_date":"1930-06-25","voronoi":{"type":"Feature","geometry":{"type":"Polygon","coordinates":[[[139.560667,35.677982],[139.567018,35.68008],[139.57025,35.693771],[139.569913,35.708784],[139.551598,35.709867],[139.552755,35.677238],[139.553359,35.677043],[139.560667,35.677982]]]},"properties":{}},"extra":false},
    {"code":1131104,"id":1428,"name":"吉祥寺","original_name":"吉祥寺","name_kana":"きちじょうじ","closed":false,"lat":35.703119,"lng":139.579765,"prefecture":13,"numbering":["JB02"],"lines":[11311,11312,11313,24006],"attr":"heat","postal_code":"180-0003","address":"東京都武蔵野市吉祥寺南町","voronoi":{"type":"Feature","geometry":{"type":"Polygon","coordinates":[[[139.569913,35.708784],[139.57025,35.693771],[139.589512,35.704859],[139.589215,35.71292],[139.583379,35.716083],[139.574065,35.714809],[139.569913,35.708784]]]},"properties":{}},"extra":false},
    {"code":1131218,"id":1481,"name":"西荻窪","original_name":"西荻窪","name_kana":"にしおぎくぼ","closed":false,"lat":35.703842,"lng":139.599361,"prefecture":13,"numbering":["JB03"],"lines":[11312,11313],"attr":"cool","postal_code":"167-0053","address":"杉並区西荻南３丁目","voronoi":{"type":"Feature","geometry":{"type":"Polygon","coordinates":[[[139.609457,35.712641],[139.608521,35.713357],[139.596757,35.715315],[139.589215,35.71292],[139.589512,35.704859],[139.591231,35.700588],[139.59659,35.696016],[139.607145,35.695915],[139.609969,35.697059],[139.609457,35.712641]]]},"properties":{}},"extra":false},
    {"code":1131217,"id":1480,"name":"荻窪","original_name":"荻窪","name_kana":"おぎくぼ","closed":false,"lat":35.704523,"lng":139.620109,"prefecture":13,"numbering":["JB04"],"lines":[11312,11313,28002],"attr":"heat","postal_code":"167-0043","address":"杉並区上荻１丁目","voronoi":{"type":"Feature","geometry":{"type":"Polygon","coordinates":[[[139.613196,35.694925],[139.622686,35.692697],[139.62526,35.69353],[139.628031,35.702383],[139.627834,35.7129],[139.619164,35.714954],[139.609457,35.712641],[139.609969,35.697059],[139.613196,35.694925]]]},"properties":{}},"extra":false},
    {"code":1131216,"id":1479,"name":"阿佐ケ谷","original_name":"阿佐ケ谷","name_kana":"あさがや","closed":false,"lat":35.704818,"lng":139.635868,"prefecture":13,"numbering":["JB05"],"lines":[11312,11313],"attr":"cool","postal_code":"166-0004","address":"東京都杉並区阿佐谷南三丁目36-3","voronoi":{"type":"Feature","geometry":{"type":"Polygon","coordinates":[[[139.642351,35.702085],[139.642844,35.702965],[139.642494,35.712468],[139.641414,35.713022],[139.631065,35.714797],[139.627834,35.7129],[139.628031,35.702383],[139.642351,35.702085]]]},"properties":{}},"extra":false},
    {"code":1131215,"id":1478,"name":"高円寺","original_name":"高円寺","name_kana":"こうえんじ","closed":false,"lat":35.705326,"lng":139.649664,"prefecture":13,"numbering":["JB06"],"lines":[11312,11313],"attr":"cool","postal_code":"166-0003","address":"杉並区高円寺南４丁目","voronoi":{"type":"Feature","geometry":{"type":"Polygon","coordinates":[[[139.652999,35.700757],[139.642844,35.702965],[139.642494,35.712468],[139.646283,35.713545],[139.657598,35.711122],[139.65774,35.705898],[139.652999,35.700757]]]},"properties":{}},"extra":false},
    {"code":1131214,"id":1477,"name":"中野(東京)","original_name":"中野","name_kana":"なかの","closed":false,"lat":35.705765,"lng":139.665835,"prefecture":13,"numbering":["JB07"],"lines":[11312,11313,28004],"attr":"heat","postal_code":"164-0001","address":"中野区中野５丁目","voronoi":{"type":"Feature","geometry":{"type":"Polygon","coordinates":[[[139.663494,35.700107],[139.65774,35.705898],[139.657598,35.711122],[139.658144,35.711637],[139.666186,35.712808],[139.675109,35.706796],[139.675198,35.704627],[139.663494,35.700107]]]},"properties":{}},"extra":false},
    {"code":1131308,"id":1486,"name":"東中野","original_name":"東中野","name_kana":"ひがしなかの","closed":false,"lat":35.706529,"lng":139.684436,"prefecture":13,"numbering":["JB08"],"lines":[11313,99301],"attr":"cool","postal_code":"164-0003","address":"中野区東中野４丁目","voronoi":{"type":"Feature","geometry":{"type":"Polygon","coordinates":[[[139.675787,35.703622],[139.689697,35.701157],[139.689792,35.701222],[139.691531,35.705121],[139.680016,35.712495],[139.679642,35.712606],[139.675109,35.706796],[139.675198,35.704627],[139.675787,35.703622]]]},"properties":{}},"extra":false},
    {"code":1131309,"id":1487,"name":"大久保(東京)","original_name":"大久保","name_kana":"おおくぼ","closed":false,"lat":35.700784,"lng":139.69732,"prefecture":13,"numbering":["JB09"],"lines":[11313],"attr":"cool","postal_code":"169-0073","address":"新宿区百人町１丁目","voronoi":{"type":"Feature","geometry":{"type":"Polygon","coordinates":[[[139.698576,35.707775],[139.698858,35.698636],[139.695946,35.696913],[139.689792,35.701222],[139.691531,35.705121],[139.694539,35.708082],[139.697337,35.708441],[139.698576,35.707775]]]},"properties":{}},"extra":false},
    {"code":1130208,"id":1286,"name":"新宿","original_name":"新宿","name_kana":"しんじゅく","closed":false,"lat":35.689729,"lng":139.700464,"prefecture":13,"numbering":["JB10"],"lines":[11302,11311,11312,11313,11321,11328,11333,24001,25001,28002,99301,99304],"attr":"heat","postal_code":"160-0022","address":"東京都新宿区新宿三丁目38-1","open_date":"1885-03-01","voronoi":{"type":"Feature","geometry":{"type":"Polygon","coordinates":[[[139.696248,35.687559],[139.700731,35.686272],[139.703526,35.686933],[139.702152,35.692377],[139.696536,35.690327],[139.696248,35.687559]]]},"properties":{}},"extra":false},
    {"code":1130207,"id":1285,"name":"代々木","original_name":"代々木","name_kana":"よよぎ","closed":false,"lat":35.683061,"lng":139.702042,"prefecture":13,"numbering":["JB11"],"lines":[11302,11313,99301],"attr":"cool","postal_code":"151-0053","address":"東京都渋谷区代々木一丁目34-1","open_date":"1906-09-23","voronoi":{"type":"Feature","geometry":{"type":"Polygon","coordinates":[[[139.703526,35.686933],[139.700731,35.686272],[139.699663,35.677732],[139.707045,35.683204],[139.707273,35.684405],[139.706309,35.685913],[139.703526,35.686933]]]},"properties":{}},"extra":false},
    {"code":1131312,"id":1488,"name":"千駄ケ谷","original_name":"千駄ケ谷","name_kana":"せんだがや","closed":false,"lat":35.681231,"lng":139.711644,"prefecture":13,"numbering":["JB12"],"lines":[11313],"attr":"heat","postal_code":"151-0051","address":"東京都渋谷区千駄ヶ谷一丁目35-10","voronoi":{"type":"Feature","geometry":{"type":"Polygon","coordinates":[[[139.710828,35.674754],[139.707045,35.683204],[139.707273,35.684405],[139.715206,35.685433],[139.715316,35.685295],[139.710828,35.674754]]]},"properties":{}},"extra":false},
    {"code":1131313,"id":1489,"name":"信濃町","original_name":"信濃町","name_kana":"しなのまち","closed":false,"lat":35.680031,"lng":139.720729,"prefecture":13,"numbering":["JB13"],"lines":[11313],"attr":"heat","postal_code":"160-0016","address":"新宿区信濃町","voronoi":{"type":"Feature","geometry":{"type":"Polygon","coordinates":[[[139.724891,35.684348],[139.717698,35.68378],[139.717977,35.675677],[139.719769,35.675135],[139.728094,35.679065],[139.724891,35.684348]]]},"properties":{}},"extra":false},
    {"code":1131102,"id":1427,"name":"四ツ谷(四ッ谷)","original_name":"四ツ谷(四ッ谷)","name_kana":"よつや","closed":false,"lat":35.686041,"lng":139.730644,"prefecture":13,"numbering":["JB14"],"lines":[11311,11312,11313,28002,28009],"attr":"heat","postal_code":"160-0004","address":"東京都新宿区四谷一丁目","voronoi":{"type":"Feature","geometry":{"type":"Polygon","coordinates":[[[139.729094,35.692067],[139.734699,35.686978],[139.732916,35.680871],[139.729443,35.678406],[139.728094,35.679065],[139.724891,35.684348],[139.725497,35.687677],[139.729094,35.692067]]]},"properties":{}},"extra":false},
    {"code":1131315,"id":1490,"name":"市ケ谷(市ヶ谷)","original_name":"市ケ谷(市ヶ谷)","name_kana":"いちがや","closed":false,"lat":35.691105,"lng":139.735241,"prefecture":13,"numbering":["JB15"],"lines":[11313,28006,28009,99304],"attr":"heat","postal_code":"162-0843","address":"東京都新宿区市谷田町一丁目1","open_date":"1974-10-30","voronoi":{"type":"Feature","geometry":{"type":"Polygon","coordinates":[[[139.729094,35.692067],[139.729332,35.694338],[139.730902,35.696244],[139.741071,35.695659],[139.743036,35.693845],[139.738226,35.688157],[139.734699,35.686978],[139.729094,35.692067]]]},"properties":{}},"extra":false},
    {"code":1131316,"id":1491,"name":"飯田橋","original_name":"飯田橋","name_kana":"いいだばし","closed":false,"lat":35.701835,"lng":139.745143,"prefecture":13,"numbering":["JB16"],"lines":[11313,28004,28006,28009,99301],"attr":"eco","postal_code":"102-0072","address":"東京都千代田区飯田橋四丁目10-2","open_date":"1964-12-23","voronoi":{"type":"Feature","geometry":{"type":"Polygon","coordinates":[[[139.743905,35.693656],[139.743036,35.693845],[139.741071,35.695659],[139.740146,35.704445],[139.74077,35.707831],[139.742159,35.709935],[139.743362,35.710566],[139.749692,35.703549],[139.74977,35.700046],[139.743905,35.693656]]]},"properties":{}},"extra":false},
    {"code":1131317,"id":1492,"name":"水道橋","original_name":"水道橋","name_kana":"すいどうばし","closed":false,"lat":35.702039,"lng":139.754312,"prefecture":13,"numbering":["JB17"],"lines":[11313,99303],"attr":"eco","postal_code":"101-0061","address":"千代田区三崎町２丁目","voronoi":{"type":"Feature","geometry":{"type":"Polygon","coordinates":[[[139.749692,35.703549],[139.755702,35.706061],[139.75972,35.701202],[139.759679,35.70102],[139.754611,35.698271],[139.74977,35.700046],[139.749692,35.703549]]]},"properties":{}},"extra":false},
    {"code":1131203,"id":1476,"name":"御茶ノ水","original_name":"御茶ノ水","name_kana":"おちゃのみず","closed":false,"lat":35.699605,"lng":139.764955,"prefecture":13,"numbering":["JB18"],"lines":[11312,11313,28002],"attr":"heat","postal_code":"101-0062","address":"千代田区神田駿河台２丁目","voronoi":{"type":"Feature","geometry":{"type":"Polygon","coordinates":[[[139.767153,35.699991],[139.767927,35.702106],[139.766855,35.704258],[139.765275,35.705165],[139.75972,35.701202],[139.759679,35.70102],[139.761963,35.696406],[139.767153,35.699991]]]},"properties":{}},"extra":false},
    {"code":1130222,"id":1300,"name":"秋葉原","original_name":"秋葉原","name_kana":"あきはばら","closed":false,"lat":35.698619,"lng":139.773288,"prefecture":13,"numbering":["JB19"],"lines":[11302,11313,11332,28003,99309],"attr":"heat","postal_code":"101-0021","address":"東京都千代田区外神田一丁目17","open_date":"1890-11-01","voronoi":{"type":"Feature","geometry":{"type":"Polygon","coordinates":[[[139.779189,35.701045],[139.776161,35.70212],[139.77081,35.700184],[139.771145,35.695559],[139.771446,35.69508],[139.771967,35.694895],[139.779175,35.700919],[139.779189,35.701045]]]},"properties":{}},"extra":false},
    {"code":1131320,"id":1493,"name":"浅草橋","original_name":"浅草橋","name_kana":"あさくさばし","closed":false,"lat":35.697403,"lng":139.784427,"prefecture":13,"numbering":["JB20"],"lines":[11313,99302],"attr":"heat","postal_code":"111-0053","address":"台東区浅草橋１丁目","voronoi":{"type":"Feature","geometry":{"type":"Polygon","coordinates":[[[139.779189,35.701045],[139.779175,35.700919],[139.780007,35.697106],[139.784625,35.694765],[139.788603,35.695062],[139.78924,35.698579],[139.785452,35.702803],[139.779428,35.70126],[139.779189,35.701045]]]},"properties":{}},"extra":false},
    {"code":1131321,"id":1494,"name":"両国","original_name":"両国","name_kana":"りょうごく","closed":false,"lat":35.69579,"lng":139.793334,"prefecture":13,"numbering":["JB21"],"lines":[11313,99301],"attr":"heat","postal_code":"130-0015","address":"墨田区横網１丁目","voronoi":{"type":"Feature","geometry":{"type":"Polygon","coordinates":[[[139.788603,35.695062],[139.78924,35.698579],[139.799363,35.701846],[139.803332,35.698343],[139.801223,35.694733],[139.792753,35.690722],[139.789461,35.693067],[139.788603,35.695062]]]},"properties":{}},"extra":false},
    {"code":1131322,"id":1495,"name":"錦糸町","original_name":"錦糸町","name_kana":"きんしちょう","closed":false,"lat":35.696802,"lng":139.814136,"prefecture":13,"numbering":["JB22"],"lines":[11313,11314,28008],"attr":"heat","postal_code":"130-0022","address":"墨田区江東橋３丁目","voronoi":{"type":"Feature","geometry":{"type":"Polygon","coordinates":[[[139.804057,35.698393],[139.809589,35.70286],[139.81166,35.70359],[139.819875,35.7043],[139.820336,35.694022],[139.810608,35.692078],[139.804057,35.698393]]]},"properties":{}},"extra":false},
    {"code":1131323,"id":1496,"name":"亀戸","original_name":"亀戸","name_kana":"かめいど","closed":false,"lat":35.697345,"lng":139.826262,"prefecture":13,"numbering":["JB23"],"lines":[11313,21005],"attr":"heat","postal_code":"136-0071","address":"江東区亀戸５丁目","voronoi":{"type":"Feature","geometry":{"type":"Polygon","coordinates":[[[139.820336,35.694022],[139.819875,35.7043],[139.820108,35.704531],[139.826119,35.703914],[139.828395,35.702598],[139.831459,35.69426],[139.830711,35.693316],[139.820834,35.693385],[139.820336,35.694022]]]},"properties":{}},"extra":false},
    {"code":1131324,"id":1497,"name":"平井(東京)","original_name":"平井","name_kana":"ひらい","closed":false,"lat":35.70643,"lng":139.842181,"prefecture":13,"numbering":["JB24"],"lines":[11313],"attr":"heat","postal_code":"132-0035","address":"江戸川区平井３丁目","voronoi":{"type":"Feature","geometry":{"type":"Polygon","coordinates":[[[139.839077,35.719346],[139.83776,35.718513],[139.836889,35.704441],[139.841749,35.697846],[139.856871,35.701404],[139.843901,35.720718],[139.839077,35.719346]]]},"properties":{}},"extra":false},
    {"code":1131325,"id":1498,"name":"新小岩","original_name":"新小岩","name_kana":"しんこいわ","closed":false,"lat":35.716903,"lng":139.857777,"prefecture":13,"numbering":["JB25"],"lines":[11313,11314],"attr":"heat","postal_code":"124-0024","address":"葛飾区新小岩１丁目","voronoi":{"type":"Feature","geometry":{"type":"Polygon","coordinates":[[[139.862649,35.731681],[139.865173,35.73181],[139.880289,35.70958],[139.871482,35.702397],[139.859784,35.700107],[139.856871,35.701404],[139.843901,35.720718],[139.846549,35.724738],[139.862649,35.731681]]]},"properties":{}},"extra":false},
    {"code":1131326,"id":1499,"name":"小岩","original_name":"小岩","name_kana":"こいわ","closed":false,"lat":35.733207,"lng":139.881755,"prefecture":13,"numbering":["JB26"],"lines":[11313],"attr":"heat","postal_code":"133-0056","address":"江戸川区南小岩７丁目","voronoi":{"type":"Feature","geometry":{"type":"Polygon","coordinates":[[[139.867383,35.736251],[139.865173,35.73181],[139.880289,35.70958],[139.880295,35.70958],[139.893136,35.719942],[139.893376,35.721413],[139.888706,35.736378],[139.871906,35.740047],[139.867383,35.736251]]]},"properties":{}},"extra":false},
    {"code":1131327,"id":1500,"name":"市川","original_name":"市川","name_kana":"いちかわ","closed":false,"lat":35.728903,"lng":139.908142,"prefecture":12,"numbering":["JB27"],"lines":[11313,11314],"attr":"cool","postal_code":"272-0034","address":"市川市市川１丁目","voronoi":{"type":"Feature","geometry":{"type":"Polygon","coordinates":[[[139.913077,35.71607],[139.893136,35.719942],[139.893376,35.721413],[139.897754,35.727328],[139.907504,35.733815],[139.913546,35.724452],[139.913077,35.71607]]]},"properties":{}},"extra":false},
    {"code":1131328,"id":1501,"name":"本八幡","original_name":"本八幡","name_kana":"もとやわた","closed":false,"lat":35.720898,"lng":139.92741,"prefecture":12,"numbering":["JB28"],"lines":[11313,99304],"attr":"cool","postal_code":"272-0021","address":"市川市八幡２丁目","voronoi":{"type":"Feature","geometry":{"type":"Polygon","coordinates":[[[139.93275,35.721076],[139.922588,35.723692],[139.914581,35.715008],[139.91989,35.706549],[139.927079,35.705781],[139.931517,35.709514],[139.93275,35.721076]]]},"properties":{}},"extra":false},
    {"code":1131329,"id":1502,"name":"下総中山","original_name":"下総中山","name_kana":"しもうさなかやま","closed":false,"lat":35.714276,"lng":139.943092,"prefecture":12,"numbering":["JB29"],"lines":[11313],"attr":"heat","postal_code":"273-0035","address":"船橋市本中山２丁目","voronoi":{"type":"Feature","geometry":{"type":"Polygon","coordinates":[[[139.947892,35.713904],[139.947955,35.708363],[139.932868,35.709854],[139.940431,35.71695],[139.947892,35.713904]]]},"properties":{}},"extra":false},
    {"code":1130524,"id":1367,"name":"西船橋","original_name":"西船橋","name_kana":"にしふなばし","closed":false,"lat":35.707283,"lng":139.959536,"prefecture":12,"numbering":["JB30"],"lines":[11305,11313,28004,99338],"attr":"eco","postal_code":"273-0031","address":"船橋市西船４丁目","voronoi":{"type":"Feature","geometry":{"type":"Polygon","coordinates":[[[139.964886,35.699274],[139.966158,35.710533],[139.953816,35.708621],[139.95073,35.705643],[139.952098,35.699283],[139.964886,35.699274]]]},"properties":{}},"extra":false},
    {"code":1131331,"id":1503,"name":"船橋","original_name":"船橋","name_kana":"ふなばし","closed":false,"lat":35.701865,"lng":139.984707,"prefecture":12,"numbering":["JB31"],"lines":[11313,11314,21004],"attr":"cool","postal_code":"273-0005","address":"船橋市本町７丁目","voronoi":{"type":"Feature","geometry":{"type":"Polygon","coordinates":[[[139.99479,35.705253],[139.976386,35.697218],[139.987511,35.709285],[139.994263,35.712941],[139.995625,35.713065],[139.99479,35.705253]]]},"properties":{}},"extra":false},
    {"code":1131332,"id":1504,"name":"東船橋","original_name":"東船橋","name_kana":"ひがしふなばし","closed":false,"lat":35.699811,"lng":140.00393,"prefecture":12,"numbering":["JB32"],"lines":[11313],"attr":"eco","postal_code":"273-0002","address":"船橋市東船橋２丁目","voronoi":{"type":"Feature","geometry":{"type":"Polygon","coordinates":[[[140.015654,35.702515],[140.01561,35.703727],[140.002971,35.720009],[139.995625,35.713065],[139.99479,35.705253],[139.99475,35.703122],[139.997849,35.696519],[140.005038,35.69234],[140.011184,35.693915],[140.015654,35.702515]]]},"properties":{}},"extra":false},
    {"code":1131333,"id":1505,"name":"津田沼","original_name":"津田沼","name_kana":"つだぬま","closed":false,"lat":35.691367,"lng":140.020179,"prefecture":12,"numbering":["JB33"],"lines":[11313,11314],"attr":"cool","postal_code":"275-0016","address":"習志野市津田沼１丁目","voronoi":{"type":"Feature","geometry":{"type":"Polygon","coordinates":[[[140.01617,35.683698],[140.011184,35.693915],[140.015654,35.702515],[140.023734,35.696117],[140.020472,35.686284],[140.01617,35.683698]]]},"properties":{}},"extra":false},
    {"code":1131334,"id":1506,"name":"幕張本郷","original_name":"幕張本郷","name_kana":"まくはりほんごう","closed":false,"lat":35.672664,"lng":140.042241,"prefecture":12,"numbering":["JB34"],"lines":[11313],"attr":"cool","postal_code":"262-0033","address":"千葉市花見川区幕張本郷１丁目","open_date":"1981-10-01","voronoi":{"type":"Feature","geometry":{"type":"Polygon","coordinates":[[[140.035562,35.681374],[140.036864,35.68344],[140.055754,35.674403],[140.047749,35.665196],[140.035562,35.681374]]]},"properties":{}},"extra":false},
    {"code":1131335,"id":1507,"name":"幕張","original_name":"幕張","name_kana":"まくはり","closed":false,"lat":35.6594,"lng":140.057899,"prefecture":12,"numbering":["JB35"],"lines":[11313],"attr":"cool","postal_code":"262-0032","address":"千葉市花見川区幕張町５丁目","voronoi":{"type":"Feature","geometry":{"type":"Polygon","coordinates":[[[140.072591,35.669532],[140.065355,35.67227],[140.05125,35.651941],[140.053871,35.648143],[140.056215,35.648248],[140.07192,35.668215],[140.072591,35.669532]]]},"properties":{}},"extra":false},
    {"code":1131336,"id":1508,"name":"新検見川","original_name":"新検見川","name_kana":"しんけみがわ","closed":false,"lat":35.65169,"lng":140.073025,"prefecture":12,"numbering":["JB36"],"lines":[11313],"attr":"cool","postal_code":"262-0022","address":"千葉市花見川区南花園","voronoi":{"type":"Feature","geometry":{"type":"Polygon","coordinates":[[[140.09808,35.665179],[140.099116,35.670411],[140.09367,35.672371],[140.072591,35.669532],[140.07192,35.668215],[140.068532,35.641962],[140.070083,35.640439],[140.07471,35.640649],[140.090291,35.654631],[140.09808,35.665179]]]},"properties":{}},"extra":false},
    {"code":1131337,"id":1509,"name":"稲毛","original_name":"稲毛","name_kana":"いなげ","closed":false,"lat":35.637264,"lng":140.09256,"prefecture":12,"numbering":["JB37"],"lines":[11313,11314],"attr":"cool","postal_code":"263-0031","address":"千葉市稲毛区稲毛東３丁目","voronoi":{"type":"Feature","geometry":{"type":"Polygon","coordinates":[[[140.102678,35.634171],[140.08837,35.628512],[140.090291,35.654631],[140.09808,35.665179],[140.099707,35.658686],[140.102717,35.634305],[140.102678,35.634171]]]},"properties":{}},"extra":false},
    {"code":1131338,"id":1510,"name":"西千葉","original_name":"西千葉","name_kana":"にしちば","closed":false,"lat":35.622639,"lng":140.103337,"prefecture":12,"numbering":["JB38"],"lines":[11313],"attr":"cool","postal_code":"260-0033","address":"千葉市中央区春日２丁目","voronoi":{"type":"Feature","geometry":{"type":"Polygon","coordinates":[[[140.099078,35.620553],[140.103606,35.631944],[140.108765,35.626342],[140.11042,35.620083],[140.110371,35.619833],[140.110337,35.619797],[140.109617,35.619428],[140.099078,35.620553]]]},"properties":{}},"extra":false},
    {"code":1131339,"id":1511,"name":"千葉","original_name":"千葉","name_kana":"ちば","closed":false,"lat":35.612926,"lng":140.113478,"prefecture":12,"numbering":["JB39"],"lines":[11313,11314,11324,11325,11328,99331,99332],"attr":"cool","postal_code":"260-0031","address":"千葉市中央区新千葉１丁目","voronoi":{"type":"Feature","geometry":{"type":"Polygon","coordinates":[[[140.110371,35.619833],[140.110337,35.619797],[140.111211,35.610667],[140.116049,35.613585],[140.116101,35.616096],[140.110371,35.619833]]]},"properties":{}},"extra":false}
  ],
  "extra":false
}