{
  "code":11319,
  "id":"2d2b3a",
  "name":"JR東北本線(宇都宮線)",
  "name_kana":"じぇいあーるとうほくほんせん",
  "name_formal":"JR東北本線",
  "station_size":33,
  "company_code":2,
  "closed":false,
  "color":"#F68B1E",
  "symbol":"JU",
  "station_list":[
    {"code":100402,"id":"93946c","name":"上野","original_name":"上野","name_kana":"うえの","closed":false,"lat":35.71379,"lng":139.777043,"prefecture":13,"numbering":["JU02"],"lines":[1004,1005,11302,11319,11320,11323,11332,11343,28001,28003],"attr":"heat","postal_code":"110-0005","address":"東京都台東区上野七丁目1-1","open_date":"1883-07-28","voronoi":{"type":"Feature","geometry":{"type":"Polygon","coordinates":[[[139.780049,35.717319],[139.777239,35.717674],[139.773657,35.715036],[139.773597,35.714832],[139.776972,35.710251],[139.777212,35.710141],[139.778651,35.709958],[139.78133,35.715866],[139.780049,35.717319]]]},"properties":{}},"extra":false},
    {"code":1131902,"id":"1b1028","name":"尾久","original_name":"尾久","name_kana":"おく","closed":false,"lat":35.74683,"lng":139.753846,"prefecture":13,"numbering":["JU03"],"lines":[11319,11323],"attr":"heat","postal_code":"114-0011","address":"北区昭和町１丁目","voronoi":{"type":"Feature","geometry":{"type":"Polygon","coordinates":[[[139.749856,35.747852],[139.749852,35.747846],[139.749561,35.742631],[139.75446,35.739795],[139.759919,35.744248],[139.759542,35.745045],[139.755148,35.749447],[139.749856,35.747852]]]},"properties":{}},"extra":false},
    {"code":1131903,"id":"2fef76","name":"赤羽","original_name":"赤羽","name_kana":"あかばね","closed":false,"lat":35.778026,"lng":139.720928,"prefecture":13,"numbering":["JU04"],"lines":[11319,11321,11323,11332,11333],"attr":"heat","postal_code":"115-0045","address":"北区赤羽１丁目","voronoi":{"type":"Feature","geometry":{"type":"Polygon","coordinates":[[[139.71436,35.768641],[139.719317,35.769007],[139.726724,35.772095],[139.726774,35.779575],[139.713306,35.782511],[139.709939,35.776799],[139.713681,35.769268],[139.71436,35.768641]]]},"properties":{}},"extra":false},
    {"code":1131904,"id":"09f3a7","name":"浦和","original_name":"浦和","name_kana":"うらわ","closed":false,"lat":35.858496,"lng":139.657109,"prefecture":11,"numbering":["JU05"],"lines":[11319,11323,11332,11333],"attr":"heat","postal_code":"330-0063","address":"さいたま市浦和区高砂１丁目","voronoi":{"type":"Feature","geometry":{"type":"Polygon","coordinates":[[[139.677854,35.88694],[139.646165,35.860859],[139.64731,35.85611],[139.658468,35.847923],[139.679678,35.871416],[139.677854,35.88694]]]},"properties":{}},"extra":false},
    {"code":1131905,"id":"adcea8","name":"さいたま新都心","original_name":"さいたま新都心","name_kana":"さいたましんとしん","closed":false,"lat":35.893867,"lng":139.633587,"prefecture":11,"numbering":["JU06"],"lines":[11319,11323,11332],"attr":"heat","postal_code":"330-0843","address":"さいたま市大宮区吉敷町４丁目５７番地３","voronoi":{"type":"Feature","geometry":{"type":"Polygon","coordinates":[[[139.647267,35.909125],[139.66018,35.902968],[139.633916,35.887726],[139.626974,35.898754],[139.640439,35.908968],[139.647267,35.909125]]]},"properties":{}},"extra":false},
    {"code":100403,"id":"d73fff","name":"大宮(埼玉)","original_name":"大宮","name_kana":"おおみや","closed":false,"lat":35.906439,"lng":139.62405,"prefecture":11,"numbering":["JU07"],"lines":[1004,1005,11319,11321,11322,11323,11332,11333,21004,99321],"attr":"heat","postal_code":"330-0853","address":"さいたま市大宮区錦町","voronoi":{"type":"Feature","geometry":{"type":"Polygon","coordinates":[[[139.626974,35.898754],[139.602983,35.891948],[139.59364,35.891205],[139.597842,35.902919],[139.618328,35.912182],[139.636384,35.911043],[139.640439,35.908968],[139.626974,35.898754]]]},"properties":{}},"extra":false},
    {"code":1131907,"id":"e705d3","name":"土呂","original_name":"土呂","name_kana":"とろ","closed":false,"lat":35.931997,"lng":139.63214,"prefecture":11,"lines":[11319],"attr":"heat","postal_code":"331-0804","address":"さいたま市北区土呂町１丁目","voronoi":{"type":"Feature","geometry":{"type":"Polygon","coordinates":[[[139.623117,35.928398],[139.625308,35.937588],[139.629773,35.943508],[139.642293,35.937417],[139.641035,35.928655],[139.62418,35.927098],[139.623117,35.928398]]]},"properties":{}},"extra":false},
    {"code":1131908,"id":"9d43b3","name":"東大宮","original_name":"東大宮","name_kana":"ひがしおおみや","closed":false,"lat":35.948751,"lng":139.640291,"prefecture":11,"lines":[11319],"attr":"heat","postal_code":"337-0051","address":"さいたま市見沼区東大宮４丁目","voronoi":{"type":"Feature","geometry":{"type":"Polygon","coordinates":[[[139.629575,35.944226],[139.629773,35.943508],[139.642293,35.937417],[139.653449,35.943297],[139.661135,35.959345],[139.641377,35.967076],[139.639207,35.965449],[139.63273,35.95794],[139.629992,35.951543],[139.629575,35.944226]]]},"properties":{}},"extra":false},
    {"code":1131909,"id":"0bcaf9","name":"蓮田","original_name":"蓮田","name_kana":"はすだ","closed":false,"lat":35.981272,"lng":139.653016,"prefecture":11,"lines":[11319],"attr":"heat","postal_code":"349-0123","address":"蓮田市本町","voronoi":{"type":"Feature","geometry":{"type":"Polygon","coordinates":[[[139.638465,35.988741],[139.643852,36.005591],[139.687689,35.988991],[139.685504,35.981808],[139.670169,35.961952],[139.661135,35.959345],[139.641377,35.967076],[139.639214,35.973396],[139.638465,35.988741]]]},"properties":{}},"extra":false},
    {"code":1131910,"id":"7dd206","name":"白岡","original_name":"白岡","name_kana":"しらおか","closed":false,"lat":36.01774,"lng":139.666826,"prefecture":11,"lines":[11319],"attr":"cool","postal_code":"349-0217","address":"埼玉県白岡市小久喜1213","voronoi":{"type":"Feature","geometry":{"type":"Polygon","coordinates":[[[139.633281,36.037289],[139.635014,36.027616],[139.64185,36.008939],[139.643852,36.005591],[139.687689,35.988991],[139.699424,35.998765],[139.698643,36.005601],[139.687055,36.02383],[139.633281,36.037289]]]},"properties":{}},"extra":false},
    {"code":1131911,"id":"0ccf9a","name":"新白岡","original_name":"新白岡","name_kana":"しんしらおか","closed":false,"lat":36.038732,"lng":139.67208,"prefecture":11,"lines":[11319],"attr":"cool","postal_code":"349-0211","address":"埼玉県白岡市野牛1107-4","voronoi":{"type":"Feature","geometry":{"type":"Polygon","coordinates":[[[139.686309,36.049968],[139.635256,36.059799],[139.625503,36.057233],[139.63011,36.043694],[139.633281,36.037289],[139.687055,36.02383],[139.686309,36.049968]]]},"properties":{}},"extra":false},
    {"code":1131912,"id":"906b3a","name":"久喜","original_name":"久喜","name_kana":"くき","closed":false,"lat":36.065684,"lng":139.67727,"prefecture":11,"lines":[11319,21002],"attr":"eco","postal_code":"346-0003","address":"久喜市中央２丁目","voronoi":{"type":"Feature","geometry":{"type":"Polygon","coordinates":[[[139.686309,36.049968],[139.635256,36.059799],[139.66368,36.078693],[139.694669,36.076266],[139.69766,36.063183],[139.696014,36.058842],[139.686309,36.049968]]]},"properties":{}},"extra":false},
    {"code":1131913,"id":"1f0ecd","name":"東鷲宮","original_name":"東鷲宮","name_kana":"ひがしわしのみや","closed":false,"lat":36.089428,"lng":139.67913,"prefecture":11,"lines":[11319],"attr":"eco","postal_code":"340-0206","address":"埼玉県久喜市西大輪326","voronoi":{"type":"Feature","geometry":{"type":"Polygon","coordinates":[[[139.66368,36.078693],[139.694669,36.076266],[139.701791,36.093121],[139.688086,36.112685],[139.675388,36.116714],[139.66368,36.078693]]]},"properties":{}},"extra":false},
    {"code":1131914,"id":"1ec168","name":"栗橋","original_name":"栗橋","name_kana":"くりはし","closed":false,"lat":36.136852,"lng":139.694177,"prefecture":11,"lines":[11319,21003],"attr":"eco","postal_code":"349-1121","address":"埼玉県久喜市栗橋北一丁目1-1","voronoi":{"type":"Feature","geometry":{"type":"Polygon","coordinates":[[[139.675388,36.116714],[139.688086,36.112685],[139.74131,36.154975],[139.700349,36.166047],[139.652689,36.159838],[139.648549,36.157793],[139.660903,36.130001],[139.675388,36.116714]]]},"properties":{}},"extra":false},
    {"code":1131915,"id":"a0a3b3","name":"古河","original_name":"古河","name_kana":"こが","closed":false,"lat":36.194375,"lng":139.709726,"prefecture":8,"lines":[11319],"attr":"eco","postal_code":"306-0023","address":"古河市本町１丁目","voronoi":{"type":"Feature","geometry":{"type":"Polygon","coordinates":[[[139.695548,36.230913],[139.700349,36.166047],[139.74131,36.154975],[139.800249,36.157353],[139.695548,36.230913]]]},"properties":{}},"extra":false},
    {"code":1131916,"id":"2f43ce","name":"野木","original_name":"野木","name_kana":"のぎ","closed":false,"lat":36.229963,"lng":139.734729,"prefecture":9,"lines":[11319],"attr":"heat","postal_code":"329-0111","address":"下都賀郡野木町大字丸林","voronoi":{"type":"Feature","geometry":{"type":"Polygon","coordinates":[[[139.714118,36.275726],[139.696734,36.265711],[139.690151,36.242836],[139.690361,36.240445],[139.691834,36.235678],[139.695548,36.230913],[139.800249,36.157353],[139.837637,36.1504],[139.835401,36.161535],[139.714118,36.275726]]]},"properties":{}},"extra":false},
    {"code":1131917,"id":"e7e07b","name":"間々田","original_name":"間々田","name_kana":"ままだ","closed":false,"lat":36.257907,"lng":139.761039,"prefecture":9,"lines":[11319],"attr":"heat","postal_code":"329-0214","address":"小山市大字乙女３丁目","voronoi":{"type":"Feature","geometry":{"type":"Polygon","coordinates":[[[139.714118,36.275726],[139.731802,36.298713],[139.746848,36.309685],[139.756646,36.307577],[139.817412,36.25749],[139.832913,36.224046],[139.835401,36.161535],[139.714118,36.275726]]]},"properties":{}},"extra":false},
    {"code":100404,"id":"dec054","name":"小山","original_name":"小山","name_kana":"おやま","closed":false,"lat":36.312747,"lng":139.806241,"prefecture":9,"lines":[1004,11319,11339,11341],"attr":"heat","postal_code":"323-0025","address":"小山市城山町","voronoi":{"type":"Feature","geometry":{"type":"Polygon","coordinates":[[[139.81747,36.347539],[139.756646,36.307577],[139.817412,36.25749],[139.837283,36.335979],[139.81747,36.347539]]]},"properties":{}},"extra":false},
    {"code":1131919,"id":"93d7cd","name":"小金井","original_name":"小金井","name_kana":"こがねい","closed":false,"lat":36.374435,"lng":139.842232,"prefecture":9,"lines":[11319],"attr":"heat","postal_code":"329-0414","address":"下野市小金井","voronoi":{"type":"Feature","geometry":{"type":"Polygon","coordinates":[[[139.824322,36.399017],[139.803854,36.383136],[139.81747,36.347539],[139.837283,36.335979],[139.869057,36.340853],[139.886368,36.347833],[139.898568,36.355548],[139.824322,36.399017]]]},"properties":{}},"extra":false},
    {"code":1131920,"id":"0e2ccd","name":"自治医大","original_name":"自治医大","name_kana":"じちいだい","closed":false,"lat":36.39543,"lng":139.854524,"prefecture":9,"lines":[11319],"attr":"heat","postal_code":"329-0414","address":"下野市小金井","voronoi":{"type":"Feature","geometry":{"type":"Polygon","coordinates":[[[139.824322,36.399017],[139.898568,36.355548],[139.905515,36.358145],[139.906467,36.358736],[139.910964,36.372574],[139.915479,36.399903],[139.837721,36.42264],[139.836993,36.42224],[139.824322,36.399017]]]},"properties":{}},"extra":false},
    {"code":1131921,"id":"ee629c","name":"石橋(栃木)","original_name":"石橋","name_kana":"いしばし","closed":false,"lat":36.43651,"lng":139.866536,"prefecture":9,"lines":[11319],"attr":"heat","postal_code":"329-0511","address":"下野市石橋","voronoi":{"type":"Feature","geometry":{"type":"Polygon","coordinates":[[[139.860692,36.467146],[139.9303,36.454671],[139.919525,36.406945],[139.915479,36.399903],[139.837721,36.42264],[139.84774,36.451298],[139.860692,36.467146]]]},"properties":{}},"extra":false},
    {"code":1131922,"id":"d68719","name":"雀宮","original_name":"雀宮","name_kana":"すずめのみや","closed":false,"lat":36.493845,"lng":139.876811,"prefecture":9,"lines":[11319],"attr":"heat","postal_code":"321-0000","address":"宇都宮市雀宮１丁目","voronoi":{"type":"Feature","geometry":{"type":"Polygon","coordinates":[[[139.945802,36.480481],[139.939629,36.466282],[139.9303,36.454671],[139.860692,36.467146],[139.860659,36.467203],[139.85545,36.493506],[139.870504,36.513126],[139.886362,36.519961],[139.901395,36.521404],[139.9028,36.520821],[139.909667,36.517516],[139.917643,36.51263],[139.924729,36.507496],[139.935931,36.496087],[139.945802,36.480481]]]},"properties":{}},"extra":false},
    {"code":100405,"id":"734a1e","name":"宇都宮","original_name":"宇都宮","name_kana":"うつのみや","closed":false,"lat":36.559246,"lng":139.898389,"prefecture":9,"lines":[1004,11319,11340],"attr":"heat","postal_code":"321-0965","address":"宇都宮市川向町","voronoi":{"type":"Feature","geometry":{"type":"Polygon","coordinates":[[[139.889303,36.544521],[139.896102,36.532927],[139.897622,36.540991],[139.90207,36.60151],[139.889809,36.615987],[139.889303,36.544521]]]},"properties":{}},"extra":false},
    {"code":1131924,"id":"1f0f7d","name":"岡本(栃木)","original_name":"岡本","name_kana":"おかもと","closed":false,"lat":36.598182,"lng":139.944363,"prefecture":9,"lines":[11319],"attr":"heat","postal_code":"329-1104","address":"宇都宮市下岡本町","voronoi":{"type":"Feature","geometry":{"type":"Polygon","coordinates":[[[139.90207,36.60151],[139.889809,36.615987],[139.863732,36.658947],[139.934215,36.643978],[139.977293,36.598839],[139.961088,36.576659],[139.943287,36.576494],[139.938776,36.577029],[139.926928,36.581237],[139.92031,36.584731],[139.913398,36.589584],[139.908798,36.59378],[139.90207,36.60151]]]},"properties":{}},"extra":false},
    {"code":1131925,"id":"073c24","name":"宝積寺","original_name":"宝積寺","name_kana":"ほうしゃくじ","closed":false,"lat":36.631703,"lng":139.979487,"prefecture":9,"lines":[11319,11334],"attr":"cool","postal_code":"329-1233","address":"塩谷郡高根沢町宝積寺","voronoi":{"type":"Feature","geometry":{"type":"Polygon","coordinates":[[[139.981714,36.660498],[139.934215,36.643978],[139.977293,36.598839],[139.987227,36.599947],[140.010683,36.614307],[139.981714,36.660498]]]},"properties":{}},"extra":false},
    {"code":1131926,"id":"92cedc","name":"氏家","original_name":"氏家","name_kana":"うじいえ","closed":false,"lat":36.681696,"lng":139.9621,"prefecture":9,"lines":[11319],"attr":"cool","postal_code":"329-1311","address":"さくら市氏家","voronoi":{"type":"Feature","geometry":{"type":"Polygon","coordinates":[[[139.863732,36.658947],[139.854249,36.665279],[139.858726,36.672121],[140.013498,36.718274],[140.004868,36.694432],[139.981714,36.660498],[139.934215,36.643978],[139.863732,36.658947]]]},"properties":{}},"extra":false},
    {"code":1131927,"id":"137f8a","name":"蒲須坂","original_name":"蒲須坂","name_kana":"かますさか","closed":false,"lat":36.720727,"lng":139.950461,"prefecture":9,"lines":[11319],"attr":"cool","postal_code":"329-1332","address":"さくら市蒲須坂","voronoi":{"type":"Feature","geometry":{"type":"Polygon","coordinates":[[[139.890394,36.729466],[139.858838,36.6724],[139.858726,36.672121],[140.013498,36.718274],[140.015841,36.721194],[140.030953,36.749393],[139.890394,36.729466]]]},"properties":{}},"extra":false},
    {"code":1131928,"id":"b7442d","name":"片岡","original_name":"片岡","name_kana":"かたおか","closed":false,"lat":36.754557,"lng":139.945665,"prefecture":9,"lines":[11319],"attr":"cool","postal_code":"329-1571","address":"矢板市片岡","voronoi":{"type":"Feature","geometry":{"type":"Polygon","coordinates":[[[139.92536,36.777137],[139.992512,36.793608],[140.01883,36.790041],[140.047584,36.77002],[140.047841,36.769719],[140.030953,36.749393],[139.890394,36.729466],[139.894486,36.747784],[139.92536,36.777137]]]},"properties":{}},"extra":false},
    {"code":1131929,"id":"364eb6","name":"矢板","original_name":"矢板","name_kana":"やいた","closed":false,"lat":36.80655,"lng":139.932912,"prefecture":9,"lines":[11319,21021],"attr":"eco","postal_code":"329-2161","address":"矢板市扇町","voronoi":{"type":"Feature","geometry":{"type":"Polygon","coordinates":[[[139.9047,36.852288],[139.992512,36.793608],[139.92536,36.777137],[139.9047,36.852288]]]},"properties":{}},"extra":false},
    {"code":1131930,"id":"e3c449","name":"野崎(栃木)","original_name":"野崎","name_kana":"のざき","closed":false,"lat":36.843722,"lng":139.957752,"prefecture":9,"lines":[11319],"attr":"eco","postal_code":"324-0035","address":"大田原市薄葉","voronoi":{"type":"Feature","geometry":{"type":"Polygon","coordinates":[[[140.006512,36.821217],[140.01883,36.790041],[139.992512,36.793608],[139.9047,36.852288],[139.876942,36.885426],[139.848746,36.934845],[139.848859,36.937734],[139.855718,36.946996],[139.992231,36.849293],[140.006512,36.821217]]]},"properties":{}},"extra":false},
    {"code":1131931,"id":"461bb5","name":"西那須野","original_name":"西那須野","name_kana":"にしなすの","closed":false,"lat":36.883726,"lng":139.986383,"prefecture":9,"lines":[11319,99354],"attr":"eco","postal_code":"329-2727","address":"那須塩原市永田町","voronoi":{"type":"Feature","geometry":{"type":"Polygon","coordinates":[[[139.855718,36.946996],[139.992231,36.849293],[139.994653,36.856832],[139.990047,36.917439],[139.880217,36.995572],[139.855718,36.946996]]]},"properties":{}},"extra":false},
    {"code":100406,"id":"be4860","name":"那須塩原","original_name":"那須塩原","name_kana":"なすしおばら","closed":false,"lat":36.931956,"lng":140.020694,"prefecture":9,"lines":[1004,11319],"attr":"eco","postal_code":"329-3153","address":"那須塩原市大原間","voronoi":{"type":"Feature","geometry":{"type":"Polygon","coordinates":[[[139.922649,37.072971],[139.912061,37.066496],[139.898492,37.05707],[139.894959,37.04802],[139.880217,36.995572],[139.990047,36.917439],[140.021753,36.902735],[140.028252,36.902326],[140.070268,36.918913],[140.070918,36.919505],[139.922649,37.072971]]]},"properties":{}},"extra":false},
    {"code":1123101,"id":"32ec29","name":"黒磯","original_name":"黒磯","name_kana":"くろいそ","closed":false,"lat":36.970128,"lng":140.060204,"prefecture":9,"lines":[11231,11319],"attr":"heat","postal_code":"325-0056","address":"那須塩原市本町","voronoi":{"type":"Feature","geometry":{"type":"Polygon","coordinates":[[[140.093619,36.923605],[140.121883,36.933972],[139.957393,37.102804],[139.922649,37.072971],[140.070918,36.919505],[140.093619,36.923605]]]},"properties":{}},"extra":false}
  ],
  "extra":false
}