{
  "code":11327,
  "id":"f204e9",
  "name":"JR成田線",
  "name_kana":"じぇいあーるなりたせん",
  "station_size":28,
  "company_code":2,
  "closed":false,
  "color":"#000000",
  "symbol":"JO",
  "station_list":[
    {"code":1131415,"id":"d82403","name":"佐倉","original_name":"佐倉","name_kana":"さくら","closed":false,"lat":35.709743,"lng":140.226722,"prefecture":12,"numbering":["JO33"],"lines":[11314,11327,11328],"attr":"heat","postal_code":"285-0812","address":"佐倉市六崎","voronoi":{"type":"Feature","geometry":{"type":"Polygon","coordinates":[[[140.241841,35.666556],[140.200345,35.712146],[140.204652,35.721903],[140.243076,35.714669],[140.247585,35.709287],[140.241841,35.666556]]]},"properties":{}},"extra":false},
    {"code":1132702,"id":"ea7669","name":"酒々井","original_name":"酒々井","name_kana":"しすい","closed":false,"lat":35.731737,"lng":140.275271,"prefecture":12,"numbering":["JO34"],"lines":[11327],"attr":"heat","postal_code":"285-0927","address":"印旛郡酒々井町酒々井","voronoi":{"type":"Feature","geometry":{"type":"Polygon","coordinates":[[[140.263834,35.720064],[140.263462,35.725046],[140.280061,35.741675],[140.299154,35.736472],[140.324249,35.71931],[140.295374,35.711534],[140.263834,35.720064]]]},"properties":{}},"extra":false},
    {"code":1132703,"id":"463aee","name":"成田","original_name":"成田","name_kana":"なりた","closed":false,"lat":35.777796,"lng":140.313853,"prefecture":12,"numbering":["JO35"],"lines":[11327,11328],"attr":"heat","postal_code":"286-0033","address":"成田市花崎町","voronoi":{"type":"Feature","geometry":{"type":"Polygon","coordinates":[[[140.320648,35.80766],[140.294256,35.780176],[140.305876,35.767485],[140.336197,35.800497],[140.320648,35.80766]]]},"properties":{}},"extra":false},
    {"code":1132813,"id":"c54383","name":"空港第２ビル（成田第２・第３ターミナル）","original_name":"空港第２ビル（成田第２・第３ターミナル）","name_kana":"くうこうだいにびる（なりただいに・だいさんたーみなる）","closed":false,"lat":35.773327,"lng":140.387871,"prefecture":12,"numbering":["JO36"],"lines":[11327,11328,23001,23006],"attr":"cool","postal_code":"282-0004","address":"千葉県成田市古込字古込1-1","open_date":"1992-12-03","voronoi":{"type":"Feature","geometry":{"type":"Polygon","coordinates":[[[140.400723,35.83379],[140.427767,35.828717],[140.465099,35.806333],[140.40201,35.768822],[140.363533,35.776503],[140.351907,35.780518],[140.352449,35.79368],[140.400723,35.83379]]]},"properties":{}},"extra":false},
    {"code":1132705,"id":"4b73cf","name":"成田空港（成田第１ターミナル）","original_name":"成田空港（成田第１ターミナル）","name_kana":"なりたくうこう（なりただいいちたーみなる）","closed":false,"lat":35.763983,"lng":140.384644,"prefecture":12,"numbering":["JO37"],"lines":[11327,11328,23001,23006],"attr":"cool","postal_code":"282-0011","address":"千葉県成田市三里塚御料牧場1-1","open_date":"1991-03-19","voronoi":{"type":"Feature","geometry":{"type":"Polygon","coordinates":[[[140.394737,35.763317],[140.363533,35.776503],[140.351907,35.780518],[140.341381,35.721445],[140.341439,35.719978],[140.358267,35.708731],[140.394737,35.763317]]]},"properties":{}},"extra":false},
    {"code":1132706,"id":"c33d50","name":"久住","original_name":"久住","name_kana":"くずみ","closed":false,"lat":35.832232,"lng":140.338929,"prefecture":12,"lines":[11327],"attr":"heat","postal_code":"286-0813","address":"成田市飯岡","voronoi":{"type":"Feature","geometry":{"type":"Polygon","coordinates":[[[140.291491,35.862071],[140.30256,35.83423],[140.320648,35.80766],[140.336197,35.800497],[140.352449,35.79368],[140.400723,35.83379],[140.390759,35.845213],[140.291595,35.864985],[140.291491,35.862071]]]},"properties":{}},"extra":false},
    {"code":1132707,"id":"3f768c","name":"滑河","original_name":"滑河","name_kana":"なめがわ","closed":false,"lat":35.877079,"lng":140.347871,"prefecture":12,"lines":[11327],"attr":"eco","postal_code":"289-0107","address":"成田市猿山","voronoi":{"type":"Feature","geometry":{"type":"Polygon","coordinates":[[[140.34627,36.002839],[140.390759,35.845213],[140.291595,35.864985],[140.268988,35.922773],[140.279595,35.979647],[140.318602,36.007056],[140.321596,36.008277],[140.34627,36.002839]]]},"properties":{}},"extra":false},
    {"code":1132708,"id":"144414","name":"下総神崎","original_name":"下総神崎","name_kana":"しもうさこうざき","closed":false,"lat":35.8948,"lng":140.410657,"prefecture":12,"lines":[11327],"attr":"eco","postal_code":"289-0202","address":"香取郡神崎町郡","voronoi":{"type":"Feature","geometry":{"type":"Polygon","coordinates":[[[140.34627,36.002839],[140.390759,35.845213],[140.400723,35.83379],[140.427767,35.828717],[140.445463,36.002762],[140.368608,36.003856],[140.34627,36.002839]]]},"properties":{}},"extra":false},
    {"code":1132709,"id":"da4227","name":"大戸","original_name":"大戸","name_kana":"おおと","closed":false,"lat":35.890004,"lng":140.457828,"prefecture":12,"lines":[11327],"attr":"eco","postal_code":"287-0054","address":"香取市大戸川","voronoi":{"type":"Feature","geometry":{"type":"Polygon","coordinates":[[[140.46354,35.991832],[140.456794,36.005015],[140.445463,36.002762],[140.427767,35.828717],[140.465099,35.806333],[140.487888,35.796494],[140.46354,35.991832]]]},"properties":{}},"extra":false},
    {"code":1132710,"id":"7c07d0","name":"佐原","original_name":"佐原","name_kana":"さわら","closed":false,"lat":35.894522,"lng":140.494074,"prefecture":12,"lines":[11327,11329],"attr":"eco","postal_code":"287-0003","address":"香取市佐原イ","voronoi":{"type":"Feature","geometry":{"type":"Polygon","coordinates":[[[140.46354,35.991832],[140.507363,35.934549],[140.510511,35.927315],[140.521348,35.802834],[140.518377,35.795464],[140.49829,35.78946],[140.487888,35.796494],[140.46354,35.991832]]]},"properties":{}},"extra":false},
    {"code":1132711,"id":"5dc2e5","name":"香取","original_name":"香取","name_kana":"かとり","closed":false,"lat":35.897856,"lng":140.532367,"prefecture":12,"lines":[11327,11329],"attr":"eco","postal_code":"287-0011","address":"香取市津宮","voronoi":{"type":"Feature","geometry":{"type":"Polygon","coordinates":[[[140.510511,35.927315],[140.521348,35.802834],[140.523147,35.805547],[140.55319,35.89755],[140.510511,35.927315]]]},"properties":{}},"extra":false},
    {"code":1132712,"id":"1254fb","name":"水郷","original_name":"水郷","name_kana":"すいごう","closed":false,"lat":35.885508,"lng":140.570181,"prefecture":12,"lines":[11327],"attr":"eco","postal_code":"289-0301","address":"香取市一ノ分目","voronoi":{"type":"Feature","geometry":{"type":"Polygon","coordinates":[[[140.616765,35.896186],[140.523147,35.805547],[140.55319,35.89755],[140.582505,35.920343],[140.58352,35.920752],[140.606415,35.914894],[140.616765,35.896186]]]},"properties":{}},"extra":false},
    {"code":1132713,"id":"2e33c5","name":"小見川","original_name":"小見川","name_kana":"おみがわ","closed":false,"lat":35.849971,"lng":140.604587,"prefecture":12,"lines":[11327],"attr":"eco","postal_code":"289-0313","address":"香取市小見川","voronoi":{"type":"Feature","geometry":{"type":"Polygon","coordinates":[[[140.617989,35.784003],[140.549551,35.78467],[140.518377,35.795464],[140.521348,35.802834],[140.523147,35.805547],[140.616765,35.896186],[140.637973,35.884],[140.617989,35.784003]]]},"properties":{}},"extra":false},
    {"code":1132714,"id":"322ef2","name":"笹川","original_name":"笹川","name_kana":"ささがわ","closed":false,"lat":35.839753,"lng":140.655716,"prefecture":12,"lines":[11327],"attr":"eco","postal_code":"289-0601","address":"香取郡東庄町笹川い","voronoi":{"type":"Feature","geometry":{"type":"Polygon","coordinates":[[[140.625026,35.780966],[140.617989,35.784003],[140.637973,35.884],[140.645678,35.88444],[140.686972,35.846833],[140.657328,35.781361],[140.655103,35.780794],[140.625026,35.780966]]]},"properties":{}},"extra":false},
    {"code":1132715,"id":"6dde29","name":"下総橘","original_name":"下総橘","name_kana":"しもうさたちばな","closed":false,"lat":35.818673,"lng":140.702273,"prefecture":12,"lines":[11327],"attr":"cool","postal_code":"289-0612","address":"香取郡東庄町石出","voronoi":{"type":"Feature","geometry":{"type":"Polygon","coordinates":[[[140.796055,35.867155],[140.686972,35.846833],[140.657328,35.781361],[140.673477,35.77804],[140.796055,35.867155]]]},"properties":{}},"extra":false},
    {"code":1132716,"id":"fa96c5","name":"下総豊里","original_name":"下総豊里","name_kana":"しもうさとよさと","closed":false,"lat":35.792899,"lng":140.721011,"prefecture":12,"lines":[11327],"attr":"cool","postal_code":"288-0873","address":"銚子市笹本町","voronoi":{"type":"Feature","geometry":{"type":"Polygon","coordinates":[[[140.716357,35.765515],[140.734934,35.772204],[140.807239,35.871057],[140.796055,35.867155],[140.673477,35.77804],[140.68897,35.768993],[140.716357,35.765515]]]},"properties":{}},"extra":false},
    {"code":1132717,"id":"9f3a44","name":"椎柴","original_name":"椎柴","name_kana":"しいしば","closed":false,"lat":35.765204,"lng":140.758875,"prefecture":12,"lines":[11327],"attr":"cool","postal_code":"288-0863","address":"銚子市野尻町","voronoi":{"type":"Feature","geometry":{"type":"Polygon","coordinates":[[[140.807239,35.871057],[140.734934,35.772204],[140.76521,35.73572],[140.837661,35.837497],[140.863431,35.904636],[140.807239,35.871057]]]},"properties":{}},"extra":false},
    {"code":1131430,"id":"2fc4b0","name":"松岸","original_name":"松岸","name_kana":"まつぎし","closed":false,"lat":35.739386,"lng":140.795143,"prefecture":12,"lines":[11314,11327],"attr":"cool","postal_code":"288-0837","address":"銚子市長塚町","voronoi":{"type":"Feature","geometry":{"type":"Polygon","coordinates":[[[140.837661,35.837497],[140.83203,35.801876],[140.789037,35.661635],[140.757001,35.611925],[140.755918,35.668624],[140.76521,35.73572],[140.837661,35.837497]]]},"properties":{}},"extra":false},
    {"code":1131431,"id":"ecc941","name":"銚子","original_name":"銚子","name_kana":"ちょうし","closed":false,"lat":35.729449,"lng":140.827557,"prefecture":12,"lines":[11314,11327,99335],"attr":"cool","postal_code":"288-0044","address":"銚子市西芝町１丁目","voronoi":{"type":"Feature","geometry":{"type":"Polygon","coordinates":[[[140.789037,35.661635],[140.83203,35.801876],[140.834676,35.768461],[140.827769,35.699891],[140.789037,35.661635]]]},"properties":{}},"extra":false},
    {"code":1132017,"id":"57512c","name":"我孫子","original_name":"我孫子","name_kana":"あびこ","closed":false,"lat":35.87279,"lng":140.010466,"prefecture":12,"lines":[11320,11327],"attr":"cool","postal_code":"270-1151","address":"我孫子市本町２丁目","voronoi":{"type":"Feature","geometry":{"type":"Polygon","coordinates":[[[140.026008,35.895258],[140.018539,35.899017],[140.007934,35.901447],[140.002735,35.901795],[139.996096,35.849234],[139.998563,35.847296],[140.014375,35.838773],[140.025567,35.836775],[140.026008,35.895258]]]},"properties":{}},"extra":false},
    {"code":1132721,"id":"80a035","name":"東我孫子","original_name":"東我孫子","name_kana":"ひがしあびこ","closed":false,"lat":35.868945,"lng":140.047754,"prefecture":12,"lines":[11327],"attr":"cool","postal_code":"270-1137","address":"我孫子市岡発戸","voronoi":{"type":"Feature","geometry":{"type":"Polygon","coordinates":[[[140.04216,35.826173],[140.037719,35.827025],[140.025682,35.8367],[140.051919,35.884222],[140.06342,35.877625],[140.06047,35.827553],[140.04216,35.826173]]]},"properties":{}},"extra":false},
    {"code":1132722,"id":"b7e669","name":"湖北","original_name":"湖北","name_kana":"こほく","closed":false,"lat":35.867165,"lng":140.077959,"prefecture":12,"lines":[11327],"attr":"cool","postal_code":"270-1122","address":"我孫子市中里","voronoi":{"type":"Feature","geometry":{"type":"Polygon","coordinates":[[[140.06047,35.827553],[140.06342,35.877625],[140.096508,35.89507],[140.097407,35.894392],[140.086349,35.827563],[140.085174,35.826893],[140.060768,35.827467],[140.06047,35.827553]]]},"properties":{}},"extra":false},
    {"code":1132723,"id":"034091","name":"新木(千葉)","original_name":"新木","name_kana":"あらき","closed":false,"lat":35.862352,"lng":140.107048,"prefecture":12,"lines":[11327],"attr":"cool","postal_code":"270-1112","address":"我孫子市新木","voronoi":{"type":"Feature","geometry":{"type":"Polygon","coordinates":[[[140.107339,35.830639],[140.086349,35.827563],[140.097407,35.894392],[140.135625,35.887037],[140.107339,35.830639]]]},"properties":{}},"extra":false},
    {"code":1132724,"id":"4b79f1","name":"布佐","original_name":"布佐","name_kana":"ふさ","closed":false,"lat":35.849371,"lng":140.13293,"prefecture":12,"lines":[11327],"attr":"cool","postal_code":"270-1101","address":"我孫子市布佐","voronoi":{"type":"Feature","geometry":{"type":"Polygon","coordinates":[[[140.107339,35.830639],[140.135625,35.887037],[140.136444,35.887206],[140.152624,35.88155],[140.161765,35.874448],[140.12642,35.824134],[140.107339,35.830639]]]},"properties":{}},"extra":false},
    {"code":1132725,"id":"ac015f","name":"木下","original_name":"木下","name_kana":"きおろし","closed":false,"lat":35.838817,"lng":140.147954,"prefecture":12,"lines":[11327],"attr":"cool","postal_code":"270-1326","address":"印西市木下","voronoi":{"type":"Feature","geometry":{"type":"Polygon","coordinates":[[[140.176399,35.867949],[140.161765,35.874448],[140.12642,35.824134],[140.140833,35.812275],[140.169198,35.827547],[140.176399,35.867949]]]},"properties":{}},"extra":false},
    {"code":1132726,"id":"7cc546","name":"小林(千葉)","original_name":"小林","name_kana":"こばやし","closed":false,"lat":35.830783,"lng":140.193028,"prefecture":12,"lines":[11327],"attr":"cool","postal_code":"270-1318","address":"印西市小林","voronoi":{"type":"Feature","geometry":{"type":"Polygon","coordinates":[[[140.169198,35.827547],[140.176399,35.867949],[140.213401,35.87465],[140.219449,35.81413],[140.190242,35.807323],[140.169198,35.827547]]]},"properties":{}},"extra":false},
    {"code":1132727,"id":"36bfbc","name":"安食","original_name":"安食","name_kana":"あじき","closed":false,"lat":35.835682,"lng":140.242051,"prefecture":12,"lines":[11327],"attr":"cool","postal_code":"270-1516","address":"印旛郡栄町安食","voronoi":{"type":"Feature","geometry":{"type":"Polygon","coordinates":[[[140.291491,35.862071],[140.291595,35.864985],[140.268988,35.922773],[140.213401,35.87465],[140.219449,35.81413],[140.240436,35.797164],[140.291491,35.862071]]]},"properties":{}},"extra":false},
    {"code":1132728,"id":"162f71","name":"下総松崎","original_name":"下総松崎","name_kana":"しもうさまんざき","closed":false,"lat":35.807806,"lng":140.27749,"prefecture":12,"lines":[11327],"attr":"cool","postal_code":"286-0841","address":"成田市大竹","voronoi":{"type":"Feature","geometry":{"type":"Polygon","coordinates":[[[140.269854,35.779645],[140.30256,35.83423],[140.291491,35.862071],[140.240436,35.797164],[140.245634,35.778114],[140.269854,35.779645]]]},"properties":{}},"extra":false}
  ],
  "extra":false
}