{
  "code":11325,
  "id":"c628ee",
  "name":"JR内房線",
  "name_kana":"じぇいあーるうちぼうせん",
  "station_size":32,
  "company_code":2,
  "closed":false,
  "color":"#00BFFF",
  "station_list":[
    {"code":1131339,"id":"76a5a4","name":"千葉","original_name":"千葉","name_kana":"ちば","closed":false,"lat":35.612926,"lng":140.113478,"prefecture":12,"lines":[11313,11314,11324,11325,11328,99331,99332],"attr":"cool","postal_code":"260-0031","address":"千葉市中央区新千葉１丁目","voronoi":{"type":"Feature","geometry":{"type":"Polygon","coordinates":[[[140.110371,35.619833],[140.110337,35.619797],[140.111211,35.610667],[140.116049,35.613585],[140.116101,35.616096],[140.110371,35.619833]]]},"properties":{}},"extra":false},
    {"code":1132402,"id":"f4e102","name":"本千葉","original_name":"本千葉","name_kana":"ほんちば","closed":false,"lat":35.601202,"lng":140.120987,"prefecture":12,"lines":[11324,11325],"attr":"cool","postal_code":"260-0854","address":"千葉市中央区長洲町１丁目","voronoi":{"type":"Feature","geometry":{"type":"Polygon","coordinates":[[[140.129708,35.598954],[140.11943,35.588339],[140.104324,35.580619],[140.113072,35.60101],[140.11866,35.603897],[140.129708,35.598954]]]},"properties":{}},"extra":false},
    {"code":1132403,"id":"e91541","name":"蘇我","original_name":"蘇我","name_kana":"そが","closed":false,"lat":35.582065,"lng":140.130767,"prefecture":12,"lines":[11324,11325,11326],"attr":"cool","postal_code":"260-0834","address":"千葉市中央区今井２丁目","voronoi":{"type":"Feature","geometry":{"type":"Polygon","coordinates":[[[140.11943,35.588339],[140.139906,35.584691],[140.141791,35.567647],[140.14161,35.567416],[140.098046,35.565509],[140.091775,35.56697],[140.102376,35.578813],[140.104324,35.580619],[140.11943,35.588339]]]},"properties":{}},"extra":false},
    {"code":1132504,"id":"2fd27f","name":"浜野","original_name":"浜野","name_kana":"はまの","closed":false,"lat":35.551876,"lng":140.132089,"prefecture":12,"lines":[11325],"attr":"cool","postal_code":"260-0825","address":"千葉市中央区村田町","voronoi":{"type":"Feature","geometry":{"type":"Polygon","coordinates":[[[140.14161,35.567416],[140.098046,35.565509],[140.144942,35.529583],[140.148424,35.537031],[140.148852,35.544954],[140.14161,35.567416]]]},"properties":{}},"extra":false},
    {"code":1132505,"id":"d13d13","name":"八幡宿","original_name":"八幡宿","name_kana":"やわたじゅく","closed":false,"lat":35.536189,"lng":140.120072,"prefecture":12,"lines":[11325],"attr":"cool","postal_code":"290-0062","address":"市原市八幡","voronoi":{"type":"Feature","geometry":{"type":"Polygon","coordinates":[[[140.144123,35.510649],[140.124504,35.509139],[140.111762,35.515417],[140.075634,35.562982],[140.091775,35.56697],[140.098046,35.565509],[140.144942,35.529583],[140.144123,35.510649]]]},"properties":{}},"extra":false},
    {"code":1132506,"id":"ee863e","name":"五井","original_name":"五井","name_kana":"ごい","closed":false,"lat":35.512985,"lng":140.089522,"prefecture":12,"lines":[11325,99325],"attr":"cool","postal_code":"290-0056","address":"市原市五井","voronoi":{"type":"Feature","geometry":{"type":"Polygon","coordinates":[[[140.070599,35.488896],[140.018421,35.561391],[140.031024,35.564496],[140.04808,35.566764],[140.075634,35.562982],[140.111762,35.515417],[140.070599,35.488896]]]},"properties":{}},"extra":false},
    {"code":1132507,"id":"d768df","name":"姉ヶ崎","original_name":"姉ヶ崎","name_kana":"あねがさき","closed":false,"lat":35.4786,"lng":140.041749,"prefecture":12,"lines":[11325],"attr":"cool","postal_code":"299-0111","address":"千葉県市原市姉崎528-2","voronoi":{"type":"Feature","geometry":{"type":"Polygon","coordinates":[[[140.062786,35.430904],[140.078964,35.460996],[140.070599,35.488896],[140.018421,35.561391],[139.998618,35.563529],[139.976474,35.563551],[139.974376,35.561966],[139.964813,35.552178],[140.038221,35.432433],[140.062786,35.430904]]]},"properties":{}},"extra":false},
    {"code":1132508,"id":"f00ba2","name":"長浦(千葉)","original_name":"長浦","name_kana":"ながうら","closed":false,"lat":35.450234,"lng":139.995478,"prefecture":12,"lines":[11325],"attr":"cool","postal_code":"299-0243","address":"袖ケ浦市蔵波","voronoi":{"type":"Feature","geometry":{"type":"Polygon","coordinates":[[[139.964813,35.552178],[139.932257,35.532697],[139.98654,35.420785],[140.006272,35.417629],[140.028122,35.426044],[140.038221,35.432433],[139.964813,35.552178]]]},"properties":{}},"extra":false},
    {"code":1132509,"id":"9cbeb4","name":"袖ヶ浦","original_name":"袖ヶ浦","name_kana":"そでがうら","closed":false,"lat":35.431997,"lng":139.95788,"prefecture":12,"lines":[11325],"attr":"cool","postal_code":"299-0263","address":"千葉県袖ケ浦市奈良輪1198","voronoi":{"type":"Feature","geometry":{"type":"Polygon","coordinates":[[[139.98654,35.420785],[139.932257,35.532697],[139.892698,35.518847],[139.885157,35.5072],[139.953884,35.411548],[139.957469,35.410683],[139.976865,35.414339],[139.98654,35.420785]]]},"properties":{}},"extra":false},
    {"code":1132510,"id":"360a5d","name":"巌根","original_name":"巌根","name_kana":"いわね","closed":false,"lat":35.414285,"lng":139.933229,"prefecture":12,"lines":[11325],"attr":"cool","postal_code":"292-0061","address":"木更津市岩根３丁目","voronoi":{"type":"Feature","geometry":{"type":"Polygon","coordinates":[[[139.8467,35.416085],[139.823448,35.436863],[139.885157,35.5072],[139.953884,35.411548],[139.932265,35.39741],[139.8467,35.416085]]]},"properties":{}},"extra":false},
    {"code":1132511,"id":"3a96a9","name":"木更津","original_name":"木更津","name_kana":"きさらづ","closed":false,"lat":35.381668,"lng":139.92611,"prefecture":12,"lines":[11325,11330],"attr":"cool","postal_code":"292-0831","address":"木更津市富士見１丁目","voronoi":{"type":"Feature","geometry":{"type":"Polygon","coordinates":[[[139.8467,35.416085],[139.872526,35.381935],[139.95994,35.326605],[139.955438,35.345704],[139.932265,35.39741],[139.8467,35.416085]]]},"properties":{}},"extra":false},
    {"code":1132512,"id":"025d88","name":"君津","original_name":"君津","name_kana":"きみつ","closed":false,"lat":35.333619,"lng":139.895697,"prefecture":12,"lines":[11325],"attr":"cool","postal_code":"299-1144","address":"君津市東坂田１丁目","voronoi":{"type":"Feature","geometry":{"type":"Polygon","coordinates":[[[139.872526,35.381935],[139.95994,35.326605],[139.971986,35.311923],[139.976338,35.304967],[139.974279,35.287123],[139.969846,35.274493],[139.894494,35.294576],[139.878931,35.30947],[139.872526,35.381935]]]},"properties":{}},"extra":false},
    {"code":1132513,"id":"254a86","name":"青堀","original_name":"青堀","name_kana":"あおほり","closed":false,"lat":35.330304,"lng":139.858189,"prefecture":12,"lines":[11325],"attr":"cool","postal_code":"293-0001","address":"富津市大堀","voronoi":{"type":"Feature","geometry":{"type":"Polygon","coordinates":[[[139.775369,35.404115],[139.757609,35.386147],[139.756851,35.377925],[139.75526,35.353693],[139.772557,35.31676],[139.878931,35.30947],[139.872526,35.381935],[139.8467,35.416085],[139.823448,35.436863],[139.811718,35.43292],[139.811331,35.4327],[139.775369,35.404115]]]},"properties":{}},"extra":false},
    {"code":1132514,"id":"86ff95","name":"大貫","original_name":"大貫","name_kana":"おおぬき","closed":false,"lat":35.291661,"lng":139.855541,"prefecture":12,"lines":[11325],"attr":"cool","postal_code":"293-0036","address":"富津市千種新田","voronoi":{"type":"Feature","geometry":{"type":"Polygon","coordinates":[[[139.825175,35.24939],[139.894494,35.294576],[139.878931,35.30947],[139.772557,35.31676],[139.773909,35.310502],[139.788772,35.259211],[139.825175,35.24939]]]},"properties":{}},"extra":false},
    {"code":1132515,"id":"bd9be4","name":"佐貫町","original_name":"佐貫町","name_kana":"さぬきまち","closed":false,"lat":35.260113,"lng":139.876106,"prefecture":12,"lines":[11325],"attr":"cool","postal_code":"293-0057","address":"富津市亀田","voronoi":{"type":"Feature","geometry":{"type":"Polygon","coordinates":[[[139.969846,35.274493],[139.894494,35.294576],[139.825175,35.24939],[139.828447,35.246986],[139.969765,35.228185],[139.970185,35.269993],[139.969846,35.274493]]]},"properties":{}},"extra":false},
    {"code":1132516,"id":"f61189","name":"上総湊","original_name":"上総湊","name_kana":"かずさみなと","closed":false,"lat":35.221855,"lng":139.871016,"prefecture":12,"lines":[11325],"attr":"cool","postal_code":"299-1607","address":"富津市湊","voronoi":{"type":"Feature","geometry":{"type":"Polygon","coordinates":[[[139.969765,35.228185],[139.828447,35.246986],[139.87133,35.174805],[139.94947,35.142818],[139.957046,35.141572],[139.982176,35.162315],[139.969765,35.228185]]]},"properties":{}},"extra":false},
    {"code":1132517,"id":"a805a8","name":"竹岡","original_name":"竹岡","name_kana":"たけおか","closed":false,"lat":35.197582,"lng":139.830159,"prefecture":12,"lines":[11325],"attr":"heat","postal_code":"299-1622","address":"富津市萩生","voronoi":{"type":"Feature","geometry":{"type":"Polygon","coordinates":[[[139.828447,35.246986],[139.825175,35.24939],[139.788772,35.259211],[139.763654,35.204992],[139.762417,35.200299],[139.861105,35.173355],[139.87133,35.174805],[139.828447,35.246986]]]},"properties":{}},"extra":false},
    {"code":1132518,"id":"bd616b","name":"浜金谷","original_name":"浜金谷","name_kana":"はまかなや","closed":false,"lat":35.168215,"lng":139.822141,"prefecture":12,"lines":[11325],"attr":"heat","postal_code":"299-1861","address":"富津市金谷","voronoi":{"type":"Feature","geometry":{"type":"Polygon","coordinates":[[[139.731747,35.121188],[139.73221,35.123593],[139.7481,35.17308],[139.762417,35.200299],[139.861105,35.173355],[139.796172,35.134561],[139.731747,35.121188]]]},"properties":{}},"extra":false},
    {"code":1132519,"id":"cef137","name":"保田(千葉)","original_name":"保田","name_kana":"ほた","closed":false,"lat":35.14148,"lng":139.838114,"prefecture":12,"lines":[11325],"attr":"heat","postal_code":"299-1902","address":"安房郡鋸南町保田","voronoi":{"type":"Feature","geometry":{"type":"Polygon","coordinates":[[[139.94947,35.142818],[139.865862,35.122571],[139.796172,35.134561],[139.861105,35.173355],[139.87133,35.174805],[139.94947,35.142818]]]},"properties":{}},"extra":false},
    {"code":1132520,"id":"6c6383","name":"安房勝山","original_name":"安房勝山","name_kana":"あわかつやま","closed":false,"lat":35.114022,"lng":139.83339,"prefecture":12,"lines":[11325],"attr":"heat","postal_code":"299-2118","address":"安房郡鋸南町竜島","voronoi":{"type":"Feature","geometry":{"type":"Polygon","coordinates":[[[139.710762,35.071951],[139.727594,35.112916],[139.731747,35.121188],[139.796172,35.134561],[139.865862,35.122571],[139.809558,35.078385],[139.710762,35.071951]]]},"properties":{}},"extra":false},
    {"code":1132521,"id":"d0b1c5","name":"岩井","original_name":"岩井","name_kana":"いわい","closed":false,"lat":35.093062,"lng":139.849839,"prefecture":12,"lines":[11325],"attr":"heat","postal_code":"299-2226","address":"南房総市市部","voronoi":{"type":"Feature","geometry":{"type":"Polygon","coordinates":[[[139.923259,35.072763],[139.951716,35.123896],[139.957046,35.141572],[139.94947,35.142818],[139.865862,35.122571],[139.809558,35.078385],[139.874984,35.061614],[139.907158,35.062391],[139.923259,35.072763]]]},"properties":{}},"extra":false},
    {"code":1132522,"id":"b23a55","name":"富浦(千葉)","original_name":"富浦","name_kana":"とみうら","closed":false,"lat":35.04614,"lng":139.837811,"prefecture":12,"lines":[11325],"attr":"heat","postal_code":"299-2403","address":"南房総市富浦町原岡","voronoi":{"type":"Feature","geometry":{"type":"Polygon","coordinates":[[[139.874984,35.061614],[139.783567,34.989255],[139.600461,34.901503],[139.70555,35.065169],[139.710762,35.071951],[139.809558,35.078385],[139.874984,35.061614]]]},"properties":{}},"extra":false},
    {"code":1132523,"id":"59a22e","name":"那古船形","original_name":"那古船形","name_kana":"なこふなかた","closed":false,"lat":35.028987,"lng":139.851388,"prefecture":12,"lines":[11325],"attr":"heat","postal_code":"294-0056","address":"館山市船形","voronoi":{"type":"Feature","geometry":{"type":"Polygon","coordinates":[[[139.885817,35.021703],[139.783567,34.989255],[139.874984,35.061614],[139.907158,35.062391],[139.885817,35.021703]]]},"properties":{}},"extra":false},
    {"code":1132524,"id":"af8618","name":"館山","original_name":"館山","name_kana":"たてやま","closed":false,"lat":34.9959,"lng":139.861888,"prefecture":12,"lines":[11325],"attr":"eco","postal_code":"294-0045","address":"館山市北条","voronoi":{"type":"Feature","geometry":{"type":"Polygon","coordinates":[[[139.699684,33.977175],[139.889892,34.897203],[139.885817,35.021703],[139.783567,34.989255],[139.600461,34.901503],[139.515422,34.794426],[139.526246,34.702364],[139.550873,34.530429],[139.608418,34.293076],[139.670382,34.062196],[139.699684,33.977175]]]},"properties":{}},"extra":false},
    {"code":1132525,"id":"322d09","name":"九重","original_name":"九重","name_kana":"ここのえ","closed":false,"lat":34.99752,"lng":139.911383,"prefecture":12,"lines":[11325],"attr":"eco","postal_code":"294-0011","address":"館山市二子","voronoi":{"type":"Feature","geometry":{"type":"Polygon","coordinates":[[[139.907158,35.062391],[139.885817,35.021703],[139.889892,34.897203],[139.939508,35.000541],[139.941569,35.020021],[139.923259,35.072763],[139.907158,35.062391]]]},"properties":{}},"extra":false},
    {"code":1132526,"id":"4f6dd7","name":"千倉","original_name":"千倉","name_kana":"ちくら","closed":false,"lat":34.976704,"lng":139.954738,"prefecture":12,"lines":[11325],"attr":"eco","postal_code":"295-0004","address":"南房総市千倉町瀬戸","voronoi":{"type":"Feature","geometry":{"type":"LineString","coordinates":[[143.808705,20.0],[139.699684,33.977175],[139.889892,34.897203],[139.939508,35.000541],[140.163852,34.826414],[140.282,34.68007],[141.048824,33.206028],[147.552665,20.0]]},"properties":{}},"extra":false},
    {"code":1132527,"id":"62ccdd","name":"千歳(千葉)","original_name":"千歳","name_kana":"ちとせ","closed":false,"lat":34.991701,"lng":139.966378,"prefecture":12,"lines":[11325],"attr":"eco","postal_code":"295-0003","address":"南房総市千倉町白子","voronoi":{"type":"Feature","geometry":{"type":"Polygon","coordinates":[[[139.939508,35.000541],[139.941569,35.020021],[140.023827,34.984091],[140.130383,34.87115],[140.163852,34.826414],[139.939508,35.000541]]]},"properties":{}},"extra":false},
    {"code":1132528,"id":"7366df","name":"南三原","original_name":"南三原","name_kana":"みなみはら","closed":false,"lat":35.021065,"lng":139.979204,"prefecture":12,"lines":[11325],"attr":"eco","postal_code":"299-2713","address":"南房総市和田町松田","voronoi":{"type":"Feature","geometry":{"type":"Polygon","coordinates":[[[139.951716,35.123896],[139.923259,35.072763],[139.941569,35.020021],[140.023827,34.984091],[139.951716,35.123896]]]},"properties":{}},"extra":false},
    {"code":1132529,"id":"f3a0fa","name":"和田浦","original_name":"和田浦","name_kana":"わだうら","closed":false,"lat":35.041885,"lng":140.019569,"prefecture":12,"lines":[11325],"attr":"eco","postal_code":"299-2703","address":"南房総市和田町仁我浦","voronoi":{"type":"Feature","geometry":{"type":"Polygon","coordinates":[[[139.951716,35.123896],[139.957046,35.141572],[139.982176,35.162315],[139.985886,35.161552],[140.130383,34.87115],[140.023827,34.984091],[139.951716,35.123896]]]},"properties":{}},"extra":false},
    {"code":1132530,"id":"b1b467","name":"江見","original_name":"江見","name_kana":"えみ","closed":false,"lat":35.062513,"lng":140.061026,"prefecture":12,"lines":[11325],"attr":"eco","postal_code":"299-2841","address":"鴨川市西江見","voronoi":{"type":"Feature","geometry":{"type":"Polygon","coordinates":[[[140.269831,34.716254],[140.282,34.68007],[140.163852,34.826414],[140.130383,34.87115],[139.985886,35.161552],[139.993697,35.161432],[140.003192,35.159849],[140.060591,35.105529],[140.269831,34.716254]]]},"properties":{}},"extra":false},
    {"code":1132531,"id":"601542","name":"太海","original_name":"太海","name_kana":"ふとみ","closed":false,"lat":35.081435,"lng":140.096229,"prefecture":12,"lines":[11325],"attr":"eco","postal_code":"296-0000","address":"鴨川市太海","voronoi":{"type":"Feature","geometry":{"type":"Polygon","coordinates":[[[140.269831,34.716254],[140.060591,35.105529],[140.140901,35.082893],[140.180866,35.030023],[140.181869,35.02802],[140.269831,34.716254]]]},"properties":{}},"extra":false},
    {"code":1132427,"id":"60cbc8","name":"安房鴨川","original_name":"安房鴨川","name_kana":"あわかもがわ","closed":false,"lat":35.107465,"lng":140.103566,"prefecture":12,"lines":[11324,11325],"attr":"eco","postal_code":"296-0001","address":"鴨川市横渚","voronoi":{"type":"Feature","geometry":{"type":"Polygon","coordinates":[[[140.140901,35.082893],[140.109473,35.17176],[140.003192,35.159849],[140.060591,35.105529],[140.140901,35.082893]]]},"properties":{}},"extra":false}
  ],
  "extra":false
}