{
  "code":11338,
  "id":86,
  "name":"JR水郡線",
  "name_kana":"じぇいあーるすいぐんせん",
  "station_size":46,
  "company_code":2,
  "closed":false,
  "color":"#368C44",
  "station_list":[
    {"code":1122917,"id":1137,"name":"水戸","original_name":"水戸","name_kana":"みと","closed":false,"lat":36.370911,"lng":140.47676,"prefecture":8,"lines":[11229,11338,99323],"attr":"eco","postal_code":"310-0015","address":"水戸市宮町１丁目","voronoi":{"type":"Feature","geometry":{"type":"Polygon","coordinates":[[[140.473495,36.37156],[140.477632,36.371329],[140.480221,36.364979],[140.480248,36.364362],[140.462566,36.333919],[140.465679,36.363836],[140.466884,36.365437],[140.473495,36.37156]]]},"properties":{}},"extra":false},
    {"code":1133802,"id":1827,"name":"常陸青柳","original_name":"常陸青柳","name_kana":"ひたちあおやぎ","closed":false,"lat":36.383582,"lng":140.484495,"prefecture":8,"lines":[11338],"attr":"eco","postal_code":"312-0035","address":"ひたちなか市枝川","voronoi":{"type":"Feature","geometry":{"type":"Polygon","coordinates":[[[140.472984,36.388398],[140.47494,36.384266],[140.478833,36.379176],[140.484077,36.377358],[140.490752,36.376637],[140.493519,36.377119],[140.50457,36.385382],[140.503953,36.390858],[140.502781,36.395341],[140.471442,36.392935],[140.471472,36.392811],[140.472984,36.388398]]]},"properties":{}},"extra":false},
    {"code":1133803,"id":1828,"name":"常陸津田","original_name":"常陸津田","name_kana":"ひたちつだ","closed":false,"lat":36.404171,"lng":140.482914,"prefecture":8,"lines":[11338],"attr":"eco","postal_code":"312-0032","address":"ひたちなか市津田","voronoi":{"type":"Feature","geometry":{"type":"Polygon","coordinates":[[[140.463143,36.405236],[140.467306,36.396054],[140.467641,36.395753],[140.471442,36.392935],[140.502781,36.395341],[140.505651,36.407109],[140.458859,36.423788],[140.459502,36.4192],[140.463143,36.405236]]]},"properties":{}},"extra":false},
    {"code":1133804,"id":1829,"name":"後台","original_name":"後台","name_kana":"ごだい","closed":false,"lat":36.423767,"lng":140.489899,"prefecture":8,"lines":[11338],"attr":"eco","postal_code":"311-0111","address":"那珂市後台","voronoi":{"type":"Feature","geometry":{"type":"Polygon","coordinates":[[[140.458523,36.438792],[140.452484,36.436006],[140.458859,36.423788],[140.505651,36.407109],[140.5162,36.419379],[140.515979,36.421065],[140.470013,36.437361],[140.458523,36.438792]]]},"properties":{}},"extra":false},
    {"code":1133805,"id":1830,"name":"下菅谷","original_name":"下菅谷","name_kana":"しもすがや","closed":false,"lat":36.435394,"lng":140.494021,"prefecture":8,"lines":[11338],"attr":"eco","postal_code":"311-0105","address":"那珂市菅谷","voronoi":{"type":"Feature","geometry":{"type":"Polygon","coordinates":[[[140.470013,36.437361],[140.515979,36.421065],[140.518433,36.443939],[140.470013,36.437361]]]},"properties":{}},"extra":false},
    {"code":1133806,"id":1831,"name":"中菅谷","original_name":"中菅谷","name_kana":"なかすがや","closed":false,"lat":36.445662,"lng":140.492626,"prefecture":8,"lines":[11338],"attr":"eco","postal_code":"311-0105","address":"那珂市菅谷","voronoi":{"type":"Feature","geometry":{"type":"Polygon","coordinates":[[[140.518433,36.443939],[140.520501,36.450425],[140.471065,36.450593],[140.458523,36.438792],[140.470013,36.437361],[140.518433,36.443939]]]},"properties":{}},"extra":false},
    {"code":1133807,"id":1832,"name":"上菅谷","original_name":"上菅谷","name_kana":"かみすがや","closed":false,"lat":36.455378,"lng":140.492659,"prefecture":8,"lines":[11338],"attr":"eco","postal_code":"311-0105","address":"那珂市菅谷","voronoi":{"type":"Feature","geometry":{"type":"Polygon","coordinates":[[[140.471065,36.450593],[140.520501,36.450425],[140.524792,36.458642],[140.483827,36.469473],[140.471065,36.450593]]]},"properties":{}},"extra":false},
    {"code":1133808,"id":1833,"name":"南酒出","original_name":"南酒出","name_kana":"みなみさかいで","closed":false,"lat":36.477361,"lng":140.498471,"prefecture":8,"lines":[11338],"attr":"eco","postal_code":"311-0132","address":"那珂市南酒出","voronoi":{"type":"Feature","geometry":{"type":"Polygon","coordinates":[[[140.479892,36.494139],[140.483827,36.469473],[140.524792,36.458642],[140.530579,36.46382],[140.479892,36.494139]]]},"properties":{}},"extra":false},
    {"code":1133809,"id":1834,"name":"額田(茨城)","original_name":"額田","name_kana":"ぬかだ","closed":false,"lat":36.485705,"lng":140.503462,"prefecture":8,"lines":[11338],"attr":"eco","postal_code":"311-0100","address":"那珂市額田南郷","voronoi":{"type":"Feature","geometry":{"type":"Polygon","coordinates":[[[140.47841,36.498154],[140.479892,36.494139],[140.530579,36.46382],[140.530898,36.464034],[140.536464,36.481112],[140.482046,36.514088],[140.47841,36.498154]]]},"properties":{}},"extra":false},
    {"code":1133810,"id":1835,"name":"河合","original_name":"河合","name_kana":"かわい","closed":false,"lat":36.508241,"lng":140.517118,"prefecture":8,"lines":[11338],"attr":"eco","postal_code":"313-0046","address":"常陸太田市上河合町","voronoi":{"type":"Feature","geometry":{"type":"Polygon","coordinates":[[[140.540776,36.500518],[140.492327,36.533691],[140.477934,36.540361],[140.482046,36.514088],[140.536464,36.481112],[140.546264,36.492251],[140.540776,36.500518]]]},"properties":{}},"extra":false},
    {"code":1133811,"id":1836,"name":"谷河原","original_name":"谷河原","name_kana":"やがわら","closed":false,"lat":36.519782,"lng":140.52502,"prefecture":8,"lines":[11338],"attr":"eco","postal_code":"313-0042","address":"常陸太田市磯部町","voronoi":{"type":"Feature","geometry":{"type":"Polygon","coordinates":[[[140.492327,36.533691],[140.533548,36.523785],[140.540776,36.500518],[140.492327,36.533691]]]},"properties":{}},"extra":false},
    {"code":1133812,"id":1837,"name":"常陸太田","original_name":"常陸太田","name_kana":"ひたちおおた","closed":false,"lat":36.531225,"lng":140.52777,"prefecture":8,"lines":[11338],"attr":"eco","postal_code":"313-0013","address":"常陸太田市山下町","voronoi":{"type":"Feature","geometry":{"type":"Polygon","coordinates":[[[140.533571,36.523843],[140.481798,36.601342],[140.478177,36.596435],[140.472443,36.555937],[140.474753,36.547723],[140.477934,36.540361],[140.492327,36.533691],[140.533548,36.523785],[140.533571,36.523843]]]},"properties":{}},"extra":false},
    {"code":1133813,"id":1838,"name":"常陸鴻巣","original_name":"常陸鴻巣","name_kana":"ひたちこうのす","closed":false,"lat":36.472414,"lng":140.467455,"prefecture":8,"lines":[11338],"attr":"eco","postal_code":"311-0133","address":"那珂市鴻巣","voronoi":{"type":"Feature","geometry":{"type":"Polygon","coordinates":[[[140.479892,36.494139],[140.47841,36.498154],[140.434471,36.468706],[140.44798,36.440386],[140.4512,36.436463],[140.452484,36.436006],[140.458523,36.438792],[140.471065,36.450593],[140.483827,36.469473],[140.479892,36.494139]]]},"properties":{}},"extra":false},
    {"code":1133814,"id":1839,"name":"瓜連","original_name":"瓜連","name_kana":"うりづら","closed":false,"lat":36.497805,"lng":140.450438,"prefecture":8,"lines":[11338],"attr":"eco","postal_code":"319-2102","address":"那珂市瓜連","voronoi":{"type":"Feature","geometry":{"type":"Polygon","coordinates":[[[140.47841,36.498154],[140.434471,36.468706],[140.426292,36.474887],[140.474753,36.547723],[140.477934,36.540361],[140.482046,36.514088],[140.47841,36.498154]]]},"properties":{}},"extra":false},
    {"code":1133815,"id":1840,"name":"静","original_name":"静","name_kana":"しず","closed":false,"lat":36.506012,"lng":140.438103,"prefecture":8,"lines":[11338],"attr":"heat","postal_code":"319-2107","address":"那珂市下大賀","voronoi":{"type":"Feature","geometry":{"type":"Polygon","coordinates":[[[140.403777,36.513503],[140.402361,36.503503],[140.402588,36.501558],[140.423874,36.475975],[140.426292,36.474887],[140.474753,36.547723],[140.472443,36.555937],[140.403777,36.513503]]]},"properties":{}},"extra":false},
    {"code":1133816,"id":1841,"name":"常陸大宮","original_name":"常陸大宮","name_kana":"ひたちおおみや","closed":false,"lat":36.547554,"lng":140.412431,"prefecture":8,"lines":[11338],"attr":"heat","postal_code":"319-2200","address":"常陸大宮市南町９６６","voronoi":{"type":"Feature","geometry":{"type":"Polygon","coordinates":[[[140.478177,36.596435],[140.437337,36.590506],[140.405948,36.578502],[140.379866,36.546991],[140.380097,36.546137],[140.403777,36.513503],[140.472443,36.555937],[140.478177,36.596435]]]},"properties":{}},"extra":false},
    {"code":1133817,"id":1842,"name":"玉川村","original_name":"玉川村","name_kana":"たまがわむら","closed":false,"lat":36.579088,"lng":140.374334,"prefecture":8,"lines":[11338],"attr":"heat","postal_code":"319-2224","address":"常陸大宮市東野","voronoi":{"type":"Feature","geometry":{"type":"Polygon","coordinates":[[[140.319262,36.629603],[140.29502,36.636121],[140.278065,36.638515],[140.359734,36.55657],[140.379866,36.546991],[140.405948,36.578502],[140.319262,36.629603]]]},"properties":{}},"extra":false},
    {"code":1133818,"id":1843,"name":"野上原","original_name":"野上原","name_kana":"のがみはら","closed":false,"lat":36.605879,"lng":140.390127,"prefecture":8,"lines":[11338],"attr":"heat","postal_code":"319-3114","address":"常陸大宮市野上","voronoi":{"type":"Feature","geometry":{"type":"Polygon","coordinates":[[[140.319262,36.629603],[140.405948,36.578502],[140.437337,36.590506],[140.376631,36.626554],[140.319262,36.629603]]]},"properties":{}},"extra":false},
    {"code":1133819,"id":1844,"name":"山方宿","original_name":"山方宿","name_kana":"やまがたじゅく","closed":false,"lat":36.6246,"lng":140.401244,"prefecture":8,"lines":[11338],"attr":"heat","postal_code":"319-3111","address":"常陸大宮市山方","voronoi":{"type":"Feature","geometry":{"type":"Polygon","coordinates":[[[140.535681,36.689606],[140.513442,36.684969],[140.376631,36.626554],[140.437337,36.590506],[140.478177,36.596435],[140.481798,36.601342],[140.536253,36.676477],[140.535681,36.689606]]]},"properties":{}},"extra":false},
    {"code":1133820,"id":1845,"name":"中舟生","original_name":"中舟生","name_kana":"なかふにゅう","closed":false,"lat":36.645683,"lng":140.392242,"prefecture":8,"lines":[11338],"attr":"heat","postal_code":"319-3107","address":"常陸大宮市舟生堂下","voronoi":{"type":"Feature","geometry":{"type":"Polygon","coordinates":[[[140.513442,36.684969],[140.512405,36.684849],[140.29502,36.636121],[140.319262,36.629603],[140.376631,36.626554],[140.513442,36.684969]]]},"properties":{}},"extra":false},
    {"code":1133821,"id":1846,"name":"下小川","original_name":"下小川","name_kana":"しもおがわ","closed":false,"lat":36.668975,"lng":140.387021,"prefecture":8,"lines":[11338],"attr":"heat","postal_code":"319-3102","address":"常陸大宮市盛金","voronoi":{"type":"Feature","geometry":{"type":"Polygon","coordinates":[[[140.29502,36.636121],[140.278065,36.638515],[140.272566,36.640675],[140.269812,36.675164],[140.301336,36.680446],[140.512405,36.684849],[140.29502,36.636121]]]},"properties":{}},"extra":false},
    {"code":1133822,"id":1847,"name":"西金","original_name":"西金","name_kana":"さいがね","closed":false,"lat":36.69548,"lng":140.386468,"prefecture":8,"lines":[11338],"attr":"cool","postal_code":"319-3362","address":"久慈郡大子町大字西金","voronoi":{"type":"Feature","geometry":{"type":"Polygon","coordinates":[[[140.513442,36.684969],[140.535681,36.689606],[140.537602,36.699015],[140.541176,36.74348],[140.464802,36.734604],[140.301336,36.680446],[140.512405,36.684849],[140.513442,36.684969]]]},"properties":{}},"extra":false},
    {"code":1133823,"id":1848,"name":"上小川","original_name":"上小川","name_kana":"かみおがわ","closed":false,"lat":36.719216,"lng":140.378604,"prefecture":8,"lines":[11338],"attr":"cool","postal_code":"319-3361","address":"久慈郡大子町大字頃藤","voronoi":{"type":"Feature","geometry":{"type":"Polygon","coordinates":[[[140.351373,36.737731],[140.264912,36.691092],[140.269812,36.675164],[140.301336,36.680446],[140.464802,36.734604],[140.351373,36.737731]]]},"properties":{}},"extra":false},
    {"code":1133824,"id":1849,"name":"袋田","original_name":"袋田","name_kana":"ふくろだ","closed":false,"lat":36.754718,"lng":140.379583,"prefecture":8,"lines":[11338],"attr":"cool","postal_code":"319-3523","address":"久慈郡大子町袋田","voronoi":{"type":"Feature","geometry":{"type":"Polygon","coordinates":[[[140.541176,36.74348],[140.464802,36.734604],[140.351373,36.737731],[140.377739,36.785253],[140.456678,36.790816],[140.460297,36.790219],[140.54515,36.758104],[140.541176,36.74348]]]},"properties":{}},"extra":false},
    {"code":1133825,"id":1850,"name":"常陸大子","original_name":"常陸大子","name_kana":"ひたちだいご","closed":false,"lat":36.770657,"lng":140.350855,"prefecture":8,"lines":[11338],"attr":"cool","postal_code":"319-3526","address":"久慈郡大子町大字大子","voronoi":{"type":"Feature","geometry":{"type":"Polygon","coordinates":[[[140.214934,36.772497],[140.264912,36.691092],[140.351373,36.737731],[140.377739,36.785253],[140.247115,36.856021],[140.214934,36.772497]]]},"properties":{}},"extra":false},
    {"code":1133826,"id":1851,"name":"下野宮","original_name":"下野宮","name_kana":"しものみや","closed":false,"lat":36.815744,"lng":140.375282,"prefecture":8,"lines":[11338],"attr":"cool","postal_code":"319-3555","address":"久慈郡大子町大字下野宮","voronoi":{"type":"Feature","geometry":{"type":"Polygon","coordinates":[[[140.247115,36.856021],[140.377739,36.785253],[140.456678,36.790816],[140.256427,36.908462],[140.247115,36.856021]]]},"properties":{}},"extra":false},
    {"code":1133827,"id":1852,"name":"矢祭山","original_name":"矢祭山","name_kana":"やまつりやま","closed":false,"lat":36.84978,"lng":140.395278,"prefecture":7,"lines":[11338],"attr":"cool","postal_code":"963-5322","address":"東白川郡矢祭町大字内川","voronoi":{"type":"Feature","geometry":{"type":"Polygon","coordinates":[[[140.275883,36.923891],[140.278931,36.923421],[140.365958,36.891554],[140.3973,36.876441],[140.460297,36.790219],[140.456678,36.790816],[140.256427,36.908462],[140.257104,36.923694],[140.275883,36.923891]]]},"properties":{}},"extra":false},
    {"code":1133828,"id":1853,"name":"東館","original_name":"東館","name_kana":"ひがしだて","closed":false,"lat":36.870264,"lng":140.423314,"prefecture":7,"lines":[11338],"attr":"cool","postal_code":"963-5118","address":"東白川郡矢祭町大字東舘","voronoi":{"type":"Feature","geometry":{"type":"Polygon","coordinates":[[[140.3973,36.876441],[140.591972,36.92768],[140.602917,36.930234],[140.603775,36.90734],[140.587689,36.842039],[140.566321,36.786092],[140.54515,36.758104],[140.460297,36.790219],[140.3973,36.876441]]]},"properties":{}},"extra":false},
    {"code":1133829,"id":1854,"name":"南石井","original_name":"南石井","name_kana":"みなみいしい","closed":false,"lat":36.894625,"lng":140.416902,"prefecture":7,"lines":[11338],"attr":"cool","postal_code":"963-5202","address":"東白川郡矢祭町下石井","voronoi":{"type":"Feature","geometry":{"type":"Polygon","coordinates":[[[140.591972,36.92768],[140.365958,36.891554],[140.3973,36.876441],[140.591972,36.92768]]]},"properties":{}},"extra":false},
    {"code":1133830,"id":1855,"name":"磐城石井","original_name":"磐城石井","name_kana":"いわきいしい","closed":false,"lat":36.904516,"lng":140.415321,"prefecture":7,"lines":[11338],"attr":"cool","postal_code":"963-5201","address":"東白川郡矢祭町大字中石井","voronoi":{"type":"Feature","geometry":{"type":"Polygon","coordinates":[[[140.603629,36.943052],[140.278931,36.923421],[140.365958,36.891554],[140.591972,36.92768],[140.602917,36.930234],[140.603629,36.943052]]]},"properties":{}},"extra":false},
    {"code":1133831,"id":1856,"name":"磐城塙","original_name":"磐城塙","name_kana":"いわきはなわ","closed":false,"lat":36.95862,"lng":140.41205,"prefecture":7,"lines":[11338],"attr":"cool","postal_code":"963-5400","address":"東白川郡塙町宮田","voronoi":{"type":"Feature","geometry":{"type":"Polygon","coordinates":[[[140.494784,37.017669],[140.47971,37.013232],[140.275883,36.923891],[140.278931,36.923421],[140.603629,36.943052],[140.605544,36.952648],[140.61175,37.015469],[140.494784,37.017669]]]},"properties":{}},"extra":false},
    {"code":1133832,"id":1857,"name":"近津","original_name":"近津","name_kana":"ちかつ","closed":false,"lat":37.000487,"lng":140.393699,"prefecture":7,"lines":[11338],"attr":"cool","postal_code":"963-5671","address":"東白川郡棚倉町大字寺山","voronoi":{"type":"Feature","geometry":{"type":"Polygon","coordinates":[[[140.363148,37.010868],[140.264488,36.984449],[140.252667,36.932713],[140.257104,36.923694],[140.275883,36.923891],[140.47971,37.013232],[140.363148,37.010868]]]},"properties":{}},"extra":false},
    {"code":1133833,"id":1858,"name":"中豊","original_name":"中豊","name_kana":"なかとよ","closed":false,"lat":37.022479,"lng":140.393253,"prefecture":7,"lines":[11338],"attr":"cool","postal_code":"963-5663","address":"東白川郡棚倉町大字流","voronoi":{"type":"Feature","geometry":{"type":"Polygon","coordinates":[[[140.363148,37.010868],[140.414947,37.04703],[140.494784,37.017669],[140.47971,37.013232],[140.363148,37.010868]]]},"properties":{}},"extra":false},
    {"code":1133834,"id":1859,"name":"磐城棚倉","original_name":"磐城棚倉","name_kana":"いわきたなくら","closed":false,"lat":37.035127,"lng":140.384423,"prefecture":7,"lines":[11338],"attr":"cool","postal_code":"963-6131","address":"東白川郡棚倉町大字棚倉","voronoi":{"type":"Feature","geometry":{"type":"Polygon","coordinates":[[[140.27282,37.025861],[140.3162,37.07905],[140.341228,37.096395],[140.414947,37.04703],[140.363148,37.010868],[140.264488,36.984449],[140.266126,37.003334],[140.27282,37.025861]]]},"properties":{}},"extra":false},
    {"code":1133835,"id":1860,"name":"磐城浅川","original_name":"磐城浅川","name_kana":"いわきあさかわ","closed":false,"lat":37.079787,"lng":140.414329,"prefecture":7,"lines":[11338],"attr":"cool","postal_code":"963-6204","address":"石川郡浅川町大字浅川","voronoi":{"type":"Feature","geometry":{"type":"Polygon","coordinates":[[[140.61175,37.015469],[140.613756,37.020286],[140.478972,37.085942],[140.342939,37.098905],[140.341228,37.096395],[140.414947,37.04703],[140.494784,37.017669],[140.61175,37.015469]]]},"properties":{}},"extra":false},
    {"code":1133836,"id":1861,"name":"里白石","original_name":"里白石","name_kana":"さとしらいし","closed":false,"lat":37.104195,"lng":140.416655,"prefecture":7,"lines":[11338],"attr":"cool","postal_code":"963-6202","address":"石川郡浅川町里白石宿裏","voronoi":{"type":"Feature","geometry":{"type":"Polygon","coordinates":[[[140.342939,37.098905],[140.363034,37.142553],[140.365995,37.142918],[140.406218,37.140475],[140.478972,37.085942],[140.342939,37.098905]]]},"properties":{}},"extra":false},
    {"code":1133837,"id":1862,"name":"磐城石川","original_name":"磐城石川","name_kana":"いわきいしかわ","closed":false,"lat":37.140635,"lng":140.443969,"prefecture":7,"lines":[11338],"attr":"heat","postal_code":"963-7857","address":"石川郡石川町当町","voronoi":{"type":"Feature","geometry":{"type":"Polygon","coordinates":[[[140.406218,37.140475],[140.530034,37.222802],[140.567061,37.170051],[140.619344,37.068444],[140.625548,37.039181],[140.613756,37.020286],[140.478972,37.085942],[140.406218,37.140475]]]},"properties":{}},"extra":false},
    {"code":1133838,"id":1863,"name":"野木沢","original_name":"野木沢","name_kana":"のぎさわ","closed":false,"lat":37.175224,"lng":140.42097,"prefecture":7,"lines":[11338],"attr":"heat","postal_code":"963-7837","address":"石川郡石川町大字中野","voronoi":{"type":"Feature","geometry":{"type":"Polygon","coordinates":[[[140.530034,37.222802],[140.406218,37.140475],[140.365995,37.142918],[140.436692,37.204268],[140.5002,37.229627],[140.527844,37.227496],[140.530034,37.222802]]]},"properties":{}},"extra":false},
    {"code":1133839,"id":1864,"name":"川辺沖","original_name":"川辺沖","name_kana":"かわべおき","closed":false,"lat":37.192794,"lng":140.405723,"prefecture":7,"lines":[11338],"attr":"heat","postal_code":"963-6313","address":"石川郡玉川村大字川辺","voronoi":{"type":"Feature","geometry":{"type":"Polygon","coordinates":[[[140.365995,37.142918],[140.436692,37.204268],[140.367471,37.202883],[140.359523,37.153427],[140.363034,37.142553],[140.365995,37.142918]]]},"properties":{}},"extra":false},
    {"code":1133840,"id":1865,"name":"泉郷","original_name":"泉郷","name_kana":"いずみごう","closed":false,"lat":37.214494,"lng":140.405289,"prefecture":7,"lines":[11338],"attr":"heat","postal_code":"963-6312","address":"石川郡玉川村大字小高","voronoi":{"type":"Feature","geometry":{"type":"Polygon","coordinates":[[[140.365884,37.216208],[140.367471,37.202883],[140.436692,37.204268],[140.5002,37.229627],[140.462091,37.241364],[140.382301,37.242699],[140.365884,37.216208]]]},"properties":{}},"extra":false},
    {"code":1133841,"id":1866,"name":"川東(福島)","original_name":"川東","name_kana":"かわひがし","closed":false,"lat":37.270119,"lng":140.40622,"prefecture":7,"lines":[11338],"attr":"heat","postal_code":"962-0727","address":"須賀川市大字小作田","voronoi":{"type":"Feature","geometry":{"type":"Polygon","coordinates":[[[140.401211,37.298918],[140.374005,37.26812],[140.382301,37.242699],[140.462091,37.241364],[140.401211,37.298918]]]},"properties":{}},"extra":false},
    {"code":1133842,"id":1867,"name":"小塩江","original_name":"小塩江","name_kana":"おしおえ","closed":false,"lat":37.295533,"lng":140.430246,"prefecture":7,"lines":[11338],"attr":"heat","postal_code":"962-0711","address":"須賀川市大字塩田","voronoi":{"type":"Feature","geometry":{"type":"Polygon","coordinates":[[[140.534738,37.299643],[140.407372,37.305743],[140.401444,37.301746],[140.401211,37.298918],[140.462091,37.241364],[140.5002,37.229627],[140.527844,37.227496],[140.534738,37.299643]]]},"properties":{}},"extra":false},
    {"code":1133843,"id":1868,"name":"谷田川","original_name":"谷田川","name_kana":"やたがわ","closed":false,"lat":37.31372,"lng":140.431117,"prefecture":7,"lines":[11338],"attr":"eco","postal_code":"963-1246","address":"郡山市田村町谷田川","voronoi":{"type":"Feature","geometry":{"type":"Polygon","coordinates":[[[140.534738,37.299643],[140.407372,37.305743],[140.448154,37.364639],[140.509685,37.362275],[140.527595,37.350827],[140.529984,37.348174],[140.534141,37.341389],[140.537844,37.331269],[140.539172,37.323682],[140.534738,37.299643]]]},"properties":{}},"extra":false},
    {"code":1133844,"id":1869,"name":"磐城守山","original_name":"磐城守山","name_kana":"いわきもりやま","closed":false,"lat":37.330776,"lng":140.406485,"prefecture":7,"lines":[11338],"attr":"eco","postal_code":"963-1154","address":"郡山市田村町岩作","voronoi":{"type":"Feature","geometry":{"type":"Polygon","coordinates":[[[140.401444,37.301746],[140.377356,37.329024],[140.40299,37.365768],[140.426676,37.371784],[140.448154,37.364639],[140.407372,37.305743],[140.401444,37.301746]]]},"properties":{}},"extra":false},
    {"code":1123113,"id":1199,"name":"安積永盛","original_name":"安積永盛","name_kana":"あさかながもり","closed":false,"lat":37.356967,"lng":140.368943,"prefecture":7,"lines":[11231,11338],"attr":"heat","postal_code":"963-0108","address":"郡山市笹川３丁目","voronoi":{"type":"Feature","geometry":{"type":"Polygon","coordinates":[[[140.266018,37.322986],[140.212962,37.334039],[140.268799,37.378358],[140.274522,37.381282],[140.30173,37.389042],[140.356398,37.38885],[140.40299,37.365768],[140.377356,37.329024],[140.266018,37.322986]]]},"properties":{}},"extra":false},
    {"code":100408,"id":1028,"name":"郡山(福島)","original_name":"郡山","name_kana":"こおりやま","closed":false,"lat":37.398187,"lng":140.389363,"prefecture":7,"lines":[1004,11231,11225,11228,11338],"attr":"heat","postal_code":"963-8003","address":"郡山市燧田","voronoi":{"type":"Feature","geometry":{"type":"Polygon","coordinates":[[[140.393703,37.4224],[140.356398,37.38885],[140.40299,37.365768],[140.426676,37.371784],[140.406052,37.422664],[140.393703,37.4224]]]},"properties":{}},"extra":false}
  ],
  "extra":false
}