{
  "code":11331,
  "id":80,
  "name":"JR東金線",
  "name_kana":"じぇいあーるとうがねせん",
  "station_size":5,
  "company_code":2,
  "closed":false,
  "color":"#F15A22",
  "station_list":[
    {"code":1132407,"id":1674,"name":"大網","original_name":"大網","name_kana":"おおあみ","closed":false,"lat":35.522427,"lng":140.311111,"prefecture":12,"lines":[11324,11331],"attr":"cool","postal_code":"299-3244","address":"千葉県大網白里市南玉21-7","voronoi":{"type":"Feature","geometry":{"type":"Polygon","coordinates":[[[140.287602,35.512716],[140.343036,35.512862],[140.299233,35.569672],[140.287602,35.512716]]]},"properties":{}},"extra":false},
    {"code":1133102,"id":1780,"name":"福俵","original_name":"福俵","name_kana":"ふくたわら","closed":false,"lat":35.54617,"lng":140.341904,"prefecture":12,"lines":[11331],"attr":"heat","postal_code":"283-0812","address":"東金市福俵","voronoi":{"type":"Feature","geometry":{"type":"Polygon","coordinates":[[[140.371043,35.492859],[140.343036,35.512862],[140.299233,35.569672],[140.293414,35.597094],[140.304006,35.59932],[140.326903,35.5936],[140.363208,35.536974],[140.371075,35.507501],[140.371043,35.492859]]]},"properties":{}},"extra":false},
    {"code":1133103,"id":1781,"name":"東金","original_name":"東金","name_kana":"とうがね","closed":false,"lat":35.560172,"lng":140.363743,"prefecture":12,"lines":[11331,99358],"attr":"cool","postal_code":"283-0802","address":"東金市東金","voronoi":{"type":"Feature","geometry":{"type":"Polygon","coordinates":[[[140.365243,35.594328],[140.326903,35.5936],[140.363208,35.536974],[140.376573,35.575696],[140.365243,35.594328]]]},"properties":{}},"extra":false},
    {"code":1133104,"id":1782,"name":"求名","original_name":"求名","name_kana":"ぐみょう","closed":false,"lat":35.579947,"lng":140.39626,"prefecture":12,"lines":[11331],"attr":"cool","postal_code":"283-0002","address":"東金市求名","voronoi":{"type":"Feature","geometry":{"type":"Polygon","coordinates":[[[140.393491,35.562401],[140.414607,35.564988],[140.426018,35.569693],[140.436264,35.578193],[140.380714,35.605124],[140.365243,35.594328],[140.376573,35.575696],[140.393491,35.562401]]]},"properties":{}},"extra":false},
    {"code":1131420,"id":1523,"name":"成東","original_name":"成東","name_kana":"なるとう","closed":false,"lat":35.608513,"lng":140.410109,"prefecture":12,"lines":[11314,11331],"attr":"heat","postal_code":"289-1345","address":"山武市津辺","voronoi":{"type":"Feature","geometry":{"type":"Polygon","coordinates":[[[140.436264,35.578193],[140.380714,35.605124],[140.407113,35.668388],[140.456048,35.583987],[140.436264,35.578193]]]},"properties":{}},"extra":false}
  ],
  "extra":false
}