{
  "code":11346,
  "id":2079,
  "name":"JR木原線",
  "name_kana":"じぇいあーるきはらせん",
  "name_formal":"JR木原線",
  "station_size":13,
  "company_code":2,
  "closed":true,
  "station_list":[
    {"code":1132418,"id":1685,"name":"大原(千葉)","original_name":"大原","name_kana":"おおはら","closed":false,"lat":35.251097,"lng":140.390864,"prefecture":12,"lines":[11324,99308,11346],"attr":"heat","postal_code":"298-0004","address":"いすみ市大原","voronoi":{"type":"Feature","geometry":{"type":"Polygon","coordinates":[[[141.148041,34.929935],[140.374011,35.241366],[140.392395,35.26671],[140.833971,35.256786],[141.148041,34.929935]]]},"properties":{}},"extra":false},
    {"code":9930802,"id":6702,"name":"西大原","original_name":"西大原","name_kana":"にしおおはら","closed":false,"lat":35.260407,"lng":140.378029,"prefecture":12,"lines":[99308,11346],"attr":"eco","postal_code":"298-0005","address":"いすみ市新田","open_date":"1960-06-20","voronoi":{"type":"Feature","geometry":{"type":"Polygon","coordinates":[[[140.363248,35.28173],[140.359653,35.240833],[140.374011,35.241366],[140.392395,35.26671],[140.37027,35.280344],[140.363248,35.28173]]]},"properties":{}},"extra":false},
    {"code":9930803,"id":6703,"name":"上総東","original_name":"上総東","name_kana":"かずさあずま","closed":false,"lat":35.263313,"lng":140.344974,"prefecture":12,"lines":[99308,11346],"attr":"eco","postal_code":"298-0022","address":"いすみ市佐室","open_date":"1930-04-01","voronoi":{"type":"Feature","geometry":{"type":"Polygon","coordinates":[[[140.301391,35.221295],[140.340943,35.224971],[140.359653,35.240833],[140.363248,35.28173],[140.354284,35.292767],[140.307741,35.232725],[140.301391,35.221295]]]},"properties":{}},"extra":false},
    {"code":9930804,"id":6704,"name":"新田野","original_name":"新田野","name_kana":"にったの","closed":false,"lat":35.276408,"lng":140.328081,"prefecture":12,"lines":[99308,11346],"attr":"eco","postal_code":"298-0026","address":"いすみ市新田野","open_date":"1960-06-20","voronoi":{"type":"Feature","geometry":{"type":"Polygon","coordinates":[[[140.307741,35.232725],[140.334105,35.323215],[140.350874,35.30276],[140.354284,35.292767],[140.307741,35.232725]]]},"properties":{}},"extra":false},
    {"code":9930805,"id":6705,"name":"国吉","original_name":"国吉","name_kana":"くによし","closed":false,"lat":35.280497,"lng":140.314046,"prefecture":12,"lines":[99308,11346],"attr":"eco","postal_code":"298-0123","address":"いすみ市苅谷","open_date":"1930-04-01","voronoi":{"type":"Feature","geometry":{"type":"Polygon","coordinates":[[[140.334105,35.323215],[140.332717,35.325577],[140.319727,35.337874],[140.301823,35.34772],[140.29425,35.236053],[140.301041,35.221152],[140.301391,35.221295],[140.307741,35.232725],[140.334105,35.323215]]]},"properties":{}},"extra":false},
    {"code":9930806,"id":6706,"name":"上総中川","original_name":"上総中川","name_kana":"かずさなかがわ","closed":false,"lat":35.282763,"lng":140.280636,"prefecture":12,"lines":[99308,11346],"attr":"eco","postal_code":"298-0134","address":"いすみ市行川","open_date":"1930-04-01","voronoi":{"type":"Feature","geometry":{"type":"Polygon","coordinates":[[[140.301823,35.34772],[140.29425,35.236053],[140.275769,35.254772],[140.264176,35.279506],[140.288551,35.355372],[140.291388,35.35491],[140.297763,35.351505],[140.301823,35.34772]]]},"properties":{}},"extra":false},
    {"code":9930808,"id":6707,"name":"大多喜","original_name":"大多喜","name_kana":"おおたき","closed":false,"lat":35.286466,"lng":140.243833,"prefecture":12,"lines":[99308,11346],"attr":"cool","postal_code":"298-0216","address":"夷隅郡大多喜町大多喜","open_date":"1930-04-01","voronoi":{"type":"Feature","geometry":{"type":"Polygon","coordinates":[[[140.231539,35.271052],[140.227027,35.270462],[140.206294,35.286987],[140.196183,35.299276],[140.194318,35.307132],[140.197991,35.318079],[140.203465,35.328799],[140.210979,35.339356],[140.215907,35.34345],[140.253547,35.280229],[140.231539,35.271052]]]},"properties":{}},"extra":false},
    {"code":9930809,"id":6708,"name":"小谷松","original_name":"小谷松","name_kana":"こやまつ","closed":false,"lat":35.268938,"lng":140.251142,"prefecture":12,"lines":[99308,11346],"attr":"cool","postal_code":"298-0228","address":"夷隅郡大多喜町小谷松","open_date":"1960-06-20","voronoi":{"type":"Feature","geometry":{"type":"Polygon","coordinates":[[[140.231539,35.271052],[140.270925,35.25566],[140.275769,35.254772],[140.264176,35.279506],[140.253547,35.280229],[140.231539,35.271052]]]},"properties":{}},"extra":false},
    {"code":9930810,"id":6709,"name":"東総元","original_name":"東総元","name_kana":"ひがしふさもと","closed":false,"lat":35.259314,"lng":140.247381,"prefecture":12,"lines":[99308,11346],"attr":"cool","postal_code":"298-0225","address":"夷隅郡大多喜町大戸","open_date":"1937-02-01","voronoi":{"type":"Feature","geometry":{"type":"Polygon","coordinates":[[[140.231359,35.254616],[140.227027,35.270462],[140.231539,35.271052],[140.270925,35.25566],[140.232409,35.254226],[140.231359,35.254616]]]},"properties":{}},"extra":false},
    {"code":9930811,"id":6710,"name":"久我原","original_name":"久我原","name_kana":"くがはら","closed":false,"lat":35.250265,"lng":140.247718,"prefecture":12,"lines":[99308,11346],"attr":"heat","postal_code":"298-0251","address":"夷隅郡大多喜町久我原","open_date":"1960-06-20","voronoi":{"type":"Feature","geometry":{"type":"Polygon","coordinates":[[[140.270925,35.25566],[140.232409,35.254226],[140.291842,35.209361],[140.295408,35.211716],[140.301041,35.221152],[140.29425,35.236053],[140.275769,35.254772],[140.270925,35.25566]]]},"properties":{}},"extra":false},
    {"code":9930812,"id":6711,"name":"総元","original_name":"総元","name_kana":"ふさもと","closed":false,"lat":35.240588,"lng":140.240413,"prefecture":12,"lines":[99308,11346],"attr":"heat","postal_code":"298-0255","address":"夷隅郡大多喜町黒原","open_date":"1933-08-25","voronoi":{"type":"Feature","geometry":{"type":"Polygon","coordinates":[[[140.206809,35.188423],[140.212904,35.185697],[140.25774,35.190064],[140.277372,35.197548],[140.291842,35.209361],[140.232409,35.254226],[140.231359,35.254616],[140.208924,35.197552],[140.206809,35.188423]]]},"properties":{}},"extra":false},
    {"code":9930813,"id":6712,"name":"西畑","original_name":"西畑","name_kana":"にしはた","closed":false,"lat":35.25051,"lng":140.215176,"prefecture":12,"lines":[99308,11346],"attr":"heat","postal_code":"298-0246","address":"夷隅郡大多喜町庄司","open_date":"1937-02-01","voronoi":{"type":"Feature","geometry":{"type":"Polygon","coordinates":[[[140.206294,35.286987],[140.208924,35.197552],[140.231359,35.254616],[140.227027,35.270462],[140.206294,35.286987]]]},"properties":{}},"extra":false},
    {"code":9930814,"id":6713,"name":"上総中野","original_name":"上総中野","name_kana":"かずさなかの","closed":false,"lat":35.250051,"lng":140.199571,"prefecture":12,"lines":[99308,99325,11346],"attr":"heat","postal_code":"298-0262","address":"夷隅郡大多喜町堀切","open_date":"1934-08-26","voronoi":{"type":"Feature","geometry":{"type":"Polygon","coordinates":[[[140.206809,35.188423],[140.166798,35.191465],[140.154162,35.196037],[140.196183,35.299276],[140.206294,35.286987],[140.208924,35.197552],[140.206809,35.188423]]]},"properties":{}},"extra":false}
  ],
  "closed_date":"1988-03-24",
  "extra":true
}