{
  "code":11340,
  "id":"59cb13",
  "name":"JR日光線",
  "name_kana":"じぇいあーるにっこうせん",
  "station_size":7,
  "company_code":2,
  "closed":false,
  "color":"#880022",
  "station_list":[
    {"code":100405,"id":"734a1e","name":"宇都宮","original_name":"宇都宮","name_kana":"うつのみや","closed":false,"lat":36.559246,"lng":139.898389,"prefecture":9,"lines":[1004,11319,11340],"attr":"heat","postal_code":"321-0965","address":"宇都宮市川向町","voronoi":{"type":"Feature","geometry":{"type":"Polygon","coordinates":[[[139.889303,36.544521],[139.896102,36.532927],[139.897622,36.540991],[139.90207,36.60151],[139.889809,36.615987],[139.889303,36.544521]]]},"properties":{}},"extra":false},
    {"code":1134002,"id":"7af4ee","name":"鶴田","original_name":"鶴田","name_kana":"つるた","closed":false,"lat":36.538319,"lng":139.858818,"prefecture":9,"lines":[11340],"attr":"heat","postal_code":"321-0151","address":"宇都宮市西川田町","voronoi":{"type":"Feature","geometry":{"type":"Polygon","coordinates":[[[139.86724,36.53665],[139.843488,36.530202],[139.806922,36.543211],[139.824687,36.594966],[139.8567,36.562109],[139.86724,36.53665]]]},"properties":{}},"extra":false},
    {"code":1134003,"id":"706bf0","name":"鹿沼","original_name":"鹿沼","name_kana":"かぬま","closed":false,"lat":36.571222,"lng":139.762961,"prefecture":9,"lines":[11340],"attr":"heat","postal_code":"322-0021","address":"鹿沼市上野町","voronoi":{"type":"Feature","geometry":{"type":"Polygon","coordinates":[[[139.824687,36.594966],[139.830171,36.649339],[139.765019,36.614866],[139.748428,36.571066],[139.771593,36.541458],[139.796782,36.527682],[139.806922,36.543211],[139.824687,36.594966]]]},"properties":{}},"extra":false},
    {"code":1134004,"id":"d63f0f","name":"文挟","original_name":"文挟","name_kana":"ふばさみ","closed":false,"lat":36.637716,"lng":139.727778,"prefecture":9,"lines":[11340],"attr":"heat","postal_code":"321-1106","address":"日光市小倉","voronoi":{"type":"Feature","geometry":{"type":"Polygon","coordinates":[[[139.831788,36.652489],[139.830171,36.649339],[139.765019,36.614866],[139.734995,36.609659],[139.71174,36.635208],[139.737282,36.661392],[139.831788,36.652489]]]},"properties":{}},"extra":false},
    {"code":1134005,"id":"1fd9e0","name":"下野大沢","original_name":"下野大沢","name_kana":"しもつけおおさわ","closed":false,"lat":36.686427,"lng":139.732367,"prefecture":9,"lines":[11340],"attr":"cool","postal_code":"321-1274","address":"日光市土沢","voronoi":{"type":"Feature","geometry":{"type":"Polygon","coordinates":[[[139.831788,36.652489],[139.737282,36.661392],[139.730442,36.664999],[139.711022,36.704515],[139.732182,36.725943],[139.743048,36.728694],[139.775819,36.717923],[139.816097,36.687551],[139.839515,36.661493],[139.831788,36.652489]]]},"properties":{}},"extra":false},
    {"code":1134006,"id":"0bec71","name":"今市","original_name":"今市","name_kana":"いまいち","closed":false,"lat":36.720388,"lng":139.687348,"prefecture":9,"lines":[11340],"attr":"eco","postal_code":"321-1262","address":"日光市平ケ崎","voronoi":{"type":"Feature","geometry":{"type":"Polygon","coordinates":[[[139.622417,36.655855],[139.633032,36.681476],[139.686749,36.726314],[139.709025,36.703716],[139.630249,36.658859],[139.622417,36.655855]]]},"properties":{}},"extra":false},
    {"code":1134007,"id":"f0c20f","name":"日光","original_name":"日光","name_kana":"にっこう","closed":false,"lat":36.7474,"lng":139.62215,"prefecture":9,"lines":[11340],"attr":"eco","postal_code":"321-1413","address":"日光市相生町","voronoi":{"type":"Feature","geometry":{"type":"Polygon","coordinates":[[[139.663105,36.772565],[139.633032,36.681476],[139.622417,36.655855],[139.619364,36.652942],[139.578541,36.625628],[139.642147,36.808889],[139.659657,36.781974],[139.663105,36.772565]]]},"properties":{}},"extra":false}
  ],
  "extra":false
}