{
  "code":11404,
  "id":"df8569",
  "name":"JR信越本線(直江津～新潟)",
  "name_kana":"じぇいあーるしんえつほんせん",
  "station_size":42,
  "company_code":2,
  "closed":false,
  "color":"#00B3E6",
  "station_list":[
    {"code":1140401,"id":"54830d","name":"直江津","original_name":"直江津","name_kana":"なおえつ","closed":false,"lat":37.170251,"lng":138.242265,"prefecture":15,"lines":[11404,11405,99423,99424,11426],"attr":"eco","postal_code":"942-0003","address":"上越市東町１丁目","voronoi":{"type":"Feature","geometry":{"type":"Polygon","coordinates":[[[138.253545,37.179503],[138.19364,37.291986],[138.207718,37.169355],[138.268517,37.149253],[138.253545,37.179503]]]},"properties":{}},"extra":false},
    {"code":1140402,"id":"b30418","name":"黒井(新潟)","original_name":"黒井","name_kana":"くろい","closed":false,"lat":37.1837,"lng":138.267518,"prefecture":15,"lines":[11404],"attr":"cool","postal_code":"942-0091","address":"上越市頸城区西福島","voronoi":{"type":"Feature","geometry":{"type":"Polygon","coordinates":[[[138.253545,37.179503],[138.19364,37.291986],[138.181587,37.344981],[138.281528,37.203813],[138.282091,37.187159],[138.253545,37.179503]]]},"properties":{}},"extra":false},
    {"code":1140403,"id":"518398","name":"犀潟","original_name":"犀潟","name_kana":"さいがた","closed":false,"lat":37.210345,"lng":138.305154,"prefecture":15,"lines":[11404,99402],"attr":"cool","postal_code":"949-3116","address":"上越市大潟区犀潟","voronoi":{"type":"Feature","geometry":{"type":"Polygon","coordinates":[[[138.281528,37.203813],[138.3129,37.193677],[138.323564,37.202897],[138.181346,37.428453],[138.134305,37.497162],[138.161108,37.401055],[138.181587,37.344981],[138.281528,37.203813]]]},"properties":{}},"extra":false},
    {"code":1140404,"id":"c79c5f","name":"土底浜","original_name":"土底浜","name_kana":"どそこはま","closed":false,"lat":37.222719,"lng":138.324779,"prefecture":15,"lines":[11404],"attr":"cool","postal_code":"949-3112","address":"上越市大潟区土底浜","voronoi":{"type":"Feature","geometry":{"type":"Polygon","coordinates":[[[138.181346,37.428453],[138.323564,37.202897],[138.339117,37.204287],[138.339146,37.204297],[138.34449,37.212332],[138.181346,37.428453]]]},"properties":{}},"extra":false},
    {"code":1140405,"id":"29db3d","name":"潟町","original_name":"潟町","name_kana":"かたまち","closed":false,"lat":37.234135,"lng":138.339902,"prefecture":15,"lines":[11404],"attr":"cool","postal_code":"949-3103","address":"上越市大潟区潟町","voronoi":{"type":"Feature","geometry":{"type":"Polygon","coordinates":[[[138.365704,37.225182],[138.173943,37.455458],[138.134223,37.497396],[138.134305,37.497162],[138.181346,37.428453],[138.34449,37.212332],[138.365704,37.225182]]]},"properties":{}},"extra":false},
    {"code":1140406,"id":"5363e6","name":"上下浜","original_name":"上下浜","name_kana":"じょうげはま","closed":false,"lat":37.252178,"lng":138.361569,"prefecture":15,"lines":[11404],"attr":"cool","postal_code":"949-3255","address":"上越市柿崎区上下浜","voronoi":{"type":"Feature","geometry":{"type":"Polygon","coordinates":[[[138.173943,37.455458],[138.365704,37.225182],[138.407418,37.225275],[138.414138,37.226449],[138.173943,37.455458]]]},"properties":{}},"extra":false},
    {"code":1140407,"id":"f9f711","name":"柿崎","original_name":"柿崎","name_kana":"かきざき","closed":false,"lat":37.277732,"lng":138.385933,"prefecture":15,"lines":[11404],"attr":"cool","postal_code":"949-3216","address":"上越市柿崎区柿崎","voronoi":{"type":"Feature","geometry":{"type":"Polygon","coordinates":[[[138.424416,37.225069],[138.431284,37.226558],[138.444589,37.230278],[138.460244,37.237348],[138.018267,37.750149],[138.134223,37.497396],[138.173943,37.455458],[138.414138,37.226449],[138.424416,37.225069]]]},"properties":{}},"extra":false},
    {"code":1140408,"id":"b7c6e7","name":"米山","original_name":"米山","name_kana":"よねやま","closed":false,"lat":37.316804,"lng":138.431266,"prefecture":15,"lines":[11404],"attr":"cool","postal_code":"949-3675","address":"柏崎市米山町","voronoi":{"type":"Feature","geometry":{"type":"Polygon","coordinates":[[[137.931545,37.931404],[138.011842,37.762485],[138.018267,37.750149],[138.460244,37.237348],[138.485682,37.238942],[138.493483,37.242538],[138.086501,38.013103],[137.955952,38.149454],[137.931545,37.931404]]]},"properties":{}},"extra":false},
    {"code":1140409,"id":"5a47af","name":"笠島","original_name":"笠島","name_kana":"かさしま","closed":false,"lat":37.335794,"lng":138.467221,"prefecture":15,"lines":[11404],"attr":"cool","postal_code":"949-3662","address":"柏崎市大字笠島","voronoi":{"type":"Feature","geometry":{"type":"Polygon","coordinates":[[[138.493483,37.242538],[138.086501,38.013103],[138.136841,37.963207],[138.526422,37.249923],[138.493483,37.242538]]]},"properties":{}},"extra":false},
    {"code":1140410,"id":"ba0b1d","name":"青海川","original_name":"青海川","name_kana":"おうみがわ","closed":false,"lat":37.346143,"lng":138.486169,"prefecture":15,"lines":[11404],"attr":"cool","postal_code":"949-3661","address":"柏崎市大字青海川","voronoi":{"type":"Feature","geometry":{"type":"Polygon","coordinates":[[[138.526422,37.249923],[138.136841,37.963207],[138.274089,37.831253],[138.428661,37.585532],[138.532955,37.250691],[138.526422,37.249923]]]},"properties":{}},"extra":false},
    {"code":1140411,"id":"4f18a5","name":"鯨波","original_name":"鯨波","name_kana":"くじらなみ","closed":false,"lat":37.355828,"lng":138.517263,"prefecture":15,"lines":[11404],"attr":"cool","postal_code":"945-0855","address":"柏崎市鯨波１丁目","voronoi":{"type":"Feature","geometry":{"type":"Polygon","coordinates":[[[138.529301,37.39776],[138.493203,37.494892],[138.488385,37.503222],[138.428661,37.585532],[138.532955,37.250691],[138.549427,37.250082],[138.55334,37.275356],[138.529301,37.39776]]]},"properties":{}},"extra":false},
    {"code":1140412,"id":"f19f08","name":"柏崎","original_name":"柏崎","name_kana":"かしわざき","closed":false,"lat":37.363495,"lng":138.556303,"prefecture":15,"lines":[11404,11408],"attr":"cool","postal_code":"945-0055","address":"柏崎市駅前１丁目","voronoi":{"type":"Feature","geometry":{"type":"Polygon","coordinates":[[[138.571305,37.359291],[138.529301,37.39776],[138.55334,37.275356],[138.553341,37.275361],[138.571305,37.359291]]]},"properties":{}},"extra":false},
    {"code":1140413,"id":"1f199f","name":"茨目","original_name":"茨目","name_kana":"いばらめ","closed":false,"lat":37.356986,"lng":138.586714,"prefecture":15,"lines":[11404],"attr":"cool","postal_code":"945-1341","address":"柏崎市茨目２丁目","voronoi":{"type":"Feature","geometry":{"type":"Polygon","coordinates":[[[138.553341,37.275361],[138.571305,37.359291],[138.584466,37.375594],[138.612973,37.370823],[138.553341,37.275361]]]},"properties":{}},"extra":false},
    {"code":1140414,"id":"27325e","name":"安田(新潟)","original_name":"安田","name_kana":"やすだ","closed":false,"lat":37.341155,"lng":138.612057,"prefecture":15,"lines":[11404],"attr":"cool","postal_code":"945-1352","address":"柏崎市大字安田","voronoi":{"type":"Feature","geometry":{"type":"Polygon","coordinates":[[[138.627266,37.376229],[138.612973,37.370823],[138.553341,37.275361],[138.55334,37.275356],[138.549427,37.250082],[138.575431,37.236354],[138.612534,37.236678],[138.628493,37.374023],[138.627741,37.376306],[138.627266,37.376229]]]},"properties":{}},"extra":false},
    {"code":1140415,"id":"16bb78","name":"北条","original_name":"北条","name_kana":"きたじょう","closed":false,"lat":37.338262,"lng":138.636954,"prefecture":15,"lines":[11404],"attr":"cool","postal_code":"949-3733","address":"柏崎市大字本条","voronoi":{"type":"Feature","geometry":{"type":"Polygon","coordinates":[[[138.612534,37.236678],[138.671123,37.230118],[138.696917,37.256483],[138.699107,37.260079],[138.693419,37.291423],[138.628493,37.374023],[138.612534,37.236678]]]},"properties":{}},"extra":false},
    {"code":1140416,"id":"2b1186","name":"越後広田","original_name":"越後広田","name_kana":"えちごひろた","closed":false,"lat":37.357354,"lng":138.661243,"prefecture":15,"lines":[11404],"attr":"cool","postal_code":"949-3725","address":"柏崎市大字旧広田","voronoi":{"type":"Feature","geometry":{"type":"Polygon","coordinates":[[[138.656393,37.402875],[138.693965,37.308145],[138.693419,37.291423],[138.628493,37.374023],[138.627741,37.376306],[138.642581,37.394953],[138.656393,37.402875]]]},"properties":{}},"extra":false},
    {"code":1140417,"id":"d70781","name":"長鳥","original_name":"長鳥","name_kana":"ながとり","closed":false,"lat":37.366405,"lng":138.684063,"prefecture":15,"lines":[11404],"attr":"cool","postal_code":"949-3723","address":"柏崎市大字西長鳥","voronoi":{"type":"Feature","geometry":{"type":"Polygon","coordinates":[[[138.656393,37.402875],[138.693965,37.308145],[138.715249,37.394414],[138.708151,37.420226],[138.673017,37.412602],[138.658701,37.405215],[138.656393,37.402875]]]},"properties":{}},"extra":false},
    {"code":1140418,"id":"ffda56","name":"塚山","original_name":"塚山","name_kana":"つかやま","closed":false,"lat":37.355114,"lng":138.729829,"prefecture":15,"lines":[11404],"attr":"cool","postal_code":"949-5121","address":"長岡市西谷","voronoi":{"type":"Feature","geometry":{"type":"Polygon","coordinates":[[[138.755624,37.360039],[138.761545,37.340237],[138.758804,37.331245],[138.720675,37.272765],[138.699107,37.260079],[138.693419,37.291423],[138.693965,37.308145],[138.715249,37.394414],[138.755624,37.360039]]]},"properties":{}},"extra":false},
    {"code":1140419,"id":"a0b51e","name":"越後岩塚","original_name":"越後岩塚","name_kana":"えちごいわつか","closed":false,"lat":37.38629,"lng":138.756372,"prefecture":15,"lines":[11404],"attr":"cool","postal_code":"949-5414","address":"長岡市飯塚","voronoi":{"type":"Feature","geometry":{"type":"Polygon","coordinates":[[[138.724774,37.436981],[138.767592,37.397609],[138.772701,37.384819],[138.755624,37.360039],[138.715249,37.394414],[138.708151,37.420226],[138.717198,37.431696],[138.724774,37.436981]]]},"properties":{}},"extra":false},
    {"code":1140420,"id":"3475cf","name":"来迎寺","original_name":"来迎寺","name_kana":"らいこうじ","closed":false,"lat":37.397136,"lng":138.783523,"prefecture":15,"lines":[11404,10402,99429],"attr":"cool","postal_code":"949-5411","address":"長岡市来迎寺","voronoi":{"type":"Feature","geometry":{"type":"Polygon","coordinates":[[[138.805172,37.380457],[138.772701,37.384819],[138.767592,37.397609],[138.793806,37.409239],[138.802657,37.408444],[138.805845,37.380838],[138.805172,37.380457]]]},"properties":{}},"extra":false},
    {"code":1140421,"id":"a14eb6","name":"前川","original_name":"前川","name_kana":"まえかわ","closed":false,"lat":37.401795,"lng":138.823865,"prefecture":15,"lines":[11404],"attr":"cool","postal_code":"940-1144","address":"長岡市上前島町","voronoi":{"type":"Feature","geometry":{"type":"Polygon","coordinates":[[[138.802657,37.408444],[138.805875,37.41422],[138.817856,37.421598],[138.819992,37.421641],[138.854836,37.393772],[138.811119,37.379142],[138.805845,37.380838],[138.802657,37.408444]]]},"properties":{}},"extra":false},
    {"code":1134235,"id":"138712","name":"宮内(新潟)","original_name":"宮内","name_kana":"みやうち","closed":false,"lat":37.422223,"lng":138.840204,"prefecture":15,"lines":[11342,11404],"attr":"eco","postal_code":"940-1106","address":"長岡市宮内３丁目","voronoi":{"type":"Feature","geometry":{"type":"Polygon","coordinates":[[[138.859524,37.417605],[138.869687,37.392308],[138.854836,37.393772],[138.819992,37.421641],[138.839633,37.438995],[138.844672,37.43629],[138.84795,37.433003],[138.859524,37.417605]]]},"properties":{}},"extra":false},
    {"code":100510,"id":"7bcf10","name":"長岡","original_name":"長岡","name_kana":"ながおか","closed":false,"lat":37.447787,"lng":138.853927,"prefecture":15,"lines":[1005,11342,11404,99450],"attr":"heat","postal_code":"940-0061","address":"長岡市城内町２丁目","voronoi":{"type":"Feature","geometry":{"type":"Polygon","coordinates":[[[138.835664,37.458884],[138.839633,37.438995],[138.844672,37.43629],[138.850192,37.440059],[138.858341,37.448744],[138.835664,37.458884]]]},"properties":{}},"extra":false},
    {"code":1140424,"id":"e8a07a","name":"北長岡","original_name":"北長岡","name_kana":"きたながおか","closed":false,"lat":37.468768,"lng":138.86247,"prefecture":15,"lines":[11404],"attr":"heat","postal_code":"940-0021","address":"長岡市城岡２丁目","voronoi":{"type":"Feature","geometry":{"type":"Polygon","coordinates":[[[138.827823,37.477498],[138.839801,37.503187],[138.877022,37.483989],[138.875861,37.479181],[138.863508,37.462653],[138.828231,37.476669],[138.827823,37.477498]]]},"properties":{}},"extra":false},
    {"code":1140425,"id":"705209","name":"押切","original_name":"押切","name_kana":"おしきり","closed":false,"lat":37.50467,"lng":138.880988,"prefecture":15,"lines":[11404],"attr":"heat","postal_code":"954-0143","address":"長岡市池之島","voronoi":{"type":"Feature","geometry":{"type":"Polygon","coordinates":[[[138.898816,37.5184],[138.858488,37.545499],[138.85637,37.543389],[138.849932,37.533109],[138.83959,37.508583],[138.839516,37.506943],[138.839801,37.503187],[138.877022,37.483989],[138.886525,37.484463],[138.891374,37.485922],[138.894984,37.48837],[138.898932,37.493791],[138.899799,37.514926],[138.898816,37.5184]]]},"properties":{}},"extra":false},
    {"code":1140426,"id":"5519f9","name":"見附","original_name":"見附","name_kana":"みつけ","closed":false,"lat":37.540094,"lng":138.904792,"prefecture":15,"lines":[11404],"attr":"heat","postal_code":"954-0051","address":"見附市本所２丁目","voronoi":{"type":"Feature","geometry":{"type":"Polygon","coordinates":[[[138.928566,37.54794],[138.905856,37.523201],[138.898816,37.5184],[138.858488,37.545499],[138.866342,37.569857],[138.876924,37.585144],[138.928566,37.54794]]]},"properties":{}},"extra":false},
    {"code":1140427,"id":"3daca5","name":"帯織","original_name":"帯織","name_kana":"おびおり","closed":false,"lat":37.572975,"lng":138.92848,"prefecture":15,"lines":[11404],"attr":"heat","postal_code":"959-1117","address":"三条市帯織","voronoi":{"type":"Feature","geometry":{"type":"Polygon","coordinates":[[[138.94213,37.546374],[138.928566,37.54794],[138.876924,37.585144],[138.87856,37.592708],[138.884617,37.602372],[138.897079,37.610832],[138.968801,37.559237],[138.94213,37.546374]]]},"properties":{}},"extra":false},
    {"code":1140428,"id":"e98d06","name":"東光寺","original_name":"東光寺","name_kana":"とうこうじ","closed":false,"lat":37.593098,"lng":138.942956,"prefecture":15,"lines":[11404],"attr":"heat","postal_code":"955-0814","address":"三条市大字金子新田","voronoi":{"type":"Feature","geometry":{"type":"Polygon","coordinates":[[[138.927706,37.620075],[138.934921,37.617698],[138.973527,37.593261],[138.975278,37.560244],[138.968801,37.559237],[138.897079,37.610832],[138.903796,37.618495],[138.927706,37.620075]]]},"properties":{}},"extra":false},
    {"code":1140429,"id":"12a2e3","name":"三条(新潟)","original_name":"三条","name_kana":"さんじょう","closed":false,"lat":37.620962,"lng":138.960593,"prefecture":15,"lines":[11404],"attr":"heat","postal_code":"955-0862","address":"三条市南新保","voronoi":{"type":"Feature","geometry":{"type":"Polygon","coordinates":[[[138.934921,37.617698],[138.964539,37.62927],[138.975794,37.609671],[138.975649,37.596996],[138.973527,37.593261],[138.934921,37.617698]]]},"properties":{}},"extra":false},
    {"code":1140430,"id":"cc4133","name":"東三条","original_name":"東三条","name_kana":"ひがしさんじょう","closed":false,"lat":37.628491,"lng":138.973703,"prefecture":15,"lines":[11404,11410],"attr":"heat","postal_code":"955-0047","address":"三条市東三条１丁目","voronoi":{"type":"Feature","geometry":{"type":"Polygon","coordinates":[[[138.964539,37.62927],[138.975794,37.609671],[138.991382,37.644381],[138.987557,37.658827],[138.971726,37.659473],[138.964539,37.62927]]]},"properties":{}},"extra":false},
    {"code":1140431,"id":"9e132f","name":"保内","original_name":"保内","name_kana":"ほない","closed":false,"lat":37.639322,"lng":139.014608,"prefecture":15,"lines":[11404],"attr":"heat","postal_code":"955-0022","address":"三条市大字上保内","voronoi":{"type":"Feature","geometry":{"type":"Polygon","coordinates":[[[139.051019,37.61515],[139.01465,37.679271],[138.987557,37.658827],[138.991382,37.644381],[139.01349,37.616782],[139.034559,37.611556],[139.051019,37.61515]]]},"properties":{}},"extra":false},
    {"code":1140432,"id":"2e4254","name":"加茂(新潟)","original_name":"加茂","name_kana":"かも","closed":false,"lat":37.658806,"lng":139.048959,"prefecture":15,"lines":[11404,99430],"attr":"heat","postal_code":"959-1300","address":"加茂市加茂駅前","voronoi":{"type":"Feature","geometry":{"type":"Polygon","coordinates":[[[139.051019,37.61515],[139.01465,37.679271],[139.017188,37.685153],[139.019548,37.688128],[139.027404,37.685475],[139.058162,37.656932],[139.058242,37.625575],[139.057206,37.617971],[139.05586,37.613895],[139.051019,37.61515]]]},"properties":{}},"extra":false},
    {"code":1140433,"id":"915794","name":"羽生田","original_name":"羽生田","name_kana":"はにゅうだ","closed":false,"lat":37.693613,"lng":139.060715,"prefecture":15,"lines":[11404],"attr":"heat","postal_code":"959-1512","address":"南蒲原郡田上町羽生田字根廻","voronoi":{"type":"Feature","geometry":{"type":"Polygon","coordinates":[[[139.036643,37.723262],[139.101786,37.687685],[139.0814,37.67955],[139.070615,37.67749],[139.027404,37.685475],[139.019548,37.688128],[139.021702,37.698115],[139.034719,37.72139],[139.036643,37.723262]]]},"properties":{}},"extra":false},
    {"code":1140434,"id":"b39bf8","name":"田上","original_name":"田上","name_kana":"たがみ","closed":false,"lat":37.719035,"lng":139.074599,"prefecture":15,"lines":[11404],"attr":"heat","postal_code":"959-1502","address":"南蒲原郡田上町田上","voronoi":{"type":"Feature","geometry":{"type":"Polygon","coordinates":[[[139.106795,37.687801],[139.101786,37.687685],[139.036643,37.723262],[139.046679,37.746341],[139.053387,37.756353],[139.121532,37.708251],[139.111815,37.692499],[139.106795,37.687801]]]},"properties":{}},"extra":false},
    {"code":1140435,"id":"a8734c","name":"矢代田","original_name":"矢代田","name_kana":"やしろだ","closed":false,"lat":37.748863,"lng":139.095654,"prefecture":15,"lines":[11404],"attr":"eco","postal_code":"956-0113","address":"新潟市秋葉区矢代田","voronoi":{"type":"Feature","geometry":{"type":"Polygon","coordinates":[[[139.055278,37.768774],[139.053387,37.756353],[139.121532,37.708251],[139.123729,37.709851],[139.131409,37.718842],[139.131947,37.72075],[139.132467,37.739314],[139.06571,37.7914],[139.05576,37.770163],[139.055278,37.768774]]]},"properties":{}},"extra":false},
    {"code":1140436,"id":"595276","name":"古津","original_name":"古津","name_kana":"ふるつ","closed":false,"lat":37.7727,"lng":139.114252,"prefecture":15,"lines":[11404],"attr":"eco","postal_code":"956-0835","address":"新潟市秋葉区朝日","voronoi":{"type":"Feature","geometry":{"type":"Polygon","coordinates":[[[139.136171,37.747248],[139.132467,37.739314],[139.06571,37.7914],[139.066471,37.796681],[139.084352,37.795245],[139.126987,37.784167],[139.137678,37.763042],[139.136171,37.747248]]]},"properties":{}},"extra":false},
    {"code":1121401,"id":"6a2a43","name":"新津","original_name":"新津","name_kana":"にいつ","closed":false,"lat":37.800383,"lng":139.121445,"prefecture":15,"lines":[11214,11226,11404],"attr":"cool","postal_code":"956-0864","address":"新潟市秋葉区新津本町１丁目","voronoi":{"type":"Feature","geometry":{"type":"Polygon","coordinates":[[[139.084352,37.795245],[139.126987,37.784167],[139.14435,37.814579],[139.084352,37.795245]]]},"properties":{}},"extra":false},
    {"code":1140438,"id":"dbe9b4","name":"さつき野","original_name":"さつき野","name_kana":"さつきの","closed":false,"lat":37.812731,"lng":139.117466,"prefecture":15,"lines":[11404],"attr":"eco","postal_code":"956-0861","address":"新潟市秋葉区北上","voronoi":{"type":"Feature","geometry":{"type":"Polygon","coordinates":[[[139.084352,37.795245],[139.14435,37.814579],[139.147663,37.818052],[139.146516,37.832346],[139.063626,37.80822],[139.066471,37.796681],[139.084352,37.795245]]]},"properties":{}},"extra":false},
    {"code":1140439,"id":"25f2b4","name":"荻川","original_name":"荻川","name_kana":"おぎかわ","closed":false,"lat":37.833307,"lng":139.111477,"prefecture":15,"lines":[11404],"attr":"eco","postal_code":"956-0805","address":"新潟市秋葉区中野３丁目","voronoi":{"type":"Feature","geometry":{"type":"Polygon","coordinates":[[[139.059487,37.816979],[139.063626,37.80822],[139.146516,37.832346],[139.152671,37.858569],[139.065814,37.85181],[139.062107,37.833812],[139.059487,37.816979]]]},"properties":{}},"extra":false},
    {"code":1140440,"id":"4d7e85","name":"亀田","original_name":"亀田","name_kana":"かめだ","closed":false,"lat":37.877154,"lng":139.108065,"prefecture":15,"lines":[11404],"attr":"eco","postal_code":"950-0163","address":"新潟市江南区東船場１丁目","voronoi":{"type":"Feature","geometry":{"type":"Polygon","coordinates":[[[139.06324,37.861508],[139.111087,37.89291],[139.125372,37.89263],[139.153934,37.876842],[139.16125,37.868692],[139.152671,37.858569],[139.065814,37.85181],[139.06324,37.861508]]]},"properties":{}},"extra":false},
    {"code":1140441,"id":"464079","name":"越後石山","original_name":"越後石山","name_kana":"えちごいしやま","closed":false,"lat":37.896407,"lng":139.095429,"prefecture":15,"lines":[11404],"attr":"eco","postal_code":"950-0852","address":"新潟市東区石山","voronoi":{"type":"Feature","geometry":{"type":"Polygon","coordinates":[[[139.060625,37.866244],[139.06324,37.861508],[139.111087,37.89291],[139.0855,37.920339],[139.060625,37.866244]]]},"properties":{}},"extra":false},
    {"code":100512,"id":"503058","name":"新潟","original_name":"新潟","name_kana":"にいがた","closed":false,"lat":37.912299,"lng":139.060869,"prefecture":15,"lines":[1005,11404,11406,11408],"attr":"eco","postal_code":"950-0086","address":"新潟市中央区花園１丁目","voronoi":{"type":"Feature","geometry":{"type":"Polygon","coordinates":[[[139.045722,37.891686],[139.045879,37.881327],[139.048265,37.877559],[139.054194,37.871038],[139.060625,37.866244],[139.0855,37.920339],[139.091157,37.997061],[139.084752,38.133184],[139.045722,37.891686]]]},"properties":{}},"extra":false}
  ],
  "extra":false
}