{
  "code":11408,
  "id":98,
  "name":"JR越後線",
  "name_kana":"じぇいあーるえちごせん",
  "station_size":33,
  "company_code":2,
  "closed":false,
  "color":"#40934D",
  "station_list":[
    {"code":1140412,"id":2038,"name":"柏崎","original_name":"柏崎","name_kana":"かしわざき","closed":false,"lat":37.363495,"lng":138.556303,"prefecture":15,"lines":[11404,11408],"attr":"cool","postal_code":"945-0055","address":"柏崎市駅前１丁目","voronoi":{"type":"Feature","geometry":{"type":"Polygon","coordinates":[[[138.571305,37.359291],[138.529301,37.39776],[138.55334,37.275356],[138.553341,37.275361],[138.571305,37.359291]]]},"properties":{}},"extra":false},
    {"code":1140802,"id":2126,"name":"東柏崎","original_name":"東柏崎","name_kana":"ひがしかしわざき","closed":false,"lat":37.373867,"lng":138.565802,"prefecture":15,"lines":[11408],"attr":"eco","postal_code":"945-0076","address":"柏崎市小倉町","voronoi":{"type":"Feature","geometry":{"type":"Polygon","coordinates":[[[138.529301,37.39776],[138.493203,37.494892],[138.538173,37.442457],[138.584466,37.375594],[138.571305,37.359291],[138.529301,37.39776]]]},"properties":{}},"extra":false},
    {"code":1140803,"id":2127,"name":"西中通","original_name":"西中通","name_kana":"にしなかどおり","closed":false,"lat":37.392456,"lng":138.592651,"prefecture":15,"lines":[11408],"attr":"eco","postal_code":"945-0013","address":"柏崎市大字山本","voronoi":{"type":"Feature","geometry":{"type":"Polygon","coordinates":[[[138.538173,37.442457],[138.584466,37.375594],[138.612973,37.370823],[138.627266,37.376229],[138.538173,37.442457]]]},"properties":{}},"extra":false},
    {"code":1140804,"id":2128,"name":"荒浜","original_name":"荒浜","name_kana":"あらはま","closed":false,"lat":37.404699,"lng":138.601752,"prefecture":15,"lines":[11408],"attr":"eco","postal_code":"945-0317","address":"刈羽郡刈羽村字正明寺","voronoi":{"type":"Feature","geometry":{"type":"Polygon","coordinates":[[[138.627266,37.376229],[138.538173,37.442457],[138.493203,37.494892],[138.488385,37.503222],[138.642581,37.394953],[138.627741,37.376306],[138.627266,37.376229]]]},"properties":{}},"extra":false},
    {"code":1140805,"id":2129,"name":"刈羽","original_name":"刈羽","name_kana":"かりわ","closed":false,"lat":37.430047,"lng":138.61955,"prefecture":15,"lines":[11408],"attr":"eco","postal_code":"945-0307","address":"刈羽郡刈羽村大字刈羽","voronoi":{"type":"Feature","geometry":{"type":"Polygon","coordinates":[[[138.353961,37.774668],[138.274089,37.831253],[138.428661,37.585532],[138.488385,37.503222],[138.642581,37.394953],[138.656393,37.402875],[138.658701,37.405215],[138.353961,37.774668]]]},"properties":{}},"extra":false},
    {"code":1140806,"id":2130,"name":"西山(新潟)","original_name":"西山","name_kana":"にしやま","closed":false,"lat":37.448375,"lng":138.64177,"prefecture":15,"lines":[11408],"attr":"eco","postal_code":"949-4143","address":"柏崎市西山町和田","voronoi":{"type":"Feature","geometry":{"type":"Polygon","coordinates":[[[138.353961,37.774668],[138.658701,37.405215],[138.673017,37.412602],[138.615174,37.53073],[138.602227,37.547506],[138.366293,37.766531],[138.353961,37.774668]]]},"properties":{}},"extra":false},
    {"code":1140807,"id":2131,"name":"礼拝","original_name":"礼拝","name_kana":"らいはい","closed":false,"lat":37.459221,"lng":138.66392,"prefecture":15,"lines":[11408],"attr":"eco","postal_code":"949-4124","address":"柏崎市西山町礼拝","voronoi":{"type":"Feature","geometry":{"type":"Polygon","coordinates":[[[138.615174,37.53073],[138.717198,37.431696],[138.708151,37.420226],[138.673017,37.412602],[138.615174,37.53073]]]},"properties":{}},"extra":false},
    {"code":1140808,"id":2132,"name":"石地","original_name":"石地","name_kana":"いしじ","closed":false,"lat":37.484132,"lng":138.688101,"prefecture":15,"lines":[11408],"attr":"eco","postal_code":"949-4111","address":"柏崎市西山町別山","voronoi":{"type":"Feature","geometry":{"type":"Polygon","coordinates":[[[138.602227,37.547506],[138.615174,37.53073],[138.717198,37.431696],[138.724774,37.436981],[138.725518,37.43788],[138.73629,37.47932],[138.602227,37.547506]]]},"properties":{}},"extra":false},
    {"code":1140809,"id":2133,"name":"小木ノ城","original_name":"小木ノ城","name_kana":"おぎのじょう","closed":false,"lat":37.515431,"lng":138.70402,"prefecture":15,"lines":[11408],"attr":"eco","postal_code":"949-4300","address":"三島郡出雲崎町大字小柿","voronoi":{"type":"Feature","geometry":{"type":"Polygon","coordinates":[[[138.366293,37.766531],[138.602227,37.547506],[138.73629,37.47932],[138.737656,37.481213],[138.744202,37.492757],[138.746025,37.496848],[138.426202,37.735771],[138.366293,37.766531]]]},"properties":{}},"extra":false},
    {"code":1140810,"id":2134,"name":"出雲崎","original_name":"出雲崎","name_kana":"いずもざき","closed":false,"lat":37.531857,"lng":138.716291,"prefecture":15,"lines":[11408],"attr":"eco","postal_code":"949-4352","address":"三島郡出雲崎町大字大門字滝谷林","voronoi":{"type":"Feature","geometry":{"type":"Polygon","coordinates":[[[138.426202,37.735771],[138.572339,37.666001],[138.75774,37.527836],[138.756694,37.518553],[138.753215,37.506421],[138.746025,37.496848],[138.426202,37.735771]]]},"properties":{}},"extra":false},
    {"code":1140811,"id":2135,"name":"妙法寺(新潟)","original_name":"妙法寺","name_kana":"みょうほうじ","closed":false,"lat":37.566405,"lng":138.742037,"prefecture":15,"lines":[11408],"attr":"eco","postal_code":"949-4522","address":"長岡市村田","voronoi":{"type":"Feature","geometry":{"type":"Polygon","coordinates":[[[138.572339,37.666001],[138.75774,37.527836],[138.765659,37.538126],[138.74698,37.605063],[138.572339,37.666001]]]},"properties":{}},"extra":false},
    {"code":1140812,"id":2136,"name":"小島谷","original_name":"小島谷","name_kana":"おじまや","closed":false,"lat":37.57455,"lng":138.771225,"prefecture":15,"lines":[11408],"attr":"eco","postal_code":"949-4511","address":"長岡市小島谷","voronoi":{"type":"Feature","geometry":{"type":"Polygon","coordinates":[[[138.793713,37.565723],[138.795327,37.577468],[138.758955,37.605826],[138.74698,37.605063],[138.765659,37.538126],[138.779375,37.545462],[138.782143,37.548062],[138.793713,37.565723]]]},"properties":{}},"extra":false},
    {"code":1140813,"id":2137,"name":"桐原(新潟)","original_name":"桐原","name_kana":"きりはら","closed":false,"lat":37.601553,"lng":138.792279,"prefecture":15,"lines":[11408],"attr":"eco","postal_code":"959-0154","address":"長岡市寺泊五分一","voronoi":{"type":"Feature","geometry":{"type":"Polygon","coordinates":[[[138.800719,37.614122],[138.774204,37.61622],[138.758955,37.605826],[138.795327,37.577468],[138.806209,37.585768],[138.809592,37.603624],[138.800719,37.614122]]]},"properties":{}},"extra":false},
    {"code":1140814,"id":2138,"name":"寺泊","original_name":"寺泊","name_kana":"てらどまり","closed":false,"lat":37.620349,"lng":138.814519,"prefecture":15,"lines":[11408,99429],"attr":"eco","postal_code":"959-0161","address":"長岡市寺泊竹森","voronoi":{"type":"Feature","geometry":{"type":"Polygon","coordinates":[[[138.816,37.655126],[138.800719,37.614122],[138.809592,37.603624],[138.814728,37.605768],[138.824455,37.631251],[138.816,37.655126]]]},"properties":{}},"extra":false},
    {"code":1140815,"id":2139,"name":"分水","original_name":"分水","name_kana":"ぶんすい","closed":false,"lat":37.629032,"lng":138.839038,"prefecture":15,"lines":[11408],"attr":"eco","postal_code":"959-0122","address":"燕市大武新田","voronoi":{"type":"Feature","geometry":{"type":"Polygon","coordinates":[[[138.846125,37.606283],[138.87856,37.592708],[138.884617,37.602372],[138.843578,37.659016],[138.841371,37.660657],[138.828224,37.663352],[138.815819,37.662065],[138.816,37.655126],[138.824455,37.631251],[138.846125,37.606283]]]},"properties":{}},"extra":false},
    {"code":1140816,"id":2140,"name":"粟生津","original_name":"粟生津","name_kana":"あおうづ","closed":false,"lat":37.653988,"lng":138.873484,"prefecture":15,"lines":[11408],"attr":"eco","postal_code":"959-0222","address":"燕市下粟生津","voronoi":{"type":"Feature","geometry":{"type":"Polygon","coordinates":[[[138.897079,37.610832],[138.884617,37.602372],[138.843578,37.659016],[138.892183,37.665762],[138.903661,37.649878],[138.905634,37.641919],[138.903796,37.618495],[138.897079,37.610832]]]},"properties":{}},"extra":false},
    {"code":1140817,"id":2141,"name":"南吉田","original_name":"南吉田","name_kana":"みなみよしだ","closed":false,"lat":37.671999,"lng":138.870984,"prefecture":15,"lines":[11408],"attr":"cool","postal_code":"959-0221","address":"燕市吉田西太田","voronoi":{"type":"Feature","geometry":{"type":"Polygon","coordinates":[[[138.841371,37.660657],[138.843578,37.659016],[138.892183,37.665762],[138.890994,37.671574],[138.864451,37.68456],[138.841371,37.660657]]]},"properties":{}},"extra":false},
    {"code":1140818,"id":2142,"name":"吉田(新潟)","original_name":"吉田","name_kana":"よしだ","closed":false,"lat":37.687111,"lng":138.878377,"prefecture":15,"lines":[11408,11410],"attr":"cool","postal_code":"959-0264","address":"燕市吉田","voronoi":{"type":"Feature","geometry":{"type":"Polygon","coordinates":[[[138.890994,37.671574],[138.864451,37.68456],[138.866255,37.698178],[138.895507,37.690668],[138.890994,37.671574]]]},"properties":{}},"extra":false},
    {"code":1140819,"id":2143,"name":"北吉田","original_name":"北吉田","name_kana":"きたよしだ","closed":false,"lat":37.702037,"lng":138.882209,"prefecture":15,"lines":[11408],"attr":"cool","postal_code":"959-0267","address":"燕市吉田宮小路","voronoi":{"type":"Feature","geometry":{"type":"Polygon","coordinates":[[[138.862061,37.709425],[138.866255,37.698178],[138.895507,37.690668],[138.91448,37.713744],[138.915104,37.715808],[138.862061,37.709425]]]},"properties":{}},"extra":false},
    {"code":1140820,"id":2144,"name":"岩室","original_name":"岩室","name_kana":"いわむろ","closed":false,"lat":37.721382,"lng":138.879881,"prefecture":15,"lines":[11408],"attr":"cool","postal_code":"953-0125","address":"新潟市西蒲区和納","voronoi":{"type":"Feature","geometry":{"type":"Polygon","coordinates":[[[138.862061,37.709425],[138.915104,37.715808],[138.923289,37.728565],[138.836463,37.752192],[138.851908,37.718745],[138.862061,37.709425]]]},"properties":{}},"extra":false},
    {"code":1140821,"id":2145,"name":"巻","original_name":"巻","name_kana":"まき","closed":false,"lat":37.756753,"lng":138.889506,"prefecture":15,"lines":[11408],"attr":"cool","postal_code":"953-0041","address":"新潟市西蒲区巻甲","voronoi":{"type":"Feature","geometry":{"type":"Polygon","coordinates":[[[138.923289,37.728565],[138.939697,37.739098],[138.944636,37.749133],[138.860578,37.798457],[138.758063,37.8308],[138.836463,37.752192],[138.923289,37.728565]]]},"properties":{}},"extra":false},
    {"code":1140822,"id":2146,"name":"越後曽根","original_name":"越後曽根","name_kana":"えちごそね","closed":false,"lat":37.793544,"lng":138.911094,"prefecture":15,"lines":[11408],"attr":"cool","postal_code":"959-0432","address":"新潟市西蒲区川崎","voronoi":{"type":"Feature","geometry":{"type":"Polygon","coordinates":[[[138.96052,37.781611],[138.960515,37.782449],[138.958511,37.802307],[138.956591,37.808841],[138.951911,37.810219],[138.860578,37.798457],[138.944636,37.749133],[138.946262,37.750559],[138.954119,37.761071],[138.959388,37.774235],[138.96052,37.781611]]]},"properties":{}},"extra":false},
    {"code":1140823,"id":2147,"name":"越後赤塚","original_name":"越後赤塚","name_kana":"えちごあかつか","closed":false,"lat":37.816008,"lng":138.908201,"prefecture":15,"lines":[11408],"attr":"cool","postal_code":"950-2261","address":"新潟市西区赤塚","voronoi":{"type":"Feature","geometry":{"type":"Polygon","coordinates":[[[138.860578,37.798457],[138.951911,37.810219],[138.0194,38.377033],[138.469624,38.019494],[138.758063,37.8308],[138.860578,37.798457]]]},"properties":{}},"extra":false},
    {"code":1140824,"id":2148,"name":"内野西が丘","original_name":"内野西が丘","name_kana":"うちのにしがおか","closed":false,"lat":37.846355,"lng":138.926647,"prefecture":15,"lines":[11408],"attr":"cool","postal_code":"950-2153","address":"新潟市西区内野崎山","voronoi":{"type":"Feature","geometry":{"type":"Polygon","coordinates":[[[138.956591,37.808841],[138.962509,37.8264],[137.836367,38.7709],[137.914597,38.457411],[138.0194,38.377033],[138.951911,37.810219],[138.956591,37.808841]]]},"properties":{}},"extra":false},
    {"code":1140825,"id":2149,"name":"内野","original_name":"内野","name_kana":"うちの","closed":false,"lat":37.85824,"lng":138.936615,"prefecture":15,"lines":[11408],"attr":"cool","postal_code":"950-2112","address":"新潟市西区内野町","voronoi":{"type":"Feature","geometry":{"type":"Polygon","coordinates":[[[138.165465,39.133487],[138.092716,39.203591],[137.882464,39.400626],[137.618221,39.627715],[137.648443,39.50693],[137.836367,38.7709],[138.962509,37.8264],[138.963074,37.827398],[138.964982,37.832024],[138.165465,39.133487]]]},"properties":{}},"extra":false},
    {"code":1140826,"id":2150,"name":"新潟大学前","original_name":"新潟大学前","name_kana":"にいがただいがくまえ","closed":false,"lat":37.869178,"lng":138.95442,"prefecture":15,"lines":[11408],"attr":"heat","postal_code":"950-2044","address":"新潟市西区坂井砂山４丁目","voronoi":{"type":"Feature","geometry":{"type":"Polygon","coordinates":[[[138.879218,38.039303],[138.977514,37.847998],[138.964982,37.832024],[138.165465,39.133487],[138.218429,39.083161],[138.879218,38.039303]]]},"properties":{}},"extra":false},
    {"code":1140827,"id":2151,"name":"寺尾","original_name":"寺尾","name_kana":"てらお","closed":false,"lat":37.879106,"lng":138.973742,"prefecture":15,"lines":[11408],"attr":"heat","postal_code":"950-2055","address":"新潟市西区寺尾上","voronoi":{"type":"Feature","geometry":{"type":"Polygon","coordinates":[[[138.991272,37.869695],[138.944103,37.948948],[138.879218,38.039303],[138.977514,37.847998],[138.984512,37.852305],[138.988346,37.8566],[138.990489,37.86429],[138.991272,37.869695]]]},"properties":{}},"extra":false},
    {"code":1140828,"id":2152,"name":"小針","original_name":"小針","name_kana":"こばり","closed":false,"lat":37.889591,"lng":138.991359,"prefecture":15,"lines":[11408],"attr":"heat","postal_code":"950-2026","address":"新潟市西区小針南台","voronoi":{"type":"Feature","geometry":{"type":"Polygon","coordinates":[[[138.991272,37.869695],[138.944103,37.948948],[139.000002,37.889935],[139.000048,37.882096],[138.998573,37.878633],[138.991272,37.869695]]]},"properties":{}},"extra":false},
    {"code":1140829,"id":2153,"name":"青山(新潟)","original_name":"青山","name_kana":"あおやま","closed":false,"lat":37.898546,"lng":139.000813,"prefecture":15,"lines":[11408],"attr":"heat","postal_code":"950-2001","address":"新潟市西区浦山１丁目","voronoi":{"type":"Feature","geometry":{"type":"Polygon","coordinates":[[[138.944103,37.948948],[138.879218,38.039303],[138.218429,39.083161],[138.547378,38.78248],[139.006661,37.904743],[139.001765,37.891495],[139.000002,37.889935],[138.944103,37.948948]]]},"properties":{}},"extra":false},
    {"code":1140830,"id":2154,"name":"関屋(新潟)","original_name":"関屋","name_kana":"せきや","closed":false,"lat":37.906015,"lng":139.015087,"prefecture":15,"lines":[11408],"attr":"heat","postal_code":"951-8142","address":"新潟市中央区関屋大川前２丁目","voronoi":{"type":"Feature","geometry":{"type":"Polygon","coordinates":[[[139.008436,37.90329],[139.006661,37.904743],[138.547378,38.78248],[138.705902,38.63992],[138.983502,38.008704],[139.023935,37.905307],[139.008436,37.90329]]]},"properties":{}},"extra":false},
    {"code":1140831,"id":2155,"name":"白山(新潟)","original_name":"白山","name_kana":"はくさん","closed":false,"lat":37.911829,"lng":139.029955,"prefecture":15,"lines":[11408],"attr":"heat","postal_code":"951-8131","address":"新潟市中央区白山浦２丁目","voronoi":{"type":"Feature","geometry":{"type":"Polygon","coordinates":[[[138.983502,38.008704],[139.023935,37.905307],[139.032275,37.892633],[139.037127,37.907851],[138.983502,38.008704]]]},"properties":{}},"extra":false},
    {"code":1140832,"id":9416,"name":"上所","original_name":"上所","name_kana":"かみところ","closed":false,"lat":37.906944,"lng":139.045278,"prefecture":15,"lines":[11408],"attr":"heat","postal_code":"950-0991","address":"新潟県新潟市中央区下所島１丁目４-１７","open_date":"2025-03-15","voronoi":{"type":"Feature","geometry":{"type":"Polygon","coordinates":[[[139.041388,37.877011],[139.049793,37.869878],[139.062279,37.863247],[139.064831,37.87539],[139.050045,37.918438],[139.037127,37.907851],[139.032275,37.892633],[139.032997,37.887957],[139.041388,37.877011]]]},"properties":{}},"extra":false},
    {"code":100512,"id":2065,"name":"新潟","original_name":"新潟","name_kana":"にいがた","closed":false,"lat":37.912299,"lng":139.060869,"prefecture":15,"lines":[1005,11404,11406,11408],"attr":"eco","postal_code":"950-0086","address":"新潟市中央区花園１丁目","voronoi":{"type":"Feature","geometry":{"type":"Polygon","coordinates":[[[139.050045,37.918438],[139.064831,37.87539],[139.0855,37.920339],[139.091157,37.997061],[139.084752,38.133184],[139.050045,37.918438]]]},"properties":{}},"extra":false}
  ],
  "extra":false
}