{
  "code":11406,
  "id":"ea45bc",
  "name":"JR白新線",
  "name_kana":"じぇいあーるはくしんせん",
  "station_size":10,
  "company_code":2,
  "closed":false,
  "color":"#F387B7",
  "station_list":[
    {"code":100512,"id":"503058","name":"新潟","original_name":"新潟","name_kana":"にいがた","closed":false,"lat":37.912299,"lng":139.060869,"prefecture":15,"lines":[1005,11404,11406,11408],"attr":"eco","postal_code":"950-0086","address":"新潟市中央区花園１丁目","voronoi":{"type":"Feature","geometry":{"type":"Polygon","coordinates":[[[139.050045,37.918438],[139.064831,37.87539],[139.0855,37.920339],[139.091157,37.997061],[139.084752,38.133184],[139.050045,37.918438]]]},"properties":{}},"extra":false},
    {"code":1140602,"id":"6e5987","name":"東新潟","original_name":"東新潟","name_kana":"ひがしにいがた","closed":false,"lat":37.908773,"lng":139.108685,"prefecture":15,"lines":[11406],"attr":"eco","postal_code":"950-0824","address":"新潟市東区中島","voronoi":{"type":"Feature","geometry":{"type":"Polygon","coordinates":[[[139.0855,37.920339],[139.111087,37.89291],[139.125372,37.89263],[139.091157,37.997061],[139.0855,37.920339]]]},"properties":{}},"extra":false},
    {"code":1140603,"id":"6b8cc9","name":"大形","original_name":"大形","name_kana":"おおがた","closed":false,"lat":37.915518,"lng":139.129272,"prefecture":15,"lines":[11406],"attr":"eco","postal_code":"950-0821","address":"新潟市東区岡山","voronoi":{"type":"Feature","geometry":{"type":"Polygon","coordinates":[[[139.084752,38.133184],[139.084938,38.167157],[139.153934,37.876842],[139.125372,37.89263],[139.091157,37.997061],[139.084752,38.133184]]]},"properties":{}},"extra":false},
    {"code":1140604,"id":"70f8b0","name":"新崎","original_name":"新崎","name_kana":"にいざき","closed":false,"lat":37.922478,"lng":139.158558,"prefecture":15,"lines":[11406],"attr":"cool","postal_code":"950-3134","address":"新潟市北区新崎１丁目","voronoi":{"type":"Feature","geometry":{"type":"Polygon","coordinates":[[[139.141819,38.233027],[139.078602,38.285618],[139.084938,38.167157],[139.153934,37.876842],[139.16125,37.868692],[139.164654,37.869333],[139.177757,38.054498],[139.15745,38.169017],[139.141819,38.233027]]]},"properties":{}},"extra":false},
    {"code":1140605,"id":"2c59e4","name":"早通","original_name":"早通","name_kana":"はやどおり","closed":false,"lat":37.92109,"lng":139.178173,"prefecture":15,"lines":[11406],"attr":"cool","postal_code":"950-3372","address":"新潟市北区早通","voronoi":{"type":"Feature","geometry":{"type":"Polygon","coordinates":[[[139.177757,38.054498],[139.164654,37.869333],[139.177078,37.869351],[139.194763,37.877539],[139.199116,37.970588],[139.177757,38.054498]]]},"properties":{}},"extra":false},
    {"code":1140606,"id":"c9428b","name":"豊栄","original_name":"豊栄","name_kana":"とよさか","closed":false,"lat":37.919351,"lng":139.215347,"prefecture":15,"lines":[11406],"attr":"cool","postal_code":"950-3325","address":"新潟市北区白新町１丁目","voronoi":{"type":"Feature","geometry":{"type":"Polygon","coordinates":[[[139.24426,37.904994],[139.199116,37.970588],[139.194763,37.877539],[139.20447,37.877761],[139.239454,37.895846],[139.24426,37.904994]]]},"properties":{}},"extra":false},
    {"code":1140607,"id":"f45100","name":"黒山","original_name":"黒山","name_kana":"くろやま","closed":false,"lat":37.937128,"lng":139.241177,"prefecture":15,"lines":[11406],"attr":"cool","postal_code":"950-3313","address":"新潟市北区太田","voronoi":{"type":"Feature","geometry":{"type":"Polygon","coordinates":[[[139.15745,38.169017],[139.177757,38.054498],[139.199116,37.970588],[139.24426,37.904994],[139.266128,37.919321],[139.15745,38.169017]]]},"properties":{}},"extra":false},
    {"code":1140608,"id":"e29da5","name":"佐々木","original_name":"佐々木","name_kana":"ささき","closed":false,"lat":37.949716,"lng":139.270099,"prefecture":15,"lines":[11406],"attr":"cool","postal_code":"957-0081","address":"新発田市上中沢","voronoi":{"type":"Feature","geometry":{"type":"Polygon","coordinates":[[[139.141819,38.233027],[139.158589,38.223685],[139.229187,38.133376],[139.292645,38.034858],[139.300872,38.007606],[139.282627,37.927687],[139.273325,37.919605],[139.266128,37.919321],[139.15745,38.169017],[139.141819,38.233027]]]},"properties":{}},"extra":false},
    {"code":1140609,"id":"5eaeec","name":"西新発田","original_name":"西新発田","name_kana":"にししばた","closed":false,"lat":37.942097,"lng":139.303474,"prefecture":15,"lines":[11406],"attr":"heat","postal_code":"957-0062","address":"新発田市富塚町１丁目","voronoi":{"type":"Feature","geometry":{"type":"Polygon","coordinates":[[[139.282627,37.927687],[139.320378,37.926695],[139.316853,37.981962],[139.300872,38.007606],[139.282627,37.927687]]]},"properties":{}},"extra":false},
    {"code":1121407,"id":"b3cded","name":"新発田","original_name":"新発田","name_kana":"しばた","closed":false,"lat":37.94412,"lng":139.335189,"prefecture":15,"lines":[11214,11406,10401],"attr":"cool","postal_code":"957-0055","address":"新発田市諏訪町１丁目","voronoi":{"type":"Feature","geometry":{"type":"Polygon","coordinates":[[[139.316853,37.981962],[139.320378,37.926695],[139.324796,37.922198],[139.359418,37.951188],[139.316853,37.981962]]]},"properties":{}},"extra":false}
  ],
  "extra":false
}