{
  "code":11403,
  "id":93,
  "name":"JR信越本線(篠ノ井～長野)",
  "name_kana":"じぇいあーるしんえつほんせん",
  "station_size":5,
  "company_code":2,
  "closed":false,
  "color":"#00BFFF",
  "station_list":[
    {"code":1140301,"id":2007,"name":"篠ノ井","original_name":"篠ノ井","name_kana":"しののい","closed":false,"lat":36.5771,"lng":138.138046,"prefecture":20,"lines":[11403,11412,99403,11425],"attr":"cool","postal_code":"388-8007","address":"長野市篠ノ井布施高田","voronoi":{"type":"Feature","geometry":{"type":"Polygon","coordinates":[[[138.088442,36.607284],[138.12312,36.564784],[138.139425,36.561687],[138.147638,36.564608],[138.157894,36.580069],[138.088442,36.607284]]]},"properties":{}},"extra":false},
    {"code":1140302,"id":2008,"name":"今井","original_name":"今井","name_kana":"いまい","closed":false,"lat":36.595732,"lng":138.145347,"prefecture":20,"lines":[11403],"attr":"cool","postal_code":"381-2226","address":"長野市川中島町今井２９６番地","voronoi":{"type":"Feature","geometry":{"type":"Polygon","coordinates":[[[138.062577,36.62966],[138.088442,36.607284],[138.157894,36.580069],[138.172924,36.587574],[138.173713,36.597516],[138.062577,36.62966]]]},"properties":{}},"extra":false},
    {"code":1140303,"id":2009,"name":"川中島","original_name":"川中島","name_kana":"かわなかじま","closed":false,"lat":36.614167,"lng":138.150679,"prefecture":20,"lines":[11403],"attr":"cool","postal_code":"381-2233","address":"長野市川中島町上氷鉋","voronoi":{"type":"Feature","geometry":{"type":"Polygon","coordinates":[[[138.062577,36.62966],[138.012185,36.664561],[138.015321,36.671173],[138.025976,36.689025],[138.036482,36.704892],[138.178056,36.607149],[138.173713,36.597516],[138.062577,36.62966]]]},"properties":{}},"extra":false},
    {"code":1140304,"id":2010,"name":"安茂里","original_name":"安茂里","name_kana":"あもり","closed":false,"lat":36.630262,"lng":138.161791,"prefecture":20,"lines":[11403],"attr":"cool","postal_code":"380-0941","address":"長野市安茂里","voronoi":{"type":"Feature","geometry":{"type":"Polygon","coordinates":[[[138.166776,36.654935],[138.185826,36.615054],[138.178056,36.607149],[138.036482,36.704892],[138.058192,36.743008],[138.09621,36.735401],[138.158466,36.665889],[138.166776,36.654935]]]},"properties":{}},"extra":false},
    {"code":100906,"id":2011,"name":"長野","original_name":"長野","name_kana":"ながの","closed":false,"lat":36.643307,"lng":138.189101,"prefecture":20,"lines":[1009,11403,99427,99405,11426],"attr":"cool","postal_code":"380-0921","address":"長野市大字栗田１０３８番地","voronoi":{"type":"Feature","geometry":{"type":"Polygon","coordinates":[[[138.218585,36.634649],[138.219654,36.633011],[138.202554,36.619022],[138.185826,36.615054],[138.166776,36.654935],[138.174065,36.652864],[138.218585,36.634649]]]},"properties":{}},"extra":false}
  ],
  "extra":false
}