{
  "code":11405,
  "id":95,
  "name":"JR北陸本線(富山～直江津)",
  "name_kana":"じぇいあーるほくりくほんせん",
  "station_size":24,
  "company_code":4,
  "closed":true,
  "station_list":[
    {"code":100911,"id":2066,"name":"富山","original_name":"富山","name_kana":"とやま","closed":false,"lat":36.701612,"lng":137.213252,"prefecture":16,"lines":[1009,11405,11416,99425,11423],"attr":"eco","postal_code":"930-0001","address":"富山市明輪町","voronoi":{"type":"Feature","geometry":{"type":"Polygon","coordinates":[[[137.212651,36.702887],[137.213042,36.700913],[137.213471,36.700933],[137.214123,36.701627],[137.212651,36.702887]]]},"properties":{}},"extra":false},
    {"code":9942512,"id":2067,"name":"東富山","original_name":"東富山","name_kana":"ひがしとやま","closed":false,"lat":36.741589,"lng":137.248953,"prefecture":16,"lines":[11405,99425],"attr":"eco","postal_code":"931-8303","address":"富山市米田","voronoi":{"type":"Feature","geometry":{"type":"Polygon","coordinates":[[[137.238282,36.7436],[137.237991,36.737775],[137.239355,36.732815],[137.264477,36.723076],[137.273963,36.72692],[137.274255,36.727239],[137.27246,36.774834],[137.250907,36.75851],[137.24107,36.74918],[137.238823,36.745167],[137.238282,36.7436]]]},"properties":{}},"extra":false},
    {"code":9942513,"id":2068,"name":"水橋","original_name":"水橋","name_kana":"みずはし","closed":false,"lat":36.743454,"lng":137.298404,"prefecture":16,"lines":[11405,99425],"attr":"eco","postal_code":"939-3524","address":"富山市水橋伊勢屋","voronoi":{"type":"Feature","geometry":{"type":"Polygon","coordinates":[[[137.27246,36.774834],[137.286553,36.825875],[137.30416,36.786403],[137.319599,36.740291],[137.320433,36.728497],[137.295872,36.72314],[137.274255,36.727239],[137.27246,36.774834]]]},"properties":{}},"extra":false},
    {"code":9942514,"id":2069,"name":"滑川","original_name":"滑川","name_kana":"なめりかわ","closed":false,"lat":36.769318,"lng":137.348666,"prefecture":16,"lines":[11405,99408,99425],"attr":"eco","postal_code":"936-0024","address":"滑川市辰野","voronoi":{"type":"Feature","geometry":{"type":"Polygon","coordinates":[[[137.36768,36.753512],[137.282772,36.886915],[137.286491,36.834348],[137.353827,36.754354],[137.357859,36.752854],[137.36768,36.753512]]]},"properties":{}},"extra":false},
    {"code":9942515,"id":2070,"name":"東滑川","original_name":"東滑川","name_kana":"ひがしなめりかわ","closed":false,"lat":36.787987,"lng":137.37805,"prefecture":16,"lines":[11405,99425],"attr":"eco","postal_code":"936-0002","address":"滑川市中村","voronoi":{"type":"Feature","geometry":{"type":"Polygon","coordinates":[[[137.404459,36.741088],[137.336886,36.844412],[137.351933,36.832076],[137.361346,36.822177],[137.409941,36.738268],[137.404459,36.741088]]]},"properties":{}},"extra":false},
    {"code":9942516,"id":2071,"name":"魚津","original_name":"魚津","name_kana":"うおづ","closed":false,"lat":36.82642,"lng":137.405693,"prefecture":16,"lines":[11405,99425],"attr":"eco","postal_code":"937-0067","address":"魚津市釈迦堂","voronoi":{"type":"Feature","geometry":{"type":"Polygon","coordinates":[[[137.470378,36.805782],[137.465979,36.811843],[137.412307,36.836996],[137.402159,36.821164],[137.48281,36.782611],[137.482005,36.785085],[137.481133,36.786791],[137.470378,36.805782]]]},"properties":{}},"extra":false},
    {"code":9942517,"id":2072,"name":"黒部","original_name":"黒部","name_kana":"くろべ","closed":false,"lat":36.869322,"lng":137.434393,"prefecture":16,"lines":[11405,99425],"attr":"cool","postal_code":"938-0042","address":"黒部市天神新","voronoi":{"type":"Feature","geometry":{"type":"Polygon","coordinates":[[[137.433623,36.851688],[137.423189,36.886119],[137.431341,36.887864],[137.449565,36.850676],[137.455553,36.832206],[137.433623,36.851688]]]},"properties":{}},"extra":false},
    {"code":9942518,"id":2073,"name":"生地","original_name":"生地","name_kana":"いくじ","closed":false,"lat":36.906031,"lng":137.426534,"prefecture":16,"lines":[11405,99425],"attr":"cool","postal_code":"938-0005","address":"黒部市吉田","voronoi":{"type":"Feature","geometry":{"type":"Polygon","coordinates":[[[137.309391,37.099658],[137.296353,37.093273],[137.246089,37.065716],[137.21022,37.023925],[137.203735,37.001825],[137.277824,36.903371],[137.330665,36.893825],[137.423189,36.886119],[137.431341,36.887864],[137.44567,36.895756],[137.45388,36.902138],[137.454306,36.902588],[137.309391,37.099658]]]},"properties":{}},"extra":false},
    {"code":9942519,"id":2074,"name":"西入善","original_name":"西入善","name_kana":"にしにゅうぜん","closed":false,"lat":36.930124,"lng":137.459298,"prefecture":16,"lines":[11405,99425],"attr":"eco","postal_code":"939-0663","address":"下新川郡入善町下飯野","voronoi":{"type":"Feature","geometry":{"type":"Polygon","coordinates":[[[137.309391,37.099658],[137.390073,37.148613],[137.415339,37.162471],[137.486786,36.908572],[137.474713,36.903871],[137.468325,36.902568],[137.454306,36.902588],[137.309391,37.099658]]]},"properties":{}},"extra":false},
    {"code":9942520,"id":2075,"name":"入善","original_name":"入善","name_kana":"にゅうぜん","closed":false,"lat":36.941296,"lng":137.499,"prefecture":16,"lines":[11405,99425],"attr":"eco","postal_code":"939-0626","address":"下新川郡入善町入膳","voronoi":{"type":"Feature","geometry":{"type":"Polygon","coordinates":[[[137.415339,37.162471],[137.486786,36.908572],[137.495388,36.906282],[137.503291,36.905625],[137.532313,36.908402],[137.534562,36.908991],[137.493974,37.127908],[137.470758,37.199498],[137.415339,37.162471]]]},"properties":{}},"extra":false},
    {"code":9942521,"id":2076,"name":"泊(富山)","original_name":"泊","name_kana":"とまり","closed":false,"lat":36.951897,"lng":137.556179,"prefecture":16,"lines":[11405,99425],"attr":"eco","postal_code":"939-0744","address":"下新川郡朝日町平柳","voronoi":{"type":"Feature","geometry":{"type":"Polygon","coordinates":[[[137.493974,37.127908],[137.534562,36.908991],[137.539096,36.907107],[137.547339,36.905029],[137.554178,36.903956],[137.608424,36.902593],[137.493974,37.127908]]]},"properties":{}},"extra":false},
    {"code":9942522,"id":2077,"name":"越中宮崎","original_name":"越中宮崎","name_kana":"えっちゅうみやざき","closed":false,"lat":36.973863,"lng":137.599423,"prefecture":16,"lines":[11405,99425],"attr":"eco","postal_code":"939-0703","address":"下新川郡朝日町宮崎","voronoi":{"type":"Feature","geometry":{"type":"Polygon","coordinates":[[[137.635911,36.891949],[137.608424,36.902593],[137.493974,37.127908],[137.470758,37.199498],[137.519253,37.248801],[137.584547,37.289361],[137.635911,36.891949]]]},"properties":{}},"extra":false},
    {"code":9942301,"id":2078,"name":"市振","original_name":"市振","name_kana":"いちぶり","closed":false,"lat":36.980448,"lng":137.650373,"prefecture":15,"lines":[11405,99423,99425],"attr":"cool","postal_code":"949-0111","address":"糸魚川市市振","voronoi":{"type":"Feature","geometry":{"type":"Polygon","coordinates":[[[137.730839,36.871205],[137.730957,36.871475],[137.601563,37.301958],[137.584547,37.289361],[137.635911,36.891949],[137.638878,36.889646],[137.663233,36.880147],[137.730839,36.871205]]]},"properties":{}},"extra":false},
    {"code":9942302,"id":2079,"name":"親不知","original_name":"親不知","name_kana":"おやしらず","closed":false,"lat":37.006818,"lng":137.738104,"prefecture":15,"lines":[11405,99423],"attr":"cool","postal_code":"949-0307","address":"糸魚川市歌","voronoi":{"type":"Feature","geometry":{"type":"Polygon","coordinates":[[[137.757719,36.899926],[137.730957,36.871475],[137.601563,37.301958],[137.670246,37.369714],[137.784973,36.94809],[137.757719,36.899926]]]},"properties":{}},"extra":false},
    {"code":9942303,"id":2080,"name":"青海(新潟)","original_name":"青海","name_kana":"おうみ","closed":false,"lat":37.022469,"lng":137.795622,"prefecture":15,"lines":[11405,99423],"attr":"cool","postal_code":"949-0305","address":"糸魚川市青海","voronoi":{"type":"Feature","geometry":{"type":"Polygon","coordinates":[[[137.70647,37.411741],[137.670246,37.369714],[137.784973,36.94809],[137.809696,36.966807],[137.827219,36.989262],[137.828631,37.032539],[137.70647,37.411741]]]},"properties":{}},"extra":false},
    {"code":100909,"id":2081,"name":"糸魚川","original_name":"糸魚川","name_kana":"いといがわ","closed":false,"lat":37.043631,"lng":137.861311,"prefecture":15,"lines":[1009,11405,11409,99423],"attr":"heat","postal_code":"941-0061","address":"糸魚川市大町１丁目","voronoi":{"type":"Feature","geometry":{"type":"Polygon","coordinates":[[[137.70647,37.411741],[137.743896,37.463629],[137.792432,37.338143],[137.873642,37.031771],[137.828631,37.032539],[137.70647,37.411741]]]},"properties":{}},"extra":false},
    {"code":9942306,"id":2082,"name":"梶屋敷","original_name":"梶屋敷","name_kana":"かじやしき","closed":false,"lat":37.056577,"lng":137.905738,"prefecture":15,"lines":[11405,99423],"attr":"cool","postal_code":"941-0008","address":"糸魚川市大字田伏","voronoi":{"type":"Feature","geometry":{"type":"Polygon","coordinates":[[[137.966025,36.980587],[137.835907,37.234864],[137.901007,37.023489],[137.966025,36.980587]]]},"properties":{}},"extra":false},
    {"code":9942307,"id":2083,"name":"浦本","original_name":"浦本","name_kana":"うらもと","closed":false,"lat":37.073935,"lng":137.939659,"prefecture":15,"lines":[11405,99423],"attr":"cool","postal_code":"941-0001","address":"糸魚川市大字間脇","voronoi":{"type":"Feature","geometry":{"type":"Polygon","coordinates":[[[137.835907,37.234864],[137.792432,37.338143],[137.743896,37.463629],[137.771111,37.510249],[138.028388,36.943133],[138.014539,36.94512],[137.974446,36.97224],[137.966025,36.980587],[137.835907,37.234864]]]},"properties":{}},"extra":false},
    {"code":9942308,"id":2084,"name":"能生","original_name":"能生","name_kana":"のう","closed":false,"lat":37.096049,"lng":137.988405,"prefecture":15,"lines":[11405,99423],"attr":"heat","postal_code":"949-1352","address":"糸魚川市能生","voronoi":{"type":"Feature","geometry":{"type":"Polygon","coordinates":[[[137.94954,37.284579],[137.794156,37.555487],[137.771111,37.510249],[138.028388,36.943133],[138.051618,36.935622],[138.057119,36.941114],[138.082288,36.977866],[138.08251,36.978375],[137.94954,37.284579]]]},"properties":{}},"extra":false},
    {"code":9942309,"id":2085,"name":"筒石","original_name":"筒石","name_kana":"つついし","closed":false,"lat":37.127473,"lng":138.060768,"prefecture":15,"lines":[11405,99423],"attr":"heat","postal_code":"949-1302","address":"糸魚川市仙納","voronoi":{"type":"Feature","geometry":{"type":"Polygon","coordinates":[[[138.141696,37.052215],[138.141949,37.053249],[138.142028,37.05372],[138.127358,37.084732],[137.94954,37.284579],[138.08251,36.978375],[138.141696,37.052215]]]},"properties":{}},"extra":false},
    {"code":9942310,"id":2086,"name":"名立","original_name":"名立","name_kana":"なだち","closed":false,"lat":37.15584,"lng":138.092649,"prefecture":15,"lines":[11405,99423],"attr":"heat","postal_code":"949-1602","address":"上越市名立区名立大町","voronoi":{"type":"Feature","geometry":{"type":"Polygon","coordinates":[[[138.011842,37.762485],[138.127358,37.084732],[137.94954,37.284579],[137.794156,37.555487],[137.931545,37.931404],[138.011842,37.762485]]]},"properties":{}},"extra":false},
    {"code":9942311,"id":2087,"name":"有間川","original_name":"有間川","name_kana":"ありまがわ","closed":false,"lat":37.163323,"lng":138.136553,"prefecture":15,"lines":[11405,99423],"attr":"heat","postal_code":"949-1702","address":"上越市大字有間川","voronoi":{"type":"Feature","geometry":{"type":"Polygon","coordinates":[[[138.011842,37.762485],[138.018267,37.750149],[138.134223,37.497396],[138.134305,37.497162],[138.161108,37.401055],[138.152939,37.071166],[138.142028,37.05372],[138.127358,37.084732],[138.011842,37.762485]]]},"properties":{}},"extra":false},
    {"code":9942312,"id":2088,"name":"谷浜","original_name":"谷浜","name_kana":"たにはま","closed":false,"lat":37.162399,"lng":138.173867,"prefecture":15,"lines":[11405,99423],"attr":"eco","postal_code":"949-1701","address":"上越市大字長浜","voronoi":{"type":"Feature","geometry":{"type":"Polygon","coordinates":[[[138.19364,37.291986],[138.207718,37.169355],[138.196726,37.122607],[138.183101,37.102923],[138.152939,37.071166],[138.161108,37.401055],[138.181587,37.344981],[138.19364,37.291986]]]},"properties":{}},"extra":false},
    {"code":1140401,"id":2027,"name":"直江津","original_name":"直江津","name_kana":"なおえつ","closed":false,"lat":37.170251,"lng":138.242265,"prefecture":15,"lines":[11404,11405,99423,99424,11426],"attr":"eco","postal_code":"942-0003","address":"上越市東町１丁目","voronoi":{"type":"Feature","geometry":{"type":"Polygon","coordinates":[[[138.253545,37.179503],[138.19364,37.291986],[138.207718,37.169355],[138.268517,37.149253],[138.253545,37.179503]]]},"properties":{}},"extra":false}
  ],
  "closed_date":"2015-03-14",
  "extra":false
}