{
  "code":11417,
  "id":107,
  "name":"JR城端線",
  "name_kana":"じぇいあーるじょうはなせん",
  "station_size":14,
  "company_code":4,
  "closed":false,
  "station_list":[
    {"code":9942506,"id":2397,"name":"高岡","original_name":"高岡","name_kana":"たかおか","closed":false,"lat":36.740948,"lng":137.015274,"prefecture":16,"lines":[11417,11418,99425],"attr":"eco","postal_code":"933-0021","address":"高岡市下関町","voronoi":{"type":"Feature","geometry":{"type":"Polygon","coordinates":[[[137.003038,36.736171],[137.03219,36.730194],[137.022647,36.743808],[137.021161,36.744338],[137.003038,36.736171]]]},"properties":{}},"extra":false},
    {"code":100912,"id":9182,"name":"新高岡","original_name":"新高岡","name_kana":"しんたかおか","closed":false,"lat":36.726965,"lng":137.012407,"prefecture":16,"lines":[1009,11417],"attr":"eco","postal_code":"933-0852","address":"富山県高岡市下黒田1872番地","open_date":"2015-03-14","voronoi":{"type":"Feature","geometry":{"type":"Polygon","coordinates":[[[136.998083,36.726206],[137.037931,36.70643],[137.034425,36.72868],[137.03219,36.730194],[137.003038,36.736171],[137.002546,36.736246],[136.998083,36.726206]]]},"properties":{}},"extra":false},
    {"code":1141702,"id":2445,"name":"二塚","original_name":"二塚","name_kana":"ふたつか","closed":false,"lat":36.714339,"lng":137.006141,"prefecture":16,"lines":[11417],"attr":"eco","postal_code":"933-0816","address":"高岡市二塚","voronoi":{"type":"Feature","geometry":{"type":"Polygon","coordinates":[[[136.988597,36.719159],[136.998083,36.726206],[137.037931,36.70643],[137.04928,36.677437],[136.988597,36.719159]]]},"properties":{}},"extra":false},
    {"code":1141703,"id":2446,"name":"林(富山)","original_name":"林","name_kana":"はやし","closed":false,"lat":36.704504,"lng":136.999379,"prefecture":16,"lines":[11417],"attr":"heat","postal_code":"933-0817","address":"高岡市東藤平蔵","voronoi":{"type":"Feature","geometry":{"type":"Polygon","coordinates":[[[136.988597,36.719159],[136.98432,36.717814],[136.977175,36.705509],[137.053862,36.646682],[137.056737,36.652159],[137.053832,36.668659],[137.04928,36.677437],[136.988597,36.719159]]]},"properties":{}},"extra":false},
    {"code":1141704,"id":2447,"name":"戸出","original_name":"戸出","name_kana":"といで","closed":false,"lat":36.684323,"lng":136.983898,"prefecture":16,"lines":[11417],"attr":"cool","postal_code":"939-1104","address":"高岡市戸出町２丁目","voronoi":{"type":"Feature","geometry":{"type":"Polygon","coordinates":[[[136.958164,36.696661],[136.951263,36.681708],[137.050243,36.635857],[137.053862,36.646682],[136.977175,36.705509],[136.958164,36.696661]]]},"properties":{}},"extra":false},
    {"code":1141705,"id":2448,"name":"油田","original_name":"油田","name_kana":"あぶらでん","closed":false,"lat":36.655124,"lng":136.970372,"prefecture":16,"lines":[11417],"attr":"cool","postal_code":"939-1308","address":"砺波市三郎丸","voronoi":{"type":"Feature","geometry":{"type":"Polygon","coordinates":[[[137.049558,36.630427],[136.991202,36.619666],[136.934967,36.66996],[136.951263,36.681708],[137.050243,36.635857],[137.049558,36.630427]]]},"properties":{}},"extra":false},
    {"code":1141706,"id":2449,"name":"砺波","original_name":"砺波","name_kana":"となみ","closed":false,"lat":36.636424,"lng":136.953648,"prefecture":16,"lines":[11417],"attr":"cool","postal_code":"939-1366","address":"砺波市表町","voronoi":{"type":"Feature","geometry":{"type":"Polygon","coordinates":[[[136.976358,36.611704],[136.991202,36.619666],[136.934967,36.66996],[136.91874,36.665086],[136.924324,36.641284],[136.976358,36.611704]]]},"properties":{}},"extra":false},
    {"code":1141707,"id":2450,"name":"東野尻","original_name":"東野尻","name_kana":"ひがしのじり","closed":false,"lat":36.618573,"lng":136.9435,"prefecture":16,"lines":[11417],"attr":"eco","postal_code":"939-1333","address":"砺波市苗加","voronoi":{"type":"Feature","geometry":{"type":"Polygon","coordinates":[[[136.976358,36.611704],[136.924324,36.641284],[136.924182,36.640125],[136.926954,36.620711],[136.962079,36.598549],[136.963889,36.598785],[136.976358,36.611704]]]},"properties":{}},"extra":false},
    {"code":1141708,"id":2451,"name":"高儀","original_name":"高儀","name_kana":"たかぎ","closed":false,"lat":36.606697,"lng":136.936007,"prefecture":16,"lines":[11417],"attr":"eco","postal_code":"939-1504","address":"南砺市川除新","voronoi":{"type":"Feature","geometry":{"type":"Polygon","coordinates":[[[136.952134,36.59447],[136.962079,36.598549],[136.926954,36.620711],[136.923866,36.610458],[136.924339,36.602033],[136.924887,36.600942],[136.934696,36.594005],[136.952134,36.59447]]]},"properties":{}},"extra":false},
    {"code":1141709,"id":2452,"name":"福野(富山)","original_name":"福野","name_kana":"ふくの","closed":false,"lat":36.588541,"lng":136.923166,"prefecture":16,"lines":[11417,99432],"attr":"eco","postal_code":"939-1571","address":"南砺市松原新","voronoi":{"type":"Feature","geometry":{"type":"Polygon","coordinates":[[[136.924887,36.600942],[136.910956,36.581715],[136.91934,36.564935],[136.934696,36.594005],[136.924887,36.600942]]]},"properties":{}},"extra":false},
    {"code":1141710,"id":2453,"name":"東石黒","original_name":"東石黒","name_kana":"ひがしいしぐろ","closed":false,"lat":36.57605,"lng":136.898166,"prefecture":16,"lines":[11417],"attr":"eco","postal_code":"939-1543","address":"南砺市下吉江","voronoi":{"type":"Feature","geometry":{"type":"Polygon","coordinates":[[[136.884565,36.600598],[136.873021,36.601094],[136.861475,36.596889],[136.898314,36.55573],[136.917839,36.550194],[136.921356,36.550422],[136.91934,36.564935],[136.910956,36.581715],[136.891391,36.597325],[136.884565,36.600598]]]},"properties":{}},"extra":false},
    {"code":1141711,"id":2454,"name":"福光","original_name":"福光","name_kana":"ふくみつ","closed":false,"lat":36.558121,"lng":136.878135,"prefecture":16,"lines":[11417],"attr":"eco","postal_code":"939-1732","address":"南砺市荒木","voronoi":{"type":"Feature","geometry":{"type":"Polygon","coordinates":[[[136.762277,36.499152],[136.762434,36.49068],[136.898314,36.55573],[136.861475,36.596889],[136.808779,36.595565],[136.782628,36.575779],[136.780038,36.571953],[136.763377,36.513775],[136.762318,36.507563],[136.762277,36.499152]]]},"properties":{}},"extra":false},
    {"code":1141712,"id":2455,"name":"越中山田","original_name":"越中山田","name_kana":"えっちゅうやまだ","closed":false,"lat":36.538513,"lng":136.887522,"prefecture":16,"lines":[11417],"attr":"eco","postal_code":"939-1734","address":"南砺市竹林","voronoi":{"type":"Feature","geometry":{"type":"Polygon","coordinates":[[[136.917839,36.550194],[136.781825,36.433551],[136.761997,36.483712],[136.762434,36.49068],[136.898314,36.55573],[136.917839,36.550194]]]},"properties":{}},"extra":false},
    {"code":1141713,"id":2456,"name":"城端","original_name":"城端","name_kana":"じょうはな","closed":false,"lat":36.522012,"lng":136.901673,"prefecture":16,"lines":[11417],"attr":"eco","postal_code":"939-1852","address":"南砺市是安","voronoi":{"type":"Feature","geometry":{"type":"Polygon","coordinates":[[[136.869928,36.296048],[136.877336,36.287016],[137.019043,36.422143],[137.020332,36.423732],[136.947031,36.528652],[136.926149,36.547597],[136.921356,36.550422],[136.917839,36.550194],[136.781825,36.433551],[136.78758,36.415169],[136.798351,36.388252],[136.869928,36.296048]]]},"properties":{}},"extra":false}
  ],
  "extra":false
}