{
  "code":11415,
  "id":105,
  "name":"JR北陸本線(米原～敦賀)",
  "name_kana":"じぇいあーるほくりくほんせん",
  "station_size":20,
  "company_code":4,
  "closed":false,
  "station_list":[
    {"code":100215,"id":2347,"name":"米原","original_name":"米原","name_kana":"まいばら","closed":false,"lat":35.314657,"lng":136.289992,"prefecture":25,"numbering":["A12"],"lines":[1002,11415,11503,11601,99601],"attr":"cool","postal_code":"521-0012","address":"米原市米原","voronoi":{"type":"Feature","geometry":{"type":"Polygon","coordinates":[[[136.242447,35.314922],[136.235158,35.319498],[136.315927,35.328098],[136.323358,35.296594],[136.242447,35.314922]]]},"properties":{}},"extra":false},
    {"code":1141502,"id":2348,"name":"坂田","original_name":"坂田","name_kana":"さかた","closed":false,"lat":35.335777,"lng":136.287743,"prefecture":25,"numbering":["A11"],"lines":[11415],"attr":"cool","postal_code":"521-0062","address":"米原市宇賀野","voronoi":{"type":"Feature","geometry":{"type":"Polygon","coordinates":[[[136.315927,35.328098],[136.319897,35.356186],[136.219636,35.327226],[136.2177,35.326199],[136.235158,35.319498],[136.315927,35.328098]]]},"properties":{}},"extra":false},
    {"code":1141503,"id":2349,"name":"田村","original_name":"田村","name_kana":"たむら","closed":false,"lat":35.356307,"lng":136.281813,"prefecture":25,"numbering":["A10"],"lines":[11415],"attr":"cool","postal_code":"526-0829","address":"長浜市田村町","voronoi":{"type":"Feature","geometry":{"type":"Polygon","coordinates":[[[136.219636,35.327226],[136.319897,35.356186],[136.327312,35.372578],[136.326182,35.407236],[136.219636,35.327226]]]},"properties":{}},"extra":false},
    {"code":1141504,"id":2350,"name":"長浜","original_name":"長浜","name_kana":"ながはま","closed":false,"lat":35.378828,"lng":136.264901,"prefecture":25,"numbering":["A09"],"lines":[11415],"attr":"cool","postal_code":"526-0057","address":"長浜市北船町","voronoi":{"type":"Feature","geometry":{"type":"Polygon","coordinates":[[[136.327131,35.412534],[136.149585,35.383341],[136.149578,35.381828],[136.150773,35.363127],[136.154376,35.327122],[136.2177,35.326199],[136.219636,35.327226],[136.326182,35.407236],[136.327131,35.412534]]]},"properties":{}},"extra":false},
    {"code":1141505,"id":2351,"name":"虎姫","original_name":"虎姫","name_kana":"とらひめ","closed":false,"lat":35.424539,"lng":136.257385,"prefecture":25,"numbering":["A08"],"lines":[11415],"attr":"cool","postal_code":"529-0144","address":"滋賀県長浜市大寺町細田1043","voronoi":{"type":"Feature","geometry":{"type":"Polygon","coordinates":[[[136.158834,35.405323],[136.148828,35.387138],[136.149585,35.383341],[136.327131,35.412534],[136.360268,35.471658],[136.158834,35.405323]]]},"properties":{}},"extra":false},
    {"code":1141506,"id":2352,"name":"河毛","original_name":"河毛","name_kana":"かわけ","closed":false,"lat":35.448425,"lng":136.249519,"prefecture":25,"numbering":["A07"],"lines":[11415],"attr":"eco","postal_code":"529-0317","address":"滋賀県長浜市湖北町山脇560","voronoi":{"type":"Feature","geometry":{"type":"Polygon","coordinates":[[[136.405885,35.53526],[136.360268,35.471658],[136.158834,35.405323],[136.163064,35.415991],[136.405131,35.546381],[136.405885,35.53526]]]},"properties":{}},"extra":false},
    {"code":1141507,"id":2353,"name":"高月","original_name":"高月","name_kana":"たかつき","closed":false,"lat":35.470337,"lng":136.237716,"prefecture":25,"numbering":["A06"],"lines":[11415],"attr":"eco","postal_code":"529-0241","address":"滋賀県長浜市高月町落川33-26","voronoi":{"type":"Feature","geometry":{"type":"Polygon","coordinates":[[[136.405131,35.546381],[136.163064,35.415991],[136.17479,35.463433],[136.405133,35.567034],[136.405131,35.546381]]]},"properties":{}},"extra":false},
    {"code":1141508,"id":2354,"name":"木ノ本","original_name":"木ノ本","name_kana":"きのもと","closed":false,"lat":35.505933,"lng":136.221706,"prefecture":25,"numbering":["A05"],"lines":[11415],"attr":"eco","postal_code":"529-0425","address":"滋賀県長浜市木之本町木之本1543","voronoi":{"type":"Feature","geometry":{"type":"Polygon","coordinates":[[[136.407943,35.603548],[136.406518,35.580684],[136.405133,35.567034],[136.17479,35.463433],[136.173026,35.488208],[136.216544,35.525839],[136.406454,35.60809],[136.407943,35.603548]]]},"properties":{}},"extra":false},
    {"code":1141544,"id":20018,"name":"中ノ郷","original_name":"中ノ郷","name_kana":"なかのごう","closed":true,"lat":35.543222,"lng":136.205556,"prefecture":25,"lines":[11415],"postal_code":"529-0515","address":"滋賀県長浜市余呉町中之郷９５６","open_date":"1882-03-10","closed_date":"1964-05-11","voronoi":{"type":"Feature","geometry":{"type":"Polygon","coordinates":[[[136.216544,35.525839],[136.180066,35.556742],[136.398071,35.645512],[136.406454,35.60809],[136.216544,35.525839]]]},"properties":{}},"extra":true},
    {"code":1141545,"id":20019,"name":"柳ヶ瀬","original_name":"柳ヶ瀬","name_kana":"やながせ","closed":true,"lat":35.584222,"lng":136.188861,"prefecture":25,"lines":[11415],"postal_code":"529-0533","address":"滋賀県長浜市余呉町柳ケ瀬","open_date":"1882-03-10","closed_date":"1964-05-11","voronoi":{"type":"Feature","geometry":{"type":"Polygon","coordinates":[[[136.180066,35.556742],[136.176907,35.556194],[136.158652,35.571649],[136.163916,35.582659],[136.352978,35.669812],[136.395454,35.667468],[136.398071,35.645512],[136.180066,35.556742]]]},"properties":{}},"extra":true},
    {"code":1141546,"id":20020,"name":"雁ヶ谷","original_name":"雁ヶ谷","name_kana":"かりがや","closed":true,"lat":35.600611,"lng":136.181306,"prefecture":25,"lines":[11415],"postal_code":"529-0533","address":"滋賀県長浜市余呉町柳ケ瀬","open_date":"1922-03-15","closed_date":"1964-05-11","voronoi":{"type":"Feature","geometry":{"type":"Polygon","coordinates":[[[136.286293,35.676767],[136.352978,35.669812],[136.163916,35.582659],[136.169503,35.6554],[136.196412,35.678726],[136.286293,35.676767]]]},"properties":{}},"extra":true},
    {"code":1141547,"id":20021,"name":"刀根","original_name":"刀根","name_kana":"とね","closed":true,"lat":35.603056,"lng":136.149472,"prefecture":18,"lines":[11415],"postal_code":"914-0313","address":"福井県敦賀市刀根３２−４１","open_date":"1913-04-01","closed_date":"1964-05-11","voronoi":{"type":"Feature","geometry":{"type":"Polygon","coordinates":[[[136.124177,35.634867],[136.124126,35.603581],[136.130025,35.570851],[136.158652,35.571649],[136.163916,35.582659],[136.169503,35.6554],[136.124177,35.634867]]]},"properties":{}},"extra":true},
    {"code":1141548,"id":20022,"name":"疋田","original_name":"疋田","name_kana":"ひきだ","closed":true,"lat":35.603139,"lng":136.098778,"prefecture":18,"lines":[11415],"postal_code":"914-0302","address":"福井県敦賀市疋田１１−１２−２３","open_date":"1882-03-10","closed_date":"1964-05-11","voronoi":{"type":"Feature","geometry":{"type":"Polygon","coordinates":[[[136.124126,35.603581],[136.075265,35.593808],[136.090406,35.625438],[136.113206,35.637646],[136.124177,35.634867],[136.124126,35.603581]]]},"properties":{}},"extra":true},
    {"code":1141509,"id":2355,"name":"余呉","original_name":"余呉","name_kana":"よご","closed":false,"lat":35.53382,"lng":136.197591,"prefecture":25,"numbering":["A04"],"lines":[11415],"attr":"heat","postal_code":"529-0521","address":"滋賀県長浜市余呉町下余呉1727","voronoi":{"type":"Feature","geometry":{"type":"Polygon","coordinates":[[[136.173026,35.488208],[136.169219,35.496402],[136.176907,35.556194],[136.180066,35.556742],[136.216544,35.525839],[136.173026,35.488208]]]},"properties":{}},"extra":false},
    {"code":1141510,"id":2356,"name":"近江塩津","original_name":"近江塩津","name_kana":"おうみしおつ","closed":false,"lat":35.53978,"lng":136.151236,"prefecture":25,"numbering":["A03","B10"],"lines":[11415,11605],"attr":"heat","postal_code":"529-0706","address":"滋賀県長浜市西浅井町余245","voronoi":{"type":"Feature","geometry":{"type":"Polygon","coordinates":[[[136.130025,35.570851],[136.101461,35.54427],[136.169219,35.496402],[136.176907,35.556194],[136.158652,35.571649],[136.130025,35.570851]]]},"properties":{}},"extra":false},
    {"code":1141511,"id":2357,"name":"新疋田","original_name":"新疋田","name_kana":"しんひきだ","closed":false,"lat":35.594239,"lng":136.100558,"prefecture":18,"numbering":["A02","B09"],"lines":[11415],"attr":"heat","postal_code":"914-0302","address":"敦賀市疋田","voronoi":{"type":"Feature","geometry":{"type":"Polygon","coordinates":[[[136.04304,35.539239],[136.048613,35.557012],[136.075265,35.593808],[136.124126,35.603581],[136.130025,35.570851],[136.101461,35.54427],[136.058549,35.534477],[136.04304,35.539239]]]},"properties":{}},"extra":false},
    {"code":100919,"id":2358,"name":"敦賀","original_name":"敦賀","name_kana":"つるが","closed":false,"lat":35.644767,"lng":136.076488,"prefecture":18,"numbering":["A01","B08"],"lines":[1009,11415,11422,99455],"attr":"heat","postal_code":"914-0055","address":"敦賀市鉄輪町１丁目","voronoi":{"type":"Feature","geometry":{"type":"Polygon","coordinates":[[[135.997787,35.727776],[135.997816,35.727692],[136.047106,35.6395],[136.090406,35.625438],[136.113206,35.637646],[136.067128,35.699589],[135.997787,35.727776]]]},"properties":{}},"extra":false},
    {"code":1141549,"id":20023,"name":"新保","original_name":"新保","name_kana":"しんぼ","closed":true,"lat":35.674861,"lng":136.116944,"prefecture":18,"lines":[11415],"postal_code":"914-0003","address":"福井県敦賀市獺河内１０−１１","open_date":"1916-11-01","closed_date":"1962-06-10","voronoi":{"type":"Feature","geometry":{"type":"Polygon","coordinates":[[[136.161296,35.707554],[136.067128,35.699589],[136.113206,35.637646],[136.124177,35.634867],[136.169503,35.6554],[136.196412,35.678726],[136.161296,35.707554]]]},"properties":{}},"extra":true},
    {"code":1141550,"id":20024,"name":"杉津","original_name":"杉津","name_kana":"すいづ","closed":true,"lat":35.732333,"lng":136.112083,"prefecture":18,"lines":[11415],"postal_code":"914-0264","address":"福井県敦賀市杉津","open_date":"1896-07-15","closed_date":"1962-06-10","voronoi":{"type":"Feature","geometry":{"type":"Polygon","coordinates":[[[136.067128,35.699589],[135.997787,35.727776],[135.93082,35.799371],[136.062223,35.829909],[136.081515,35.822201],[136.160709,35.709251],[136.161296,35.707554],[136.067128,35.699589]]]},"properties":{}},"extra":true},
    {"code":1141551,"id":20025,"name":"大桐","original_name":"大桐","name_kana":"おおぎり","closed":true,"lat":35.762833,"lng":136.155583,"prefecture":18,"lines":[11415],"postal_code":"919-0136","address":"福井県南条郡南越前町大桐万葉の道","open_date":"1908-06-01","closed_date":"1962-06-10","voronoi":{"type":"Feature","geometry":{"type":"Polygon","coordinates":[[[136.081515,35.822201],[136.160709,35.709251],[136.174192,35.781886],[136.173823,35.783479],[136.137898,35.816743],[136.081515,35.822201]]]},"properties":{}},"extra":true}
  ],
  "extra":false
}