{
  "code":11411,
  "id":"c4c71b",
  "name":"JR中央本線(名古屋～塩尻)",
  "name_kana":"じぇいあーるちゅうおうほんせん",
  "station_size":40,
  "company_code":3,
  "closed":false,
  "color":"#3B6C9C",
  "symbol":"CF",
  "station_list":[
    {"code":100213,"id":"91ffc2","name":"名古屋","original_name":"名古屋","name_kana":"なごや","closed":false,"lat":35.170694,"lng":136.881637,"prefecture":23,"numbering":["CF00"],"lines":[1002,11411,11502,11508,99509,99513,99517],"attr":"eco","postal_code":"450-0002","address":"名古屋市中村区名駅１丁目４番","voronoi":{"type":"Feature","geometry":{"type":"Polygon","coordinates":[[[136.885066,35.173783],[136.884327,35.177775],[136.876328,35.172061],[136.878345,35.166492],[136.879908,35.166183],[136.880203,35.166189],[136.883645,35.171269],[136.885066,35.173783]]]},"properties":{}},"extra":false},
    {"code":1141102,"id":"27a817","name":"金山(愛知)","original_name":"金山","name_kana":"かなやま","closed":false,"lat":35.142928,"lng":136.900517,"prefecture":23,"numbering":["CF01"],"lines":[11411,11502,30001,30008,99514,99515],"attr":"heat","postal_code":"460-0022","address":"名古屋市中区金山１丁目","voronoi":{"type":"Feature","geometry":{"type":"Polygon","coordinates":[[[136.897719,35.149525],[136.89369,35.140085],[136.896473,35.138071],[136.910251,35.140148],[136.911888,35.141415],[136.897719,35.149525]]]},"properties":{}},"extra":false},
    {"code":1141103,"id":"55bebd","name":"鶴舞","original_name":"鶴舞","name_kana":"つるまい","closed":false,"lat":35.156416,"lng":136.917436,"prefecture":23,"numbering":["CF02"],"lines":[11411,99516],"attr":"heat","postal_code":"460-0012","address":"名古屋市中区千代田町５丁目","voronoi":{"type":"Feature","geometry":{"type":"Polygon","coordinates":[[[136.911662,35.152309],[136.912341,35.159101],[136.916647,35.164037],[136.925077,35.162305],[136.925887,35.161525],[136.926251,35.158773],[136.915181,35.144867],[136.911662,35.152309]]]},"properties":{}},"extra":false},
    {"code":1141104,"id":"1be191","name":"千種","original_name":"千種","name_kana":"ちくさ","closed":false,"lat":35.170168,"lng":136.930665,"prefecture":23,"numbering":["CF03"],"lines":[11411,99513],"attr":"heat","postal_code":"464-0075","address":"名古屋市千種区内山町３丁目","voronoi":{"type":"Feature","geometry":{"type":"Polygon","coordinates":[[[136.933802,35.164801],[136.925887,35.161525],[136.925077,35.162305],[136.925513,35.170295],[136.934115,35.173185],[136.933802,35.164801]]]},"properties":{}},"extra":false},
    {"code":1141105,"id":"86e45d","name":"大曽根","original_name":"大曽根","name_kana":"おおぞね","closed":false,"lat":35.191508,"lng":136.937161,"prefecture":23,"numbering":["CF04"],"lines":[11411,30012,99514,99523],"attr":"eco","postal_code":"461-0022","address":"名古屋市東区東大曽根町","voronoi":{"type":"Feature","geometry":{"type":"Polygon","coordinates":[[[136.937255,35.200025],[136.932482,35.192071],[136.937283,35.180844],[136.937585,35.180716],[136.940162,35.180736],[136.941729,35.196259],[136.940541,35.202028],[136.937255,35.200025]]]},"properties":{}},"extra":false},
    {"code":1141106,"id":"a295df","name":"新守山","original_name":"新守山","name_kana":"しんもりやま","closed":false,"lat":35.207283,"lng":136.951207,"prefecture":23,"numbering":["CF05"],"lines":[11411],"attr":"heat","postal_code":"463-0071","address":"名古屋市守山区新守町２６８","voronoi":{"type":"Feature","geometry":{"type":"Polygon","coordinates":[[[136.950074,35.200348],[136.940889,35.202651],[136.939585,35.210832],[136.948537,35.219725],[136.953837,35.218531],[136.956805,35.208227],[136.950074,35.200348]]]},"properties":{}},"extra":false},
    {"code":1141107,"id":"3c4833","name":"勝川","original_name":"勝川","name_kana":"かちがわ","closed":false,"lat":35.22982,"lng":136.956285,"prefecture":23,"numbering":["CF06"],"lines":[11411,99510],"attr":"cool","postal_code":"486-0931","address":"春日井市松新町６丁目","voronoi":{"type":"Feature","geometry":{"type":"Polygon","coordinates":[[[136.972804,35.232104],[136.962057,35.255522],[136.949819,35.243566],[136.945477,35.228133],[136.948537,35.219725],[136.953837,35.218531],[136.960472,35.2205],[136.971076,35.228906],[136.972308,35.23091],[136.972804,35.232104]]]},"properties":{}},"extra":false},
    {"code":1141108,"id":"fab84b","name":"春日井(JR)","original_name":"春日井","name_kana":"かすがい","closed":false,"lat":35.243139,"lng":136.985307,"prefecture":23,"numbering":["CF07"],"lines":[11411],"attr":"cool","postal_code":"486-0833","address":"愛知県春日井市上条町一丁目5162","voronoi":{"type":"Feature","geometry":{"type":"Polygon","coordinates":[[[136.987193,35.269423],[137.006211,35.233551],[137.000884,35.229258],[136.972804,35.232104],[136.962057,35.255522],[136.963687,35.266612],[136.972665,35.270683],[136.987193,35.269423]]]},"properties":{}},"extra":false},
    {"code":1141109,"id":"0c2c06","name":"神領","original_name":"神領","name_kana":"じんりょう","closed":false,"lat":35.256234,"lng":137.010006,"prefecture":23,"numbering":["CF08"],"lines":[11411],"attr":"cool","postal_code":"486-0821","address":"春日井市神領町字向拝","voronoi":{"type":"Feature","geometry":{"type":"Polygon","coordinates":[[[137.031301,35.241901],[137.020593,35.286498],[136.987193,35.269423],[137.006211,35.233551],[137.007894,35.233593],[137.024646,35.237455],[137.031301,35.241901]]]},"properties":{}},"extra":false},
    {"code":1141110,"id":"38fc31","name":"高蔵寺","original_name":"高蔵寺","name_kana":"こうぞうじ","closed":false,"lat":35.26434,"lng":137.043766,"prefecture":23,"numbering":["CF09"],"lines":[11411,99511],"attr":"eco","postal_code":"487-0013","address":"春日井市高蔵寺町３丁目","voronoi":{"type":"Feature","geometry":{"type":"Polygon","coordinates":[[[137.049543,35.240564],[137.04508,35.239767],[137.031301,35.241901],[137.020593,35.286498],[137.042644,35.324476],[137.042819,35.324393],[137.06336,35.268494],[137.049543,35.240564]]]},"properties":{}},"extra":false},
    {"code":1141111,"id":"6f2036","name":"定光寺","original_name":"定光寺","name_kana":"じょうこうじ","closed":false,"lat":35.278015,"lng":137.080981,"prefecture":23,"numbering":["CF10"],"lines":[11411],"attr":"eco","postal_code":"487-0004","address":"春日井市玉野町","voronoi":{"type":"Feature","geometry":{"type":"Polygon","coordinates":[[[137.049702,35.323649],[137.042819,35.324393],[137.06336,35.268494],[137.102529,35.25568],[137.125521,35.262757],[137.049702,35.323649]]]},"properties":{}},"extra":false},
    {"code":1141112,"id":"5a6824","name":"古虎渓","original_name":"古虎渓","name_kana":"ここけい","closed":false,"lat":35.302955,"lng":137.101011,"prefecture":21,"numbering":["CF11"],"lines":[11411],"attr":"cool","postal_code":"507-0044","address":"多治見市諏訪町神田","voronoi":{"type":"Feature","geometry":{"type":"Polygon","coordinates":[[[137.098167,35.325972],[137.059432,35.325477],[137.049702,35.323649],[137.125521,35.262757],[137.127377,35.262668],[137.127035,35.288507],[137.126953,35.28883],[137.123229,35.299919],[137.11602,35.312187],[137.104324,35.322151],[137.098167,35.325972]]]},"properties":{}},"extra":false},
    {"code":1141113,"id":"be0527","name":"多治見","original_name":"多治見","name_kana":"たじみ","closed":false,"lat":35.334774,"lng":137.120294,"prefecture":21,"numbering":["CF12"],"lines":[11411,11507],"attr":"cool","postal_code":"507-0037","address":"多治見市音羽町２丁目","voronoi":{"type":"Feature","geometry":{"type":"Polygon","coordinates":[[[137.144734,35.35516],[137.13623,35.377917],[137.106829,35.337005],[137.125361,35.333119],[137.139476,35.33862],[137.147766,35.345205],[137.144734,35.35516]]]},"properties":{}},"extra":false},
    {"code":1141114,"id":"3f7dcb","name":"土岐市","original_name":"土岐市","name_kana":"ときし","closed":false,"lat":35.359708,"lng":137.182082,"prefecture":21,"numbering":["CF13"],"lines":[11411,99535],"attr":"cool","postal_code":"509-5142","address":"土岐市泉町久尻","voronoi":{"type":"Feature","geometry":{"type":"Polygon","coordinates":[[[137.207202,35.345906],[137.207873,35.346745],[137.217351,35.362146],[137.207484,35.435763],[137.153758,35.3939],[137.182264,35.353587],[137.186895,35.350227],[137.207202,35.345906]]]},"properties":{}},"extra":false},
    {"code":1141115,"id":"3fb1ce","name":"瑞浪","original_name":"瑞浪","name_kana":"みずなみ","closed":false,"lat":35.369081,"lng":137.252017,"prefecture":21,"numbering":["CF14"],"lines":[11411],"attr":"heat","postal_code":"509-6121","address":"瑞浪市寺河戸町","voronoi":{"type":"Feature","geometry":{"type":"Polygon","coordinates":[[[137.318681,35.339437],[137.225,35.457577],[137.209287,35.439463],[137.207484,35.435763],[137.217351,35.362146],[137.3086,35.313772],[137.313495,35.324301],[137.318681,35.339437]]]},"properties":{}},"extra":false},
    {"code":1141116,"id":"188bff","name":"釜戸","original_name":"釜戸","name_kana":"かまど","closed":false,"lat":35.411103,"lng":137.30501,"prefecture":21,"numbering":["CF15"],"lines":[11411],"attr":"heat","postal_code":"509-6472","address":"瑞浪市釜戸町東大島","voronoi":{"type":"Feature","geometry":{"type":"Polygon","coordinates":[[[137.225,35.457577],[137.318681,35.339437],[137.329636,35.349822],[137.352117,35.383253],[137.278068,35.518906],[137.236104,35.488928],[137.225,35.457577]]]},"properties":{}},"extra":false},
    {"code":1141117,"id":"f96512","name":"武並","original_name":"武並","name_kana":"たけなみ","closed":false,"lat":35.437938,"lng":137.35417,"prefecture":21,"numbering":["CF16"],"lines":[11411],"attr":"eco","postal_code":"509-7122","address":"恵那市武並町竹折","voronoi":{"type":"Feature","geometry":{"type":"Polygon","coordinates":[[[137.278068,35.518906],[137.352117,35.383253],[137.382215,35.397481],[137.387355,35.400771],[137.393097,35.408539],[137.353213,35.533358],[137.321588,35.561167],[137.316414,35.564829],[137.278068,35.518906]]]},"properties":{}},"extra":false},
    {"code":1141118,"id":"39017f","name":"恵那","original_name":"恵那","name_kana":"えな","closed":false,"lat":35.455063,"lng":137.407764,"prefecture":21,"numbering":["CF17"],"lines":[11411,99524,10501],"attr":"eco","postal_code":"509-7201","address":"恵那市大井町神ノ木","voronoi":{"type":"Feature","geometry":{"type":"Polygon","coordinates":[[[137.353213,35.533358],[137.393097,35.408539],[137.396097,35.409531],[137.402276,35.412237],[137.426796,35.471164],[137.405576,35.508481],[137.393238,35.515386],[137.353213,35.533358]]]},"properties":{}},"extra":false},
    {"code":1141119,"id":"708948","name":"美乃坂本","original_name":"美乃坂本","name_kana":"みのさかもと","closed":false,"lat":35.479286,"lng":137.450364,"prefecture":21,"numbering":["CF18"],"lines":[11411],"attr":"eco","postal_code":"509-9131","address":"中津川市千旦林","voronoi":{"type":"Feature","geometry":{"type":"Polygon","coordinates":[[[137.476596,35.489872],[137.490539,35.455134],[137.459732,35.449611],[137.426796,35.471164],[137.405576,35.508481],[137.444924,35.507139],[137.463759,35.500146],[137.473659,35.493932],[137.476596,35.489872]]]},"properties":{}},"extra":false},
    {"code":1141120,"id":"7865ca","name":"中津川","original_name":"中津川","name_kana":"なかつがわ","closed":false,"lat":35.50036,"lng":137.502867,"prefecture":21,"numbering":["CF19"],"lines":[11411],"attr":"eco","postal_code":"508-0033","address":"中津川市太田町２丁目","voronoi":{"type":"Feature","geometry":{"type":"Polygon","coordinates":[[[137.526011,35.502246],[137.492436,35.501285],[137.476596,35.489872],[137.490539,35.455134],[137.619251,35.389686],[137.634741,35.382925],[137.634741,35.382927],[137.526011,35.502246]]]},"properties":{}},"extra":false},
    {"code":1141121,"id":"2001ca","name":"落合川","original_name":"落合川","name_kana":"おちあいがわ","closed":false,"lat":35.525116,"lng":137.530034,"prefecture":21,"numbering":["CF20"],"lines":[11411],"attr":"eco","postal_code":"508-0006","address":"中津川市落合","voronoi":{"type":"Feature","geometry":{"type":"Polygon","coordinates":[[[137.634741,35.382927],[137.661303,35.443549],[137.665375,35.459661],[137.587931,35.542205],[137.565508,35.548913],[137.510681,35.550096],[137.514193,35.516673],[137.526011,35.502246],[137.634741,35.382927]]]},"properties":{}},"extra":false},
    {"code":1141122,"id":"d97669","name":"坂下","original_name":"坂下","name_kana":"さかした","closed":false,"lat":35.574218,"lng":137.531094,"prefecture":21,"numbering":["CF21"],"lines":[11411],"attr":"eco","postal_code":"509-9232","address":"中津川市坂下","voronoi":{"type":"Feature","geometry":{"type":"Polygon","coordinates":[[[137.510223,35.61903],[137.565508,35.548913],[137.510681,35.550096],[137.491094,35.562818],[137.490565,35.565519],[137.498862,35.601302],[137.510223,35.61903]]]},"properties":{}},"extra":false},
    {"code":1141123,"id":"dbb864","name":"田立","original_name":"田立","name_kana":"ただち","closed":false,"lat":35.588281,"lng":137.54893,"prefecture":20,"numbering":["CF22"],"lines":[11411],"attr":"eco","postal_code":"399-5303","address":"木曽郡南木曽町大字田立","voronoi":{"type":"Feature","geometry":{"type":"Polygon","coordinates":[[[137.587931,35.542205],[137.565508,35.548913],[137.510223,35.61903],[137.53137,35.679173],[137.572339,35.629956],[137.587931,35.542205]]]},"properties":{}},"extra":false},
    {"code":1141124,"id":"1b6c57","name":"南木曽","original_name":"南木曽","name_kana":"なぎそ","closed":false,"lat":35.598896,"lng":137.608672,"prefecture":20,"numbering":["CF23"],"lines":[11411],"attr":"eco","postal_code":"399-5301","address":"木曽郡南木曽町大字読書","voronoi":{"type":"Feature","geometry":{"type":"Polygon","coordinates":[[[137.688844,35.607675],[137.572339,35.629956],[137.587931,35.542205],[137.665375,35.459661],[137.670711,35.467225],[137.722057,35.586117],[137.688844,35.607675]]]},"properties":{}},"extra":false},
    {"code":1141125,"id":"a7b952","name":"十二兼","original_name":"十二兼","name_kana":"じゅうにかね","closed":false,"lat":35.645418,"lng":137.617569,"prefecture":20,"numbering":["CF24"],"lines":[11411],"attr":"eco","postal_code":"399-5301","address":"木曽郡南木曽町大字読書","voronoi":{"type":"Feature","geometry":{"type":"Polygon","coordinates":[[[137.688844,35.607675],[137.669951,35.630242],[137.526653,35.726641],[137.529331,35.691397],[137.53137,35.679173],[137.572339,35.629956],[137.688844,35.607675]]]},"properties":{}},"extra":false},
    {"code":1141126,"id":"af7933","name":"野尻","original_name":"野尻","name_kana":"のじり","closed":false,"lat":35.673042,"lng":137.636152,"prefecture":20,"numbering":["CF25"],"lines":[11411],"attr":"eco","postal_code":"399-5504","address":"木曽郡大桑村大字野尻","voronoi":{"type":"Feature","geometry":{"type":"Polygon","coordinates":[[[137.620672,35.75122],[137.51158,35.807355],[137.522238,35.747072],[137.526653,35.726641],[137.669951,35.630242],[137.620672,35.75122]]]},"properties":{}},"extra":false},
    {"code":1141127,"id":"87dd3d","name":"大桑(長野)","original_name":"大桑","name_kana":"おおくわ","closed":false,"lat":35.684477,"lng":137.664224,"prefecture":20,"numbering":["CF26"],"lines":[11411],"attr":"eco","postal_code":"399-5503","address":"木曽郡大桑村長野","voronoi":{"type":"Feature","geometry":{"type":"Polygon","coordinates":[[[137.688844,35.607675],[137.669951,35.630242],[137.620672,35.75122],[137.658325,35.740233],[137.72409,35.587828],[137.722057,35.586117],[137.688844,35.607675]]]},"properties":{}},"extra":false},
    {"code":1141128,"id":"8bafd3","name":"須原","original_name":"須原","name_kana":"すはら","closed":false,"lat":35.69769,"lng":137.694844,"prefecture":20,"numbering":["CF27"],"lines":[11411],"attr":"eco","postal_code":"399-5502","address":"木曽郡大桑村字須原","voronoi":{"type":"Feature","geometry":{"type":"Polygon","coordinates":[[[137.796035,35.664742],[137.659495,35.740254],[137.658325,35.740233],[137.72409,35.587828],[137.759559,35.609692],[137.786839,35.629048],[137.796035,35.664742]]]},"properties":{}},"extra":false},
    {"code":1141129,"id":"0781c7","name":"倉本","original_name":"倉本","name_kana":"くらもと","closed":false,"lat":35.732939,"lng":137.714338,"prefecture":20,"numbering":["CF28"],"lines":[11411],"attr":"heat","postal_code":"399-5608","address":"木曽郡上松町大字荻原","voronoi":{"type":"Feature","geometry":{"type":"Polygon","coordinates":[[[137.783246,35.791215],[137.659495,35.740254],[137.796035,35.664742],[137.824336,35.72446],[137.824742,35.728772],[137.825359,35.750907],[137.825238,35.759124],[137.821483,35.783696],[137.783246,35.791215]]]},"properties":{}},"extra":false},
    {"code":1141130,"id":"5f8db2","name":"上松","original_name":"上松","name_kana":"あげまつ","closed":false,"lat":35.784068,"lng":137.693283,"prefecture":20,"numbering":["CF29"],"lines":[11411],"attr":"heat","postal_code":"399-5603","address":"木曽郡上松町駅前通り","voronoi":{"type":"Feature","geometry":{"type":"Polygon","coordinates":[[[137.742539,35.813747],[137.507563,35.814327],[137.51158,35.807355],[137.620672,35.75122],[137.658325,35.740233],[137.659495,35.740254],[137.783246,35.791215],[137.742539,35.813747]]]},"properties":{}},"extra":false},
    {"code":1141131,"id":"3c66ff","name":"木曽福島","original_name":"木曽福島","name_kana":"きそふくしま","closed":false,"lat":35.843669,"lng":137.69343,"prefecture":20,"numbering":["CF30"],"lines":[11411],"attr":"heat","postal_code":"397-0001","address":"木曽郡木曽町福島２０３２","voronoi":{"type":"Feature","geometry":{"type":"Polygon","coordinates":[[[137.552491,36.081493],[137.467681,35.863464],[137.507563,35.814327],[137.742539,35.813747],[137.642484,35.988293],[137.55449,36.080819],[137.552491,36.081493]]]},"properties":{}},"extra":false},
    {"code":1141132,"id":"05fbe2","name":"原野","original_name":"原野","name_kana":"はらの","closed":false,"lat":35.871245,"lng":137.741536,"prefecture":20,"numbering":["CF31"],"lines":[11411],"attr":"heat","postal_code":"399-6101","address":"木曽郡木曽町日義","voronoi":{"type":"Feature","geometry":{"type":"Polygon","coordinates":[[[137.823507,35.787538],[137.703307,35.944067],[137.642484,35.988293],[137.742539,35.813747],[137.783246,35.791215],[137.821483,35.783696],[137.823507,35.787538]]]},"properties":{}},"extra":false},
    {"code":1141133,"id":"a93144","name":"宮ノ越","original_name":"宮ノ越","name_kana":"みやのこし","closed":false,"lat":35.888337,"lng":137.763794,"prefecture":20,"numbering":["CF32"],"lines":[11411],"attr":"cool","postal_code":"399-6101","address":"木曽郡木曽町日義","voronoi":{"type":"Feature","geometry":{"type":"Polygon","coordinates":[[[137.703307,35.944067],[137.823507,35.787538],[137.827176,35.792844],[137.85916,35.867384],[137.703307,35.944067]]]},"properties":{}},"extra":false},
    {"code":1141134,"id":"c32b50","name":"藪原","original_name":"藪原","name_kana":"やぶはら","closed":false,"lat":35.930152,"lng":137.784368,"prefecture":20,"numbering":["CF33"],"lines":[11411],"attr":"cool","postal_code":"399-6201","address":"木曽郡木祖村薮原","voronoi":{"type":"Feature","geometry":{"type":"Polygon","coordinates":[[[137.871476,35.88371],[137.85916,35.867384],[137.703307,35.944067],[137.642484,35.988293],[137.55449,36.080819],[137.649641,36.071736],[137.873558,35.890507],[137.874536,35.889543],[137.871476,35.88371]]]},"properties":{}},"extra":false},
    {"code":1141135,"id":"436ce4","name":"奈良井","original_name":"奈良井","name_kana":"ならい","closed":false,"lat":35.969476,"lng":137.816195,"prefecture":20,"numbering":["CF34"],"lines":[11411],"attr":"cool","postal_code":"399-6303","address":"塩尻市奈良井","voronoi":{"type":"Feature","geometry":{"type":"Polygon","coordinates":[[[137.779207,36.051331],[137.755244,36.075393],[137.649641,36.071736],[137.873558,35.890507],[137.779207,36.051331]]]},"properties":{}},"extra":false},
    {"code":1141136,"id":"7abdaf","name":"木曽平沢","original_name":"木曽平沢","name_kana":"きそひらさわ","closed":false,"lat":35.979108,"lng":137.832613,"prefecture":20,"numbering":["CF35"],"lines":[11411],"attr":"cool","postal_code":"399-6302","address":"塩尻市木曽平沢","voronoi":{"type":"Feature","geometry":{"type":"Polygon","coordinates":[[[137.896359,35.912357],[137.904938,35.943051],[137.905888,35.948618],[137.779207,36.051331],[137.873558,35.890507],[137.874536,35.889543],[137.885744,35.899629],[137.894175,35.907927],[137.896135,35.91182],[137.896359,35.912357]]]},"properties":{}},"extra":false},
    {"code":1141137,"id":"f4a916","name":"贄川","original_name":"贄川","name_kana":"にえかわ","closed":false,"lat":36.014008,"lng":137.86091,"prefecture":20,"numbering":["CF36"],"lines":[11411],"attr":"cool","postal_code":"399-6301","address":"塩尻市贄川","voronoi":{"type":"Feature","geometry":{"type":"Polygon","coordinates":[[[137.909422,35.955826],[137.91625,35.974425],[137.916315,35.994259],[137.814043,36.09331],[137.755244,36.075393],[137.779207,36.051331],[137.905888,35.948618],[137.909422,35.955826]]]},"properties":{}},"extra":false},
    {"code":1141138,"id":"97dd37","name":"日出塩","original_name":"日出塩","name_kana":"ひでしお","closed":false,"lat":36.049004,"lng":137.894804,"prefecture":20,"numbering":["CF37"],"lines":[11411],"attr":"cool","postal_code":"399-6461","address":"塩尻市大字宗賀字日出塩","voronoi":{"type":"Feature","geometry":{"type":"Polygon","coordinates":[[[137.932826,36.052489],[137.932178,36.02882],[137.916315,35.994259],[137.814043,36.09331],[137.837015,36.107822],[137.932826,36.052489]]]},"properties":{}},"extra":false},
    {"code":1141139,"id":"c07b03","name":"洗馬","original_name":"洗馬","name_kana":"せば","closed":false,"lat":36.087164,"lng":137.916842,"prefecture":20,"numbering":["CF38"],"lines":[11411],"attr":"cool","postal_code":"399-6461","address":"塩尻市大字宗賀","voronoi":{"type":"Feature","geometry":{"type":"Polygon","coordinates":[[[137.885591,36.143208],[137.868324,36.13399],[137.851927,36.122388],[137.841238,36.112475],[137.837015,36.107822],[137.932826,36.052489],[137.950897,36.076635],[137.950532,36.080021],[137.903917,36.133352],[137.885591,36.143208]]]},"properties":{}},"extra":false},
    {"code":1131153,"id":"b70254","name":"塩尻","original_name":"塩尻","name_kana":"しおじり","closed":false,"lat":36.114364,"lng":137.947961,"prefecture":20,"numbering":["CF39"],"lines":[11311,11411,11412],"attr":"cool","postal_code":"399-0737","address":"塩尻市大門八番町９-１","voronoi":{"type":"Feature","geometry":{"type":"Polygon","coordinates":[[[137.903917,36.133352],[137.950532,36.080021],[137.980056,36.129695],[137.903917,36.133352]]]},"properties":{}},"extra":false}
  ],
  "extra":false
}