{
  "code":11424,
  "id":2095,
  "name":"JR能登線",
  "name_kana":"じぇいあーるのとせん",
  "station_size":29,
  "company_code":4,
  "closed":true,
  "station_list":[
    {"code":9941807,"id":7354,"name":"穴水","original_name":"穴水","name_kana":"あなみず","closed":false,"lat":37.228015,"lng":136.904592,"prefecture":17,"lines":[99418,99436,11424],"attr":"eco","postal_code":"927-0026","address":"鳳珠郡穴水町大町","voronoi":{"type":"Feature","geometry":{"type":"Polygon","coordinates":[[[136.918474,37.272056],[136.729712,37.265346],[136.757355,37.237381],[136.814585,37.215914],[136.930233,37.199838],[136.918474,37.272056]]]},"properties":{}},"extra":false},
    {"code":9943602,"id":21052,"name":"中居","original_name":"中居","name_kana":"なかい","closed":true,"lat":37.234694,"lng":136.945611,"prefecture":17,"lines":[99436,11424],"postal_code":"927-0015","address":"石川県鳳珠郡穴水町中居ロ５−４","open_date":"1959-06-15","closed_date":"2005-04-01","voronoi":{"type":"Feature","geometry":{"type":"Polygon","coordinates":[[[136.949589,37.183031],[136.930233,37.199838],[136.918474,37.272056],[136.955167,37.292211],[136.95809,37.203095],[136.949589,37.183031]]]},"properties":{}},"extra":true},
    {"code":9943603,"id":21053,"name":"比良(石川)","original_name":"比良","name_kana":"びら","closed":true,"lat":37.235444,"lng":136.968472,"prefecture":17,"lines":[99436,11424],"postal_code":"927-0009","address":"石川県鳳珠郡穴水町比良９３","open_date":"1959-06-15","closed_date":"2005-04-01","voronoi":{"type":"Feature","geometry":{"type":"Polygon","coordinates":[[[137.017689,37.282077],[137.017656,37.267797],[136.95809,37.203095],[136.955167,37.292211],[136.985554,37.317791],[137.008419,37.329262],[137.017689,37.282077]]]},"properties":{}},"extra":true},
    {"code":9943604,"id":21054,"name":"鹿波","original_name":"鹿波","name_kana":"かなみ","closed":true,"lat":37.216111,"lng":136.989472,"prefecture":17,"lines":[99436,11424],"postal_code":"927-0223","address":"石川県鳳珠郡穴水町鹿波ル１６","open_date":"1959-06-15","closed_date":"2005-04-01","voronoi":{"type":"Feature","geometry":{"type":"Polygon","coordinates":[[[136.949589,37.183031],[136.966038,37.141629],[136.986361,37.132492],[137.019939,37.258576],[137.017656,37.267797],[136.95809,37.203095],[136.949589,37.183031]]]},"properties":{}},"extra":true},
    {"code":9943605,"id":21055,"name":"甲","original_name":"甲","name_kana":"かぶと","closed":true,"lat":37.206583,"lng":137.02525,"prefecture":17,"lines":[99436,11424],"postal_code":"927-0211","address":"石川県鳳珠郡穴水町甲レ５４","open_date":"1959-06-15","closed_date":"2005-04-01","voronoi":{"type":"Feature","geometry":{"type":"Polygon","coordinates":[[[136.986361,37.132492],[137.019939,37.258576],[137.029139,37.245262],[137.067111,37.097498],[137.000022,37.122203],[136.986361,37.132492]]]},"properties":{}},"extra":true},
    {"code":9943606,"id":21056,"name":"沖波","original_name":"沖波","name_kana":"おきなみ","closed":true,"lat":37.21325,"lng":137.051194,"prefecture":17,"lines":[99436,11424],"postal_code":"927-0207","address":"石川県鳳珠郡穴水町沖波１３５","open_date":"1960-07-08","closed_date":"2005-04-01","voronoi":{"type":"Feature","geometry":{"type":"Polygon","coordinates":[[[137.043259,37.235301],[137.029139,37.245262],[137.067111,37.097498],[137.174064,37.043477],[137.043259,37.235301]]]},"properties":{}},"extra":true},
    {"code":9943607,"id":21057,"name":"前波","original_name":"前波","name_kana":"まえなみ","closed":true,"lat":37.219861,"lng":137.060889,"prefecture":17,"lines":[99436,11424],"postal_code":"927-0206","address":"石川県鳳珠郡穴水町前波イ２３","open_date":"1959-06-15","closed_date":"2005-04-01","voronoi":{"type":"Feature","geometry":{"type":"Polygon","coordinates":[[[137.174064,37.043477],[137.043259,37.235301],[137.143193,37.197535],[137.18195,37.17198],[137.182483,37.171243],[137.224502,37.103713],[137.246089,37.065716],[137.21022,37.023925],[137.174064,37.043477]]]},"properties":{}},"extra":true},
    {"code":9943608,"id":21058,"name":"古君","original_name":"古君","name_kana":"ふるきみ","closed":true,"lat":37.235222,"lng":137.066694,"prefecture":17,"lines":[99436,11424],"postal_code":"927-0203","address":"石川県鳳珠郡穴水町花園ホ２−１４１","open_date":"1959-06-15","closed_date":"2005-04-01","voronoi":{"type":"Feature","geometry":{"type":"Polygon","coordinates":[[[137.115897,37.21958],[137.017689,37.282077],[137.017656,37.267797],[137.019939,37.258576],[137.029139,37.245262],[137.043259,37.235301],[137.143193,37.197535],[137.115897,37.21958]]]},"properties":{}},"extra":true},
    {"code":9943609,"id":21059,"name":"鵜川","original_name":"鵜川","name_kana":"うかわ","closed":true,"lat":37.257528,"lng":137.080889,"prefecture":17,"lines":[99436,11424],"postal_code":"927-0302","address":"石川県鳳珠郡能登町鵜川２５−１３","open_date":"1959-06-15","closed_date":"2005-04-01","voronoi":{"type":"Feature","geometry":{"type":"Polygon","coordinates":[[[137.068925,37.283668],[137.115897,37.21958],[137.017689,37.282077],[137.008419,37.329262],[137.010659,37.333273],[137.068925,37.283668]]]},"properties":{}},"extra":true},
    {"code":9943611,"id":21061,"name":"矢波","original_name":"矢波","name_kana":"やなみ","closed":true,"lat":37.276028,"lng":137.096639,"prefecture":17,"lines":[99436,11424],"postal_code":"927-0443","address":"石川県鳳珠郡能登町矢波２５−２９","open_date":"1960-04-17","closed_date":"2005-04-01","voronoi":{"type":"Feature","geometry":{"type":"Polygon","coordinates":[[[137.122564,37.254224],[137.068925,37.283668],[137.010659,37.333273],[137.030863,37.382225],[137.037564,37.393509],[137.122564,37.254224]]]},"properties":{}},"extra":true},
    {"code":9943612,"id":21062,"name":"波並","original_name":"波並","name_kana":"はなみ","closed":true,"lat":37.28725,"lng":137.115028,"prefecture":17,"lines":[99436,11424],"postal_code":"927-0442","address":"石川県鳳珠郡能登町波並１８−４６−１","open_date":"1960-04-17","closed_date":"2005-04-01","voronoi":{"type":"Feature","geometry":{"type":"Polygon","coordinates":[[[137.107349,37.333946],[137.049569,37.418113],[137.037564,37.393509],[137.122564,37.254224],[137.160207,37.213424],[137.107349,37.333946]]]},"properties":{}},"extra":true},
    {"code":9943613,"id":21063,"name":"藤波","original_name":"藤波","name_kana":"ふじなみ","closed":true,"lat":37.296667,"lng":137.1365,"prefecture":17,"lines":[99436,11424],"postal_code":"927-0441","address":"石川県鳳珠郡能登町藤波２２−２７丙","open_date":"1960-04-17","closed_date":"2005-04-01","voronoi":{"type":"Feature","geometry":{"type":"Polygon","coordinates":[[[137.169196,37.200545],[137.15661,37.290841],[137.107349,37.333946],[137.160207,37.213424],[137.169196,37.200545]]]},"properties":{}},"extra":true},
    {"code":9943614,"id":21064,"name":"宇出津","original_name":"宇出津","name_kana":"うしつ","closed":true,"lat":37.31,"lng":137.148167,"prefecture":17,"lines":[99436,11424],"postal_code":"927-0433","address":"石川県鳳珠郡能登町宇出津ト２９","open_date":"1960-04-17","closed_date":"2005-03-31","voronoi":{"type":"Feature","geometry":{"type":"Polygon","coordinates":[[[137.164816,37.378754],[137.178334,37.361474],[137.15661,37.290841],[137.107349,37.333946],[137.049569,37.418113],[137.068771,37.476818],[137.132585,37.4147],[137.164816,37.378754]]]},"properties":{}},"extra":true},
    {"code":9943615,"id":21065,"name":"羽根(石川)","original_name":"羽根","name_kana":"はね","closed":true,"lat":37.301944,"lng":137.174361,"prefecture":17,"lines":[99436,11424],"postal_code":"927-0565","address":"石川県鳳珠郡能登町羽根１２","open_date":"1963-10-01","closed_date":"2005-04-01","voronoi":{"type":"Feature","geometry":{"type":"Polygon","coordinates":[[[137.182483,37.171243],[137.18389,37.357024],[137.178334,37.361474],[137.15661,37.290841],[137.169196,37.200545],[137.18195,37.17198],[137.182483,37.171243]]]},"properties":{}},"extra":true},
    {"code":9943616,"id":21066,"name":"小浦(石川)","original_name":"小浦","name_kana":"おうら","closed":true,"lat":37.301806,"lng":137.192583,"prefecture":17,"lines":[99436,11424],"postal_code":"927-0564","address":"石川県鳳珠郡能登町小浦７−３３","open_date":"1963-10-01","closed_date":"2005-04-01","voronoi":{"type":"Feature","geometry":{"type":"Polygon","coordinates":[[[137.182483,37.171243],[137.224502,37.103713],[137.195129,37.347724],[137.18517,37.356306],[137.18389,37.357024],[137.182483,37.171243]]]},"properties":{}},"extra":true},
    {"code":9943617,"id":21067,"name":"縄文真脇","original_name":"縄文真脇","name_kana":"じょうもんまわき","closed":true,"lat":37.303722,"lng":137.2085,"prefecture":17,"lines":[99436,11424],"postal_code":"927-0562","address":"石川県鳳珠郡能登町真脇４７−３２","open_date":"1963-10-01","closed_date":"2005-04-01","voronoi":{"type":"Feature","geometry":{"type":"Polygon","coordinates":[[[137.224502,37.103713],[137.195129,37.347724],[137.20601,37.34126],[137.296353,37.093273],[137.246089,37.065716],[137.224502,37.103713]]]},"properties":{}},"extra":true},
    {"code":9943618,"id":21068,"name":"九十九湾小木","original_name":"九十九湾小木","name_kana":"つくもわんおぎ","closed":true,"lat":37.310917,"lng":137.22825,"prefecture":17,"lines":[99436,11424],"postal_code":"927-0554","address":"石川県鳳珠郡能登町市之瀬１−５７","open_date":"1963-10-01","closed_date":"2005-04-01","voronoi":{"type":"Feature","geometry":{"type":"Polygon","coordinates":[[[137.296353,37.093273],[137.20601,37.34126],[137.211288,37.339896],[137.219976,37.334812],[137.390073,37.148613],[137.309391,37.099658],[137.296353,37.093273]]]},"properties":{}},"extra":true},
    {"code":9943619,"id":21069,"name":"白丸(石川)","original_name":"白丸","name_kana":"しろまる","closed":true,"lat":37.324417,"lng":137.243028,"prefecture":17,"lines":[99436,11424],"postal_code":"927-0607","address":"石川県鳳珠郡能登町白丸","open_date":"1963-10-01","closed_date":"2005-04-01","voronoi":{"type":"Feature","geometry":{"type":"Polygon","coordinates":[[[137.219976,37.334812],[137.390073,37.148613],[137.415339,37.162471],[137.470758,37.199498],[137.519253,37.248801],[137.404831,37.312055],[137.219976,37.334812]]]},"properties":{}},"extra":true},
    {"code":9943620,"id":21070,"name":"九里川尻","original_name":"九里川尻","name_kana":"くりかわしり","closed":true,"lat":37.339306,"lng":137.244861,"prefecture":17,"lines":[99436,11424],"postal_code":"927-0604","address":"石川県鳳珠郡能登町九里川尻９−３４−２","open_date":"1963-10-01","closed_date":"2005-04-01","voronoi":{"type":"Feature","geometry":{"type":"Polygon","coordinates":[[[137.314907,37.367342],[137.211288,37.339896],[137.219976,37.334812],[137.404831,37.312055],[137.314907,37.367342]]]},"properties":{}},"extra":true},
    {"code":9943621,"id":21071,"name":"松波","original_name":"松波","name_kana":"まつなみ","closed":true,"lat":37.357028,"lng":137.240167,"prefecture":17,"lines":[99436,11424],"postal_code":"927-0602","address":"石川県鳳珠郡能登町松波ロ２２","open_date":"1963-10-01","closed_date":"2005-04-01","voronoi":{"type":"Feature","geometry":{"type":"Polygon","coordinates":[[[137.314907,37.367342],[137.211288,37.339896],[137.20601,37.34126],[137.195129,37.347724],[137.18517,37.356306],[137.190079,37.357367],[137.306249,37.374244],[137.314907,37.367342]]]},"properties":{}},"extra":true},
    {"code":9943622,"id":21072,"name":"恋路","original_name":"恋路","name_kana":"こいじ","closed":true,"lat":37.371944,"lng":137.238,"prefecture":17,"lines":[99436,11424],"postal_code":"927-0601","address":"石川県鳳珠郡能登町恋路９−３５","open_date":"1964-09-21","closed_date":"2005-04-01","voronoi":{"type":"Feature","geometry":{"type":"Polygon","coordinates":[[[137.190079,37.357367],[137.261959,37.384743],[137.275715,37.387364],[137.29289,37.387555],[137.306249,37.374244],[137.190079,37.357367]]]},"properties":{}},"extra":true},
    {"code":9943623,"id":21073,"name":"鵜島","original_name":"鵜島","name_kana":"うしま","closed":true,"lat":37.378361,"lng":137.235556,"prefecture":17,"lines":[99436,11424],"postal_code":"927-1223","address":"石川県珠洲市宝立町鵜島２１−９２−５","open_date":"1964-09-21","closed_date":"2005-04-01","voronoi":{"type":"Feature","geometry":{"type":"Polygon","coordinates":[[[137.18517,37.356306],[137.190079,37.357367],[137.261959,37.384743],[137.164816,37.378754],[137.178334,37.361474],[137.18389,37.357024],[137.18517,37.356306]]]},"properties":{}},"extra":true},
    {"code":9943624,"id":21074,"name":"南黒丸","original_name":"南黒丸","name_kana":"みなみくろまる","closed":true,"lat":37.387833,"lng":137.234972,"prefecture":17,"lines":[99436,11424],"postal_code":"927-1224","address":"石川県珠洲市宝立町南黒丸５−５２","open_date":"1964-09-21","closed_date":"2005-04-01","voronoi":{"type":"Feature","geometry":{"type":"Polygon","coordinates":[[[137.164816,37.378754],[137.132585,37.4147],[137.275715,37.387364],[137.261959,37.384743],[137.164816,37.378754]]]},"properties":{}},"extra":true},
    {"code":9943625,"id":21075,"name":"鵜飼(石川)","original_name":"鵜飼","name_kana":"うかい","closed":true,"lat":37.401944,"lng":137.237667,"prefecture":17,"lines":[99436,11424],"postal_code":"927-1222","address":"石川県珠洲市宝立町鵜飼１８","open_date":"1964-09-21","closed_date":"2005-04-01","voronoi":{"type":"Feature","geometry":{"type":"Polygon","coordinates":[[[137.275715,37.387364],[137.29289,37.387555],[137.291343,37.390249],[137.068046,37.495631],[137.068771,37.476818],[137.132585,37.4147],[137.275715,37.387364]]]},"properties":{}},"extra":true},
    {"code":9943626,"id":21076,"name":"上戸(石川)","original_name":"上戸","name_kana":"うえど","closed":true,"lat":37.42425,"lng":137.248194,"prefecture":17,"lines":[99436,11424],"postal_code":"927-1216","address":"石川県珠洲市上戸町寺社６２−３","open_date":"1964-09-21","closed_date":"2005-04-01","voronoi":{"type":"Feature","geometry":{"type":"Polygon","coordinates":[[[137.291343,37.390249],[137.290473,37.393113],[137.273107,37.41515],[137.05884,37.58539],[137.068046,37.495631],[137.291343,37.390249]]]},"properties":{}},"extra":true},
    {"code":9943627,"id":21077,"name":"飯田(石川)","original_name":"飯田","name_kana":"いいだ","closed":true,"lat":37.437361,"lng":137.258611,"prefecture":17,"lines":[99436,11424],"postal_code":"927-1215","address":"石川県珠洲市上戸町北方３−１３","open_date":"1964-09-21","closed_date":"2005-04-01","voronoi":{"type":"Feature","geometry":{"type":"Polygon","coordinates":[[[136.965566,38.267556],[137.273107,37.41515],[137.05884,37.58539],[136.965566,38.267556]]]},"properties":{}},"extra":true},
    {"code":9943628,"id":21078,"name":"珠洲","original_name":"珠洲","name_kana":"すず","closed":true,"lat":37.4415,"lng":137.270083,"prefecture":17,"lines":[99436,11424],"postal_code":"927-1213","address":"石川県珠洲市シ野々江町","open_date":"1964-09-21","closed_date":"2005-04-01","voronoi":{"type":"Feature","geometry":{"type":"Polygon","coordinates":[[[136.782128,39.543259],[136.965566,38.267556],[137.273107,37.41515],[137.290473,37.393113],[137.290375,37.396873],[136.782128,39.543259]]]},"properties":{}},"extra":true},
    {"code":9943629,"id":21079,"name":"正院","original_name":"正院","name_kana":"しょういん","closed":true,"lat":37.445861,"lng":137.2885,"prefecture":17,"lines":[99436,11424],"postal_code":"927-1206","address":"石川県珠洲市正院町正院３８","open_date":"1964-09-21","closed_date":"2005-04-01","voronoi":{"type":"Feature","geometry":{"type":"Polygon","coordinates":[[[136.782128,39.543259],[136.622625,40.618996],[137.001348,40.310483],[137.580798,39.702179],[137.618221,39.627715],[137.648443,39.50693],[137.290375,37.396873],[136.782128,39.543259]]]},"properties":{}},"extra":true},
    {"code":9943630,"id":21080,"name":"蛸島","original_name":"蛸島","name_kana":"たこじま","closed":true,"lat":37.4425,"lng":137.308306,"prefecture":17,"lines":[99436,11424],"postal_code":"927-1204","address":"石川県珠洲市蛸島町ナ","open_date":"1964-09-21","closed_date":"2005-04-01","voronoi":{"type":"Feature","geometry":{"type":"Polygon","coordinates":[[[137.914597,38.457411],[137.836367,38.7709],[137.648443,39.50693],[137.290375,37.396873],[137.290473,37.393113],[137.291343,37.390249],[137.29289,37.387555],[137.306249,37.374244],[137.314907,37.367342],[137.404831,37.312055],[137.519253,37.248801],[137.584547,37.289361],[137.601563,37.301958],[137.670246,37.369714],[137.70647,37.411741],[137.743896,37.463629],[137.771111,37.510249],[137.794156,37.555487],[137.931545,37.931404],[137.955952,38.149454],[137.914597,38.457411]]]},"properties":{}},"extra":true}
  ],
  "closed_date":"2005-04-01",
  "extra":true
}