{
  "code":11423,
  "id":"ea4844",
  "name":"JR富山港線",
  "name_kana":"じぇいあーるとやまこうせん",
  "station_size":10,
  "company_code":4,
  "closed":true,
  "station_list":[
    {"code":100911,"id":"7b9954","name":"富山","original_name":"富山","name_kana":"とやま","closed":false,"lat":36.701612,"lng":137.213252,"prefecture":16,"lines":[1009,11405,11416,99425,11423],"attr":"eco","postal_code":"930-0001","address":"富山市明輪町","voronoi":{"type":"Feature","geometry":{"type":"Polygon","coordinates":[[[137.212651,36.702887],[137.213042,36.700913],[137.213471,36.700933],[137.214123,36.701627],[137.212651,36.702887]]]},"properties":{}},"extra":false},
    {"code":1142302,"id":"7163b7","name":"富山口","original_name":"富山口","name_kana":"とやまぐち","closed":true,"lat":36.698833,"lng":137.220694,"prefecture":16,"lines":[11423],"postal_code":"930-0854","address":"富山県富山市城北町１９","open_date":"1924-07-23","closed_date":"2006-03-01","voronoi":{"type":"Feature","geometry":{"type":"Polygon","coordinates":[[[137.224595,36.691222],[137.226171,36.698663],[137.2219,36.701344],[137.218306,36.700429],[137.218438,36.698008],[137.219101,36.695834],[137.221779,36.692815],[137.224429,36.691045],[137.224595,36.691222]]]},"properties":{}},"extra":true},
    {"code":9941507,"id":"ce460d","name":"下奥井","original_name":"下奥井","name_kana":"しもおくい","closed":false,"lat":36.711311,"lng":137.224478,"prefecture":16,"lines":[99415,11423],"attr":"heat","postal_code":"930-0817","address":"富山市下奥井","voronoi":{"type":"Feature","geometry":{"type":"Polygon","coordinates":[[[137.215597,36.712443],[137.212959,36.715811],[137.232802,36.71503],[137.236111,36.708819],[137.234719,36.707108],[137.233235,36.706426],[137.22102,36.707745],[137.219251,36.708771],[137.215597,36.712443]]]},"properties":{}},"extra":false},
    {"code":9941509,"id":"910c86","name":"越中中島","original_name":"越中中島","name_kana":"えっちゅうなかじま","closed":false,"lat":36.722121,"lng":137.224844,"prefecture":16,"lines":[99415,11423],"attr":"heat","postal_code":"930-0801","address":"富山市中島３丁目","voronoi":{"type":"Feature","geometry":{"type":"Polygon","coordinates":[[[137.232634,36.720619],[137.23334,36.725526],[137.211152,36.728585],[137.212033,36.720981],[137.232634,36.720619]]]},"properties":{}},"extra":false},
    {"code":9941510,"id":"ad2027","name":"城川原","original_name":"城川原","name_kana":"じょうがわら","closed":false,"lat":36.731103,"lng":137.226082,"prefecture":16,"lines":[99415,11423],"attr":"heat","postal_code":"931-8325","address":"富山市城川原","voronoi":{"type":"Feature","geometry":{"type":"Polygon","coordinates":[[[137.20911,36.73541],[137.208952,36.733518],[137.211152,36.728585],[137.23334,36.725526],[137.238222,36.731803],[137.20911,36.73541]]]},"properties":{}},"extra":false},
    {"code":9941512,"id":"9ad5a3","name":"蓮町(馬場記念公園前)","original_name":"蓮町(馬場記念公園前)","name_kana":"はすまち（ばばきねんこうえんまえ）","closed":false,"lat":36.742663,"lng":137.227463,"prefecture":16,"lines":[99415,11423],"attr":"eco","postal_code":"931-8333","address":"富山県富山市蓮町1丁目2番地","voronoi":{"type":"Feature","geometry":{"type":"Polygon","coordinates":[[[137.210036,36.743284],[137.210076,36.741035],[137.237991,36.737775],[137.238282,36.7436],[137.211472,36.748927],[137.210944,36.747608],[137.210036,36.743284]]]},"properties":{}},"extra":false},
    {"code":9941513,"id":"e20a4a","name":"萩浦小学校前","original_name":"萩浦小学校前","name_kana":"はぎうらしょうがっこうまえ","closed":false,"lat":36.748602,"lng":137.228643,"prefecture":16,"lines":[99415,11423],"attr":"eco","postal_code":"931-8345","address":"富山市西宮町6番地","voronoi":{"type":"Feature","geometry":{"type":"Polygon","coordinates":[[[137.213573,36.759076],[137.211472,36.748927],[137.238282,36.7436],[137.238823,36.745167],[137.213573,36.759076]]]},"properties":{}},"extra":false},
    {"code":9941514,"id":"eabc08","name":"東岩瀬","original_name":"東岩瀬","name_kana":"ひがしいわせ","closed":false,"lat":36.751935,"lng":137.230479,"prefecture":16,"lines":[99415,11423],"attr":"cool","postal_code":"931-8345","address":"富山市西宮","voronoi":{"type":"Feature","geometry":{"type":"Polygon","coordinates":[[[137.238823,36.745167],[137.213573,36.759076],[137.214035,36.763677],[137.223936,36.759823],[137.24107,36.74918],[137.238823,36.745167]]]},"properties":{}},"extra":false},
    {"code":9941515,"id":"6d2df5","name":"競輪場前(富山)","original_name":"競輪場前","name_kana":"けいりんじょうまえ","closed":false,"lat":36.757454,"lng":137.233907,"prefecture":16,"lines":[99415,11423],"attr":"cool","postal_code":"931-8376","address":"富山市岩瀬池田町","voronoi":{"type":"Feature","geometry":{"type":"Polygon","coordinates":[[[137.223936,36.759823],[137.24107,36.74918],[137.250907,36.75851],[137.223936,36.759823]]]},"properties":{}},"extra":false},
    {"code":9941516,"id":"c88fbd","name":"岩瀬浜","original_name":"岩瀬浜","name_kana":"いわせはま","closed":false,"lat":36.761212,"lng":137.23409,"prefecture":16,"lines":[99415,11423],"attr":"cool","postal_code":"931-8378","address":"富山市岩瀬天神町","voronoi":{"type":"Feature","geometry":{"type":"Polygon","coordinates":[[[137.278771,36.901402],[137.282007,36.892918],[137.282772,36.886915],[137.286491,36.834348],[137.286553,36.825875],[137.27246,36.774834],[137.250907,36.75851],[137.223936,36.759823],[137.214035,36.763677],[137.201462,36.847619],[137.196167,36.900749],[137.197086,36.923631],[137.202933,37.001054],[137.203735,37.001825],[137.277824,36.903371],[137.278771,36.901402]]]},"properties":{}},"extra":false}
  ],
  "closed_date":"2006-03-01",
  "extra":true
}