{
  "code":11508,
  "id":119,
  "name":"JR関西本線(名古屋～亀山)",
  "name_kana":"じぇいあーるかんさいほんせん",
  "station_size":18,
  "company_code":3,
  "closed":false,
  "color":"#3DBC87",
  "symbol":"CJ",
  "station_list":[
    {"code":100213,"id":2203,"name":"名古屋","original_name":"名古屋","name_kana":"なごや","closed":false,"lat":35.170694,"lng":136.881637,"prefecture":23,"numbering":["CJ00"],"lines":[1002,11411,11502,11508,99509,99513,99517],"attr":"eco","postal_code":"450-0002","address":"名古屋市中村区名駅１丁目４番","voronoi":{"type":"Feature","geometry":{"type":"Polygon","coordinates":[[[136.885066,35.173783],[136.884327,35.177775],[136.876328,35.172061],[136.878345,35.166492],[136.879908,35.166183],[136.880203,35.166189],[136.883645,35.171269],[136.885066,35.173783]]]},"properties":{}},"extra":false},
    {"code":1150802,"id":2641,"name":"八田","original_name":"八田","name_kana":"はった","closed":false,"lat":35.148973,"lng":136.852258,"prefecture":23,"numbering":["CJ01"],"lines":[11508,99513],"attr":"heat","postal_code":"454-0877","address":"名古屋市中川区八田町字下長田","voronoi":{"type":"Feature","geometry":{"type":"Polygon","coordinates":[[[136.835289,35.157802],[136.852038,35.154009],[136.854748,35.144299],[136.840769,35.142578],[136.835289,35.157802]]]},"properties":{}},"extra":false},
    {"code":1150803,"id":2642,"name":"春田","original_name":"春田","name_kana":"はるた","closed":false,"lat":35.14318,"lng":136.813512,"prefecture":23,"numbering":["CJ02"],"lines":[11508],"attr":"heat","postal_code":"454-0985","address":"名古屋市中川区春田２-９２-２","voronoi":{"type":"Feature","geometry":{"type":"Polygon","coordinates":[[[136.803757,35.141793],[136.80225,35.168436],[136.816191,35.170318],[136.826191,35.168048],[136.818914,35.133253],[136.803757,35.141793]]]},"properties":{}},"extra":false},
    {"code":1150804,"id":2643,"name":"蟹江","original_name":"蟹江","name_kana":"かにえ","closed":false,"lat":35.142071,"lng":136.793908,"prefecture":23,"numbering":["CJ03"],"lines":[11508],"attr":"cool","postal_code":"497-0032","address":"海部郡蟹江町大字今上六反田","voronoi":{"type":"Feature","geometry":{"type":"Polygon","coordinates":[[[136.797767,35.16948],[136.772582,35.166623],[136.770356,35.165567],[136.779685,35.135636],[136.799821,35.136014],[136.803757,35.141793],[136.80225,35.168436],[136.797767,35.16948]]]},"properties":{}},"extra":false},
    {"code":1150805,"id":2644,"name":"永和","original_name":"永和","name_kana":"えいわ","closed":false,"lat":35.13285,"lng":136.764325,"prefecture":23,"numbering":["CJ04"],"lines":[11508],"attr":"cool","postal_code":"496-0922","address":"愛西市大野町","voronoi":{"type":"Feature","geometry":{"type":"Polygon","coordinates":[[[136.740957,35.141688],[136.760195,35.124672],[136.779636,35.135162],[136.779685,35.135636],[136.770356,35.165567],[136.765045,35.16579],[136.760439,35.164736],[136.740957,35.141688]]]},"properties":{}},"extra":false},
    {"code":1150806,"id":2645,"name":"弥富","original_name":"弥富","name_kana":"やとみ","closed":false,"lat":35.114026,"lng":136.725664,"prefecture":23,"numbering":["CJ05"],"lines":[11508,30014],"attr":"cool","postal_code":"498-0028","address":"弥富市鯏浦町中六","voronoi":{"type":"Feature","geometry":{"type":"Polygon","coordinates":[[[136.707563,35.112053],[136.709034,35.109274],[136.721329,35.087028],[136.730364,35.132529],[136.707563,35.112053]]]},"properties":{}},"extra":false},
    {"code":1150807,"id":2646,"name":"長島","original_name":"長島","name_kana":"ながしま","closed":false,"lat":35.098196,"lng":136.695751,"prefecture":24,"numbering":["CJ06"],"lines":[11508],"attr":"cool","postal_code":"511-1143","address":"桑名市長島町西外面","voronoi":{"type":"Feature","geometry":{"type":"Polygon","coordinates":[[[136.677259,35.12285],[136.678924,35.094845],[136.684961,35.088444],[136.709034,35.109274],[136.707563,35.112053],[136.678572,35.126449],[136.677259,35.12285]]]},"properties":{}},"extra":false},
    {"code":1150808,"id":2647,"name":"桑名","original_name":"桑名","name_kana":"くわな","closed":false,"lat":35.06747,"lng":136.683832,"prefecture":24,"numbering":["CJ07"],"lines":[11508,31027,99532,31031],"attr":"eco","postal_code":"511-0811","address":"桑名市東方","voronoi":{"type":"Feature","geometry":{"type":"Polygon","coordinates":[[[136.690386,35.082437],[136.675242,35.06945],[136.678405,35.065953],[136.719391,35.070615],[136.690386,35.082437]]]},"properties":{}},"extra":false},
    {"code":1150809,"id":2648,"name":"朝日","original_name":"朝日","name_kana":"あさひ","closed":false,"lat":35.033782,"lng":136.65803,"prefecture":24,"numbering":["CJ08"],"lines":[11508],"attr":"cool","postal_code":"510-8103","address":"三重郡朝日町柿","voronoi":{"type":"Feature","geometry":{"type":"Polygon","coordinates":[[[136.658665,35.047522],[136.66762,35.025875],[136.647612,35.023927],[136.639472,35.04117],[136.646077,35.044681],[136.658665,35.047522]]]},"properties":{}},"extra":false},
    {"code":1150810,"id":2649,"name":"富田(三重)","original_name":"富田","name_kana":"とみだ","closed":false,"lat":35.008124,"lng":136.653143,"prefecture":24,"numbering":["CJ09"],"lines":[11508],"attr":"cool","postal_code":"510-8014","address":"四日市市富田３","voronoi":{"type":"Feature","geometry":{"type":"Polygon","coordinates":[[[136.646139,35.01919],[136.653607,35.001798],[136.677044,34.995513],[136.646746,35.020044],[136.646139,35.01919]]]},"properties":{}},"extra":false},
    {"code":1150811,"id":2650,"name":"富田浜","original_name":"富田浜","name_kana":"とみだはま","closed":false,"lat":34.996553,"lng":136.65004,"prefecture":24,"numbering":["CJ10"],"lines":[11508],"attr":"cool","postal_code":"510-8011","address":"四日市市東茂福町","voronoi":{"type":"Feature","geometry":{"type":"Polygon","coordinates":[[[136.715534,34.935331],[136.727,34.932976],[136.730697,34.94233],[136.733137,34.949421],[136.737436,34.96581],[136.677044,34.995513],[136.653607,35.001798],[136.642014,35.000981],[136.648084,34.975692],[136.648688,34.974595],[136.715534,34.935331]]]},"properties":{}},"extra":false},
    {"code":1150812,"id":2651,"name":"四日市","original_name":"四日市","name_kana":"よっかいち","closed":false,"lat":34.962721,"lng":136.630168,"prefecture":24,"numbering":["CJ11"],"lines":[11508],"attr":"cool","postal_code":"510-0093","address":"四日市市本町","voronoi":{"type":"Feature","geometry":{"type":"Polygon","coordinates":[[[136.635354,34.97415],[136.648688,34.974595],[136.715534,34.935331],[136.676076,34.934622],[136.628707,34.952216],[136.62321,34.961321],[136.625856,34.969606],[136.635354,34.97415]]]},"properties":{}},"extra":false},
    {"code":1150813,"id":2652,"name":"南四日市","original_name":"南四日市","name_kana":"みなみよっかいち","closed":false,"lat":34.941514,"lng":136.609662,"prefecture":24,"numbering":["CJ12"],"lines":[11508],"attr":"eco","postal_code":"510-0886","address":"四日市市日永東３","voronoi":{"type":"Feature","geometry":{"type":"Polygon","coordinates":[[[136.608935,34.949419],[136.603754,34.944107],[136.604734,34.934492],[136.608977,34.926945],[136.616828,34.938556],[136.615585,34.947784],[136.611641,34.950285],[136.611347,34.950297],[136.608935,34.949419]]]},"properties":{}},"extra":false},
    {"code":1150814,"id":2653,"name":"河原田","original_name":"河原田","name_kana":"かわらだ","closed":false,"lat":34.910684,"lng":136.598527,"prefecture":24,"numbering":["CJ13"],"lines":[11508,99530],"attr":"eco","postal_code":"510-0874","address":"四日市市河原田町","voronoi":{"type":"Feature","geometry":{"type":"Polygon","coordinates":[[[136.581237,34.909129],[136.584748,34.900766],[136.596777,34.893708],[136.605173,34.891224],[136.606204,34.891999],[136.613827,34.903122],[136.609758,34.922511],[136.608854,34.923472],[136.605376,34.92312],[136.594292,34.919303],[136.581237,34.909129]]]},"properties":{}},"extra":false},
    {"code":1150815,"id":2654,"name":"河曲","original_name":"河曲","name_kana":"かわの","closed":false,"lat":34.897878,"lng":136.568018,"prefecture":24,"numbering":["CJ14"],"lines":[11508],"attr":"eco","postal_code":"513-0015","address":"鈴鹿市木田町","voronoi":{"type":"Feature","geometry":{"type":"Polygon","coordinates":[[[136.571691,34.886947],[136.584748,34.900766],[136.581237,34.909129],[136.5546,34.927396],[136.542102,34.928629],[136.54892,34.894305],[136.571691,34.886947]]]},"properties":{}},"extra":false},
    {"code":1150816,"id":2655,"name":"加佐登","original_name":"加佐登","name_kana":"かさど","closed":false,"lat":34.890307,"lng":136.529907,"prefecture":24,"numbering":["CJ15"],"lines":[11508],"attr":"eco","postal_code":"513-0003","address":"鈴鹿市加佐登町","voronoi":{"type":"Feature","geometry":{"type":"Polygon","coordinates":[[[136.501779,34.947189],[136.495208,34.946493],[136.486972,34.944084],[136.476043,34.939012],[136.518065,34.867822],[136.548468,34.892851],[136.54892,34.894305],[136.542102,34.928629],[136.522755,34.941937],[136.503684,34.946979],[136.501779,34.947189]]]},"properties":{}},"extra":false},
    {"code":1150817,"id":2656,"name":"井田川","original_name":"井田川","name_kana":"いだがわ","closed":false,"lat":34.868319,"lng":136.492658,"prefecture":24,"numbering":["CJ16"],"lines":[11508],"attr":"heat","postal_code":"519-0101","address":"亀山市井田川町","voronoi":{"type":"Feature","geometry":{"type":"Polygon","coordinates":[[[136.439225,34.934118],[136.476043,34.939012],[136.518065,34.867822],[136.520513,34.849928],[136.508948,34.835781],[136.478501,34.843115],[136.439225,34.934118]]]},"properties":{}},"extra":false},
    {"code":1150818,"id":2657,"name":"亀山(三重)","original_name":"亀山","name_kana":"かめやま","closed":false,"lat":34.850103,"lng":136.450451,"prefecture":24,"numbering":["CJ17"],"lines":[11508,11509,11510],"attr":"cool","postal_code":"519-0155","address":"亀山市御幸町","voronoi":{"type":"Feature","geometry":{"type":"Polygon","coordinates":[[[136.423569,34.798436],[136.420988,34.936735],[136.439225,34.934118],[136.478501,34.843115],[136.423569,34.798436]]]},"properties":{}},"extra":false}
  ],
  "extra":false
}