{
  "code":11501,
  "id":112,
  "name":"JR東海道本線(熱海～浜松)",
  "name_kana":"じぇいあーるとうかいどうほんせん",
  "station_size":35,
  "company_code":3,
  "closed":false,
  "color":"#F57615",
  "symbol":"CA",
  "station_list":[
    {"code":100205,"id":1278,"name":"熱海","original_name":"熱海","name_kana":"あたみ","closed":false,"lat":35.103573,"lng":139.077679,"prefecture":22,"numbering":["CA00"],"lines":[1002,11301,11501,11504],"attr":"heat","postal_code":"413-0011","address":"熱海市田原本町","voronoi":{"type":"Feature","geometry":{"type":"Polygon","coordinates":[[[139.053815,35.145601],[139.080292,35.079523],[139.099703,35.074761],[139.155868,35.078098],[139.136008,35.098407],[139.053815,35.145601]]]},"properties":{}},"extra":false},
    {"code":1150102,"id":2527,"name":"函南","original_name":"函南","name_kana":"かんなみ","closed":false,"lat":35.108773,"lng":138.970984,"prefecture":22,"numbering":["CA01"],"lines":[11501],"attr":"cool","postal_code":"419-0121","address":"田方郡函南町大竹","voronoi":{"type":"Feature","geometry":{"type":"Polygon","coordinates":[[[138.97897,35.17834],[138.950682,35.150463],[138.950505,35.149858],[138.948668,35.113395],[138.961259,35.088864],[138.973023,35.077287],[138.990379,35.066304],[139.006032,35.059071],[139.015483,35.077426],[139.02495,35.166532],[138.994183,35.185745],[138.97897,35.17834]]]},"properties":{}},"extra":false},
    {"code":100206,"id":2528,"name":"三島","original_name":"三島","name_kana":"みしま","closed":false,"lat":35.126253,"lng":138.911133,"prefecture":22,"numbering":["CA02"],"lines":[1002,11501,99502],"attr":"cool","postal_code":"411-0036","address":"三島市一番町","voronoi":{"type":"Feature","geometry":{"type":"Polygon","coordinates":[[[138.950682,35.150463],[138.928139,35.149544],[138.904342,35.136444],[138.902513,35.122677],[138.91697,35.12282],[138.939731,35.139328],[138.950505,35.149858],[138.950682,35.150463]]]},"properties":{}},"extra":false},
    {"code":1150104,"id":2529,"name":"沼津","original_name":"沼津","name_kana":"ぬまづ","closed":false,"lat":35.103011,"lng":138.860104,"prefecture":22,"numbering":["CA03"],"lines":[11501,11505],"attr":"cool","postal_code":"410-0801","address":"沼津市大手町１丁目","voronoi":{"type":"Feature","geometry":{"type":"Polygon","coordinates":[[[138.787117,34.969066],[138.87509,35.031816],[138.875489,35.032202],[138.878518,35.0364],[138.887085,35.051184],[138.892799,35.063969],[138.894669,35.070262],[138.8513,35.142453],[138.787117,34.969066]]]},"properties":{}},"extra":false},
    {"code":1150105,"id":2530,"name":"片浜","original_name":"片浜","name_kana":"かたはま","closed":false,"lat":35.11825,"lng":138.818937,"prefecture":22,"numbering":["CA04"],"lines":[11501],"attr":"cool","postal_code":"410-0875","address":"沼津市今沢","voronoi":{"type":"Feature","geometry":{"type":"Polygon","coordinates":[[[138.759466,34.942575],[138.787117,34.969066],[138.8513,35.142453],[138.851665,35.153432],[138.839548,35.186597],[138.82817,35.20595],[138.759466,34.942575]]]},"properties":{}},"extra":false},
    {"code":1150106,"id":2531,"name":"原(静岡)","original_name":"原","name_kana":"はら","closed":false,"lat":35.124915,"lng":138.793387,"prefecture":22,"numbering":["CA05"],"lines":[11501],"attr":"cool","postal_code":"410-0312","address":"沼津市原","voronoi":{"type":"Feature","geometry":{"type":"Polygon","coordinates":[[[138.71932,34.918785],[138.771216,35.138205],[138.825501,35.21261],[138.82817,35.20595],[138.759466,34.942575],[138.725379,34.904911],[138.71932,34.918785]]]},"properties":{}},"extra":false},
    {"code":1150107,"id":2532,"name":"東田子の浦","original_name":"東田子の浦","name_kana":"ひがしたごのうら","closed":false,"lat":35.136255,"lng":138.745441,"prefecture":22,"numbering":["CA06"],"lines":[11501],"attr":"cool","postal_code":"417-0832","address":"富士市中柏原新田","voronoi":{"type":"Feature","geometry":{"type":"Polygon","coordinates":[[[138.740944,35.148322],[138.771216,35.138205],[138.71932,34.918785],[138.69759,34.956343],[138.695093,34.976937],[138.723966,35.139272],[138.727791,35.142693],[138.739298,35.148162],[138.740944,35.148322]]]},"properties":{}},"extra":false},
    {"code":1150108,"id":2533,"name":"吉原","original_name":"吉原","name_kana":"よしわら","closed":false,"lat":35.143845,"lng":138.702768,"prefecture":22,"numbering":["CA07"],"lines":[11501,99503],"attr":"cool","postal_code":"417-0015","address":"富士市鈴川町","voronoi":{"type":"Feature","geometry":{"type":"Polygon","coordinates":[[[138.704566,35.154888],[138.717688,35.146828],[138.723966,35.139272],[138.695093,34.976937],[138.689834,34.997467],[138.683227,35.138788],[138.700223,35.154273],[138.701731,35.155111],[138.704566,35.154888]]]},"properties":{}},"extra":false},
    {"code":1140201,"id":1969,"name":"富士","original_name":"富士","name_kana":"ふじ","closed":false,"lat":35.151497,"lng":138.651225,"prefecture":22,"numbering":["CA08"],"lines":[11402,11501],"attr":"cool","postal_code":"416-0914","address":"富士市本町１丁目","voronoi":{"type":"Feature","geometry":{"type":"Polygon","coordinates":[[[138.669127,35.161834],[138.668098,35.166087],[138.647675,35.159503],[138.637342,35.138619],[138.641235,35.12637],[138.669127,35.161834]]]},"properties":{}},"extra":false},
    {"code":1150110,"id":2534,"name":"富士川","original_name":"富士川","name_kana":"ふじかわ","closed":false,"lat":35.141119,"lng":138.618571,"prefecture":22,"numbering":["CA09"],"lines":[11501],"attr":"cool","postal_code":"421-3306","address":"静岡県富士市中之郷1228-4","voronoi":{"type":"Feature","geometry":{"type":"Polygon","coordinates":[[[138.641425,35.116718],[138.589937,35.14173],[138.578582,35.15673],[138.608806,35.174549],[138.637342,35.138619],[138.641235,35.12637],[138.641425,35.116718]]]},"properties":{}},"extra":false},
    {"code":1150111,"id":2535,"name":"新蒲原","original_name":"新蒲原","name_kana":"しんかんばら","closed":false,"lat":35.119599,"lng":138.608117,"prefecture":22,"numbering":["CA10"],"lines":[11501],"attr":"cool","postal_code":"421-3203","address":"静岡市清水区蒲原","voronoi":{"type":"Feature","geometry":{"type":"Polygon","coordinates":[[[138.695093,34.976937],[138.689834,34.997467],[138.641425,35.116718],[138.589937,35.14173],[138.616839,35.019748],[138.69759,34.956343],[138.695093,34.976937]]]},"properties":{}},"extra":false},
    {"code":1150112,"id":2536,"name":"蒲原","original_name":"蒲原","name_kana":"かんばら","closed":false,"lat":35.114005,"lng":138.582752,"prefecture":22,"numbering":["CA11"],"lines":[11501],"attr":"cool","postal_code":"421-3214","address":"静岡市清水区蒲原堰沢","voronoi":{"type":"Feature","geometry":{"type":"Polygon","coordinates":[[[138.54337,35.148843],[138.578141,35.156738],[138.578582,35.15673],[138.589937,35.14173],[138.616839,35.019748],[138.615835,35.020344],[138.615654,35.020523],[138.54337,35.148843]]]},"properties":{}},"extra":false},
    {"code":1150113,"id":2537,"name":"由比","original_name":"由比","name_kana":"ゆい","closed":false,"lat":35.097108,"lng":138.552756,"prefecture":22,"numbering":["CA12"],"lines":[11501],"attr":"cool","postal_code":"421-3111","address":"静岡市清水区由比今宿","voronoi":{"type":"Feature","geometry":{"type":"Polygon","coordinates":[[[138.54337,35.148843],[138.498803,35.153777],[138.444971,35.138825],[138.615654,35.020523],[138.54337,35.148843]]]},"properties":{}},"extra":false},
    {"code":1150114,"id":2538,"name":"興津","original_name":"興津","name_kana":"おきつ","closed":false,"lat":35.052539,"lng":138.521865,"prefecture":22,"numbering":["CA13"],"lines":[11501],"attr":"cool","postal_code":"424-0204","address":"静岡市清水区興津中町","voronoi":{"type":"Feature","geometry":{"type":"Polygon","coordinates":[[[138.615654,35.020523],[138.444971,35.138825],[138.433432,35.138431],[138.421711,35.136574],[138.433631,35.118536],[138.513241,35.029098],[138.615835,35.020344],[138.615654,35.020523]]]},"properties":{}},"extra":false},
    {"code":1150115,"id":2539,"name":"清水(静岡)","original_name":"清水","name_kana":"しみず","closed":false,"lat":35.023248,"lng":138.488958,"prefecture":22,"numbering":["CA14"],"lines":[11501,10503],"attr":"cool","postal_code":"424-0816","address":"静岡市清水区真砂町","voronoi":{"type":"Feature","geometry":{"type":"Polygon","coordinates":[[[138.470439,35.032578],[138.466404,35.037108],[138.433631,35.118536],[138.513241,35.029098],[138.508111,35.0212],[138.498204,35.01787],[138.482508,35.021466],[138.470439,35.032578]]]},"properties":{}},"extra":false},
    {"code":1150116,"id":2540,"name":"草薙","original_name":"草薙","name_kana":"くさなぎ","closed":false,"lat":35.002854,"lng":138.442025,"prefecture":22,"numbering":["CA15"],"lines":[11501,99504],"attr":"cool","postal_code":"424-0886","address":"静岡市清水区草薙","voronoi":{"type":"Feature","geometry":{"type":"Polygon","coordinates":[[[138.423841,35.01348],[138.36583,35.143696],[138.367112,35.145049],[138.381053,35.142258],[138.455107,34.989119],[138.426516,35.01012],[138.423841,35.01348]]]},"properties":{}},"extra":false},
    {"code":1150117,"id":2541,"name":"東静岡","original_name":"東静岡","name_kana":"ひがししずおか","closed":false,"lat":34.985256,"lng":138.413118,"prefecture":22,"numbering":["CA16"],"lines":[11501],"attr":"cool","postal_code":"420-0813","address":"静岡市葵区長沼５８４番地８","voronoi":{"type":"Feature","geometry":{"type":"Polygon","coordinates":[[[138.464139,34.888306],[138.452576,34.898084],[138.435862,34.928679],[138.40803,34.986857],[138.4182,34.987482],[138.425429,34.981334],[138.463799,34.901015],[138.464139,34.888306]]]},"properties":{}},"extra":false},
    {"code":100208,"id":2542,"name":"静岡","original_name":"静岡","name_kana":"しずおか","closed":false,"lat":34.971629,"lng":138.388579,"prefecture":22,"numbering":["CA17"],"lines":[1002,11501],"attr":"cool","postal_code":"420-0851","address":"静岡市葵区黒金町","voronoi":{"type":"Feature","geometry":{"type":"Polygon","coordinates":[[[138.395174,34.971816],[138.389965,34.974267],[138.363102,34.966863],[138.423498,34.918516],[138.427919,34.915949],[138.39816,34.968638],[138.395174,34.971816]]]},"properties":{}},"extra":false},
    {"code":1150119,"id":2543,"name":"安倍川","original_name":"安倍川","name_kana":"あべかわ","closed":false,"lat":34.940961,"lng":138.364029,"prefecture":22,"numbering":["CA18"],"lines":[11501],"attr":"heat","postal_code":"421-0133","address":"静岡市駿河区鎌田","voronoi":{"type":"Feature","geometry":{"type":"Polygon","coordinates":[[[138.423498,34.918516],[138.275202,34.950419],[138.268432,34.95491],[138.231704,34.990449],[138.232917,34.996299],[138.254198,35.029681],[138.259241,35.036559],[138.363102,34.966863],[138.423498,34.918516]]]},"properties":{}},"extra":false},
    {"code":1150120,"id":2544,"name":"用宗","original_name":"用宗","name_kana":"もちむね","closed":false,"lat":34.922512,"lng":138.36006,"prefecture":22,"numbering":["CA19"],"lines":[11501],"attr":"heat","postal_code":"421-0124","address":"静岡市駿河区用宗城山町","voronoi":{"type":"Feature","geometry":{"type":"Polygon","coordinates":[[[138.275202,34.950419],[138.423498,34.918516],[138.427919,34.915949],[138.452576,34.898084],[138.464139,34.888306],[138.528479,34.74073],[138.275202,34.950419]]]},"properties":{}},"extra":false},
    {"code":1150121,"id":2545,"name":"焼津","original_name":"焼津","name_kana":"やいづ","closed":false,"lat":34.872261,"lng":138.318457,"prefecture":22,"numbering":["CA20"],"lines":[11501],"attr":"heat","postal_code":"425-0027","address":"焼津市栄町１丁目","voronoi":{"type":"Feature","geometry":{"type":"Polygon","coordinates":[[[138.275202,34.950419],[138.268432,34.95491],[138.49873,34.345011],[138.58843,34.636454],[138.589375,34.639862],[138.528479,34.74073],[138.275202,34.950419]]]},"properties":{}},"extra":false},
    {"code":1150122,"id":2546,"name":"西焼津","original_name":"西焼津","name_kana":"にしやいづ","closed":false,"lat":34.859824,"lng":138.28552,"prefecture":22,"numbering":["CA21"],"lines":[11501],"attr":"heat","postal_code":"425-0076","address":"焼津市小屋敷","voronoi":{"type":"Feature","geometry":{"type":"Polygon","coordinates":[[[138.268432,34.95491],[138.49873,34.345011],[138.468442,34.234276],[138.457071,34.257452],[138.228037,34.985263],[138.231704,34.990449],[138.268432,34.95491]]]},"properties":{}},"extra":false},
    {"code":1150123,"id":2547,"name":"藤枝","original_name":"藤枝","name_kana":"ふじえだ","closed":false,"lat":34.849511,"lng":138.252748,"prefecture":22,"numbering":["CA22"],"lines":[11501],"attr":"heat","postal_code":"426-0034","address":"藤枝市駅前１丁目","voronoi":{"type":"Feature","geometry":{"type":"Polygon","coordinates":[[[138.308434,34.540494],[138.200021,34.948824],[138.211699,34.967383],[138.228037,34.985263],[138.457071,34.257452],[138.308434,34.540494]]]},"properties":{}},"extra":false},
    {"code":1150124,"id":2548,"name":"六合","original_name":"六合","name_kana":"ろくごう","closed":false,"lat":34.836436,"lng":138.203502,"prefecture":22,"numbering":["CA23"],"lines":[11501],"attr":"heat","postal_code":"427-0019","address":"島田市道悦１丁目","voronoi":{"type":"Feature","geometry":{"type":"Polygon","coordinates":[[[138.220687,34.678978],[138.173407,34.905444],[138.187524,34.936444],[138.200021,34.948824],[138.308434,34.540494],[138.220687,34.678978]]]},"properties":{}},"extra":false},
    {"code":1150125,"id":2549,"name":"島田(静岡)","original_name":"島田","name_kana":"しまだ","closed":false,"lat":34.830159,"lng":138.173436,"prefecture":22,"numbering":["CA24"],"lines":[11501],"attr":"heat","postal_code":"427-0028","address":"島田市栄町","voronoi":{"type":"Feature","geometry":{"type":"Polygon","coordinates":[[[138.152467,34.856767],[138.152235,34.854706],[138.163288,34.76524],[138.167452,34.747303],[138.220687,34.678978],[138.173407,34.905444],[138.167404,34.897257],[138.152483,34.856823],[138.152467,34.856767]]]},"properties":{}},"extra":false},
    {"code":1150126,"id":2550,"name":"金谷","original_name":"金谷","name_kana":"かなや","closed":false,"lat":34.819049,"lng":138.125578,"prefecture":22,"numbering":["CA25"],"lines":[11501,99507],"attr":"heat","postal_code":"428-0047","address":"静岡県島田市金谷新町","voronoi":{"type":"Feature","geometry":{"type":"Polygon","coordinates":[[[138.063936,34.819453],[138.167452,34.747303],[138.163288,34.76524],[138.128963,34.827171],[138.1151,34.827613],[138.063936,34.819453]]]},"properties":{}},"extra":false},
    {"code":1150127,"id":2551,"name":"菊川(静岡)","original_name":"菊川","name_kana":"きくがわ","closed":false,"lat":34.76176,"lng":138.085648,"prefecture":22,"numbering":["CA26"],"lines":[11501],"attr":"heat","postal_code":"439-0006","address":"菊川市堀之内","voronoi":{"type":"Feature","geometry":{"type":"Polygon","coordinates":[[[138.468442,34.234276],[138.353889,33.036433],[138.046616,34.457447],[138.03427,34.618527],[138.056541,34.822971],[138.063936,34.819453],[138.167452,34.747303],[138.220687,34.678978],[138.308434,34.540494],[138.457071,34.257452],[138.468442,34.234276]]]},"properties":{}},"extra":false},
    {"code":100209,"id":2552,"name":"掛川","original_name":"掛川","name_kana":"かけがわ","closed":false,"lat":34.769463,"lng":138.014937,"prefecture":22,"numbering":["CA27"],"lines":[1002,11501,99505,10505],"attr":"eco","postal_code":"436-0024","address":"掛川市南西郷","voronoi":{"type":"Feature","geometry":{"type":"Polygon","coordinates":[[[138.03427,34.618527],[138.004275,34.711398],[138.009699,34.808536],[138.012324,34.829553],[138.028283,34.84907],[138.048904,34.833308],[138.05287,34.828182],[138.056147,34.823579],[138.056541,34.822971],[138.03427,34.618527]]]},"properties":{}},"extra":false},
    {"code":1150129,"id":2553,"name":"愛野(静岡)","original_name":"愛野","name_kana":"あいの","closed":false,"lat":34.752257,"lng":137.961663,"prefecture":22,"numbering":["CA28"],"lines":[11501],"attr":"eco","postal_code":"437-0031","address":"袋井市愛野６９１-８","voronoi":{"type":"Feature","geometry":{"type":"Polygon","coordinates":[[[138.046616,34.457447],[138.03427,34.618527],[138.004275,34.711398],[137.988875,34.744262],[137.97962,34.759931],[137.954526,34.770662],[137.936217,34.77174],[137.999765,34.563204],[138.046616,34.457447]]]},"properties":{}},"extra":false},
    {"code":1150130,"id":2554,"name":"袋井","original_name":"袋井","name_kana":"ふくろい","closed":false,"lat":34.741377,"lng":137.92596,"prefecture":22,"numbering":["CA29"],"lines":[11501],"attr":"eco","postal_code":"437-0023","address":"袋井市高尾","voronoi":{"type":"Feature","geometry":{"type":"Polygon","coordinates":[[[137.883939,34.768372],[137.904499,34.778245],[137.921862,34.782265],[137.931375,34.775658],[137.936217,34.77174],[137.999765,34.563204],[137.883939,34.768372]]]},"properties":{}},"extra":false},
    {"code":1150135,"id":9362,"name":"御厨(静岡)","original_name":"御厨","name_kana":"みくりや","closed":false,"lat":34.718447,"lng":137.885343,"prefecture":22,"numbering":["CA30"],"lines":[11501],"attr":"eco","postal_code":"438-0038","address":"静岡県磐田市鎌田","open_date":"2020-03-14","voronoi":{"type":"Feature","geometry":{"type":"Polygon","coordinates":[[[138.345795,32.815521],[137.855175,34.768501],[137.859336,34.769311],[137.883939,34.768372],[137.999765,34.563204],[138.046616,34.457447],[138.353889,33.036433],[138.345795,32.815521]]]},"properties":{}},"extra":false},
    {"code":1150131,"id":2555,"name":"磐田","original_name":"磐田","name_kana":"いわた","closed":false,"lat":34.710132,"lng":137.852244,"prefecture":22,"numbering":["CA31"],"lines":[11501],"attr":"eco","postal_code":"438-0078","address":"磐田市中泉","voronoi":{"type":"Feature","geometry":{"type":"Polygon","coordinates":[[[138.10757,32.524177],[137.97926,32.857147],[137.817374,34.261365],[137.815309,34.298121],[137.813247,34.336779],[137.839635,34.767387],[137.842997,34.769771],[137.855175,34.768501],[138.345795,32.815521],[138.322247,31.972008],[138.10757,32.524177]]]},"properties":{}},"extra":false},
    {"code":1150132,"id":2556,"name":"豊田町","original_name":"豊田町","name_kana":"とよだちょう","closed":false,"lat":34.7121,"lng":137.82013,"prefecture":22,"numbering":["CA32"],"lines":[11501],"attr":"eco","postal_code":"438-0821","address":"磐田市立野","voronoi":{"type":"Feature","geometry":{"type":"Polygon","coordinates":[[[137.813247,34.336779],[137.787018,34.608726],[137.803843,34.749335],[137.815696,34.757801],[137.82728,34.76303],[137.839635,34.767387],[137.813247,34.336779]]]},"properties":{}},"extra":false},
    {"code":1150133,"id":2557,"name":"天竜川","original_name":"天竜川","name_kana":"てんりゅうがわ","closed":false,"lat":34.716994,"lng":137.77923,"prefecture":22,"numbering":["CA33"],"lines":[11501],"attr":"eco","postal_code":"435-0013","address":"浜松市東区天龍川町","voronoi":{"type":"Feature","geometry":{"type":"Polygon","coordinates":[[[137.78734,34.747499],[137.789003,34.748014],[137.803843,34.749335],[137.787018,34.608726],[137.757601,34.708374],[137.757604,34.713685],[137.759335,34.723005],[137.761721,34.728579],[137.762365,34.729469],[137.774675,34.740613],[137.78734,34.747499]]]},"properties":{}},"extra":false},
    {"code":100210,"id":2558,"name":"浜松","original_name":"浜松","name_kana":"はままつ","closed":false,"lat":34.703866,"lng":137.734759,"prefecture":22,"numbering":["CA34"],"lines":[1002,11501,11502],"attr":"eco","postal_code":"430-0926","address":"浜松市中区砂山町","voronoi":{"type":"Feature","geometry":{"type":"Polygon","coordinates":[[[137.787018,34.608726],[137.813247,34.336779],[137.815309,34.298121],[137.733255,34.705382],[137.738768,34.708304],[137.744597,34.709582],[137.757601,34.708374],[137.787018,34.608726]]]},"properties":{}},"extra":false}
  ],
  "extra":false
}