{
  "code":11504,
  "id":115,
  "name":"JR伊東線",
  "name_kana":"じぇいあーるいとうせん",
  "station_size":6,
  "company_code":2,
  "closed":false,
  "color":"#F68B1E",
  "station_list":[
    {"code":100205,"id":1278,"name":"熱海","original_name":"熱海","name_kana":"あたみ","closed":false,"lat":35.103573,"lng":139.077679,"prefecture":22,"lines":[1002,11301,11501,11504],"attr":"heat","postal_code":"413-0011","address":"熱海市田原本町","voronoi":{"type":"Feature","geometry":{"type":"Polygon","coordinates":[[[139.053815,35.145601],[139.080292,35.079523],[139.099703,35.074761],[139.155868,35.078098],[139.136008,35.098407],[139.053815,35.145601]]]},"properties":{}},"extra":false},
    {"code":1150402,"id":2604,"name":"来宮","original_name":"来宮","name_kana":"きのみや","closed":false,"lat":35.098723,"lng":139.065575,"prefecture":22,"lines":[11504],"attr":"cool","postal_code":"413-0017","address":"熱海市福道町","voronoi":{"type":"Feature","geometry":{"type":"Polygon","coordinates":[[[139.080292,35.079523],[139.015483,35.077426],[139.02495,35.166532],[139.026477,35.166666],[139.053815,35.145601],[139.080292,35.079523]]]},"properties":{}},"extra":false},
    {"code":1150403,"id":2605,"name":"伊豆多賀","original_name":"伊豆多賀","name_kana":"いずたが","closed":false,"lat":35.059411,"lng":139.066847,"prefecture":22,"lines":[11504],"attr":"cool","postal_code":"413-0101","address":"熱海市上多賀","voronoi":{"type":"Feature","geometry":{"type":"Polygon","coordinates":[[[139.015483,35.077426],[139.006032,35.059071],[139.00619,35.055794],[139.011602,35.02269],[139.011844,35.022036],[139.014193,35.018299],[139.045874,35.025913],[139.099703,35.074761],[139.080292,35.079523],[139.015483,35.077426]]]},"properties":{}},"extra":false},
    {"code":1150404,"id":2606,"name":"網代","original_name":"網代","name_kana":"あじろ","closed":false,"lat":35.043545,"lng":139.081245,"prefecture":22,"lines":[11504],"attr":"heat","postal_code":"413-0102","address":"熱海市下多賀","voronoi":{"type":"Feature","geometry":{"type":"Polygon","coordinates":[[[139.155868,35.078098],[139.099703,35.074761],[139.045874,35.025913],[139.154973,35.021695],[139.216655,35.050786],[139.155868,35.078098]]]},"properties":{}},"extra":false},
    {"code":1150405,"id":2607,"name":"宇佐美","original_name":"宇佐美","name_kana":"うさみ","closed":false,"lat":35.005602,"lng":139.079778,"prefecture":22,"lines":[11504],"attr":"heat","postal_code":"414-0001","address":"伊東市宇佐美","voronoi":{"type":"Feature","geometry":{"type":"Polygon","coordinates":[[[139.05036,34.97593],[139.145665,35.01401],[139.154973,35.021695],[139.045874,35.025913],[139.014193,35.018299],[139.020587,34.9709],[139.05036,34.97593]]]},"properties":{}},"extra":false},
    {"code":1150406,"id":2608,"name":"伊東","original_name":"伊東","name_kana":"いとう","closed":false,"lat":34.9747,"lng":139.092125,"prefecture":22,"lines":[11504,99501],"attr":"eco","postal_code":"414-0002","address":"伊東市湯川３丁目","voronoi":{"type":"Feature","geometry":{"type":"Polygon","coordinates":[[[139.05036,34.97593],[139.145665,35.01401],[139.107766,34.961748],[139.05036,34.97593]]]},"properties":{}},"extra":false}
  ],
  "extra":false
}