{
  "code":11512,
  "id":"b1c370",
  "name":"JR参宮線",
  "name_kana":"じぇいあーるさんぐうせん",
  "station_size":11,
  "company_code":3,
  "closed":false,
  "station_list":[
    {"code":1151010,"id":"872f4c","name":"多気","original_name":"多気","name_kana":"たき","closed":false,"lat":34.516318,"lng":136.572777,"prefecture":24,"lines":[11510,11512],"attr":"cool","postal_code":"519-2154","address":"多気郡多気町多気","voronoi":{"type":"Feature","geometry":{"type":"Polygon","coordinates":[[[136.570036,34.487721],[136.54977,34.528333],[136.565689,34.536465],[136.58556,34.530185],[136.594714,34.519723],[136.570036,34.487721]]]},"properties":{}},"extra":false},
    {"code":1151202,"id":"fae2c0","name":"外城田","original_name":"外城田","name_kana":"ときだ","closed":false,"lat":34.497641,"lng":136.596997,"prefecture":24,"lines":[11512],"attr":"cool","postal_code":"519-2161","address":"多気郡多気町大字土羽","voronoi":{"type":"Feature","geometry":{"type":"Polygon","coordinates":[[[136.570036,34.487721],[136.569591,34.483215],[136.594534,34.407741],[136.620017,34.51144],[136.603715,34.518892],[136.594714,34.519723],[136.570036,34.487721]]]},"properties":{}},"extra":false},
    {"code":1151203,"id":"643cdf","name":"田丸","original_name":"田丸","name_kana":"たまる","closed":false,"lat":34.488543,"lng":136.63402,"prefecture":24,"lines":[11512],"attr":"cool","postal_code":"519-0414","address":"度会郡玉城町佐田","voronoi":{"type":"Feature","geometry":{"type":"Polygon","coordinates":[[[136.630385,34.299775],[136.595466,34.398951],[136.594534,34.407741],[136.620017,34.51144],[136.623597,34.512792],[136.648743,34.507725],[136.668492,34.456051],[136.672696,34.421206],[136.663056,34.346956],[136.630385,34.299775]]]},"properties":{}},"extra":false},
    {"code":1151204,"id":"7d39ba","name":"宮川","original_name":"宮川","name_kana":"みやがわ","closed":false,"lat":34.503252,"lng":136.672506,"prefecture":24,"lines":[11512],"attr":"cool","postal_code":"519-0505","address":"伊勢市小俣町本町２９３１-１","voronoi":{"type":"Feature","geometry":{"type":"Polygon","coordinates":[[[136.64899,34.50799],[136.648743,34.507725],[136.668492,34.456051],[136.683943,34.501188],[136.674908,34.513234],[136.64899,34.50799]]]},"properties":{}},"extra":false},
    {"code":1151205,"id":"b4b3bc","name":"山田上口","original_name":"山田上口","name_kana":"やまだかみぐち","closed":false,"lat":34.49581,"lng":136.694246,"prefecture":24,"lines":[11512],"attr":"cool","postal_code":"516-0047","address":"伊勢市常磐町","voronoi":{"type":"Feature","geometry":{"type":"Polygon","coordinates":[[[136.692229,34.505632],[136.683943,34.501188],[136.668492,34.456051],[136.672696,34.421206],[136.685184,34.442499],[136.692662,34.462057],[136.700407,34.488296],[136.692229,34.505632]]]},"properties":{}},"extra":false},
    {"code":1151206,"id":"e21f5b","name":"伊勢市","original_name":"伊勢市","name_kana":"いせし","closed":false,"lat":34.49126,"lng":136.709661,"prefecture":24,"lines":[11512,31009],"attr":"eco","postal_code":"516-0073","address":"伊勢市吹上１丁目","voronoi":{"type":"Feature","geometry":{"type":"Polygon","coordinates":[[[136.722867,34.505705],[136.692662,34.462057],[136.700407,34.488296],[136.720351,34.522103],[136.722867,34.505705]]]},"properties":{}},"extra":false},
    {"code":1151207,"id":"8b2e1d","name":"五十鈴ヶ丘","original_name":"五十鈴ヶ丘","name_kana":"いすずがおか","closed":false,"lat":34.495884,"lng":136.739797,"prefecture":24,"lines":[11512],"attr":"eco","postal_code":"516-0018","address":"三重県伊勢市黒瀬町1342","voronoi":{"type":"Feature","geometry":{"type":"Polygon","coordinates":[[[136.720351,34.522103],[136.722867,34.505705],[136.727498,34.490046],[136.742227,34.480573],[136.759165,34.496488],[136.73924,34.59102],[136.72078,34.531209],[136.720351,34.522103]]]},"properties":{}},"extra":false},
    {"code":1151208,"id":"7ad430","name":"二見浦","original_name":"二見浦","name_kana":"ふたみのうら","closed":false,"lat":34.503753,"lng":136.77713,"prefecture":24,"lines":[11512],"attr":"eco","postal_code":"519-0603","address":"伊勢市二見町三津","voronoi":{"type":"Feature","geometry":{"type":"Polygon","coordinates":[[[136.746587,34.656775],[136.830219,34.622606],[136.781283,34.480021],[136.759165,34.496488],[136.73924,34.59102],[136.744312,34.64289],[136.746587,34.656775]]]},"properties":{}},"extra":false},
    {"code":1151209,"id":"14b369","name":"松下","original_name":"松下","name_kana":"まつした","closed":false,"lat":34.496201,"lng":136.799134,"prefecture":24,"lines":[11512],"attr":"eco","postal_code":"519-0601","address":"伊勢市二見町松下","voronoi":{"type":"Feature","geometry":{"type":"Polygon","coordinates":[[[136.80167,34.479524],[136.847503,34.61729],[136.830219,34.622606],[136.781283,34.480021],[136.788373,34.464437],[136.80167,34.479524]]]},"properties":{}},"extra":false},
    {"code":1151210,"id":"22693a","name":"池の浦シーサイド","original_name":"池の浦シーサイド","name_kana":"いけのうらしーさいど","closed":true,"lat":34.491358,"lng":136.813691,"prefecture":24,"lines":[11512],"attr":"unknown","postal_code":"519-0601","address":"伊勢市二見町松下","open_date":"1989-07-16","closed_date":"2020-03-14","voronoi":{"type":"Feature","geometry":{"type":"Polygon","coordinates":[[[136.847503,34.61729],[136.80167,34.479524],[136.828434,34.4901],[136.849516,34.616798],[136.847503,34.61729]]]},"properties":{}},"extra":false},
    {"code":1151211,"id":"5d4665","name":"鳥羽","original_name":"鳥羽","name_kana":"とば","closed":false,"lat":34.486516,"lng":136.84279,"prefecture":24,"lines":[11512,31010,31015],"attr":"cool","postal_code":"517-0011","address":"鳥羽市鳥羽１","voronoi":{"type":"Feature","geometry":{"type":"Polygon","coordinates":[[[137.010253,34.596401],[137.055162,34.567358],[137.055716,34.566947],[136.83327,34.478725],[136.831889,34.478794],[136.828434,34.4901],[136.849516,34.616798],[137.010253,34.596401]]]},"properties":{}},"extra":false}
  ],
  "extra":false
}