{
  "code":11514,
  "id":"a49d58",
  "name":"JR岡多線",
  "name_kana":"じぇいあーるおかたせん",
  "station_size":8,
  "company_code":3,
  "closed":true,
  "station_list":[
    {"code":1150219,"id":"ee2a2f","name":"岡崎","original_name":"岡崎","name_kana":"おかざき","closed":false,"lat":34.925417,"lng":137.157243,"prefecture":23,"lines":[11502,99511,11514],"attr":"heat","postal_code":"444-0813","address":"岡崎市羽根町東荒子","voronoi":{"type":"Feature","geometry":{"type":"Polygon","coordinates":[[[137.167924,34.936514],[137.166251,34.937151],[137.134321,34.926506],[137.124106,34.910062],[137.124831,34.903774],[137.176076,34.907959],[137.176499,34.917963],[137.167924,34.936514]]]},"properties":{}},"extra":false},
    {"code":9951103,"id":"48c7a7","name":"中岡崎","original_name":"中岡崎","name_kana":"なかおかざき","closed":false,"lat":34.956231,"lng":137.152723,"prefecture":23,"lines":[99511,11514],"attr":"cool","postal_code":"444-0923","address":"岡崎市八帖町字住環通り","voronoi":{"type":"Feature","geometry":{"type":"Polygon","coordinates":[[[137.143414,34.951095],[137.149211,34.966143],[137.162387,34.962033],[137.161692,34.959684],[137.143414,34.951095]]]},"properties":{}},"extra":false},
    {"code":9951104,"id":"00a3d6","name":"北岡崎","original_name":"北岡崎","name_kana":"きたおかざき","closed":false,"lat":34.972301,"lng":137.157736,"prefecture":23,"lines":[99511,11514],"attr":"cool","postal_code":"444-0913","address":"岡崎市葵町","voronoi":{"type":"Feature","geometry":{"type":"Polygon","coordinates":[[[137.144303,34.973968],[137.149211,34.966143],[137.162387,34.962033],[137.171235,34.966196],[137.161546,34.978834],[137.144303,34.973968]]]},"properties":{}},"extra":false},
    {"code":9951106,"id":"3ebbad","name":"北野桝塚","original_name":"北野桝塚","name_kana":"きたのますづか","closed":false,"lat":34.996289,"lng":137.139457,"prefecture":23,"lines":[99511,11514],"attr":"cool","postal_code":"444-0951","address":"岡崎市北野町字二番訳","voronoi":{"type":"Feature","geometry":{"type":"Polygon","coordinates":[[[137.1547,34.99772],[137.152613,35.011209],[137.115068,34.995577],[137.134824,34.97865],[137.137579,34.978689],[137.1547,34.99772]]]},"properties":{}},"extra":false},
    {"code":9951107,"id":"160ff9","name":"三河上郷","original_name":"三河上郷","name_kana":"みかわかみごう","closed":false,"lat":35.012384,"lng":137.132756,"prefecture":23,"lines":[99511,11514],"attr":"cool","postal_code":"470-1218","address":"豊田市上郷町５丁目","voronoi":{"type":"Feature","geometry":{"type":"Polygon","coordinates":[[[137.107795,35.002054],[137.110384,34.99725],[137.115068,34.995577],[137.152613,35.011209],[137.15308,35.012717],[137.122522,35.025422],[137.114675,35.020321],[137.107795,35.002054]]]},"properties":{}},"extra":false},
    {"code":9951108,"id":"0cda58","name":"永覚","original_name":"永覚","name_kana":"えかく","closed":false,"lat":35.027361,"lng":137.138983,"prefecture":23,"lines":[99511,11514],"attr":"cool","postal_code":"471-0000","address":"豊田市高根","voronoi":{"type":"Feature","geometry":{"type":"Polygon","coordinates":[[[137.152397,35.027269],[137.154962,35.020524],[137.154903,35.015653],[137.154687,35.014584],[137.15308,35.012717],[137.122522,35.025422],[137.13084,35.04128],[137.152397,35.027269]]]},"properties":{}},"extra":false},
    {"code":9951110,"id":"be31ea","name":"三河豊田","original_name":"三河豊田","name_kana":"みかわとよた","closed":false,"lat":35.0554,"lng":137.150934,"prefecture":23,"lines":[99511,11514],"attr":"cool","postal_code":"471-0826","address":"豊田市トヨタ町","voronoi":{"type":"Feature","geometry":{"type":"Polygon","coordinates":[[[137.139355,35.049886],[137.141156,35.063731],[137.149788,35.063587],[137.152415,35.046546],[137.139355,35.049886]]]},"properties":{}},"extra":false},
    {"code":9951112,"id":"842717","name":"新豊田","original_name":"新豊田","name_kana":"しんとよた","closed":false,"lat":35.088041,"lng":137.153524,"prefecture":23,"lines":[99511,11514],"attr":"cool","postal_code":"471-0034","address":"豊田市小坂本町１丁目","voronoi":{"type":"Feature","geometry":{"type":"Polygon","coordinates":[[[137.152753,35.079877],[137.152526,35.079864],[137.12895,35.083214],[137.118593,35.091522],[137.141803,35.102925],[137.142274,35.102894],[137.1504,35.099429],[137.156778,35.09466],[137.152753,35.079877]]]},"properties":{}},"extra":false}
  ],
  "closed_date":"1988-01-31",
  "extra":true
}