{
  "code":11608,
  "id":130,
  "name":"JR山陽本線(神戸線)(神戸～姫路)",
  "name_kana":"じぇいあーるさんようほんせん(こうべせん)",
  "name_formal":"JR山陽本線(神戸～姫路)",
  "station_size":23,
  "company_code":4,
  "closed":false,
  "color":"#0072BC",
  "symbol":"A",
  "station_list":[
    {"code":1160315,"id":2789,"name":"神戸(兵庫)","original_name":"神戸","name_kana":"こうべ","closed":false,"lat":34.679453,"lng":135.178221,"prefecture":28,"numbering":["A63"],"lines":[11603,11608],"attr":"eco","postal_code":"650-0025","address":"神戸市中央区相生町３丁目","voronoi":{"type":"Feature","geometry":{"type":"Polygon","coordinates":[[[135.17627,34.681959],[135.176786,34.682328],[135.181989,34.680725],[135.176365,34.677998],[135.17627,34.681959]]]},"properties":{}},"extra":false},
    {"code":1160802,"id":2831,"name":"兵庫","original_name":"兵庫","name_kana":"ひょうご","closed":false,"lat":34.668343,"lng":135.164706,"prefecture":28,"numbering":["A64"],"lines":[11608,11613],"attr":"eco","postal_code":"652-0897","address":"神戸市兵庫区駅南通５丁目","voronoi":{"type":"Feature","geometry":{"type":"Polygon","coordinates":[[[135.16804,34.66156],[135.169418,34.66275],[135.170029,34.665935],[135.163241,34.669796],[135.158388,34.664668],[135.158598,34.66213],[135.159944,34.661387],[135.16804,34.66156]]]},"properties":{}},"extra":false},
    {"code":1160803,"id":2832,"name":"新長田","original_name":"新長田","name_kana":"しんながた","closed":false,"lat":34.657525,"lng":135.145193,"prefecture":28,"numbering":["A65"],"lines":[11608,99645,99646,99647],"attr":"cool","postal_code":"653-0841","address":"神戸市長田区松野通１丁目","voronoi":{"type":"Feature","geometry":{"type":"Polygon","coordinates":[[[135.152204,34.659438],[135.149514,34.661063],[135.139284,34.658726],[135.138886,34.656878],[135.142447,34.65085],[135.151861,34.658429],[135.152204,34.659438]]]},"properties":{}},"extra":false},
    {"code":1160804,"id":2833,"name":"鷹取","original_name":"鷹取","name_kana":"たかとり","closed":false,"lat":34.651667,"lng":135.135275,"prefecture":28,"numbering":["A66"],"lines":[11608],"attr":"eco","postal_code":"654-0026","address":"神戸市須磨区大池町","voronoi":{"type":"Feature","geometry":{"type":"Polygon","coordinates":[[[135.130237,34.650844],[135.132382,34.655427],[135.138886,34.656878],[135.142447,34.65085],[135.143216,34.625946],[135.130237,34.650844]]]},"properties":{}},"extra":false},
    {"code":1160822,"id":2851,"name":"須磨海浜公園","original_name":"須磨海浜公園","name_kana":"すまかいひんこうえん","closed":false,"lat":34.647185,"lng":135.126677,"prefecture":28,"numbering":["A67"],"lines":[11608],"attr":"eco","postal_code":"654-0045","address":"神戸市須磨区松風町５丁目","voronoi":{"type":"Feature","geometry":{"type":"Polygon","coordinates":[[[135.143216,34.625946],[135.130237,34.650844],[135.125957,34.651357],[135.121715,34.644212],[135.122527,34.636858],[135.160869,34.528226],[135.163886,34.529894],[135.143216,34.625946]]]},"properties":{}},"extra":false},
    {"code":1160805,"id":2834,"name":"須磨","original_name":"須磨","name_kana":"すま","closed":false,"lat":34.642292,"lng":135.112814,"prefecture":28,"numbering":["A68"],"lines":[11608],"attr":"eco","postal_code":"654-0055","address":"神戸市須磨区須磨浦通４丁目","voronoi":{"type":"Feature","geometry":{"type":"Polygon","coordinates":[[[135.148193,34.520201],[135.106581,34.639796],[135.114689,34.644006],[135.122527,34.636858],[135.160869,34.528226],[135.148193,34.520201]]]},"properties":{}},"extra":false},
    {"code":1160806,"id":2835,"name":"塩屋(兵庫)","original_name":"塩屋","name_kana":"しおや","closed":false,"lat":34.633507,"lng":135.083361,"prefecture":28,"numbering":["A69"],"lines":[11608],"attr":"eco","postal_code":"655-0872","address":"神戸市垂水区塩屋町","voronoi":{"type":"Feature","geometry":{"type":"Polygon","coordinates":[[[135.081676,34.617363],[135.11103,34.492321],[135.125983,34.504439],[135.086158,34.657148],[135.084651,34.657522],[135.081676,34.617363]]]},"properties":{}},"extra":false},
    {"code":1160807,"id":2836,"name":"垂水","original_name":"垂水","name_kana":"たるみ","closed":false,"lat":34.629252,"lng":135.053872,"prefecture":28,"numbering":["A70"],"lines":[11608],"attr":"eco","postal_code":"655-0027","address":"神戸市垂水区神田町","voronoi":{"type":"Feature","geometry":{"type":"Polygon","coordinates":[[[135.058781,34.635186],[135.058147,34.463015],[135.032902,34.456286],[135.04765,34.622303],[135.058781,34.635186]]]},"properties":{}},"extra":false},
    {"code":1160808,"id":2837,"name":"舞子","original_name":"舞子","name_kana":"まいこ","closed":false,"lat":34.63302,"lng":135.034373,"prefecture":28,"numbering":["A71"],"lines":[11608],"attr":"eco","postal_code":"655-0047","address":"神戸市垂水区東舞子町","voronoi":{"type":"Feature","geometry":{"type":"Polygon","coordinates":[[[134.989011,34.575852],[134.996117,34.59139],[135.001462,34.601636],[135.004986,34.606961],[135.023166,34.626925],[135.040537,34.637584],[134.987507,34.477787],[134.960781,34.4906],[134.979233,34.550055],[134.989011,34.575852]]]},"properties":{}},"extra":false},
    {"code":1160809,"id":2838,"name":"朝霧","original_name":"朝霧","name_kana":"あさぎり","closed":false,"lat":34.644196,"lng":135.017485,"prefecture":28,"numbering":["A72"],"lines":[11608],"attr":"eco","postal_code":"673-0870","address":"兵庫県明石市朝霧南町一丁目238","voronoi":{"type":"Feature","geometry":{"type":"Polygon","coordinates":[[[135.019717,34.671308],[135.001462,34.601636],[135.004986,34.606961],[135.034215,34.663394],[135.019717,34.671308]]]},"properties":{}},"extra":false},
    {"code":1160810,"id":2839,"name":"明石","original_name":"明石","name_kana":"あかし","closed":false,"lat":34.649084,"lng":134.992512,"prefecture":28,"numbering":["A73"],"lines":[11608],"attr":"eco","postal_code":"673-0891","address":"明石市大明石町１丁目","voronoi":{"type":"Feature","geometry":{"type":"Polygon","coordinates":[[[134.998725,34.656056],[134.986229,34.641159],[134.988145,34.680218],[134.992435,34.688469],[135.002493,34.680913],[134.998725,34.656056]]]},"properties":{}},"extra":false},
    {"code":100303,"id":2840,"name":"西明石","original_name":"西明石","name_kana":"にしあかし","closed":false,"lat":34.66591,"lng":134.960151,"prefecture":28,"numbering":["A74"],"lines":[1003,11608],"attr":"heat","postal_code":"673-0005","address":"明石市小久保町２丁目","voronoi":{"type":"Feature","geometry":{"type":"Polygon","coordinates":[[[134.992113,34.689146],[134.975137,34.707257],[134.951517,34.676327],[134.955489,34.656537],[134.975012,34.663568],[134.988145,34.680218],[134.992435,34.688469],[134.992113,34.689146]]]},"properties":{}},"extra":false},
    {"code":1160812,"id":2841,"name":"大久保(兵庫)","original_name":"大久保","name_kana":"おおくぼ","closed":false,"lat":34.681914,"lng":134.939194,"prefecture":28,"numbering":["A75"],"lines":[11608],"attr":"heat","postal_code":"673-0000","address":"明石市大久保町","voronoi":{"type":"Feature","geometry":{"type":"Polygon","coordinates":[[[134.960336,34.736242],[134.954749,34.737441],[134.944212,34.738611],[134.9268,34.698747],[134.929825,34.678541],[134.94632,34.673977],[134.951517,34.676327],[134.975137,34.707257],[134.961319,34.735968],[134.960336,34.736242]]]},"properties":{}},"extra":false},
    {"code":1160813,"id":2842,"name":"魚住","original_name":"魚住","name_kana":"うおずみ","closed":false,"lat":34.696401,"lng":134.906028,"prefecture":28,"numbering":["A76"],"lines":[11608],"attr":"heat","postal_code":"674-0082","address":"明石市魚住町中尾","voronoi":{"type":"Feature","geometry":{"type":"Polygon","coordinates":[[[134.944212,34.738611],[134.943055,34.739148],[134.94137,34.739625],[134.899488,34.709872],[134.896674,34.696997],[134.907104,34.691052],[134.920372,34.693624],[134.9268,34.698747],[134.944212,34.738611]]]},"properties":{}},"extra":false},
    {"code":1160814,"id":2843,"name":"土山","original_name":"土山","name_kana":"つちやま","closed":false,"lat":34.720482,"lng":134.888921,"prefecture":28,"numbering":["A77"],"lines":[11608,99661],"attr":"heat","postal_code":"675-0100","address":"加古郡播磨町野添","voronoi":{"type":"Feature","geometry":{"type":"Polygon","coordinates":[[[134.94137,34.739625],[134.920913,34.75199],[134.907522,34.755223],[134.877806,34.73218],[134.876665,34.72849],[134.878711,34.71762],[134.886603,34.710511],[134.899488,34.709872],[134.94137,34.739625]]]},"properties":{}},"extra":false},
    {"code":1160815,"id":2844,"name":"東加古川","original_name":"東加古川","name_kana":"ひがしかこがわ","closed":false,"lat":34.745857,"lng":134.869244,"prefecture":28,"numbering":["A78"],"lines":[11608],"attr":"heat","postal_code":"675-0101","address":"加古川市平岡町新在家","voronoi":{"type":"Feature","geometry":{"type":"Polygon","coordinates":[[[134.856419,34.746476],[134.855816,34.754485],[134.857565,34.760172],[134.877722,34.767606],[134.896703,34.763559],[134.907522,34.755223],[134.877806,34.73218],[134.859221,34.740042],[134.856419,34.746476]]]},"properties":{}},"extra":false},
    {"code":1160816,"id":2845,"name":"加古川","original_name":"加古川","name_kana":"かこがわ","closed":false,"lat":34.767666,"lng":134.839447,"prefecture":28,"numbering":["A79"],"lines":[11608,11632,10603],"attr":"heat","postal_code":"675-0065","address":"加古川市加古川町篠原町","voronoi":{"type":"Feature","geometry":{"type":"Polygon","coordinates":[[[134.836162,34.792734],[134.820398,34.767621],[134.823334,34.764752],[134.831927,34.761027],[134.855348,34.761786],[134.836162,34.792734]]]},"properties":{}},"extra":false},
    {"code":1160817,"id":2846,"name":"宝殿","original_name":"宝殿","name_kana":"ほうでん","closed":false,"lat":34.784795,"lng":134.812158,"prefecture":28,"numbering":["A80"],"lines":[11608],"attr":"heat","postal_code":"676-0000","address":"高砂市米田町神爪八ノ森","voronoi":{"type":"Feature","geometry":{"type":"Polygon","coordinates":[[[134.819006,34.837491],[134.801697,34.84226],[134.790872,34.788423],[134.802874,34.771323],[134.806863,34.76858],[134.815441,34.766439],[134.820398,34.767621],[134.836162,34.792734],[134.840496,34.824434],[134.826895,34.833634],[134.819006,34.837491]]]},"properties":{}},"extra":false},
    {"code":1160818,"id":2847,"name":"曽根(兵庫)","original_name":"曽根","name_kana":"そね","closed":false,"lat":34.793304,"lng":134.769838,"prefecture":28,"numbering":["A81"],"lines":[11608],"attr":"heat","postal_code":"676-0815","address":"高砂市阿弥陀","voronoi":{"type":"Feature","geometry":{"type":"Polygon","coordinates":[[[134.799381,34.844011],[134.795961,34.845861],[134.756539,34.792625],[134.766853,34.783531],[134.790157,34.787952],[134.790872,34.788423],[134.801697,34.84226],[134.799381,34.844011]]]},"properties":{}},"extra":false},
    {"code":1160819,"id":2848,"name":"ひめじ別所","original_name":"ひめじ別所","name_kana":"ひめじべっしょ","closed":false,"lat":34.805544,"lng":134.753309,"prefecture":28,"numbering":["A82"],"lines":[11608],"attr":"cool","postal_code":"671-0221","address":"姫路市別所町別所字今池１５７１-１","voronoi":{"type":"Feature","geometry":{"type":"Polygon","coordinates":[[[134.782716,34.856399],[134.769252,34.850101],[134.735862,34.797899],[134.750204,34.791604],[134.756539,34.792625],[134.795961,34.845861],[134.782716,34.856399]]]},"properties":{}},"extra":false},
    {"code":1160820,"id":2849,"name":"御着","original_name":"御着","name_kana":"ごちゃく","closed":false,"lat":34.816944,"lng":134.735486,"prefecture":28,"numbering":["A83"],"lines":[11608],"attr":"cool","postal_code":"671-0232","address":"姫路市御国野町御着","voronoi":{"type":"Feature","geometry":{"type":"Polygon","coordinates":[[[134.718817,34.804636],[134.7353,34.797799],[134.735862,34.797899],[134.769252,34.850101],[134.732502,34.84219],[134.730527,34.840969],[134.718817,34.804636]]]},"properties":{}},"extra":false},
    {"code":1160823,"id":9308,"name":"東姫路","original_name":"東姫路","name_kana":"ひがしひめじ","closed":false,"lat":34.824361,"lng":134.712472,"prefecture":28,"numbering":["A84"],"lines":[11608],"attr":"cool","postal_code":"670-0943","address":"姫路市市之郷字高田1046-26","open_date":"2016-03-26","voronoi":{"type":"Feature","geometry":{"type":"Polygon","coordinates":[[[134.718817,34.804636],[134.71794,34.804431],[134.706409,34.806074],[134.699252,34.810424],[134.701361,34.824301],[134.725194,34.840764],[134.730527,34.840969],[134.718817,34.804636]]]},"properties":{}},"extra":false},
    {"code":100304,"id":2850,"name":"姫路","original_name":"姫路","name_kana":"ひめじ","closed":false,"lat":34.827659,"lng":134.690769,"prefecture":28,"numbering":["A85"],"lines":[1003,11608,11609,11633,11635,99660],"attr":"cool","postal_code":"670-0927","address":"姫路市駅前町御殿前","voronoi":{"type":"Feature","geometry":{"type":"Polygon","coordinates":[[[134.701361,34.824301],[134.699252,34.810424],[134.697292,34.810302],[134.686523,34.823235],[134.686598,34.823641],[134.695769,34.835929],[134.701361,34.824301]]]},"properties":{}},"extra":false}
  ],
  "extra":false
}