{
  "code":11601,
  "id":"314055",
  "name":"JR東海道本線(琵琶湖線)(米原～京都)",
  "name_kana":"じぇいあーるとうかいどうほんせん(びわこせん)",
  "name_formal":"JR東海道本線(米原～京都)",
  "station_size":20,
  "company_code":4,
  "closed":false,
  "color":"#0072BC",
  "symbol":"A",
  "station_list":[
    {"code":100215,"id":"85e377","name":"米原","original_name":"米原","name_kana":"まいばら","closed":false,"lat":35.314657,"lng":136.289992,"prefecture":25,"numbering":["A12"],"lines":[1002,11415,11503,11601,99601],"attr":"cool","postal_code":"521-0012","address":"米原市米原","voronoi":{"type":"Feature","geometry":{"type":"Polygon","coordinates":[[[136.242447,35.314922],[136.235158,35.319498],[136.315927,35.328098],[136.323358,35.296594],[136.242447,35.314922]]]},"properties":{}},"extra":false},
    {"code":1160102,"id":"32d58b","name":"彦根","original_name":"彦根","name_kana":"ひこね","closed":false,"lat":35.272216,"lng":136.263347,"prefecture":25,"numbering":["A13"],"lines":[11601,99601],"attr":"cool","postal_code":"522-0007","address":"彦根市古沢町","voronoi":{"type":"Feature","geometry":{"type":"Polygon","coordinates":[[[136.2177,35.326199],[136.154376,35.327122],[136.152896,35.3231],[136.168679,35.310272],[136.22802,35.275405],[136.283715,35.262022],[136.262615,35.295057],[136.242447,35.314922],[136.235158,35.319498],[136.2177,35.326199]]]},"properties":{}},"extra":false},
    {"code":1160103,"id":"fb731f","name":"南彦根","original_name":"南彦根","name_kana":"みなみひこね","closed":false,"lat":35.246097,"lng":136.248,"prefecture":25,"numbering":["A14"],"lines":[11601],"attr":"cool","postal_code":"522-0043","address":"彦根市小泉町","voronoi":{"type":"Feature","geometry":{"type":"Polygon","coordinates":[[[136.245578,35.230118],[136.25747,35.245268],[136.240594,35.265299],[136.22802,35.275405],[136.168679,35.310272],[136.241558,35.23035],[136.245578,35.230118]]]},"properties":{}},"extra":false},
    {"code":1160104,"id":"972179","name":"河瀬","original_name":"河瀬","name_kana":"かわせ","closed":false,"lat":35.225384,"lng":136.225285,"prefecture":25,"numbering":["A15"],"lines":[11601],"attr":"cool","postal_code":"522-0222","address":"彦根市南川瀬町","voronoi":{"type":"Feature","geometry":{"type":"Polygon","coordinates":[[[136.231715,35.212364],[136.241558,35.23035],[136.168679,35.310272],[136.152896,35.3231],[136.145393,35.312206],[136.142707,35.308128],[136.21392,35.208703],[136.231715,35.212364]]]},"properties":{}},"extra":false},
    {"code":1160105,"id":"64fff4","name":"稲枝","original_name":"稲枝","name_kana":"いなえ","closed":false,"lat":35.203312,"lng":136.194469,"prefecture":25,"numbering":["A16"],"lines":[11601],"attr":"cool","postal_code":"521-1125","address":"彦根市稲枝町","voronoi":{"type":"Feature","geometry":{"type":"Polygon","coordinates":[[[136.142707,35.308128],[136.127638,35.291801],[136.11747,35.267943],[136.189835,35.179919],[136.211913,35.195271],[136.21392,35.208703],[136.142707,35.308128]]]},"properties":{}},"extra":false},
    {"code":1160106,"id":"f1fd3b","name":"能登川","original_name":"能登川","name_kana":"のとがわ","closed":false,"lat":35.179897,"lng":136.165987,"prefecture":25,"numbering":["A17"],"lines":[11601],"attr":"cool","postal_code":"521-1224","address":"東近江市林町","voronoi":{"type":"Feature","geometry":{"type":"Polygon","coordinates":[[[136.189835,35.179919],[136.11747,35.267943],[136.084244,35.218027],[136.165506,35.147501],[136.189605,35.17704],[136.189835,35.179919]]]},"properties":{}},"extra":false},
    {"code":1160107,"id":"d75d1a","name":"安土","original_name":"安土","name_kana":"あづち","closed":false,"lat":35.142465,"lng":136.1335,"prefecture":25,"numbering":["A18"],"lines":[11601],"attr":"cool","postal_code":"521-1341","address":"滋賀県近江八幡市安土町上豊浦","voronoi":{"type":"Feature","geometry":{"type":"Polygon","coordinates":[[[136.143047,35.127564],[136.164565,35.136317],[136.16571,35.146417],[136.165506,35.147501],[136.084244,35.218027],[136.070783,35.206569],[136.119826,35.129929],[136.143047,35.127564]]]},"properties":{}},"extra":false},
    {"code":1160108,"id":"fd5319","name":"近江八幡","original_name":"近江八幡","name_kana":"おうみはちまん","closed":false,"lat":35.122765,"lng":136.102715,"prefecture":25,"numbering":["A19"],"lines":[11601,99603],"attr":"cool","postal_code":"523-0891","address":"近江八幡市鷹飼町","voronoi":{"type":"Feature","geometry":{"type":"Polygon","coordinates":[[[136.107115,35.084748],[136.034098,35.180926],[136.038968,35.187762],[136.05786,35.19951],[136.070783,35.206569],[136.119826,35.129929],[136.107115,35.084748]]]},"properties":{}},"extra":false},
    {"code":1160109,"id":"3e3e8f","name":"篠原(滋賀)","original_name":"篠原","name_kana":"しのはら","closed":false,"lat":35.099203,"lng":136.071679,"prefecture":25,"numbering":["A20"],"lines":[11601],"attr":"cool","postal_code":"523-0046","address":"近江八幡市上野町","voronoi":{"type":"Feature","geometry":{"type":"Polygon","coordinates":[[[136.005522,35.150464],[136.005741,35.151286],[136.008475,35.157831],[136.034098,35.180926],[136.107115,35.084748],[136.115271,35.054073],[136.092235,35.051576],[136.063043,35.058278],[136.005522,35.150464]]]},"properties":{}},"extra":false},
    {"code":1160110,"id":"ffe5b8","name":"野洲","original_name":"野洲","name_kana":"やす","closed":false,"lat":35.068509,"lng":136.022487,"prefecture":25,"numbering":["A21"],"lines":[11601],"attr":"eco","postal_code":"520-2331","address":"野洲市小篠原","voronoi":{"type":"Feature","geometry":{"type":"Polygon","coordinates":[[[136.028843,35.037771],[136.021063,35.042166],[135.976557,35.10758],[135.985013,35.121346],[136.005522,35.150464],[136.063043,35.058278],[136.028843,35.037771]]]},"properties":{}},"extra":false},
    {"code":1160111,"id":"45ad6f","name":"守山(滋賀)","original_name":"守山","name_kana":"もりやま","closed":false,"lat":35.050513,"lng":135.996037,"prefecture":25,"numbering":["A22"],"lines":[11601],"attr":"eco","postal_code":"524-0037","address":"守山市梅田町","voronoi":{"type":"Feature","geometry":{"type":"Polygon","coordinates":[[[135.992749,35.038255],[135.955346,35.083928],[135.967782,35.099382],[135.976557,35.10758],[136.021063,35.042166],[135.992749,35.038255]]]},"properties":{}},"extra":false},
    {"code":1160112,"id":"896004","name":"栗東","original_name":"栗東","name_kana":"りっとう","closed":false,"lat":35.037448,"lng":135.980083,"prefecture":25,"numbering":["A23"],"lines":[11601],"attr":"eco","postal_code":"520-3031","address":"栗東市綣字新改","voronoi":{"type":"Feature","geometry":{"type":"Polygon","coordinates":[[[135.955346,35.083928],[135.945209,35.075457],[135.940203,35.067412],[135.981896,35.017675],[135.992749,35.038255],[135.955346,35.083928]]]},"properties":{}},"extra":false},
    {"code":1151111,"id":"011774","name":"草津(滋賀)","original_name":"草津","name_kana":"くさつ","closed":false,"lat":35.022913,"lng":135.962744,"prefecture":25,"numbering":["A24"],"lines":[11511,11601],"attr":"heat","postal_code":"525-0026","address":"草津市渋川１丁目","voronoi":{"type":"Feature","geometry":{"type":"Polygon","coordinates":[[[135.981896,35.017675],[135.940203,35.067412],[135.921921,35.049129],[135.918962,35.042513],[135.985393,34.988896],[135.981896,35.017675]]]},"properties":{}},"extra":false},
    {"code":1160114,"id":"dd72aa","name":"南草津","original_name":"南草津","name_kana":"みなみくさつ","closed":false,"lat":35.003855,"lng":135.947362,"prefecture":25,"numbering":["A25"],"lines":[11601],"attr":"eco","postal_code":"525-0059","address":"草津市野路町池之尻","voronoi":{"type":"Feature","geometry":{"type":"Polygon","coordinates":[[[135.914736,35.023944],[135.913082,35.035223],[135.918962,35.042513],[135.985393,34.988896],[136.005837,34.943752],[135.997934,34.934733],[135.989182,34.926862],[135.914736,35.023944]]]},"properties":{}},"extra":false},
    {"code":1160115,"id":"ba479c","name":"瀬田(滋賀)","original_name":"瀬田","name_kana":"せた","closed":false,"lat":34.987223,"lng":135.925673,"prefecture":25,"numbering":["A26"],"lines":[11601],"attr":"heat","postal_code":"520-2144","address":"大津市大萱１丁目","voronoi":{"type":"Feature","geometry":{"type":"Polygon","coordinates":[[[135.975443,34.909935],[135.919668,34.971543],[135.913523,34.981566],[135.910347,34.992557],[135.91081,35.006316],[135.914736,35.023944],[135.989182,34.926862],[135.975443,34.909935]]]},"properties":{}},"extra":false},
    {"code":1160116,"id":"c328a7","name":"石山","original_name":"石山","name_kana":"いしやま","closed":false,"lat":34.97987,"lng":135.900228,"prefecture":25,"numbering":["A27"],"lines":[11601],"attr":"heat","postal_code":"520-0832","address":"大津市粟津町","voronoi":{"type":"Feature","geometry":{"type":"Polygon","coordinates":[[[135.898638,34.983006],[135.905184,34.989156],[135.910347,34.992557],[135.913523,34.981566],[135.901264,34.976447],[135.898638,34.983006]]]},"properties":{}},"extra":false},
    {"code":1160117,"id":"e5d340","name":"膳所","original_name":"膳所","name_kana":"ぜぜ","closed":false,"lat":34.999373,"lng":135.880539,"prefecture":25,"numbering":["A28"],"lines":[11601,99657],"attr":"heat","postal_code":"520-0802","address":"大津市馬場２丁目","voronoi":{"type":"Feature","geometry":{"type":"Polygon","coordinates":[[[135.869308,34.986773],[135.871385,34.99588],[135.877602,35.001613],[135.882964,34.998109],[135.878548,34.985475],[135.871395,34.976254],[135.869308,34.986773]]]},"properties":{}},"extra":false},
    {"code":1160118,"id":"c80076","name":"大津","original_name":"大津","name_kana":"おおつ","closed":false,"lat":35.002997,"lng":135.864651,"prefecture":25,"numbering":["A29"],"lines":[11601],"attr":"heat","postal_code":"520-0055","address":"大津市春日町","voronoi":{"type":"Feature","geometry":{"type":"Polygon","coordinates":[[[135.859626,34.998274],[135.863851,35.007102],[135.866332,35.007303],[135.870453,35.001798],[135.871385,34.99588],[135.869308,34.986773],[135.859626,34.998274]]]},"properties":{}},"extra":false},
    {"code":1160119,"id":"a4984d","name":"山科","original_name":"山科","name_kana":"やましな","closed":false,"lat":34.992636,"lng":135.816647,"prefecture":26,"numbering":["A30"],"lines":[11601,11605,99611],"attr":"heat","postal_code":"607-8009","address":"京都市山科区安朱北屋敷町","voronoi":{"type":"Feature","geometry":{"type":"Polygon","coordinates":[[[135.819835,35.028467],[135.820904,35.02729],[135.823482,35.023961],[135.820445,34.993504],[135.808014,34.989589],[135.815318,35.020718],[135.819835,35.028467]]]},"properties":{}},"extra":false},
    {"code":100216,"id":"deedbe","name":"京都","original_name":"京都","name_kana":"きょうと","closed":false,"lat":34.985465,"lng":135.757748,"prefecture":26,"numbering":["A31"],"lines":[1002,11601,11602,11605,11614,11618,31025,99610],"attr":"heat","postal_code":"600-8216","address":"京都市下京区烏丸通塩小路下ル東塩小路町","voronoi":{"type":"Feature","geometry":{"type":"Polygon","coordinates":[[[135.761906,34.989727],[135.751517,34.991785],[135.750463,34.987145],[135.756369,34.981564],[135.763899,34.983817],[135.764023,34.984183],[135.761906,34.989727]]]},"properties":{}},"extra":false}
  ],
  "extra":false
}