{
  "code":11612,
  "id":"d24f07",
  "name":"JR山陽本線(岩国～門司)",
  "name_kana":"じぇいあーるさんようほんせん",
  "station_size":37,
  "company_code":4,
  "closed":false,
  "station_list":[
    {"code":1161128,"id":"226bd7","name":"岩国","original_name":"岩国","name_kana":"いわくに","closed":false,"lat":34.171828,"lng":132.225631,"prefecture":35,"lines":[11611,11612,11724],"attr":"eco","postal_code":"740-0018","address":"岩国市麻里布町１丁目","voronoi":{"type":"Feature","geometry":{"type":"Polygon","coordinates":[[[132.385658,34.173209],[132.375005,34.178487],[132.204207,34.189453],[132.214616,34.154184],[132.315696,34.099977],[132.328876,34.097347],[132.412034,34.089577],[132.385658,34.173209]]]},"properties":{}},"extra":false},
    {"code":1161202,"id":"fb8dd6","name":"南岩国","original_name":"南岩国","name_kana":"みなみいわくに","closed":false,"lat":34.135246,"lng":132.206013,"prefecture":35,"lines":[11612],"attr":"eco","postal_code":"740-0034","address":"岩国市南岩国町１丁目","voronoi":{"type":"Feature","geometry":{"type":"Polygon","coordinates":[[[132.191466,34.145659],[132.18065,34.131135],[132.272403,34.100664],[132.315696,34.099977],[132.214616,34.154184],[132.191466,34.145659]]]},"properties":{}},"extra":false},
    {"code":1161203,"id":"1a668a","name":"藤生","original_name":"藤生","name_kana":"ふじゅう","closed":false,"lat":34.112668,"lng":132.198515,"prefecture":35,"lines":[11612],"attr":"eco","postal_code":"740-0036","address":"岩国市藤生町１丁目","voronoi":{"type":"Feature","geometry":{"type":"Polygon","coordinates":[[[132.152323,34.083287],[132.151492,34.092998],[132.177519,34.129624],[132.18065,34.131135],[132.272403,34.100664],[132.152323,34.083287]]]},"properties":{}},"extra":false},
    {"code":1161204,"id":"8711f9","name":"通津","original_name":"通津","name_kana":"つづ","closed":false,"lat":34.068207,"lng":132.204949,"prefecture":35,"lines":[11612],"attr":"eco","postal_code":"740-0044","address":"岩国市通津","voronoi":{"type":"Feature","geometry":{"type":"Polygon","coordinates":[[[132.140703,34.031885],[132.138664,34.033196],[132.135736,34.036022],[132.152323,34.083287],[132.272403,34.100664],[132.315696,34.099977],[132.328876,34.097347],[132.140703,34.031885]]]},"properties":{}},"extra":false},
    {"code":1161205,"id":"2fee4a","name":"由宇","original_name":"由宇","name_kana":"ゆう","closed":false,"lat":34.043279,"lng":132.213621,"prefecture":35,"lines":[11612],"attr":"eco","postal_code":"740-1488","address":"岩国市由宇町字浜沖","voronoi":{"type":"Feature","geometry":{"type":"Polygon","coordinates":[[[132.469598,33.999103],[132.419757,34.078523],[132.414778,34.085798],[132.412034,34.089577],[132.328876,34.097347],[132.140703,34.031885],[132.145564,34.027346],[132.468783,33.996609],[132.469598,33.999103]]]},"properties":{}},"extra":false},
    {"code":1161206,"id":"cf517c","name":"神代(山口)","original_name":"神代","name_kana":"こうじろ","closed":false,"lat":33.998871,"lng":132.209398,"prefecture":35,"lines":[11612],"attr":"eco","postal_code":"740-1432","address":"岩国市由宇町神東","voronoi":{"type":"Feature","geometry":{"type":"Polygon","coordinates":[[[132.441854,33.881674],[132.468783,33.996609],[132.145564,34.027346],[132.151545,34.016265],[132.381096,33.830931],[132.400972,33.845309],[132.441854,33.881674]]]},"properties":{}},"extra":false},
    {"code":1161207,"id":"3bdc16","name":"大畠","original_name":"大畠","name_kana":"おおばたけ","closed":false,"lat":33.963377,"lng":132.180741,"prefecture":35,"lines":[11612],"attr":"eco","postal_code":"749-0102","address":"柳井市大畠鍋網代","voronoi":{"type":"Feature","geometry":{"type":"Polygon","coordinates":[[[132.151545,34.016265],[132.381096,33.830931],[132.189791,33.662687],[132.151545,34.016265]]]},"properties":{}},"extra":false},
    {"code":1161208,"id":"0556d6","name":"柳井港","original_name":"柳井港","name_kana":"やないみなと","closed":false,"lat":33.958357,"lng":132.134333,"prefecture":35,"lines":[11612],"attr":"eco","postal_code":"742-0021","address":"柳井市大字柳井","voronoi":{"type":"Feature","geometry":{"type":"Polygon","coordinates":[[[132.087473,33.608932],[132.100046,33.596432],[132.161255,33.633363],[132.189791,33.662687],[132.151545,34.016265],[132.145564,34.027346],[132.140703,34.031885],[132.138664,34.033196],[132.088624,33.840768],[132.087473,33.608932]]]},"properties":{}},"extra":false},
    {"code":1161209,"id":"87a48c","name":"柳井","original_name":"柳井","name_kana":"やない","closed":false,"lat":33.965728,"lng":132.105988,"prefecture":35,"lines":[11612],"attr":"eco","postal_code":"742-0032","address":"柳井市大字古開作","voronoi":{"type":"Feature","geometry":{"type":"Polygon","coordinates":[[[132.138664,34.033196],[132.088624,33.840768],[132.068077,34.024492],[132.075512,34.028087],[132.115599,34.035416],[132.135736,34.036022],[132.138664,34.033196]]]},"properties":{}},"extra":false},
    {"code":1161210,"id":"33ad8f","name":"田布施","original_name":"田布施","name_kana":"たぶせ","closed":false,"lat":33.958805,"lng":132.044084,"prefecture":35,"lines":[11612],"attr":"eco","postal_code":"742-1502","address":"熊毛郡田布施町大字波野","voronoi":{"type":"Feature","geometry":{"type":"Polygon","coordinates":[[[132.087473,33.608932],[131.949873,33.714432],[131.966552,33.856589],[132.043017,34.020112],[132.060623,34.024576],[132.068077,34.024492],[132.088624,33.840768],[132.087473,33.608932]]]},"properties":{}},"extra":false},
    {"code":1161211,"id":"ce7c7c","name":"岩田","original_name":"岩田","name_kana":"いわた","closed":false,"lat":33.981624,"lng":131.995285,"prefecture":35,"lines":[11612],"attr":"eco","postal_code":"743-0103","address":"光市岩田","voronoi":{"type":"Feature","geometry":{"type":"Polygon","coordinates":[[[132.043017,34.020112],[131.966552,33.856589],[131.960663,33.918558],[131.986635,34.01925],[132.011453,34.026724],[132.043017,34.020112]]]},"properties":{}},"extra":false},
    {"code":1161212,"id":"dbebbb","name":"島田(山口)","original_name":"島田","name_kana":"しまた","closed":false,"lat":33.990502,"lng":131.960865,"prefecture":35,"lines":[11612],"attr":"eco","postal_code":"743-0063","address":"光市大字島田","voronoi":{"type":"Feature","geometry":{"type":"Polygon","coordinates":[[[131.931411,34.00012],[131.960663,33.918558],[131.986635,34.01925],[131.983804,34.019782],[131.955491,34.015997],[131.931411,34.00012]]]},"properties":{}},"extra":false},
    {"code":1161213,"id":"287390","name":"光","original_name":"光","name_kana":"ひかり","closed":false,"lat":33.973975,"lng":131.914784,"prefecture":35,"lines":[11612],"attr":"eco","postal_code":"743-0022","address":"光市虹ケ浜３丁目","voronoi":{"type":"Feature","geometry":{"type":"Polygon","coordinates":[[[131.748546,33.800251],[131.899989,34.002969],[131.930216,34.000526],[131.931411,34.00012],[131.960663,33.918558],[131.966552,33.856589],[131.949873,33.714432],[131.748546,33.800251]]]},"properties":{}},"extra":false},
    {"code":1161214,"id":"e8a6a2","name":"下松(山口)","original_name":"下松","name_kana":"くだまつ","closed":false,"lat":34.008933,"lng":131.86799,"prefecture":35,"lines":[11612],"attr":"eco","postal_code":"744-0011","address":"下松市大字西豊井","voronoi":{"type":"Feature","geometry":{"type":"Polygon","coordinates":[[[131.877033,34.022657],[131.898366,34.007072],[131.899989,34.002969],[131.748546,33.800251],[131.727385,33.806363],[131.84968,34.021986],[131.877033,34.022657]]]},"properties":{}},"extra":false},
    {"code":1161215,"id":"b29405","name":"櫛ヶ浜","original_name":"櫛ヶ浜","name_kana":"くしがはま","closed":false,"lat":34.031002,"lng":131.829079,"prefecture":35,"lines":[11612,11724],"attr":"eco","postal_code":"745-0801","address":"山口県周南市大字久米字院内3975-1","voronoi":{"type":"Feature","geometry":{"type":"Polygon","coordinates":[[[131.727385,33.806363],[131.712815,33.80917],[131.722746,33.916982],[131.728682,33.930072],[131.842805,34.075434],[131.84968,34.021986],[131.727385,33.806363]]]},"properties":{}},"extra":false},
    {"code":100314,"id":"7061fa","name":"徳山","original_name":"徳山","name_kana":"とくやま","closed":false,"lat":34.051555,"lng":131.8029,"prefecture":35,"lines":[1003,11612,11724],"attr":"eco","postal_code":"745-0034","address":"周南市御幸通り２丁目","voronoi":{"type":"Feature","geometry":{"type":"Polygon","coordinates":[[[131.865957,34.170853],[131.842805,34.075434],[131.728682,33.930072],[131.747373,33.988707],[131.851765,34.181542],[131.865804,34.171003],[131.865957,34.170853]]]},"properties":{}},"extra":false},
    {"code":1161217,"id":"5ebcb7","name":"新南陽","original_name":"新南陽","name_kana":"しんなんよう","closed":false,"lat":34.069561,"lng":131.769639,"prefecture":35,"lines":[11612],"attr":"eco","postal_code":"746-0015","address":"周南市清水２丁目","voronoi":{"type":"Feature","geometry":{"type":"Polygon","coordinates":[[[131.762824,34.178744],[131.747373,33.988707],[131.851765,34.181542],[131.808964,34.22393],[131.762824,34.178744]]]},"properties":{}},"extra":false},
    {"code":1161218,"id":"f995a6","name":"福川","original_name":"福川","name_kana":"ふくがわ","closed":false,"lat":34.072096,"lng":131.73846,"prefecture":35,"lines":[11612],"attr":"eco","postal_code":"746-0041","address":"周南市社地町","voronoi":{"type":"Feature","geometry":{"type":"Polygon","coordinates":[[[131.719756,33.929585],[131.722531,34.149275],[131.762824,34.178744],[131.747373,33.988707],[131.728682,33.930072],[131.722746,33.916982],[131.719756,33.929585]]]},"properties":{}},"extra":false},
    {"code":1161219,"id":"3fa158","name":"戸田(山口)","original_name":"戸田","name_kana":"へた","closed":false,"lat":34.072523,"lng":131.704657,"prefecture":35,"lines":[11612],"attr":"eco","postal_code":"746-0084","address":"周南市夜市","voronoi":{"type":"Feature","geometry":{"type":"Polygon","coordinates":[[[131.674443,34.121164],[131.680876,34.127256],[131.683629,34.129278],[131.693113,34.135434],[131.699539,34.139136],[131.722531,34.149275],[131.719756,33.929585],[131.657785,34.098932],[131.660782,34.10497],[131.66352,34.109347],[131.674443,34.121164]]]},"properties":{}},"extra":false},
    {"code":1161220,"id":"5fd20e","name":"富海","original_name":"富海","name_kana":"とのみ","closed":false,"lat":34.048507,"lng":131.639029,"prefecture":35,"lines":[11612],"attr":"cool","postal_code":"747-1111","address":"防府市大字富海","voronoi":{"type":"Feature","geometry":{"type":"Polygon","coordinates":[[[131.584791,33.784031],[131.604146,34.053918],[131.612161,34.070922],[131.633607,34.088621],[131.657785,34.098932],[131.719756,33.929585],[131.722746,33.916982],[131.712815,33.80917],[131.586237,33.783439],[131.584791,33.784031]]]},"properties":{}},"extra":false},
    {"code":1161221,"id":"a2cbc3","name":"防府","original_name":"防府","name_kana":"ほうふ","closed":false,"lat":34.05354,"lng":131.568848,"prefecture":35,"lines":[11612,99728],"attr":"cool","postal_code":"747-0036","address":"防府市戎町１丁目","voronoi":{"type":"Feature","geometry":{"type":"Polygon","coordinates":[[[131.573148,34.065522],[131.528673,34.030274],[131.529378,33.798646],[131.584791,33.784031],[131.604146,34.053918],[131.573148,34.065522]]]},"properties":{}},"extra":false},
    {"code":1161222,"id":"764abb","name":"大道","original_name":"大道","name_kana":"だいどう","closed":false,"lat":34.053295,"lng":131.488358,"prefecture":35,"lines":[11612],"attr":"cool","postal_code":"747-1232","address":"防府市大字台道","voronoi":{"type":"Feature","geometry":{"type":"Polygon","coordinates":[[[131.516024,34.114951],[131.502827,34.114137],[131.498706,34.113043],[131.431915,34.011535],[131.432361,34.003259],[131.433749,33.997305],[131.445619,33.960747],[131.470212,33.906455],[131.529242,33.79866],[131.529378,33.798646],[131.528673,34.030274],[131.516024,34.114951]]]},"properties":{}},"extra":false},
    {"code":1161223,"id":"b35c78","name":"四辻","original_name":"四辻","name_kana":"よつつじ","closed":false,"lat":34.079896,"lng":131.44793,"prefecture":35,"lines":[11612],"attr":"cool","postal_code":"747-1221","address":"山口市大字鋳銭司","voronoi":{"type":"Feature","geometry":{"type":"Polygon","coordinates":[[[131.421251,34.082733],[131.415008,34.058733],[131.415948,34.048713],[131.431915,34.011535],[131.498706,34.113043],[131.478926,34.116054],[131.448379,34.11532],[131.44812,34.115263],[131.430968,34.103878],[131.421251,34.082733]]]},"properties":{}},"extra":false},
    {"code":100315,"id":"4b4a14","name":"新山口","original_name":"新山口","name_kana":"しんやまぐち","closed":false,"lat":34.093255,"lng":131.39657,"prefecture":35,"lines":[1003,11612,11708,11721],"attr":"cool","postal_code":"754-0002","address":"山口市小郡下郷","voronoi":{"type":"Feature","geometry":{"type":"Polygon","coordinates":[[[131.38137,34.108822],[131.351872,34.115494],[131.415008,34.058733],[131.421251,34.082733],[131.38137,34.108822]]]},"properties":{}},"extra":false},
    {"code":1161225,"id":"3d3872","name":"嘉川","original_name":"嘉川","name_kana":"かがわ","closed":false,"lat":34.066211,"lng":131.370068,"prefecture":35,"lines":[11612],"attr":"cool","postal_code":"754-0897","address":"山口市嘉川","voronoi":{"type":"Feature","geometry":{"type":"Polygon","coordinates":[[[131.31729,34.082421],[131.316455,34.080325],[131.348967,34.055193],[131.384625,34.057503],[131.339075,34.112308],[131.31764,34.083016],[131.31729,34.082421]]]},"properties":{}},"extra":false},
    {"code":1161226,"id":"adc67f","name":"本由良","original_name":"本由良","name_kana":"ほんゆら","closed":false,"lat":34.031997,"lng":131.343621,"prefecture":35,"lines":[11612],"attr":"cool","postal_code":"754-0894","address":"山口市大字佐山","voronoi":{"type":"Feature","geometry":{"type":"Polygon","coordinates":[[[131.347634,34.019741],[131.330442,34.009292],[131.303165,34.006559],[131.308991,34.072369],[131.30973,34.073521],[131.316455,34.080325],[131.348967,34.055193],[131.351032,34.05138],[131.353907,34.031657],[131.347634,34.019741]]]},"properties":{}},"extra":false},
    {"code":1161227,"id":"319aa4","name":"厚東","original_name":"厚東","name_kana":"ことう","closed":false,"lat":34.038709,"lng":131.267807,"prefecture":35,"lines":[11612],"attr":"cool","postal_code":"759-0122","address":"宇部市大字吉見字宮の下","voronoi":{"type":"Feature","geometry":{"type":"Polygon","coordinates":[[[131.26567,33.995209],[131.263322,33.996866],[131.244142,34.021647],[131.244987,34.032394],[131.251249,34.049154],[131.255928,34.055663],[131.258532,34.057748],[131.280805,34.066564],[131.308991,34.072369],[131.303165,34.006559],[131.301296,34.003509],[131.29901,34.001208],[131.278737,33.992318],[131.269581,33.993975],[131.26567,33.995209]]]},"properties":{}},"extra":false},
    {"code":1161228,"id":"2d52df","name":"宇部","original_name":"宇部","name_kana":"うべ","closed":false,"lat":34.003017,"lng":131.221691,"prefecture":35,"lines":[11612,11721,99727],"attr":"cool","postal_code":"759-0207","address":"宇部市大字際波","voronoi":{"type":"Feature","geometry":{"type":"Polygon","coordinates":[[[131.244142,34.021647],[131.263322,33.996866],[131.20895,33.988591],[131.203901,33.991514],[131.202721,33.998562],[131.202869,33.999663],[131.219564,34.018045],[131.227908,34.022369],[131.244142,34.021647]]]},"properties":{}},"extra":false},
    {"code":1161229,"id":"bc6384","name":"小野田","original_name":"小野田","name_kana":"おのだ","closed":false,"lat":34.007877,"lng":131.185605,"prefecture":35,"lines":[11612,11723],"attr":"cool","postal_code":"756-0088","address":"山陽小野田市東高泊","voronoi":{"type":"Feature","geometry":{"type":"Polygon","coordinates":[[[131.138758,34.011437],[131.202721,33.998562],[131.202869,33.999663],[131.183463,34.033303],[131.181474,34.035517],[131.138758,34.011437]]]},"properties":{}},"extra":false},
    {"code":100316,"id":"1bd787","name":"厚狭","original_name":"厚狭","name_kana":"あさ","closed":false,"lat":34.053361,"lng":131.159965,"prefecture":35,"lines":[1003,11612,11722],"attr":"cool","postal_code":"757-0001","address":"山陽小野田市厚狭","voronoi":{"type":"Feature","geometry":{"type":"Polygon","coordinates":[[[131.121738,34.080546],[131.125907,34.007777],[131.138748,34.011433],[131.138758,34.011437],[131.181474,34.035517],[131.193458,34.05887],[131.135098,34.081709],[131.121738,34.080546]]]},"properties":{}},"extra":false},
    {"code":1161231,"id":"b45983","name":"埴生","original_name":"埴生","name_kana":"はぶ","closed":false,"lat":34.049173,"lng":131.086865,"prefecture":35,"lines":[11612],"attr":"heat","postal_code":"757-0012","address":"山陽小野田市埴生","voronoi":{"type":"Feature","geometry":{"type":"Polygon","coordinates":[[[131.097178,33.97189],[131.089391,33.962982],[131.072319,33.94913],[131.047303,34.022197],[131.063607,34.069044],[131.106683,34.096314],[131.121738,34.080546],[131.125907,34.007777],[131.123463,34.004162],[131.097178,33.97189]]]},"properties":{}},"extra":false},
    {"code":1161232,"id":"518916","name":"小月","original_name":"小月","name_kana":"おづき","closed":false,"lat":34.067907,"lng":131.033038,"prefecture":35,"lines":[11612,99729],"attr":"heat","postal_code":"750-1143","address":"下関市小月駅前１丁目","voronoi":{"type":"Feature","geometry":{"type":"Polygon","coordinates":[[[131.063607,34.069044],[131.047303,34.022197],[130.971342,34.074557],[130.968755,34.089177],[130.968775,34.09042],[130.973099,34.099119],[130.991976,34.098201],[131.029618,34.094051],[131.063607,34.069044]]]},"properties":{}},"extra":false},
    {"code":1161233,"id":"3249be","name":"長府","original_name":"長府","name_kana":"ちょうふ","closed":false,"lat":34.019264,"lng":130.999508,"prefecture":35,"lines":[11612],"attr":"heat","postal_code":"752-0933","address":"下関市長府松小田本町","voronoi":{"type":"Feature","geometry":{"type":"Polygon","coordinates":[[[131.070087,33.944061],[131.072319,33.94913],[131.047303,34.022197],[130.971342,34.074557],[130.963545,34.05111],[130.979087,33.992326],[131.047963,33.95455],[131.070087,33.944061]]]},"properties":{}},"extra":false},
    {"code":100317,"id":"78a2be","name":"新下関","original_name":"新下関","name_kana":"しんしものせき","closed":false,"lat":34.005651,"lng":130.948021,"prefecture":35,"lines":[1003,11612],"attr":"heat","postal_code":"751-0872","address":"下関市秋根南町１丁目","voronoi":{"type":"Feature","geometry":{"type":"Polygon","coordinates":[[[130.963545,34.05111],[130.945854,34.037316],[130.943443,34.03339],[130.936727,34.012424],[130.938282,33.993104],[130.952476,33.980903],[130.979087,33.992326],[130.963545,34.05111]]]},"properties":{}},"extra":false},
    {"code":1161235,"id":"098f19","name":"幡生","original_name":"幡生","name_kana":"はたぶ","closed":false,"lat":33.981592,"lng":130.92734,"prefecture":35,"lines":[11612,11702],"attr":"heat","postal_code":"751-0829","address":"下関市幡生宮の下町","voronoi":{"type":"Feature","geometry":{"type":"Polygon","coordinates":[[[130.938282,33.993104],[130.952476,33.980903],[130.947132,33.970707],[130.942206,33.963609],[130.850995,33.976151],[130.843758,33.983929],[130.87286,33.991119],[130.938282,33.993104]]]},"properties":{}},"extra":false},
    {"code":1161236,"id":"fc3cbd","name":"下関","original_name":"下関","name_kana":"しものせき","closed":false,"lat":33.950306,"lng":130.923038,"prefecture":35,"lines":[11612,11702,11902],"attr":"heat","postal_code":"750-0025","address":"下関市大字竹崎町４丁目","voronoi":{"type":"Feature","geometry":{"type":"Polygon","coordinates":[[[130.942206,33.963609],[130.850995,33.976151],[130.854141,33.97092],[130.868582,33.949472],[130.881301,33.933177],[130.887188,33.928483],[130.887632,33.928201],[130.907217,33.922568],[130.907328,33.92258],[130.907693,33.922662],[130.924191,33.93026],[130.925534,33.931406],[130.933909,33.940216],[130.937842,33.945641],[130.943109,33.957046],[130.942206,33.963609]]]},"properties":{}},"extra":false},
    {"code":1161237,"id":"9834f5","name":"門司","original_name":"門司","name_kana":"もじ","closed":false,"lat":33.904309,"lng":130.933438,"prefecture":40,"lines":[11612,11902,11906],"attr":"heat","postal_code":"800-0039","address":"北九州市門司区中町","voronoi":{"type":"Feature","geometry":{"type":"Polygon","coordinates":[[[130.907328,33.92258],[130.930542,33.90175],[130.935216,33.905249],[130.926999,33.913523],[130.9218,33.916529],[130.907693,33.922662],[130.907328,33.92258]]]},"properties":{}},"extra":false}
  ],
  "extra":false
}