{
  "code":11614,
  "id":"1e4dc2",
  "name":"JR山陰本線(嵯峨野線)(京都～園部)",
  "name_kana":"じぇいあーるさんいんほんせん(さがのせん)",
  "name_formal":"JR山陰本線(京都～園部)",
  "station_size":16,
  "company_code":4,
  "closed":false,
  "color":"#878DDC",
  "symbol":"E",
  "station_list":[
    {"code":100216,"id":"deedbe","name":"京都","original_name":"京都","name_kana":"きょうと","closed":false,"lat":34.985465,"lng":135.757748,"prefecture":26,"numbering":["E01"],"lines":[1002,11601,11602,11605,11614,11618,31025,99610],"attr":"heat","postal_code":"600-8216","address":"京都市下京区烏丸通塩小路下ル東塩小路町","voronoi":{"type":"Feature","geometry":{"type":"Polygon","coordinates":[[[135.761906,34.989727],[135.751517,34.991785],[135.750463,34.987145],[135.756369,34.981564],[135.763899,34.983817],[135.764023,34.984183],[135.761906,34.989727]]]},"properties":{}},"extra":false},
    {"code":1161416,"id":"d9614a","name":"梅小路京都西","original_name":"梅小路京都西","name_kana":"うめこうじきょうとにし","closed":false,"lat":34.988778,"lng":135.743167,"prefecture":26,"numbering":["E02"],"lines":[11614],"attr":"heat","postal_code":"600-8835","address":"京都市下京区観喜寺町3番地","open_date":"2019-03-16","voronoi":{"type":"Feature","geometry":{"type":"Polygon","coordinates":[[[135.733524,34.990749],[135.742,34.97813],[135.750463,34.987145],[135.751517,34.991785],[135.751072,34.99292],[135.733524,34.990749]]]},"properties":{}},"extra":false},
    {"code":1161402,"id":"c6e219","name":"丹波口","original_name":"丹波口","name_kana":"たんばぐち","closed":false,"lat":34.99501,"lng":135.742396,"prefecture":26,"numbering":["E03"],"lines":[11614],"attr":"heat","postal_code":"600-8813","address":"京都市下京区中堂寺南町","voronoi":{"type":"Feature","geometry":{"type":"Polygon","coordinates":[[[135.740404,35.002761],[135.731412,34.99237],[135.733524,34.990749],[135.751072,34.99292],[135.751044,34.994958],[135.740404,35.002761]]]},"properties":{}},"extra":false},
    {"code":1161403,"id":"b86917","name":"二条","original_name":"二条","name_kana":"にじょう","closed":false,"lat":35.010978,"lng":135.741701,"prefecture":26,"numbering":["E04"],"lines":[11614,99611],"attr":"heat","postal_code":"604-8415","address":"京都市中京区西ノ京栂尾町","voronoi":{"type":"Feature","geometry":{"type":"Polygon","coordinates":[[[135.744772,35.006847],[135.740413,35.0031],[135.738306,35.005749],[135.736441,35.01128],[135.736443,35.015007],[135.741235,35.022471],[135.744699,35.02476],[135.746403,35.008403],[135.744772,35.006847]]]},"properties":{}},"extra":false},
    {"code":1161404,"id":"599b55","name":"円町","original_name":"円町","name_kana":"えんまち","closed":false,"lat":35.01811,"lng":135.730591,"prefecture":26,"numbering":["E05"],"lines":[11614],"attr":"heat","postal_code":"604-8463","address":"京都市中京区西ノ京円町４２番地１","voronoi":{"type":"Feature","geometry":{"type":"Polygon","coordinates":[[[135.736443,35.015007],[135.725703,35.014117],[135.724089,35.015342],[135.724371,35.020995],[135.727039,35.02286],[135.741235,35.022471],[135.736443,35.015007]]]},"properties":{}},"extra":false},
    {"code":1161405,"id":"07b55b","name":"花園(京都)","original_name":"花園","name_kana":"はなぞの","closed":false,"lat":35.018743,"lng":135.717895,"prefecture":26,"numbering":["E06"],"lines":[11614],"attr":"heat","postal_code":"616-8043","address":"京都市右京区花園寺ノ内町","voronoi":{"type":"Feature","geometry":{"type":"Polygon","coordinates":[[[135.721119,35.013837],[135.715821,35.015047],[135.712273,35.017589],[135.711329,35.019333],[135.711425,35.020147],[135.711502,35.020338],[135.716015,35.022574],[135.721791,35.022485],[135.722455,35.02224],[135.724371,35.020995],[135.724089,35.015342],[135.721119,35.013837]]]},"properties":{}},"extra":false},
    {"code":1161406,"id":"86a451","name":"太秦","original_name":"太秦","name_kana":"うずまさ","closed":false,"lat":35.017019,"lng":135.701269,"prefecture":26,"numbering":["E07"],"lines":[11614],"attr":"heat","postal_code":"616-8174","address":"京都市右京区太秦垂箕山町","voronoi":{"type":"Feature","geometry":{"type":"Polygon","coordinates":[[[135.695272,35.025978],[135.697284,35.017962],[135.701455,35.015709],[135.703508,35.01815],[135.697967,35.024132],[135.695272,35.025978]]]},"properties":{}},"extra":false},
    {"code":1161407,"id":"7bea6f","name":"嵯峨嵐山","original_name":"嵯峨嵐山","name_kana":"さがあらしやま","closed":false,"lat":35.018698,"lng":135.68127,"prefecture":26,"numbering":["E08"],"lines":[11614],"attr":"heat","postal_code":"616-8373","address":"京都市右京区嵯峨天龍寺車道町","voronoi":{"type":"Feature","geometry":{"type":"Polygon","coordinates":[[[135.688026,35.029286],[135.690176,35.03786],[135.688308,35.047156],[135.677091,35.084949],[135.676333,35.081389],[135.681071,35.017543],[135.683177,35.017687],[135.688026,35.029286]]]},"properties":{}},"extra":false},
    {"code":1161408,"id":"0b62be","name":"保津峡","original_name":"保津峡","name_kana":"ほづきょう","closed":false,"lat":35.023083,"lng":135.64025,"prefecture":26,"numbering":["E09"],"lines":[11614],"attr":"cool","postal_code":"621-0005","address":"亀岡市保津町保津山３番地１４３４","voronoi":{"type":"Feature","geometry":{"type":"Polygon","coordinates":[[[135.609566,35.090963],[135.605851,35.077575],[135.640347,34.961354],[135.646008,34.973289],[135.652536,35.006367],[135.609566,35.090963]]]},"properties":{}},"extra":false},
    {"code":1161409,"id":"e8c5d3","name":"馬堀","original_name":"馬堀","name_kana":"うまほり","closed":false,"lat":35.010664,"lng":135.602359,"prefecture":26,"numbering":["E10"],"lines":[11614],"attr":"cool","postal_code":"621-0823","address":"亀岡市篠町馬堀","voronoi":{"type":"Feature","geometry":{"type":"Polygon","coordinates":[[[135.573361,34.927593],[135.566894,34.930903],[135.596458,35.026265],[135.6361,34.955946],[135.621473,34.940622],[135.598822,34.929933],[135.573361,34.927593]]]},"properties":{}},"extra":false},
    {"code":1161410,"id":"1435fb","name":"亀岡","original_name":"亀岡","name_kana":"かめおか","closed":false,"lat":35.016738,"lng":135.582766,"prefecture":26,"numbering":["E11"],"lines":[11614],"attr":"cool","postal_code":"621-0804","address":"亀岡市追分町谷筋","voronoi":{"type":"Feature","geometry":{"type":"Polygon","coordinates":[[[135.525698,34.948356],[135.527997,34.945337],[135.566894,34.930903],[135.596458,35.026265],[135.603597,35.073858],[135.585905,35.054715],[135.525698,34.948356]]]},"properties":{}},"extra":false},
    {"code":1161411,"id":"9d464d","name":"並河","original_name":"並河","name_kana":"なみかわ","closed":false,"lat":35.032479,"lng":135.554959,"prefecture":26,"numbering":["E12"],"lines":[11614],"attr":"cool","postal_code":"621-0012","address":"亀岡市大井町かすみケ丘","voronoi":{"type":"Feature","geometry":{"type":"Polygon","coordinates":[[[135.466562,35.00232],[135.480622,35.011173],[135.585905,35.054715],[135.525698,34.948356],[135.466562,35.00232]]]},"properties":{}},"extra":false},
    {"code":1161412,"id":"f52ca9","name":"千代川","original_name":"千代川","name_kana":"ちよかわ","closed":false,"lat":35.048597,"lng":135.548293,"prefecture":26,"numbering":["E13"],"lines":[11614],"attr":"cool","postal_code":"621-0051","address":"亀岡市千代川町今津１","voronoi":{"type":"Feature","geometry":{"type":"Polygon","coordinates":[[[135.61613,35.119616],[135.480622,35.011173],[135.585905,35.054715],[135.603597,35.073858],[135.605851,35.077575],[135.609566,35.090963],[135.61613,35.119616]]]},"properties":{}},"extra":false},
    {"code":1161413,"id":"e95833","name":"八木","original_name":"八木","name_kana":"やぎ","closed":false,"lat":35.068995,"lng":135.531969,"prefecture":26,"numbering":["E14"],"lines":[11614],"attr":"eco","postal_code":"629-0141","address":"南丹市八木町八木字東久保","voronoi":{"type":"Feature","geometry":{"type":"Polygon","coordinates":[[[135.462808,35.004403],[135.542837,35.120477],[135.551686,35.125984],[135.627185,35.149112],[135.61613,35.119616],[135.480622,35.011173],[135.466562,35.00232],[135.462808,35.004403]]]},"properties":{}},"extra":false},
    {"code":1161414,"id":"e49239","name":"吉富(京都)","original_name":"吉富","name_kana":"よしとみ","closed":false,"lat":35.092012,"lng":135.498585,"prefecture":26,"numbering":["E15"],"lines":[11614],"attr":"eco","postal_code":"629-0165","address":"南丹市八木町木原","voronoi":{"type":"Feature","geometry":{"type":"Polygon","coordinates":[[[135.542837,35.120477],[135.462808,35.004403],[135.434455,35.012885],[135.502316,35.113891],[135.542837,35.120477]]]},"properties":{}},"extra":false},
    {"code":1161415,"id":"c19ed5","name":"園部","original_name":"園部","name_kana":"そのべ","closed":false,"lat":35.102167,"lng":135.48347,"prefecture":26,"numbering":["E16"],"lines":[11614,11615],"attr":"eco","postal_code":"622-0041","address":"南丹市園部町小山東町溝辺","voronoi":{"type":"Feature","geometry":{"type":"Polygon","coordinates":[[[135.434455,35.012885],[135.428424,35.014115],[135.403828,35.130019],[135.416313,35.136914],[135.502316,35.113891],[135.434455,35.012885]]]},"properties":{}},"extra":false}
  ],
  "extra":false
}