{
  "code":11625,
  "id":144,
  "name":"JR東西線",
  "name_kana":"じぇいあーるとうざいせん",
  "station_size":9,
  "company_code":4,
  "closed":false,
  "color":"#FF1493",
  "symbol":"H",
  "station_list":[
    {"code":1161724,"id":3053,"name":"京橋(大阪)","original_name":"京橋","name_kana":"きょうばし","closed":false,"lat":34.696047,"lng":135.534253,"prefecture":27,"numbering":["H41"],"lines":[11617,11623,11625,33001,99624],"attr":"cool","postal_code":"536-0015","address":"大阪市城東区新喜多一丁目2-31","voronoi":{"type":"Feature","geometry":{"type":"Polygon","coordinates":[[[135.539028,34.692456],[135.54088,34.698523],[135.540419,34.699958],[135.536755,34.70233],[135.53191,34.703789],[135.528586,34.701634],[135.529536,34.696943],[135.533516,34.692287],[135.539028,34.692456]]]},"properties":{}},"extra":false},
    {"code":1162502,"id":3092,"name":"大阪城北詰","original_name":"大阪城北詰","name_kana":"おおさかじょうきたづめ","closed":false,"lat":34.694283,"lng":135.525538,"prefecture":27,"numbering":["H42"],"lines":[11625],"attr":"heat","postal_code":"534-0026","address":"大阪市都島区網島町７番","voronoi":{"type":"Feature","geometry":{"type":"Polygon","coordinates":[[[135.524058,34.686315],[135.52369,34.686562],[135.51947,34.695765],[135.520121,34.698289],[135.527932,34.701645],[135.528586,34.701634],[135.529536,34.696943],[135.524058,34.686315]]]},"properties":{}},"extra":false},
    {"code":1162503,"id":3093,"name":"大阪天満宮","original_name":"大阪天満宮","name_kana":"おおさかてんまんぐう","closed":false,"lat":34.697404,"lng":135.513442,"prefecture":27,"numbering":["H43"],"lines":[11625],"attr":"heat","postal_code":"530-0044","address":"大阪市北区東天満２丁目１０番先","voronoi":{"type":"Feature","geometry":{"type":"Polygon","coordinates":[[[135.511967,34.692442],[135.511667,34.692796],[135.512669,34.700833],[135.513876,34.701331],[135.516608,34.70177],[135.520121,34.698289],[135.51947,34.695765],[135.511967,34.692442]]]},"properties":{}},"extra":false},
    {"code":1162504,"id":3094,"name":"北新地","original_name":"北新地","name_kana":"きたしんち","closed":false,"lat":34.698323,"lng":135.497038,"prefecture":27,"numbering":["H44"],"lines":[11625],"attr":"heat","postal_code":"530-0001","address":"大阪市北区梅田１丁目３番先","voronoi":{"type":"Feature","geometry":{"type":"Polygon","coordinates":[[[135.497807,34.69554],[135.494171,34.696875],[135.49725,34.69976],[135.498087,34.699948],[135.500384,34.697699],[135.497807,34.69554]]]},"properties":{}},"extra":false},
    {"code":1162505,"id":3095,"name":"新福島","original_name":"新福島","name_kana":"しんふくしま","closed":false,"lat":34.695094,"lng":135.48593,"prefecture":27,"numbering":["H45"],"lines":[11625],"attr":"eco","postal_code":"553-0003","address":"大阪市福島区福島５丁目９番先","voronoi":{"type":"Feature","geometry":{"type":"Polygon","coordinates":[[[135.480792,34.697796],[135.48117,34.692152],[135.481655,34.691291],[135.49048,34.694838],[135.480792,34.697796]]]},"properties":{}},"extra":false},
    {"code":1162506,"id":3096,"name":"海老江","original_name":"海老江","name_kana":"えびえ","closed":false,"lat":34.69544,"lng":135.473276,"prefecture":27,"numbering":["H46"],"lines":[11625],"attr":"eco","postal_code":"553-0001","address":"大阪市福島区海老江５丁目２番先","voronoi":{"type":"Feature","geometry":{"type":"Polygon","coordinates":[[[135.46883,34.690974],[135.469979,34.703798],[135.478656,34.706025],[135.478663,34.70597],[135.475355,34.696835],[135.471871,34.691719],[135.46883,34.690974]]]},"properties":{}},"extra":false},
    {"code":1162507,"id":3097,"name":"御幣島","original_name":"御幣島","name_kana":"みてじま","closed":false,"lat":34.71259,"lng":135.45568,"prefecture":27,"numbering":["H47"],"lines":[11625],"attr":"cool","postal_code":"555-0012","address":"大阪市西淀川区御幣島１丁目８番先","voronoi":{"type":"Feature","geometry":{"type":"Polygon","coordinates":[[[135.462284,34.710201],[135.462187,34.720772],[135.450281,34.719576],[135.450716,34.70657],[135.462284,34.710201]]]},"properties":{}},"extra":false},
    {"code":1162508,"id":3098,"name":"加島","original_name":"加島","name_kana":"かしま","closed":false,"lat":34.727496,"lng":135.454183,"prefecture":27,"numbering":["H48"],"lines":[11625],"attr":"cool","postal_code":"532-0031","address":"大阪市淀川区加島３丁目","voronoi":{"type":"Feature","geometry":{"type":"Polygon","coordinates":[[[135.442817,34.72903],[135.447551,34.721155],[135.450281,34.719576],[135.462187,34.720772],[135.465138,34.723697],[135.460509,34.741991],[135.444542,34.738069],[135.442817,34.72903]]]},"properties":{}},"extra":false},
    {"code":1160303,"id":2777,"name":"尼崎(JR)","original_name":"尼崎","name_kana":"あまがさき","closed":false,"lat":34.731791,"lng":135.431685,"prefecture":28,"numbering":["H49"],"lines":[11603,11625,11629],"attr":"eco","postal_code":"660-0808","address":"兵庫県尼崎市潮江一丁目1-1","voronoi":{"type":"Feature","geometry":{"type":"Polygon","coordinates":[[[135.435576,34.725198],[135.442817,34.72903],[135.444542,34.738069],[135.436834,34.744392],[135.417577,34.737648],[135.415926,34.736405],[135.415639,34.734891],[135.41633,34.734136],[135.435576,34.725198]]]},"properties":{}},"extra":false}
  ],
  "extra":false
}