{
  "code":11632,
  "id":"22fa1e",
  "name":"JR加古川線",
  "name_kana":"じぇいあーるかこがわせん",
  "station_size":21,
  "company_code":4,
  "closed":false,
  "color":"#00BAA5",
  "symbol":"I",
  "station_list":[
    {"code":1160816,"id":"e383b7","name":"加古川","original_name":"加古川","name_kana":"かこがわ","closed":false,"lat":34.767666,"lng":134.839447,"prefecture":28,"lines":[11608,11632,10603],"attr":"heat","postal_code":"675-0065","address":"加古川市加古川町篠原町","voronoi":{"type":"Feature","geometry":{"type":"Polygon","coordinates":[[[134.836162,34.792734],[134.820398,34.767621],[134.823334,34.764752],[134.831927,34.761027],[134.855348,34.761786],[134.836162,34.792734]]]},"properties":{}},"extra":false},
    {"code":1163202,"id":"95a618","name":"日岡","original_name":"日岡","name_kana":"ひおか","closed":false,"lat":34.778643,"lng":134.857153,"prefecture":28,"lines":[11632],"attr":"eco","postal_code":"675-0061","address":"加古川市加古川町大野","voronoi":{"type":"Feature","geometry":{"type":"Polygon","coordinates":[[[134.857565,34.760172],[134.855348,34.761786],[134.836162,34.792734],[134.840496,34.824434],[134.845906,34.823836],[134.877722,34.767606],[134.857565,34.760172]]]},"properties":{}},"extra":false},
    {"code":1163203,"id":"165ecf","name":"神野","original_name":"神野","name_kana":"かんの","closed":false,"lat":34.790922,"lng":134.878854,"prefecture":28,"lines":[11632],"attr":"eco","postal_code":"675-0009","address":"加古川市神野町西条","voronoi":{"type":"Feature","geometry":{"type":"Polygon","coordinates":[[[134.877722,34.767606],[134.845906,34.823836],[134.860805,34.826256],[134.883285,34.826532],[134.889081,34.821152],[134.896703,34.763559],[134.877722,34.767606]]]},"properties":{}},"extra":false},
    {"code":1163204,"id":"957c13","name":"厄神","original_name":"厄神","name_kana":"やくじん","closed":false,"lat":34.794623,"lng":134.90682,"prefecture":28,"lines":[11632,99642,10601],"attr":"eco","postal_code":"675-1213","address":"加古川市上荘町国包","voronoi":{"type":"Feature","geometry":{"type":"Polygon","coordinates":[[[134.889081,34.821152],[134.906203,34.816036],[134.920764,34.762982],[134.920924,34.751987],[134.907522,34.755223],[134.896703,34.763559],[134.889081,34.821152]]]},"properties":{}},"extra":false},
    {"code":1163205,"id":"4e820d","name":"市場(JR)","original_name":"市場","name_kana":"いちば","closed":false,"lat":34.819352,"lng":134.932494,"prefecture":28,"lines":[11632],"attr":"eco","postal_code":"675-1345","address":"兵庫県小野市黍田町字屋田635[1]","voronoi":{"type":"Feature","geometry":{"type":"Polygon","coordinates":[[[134.914445,34.815613],[134.917114,34.813689],[134.92769,34.808608],[134.934592,34.80726],[134.941926,34.807649],[134.941455,34.814773],[134.934463,34.831183],[134.930537,34.831455],[134.914445,34.815613]]]},"properties":{}},"extra":false},
    {"code":1163206,"id":"192ff7","name":"小野町","original_name":"小野町","name_kana":"おのまち","closed":false,"lat":34.833601,"lng":134.918466,"prefecture":28,"lines":[11632],"attr":"eco","postal_code":"675-1344","address":"小野市下来住町中前","voronoi":{"type":"Feature","geometry":{"type":"Polygon","coordinates":[[[134.907808,34.84285],[134.889899,34.835953],[134.883285,34.826532],[134.889081,34.821152],[134.906203,34.816036],[134.914445,34.815613],[134.930537,34.831455],[134.924428,34.841463],[134.907808,34.84285]]]},"properties":{}},"extra":false},
    {"code":1163207,"id":"62aae2","name":"粟生","original_name":"粟生","name_kana":"あお","closed":false,"lat":34.856859,"lng":134.909509,"prefecture":28,"lines":[11632,99635,99643,10602],"attr":"eco","postal_code":"675-1358","address":"小野市粟生町","voronoi":{"type":"Feature","geometry":{"type":"Polygon","coordinates":[[[134.889899,34.835953],[134.907808,34.84285],[134.921891,34.864738],[134.896476,34.876114],[134.889899,34.835953]]]},"properties":{}},"extra":false},
    {"code":1163208,"id":"eff50e","name":"河合西","original_name":"河合西","name_kana":"かわいにし","closed":false,"lat":34.879221,"lng":134.919519,"prefecture":28,"lines":[11632],"attr":"eco","postal_code":"675-1355","address":"小野市新部町","voronoi":{"type":"Feature","geometry":{"type":"Polygon","coordinates":[[[134.956235,34.873127],[134.886164,34.905743],[134.886513,34.900175],[134.896476,34.876114],[134.921891,34.864738],[134.935958,34.864899],[134.956235,34.873127]]]},"properties":{}},"extra":false},
    {"code":1163209,"id":"a0f569","name":"青野ヶ原","original_name":"青野ヶ原","name_kana":"あおのがはら","closed":false,"lat":34.897297,"lng":134.927933,"prefecture":28,"lines":[11632],"attr":"eco","postal_code":"675-1352","address":"兵庫県小野市復井町字十郎260","voronoi":{"type":"Feature","geometry":{"type":"Polygon","coordinates":[[[134.882114,34.918895],[134.886164,34.905743],[134.956235,34.873127],[135.001149,34.878282],[135.004789,34.88007],[134.98141,34.894495],[134.883331,34.922481],[134.882114,34.918895]]]},"properties":{}},"extra":false},
    {"code":1163210,"id":"5f108d","name":"社町","original_name":"社町","name_kana":"やしろちょう","closed":false,"lat":34.920336,"lng":134.934507,"prefecture":28,"lines":[11632],"attr":"eco","postal_code":"679-0221","address":"加東市河高","voronoi":{"type":"Feature","geometry":{"type":"Polygon","coordinates":[[[134.98141,34.894495],[134.883331,34.922481],[134.888517,34.979124],[134.897666,34.977082],[134.98141,34.894495]]]},"properties":{}},"extra":false},
    {"code":1163211,"id":"6b669f","name":"滝野","original_name":"滝野","name_kana":"たきの","closed":false,"lat":34.941034,"lng":134.954919,"prefecture":28,"lines":[11632],"attr":"eco","postal_code":"679-0211","address":"加東市上滝野","voronoi":{"type":"Feature","geometry":{"type":"Polygon","coordinates":[[[134.933158,34.969353],[134.919356,34.975598],[134.914463,34.97703],[134.897666,34.977082],[134.98141,34.894495],[135.004789,34.88007],[135.016466,34.88153],[135.022777,34.883455],[134.933158,34.969353]]]},"properties":{}},"extra":false},
    {"code":1163212,"id":"c6d054","name":"滝(兵庫)","original_name":"滝","name_kana":"たき","closed":false,"lat":34.948812,"lng":134.962374,"prefecture":28,"lines":[11632],"attr":"heat","postal_code":"679-0211","address":"加東市上滝野","voronoi":{"type":"Feature","geometry":{"type":"Polygon","coordinates":[[[135.011591,34.941631],[134.987905,34.953996],[134.933158,34.969353],[135.022777,34.883455],[135.058801,34.8921],[135.05887,34.902162],[135.011591,34.941631]]]},"properties":{}},"extra":false},
    {"code":1163213,"id":"6204aa","name":"西脇市","original_name":"西脇市","name_kana":"にしわきし","closed":false,"lat":34.971702,"lng":134.968795,"prefecture":28,"lines":[11632,11621],"attr":"heat","postal_code":"677-0054","address":"西脇市野村町","voronoi":{"type":"Feature","geometry":{"type":"Polygon","coordinates":[[[134.987905,34.953996],[134.933158,34.969353],[134.919356,34.975598],[134.970394,34.97874],[134.987905,34.953996]]]},"properties":{}},"extra":false},
    {"code":1163214,"id":"582ad2","name":"新西脇","original_name":"新西脇","name_kana":"しんにしわき","closed":false,"lat":34.977907,"lng":134.977563,"prefecture":28,"lines":[11632],"attr":"heat","postal_code":"677-0053","address":"西脇市和布町","voronoi":{"type":"Feature","geometry":{"type":"Polygon","coordinates":[[[135.011591,34.941631],[134.987905,34.953996],[134.970394,34.97874],[134.981224,34.992409],[135.011591,34.941631]]]},"properties":{}},"extra":false},
    {"code":1163215,"id":"1abf35","name":"比延","original_name":"比延","name_kana":"ひえ","closed":false,"lat":34.988773,"lng":134.995733,"prefecture":28,"lines":[11632],"attr":"heat","postal_code":"677-0033","address":"西脇市鹿野町","voronoi":{"type":"Feature","geometry":{"type":"Polygon","coordinates":[[[134.980604,34.997719],[135.074508,34.9843],[135.075016,34.9745],[135.074023,34.960976],[135.05887,34.902162],[135.011591,34.941631],[134.981224,34.992409],[134.980604,34.997719]]]},"properties":{}},"extra":false},
    {"code":1163216,"id":"b7ae4d","name":"日本へそ公園","original_name":"日本へそ公園","name_kana":"にほんへそこうえん","closed":false,"lat":35.002069,"lng":134.997633,"prefecture":28,"lines":[11632],"attr":"heat","postal_code":"677-0039","address":"西脇市上比延町大字芦谷滝ノ上","voronoi":{"type":"Feature","geometry":{"type":"Polygon","coordinates":[[[134.976016,35.005955],[134.976473,35.007767],[135.044426,35.024611],[135.047528,35.024014],[135.062519,35.017321],[135.075337,35.009051],[135.074508,34.9843],[134.980604,34.997719],[134.976016,35.005955]]]},"properties":{}},"extra":false},
    {"code":1163217,"id":"0712be","name":"黒田庄","original_name":"黒田庄","name_kana":"くろだしょう","closed":false,"lat":35.022689,"lng":134.992522,"prefecture":28,"lines":[11632],"attr":"heat","postal_code":"679-0313","address":"西脇市黒田庄町岡","voronoi":{"type":"Feature","geometry":{"type":"Polygon","coordinates":[[[134.97215,35.024071],[134.976473,35.007767],[135.044426,35.024611],[135.019667,35.034965],[134.976605,35.039787],[134.97215,35.024071]]]},"properties":{}},"extra":false},
    {"code":1163218,"id":"94125d","name":"本黒田","original_name":"本黒田","name_kana":"ほんくろだ","closed":false,"lat":35.052941,"lng":134.99591,"prefecture":28,"lines":[11632],"attr":"cool","postal_code":"679-0302","address":"西脇市黒田庄町黒田","voronoi":{"type":"Feature","geometry":{"type":"Polygon","coordinates":[[[134.962001,35.071342],[134.976605,35.039787],[135.019667,35.034965],[134.967357,35.105446],[134.962001,35.071342]]]},"properties":{}},"extra":false},
    {"code":1163219,"id":"55dfe3","name":"船町口","original_name":"船町口","name_kana":"ふなまちぐち","closed":false,"lat":35.06291,"lng":135.009342,"prefecture":28,"lines":[11632],"attr":"cool","postal_code":"679-0304","address":"西脇市黒田庄町船町","voronoi":{"type":"Feature","geometry":{"type":"Polygon","coordinates":[[[134.967357,35.105446],[135.019667,35.034965],[135.044426,35.024611],[135.047528,35.024014],[134.973271,35.146116],[134.968032,35.149288],[134.967357,35.105446]]]},"properties":{}},"extra":false},
    {"code":1163220,"id":"1bf145","name":"久下村","original_name":"久下村","name_kana":"くげむら","closed":false,"lat":35.075812,"lng":135.030557,"prefecture":28,"lines":[11632],"attr":"cool","postal_code":"669-3131","address":"丹波市山南町谷川","voronoi":{"type":"Feature","geometry":{"type":"Polygon","coordinates":[[[134.973271,35.146116],[135.047528,35.024014],[135.062519,35.017321],[135.023817,35.124317],[134.973271,35.146116]]]},"properties":{}},"extra":false},
    {"code":1163004,"id":"df9660","name":"谷川","original_name":"谷川","name_kana":"たにかわ","closed":false,"lat":35.082724,"lng":135.049666,"prefecture":28,"lines":[11630,11632],"attr":"heat","postal_code":"669-3125","address":"丹波市山南町池谷","voronoi":{"type":"Feature","geometry":{"type":"Polygon","coordinates":[[[135.075337,35.009051],[135.062519,35.017321],[135.023817,35.124317],[135.035919,35.121886],[135.070169,35.100777],[135.080163,35.014827],[135.075337,35.009051]]]},"properties":{}},"extra":false}
  ],
  "extra":false
}