{
  "code":11634,
  "id":153,
  "name":"JR姫新線(佐用～新見)",
  "name_kana":"じぇいあーるきしんせん",
  "station_size":25,
  "company_code":4,
  "closed":false,
  "color":"#FF593E",
  "symbol":"K",
  "station_list":[
    {"code":1163312,"id":3210,"name":"佐用","original_name":"佐用","name_kana":"さよ","closed":false,"lat":35.003579,"lng":134.356538,"prefecture":28,"lines":[11633,11634,99644],"attr":"cool","postal_code":"679-5300","address":"佐用郡佐用町間島田","voronoi":{"type":"Feature","geometry":{"type":"Polygon","coordinates":[[[134.313516,35.043322],[134.309997,35.043355],[134.345615,34.983218],[134.362742,34.978367],[134.380425,35.017728],[134.313516,35.043322]]]},"properties":{}},"extra":false},
    {"code":1163402,"id":3211,"name":"上月","original_name":"上月","name_kana":"こうづき","closed":false,"lat":34.983425,"lng":134.32251,"prefecture":28,"lines":[11634],"attr":"eco","postal_code":"679-5523","address":"佐用郡佐用町上月","voronoi":{"type":"Feature","geometry":{"type":"Polygon","coordinates":[[[134.309997,35.043355],[134.345615,34.983218],[134.285427,34.927026],[134.27907,34.924037],[134.301443,35.044221],[134.308959,35.04372],[134.309997,35.043355]]]},"properties":{}},"extra":false},
    {"code":1163403,"id":3212,"name":"美作土居","original_name":"美作土居","name_kana":"みまさかどい","closed":false,"lat":34.995078,"lng":134.25991,"prefecture":33,"lines":[11634],"attr":"heat","postal_code":"709-4244","address":"美作市土居","voronoi":{"type":"Feature","geometry":{"type":"Polygon","coordinates":[[[134.258019,34.899008],[134.261,34.901865],[134.27907,34.924037],[134.301443,35.044221],[134.268128,35.066246],[134.199272,34.915359],[134.200886,34.913158],[134.249872,34.898345],[134.258019,34.899008]]]},"properties":{}},"extra":false},
    {"code":1163404,"id":3213,"name":"美作江見","original_name":"美作江見","name_kana":"みまさかえみ","closed":false,"lat":35.013403,"lng":134.219754,"prefecture":33,"lines":[11634],"attr":"heat","postal_code":"709-4236","address":"美作市川北","voronoi":{"type":"Feature","geometry":{"type":"Polygon","coordinates":[[[134.226981,35.114178],[134.224888,35.114076],[134.186619,34.930537],[134.194088,34.919866],[134.199272,34.915359],[134.268128,35.066246],[134.240098,35.101373],[134.226981,35.114178]]]},"properties":{}},"extra":false},
    {"code":1163405,"id":3214,"name":"楢原","original_name":"楢原","name_kana":"ならはら","closed":false,"lat":35.01974,"lng":134.189362,"prefecture":33,"lines":[11634],"attr":"heat","postal_code":"707-0022","address":"美作市楢原上","voronoi":{"type":"Feature","geometry":{"type":"Polygon","coordinates":[[[134.183144,34.934012],[134.162855,35.0657],[134.174913,35.118282],[134.175993,35.119269],[134.224888,35.114076],[134.186619,34.930537],[134.183144,34.934012]]]},"properties":{}},"extra":false},
    {"code":1163406,"id":3215,"name":"林野","original_name":"林野","name_kana":"はやしの","closed":false,"lat":35.013893,"lng":134.151411,"prefecture":33,"lines":[11634],"attr":"heat","postal_code":"707-0025","address":"美作市栄町","voronoi":{"type":"Feature","geometry":{"type":"Polygon","coordinates":[[[134.108927,34.986141],[134.124459,34.970807],[134.183144,34.934012],[134.162855,35.0657],[134.108927,34.986141]]]},"properties":{}},"extra":false},
    {"code":1163407,"id":3216,"name":"勝間田","original_name":"勝間田","name_kana":"かつまだ","closed":false,"lat":35.035882,"lng":134.118971,"prefecture":33,"lines":[11634],"attr":"heat","postal_code":"709-4316","address":"勝田郡勝央町勝間田","voronoi":{"type":"Feature","geometry":{"type":"Polygon","coordinates":[[[134.092377,34.994231],[134.116277,35.086623],[134.123378,35.095079],[134.144225,35.106401],[134.174913,35.118282],[134.162855,35.0657],[134.108927,34.986141],[134.103145,34.988468],[134.092377,34.994231]]]},"properties":{}},"extra":false},
    {"code":1163408,"id":3217,"name":"西勝間田","original_name":"西勝間田","name_kana":"にしかつまだ","closed":false,"lat":35.043553,"lng":134.089316,"prefecture":33,"lines":[11634],"attr":"heat","postal_code":"709-4323","address":"勝田郡勝央町黒坂","voronoi":{"type":"Feature","geometry":{"type":"Polygon","coordinates":[[[134.07992,35.063519],[134.074321,34.997448],[134.092377,34.994231],[134.116277,35.086623],[134.07992,35.063519]]]},"properties":{}},"extra":false},
    {"code":1163409,"id":3218,"name":"美作大崎","original_name":"美作大崎","name_kana":"みまさかおおさき","closed":false,"lat":35.045419,"lng":134.067298,"prefecture":33,"lines":[11634],"attr":"heat","postal_code":"708-0857","address":"津山市福力","voronoi":{"type":"Feature","geometry":{"type":"Polygon","coordinates":[[[134.028233,34.994974],[134.074321,34.997448],[134.07992,35.063519],[134.053431,35.062414],[134.028233,34.994974]]]},"properties":{}},"extra":false},
    {"code":1163410,"id":3219,"name":"東津山","original_name":"東津山","name_kana":"ひがしつやま","closed":false,"lat":35.058676,"lng":134.031818,"prefecture":33,"lines":[11634,11704],"attr":"heat","postal_code":"708-0841","address":"津山市川崎","voronoi":{"type":"Feature","geometry":{"type":"Polygon","coordinates":[[[134.053431,35.062414],[134.024378,35.107687],[134.008741,35.117201],[134.026782,34.994437],[134.028233,34.994974],[134.053431,35.062414]]]},"properties":{}},"extra":false},
    {"code":1163411,"id":3220,"name":"津山","original_name":"津山","name_kana":"つやま","closed":false,"lat":35.054511,"lng":134.003477,"prefecture":33,"lines":[11634,11704,11715],"attr":"heat","postal_code":"708-0882","address":"津山市大谷","voronoi":{"type":"Feature","geometry":{"type":"Polygon","coordinates":[[[134.024101,34.992683],[134.026782,34.994437],[134.008741,35.117201],[133.993516,35.13215],[133.993397,35.132211],[133.993088,35.022413],[133.997767,35.013522],[134.024101,34.992683]]]},"properties":{}},"extra":false},
    {"code":1163412,"id":3221,"name":"院庄","original_name":"院庄","name_kana":"いんのしょう","closed":false,"lat":35.059068,"lng":133.957617,"prefecture":33,"lines":[11634],"attr":"heat","postal_code":"708-0013","address":"津山市二宮","voronoi":{"type":"Feature","geometry":{"type":"Polygon","coordinates":[[[133.929976,35.190007],[133.932149,35.042416],[133.968431,35.046617],[133.984738,35.138183],[133.929976,35.190007]]]},"properties":{}},"extra":false},
    {"code":1163413,"id":3222,"name":"美作千代","original_name":"美作千代","name_kana":"みまさかせんだい","closed":false,"lat":35.058311,"lng":133.906201,"prefecture":33,"lines":[11634],"attr":"heat","postal_code":"709-4611","address":"津山市領家","voronoi":{"type":"Feature","geometry":{"type":"Polygon","coordinates":[[[133.911791,35.215499],[133.881833,34.983336],[133.919971,35.017147],[133.932149,35.042416],[133.929976,35.190007],[133.911791,35.215499]]]},"properties":{}},"extra":false},
    {"code":1163414,"id":3223,"name":"坪井","original_name":"坪井","name_kana":"つぼい","closed":false,"lat":35.062041,"lng":133.877295,"prefecture":33,"lines":[11634],"attr":"heat","postal_code":"709-4606","address":"津山市中北上","voronoi":{"type":"Feature","geometry":{"type":"Polygon","coordinates":[[[133.892596,35.246443],[133.839551,35.225526],[133.854176,34.96106],[133.854618,34.961122],[133.858775,34.962572],[133.874102,34.973981],[133.875692,34.975417],[133.881833,34.983336],[133.911791,35.215499],[133.893629,35.246722],[133.892596,35.246443]]]},"properties":{}},"extra":false},
    {"code":1163415,"id":3224,"name":"美作追分","original_name":"美作追分","name_kana":"みまさかおいわけ","closed":false,"lat":35.058876,"lng":133.820063,"prefecture":33,"lines":[11634],"attr":"eco","postal_code":"719-3121","address":"真庭市上河内","voronoi":{"type":"Feature","geometry":{"type":"Polygon","coordinates":[[[133.854176,34.96106],[133.840668,34.955047],[133.79344,35.034968],[133.785925,35.081205],[133.827772,35.22309],[133.839551,35.225526],[133.854176,34.96106]]]},"properties":{}},"extra":false},
    {"code":1163416,"id":3225,"name":"美作落合","original_name":"美作落合","name_kana":"みまさかおちあい","closed":false,"lat":35.02318,"lng":133.759656,"prefecture":33,"lines":[11634],"attr":"eco","postal_code":"719-3105","address":"真庭市西原","voronoi":{"type":"Feature","geometry":{"type":"Polygon","coordinates":[[[133.761736,34.880524],[133.840668,34.955047],[133.79344,35.034968],[133.714822,35.037868],[133.713402,35.036261],[133.683936,34.926928],[133.684853,34.926021],[133.754397,34.874864],[133.761736,34.880524]]]},"properties":{}},"extra":false},
    {"code":1163417,"id":3226,"name":"古見(岡山)","original_name":"古見","name_kana":"こみ","closed":false,"lat":35.049213,"lng":133.760616,"prefecture":33,"lines":[11634],"attr":"eco","postal_code":"719-3103","address":"真庭市古見","voronoi":{"type":"Feature","geometry":{"type":"Polygon","coordinates":[[[133.785925,35.081205],[133.79344,35.034968],[133.714822,35.037868],[133.720197,35.049166],[133.785925,35.081205]]]},"properties":{}},"extra":false},
    {"code":1163418,"id":3227,"name":"久世","original_name":"久世","name_kana":"くせ","closed":false,"lat":35.080976,"lng":133.745133,"prefecture":33,"lines":[11634],"attr":"eco","postal_code":"719-3201","address":"真庭市久世","voronoi":{"type":"Feature","geometry":{"type":"Polygon","coordinates":[[[133.762999,35.225419],[133.718776,35.219748],[133.720197,35.049166],[133.785925,35.081205],[133.827772,35.22309],[133.762999,35.225419]]]},"properties":{}},"extra":false},
    {"code":1163419,"id":3228,"name":"中国勝山","original_name":"中国勝山","name_kana":"ちゅうごくかつやま","closed":false,"lat":35.080556,"lng":133.694735,"prefecture":33,"lines":[11634],"attr":"eco","postal_code":"717-0013","address":"真庭市勝山","voronoi":{"type":"Feature","geometry":{"type":"Polygon","coordinates":[[[133.720197,35.049166],[133.714822,35.037868],[133.713402,35.036261],[133.645008,35.095218],[133.627995,35.149623],[133.625692,35.21902],[133.630798,35.224312],[133.718776,35.219748],[133.720197,35.049166]]]},"properties":{}},"extra":false},
    {"code":1163420,"id":3229,"name":"月田","original_name":"月田","name_kana":"つきだ","closed":false,"lat":35.048195,"lng":133.666839,"prefecture":33,"lines":[11634],"attr":"eco","postal_code":"717-0024","address":"真庭市月田","voronoi":{"type":"Feature","geometry":{"type":"Polygon","coordinates":[[[133.683936,34.926928],[133.639684,34.944421],[133.627532,34.952245],[133.645008,35.095218],[133.713402,35.036261],[133.683936,34.926928]]]},"properties":{}},"extra":false},
    {"code":1163421,"id":3230,"name":"富原","original_name":"富原","name_kana":"とみはら","closed":false,"lat":35.054838,"lng":133.612494,"prefecture":33,"lines":[11634],"attr":"cool","postal_code":"717-0741","address":"真庭市若代","voronoi":{"type":"Feature","geometry":{"type":"Polygon","coordinates":[[[133.594758,34.969559],[133.582928,35.051876],[133.627995,35.149623],[133.645008,35.095218],[133.627532,34.952245],[133.609762,34.957837],[133.594758,34.969559]]]},"properties":{}},"extra":false},
    {"code":1163422,"id":3231,"name":"刑部","original_name":"刑部","name_kana":"おさかべ","closed":false,"lat":35.076283,"lng":133.565981,"prefecture":33,"lines":[11634],"attr":"cool","postal_code":"719-3503","address":"新見市大佐小阪部","voronoi":{"type":"Feature","geometry":{"type":"Polygon","coordinates":[[[133.625692,35.21902],[133.606019,35.211299],[133.521086,35.171696],[133.468436,35.132194],[133.468085,35.120221],[133.504525,35.084023],[133.582928,35.051876],[133.627995,35.149623],[133.625692,35.21902]]]},"properties":{}},"extra":false},
    {"code":1163423,"id":3232,"name":"丹治部","original_name":"丹治部","name_kana":"たじべ","closed":false,"lat":35.046392,"lng":133.553725,"prefecture":33,"lines":[11634],"attr":"cool","postal_code":"719-3506","address":"新見市大佐田治部","voronoi":{"type":"Feature","geometry":{"type":"Polygon","coordinates":[[[133.582928,35.051876],[133.504525,35.084023],[133.565228,34.979197],[133.594758,34.969559],[133.582928,35.051876]]]},"properties":{}},"extra":false},
    {"code":1163424,"id":3233,"name":"岩山","original_name":"岩山","name_kana":"いわやま","closed":false,"lat":35.02262,"lng":133.512674,"prefecture":33,"lines":[11634],"attr":"cool","postal_code":"718-0001","address":"新見市上熊谷","voronoi":{"type":"Feature","geometry":{"type":"Polygon","coordinates":[[[133.504525,35.084023],[133.565228,34.979197],[133.51926,34.977362],[133.494486,34.98947],[133.451516,35.057388],[133.45561,35.089827],[133.468085,35.120221],[133.504525,35.084023]]]},"properties":{}},"extra":false},
    {"code":1163425,"id":3234,"name":"新見","original_name":"新見","name_kana":"にいみ","closed":false,"lat":34.987232,"lng":133.45674,"prefecture":33,"lines":[11634,11703,11714],"attr":"cool","postal_code":"718-0017","address":"新見市西方","voronoi":{"type":"Feature","geometry":{"type":"Polygon","coordinates":[[[133.494486,34.98947],[133.43859,34.950292],[133.440872,35.042331],[133.451516,35.057388],[133.494486,34.98947]]]},"properties":{}},"extra":false}
  ],
  "extra":false
}