{
  "code":11709,
  "id":168,
  "name":"JR宇野線",
  "name_kana":"じぇいあーるうのせん",
  "station_size":15,
  "company_code":4,
  "closed":false,
  "station_list":[
    {"code":100306,"id":2867,"name":"岡山","original_name":"岡山","name_kana":"おかやま","closed":false,"lat":34.666572,"lng":133.918552,"prefecture":33,"lines":[1003,11609,11610,11631,11703,11709,11713,11715],"attr":"heat","postal_code":"700-0024","address":"岡山市駅元町１丁目","voronoi":{"type":"Feature","geometry":{"type":"Polygon","coordinates":[[[133.910571,34.681852],[133.908969,34.6594],[133.914643,34.657084],[133.921643,34.670025],[133.922898,34.675786],[133.910571,34.681852]]]},"properties":{}},"extra":false},
    {"code":1170902,"id":3569,"name":"大元","original_name":"大元","name_kana":"おおもと","closed":false,"lat":34.647571,"lng":133.910795,"prefecture":33,"lines":[11709,99723],"attr":"heat","postal_code":"700-0923","address":"岡山市大元駅前","voronoi":{"type":"Feature","geometry":{"type":"Polygon","coordinates":[[[133.916026,34.656342],[133.914643,34.657084],[133.908969,34.6594],[133.898915,34.6543],[133.896973,34.645177],[133.903996,34.640411],[133.92024,34.642565],[133.917021,34.654293],[133.916381,34.655728],[133.916026,34.656342]]]},"properties":{}},"extra":false},
    {"code":1170903,"id":3570,"name":"備前西市","original_name":"備前西市","name_kana":"びぜんにしいち","closed":false,"lat":34.631448,"lng":133.899852,"prefecture":33,"lines":[11709],"attr":"cool","postal_code":"700-0953","address":"岡山市西市","voronoi":{"type":"Feature","geometry":{"type":"Polygon","coordinates":[[[133.903996,34.640411],[133.896973,34.645177],[133.876317,34.631252],[133.897759,34.60479],[133.907078,34.630269],[133.903996,34.640411]]]},"properties":{}},"extra":false},
    {"code":1170904,"id":3571,"name":"妹尾","original_name":"妹尾","name_kana":"せのお","closed":false,"lat":34.608269,"lng":133.871246,"prefecture":33,"lines":[11709],"attr":"cool","postal_code":"701-0211","address":"岡山市東畦","voronoi":{"type":"Feature","geometry":{"type":"Polygon","coordinates":[[[133.900368,34.598765],[133.897759,34.60479],[133.876317,34.631252],[133.875255,34.631586],[133.858959,34.623674],[133.864948,34.576272],[133.884499,34.573418],[133.9017,34.575371],[133.903022,34.575746],[133.900368,34.598765]]]},"properties":{}},"extra":false},
    {"code":1170905,"id":3572,"name":"備中箕島","original_name":"備中箕島","name_kana":"びっちゅうみしま","closed":false,"lat":34.605697,"lng":133.850889,"prefecture":33,"lines":[11709],"attr":"cool","postal_code":"701-0206","address":"岡山市箕島","voronoi":{"type":"Feature","geometry":{"type":"Polygon","coordinates":[[[133.864948,34.576272],[133.857278,34.574915],[133.849732,34.581472],[133.845007,34.589474],[133.837713,34.625713],[133.858959,34.623674],[133.864948,34.576272]]]},"properties":{}},"extra":false},
    {"code":1170906,"id":3573,"name":"早島","original_name":"早島","name_kana":"はやしま","closed":false,"lat":34.602158,"lng":133.833306,"prefecture":33,"lines":[11709],"attr":"eco","postal_code":"701-0303","address":"都窪郡早島町前潟","voronoi":{"type":"Feature","geometry":{"type":"Polygon","coordinates":[[[133.833791,34.62775],[133.813168,34.606495],[133.845007,34.589474],[133.837713,34.625713],[133.833791,34.62775]]]},"properties":{}},"extra":false},
    {"code":1170907,"id":3574,"name":"久々原","original_name":"久々原","name_kana":"くぐはら","closed":false,"lat":34.592158,"lng":133.82796,"prefecture":33,"lines":[11709],"attr":"eco","postal_code":"701-0303","address":"都窪郡早島町前潟","voronoi":{"type":"Feature","geometry":{"type":"Polygon","coordinates":[[[133.845007,34.589474],[133.849732,34.581472],[133.795493,34.588792],[133.796815,34.597095],[133.813168,34.606495],[133.845007,34.589474]]]},"properties":{}},"extra":false},
    {"code":1170908,"id":3575,"name":"茶屋町","original_name":"茶屋町","name_kana":"ちゃやまち","closed":false,"lat":34.57694,"lng":133.825906,"prefecture":33,"lines":[11709,11710,99719],"attr":"eco","postal_code":"710-1101","address":"倉敷市茶屋町","voronoi":{"type":"Feature","geometry":{"type":"Polygon","coordinates":[[[133.830925,34.564653],[133.856453,34.57402],[133.857278,34.574915],[133.849732,34.581472],[133.795493,34.588792],[133.794476,34.586355],[133.827397,34.565774],[133.830925,34.564653]]]},"properties":{}},"extra":false},
    {"code":1170909,"id":3576,"name":"彦崎","original_name":"彦崎","name_kana":"ひこさき","closed":false,"lat":34.552035,"lng":133.835045,"prefecture":33,"lines":[11709],"attr":"eco","postal_code":"709-1213","address":"岡山市灘崎町彦崎","voronoi":{"type":"Feature","geometry":{"type":"Polygon","coordinates":[[[133.830158,34.562508],[133.833183,34.538137],[133.843911,34.533167],[133.856453,34.57402],[133.830925,34.564653],[133.830158,34.562508]]]},"properties":{}},"extra":false},
    {"code":1170910,"id":3577,"name":"備前片岡","original_name":"備前片岡","name_kana":"びぜんかたおか","closed":false,"lat":34.54381,"lng":133.861837,"prefecture":33,"lines":[11709],"attr":"eco","postal_code":"709-1215","address":"岡山市灘崎町片岡","voronoi":{"type":"Feature","geometry":{"type":"Polygon","coordinates":[[[133.843911,34.533167],[133.856453,34.57402],[133.857278,34.574915],[133.864948,34.576272],[133.884499,34.573418],[133.855882,34.504838],[133.843911,34.533167]]]},"properties":{}},"extra":false},
    {"code":1170911,"id":3578,"name":"迫川","original_name":"迫川","name_kana":"はざかわ","closed":false,"lat":34.536484,"lng":133.879394,"prefecture":33,"lines":[11709],"attr":"cool","postal_code":"709-1211","address":"岡山市灘崎町迫川","voronoi":{"type":"Feature","geometry":{"type":"Polygon","coordinates":[[[133.867893,34.48472],[133.856529,34.500731],[133.855882,34.504838],[133.884499,34.573418],[133.9017,34.575371],[133.867893,34.48472]]]},"properties":{}},"extra":false},
    {"code":1170912,"id":3579,"name":"常山","original_name":"常山","name_kana":"つねやま","closed":false,"lat":34.531374,"lng":133.893096,"prefecture":33,"lines":[11709],"attr":"cool","postal_code":"706-0000","address":"玉野市藤木","voronoi":{"type":"Feature","geometry":{"type":"Polygon","coordinates":[[[133.903022,34.575746],[133.905213,34.574866],[133.906928,34.506773],[133.86996,34.480739],[133.867893,34.48472],[133.9017,34.575371],[133.903022,34.575746]]]},"properties":{}},"extra":false},
    {"code":1170913,"id":3580,"name":"八浜","original_name":"八浜","name_kana":"はちはま","closed":false,"lat":34.532039,"lng":133.919504,"prefecture":33,"lines":[11709],"attr":"cool","postal_code":"706-0224","address":"玉野市八浜町大崎","voronoi":{"type":"Feature","geometry":{"type":"Polygon","coordinates":[[[133.920803,34.508538],[133.953473,34.556716],[133.924652,34.573205],[133.905213,34.574866],[133.906928,34.506773],[133.920803,34.508538]]]},"properties":{}},"extra":false},
    {"code":1170914,"id":3581,"name":"備前田井","original_name":"備前田井","name_kana":"びぜんたい","closed":false,"lat":34.516027,"lng":133.943117,"prefecture":33,"lines":[11709],"attr":"cool","postal_code":"706-0001","address":"玉野市田井","voronoi":{"type":"Feature","geometry":{"type":"Polygon","coordinates":[[[133.931129,34.503771],[133.938478,34.504859],[133.944877,34.506827],[133.992402,34.527721],[134.025075,34.544202],[133.953473,34.556716],[133.920803,34.508538],[133.929077,34.50375],[133.931129,34.503771]]]},"properties":{}},"extra":false},
    {"code":1170915,"id":3582,"name":"宇野","original_name":"宇野","name_kana":"うの","closed":false,"lat":34.495035,"lng":133.953706,"prefecture":33,"lines":[11709,99724],"attr":"cool","postal_code":"706-0002","address":"玉野市築港１丁目","voronoi":{"type":"Feature","geometry":{"type":"Polygon","coordinates":[[[133.999948,34.424634],[134.006825,34.427129],[134.046795,34.452925],[134.097815,34.48681],[134.11492,34.505993],[134.062577,34.542816],[134.025075,34.544202],[133.992402,34.527721],[133.950949,34.496311],[133.949888,34.494612],[133.949598,34.49004],[133.950569,34.486974],[133.999948,34.424634]]]},"properties":{}},"extra":false}
  ],
  "extra":false
}