{
  "code":11701,
  "id":"6cbdb8",
  "name":"JR山陰本線(米子～益田)",
  "name_kana":"じぇいあーるさんいんほんせん",
  "station_size":45,
  "company_code":4,
  "closed":false,
  "color":"#F26122",
  "symbol":"D",
  "station_list":[
    {"code":1161642,"id":"0bd38f","name":"米子","original_name":"米子","name_kana":"よなご","closed":false,"lat":35.42327,"lng":133.33657,"prefecture":31,"lines":[11616,11701,11703,11705],"attr":"heat","postal_code":"683-0036","address":"米子市弥生町","voronoi":{"type":"Feature","geometry":{"type":"Polygon","coordinates":[[[133.296307,35.399174],[133.297308,35.415541],[133.31384,35.42529],[133.325529,35.428992],[133.334029,35.428949],[133.3347,35.428706],[133.342051,35.418482],[133.339075,35.402185],[133.319646,35.392319],[133.316798,35.392917],[133.296307,35.399174]]]},"properties":{}},"extra":false},
    {"code":1170102,"id":"6bcd8d","name":"安来","original_name":"安来","name_kana":"やすぎ","closed":false,"lat":35.427995,"lng":133.259279,"prefecture":32,"lines":[11701],"attr":"cool","postal_code":"692-0011","address":"安来市安来町","voronoi":{"type":"Feature","geometry":{"type":"Polygon","coordinates":[[[133.29582,35.420766],[133.283956,35.43979],[133.265212,35.453934],[133.236824,35.457293],[133.235368,35.457212],[133.234642,35.447351],[133.240591,35.40813],[133.248644,35.385813],[133.293906,35.397256],[133.296307,35.399174],[133.297308,35.415541],[133.29582,35.420766]]]},"properties":{}},"extra":false},
    {"code":1170103,"id":"098003","name":"荒島","original_name":"荒島","name_kana":"あらしま","closed":false,"lat":35.431817,"lng":133.207432,"prefecture":32,"lines":[11701,99722],"attr":"eco","postal_code":"692-0007","address":"安来市荒島町小山廻","voronoi":{"type":"Feature","geometry":{"type":"Polygon","coordinates":[[[133.17514,35.480119],[133.179206,35.417199],[133.199753,35.418437],[133.204808,35.419952],[133.234642,35.447351],[133.235368,35.457212],[133.216445,35.473276],[133.204168,35.480231],[133.196382,35.484184],[133.186314,35.488088],[133.177043,35.491099],[133.17514,35.480119]]]},"properties":{}},"extra":false},
    {"code":1170104,"id":"10f466","name":"揖屋","original_name":"揖屋","name_kana":"いや","closed":false,"lat":35.428062,"lng":133.149334,"prefecture":32,"lines":[11701],"attr":"eco","postal_code":"699-0101","address":"島根県松江市東出雲町揖屋804","voronoi":{"type":"Feature","geometry":{"type":"Polygon","coordinates":[[[133.17514,35.480119],[133.088147,35.376087],[133.084994,35.358383],[133.16996,35.402779],[133.174369,35.407001],[133.176381,35.409534],[133.179206,35.417199],[133.17514,35.480119]]]},"properties":{}},"extra":false},
    {"code":1170105,"id":"20252e","name":"東松江(島根)","original_name":"東松江","name_kana":"ひがしまつえ","closed":false,"lat":35.445507,"lng":133.128472,"prefecture":32,"lines":[11701],"attr":"eco","postal_code":"690-0025","address":"松江市八幡町灘大土手外","voronoi":{"type":"Feature","geometry":{"type":"Polygon","coordinates":[[[133.175779,35.492902],[133.169467,35.500441],[133.163461,35.506775],[133.122192,35.545885],[133.088459,35.427709],[133.088147,35.376087],[133.17514,35.480119],[133.177043,35.491099],[133.175779,35.492902]]]},"properties":{}},"extra":false},
    {"code":1170106,"id":"2a5fa4","name":"松江","original_name":"松江","name_kana":"まつえ","closed":false,"lat":35.463947,"lng":133.063871,"prefecture":32,"lines":[11701],"attr":"eco","postal_code":"690-0003","address":"松江市朝日町","voronoi":{"type":"Feature","geometry":{"type":"Polygon","coordinates":[[[133.084154,35.620451],[133.053402,35.457395],[133.088459,35.427709],[133.122192,35.545885],[133.084154,35.620451]]]},"properties":{}},"extra":false},
    {"code":1170107,"id":"50a652","name":"乃木","original_name":"乃木","name_kana":"のぎ","closed":false,"lat":35.44599,"lng":133.048665,"prefecture":32,"lines":[11701],"attr":"eco","postal_code":"690-0044","address":"松江市浜乃木２","voronoi":{"type":"Feature","geometry":{"type":"Polygon","coordinates":[[[133.053402,35.457395],[133.088459,35.427709],[133.088147,35.376087],[133.084994,35.358383],[133.073715,35.338682],[133.070751,35.33961],[133.025287,35.450537],[133.029469,35.454447],[133.053402,35.457395]]]},"properties":{}},"extra":false},
    {"code":1170108,"id":"71d5c6","name":"玉造温泉","original_name":"玉造温泉","name_kana":"たまつくりおんせん","closed":false,"lat":35.430891,"lng":133.011825,"prefecture":32,"lines":[11701],"attr":"eco","postal_code":"699-0202","address":"松江市玉湯町湯町","voronoi":{"type":"Feature","geometry":{"type":"Polygon","coordinates":[[[133.057779,35.341162],[132.990273,35.375557],[132.978648,35.444272],[132.983723,35.448156],[132.989563,35.450945],[133.009286,35.454416],[133.025287,35.450537],[133.070751,35.33961],[133.057779,35.341162]]]},"properties":{}},"extra":false},
    {"code":1170109,"id":"ef25ca","name":"来待","original_name":"来待","name_kana":"きまち","closed":false,"lat":35.420722,"lng":132.951719,"prefecture":32,"lines":[11701],"attr":"eco","postal_code":"699-0404","address":"松江市宍道町東来待","voronoi":{"type":"Feature","geometry":{"type":"Polygon","coordinates":[[[132.970041,35.447576],[132.978648,35.444272],[132.990273,35.375557],[132.970425,35.37421],[132.9659,35.374863],[132.934786,35.400534],[132.923565,35.435097],[132.936456,35.444335],[132.943307,35.447195],[132.954947,35.448912],[132.970041,35.447576]]]},"properties":{}},"extra":false},
    {"code":1170110,"id":"4660be","name":"宍道","original_name":"宍道","name_kana":"しんじ","closed":false,"lat":35.406925,"lng":132.909224,"prefecture":32,"lines":[11701,11706],"attr":"eco","postal_code":"699-0401","address":"松江市宍道町宍道","voronoi":{"type":"Feature","geometry":{"type":"Polygon","coordinates":[[[132.923565,35.435097],[132.934786,35.400534],[132.893103,35.386627],[132.880749,35.424727],[132.88174,35.425749],[132.888767,35.431614],[132.917697,35.436062],[132.923565,35.435097]]]},"properties":{}},"extra":false},
    {"code":1170111,"id":"2c595f","name":"荘原","original_name":"荘原","name_kana":"しょうばら","closed":false,"lat":35.393603,"lng":132.868139,"prefecture":32,"lines":[11701],"attr":"eco","postal_code":"699-0501","address":"島根県出雲市斐川町学頭1606","voronoi":{"type":"Feature","geometry":{"type":"Polygon","coordinates":[[[132.835799,35.401343],[132.851754,35.419666],[132.867918,35.4234],[132.880749,35.424727],[132.893103,35.386627],[132.887982,35.367683],[132.846984,35.332564],[132.835799,35.401343]]]},"properties":{}},"extra":false},
    {"code":1170112,"id":"adcf28","name":"直江","original_name":"直江","name_kana":"なおえ","closed":false,"lat":35.383754,"lng":132.807578,"prefecture":32,"lines":[11701],"attr":"eco","postal_code":"699-0624","address":"島根県出雲市斐川町上直江1100","voronoi":{"type":"Feature","geometry":{"type":"Polygon","coordinates":[[[132.835799,35.401343],[132.831134,35.402891],[132.81621,35.40262],[132.801004,35.397569],[132.791597,35.388352],[132.790271,35.384716],[132.789622,35.379476],[132.803585,35.347652],[132.839355,35.322919],[132.845966,35.32992],[132.846984,35.332564],[132.835799,35.401343]]]},"properties":{}},"extra":false},
    {"code":1170113,"id":"ff0dfa","name":"出雲市","original_name":"出雲市","name_kana":"いずもし","closed":false,"lat":35.360694,"lng":132.756518,"prefecture":32,"lines":[11701,11726,99721],"attr":"cool","postal_code":"693-0001","address":"出雲市今市町","voronoi":{"type":"Feature","geometry":{"type":"Polygon","coordinates":[[[132.75649,35.348819],[132.737822,35.369001],[132.737845,35.371174],[132.751958,35.375803],[132.760862,35.350235],[132.75649,35.348819]]]},"properties":{}},"extra":false},
    {"code":1170114,"id":"1c6da8","name":"西出雲","original_name":"西出雲","name_kana":"にしいずも","closed":false,"lat":35.334871,"lng":132.721897,"prefecture":32,"lines":[11701],"attr":"eco","postal_code":"693-0033","address":"出雲市知井宮町","voronoi":{"type":"Feature","geometry":{"type":"Polygon","coordinates":[[[132.704065,35.346145],[132.721576,35.311094],[132.740119,35.318466],[132.741638,35.320151],[132.743827,35.326116],[132.728939,35.348935],[132.704065,35.346145]]]},"properties":{}},"extra":false},
    {"code":1170115,"id":"50fdfc","name":"出雲神西","original_name":"出雲神西","name_kana":"いずもじんざい","closed":false,"lat":35.325116,"lng":132.702371,"prefecture":32,"lines":[11701],"attr":"eco","postal_code":"699-0823","address":"出雲市東神西町羽根板","voronoi":{"type":"Feature","geometry":{"type":"Polygon","coordinates":[[[132.678182,35.348427],[132.703096,35.346592],[132.704065,35.346145],[132.721576,35.311094],[132.719212,35.308374],[132.703594,35.299359],[132.678182,35.348427]]]},"properties":{}},"extra":false},
    {"code":1170116,"id":"f3c692","name":"江南(島根)","original_name":"江南","name_kana":"こうなん","closed":false,"lat":35.31522,"lng":132.683263,"prefecture":32,"lines":[11701],"attr":"eco","postal_code":"699-0813","address":"出雲市湖陵町三部","voronoi":{"type":"Feature","geometry":{"type":"Polygon","coordinates":[[[132.689703,35.279772],[132.673337,35.271092],[132.623932,35.357077],[132.66781,35.352806],[132.678182,35.348427],[132.703594,35.299359],[132.689703,35.279772]]]},"properties":{}},"extra":false},
    {"code":1170117,"id":"a4022e","name":"小田(島根)","original_name":"小田","name_kana":"おだ","closed":false,"lat":35.28474,"lng":132.630215,"prefecture":32,"lines":[11701],"attr":"eco","postal_code":"699-0902","address":"出雲市多伎町多岐","voronoi":{"type":"Feature","geometry":{"type":"Polygon","coordinates":[[[132.638877,35.173797],[132.63517,35.174448],[132.587263,35.376819],[132.617761,35.360709],[132.623932,35.357077],[132.673337,35.271092],[132.638877,35.173797]]]},"properties":{}},"extra":false},
    {"code":1170118,"id":"6ffc82","name":"田儀","original_name":"田儀","name_kana":"たぎ","closed":false,"lat":35.275256,"lng":132.590152,"prefecture":32,"lines":[11701],"attr":"eco","postal_code":"699-0904","address":"出雲市多伎町口田儀","voronoi":{"type":"Feature","geometry":{"type":"Polygon","coordinates":[[[132.587263,35.376819],[132.414822,35.519139],[132.603975,35.174022],[132.63517,35.174448],[132.587263,35.376819]]]},"properties":{}},"extra":false},
    {"code":1170119,"id":"b0741c","name":"波根","original_name":"波根","name_kana":"はね","closed":false,"lat":35.240137,"lng":132.526076,"prefecture":32,"lines":[11701],"attr":"eco","postal_code":"699-2211","address":"大田市波根町中浜","voronoi":{"type":"Feature","geometry":{"type":"Polygon","coordinates":[[[132.414822,35.519139],[132.231156,35.712818],[132.534575,35.205616],[132.58948,35.168243],[132.603975,35.174022],[132.414822,35.519139]]]},"properties":{}},"extra":false},
    {"code":1170120,"id":"056dc6","name":"久手","original_name":"久手","name_kana":"くて","closed":false,"lat":35.22943,"lng":132.508178,"prefecture":32,"lines":[11701],"attr":"eco","postal_code":"694-0051","address":"大田市久手町波根西","voronoi":{"type":"Feature","geometry":{"type":"Polygon","coordinates":[[[132.231156,35.712818],[132.156869,35.794151],[132.44798,35.259888],[132.479459,35.222663],[132.534575,35.205616],[132.231156,35.712818]]]},"properties":{}},"extra":false},
    {"code":1170121,"id":"e6f0b2","name":"大田市","original_name":"大田市","name_kana":"おおだし","closed":false,"lat":35.200864,"lng":132.499343,"prefecture":32,"lines":[11701],"attr":"eco","postal_code":"694-0064","address":"大田市大田町大田","voronoi":{"type":"Feature","geometry":{"type":"Polygon","coordinates":[[[132.51615,35.114804],[132.58948,35.168243],[132.534575,35.205616],[132.479459,35.222663],[132.499255,35.107751],[132.51615,35.114804]]]},"properties":{}},"extra":false},
    {"code":1170122,"id":"9b0b70","name":"静間","original_name":"静間","name_kana":"しずま","closed":false,"lat":35.195467,"lng":132.468015,"prefecture":32,"lines":[11701],"attr":"eco","postal_code":"694-0031","address":"大田市静間町","voronoi":{"type":"Feature","geometry":{"type":"Polygon","coordinates":[[[132.493669,35.104195],[132.485894,35.100546],[132.460016,35.138061],[132.44798,35.259888],[132.479459,35.222663],[132.499255,35.107751],[132.493669,35.104195]]]},"properties":{}},"extra":false},
    {"code":1170123,"id":"2b12dd","name":"五十猛","original_name":"五十猛","name_kana":"いそたけ","closed":false,"lat":35.192792,"lng":132.440938,"prefecture":32,"lines":[11701],"attr":"eco","postal_code":"694-0035","address":"大田市五十猛町野田","voronoi":{"type":"Feature","geometry":{"type":"Polygon","coordinates":[[[131.432886,36.190847],[131.85668,35.678019],[132.460016,35.138061],[132.44798,35.259888],[132.156869,35.794151],[128.73784,40.000168],[129.577642,38.521585],[130.418259,37.456883],[131.432886,36.190847]]]},"properties":{}},"extra":false},
    {"code":1170124,"id":"76fc8c","name":"仁万","original_name":"仁万","name_kana":"にま","closed":false,"lat":35.150972,"lng":132.403511,"prefecture":32,"lines":[11701],"attr":"heat","postal_code":"699-2301","address":"大田市仁摩町仁万","voronoi":{"type":"Feature","geometry":{"type":"Polygon","coordinates":[[[131.85668,35.678019],[132.032658,35.448284],[132.213165,35.267232],[132.471467,35.086237],[132.481156,35.095082],[132.485894,35.100546],[132.460016,35.138061],[131.85668,35.678019]]]},"properties":{}},"extra":false},
    {"code":1170125,"id":"2d44c2","name":"馬路","original_name":"馬路","name_kana":"まじ","closed":false,"lat":35.128011,"lng":132.387422,"prefecture":32,"lines":[11701],"attr":"heat","postal_code":"699-2304","address":"大田市仁摩町馬路","voronoi":{"type":"Feature","geometry":{"type":"Polygon","coordinates":[[[132.471467,35.086237],[132.213165,35.267232],[132.22944,35.248714],[132.336357,35.142259],[132.459118,35.074343],[132.466318,35.079884],[132.471467,35.086237]]]},"properties":{}},"extra":false},
    {"code":1170126,"id":"db9886","name":"湯里","original_name":"湯里","name_kana":"ゆさと","closed":false,"lat":35.106568,"lng":132.375559,"prefecture":32,"lines":[11701],"attr":"heat","postal_code":"699-2502","address":"大田市温泉津町湯里","voronoi":{"type":"Feature","geometry":{"type":"Polygon","coordinates":[[[132.428954,35.043712],[132.404705,35.031858],[132.336357,35.142259],[132.459118,35.074343],[132.428954,35.043712]]]},"properties":{}},"extra":false},
    {"code":1170127,"id":"a59dc8","name":"温泉津","original_name":"温泉津","name_kana":"ゆのつ","closed":false,"lat":35.091256,"lng":132.350826,"prefecture":32,"lines":[11701],"attr":"heat","postal_code":"699-2511","address":"大田市温泉津町小浜","voronoi":{"type":"Feature","geometry":{"type":"Polygon","coordinates":[[[132.402006,35.029862],[132.379649,35.024461],[132.22944,35.248714],[132.336357,35.142259],[132.404705,35.031858],[132.402006,35.029862]]]},"properties":{}},"extra":false},
    {"code":1170128,"id":"134f6e","name":"石見福光","original_name":"石見福光","name_kana":"いわみふくみつ","closed":false,"lat":35.076536,"lng":132.32885,"prefecture":32,"lines":[11701],"attr":"heat","postal_code":"699-2514","address":"大田市温泉津町福光","voronoi":{"type":"Feature","geometry":{"type":"Polygon","coordinates":[[[132.376455,35.023036],[132.258919,35.115885],[132.099898,35.336754],[132.032658,35.448284],[132.213165,35.267232],[132.22944,35.248714],[132.379649,35.024461],[132.376455,35.023036]]]},"properties":{}},"extra":false},
    {"code":1170129,"id":"37a1da","name":"黒松(島根)","original_name":"黒松","name_kana":"くろまつ","closed":false,"lat":35.056963,"lng":132.313388,"prefecture":32,"lines":[11701],"attr":"heat","postal_code":"699-2831","address":"江津市黒松町","voronoi":{"type":"Feature","geometry":{"type":"Polygon","coordinates":[[[132.333247,35.010376],[132.368597,35.017719],[132.376455,35.023036],[132.258919,35.115885],[132.305459,35.023798],[132.333247,35.010376]]]},"properties":{}},"extra":false},
    {"code":1170130,"id":"15c327","name":"浅利","original_name":"浅利","name_kana":"あさり","closed":false,"lat":35.037084,"lng":132.274054,"prefecture":32,"lines":[11701],"attr":"heat","postal_code":"695-0002","address":"江津市浅利町","voronoi":{"type":"Feature","geometry":{"type":"Polygon","coordinates":[[[132.305459,35.023798],[132.258919,35.115885],[132.099898,35.336754],[132.244738,35.033028],[132.24718,35.029447],[132.269157,35.014425],[132.305459,35.023798]]]},"properties":{}},"extra":false},
    {"code":1170131,"id":"861d7a","name":"江津","original_name":"江津","name_kana":"ごうつ","closed":false,"lat":35.012801,"lng":132.223133,"prefecture":32,"lines":[11701,11707],"attr":"heat","postal_code":"695-0011","address":"江津市江津町","voronoi":{"type":"Feature","geometry":{"type":"Polygon","coordinates":[[[132.211851,34.991057],[131.432886,36.190847],[131.85668,35.678019],[132.032658,35.448284],[132.099898,35.336754],[132.244738,35.033028],[132.211851,34.991057]]]},"properties":{}},"extra":false},
    {"code":1170132,"id":"16a05f","name":"都野津","original_name":"都野津","name_kana":"つのづ","closed":false,"lat":34.9896,"lng":132.187398,"prefecture":32,"lines":[11701],"attr":"heat","postal_code":"695-0021","address":"江津市都野津町","voronoi":{"type":"Feature","geometry":{"type":"Polygon","coordinates":[[[131.432886,36.190847],[130.418259,37.456883],[132.09759,35.078474],[132.23224,34.924919],[132.226243,34.956028],[132.211851,34.991057],[131.432886,36.190847]]]},"properties":{}},"extra":false},
    {"code":1170133,"id":"9a8705","name":"敬川","original_name":"敬川","name_kana":"うやがわ","closed":false,"lat":34.977826,"lng":132.173971,"prefecture":32,"lines":[11701],"attr":"heat","postal_code":"699-3162","address":"江津市敬川町","voronoi":{"type":"Feature","geometry":{"type":"Polygon","coordinates":[[[132.09759,35.078474],[132.23224,34.924919],[132.244411,34.886146],[132.241366,34.859282],[132.197558,34.913228],[132.09759,35.078474]]]},"properties":{}},"extra":false},
    {"code":1170134,"id":"9ea1bd","name":"波子","original_name":"波子","name_kana":"はし","closed":false,"lat":34.964103,"lng":132.151287,"prefecture":32,"lines":[11701],"attr":"heat","postal_code":"699-3161","address":"江津市波子町","voronoi":{"type":"Feature","geometry":{"type":"Polygon","coordinates":[[[129.577642,38.521585],[129.749551,38.1869],[130.553448,36.905304],[130.78063,36.559733],[131.534173,35.606782],[132.046908,35.038774],[132.197558,34.913228],[132.09759,35.078474],[130.418259,37.456883],[129.577642,38.521585]]]},"properties":{}},"extra":false},
    {"code":1170135,"id":"75a859","name":"久代","original_name":"久代","name_kana":"くしろ","closed":false,"lat":34.949568,"lng":132.139174,"prefecture":32,"lines":[11701],"attr":"cool","postal_code":"697-0004","address":"浜田市久代町","voronoi":{"type":"Feature","geometry":{"type":"Polygon","coordinates":[[[132.241366,34.859282],[132.197558,34.913228],[132.046908,35.038774],[132.240928,34.789049],[132.241919,34.787981],[132.245062,34.788611],[132.241366,34.859282]]]},"properties":{}},"extra":false},
    {"code":1170136,"id":"d19b75","name":"下府","original_name":"下府","name_kana":"しもこう","closed":false,"lat":34.927322,"lng":132.110541,"prefecture":32,"lines":[11701],"attr":"cool","postal_code":"697-0006","address":"浜田市下府町","voronoi":{"type":"Feature","geometry":{"type":"Polygon","coordinates":[[[131.534173,35.606782],[131.945608,35.052175],[132.240928,34.789049],[132.046908,35.038774],[131.534173,35.606782]]]},"properties":{}},"extra":false},
    {"code":1170137,"id":"e76f0d","name":"浜田","original_name":"浜田","name_kana":"はまだ","closed":false,"lat":34.902683,"lng":132.088588,"prefecture":32,"lines":[11701],"attr":"cool","postal_code":"697-0022","address":"浜田市浅井町","voronoi":{"type":"Feature","geometry":{"type":"Polygon","coordinates":[[[132.240928,34.789049],[131.945608,35.052175],[131.998658,34.967261],[132.177448,34.762312],[132.241919,34.787981],[132.240928,34.789049]]]},"properties":{}},"extra":false},
    {"code":1170138,"id":"4b6d9b","name":"西浜田","original_name":"西浜田","name_kana":"にしはまだ","closed":false,"lat":34.869399,"lng":132.050434,"prefecture":32,"lines":[11701],"attr":"cool","postal_code":"697-0062","address":"浜田市熱田町","voronoi":{"type":"Feature","geometry":{"type":"Polygon","coordinates":[[[132.060114,34.786495],[131.998658,34.967261],[132.177448,34.762312],[132.10522,34.719809],[132.060114,34.786495]]]},"properties":{}},"extra":false},
    {"code":1170139,"id":"15cbd8","name":"周布","original_name":"周布","name_kana":"すふ","closed":false,"lat":34.85812,"lng":132.017258,"prefecture":32,"lines":[11701],"attr":"cool","postal_code":"697-1326","address":"浜田市治和町","voronoi":{"type":"Feature","geometry":{"type":"Polygon","coordinates":[[[131.612561,35.242705],[131.423206,35.490037],[130.78063,36.559733],[131.534173,35.606782],[131.945608,35.052175],[131.998658,34.967261],[132.060114,34.786495],[131.718137,35.114538],[131.612561,35.242705]]]},"properties":{}},"extra":false},
    {"code":1170140,"id":"01ff3e","name":"折居","original_name":"折居","name_kana":"おりい","closed":false,"lat":34.826336,"lng":131.986769,"prefecture":32,"lines":[11701],"attr":"cool","postal_code":"697-1337","address":"浜田市西村町","voronoi":{"type":"Feature","geometry":{"type":"Polygon","coordinates":[[[132.060114,34.786495],[131.718137,35.114538],[131.856865,34.925513],[132.083696,34.698705],[132.10522,34.719809],[132.060114,34.786495]]]},"properties":{}},"extra":false},
    {"code":1170141,"id":"5b8d08","name":"三保三隅","original_name":"三保三隅","name_kana":"みほみすみ","closed":false,"lat":34.795619,"lng":131.956055,"prefecture":32,"lines":[11701],"attr":"cool","postal_code":"699-3223","address":"浜田市三隅町西河内","voronoi":{"type":"Feature","geometry":{"type":"Polygon","coordinates":[[[131.856865,34.925513],[132.023288,34.620763],[132.083696,34.698705],[131.856865,34.925513]]]},"properties":{}},"extra":false},
    {"code":1170142,"id":"7084c5","name":"岡見","original_name":"岡見","name_kana":"おかみ","closed":false,"lat":34.771848,"lng":131.912526,"prefecture":32,"lines":[11701],"attr":"cool","postal_code":"699-3226","address":"浜田市三隅町岡見","voronoi":{"type":"Feature","geometry":{"type":"Polygon","coordinates":[[[131.612561,35.242705],[131.924238,34.712679],[132.021682,34.617999],[132.023288,34.620763],[131.856865,34.925513],[131.718137,35.114538],[131.612561,35.242705]]]},"properties":{}},"extra":false},
    {"code":1170143,"id":"ea5455","name":"鎌手","original_name":"鎌手","name_kana":"かまて","closed":false,"lat":34.751677,"lng":131.878224,"prefecture":32,"lines":[11701],"attr":"cool","postal_code":"699-3506","address":"益田市西平原町","voronoi":{"type":"Feature","geometry":{"type":"Polygon","coordinates":[[[131.924238,34.712679],[131.612561,35.242705],[131.423206,35.490037],[131.690148,34.922755],[131.766873,34.785777],[131.924238,34.712679]]]},"properties":{}},"extra":false},
    {"code":1170144,"id":"e05204","name":"石見津田","original_name":"石見津田","name_kana":"いわみつだ","closed":false,"lat":34.722685,"lng":131.864757,"prefecture":32,"lines":[11701],"attr":"cool","postal_code":"699-3671","address":"益田市津田町","voronoi":{"type":"Feature","geometry":{"type":"Polygon","coordinates":[[[132.016839,34.604474],[131.78502,34.739389],[131.766873,34.785777],[131.924238,34.712679],[132.021682,34.617999],[132.016839,34.604474]]]},"properties":{}},"extra":false},
    {"code":1170145,"id":"f3d307","name":"益田","original_name":"益田","name_kana":"ますだ","closed":false,"lat":34.678311,"lng":131.838932,"prefecture":32,"lines":[11701,11702,11708],"attr":"cool","postal_code":"698-0024","address":"益田市駅前町","voronoi":{"type":"Feature","geometry":{"type":"Polygon","coordinates":[[[132.015185,34.596723],[132.016839,34.604474],[131.78502,34.739389],[131.787784,34.686604],[131.975786,34.598625],[132.015185,34.596723]]]},"properties":{}},"extra":false}
  ],
  "extra":false
}