{
  "code":11706,
  "id":165,
  "name":"JR木次線",
  "name_kana":"じぇいあーるきすきせん",
  "station_size":18,
  "company_code":4,
  "closed":false,
  "color":"#FFC20E",
  "symbol":"E",
  "station_list":[
    {"code":1170110,"id":3364,"name":"宍道","original_name":"宍道","name_kana":"しんじ","closed":false,"lat":35.406925,"lng":132.909224,"prefecture":32,"lines":[11701,11706],"attr":"eco","postal_code":"699-0401","address":"松江市宍道町宍道","voronoi":{"type":"Feature","geometry":{"type":"Polygon","coordinates":[[[132.923565,35.435097],[132.934786,35.400534],[132.893103,35.386627],[132.880749,35.424727],[132.88174,35.425749],[132.888767,35.431614],[132.917697,35.436062],[132.923565,35.435097]]]},"properties":{}},"extra":false},
    {"code":1170602,"id":3492,"name":"南宍道","original_name":"南宍道","name_kana":"みなみしんじ","closed":false,"lat":35.380075,"lng":132.918182,"prefecture":32,"lines":[11706],"attr":"cool","postal_code":"699-0402","address":"松江市宍道町白石","voronoi":{"type":"Feature","geometry":{"type":"Polygon","coordinates":[[[132.934786,35.400534],[132.893103,35.386627],[132.887982,35.367683],[132.931045,35.358546],[132.9659,35.374863],[132.934786,35.400534]]]},"properties":{}},"extra":false},
    {"code":1170603,"id":3493,"name":"加茂中","original_name":"加茂中","name_kana":"かもなか","closed":false,"lat":35.344096,"lng":132.910548,"prefecture":32,"lines":[11706],"attr":"cool","postal_code":"699-1106","address":"雲南市加茂町加茂中","voronoi":{"type":"Feature","geometry":{"type":"Polygon","coordinates":[[[132.887982,35.367683],[132.846984,35.332564],[132.845966,35.32992],[132.90607,35.31941],[132.920856,35.326721],[132.931045,35.358546],[132.887982,35.367683]]]},"properties":{}},"extra":false},
    {"code":1170604,"id":3494,"name":"幡屋","original_name":"幡屋","name_kana":"はたや","closed":false,"lat":35.334879,"lng":132.939339,"prefecture":32,"lines":[11706],"attr":"cool","postal_code":"699-1232","address":"雲南市大東町仁和寺","voronoi":{"type":"Feature","geometry":{"type":"Polygon","coordinates":[[[132.970425,35.37421],[132.9659,35.374863],[132.931045,35.358546],[132.920856,35.326721],[132.942658,35.317859],[132.970425,35.37421]]]},"properties":{}},"extra":false},
    {"code":1170605,"id":3495,"name":"出雲大東","original_name":"出雲大東","name_kana":"いずもだいとう","closed":false,"lat":35.325597,"lng":132.958176,"prefecture":32,"lines":[11706],"attr":"cool","postal_code":"699-1221","address":"雲南市大東町飯田","voronoi":{"type":"Feature","geometry":{"type":"Polygon","coordinates":[[[133.057779,35.341162],[132.965278,35.289768],[132.956402,35.29463],[132.942658,35.317859],[132.970425,35.37421],[132.990273,35.375557],[133.057779,35.341162]]]},"properties":{}},"extra":false},
    {"code":1170606,"id":3496,"name":"南大東","original_name":"南大東","name_kana":"みなみだいとう","closed":false,"lat":35.307981,"lng":132.928405,"prefecture":32,"lines":[11706],"attr":"cool","postal_code":"699-1214","address":"雲南市大東町上佐世","voronoi":{"type":"Feature","geometry":{"type":"Polygon","coordinates":[[[132.920856,35.326721],[132.90607,35.31941],[132.920168,35.291347],[132.956402,35.29463],[132.942658,35.317859],[132.920856,35.326721]]]},"properties":{}},"extra":false},
    {"code":1170607,"id":3497,"name":"木次","original_name":"木次","name_kana":"きすき","closed":false,"lat":35.294669,"lng":132.901905,"prefecture":32,"lines":[11706],"attr":"cool","postal_code":"699-1311","address":"雲南市木次町里方","voronoi":{"type":"Feature","geometry":{"type":"Polygon","coordinates":[[[132.920168,35.291347],[132.90607,35.31941],[132.845966,35.32992],[132.839355,35.322919],[132.832777,35.299367],[132.832719,35.299037],[132.826935,35.236436],[132.825126,35.201203],[132.825816,35.194911],[132.834713,35.15355],[132.920168,35.291347]]]},"properties":{}},"extra":false},
    {"code":1170608,"id":3498,"name":"日登","original_name":"日登","name_kana":"ひのぼり","closed":false,"lat":35.276464,"lng":132.931261,"prefecture":32,"lines":[11706],"attr":"cool","postal_code":"699-1322","address":"雲南市木次町寺領","voronoi":{"type":"Feature","geometry":{"type":"Polygon","coordinates":[[[132.922434,35.189242],[132.839386,35.107516],[132.834713,35.15355],[132.920168,35.291347],[132.956402,35.29463],[132.965278,35.289768],[132.954847,35.23544],[132.922434,35.189242]]]},"properties":{}},"extra":false},
    {"code":1170609,"id":3499,"name":"下久野","original_name":"下久野","name_kana":"しもくの","closed":false,"lat":35.264811,"lng":132.991949,"prefecture":32,"lines":[11706],"attr":"eco","postal_code":"699-1212","address":"雲南市大東町下久野","voronoi":{"type":"Feature","geometry":{"type":"Polygon","coordinates":[[[132.954847,35.23544],[132.965278,35.289768],[133.057779,35.341162],[133.070751,35.33961],[133.073715,35.338682],[133.091576,35.307352],[133.044007,35.25797],[132.954847,35.23544]]]},"properties":{}},"extra":false},
    {"code":1170610,"id":3500,"name":"出雲八代","original_name":"出雲八代","name_kana":"いずもやしろ","closed":false,"lat":35.22722,"lng":133.001448,"prefecture":32,"lines":[11706],"attr":"eco","postal_code":"699-1432","address":"仁多郡奥出雲町馬馳","voronoi":{"type":"Feature","geometry":{"type":"Polygon","coordinates":[[[133.044007,35.25797],[132.954847,35.23544],[132.922434,35.189242],[133.027626,35.217951],[133.044007,35.25797]]]},"properties":{}},"extra":false},
    {"code":1170611,"id":3501,"name":"出雲三成","original_name":"出雲三成","name_kana":"いずもみなり","closed":false,"lat":35.196669,"lng":133.009786,"prefecture":32,"lines":[11706],"attr":"eco","postal_code":"699-1511","address":"仁多郡奥出雲町三成","voronoi":{"type":"Feature","geometry":{"type":"Polygon","coordinates":[[[132.835971,35.090151],[132.856029,35.035935],[132.857399,35.034624],[132.86683,35.030495],[132.936085,35.02816],[132.979367,35.059316],[132.986157,35.066188],[133.040861,35.15826],[133.027626,35.217951],[132.922434,35.189242],[132.839386,35.107516],[132.835971,35.090151]]]},"properties":{}},"extra":false},
    {"code":1170612,"id":3502,"name":"亀嵩","original_name":"亀嵩","name_kana":"かめだけ","closed":false,"lat":35.206204,"lng":133.05279,"prefecture":32,"lines":[11706],"attr":"eco","postal_code":"699-1702","address":"仁多郡奥出雲町郡村","voronoi":{"type":"Feature","geometry":{"type":"Polygon","coordinates":[[[133.133385,35.275427],[133.091576,35.307352],[133.044007,35.25797],[133.027626,35.217951],[133.040861,35.15826],[133.054678,35.167168],[133.133385,35.275427]]]},"properties":{}},"extra":false},
    {"code":1170613,"id":3503,"name":"出雲横田","original_name":"出雲横田","name_kana":"いずもよこた","closed":false,"lat":35.177411,"lng":133.092394,"prefecture":32,"lines":[11706],"attr":"eco","postal_code":"699-1832","address":"仁多郡奥出雲町横田","voronoi":{"type":"Feature","geometry":{"type":"Polygon","coordinates":[[[133.15195,35.156982],[133.054678,35.167168],[133.133385,35.275427],[133.207108,35.24254],[133.209054,35.24049],[133.207323,35.177839],[133.15195,35.156982]]]},"properties":{}},"extra":false},
    {"code":1170614,"id":3504,"name":"八川","original_name":"八川","name_kana":"やかわ","closed":false,"lat":35.149334,"lng":133.089454,"prefecture":32,"lines":[11706],"attr":"heat","postal_code":"699-1811","address":"仁多郡奥出雲町八川","voronoi":{"type":"Feature","geometry":{"type":"Polygon","coordinates":[[[133.082751,35.111017],[132.986157,35.066188],[133.040861,35.15826],[133.054678,35.167168],[133.15195,35.156982],[133.082751,35.111017]]]},"properties":{}},"extra":false},
    {"code":1170615,"id":3505,"name":"出雲坂根","original_name":"出雲坂根","name_kana":"いずもさかね","closed":false,"lat":35.10234,"lng":133.12067,"prefecture":32,"lines":[11706],"attr":"heat","postal_code":"699-1811","address":"仁多郡奥出雲町八川","voronoi":{"type":"Feature","geometry":{"type":"Polygon","coordinates":[[[133.082751,35.111017],[133.176773,35.073815],[133.231138,35.108057],[133.207323,35.177839],[133.15195,35.156982],[133.082751,35.111017]]]},"properties":{}},"extra":false},
    {"code":1170616,"id":3506,"name":"三井野原","original_name":"三井野原","name_kana":"みいのはら","closed":false,"lat":35.091399,"lng":133.116341,"prefecture":32,"lines":[11706],"attr":"heat","postal_code":"699-1500","address":"仁多郡奥出雲町八川","voronoi":{"type":"Feature","geometry":{"type":"Polygon","coordinates":[[[132.979367,35.059316],[133.173745,35.071485],[133.176773,35.073815],[133.082751,35.111017],[132.986157,35.066188],[132.979367,35.059316]]]},"properties":{}},"extra":false},
    {"code":1170617,"id":3507,"name":"油木","original_name":"油木","name_kana":"ゆき","closed":false,"lat":35.044567,"lng":133.119273,"prefecture":34,"lines":[11706],"attr":"heat","postal_code":"729-5602","address":"庄原市西城町油木","voronoi":{"type":"Feature","geometry":{"type":"Polygon","coordinates":[[[132.936085,35.02816],[132.939117,35.026224],[132.987784,34.998674],[133.106604,35.004691],[133.153533,35.036073],[133.173745,35.071485],[132.979367,35.059316],[132.936085,35.02816]]]},"properties":{}},"extra":false},
    {"code":1170618,"id":3508,"name":"備後落合","original_name":"備後落合","name_kana":"びんごおちあい","closed":false,"lat":35.001167,"lng":133.148296,"prefecture":34,"lines":[11706,11714],"attr":"heat","postal_code":"729-5613","address":"庄原市西城町八鳥","voronoi":{"type":"Feature","geometry":{"type":"Polygon","coordinates":[[[133.106604,35.004691],[133.175282,34.955333],[133.176372,34.965697],[133.153533,35.036073],[133.106604,35.004691]]]},"properties":{}},"extra":false}
  ],
  "extra":false
}