{
  "code":11703,
  "id":"8b37eb",
  "name":"JR伯備線",
  "name_kana":"じぇいあーるはくびせん",
  "station_size":33,
  "company_code":4,
  "closed":false,
  "color":"#35934A",
  "symbol":"V",
  "station_list":[
    {"code":100306,"id":"a9d3b2","name":"岡山","original_name":"岡山","name_kana":"おかやま","closed":false,"lat":34.666572,"lng":133.918552,"prefecture":33,"lines":[1003,11609,11610,11631,11703,11709,11713,11715],"attr":"heat","postal_code":"700-0024","address":"岡山市駅元町１丁目","voronoi":{"type":"Feature","geometry":{"type":"Polygon","coordinates":[[[133.910571,34.681852],[133.908969,34.6594],[133.913295,34.657634],[133.921396,34.668892],[133.922898,34.675786],[133.910571,34.681852]]]},"properties":{}},"extra":false},
    {"code":1161002,"id":"f88113","name":"北長瀬","original_name":"北長瀬","name_kana":"きたながせ","closed":false,"lat":34.652995,"lng":133.885325,"prefecture":33,"lines":[11610,11703],"attr":"heat","postal_code":"700-0963","address":"岡山市北長瀬","voronoi":{"type":"Feature","geometry":{"type":"Polygon","coordinates":[[[133.866261,34.658977],[133.869883,34.661954],[133.898073,34.655159],[133.898915,34.6543],[133.896973,34.645177],[133.876317,34.631252],[133.875255,34.631586],[133.866261,34.658977]]]},"properties":{}},"extra":false},
    {"code":1161003,"id":"5f7b38","name":"庭瀬","original_name":"庭瀬","name_kana":"にわせ","closed":false,"lat":34.642858,"lng":133.854454,"prefecture":33,"lines":[11610,11703],"attr":"heat","postal_code":"701-0151","address":"岡山市平野","voronoi":{"type":"Feature","geometry":{"type":"Polygon","coordinates":[[[133.837713,34.625713],[133.833791,34.62775],[133.825168,34.65211],[133.858967,34.660929],[133.866261,34.658977],[133.875255,34.631586],[133.858959,34.623674],[133.837713,34.625713]]]},"properties":{}},"extra":false},
    {"code":1161004,"id":"0cac15","name":"中庄","original_name":"中庄","name_kana":"なかしょう","closed":false,"lat":34.626493,"lng":133.808225,"prefecture":33,"lines":[11610,11703],"attr":"heat","postal_code":"710-0012","address":"倉敷市鳥羽","voronoi":{"type":"Feature","geometry":{"type":"Polygon","coordinates":[[[133.796129,34.661016],[133.821469,34.655037],[133.825168,34.65211],[133.833791,34.62775],[133.813168,34.606495],[133.796815,34.597096],[133.772035,34.64027],[133.773034,34.644617],[133.780819,34.653243],[133.796129,34.661016]]]},"properties":{}},"extra":false},
    {"code":1161005,"id":"42a7cf","name":"倉敷","original_name":"倉敷","name_kana":"くらしき","closed":false,"lat":34.602072,"lng":133.765676,"prefecture":33,"lines":[11610,11703],"attr":"heat","postal_code":"710-0055","address":"倉敷市阿知１丁目","voronoi":{"type":"Feature","geometry":{"type":"Polygon","coordinates":[[[133.772035,34.64027],[133.743628,34.618271],[133.747672,34.611425],[133.79389,34.585606],[133.794478,34.586359],[133.795493,34.588792],[133.796815,34.597096],[133.772035,34.64027]]]},"properties":{}},"extra":false},
    {"code":1170306,"id":"bb9076","name":"清音","original_name":"清音","name_kana":"きよね","closed":false,"lat":34.643671,"lng":133.733461,"prefecture":33,"lines":[11703,99705],"attr":"heat","postal_code":"719-1175","address":"総社市清音上中島","voronoi":{"type":"Feature","geometry":{"type":"Polygon","coordinates":[[[133.75083,34.656305],[133.709074,34.662661],[133.737421,34.61665],[133.743628,34.618271],[133.772035,34.64027],[133.773034,34.644617],[133.75083,34.656305]]]},"properties":{}},"extra":false},
    {"code":1170307,"id":"b6395f","name":"総社","original_name":"総社","name_kana":"そうじゃ","closed":false,"lat":34.673534,"lng":133.738007,"prefecture":33,"lines":[11703,11713,99705],"attr":"heat","postal_code":"719-1136","address":"総社市駅前１丁目","voronoi":{"type":"Feature","geometry":{"type":"Polygon","coordinates":[[[133.693525,34.671319],[133.695481,34.673545],[133.738917,34.693965],[133.75083,34.656305],[133.709074,34.662661],[133.693525,34.671319]]]},"properties":{}},"extra":false},
    {"code":1170308,"id":"e7bae2","name":"豪渓","original_name":"豪渓","name_kana":"ごうけい","closed":false,"lat":34.706299,"lng":133.722604,"prefecture":33,"lines":[11703],"attr":"heat","postal_code":"719-1153","address":"総社市宍粟","voronoi":{"type":"Feature","geometry":{"type":"Polygon","coordinates":[[[133.77488,34.821059],[133.756113,34.845429],[133.741215,34.831922],[133.695481,34.673545],[133.738917,34.693965],[133.751189,34.706359],[133.769749,34.771049],[133.77488,34.821059]]]},"properties":{}},"extra":false},
    {"code":1170309,"id":"f42268","name":"日羽","original_name":"日羽","name_kana":"ひわ","closed":false,"lat":34.715716,"lng":133.689993,"prefecture":33,"lines":[11703],"attr":"heat","postal_code":"719-1316","address":"総社市日羽","voronoi":{"type":"Feature","geometry":{"type":"Polygon","coordinates":[[[133.741215,34.831922],[133.695481,34.673545],[133.693525,34.671319],[133.693482,34.671306],[133.668918,34.670748],[133.666872,34.671359],[133.679123,34.778237],[133.71349,34.812857],[133.741215,34.831922]]]},"properties":{}},"extra":false},
    {"code":1170310,"id":"35ed22","name":"美袋","original_name":"美袋","name_kana":"みなぎ","closed":false,"lat":34.719797,"lng":133.654388,"prefecture":33,"lines":[11703],"attr":"heat","postal_code":"719-1311","address":"総社市美袋","voronoi":{"type":"Feature","geometry":{"type":"Polygon","coordinates":[[[133.679123,34.778237],[133.648313,34.761293],[133.59426,34.694452],[133.6264,34.671596],[133.634477,34.668885],[133.666872,34.671359],[133.679123,34.778237]]]},"properties":{}},"extra":false},
    {"code":1170311,"id":"d153ee","name":"備中広瀬","original_name":"備中広瀬","name_kana":"びっちゅうひろせ","closed":false,"lat":34.758552,"lng":133.606464,"prefecture":33,"lines":[11703],"attr":"heat","postal_code":"716-0051","address":"高梁市松山","voronoi":{"type":"Feature","geometry":{"type":"Polygon","coordinates":[[[133.494308,34.715917],[133.524344,34.70333],[133.59426,34.694452],[133.648313,34.761293],[133.548322,34.794716],[133.509123,34.787045],[133.439274,34.757493],[133.475602,34.727318],[133.494308,34.715917]]]},"properties":{}},"extra":false},
    {"code":1170312,"id":"8a5d5f","name":"備中高梁","original_name":"備中高梁","name_kana":"びっちゅうたかはし","closed":false,"lat":34.788648,"lng":133.616524,"prefecture":33,"lines":[11703],"attr":"eco","postal_code":"716-0039","address":"高梁市旭町","voronoi":{"type":"Feature","geometry":{"type":"Polygon","coordinates":[[[133.548322,34.794716],[133.648313,34.761293],[133.679123,34.778237],[133.71349,34.812857],[133.56986,34.804518],[133.548322,34.794716]]]},"properties":{}},"extra":false},
    {"code":1170313,"id":"3ba46d","name":"木野山","original_name":"木野山","name_kana":"きのやま","closed":false,"lat":34.825682,"lng":133.614374,"prefecture":33,"lines":[11703],"attr":"eco","postal_code":"716-0002","address":"高梁市津川町今津","voronoi":{"type":"Feature","geometry":{"type":"Polygon","coordinates":[[[133.684853,34.926021],[133.56986,34.804518],[133.71349,34.812857],[133.741215,34.831922],[133.756113,34.845429],[133.754397,34.874864],[133.684853,34.926021]]]},"properties":{}},"extra":false},
    {"code":1170314,"id":"4e3b89","name":"備中川面","original_name":"備中川面","name_kana":"びっちゅうかわも","closed":false,"lat":34.850129,"lng":133.588543,"prefecture":33,"lines":[11703],"attr":"eco","postal_code":"719-2121","address":"高梁市川面町","voronoi":{"type":"Feature","geometry":{"type":"Polygon","coordinates":[[[133.548322,34.794716],[133.509123,34.787045],[133.639684,34.944421],[133.683936,34.926928],[133.684853,34.926021],[133.56986,34.804518],[133.548322,34.794716]]]},"properties":{}},"extra":false},
    {"code":1170315,"id":"7fbcd3","name":"方谷","original_name":"方谷","name_kana":"ほうこく","closed":false,"lat":34.876748,"lng":133.556457,"prefecture":33,"lines":[11703],"attr":"eco","postal_code":"719-2402","address":"高梁市中井町西方","voronoi":{"type":"Feature","geometry":{"type":"Polygon","coordinates":[[[133.627532,34.952245],[133.639684,34.944421],[133.509123,34.787045],[133.439274,34.757493],[133.415688,34.76477],[133.424972,34.822861],[133.609762,34.957837],[133.627532,34.952245]]]},"properties":{}},"extra":false},
    {"code":1170316,"id":"1ce1dc","name":"井倉","original_name":"井倉","name_kana":"いくら","closed":false,"lat":34.931724,"lng":133.516301,"prefecture":33,"lines":[11703],"attr":"eco","postal_code":"719-2551","address":"新見市井倉","voronoi":{"type":"Feature","geometry":{"type":"Polygon","coordinates":[[[133.424972,34.822861],[133.424688,34.826252],[133.51926,34.977362],[133.565228,34.979197],[133.594758,34.969559],[133.609762,34.957837],[133.424972,34.822861]]]},"properties":{}},"extra":false},
    {"code":1170317,"id":"404169","name":"石蟹","original_name":"石蟹","name_kana":"いしが","closed":false,"lat":34.954752,"lng":133.479506,"prefecture":33,"lines":[11703],"attr":"eco","postal_code":"718-0015","address":"新見市石蟹","voronoi":{"type":"Feature","geometry":{"type":"Polygon","coordinates":[[[133.43859,34.950292],[133.494486,34.98947],[133.51926,34.977362],[133.424688,34.826252],[133.411454,34.880472],[133.411369,34.881572],[133.416539,34.912444],[133.43859,34.950292]]]},"properties":{}},"extra":false},
    {"code":1163425,"id":"c2ade2","name":"新見","original_name":"新見","name_kana":"にいみ","closed":false,"lat":34.987232,"lng":133.45674,"prefecture":33,"lines":[11634,11703,11714],"attr":"cool","postal_code":"718-0017","address":"新見市西方","voronoi":{"type":"Feature","geometry":{"type":"Polygon","coordinates":[[[133.494486,34.98947],[133.43859,34.950292],[133.440872,35.042331],[133.451516,35.057388],[133.494486,34.98947]]]},"properties":{}},"extra":false},
    {"code":1170319,"id":"33e9dc","name":"備中神代","original_name":"備中神代","name_kana":"びっちゅうこうじろ","closed":false,"lat":34.994571,"lng":133.40079,"prefecture":33,"lines":[11703,11714],"attr":"cool","postal_code":"718-0017","address":"新見市西方","voronoi":{"type":"Feature","geometry":{"type":"Polygon","coordinates":[[[133.422771,35.028562],[133.368611,35.007608],[133.402335,34.9608],[133.422771,35.028562]]]},"properties":{}},"extra":false},
    {"code":1170320,"id":"b3526f","name":"足立","original_name":"足立","name_kana":"あしだち","closed":false,"lat":35.038908,"lng":133.383636,"prefecture":33,"lines":[11703],"attr":"cool","postal_code":"719-3612","address":"新見市神郷油野","voronoi":{"type":"Feature","geometry":{"type":"Polygon","coordinates":[[[133.45561,35.089827],[133.30324,35.033895],[133.346957,35.011826],[133.368611,35.007608],[133.422771,35.028562],[133.440872,35.042331],[133.451516,35.057388],[133.45561,35.089827]]]},"properties":{}},"extra":false},
    {"code":1170321,"id":"8a5c3e","name":"新郷(岡山)","original_name":"新郷","name_kana":"にいざと","closed":false,"lat":35.082087,"lng":133.367786,"prefecture":33,"lines":[11703],"attr":"cool","postal_code":"719-2801","address":"新見市神郷釜村","voronoi":{"type":"Feature","geometry":{"type":"Polygon","coordinates":[[[133.433169,35.137178],[133.280414,35.05457],[133.290712,35.036148],[133.30324,35.033895],[133.45561,35.089827],[133.468085,35.120221],[133.468436,35.132194],[133.466975,35.132874],[133.433169,35.137178]]]},"properties":{}},"extra":false},
    {"code":1170322,"id":"f9475a","name":"上石見","original_name":"上石見","name_kana":"かみいわみ","closed":false,"lat":35.112622,"lng":133.351273,"prefecture":31,"lines":[11703],"attr":"eco","postal_code":"689-5664","address":"日野郡日南町中石見","voronoi":{"type":"Feature","geometry":{"type":"Polygon","coordinates":[[[133.280414,35.05457],[133.245334,35.096184],[133.363414,35.155218],[133.376313,35.156719],[133.433169,35.137178],[133.280414,35.05457]]]},"properties":{}},"extra":false},
    {"code":1170323,"id":"614a46","name":"生山","original_name":"生山","name_kana":"しょうやま","closed":false,"lat":35.171066,"lng":133.322054,"prefecture":31,"lines":[11703],"attr":"eco","postal_code":"689-5211","address":"日野郡日南町生山","voronoi":{"type":"Feature","geometry":{"type":"Polygon","coordinates":[[[133.231138,35.108057],[133.207323,35.177839],[133.209054,35.24049],[133.25277,35.25102],[133.363414,35.155218],[133.245334,35.096184],[133.242109,35.098209],[133.231138,35.108057]]]},"properties":{}},"extra":false},
    {"code":1170324,"id":"24caa5","name":"上菅","original_name":"上菅","name_kana":"かみすげ","closed":false,"lat":35.193886,"lng":133.341813,"prefecture":31,"lines":[11703],"attr":"eco","postal_code":"689-5137","address":"日野郡日野町上菅","voronoi":{"type":"Feature","geometry":{"type":"Polygon","coordinates":[[[133.376313,35.156719],[133.363414,35.155218],[133.25277,35.25102],[133.280349,35.262021],[133.341558,35.268572],[133.376313,35.156719]]]},"properties":{}},"extra":false},
    {"code":1170325,"id":"eeab99","name":"黒坂","original_name":"黒坂","name_kana":"くろさか","closed":false,"lat":35.206893,"lng":133.383674,"prefecture":31,"lines":[11703],"attr":"eco","postal_code":"689-5131","address":"日野郡日野町黒坂","voronoi":{"type":"Feature","geometry":{"type":"Polygon","coordinates":[[[133.433169,35.137178],[133.376313,35.156719],[133.341558,35.268572],[133.377445,35.283934],[133.466975,35.132874],[133.433169,35.137178]]]},"properties":{}},"extra":false},
    {"code":1170326,"id":"a009d8","name":"根雨","original_name":"根雨","name_kana":"ねう","closed":false,"lat":35.241483,"lng":133.442036,"prefecture":31,"lines":[11703],"attr":"eco","postal_code":"689-4503","address":"日野郡日野町根雨","voronoi":{"type":"Feature","geometry":{"type":"Polygon","coordinates":[[[133.521086,35.171696],[133.468436,35.132194],[133.466975,35.132874],[133.377445,35.283934],[133.383901,35.291416],[133.429775,35.294287],[133.521086,35.171696]]]},"properties":{}},"extra":false},
    {"code":1170327,"id":"d639c1","name":"武庫","original_name":"武庫","name_kana":"むこ","closed":false,"lat":35.267419,"lng":133.476857,"prefecture":31,"lines":[11703],"attr":"cool","postal_code":"689-4411","address":"日野郡江府町武庫","voronoi":{"type":"Feature","geometry":{"type":"Polygon","coordinates":[[[133.429775,35.294287],[133.521086,35.171696],[133.606019,35.211299],[133.436637,35.297811],[133.429775,35.294287]]]},"properties":{}},"extra":false},
    {"code":1170328,"id":"7e1296","name":"江尾","original_name":"江尾","name_kana":"えび","closed":false,"lat":35.283043,"lng":133.484837,"prefecture":31,"lines":[11703],"attr":"cool","postal_code":"689-4401","address":"日野郡江府町大字江尾","voronoi":{"type":"Feature","geometry":{"type":"Polygon","coordinates":[[[133.625692,35.21902],[133.606019,35.211299],[133.436637,35.297811],[133.557785,35.389801],[133.575687,35.383616],[133.630798,35.224313],[133.625692,35.21902]]]},"properties":{}},"extra":false},
    {"code":1170329,"id":"742d59","name":"伯耆溝口","original_name":"伯耆溝口","name_kana":"ほうきみぞぐち","closed":false,"lat":35.348207,"lng":133.435357,"prefecture":31,"lines":[11703],"attr":"cool","postal_code":"689-4201","address":"西伯郡伯耆町溝口","voronoi":{"type":"Feature","geometry":{"type":"Polygon","coordinates":[[[133.429775,35.294287],[133.383901,35.291416],[133.38259,35.313181],[133.394049,35.349005],[133.478652,35.40497],[133.51032,35.406591],[133.533068,35.40304],[133.546983,35.398091],[133.557785,35.389801],[133.436637,35.297811],[133.429775,35.294287]]]},"properties":{}},"extra":false},
    {"code":1170330,"id":"df80fe","name":"岸本","original_name":"岸本","name_kana":"きしもと","closed":false,"lat":35.387333,"lng":133.409475,"prefecture":31,"lines":[11703],"attr":"cool","postal_code":"689-4135","address":"西伯郡伯耆町押口","voronoi":{"type":"Feature","geometry":{"type":"Polygon","coordinates":[[[133.394049,35.349005],[133.383703,35.383157],[133.388256,35.403669],[133.419623,35.422177],[133.478652,35.40497],[133.394049,35.349005]]]},"properties":{}},"extra":false},
    {"code":1161640,"id":"42f652","name":"伯耆大山","original_name":"伯耆大山","name_kana":"ほうきだいせん","closed":false,"lat":35.430142,"lng":133.384216,"prefecture":31,"lines":[11616,11703],"attr":"heat","postal_code":"689-3543","address":"米子市蚊屋","voronoi":{"type":"Feature","geometry":{"type":"Polygon","coordinates":[[[133.388256,35.403669],[133.382226,35.407795],[133.367948,35.424585],[133.36932,35.49712],[133.369885,35.500151],[133.37104,35.50456],[133.419623,35.422177],[133.388256,35.403669]]]},"properties":{}},"extra":false},
    {"code":1161641,"id":"a14353","name":"東山公園(鳥取)","original_name":"東山公園","name_kana":"ひがしやまこうえん","closed":false,"lat":35.430753,"lng":133.351902,"prefecture":31,"lines":[11616,11703],"attr":"heat","postal_code":"683-0006","address":"米子市車尾","voronoi":{"type":"Feature","geometry":{"type":"Polygon","coordinates":[[[133.367948,35.424585],[133.361854,35.422314],[133.34588,35.427293],[133.345525,35.428101],[133.346558,35.441778],[133.349244,35.452441],[133.36932,35.49712],[133.367948,35.424585]]]},"properties":{}},"extra":false},
    {"code":1161642,"id":"0bd38f","name":"米子","original_name":"米子","name_kana":"よなご","closed":false,"lat":35.42327,"lng":133.33657,"prefecture":31,"lines":[11616,11701,11703,11705],"attr":"heat","postal_code":"683-0036","address":"米子市弥生町","voronoi":{"type":"Feature","geometry":{"type":"Polygon","coordinates":[[[133.296307,35.399174],[133.297308,35.415541],[133.31384,35.42529],[133.325529,35.428992],[133.334029,35.428949],[133.3347,35.428706],[133.342051,35.418482],[133.339075,35.402185],[133.319646,35.392319],[133.316798,35.392917],[133.296307,35.399174]]]},"properties":{}},"extra":false}
  ],
  "extra":false
}