{
  "code":11720,
  "id":"c0fa44",
  "name":"JR福塩線",
  "name_kana":"じぇいあーるふくえんせん",
  "station_size":31,
  "company_code":4,
  "closed":false,
  "color":"#49479E",
  "symbol":"Z",
  "station_list":[
    {"code":100308,"id":"6bb02c","name":"福山","original_name":"福山","name_kana":"ふくやま","closed":false,"lat":34.489291,"lng":133.361429,"prefecture":34,"lines":[1003,11610,11720],"attr":"heat","postal_code":"720-0066","address":"福山市三之丸町","voronoi":{"type":"Feature","geometry":{"type":"Polygon","coordinates":[[[133.411305,34.228449],[133.416777,34.232863],[133.381868,34.504098],[133.356799,34.505703],[133.342982,34.449538],[133.410833,34.228363],[133.411305,34.228449]]]},"properties":{}},"extra":false},
    {"code":1172002,"id":"888540","name":"備後本庄","original_name":"備後本庄","name_kana":"びんごほんじょう","closed":false,"lat":34.493312,"lng":133.345083,"prefecture":34,"lines":[11720],"attr":"heat","postal_code":"720-0076","address":"福山市本庄町中","voronoi":{"type":"Feature","geometry":{"type":"Polygon","coordinates":[[[133.356799,34.505703],[133.333961,34.520669],[133.324143,34.517292],[133.311216,34.508963],[133.342982,34.449538],[133.356799,34.505703]]]},"properties":{}},"extra":false},
    {"code":1172003,"id":"8b9ca9","name":"横尾","original_name":"横尾","name_kana":"よこお","closed":false,"lat":34.52139,"lng":133.363484,"prefecture":34,"lines":[11720],"attr":"heat","postal_code":"720-0011","address":"福山市横尾町","voronoi":{"type":"Feature","geometry":{"type":"Polygon","coordinates":[[[133.387637,34.513241],[133.362659,34.537461],[133.351596,34.536742],[133.336378,34.52395],[133.333961,34.520669],[133.356799,34.505703],[133.381868,34.504098],[133.387637,34.513241]]]},"properties":{}},"extra":false},
    {"code":1172004,"id":"e3b244","name":"神辺","original_name":"神辺","name_kana":"かんなべ","closed":false,"lat":34.537131,"lng":133.378747,"prefecture":34,"lines":[11720,99705],"attr":"heat","postal_code":"720-2124","address":"福山市神辺町川南","voronoi":{"type":"Feature","geometry":{"type":"Polygon","coordinates":[[[133.362659,34.537461],[133.364158,34.53905],[133.379355,34.546709],[133.413074,34.529307],[133.387637,34.513241],[133.362659,34.537461]]]},"properties":{}},"extra":false},
    {"code":1172005,"id":"36405f","name":"湯田村","original_name":"湯田村","name_kana":"ゆだむら","closed":false,"lat":34.551918,"lng":133.371294,"prefecture":34,"lines":[11720],"attr":"heat","postal_code":"720-2126","address":"福山市神辺町徳田","voronoi":{"type":"Feature","geometry":{"type":"Polygon","coordinates":[[[133.377524,34.580687],[133.372689,34.592313],[133.364158,34.53905],[133.379355,34.546709],[133.377524,34.580687]]]},"properties":{}},"extra":false},
    {"code":1172006,"id":"5936ba","name":"道上","original_name":"道上","name_kana":"みちのうえ","closed":false,"lat":34.553503,"lng":133.361398,"prefecture":34,"lines":[11720],"attr":"heat","postal_code":"720-2104","address":"福山市神辺町道上","voronoi":{"type":"Feature","geometry":{"type":"Polygon","coordinates":[[[133.337352,34.720064],[133.332853,34.731508],[133.33112,34.731072],[133.351596,34.536742],[133.362659,34.537461],[133.364158,34.53905],[133.372689,34.592313],[133.337352,34.720064]]]},"properties":{}},"extra":false},
    {"code":1172007,"id":"e42238","name":"万能倉","original_name":"万能倉","name_kana":"まなぐら","closed":false,"lat":34.551092,"lng":133.338516,"prefecture":34,"lines":[11720],"attr":"heat","postal_code":"720-1131","address":"福山市駅家町大字万能倉","voronoi":{"type":"Feature","geometry":{"type":"Polygon","coordinates":[[[133.321853,34.729359],[133.33112,34.731072],[133.351596,34.536742],[133.336378,34.52395],[133.312303,34.674836],[133.313,34.679835],[133.321853,34.729359]]]},"properties":{}},"extra":false},
    {"code":1172008,"id":"35cb9c","name":"駅家","original_name":"駅家","name_kana":"えきや","closed":false,"lat":34.549079,"lng":133.3259,"prefecture":34,"lines":[11720],"attr":"heat","postal_code":"720-1132","address":"福山市駅家町大字倉光","voronoi":{"type":"Feature","geometry":{"type":"Polygon","coordinates":[[[133.307183,34.607493],[133.324143,34.517292],[133.333961,34.520669],[133.336378,34.52395],[133.312303,34.674836],[133.310342,34.664587],[133.307183,34.607493]]]},"properties":{}},"extra":false},
    {"code":1172009,"id":"846ade","name":"近田","original_name":"近田","name_kana":"ちかた","closed":false,"lat":34.54627,"lng":133.31096,"prefecture":34,"lines":[11720],"attr":"heat","postal_code":"720-1133","address":"福山市駅家町大字近田","voronoi":{"type":"Feature","geometry":{"type":"Polygon","coordinates":[[[133.324143,34.517292],[133.307183,34.607493],[133.306994,34.606452],[133.305044,34.509424],[133.311216,34.508963],[133.324143,34.517292]]]},"properties":{}},"extra":false},
    {"code":1172010,"id":"91c1cc","name":"戸手","original_name":"戸手","name_kana":"とで","closed":false,"lat":34.546478,"lng":133.300613,"prefecture":34,"lines":[11720],"attr":"heat","postal_code":"729-3101","address":"福山市新市町大字戸手","voronoi":{"type":"Feature","geometry":{"type":"Polygon","coordinates":[[[133.280184,34.507818],[133.305044,34.509424],[133.306994,34.606452],[133.280184,34.507818]]]},"properties":{}},"extra":false},
    {"code":1172011,"id":"34ae03","name":"上戸手","original_name":"上戸手","name_kana":"かみとで","closed":false,"lat":34.5515,"lng":133.282137,"prefecture":34,"lines":[11720],"attr":"heat","postal_code":"729-3101","address":"福山市新市町大字戸手","voronoi":{"type":"Feature","geometry":{"type":"Polygon","coordinates":[[[133.289518,34.612187],[133.264281,34.503155],[133.280184,34.507818],[133.306994,34.606452],[133.307183,34.607493],[133.310342,34.664587],[133.289518,34.612187]]]},"properties":{}},"extra":false},
    {"code":1172012,"id":"a8cc08","name":"新市","original_name":"新市","name_kana":"しんいち","closed":false,"lat":34.554429,"lng":133.269483,"prefecture":34,"lines":[11720],"attr":"heat","postal_code":"729-3103","address":"福山市新市町大字新市","voronoi":{"type":"Feature","geometry":{"type":"Polygon","coordinates":[[[133.237458,34.513323],[133.237472,34.505502],[133.263377,34.50276],[133.264281,34.503155],[133.289518,34.612187],[133.237458,34.513323]]]},"properties":{}},"extra":false},
    {"code":1172013,"id":"f7f127","name":"高木(広島)","original_name":"高木","name_kana":"たかぎ","closed":false,"lat":34.562987,"lng":133.253231,"prefecture":34,"lines":[11720],"attr":"heat","postal_code":"726-0013","address":"広島県府中市高木町39-5","voronoi":{"type":"Feature","geometry":{"type":"Polygon","coordinates":[[[133.233105,34.537379],[133.237458,34.513323],[133.289518,34.612187],[133.310342,34.664587],[133.312303,34.674836],[133.313,34.679835],[133.233105,34.537379]]]},"properties":{}},"extra":false},
    {"code":1172014,"id":"b659c7","name":"鵜飼","original_name":"鵜飼","name_kana":"うかい","closed":false,"lat":34.567905,"lng":133.244462,"prefecture":34,"lines":[11720],"attr":"heat","postal_code":"726-0002","address":"府中市鵜飼町","voronoi":{"type":"Feature","geometry":{"type":"Polygon","coordinates":[[[133.233105,34.537379],[133.229934,34.546518],[133.311374,34.730276],[133.321853,34.729359],[133.313,34.679835],[133.233105,34.537379]]]},"properties":{}},"extra":false},
    {"code":1172015,"id":"b84136","name":"府中(広島)","original_name":"府中","name_kana":"ふちゅう","closed":false,"lat":34.571646,"lng":133.236021,"prefecture":34,"lines":[11720],"attr":"heat","postal_code":"726-0004","address":"府中市府川町","voronoi":{"type":"Feature","geometry":{"type":"Polygon","coordinates":[[[133.281379,34.733698],[133.311374,34.730276],[133.229934,34.546518],[133.214077,34.574637],[133.243503,34.69251],[133.26446,34.71745],[133.281379,34.733698]]]},"properties":{}},"extra":false},
    {"code":1172016,"id":"ea88ac","name":"下川辺","original_name":"下川辺","name_kana":"しもかわべ","closed":false,"lat":34.554311,"lng":133.205282,"prefecture":34,"lines":[11720],"attr":"heat","postal_code":"726-0027","address":"府中市篠根町","voronoi":{"type":"Feature","geometry":{"type":"Polygon","coordinates":[[[133.237458,34.513323],[133.233105,34.537379],[133.229934,34.546518],[133.214077,34.574637],[133.171492,34.556416],[133.163675,34.547946],[133.186997,34.518366],[133.207771,34.503432],[133.227587,34.500409],[133.237472,34.505502],[133.237458,34.513323]]]},"properties":{}},"extra":false},
    {"code":1172017,"id":"6071d6","name":"中畑","original_name":"中畑","name_kana":"なかはた","closed":false,"lat":34.582311,"lng":133.193301,"prefecture":34,"lines":[11720],"attr":"cool","postal_code":"729-3221","address":"府中市河佐町","voronoi":{"type":"Feature","geometry":{"type":"Polygon","coordinates":[[[133.20025,34.656873],[133.171492,34.556416],[133.214077,34.574637],[133.243503,34.69251],[133.20025,34.656873]]]},"properties":{}},"extra":false},
    {"code":1172018,"id":"0c5f79","name":"河佐","original_name":"河佐","name_kana":"かわさ","closed":false,"lat":34.589929,"lng":133.16669,"prefecture":34,"lines":[11720],"attr":"cool","postal_code":"729-3222","address":"府中市久佐町","voronoi":{"type":"Feature","geometry":{"type":"Polygon","coordinates":[[[133.171492,34.556416],[133.163675,34.547946],[133.150726,34.550971],[133.157698,34.633445],[133.20025,34.656873],[133.171492,34.556416]]]},"properties":{}},"extra":false},
    {"code":1172019,"id":"e54481","name":"八田原","original_name":"八田原","name_kana":"はったばら","closed":true,"lat":34.592056,"lng":133.141528,"prefecture":34,"lines":[11720],"postal_code":"729-3301","address":"広島県世羅郡小谷世羅町","open_date":"1963-10-01","closed_date":"1989-04-20","voronoi":{"type":"Feature","geometry":{"type":"Polygon","coordinates":[[[133.042917,34.542861],[133.151201,34.632026],[133.157698,34.633445],[133.150726,34.550971],[133.042917,34.542861]]]},"properties":{}},"extra":true},
    {"code":1172020,"id":"d9ac8e","name":"備後三川","original_name":"備後三川","name_kana":"びんごみかわ","closed":false,"lat":34.630201,"lng":133.110118,"prefecture":34,"lines":[11720],"attr":"cool","postal_code":"729-3307","address":"世羅郡世羅町大字伊尾","voronoi":{"type":"Feature","geometry":{"type":"Polygon","coordinates":[[[133.020185,34.535799],[133.042917,34.542861],[133.151201,34.632026],[133.084547,34.66254],[133.051005,34.649393],[132.999919,34.617037],[132.974051,34.585352],[133.003516,34.545076],[133.020185,34.535799]]]},"properties":{}},"extra":false},
    {"code":1172021,"id":"1a7019","name":"備後矢野","original_name":"備後矢野","name_kana":"びんごやの","closed":false,"lat":34.664316,"lng":133.125736,"prefecture":34,"lines":[11720],"attr":"cool","postal_code":"729-3415","address":"府中市上下町矢多田","voronoi":{"type":"Feature","geometry":{"type":"Polygon","coordinates":[[[133.092931,34.672008],[133.084547,34.66254],[133.151201,34.632026],[133.157698,34.633445],[133.20025,34.656873],[133.243503,34.69251],[133.26446,34.71745],[133.092931,34.672008]]]},"properties":{}},"extra":false},
    {"code":1172022,"id":"a9b04e","name":"上下","original_name":"上下","name_kana":"じょうげ","closed":false,"lat":34.694932,"lng":133.117625,"prefecture":34,"lines":[11720],"attr":"cool","postal_code":"729-3431","address":"府中市上下町上下","voronoi":{"type":"Feature","geometry":{"type":"Polygon","coordinates":[[[133.281379,34.733698],[133.181715,34.808884],[133.1221,34.793553],[133.092931,34.672008],[133.26446,34.71745],[133.281379,34.733698]]]},"properties":{}},"extra":false},
    {"code":1172023,"id":"74890a","name":"甲奴","original_name":"甲奴","name_kana":"こうぬ","closed":false,"lat":34.703642,"lng":133.081331,"prefecture":34,"lines":[11720],"attr":"cool","postal_code":"729-4101","address":"三次市甲奴町本郷","voronoi":{"type":"Feature","geometry":{"type":"Polygon","coordinates":[[[133.113516,34.793024],[133.087565,34.760196],[133.051005,34.649393],[133.084547,34.66254],[133.092931,34.672008],[133.1221,34.793553],[133.113516,34.793024]]]},"properties":{}},"extra":false},
    {"code":1172024,"id":"3dea7f","name":"梶田","original_name":"梶田","name_kana":"かじた","closed":false,"lat":34.711037,"lng":133.058919,"prefecture":34,"lines":[11720],"attr":"cool","postal_code":"729-4105","address":"三次市甲奴町梶田","voronoi":{"type":"Feature","geometry":{"type":"Polygon","coordinates":[[[132.999919,34.617037],[133.051005,34.649393],[133.087565,34.760196],[133.021418,34.705273],[132.999919,34.617037]]]},"properties":{}},"extra":false},
    {"code":1172025,"id":"4bf065","name":"備後安田","original_name":"備後安田","name_kana":"びんごやすだ","closed":false,"lat":34.741075,"lng":133.033978,"prefecture":34,"lines":[11720],"attr":"cool","postal_code":"729-4203","address":"三次市吉舎町安田","voronoi":{"type":"Feature","geometry":{"type":"Polygon","coordinates":[[[133.061234,34.807031],[133.113516,34.793024],[133.087565,34.760196],[133.021418,34.705273],[133.001227,34.77021],[133.008399,34.792029],[133.031045,34.802581],[133.061234,34.807031]]]},"properties":{}},"extra":false},
    {"code":1172026,"id":"f0f624","name":"吉舎","original_name":"吉舎","name_kana":"きさ","closed":false,"lat":34.727641,"lng":132.990771,"prefecture":34,"lines":[11720],"attr":"eco","postal_code":"729-4204","address":"三次市吉舎町三玉","voronoi":{"type":"Feature","geometry":{"type":"Polygon","coordinates":[[[132.889397,34.618329],[132.89163,34.650848],[132.923318,34.703119],[133.001227,34.77021],[133.021418,34.705273],[132.999919,34.617037],[132.974051,34.585352],[132.889397,34.618329]]]},"properties":{}},"extra":false},
    {"code":1172027,"id":"762899","name":"三良坂","original_name":"三良坂","name_kana":"みらさか","closed":false,"lat":34.766186,"lng":132.957578,"prefecture":34,"lines":[11720],"attr":"eco","postal_code":"729-4304","address":"三次市三良坂町三良坂","voronoi":{"type":"Feature","geometry":{"type":"Polygon","coordinates":[[[132.923318,34.703119],[132.937049,34.777412],[132.957051,34.797898],[132.992303,34.797846],[133.008399,34.792029],[133.001227,34.77021],[132.923318,34.703119]]]},"properties":{}},"extra":false},
    {"code":1171423,"id":"b84b59","name":"塩町","original_name":"塩町","name_kana":"しおまち","closed":false,"lat":34.774265,"lng":132.913863,"prefecture":34,"lines":[11714,11720],"attr":"cool","postal_code":"729-6205","address":"三次市塩町","voronoi":{"type":"Feature","geometry":{"type":"Polygon","coordinates":[[[132.937049,34.777412],[132.914641,34.788397],[132.871939,34.714918],[132.89163,34.650848],[132.923318,34.703119],[132.937049,34.777412]]]},"properties":{}},"extra":false},
    {"code":1171424,"id":"79b853","name":"神杉","original_name":"神杉","name_kana":"かみすぎ","closed":false,"lat":34.780725,"lng":132.902747,"prefecture":34,"lines":[11714,11720],"attr":"eco","postal_code":"729-6214","address":"三次市高杉町","voronoi":{"type":"Feature","geometry":{"type":"Polygon","coordinates":[[[132.871939,34.714918],[132.859284,34.74599],[132.86142,34.753406],[132.866726,34.764727],[132.902523,34.804554],[132.914641,34.788397],[132.871939,34.714918]]]},"properties":{}},"extra":false},
    {"code":1171425,"id":"4d7577","name":"八次","original_name":"八次","name_kana":"やつぎ","closed":false,"lat":34.802244,"lng":132.878805,"prefecture":34,"lines":[11714,11720],"attr":"eco","postal_code":"728-0017","address":"三次市南畑敷町","voronoi":{"type":"Feature","geometry":{"type":"Polygon","coordinates":[[[132.906865,34.848705],[132.902523,34.804554],[132.866726,34.764727],[132.867959,34.834743],[132.887605,34.904214],[132.906865,34.848705]]]},"properties":{}},"extra":false},
    {"code":1170735,"id":"5c7afb","name":"三次","original_name":"三次","name_kana":"みよし","closed":false,"lat":34.802646,"lng":132.855976,"prefecture":34,"lines":[11707,11714,11720],"attr":"eco","postal_code":"728-0014","address":"三次市十日市南１丁目","voronoi":{"type":"Feature","geometry":{"type":"Polygon","coordinates":[[[132.866726,34.764727],[132.867959,34.834743],[132.847167,34.805327],[132.86142,34.753406],[132.866726,34.764727]]]},"properties":{}},"extra":false}
  ],
  "extra":false
}