{
  "code":11725,
  "id":2157,
  "name":"JR若桜線",
  "name_kana":"じぇいあーるわかさせん",
  "station_size":7,
  "company_code":4,
  "closed":true,
  "station_list":[
    {"code":1170404,"id":3462,"name":"郡家","original_name":"郡家","name_kana":"こおげ","closed":false,"lat":35.412824,"lng":134.250807,"prefecture":31,"lines":[11704,99701,11725],"attr":"eco","postal_code":"680-0461","address":"八頭郡八頭町郡家","voronoi":{"type":"Feature","geometry":{"type":"Polygon","coordinates":[[[134.220137,35.435622],[134.226939,35.423305],[134.257838,35.403279],[134.263132,35.402789],[134.273148,35.410968],[134.228404,35.436001],[134.220137,35.435622]]]},"properties":{}},"extra":false},
    {"code":9970103,"id":8325,"name":"因幡船岡","original_name":"因幡船岡","name_kana":"いなばふなおか","closed":false,"lat":35.395187,"lng":134.249174,"prefecture":31,"lines":[99701,11725],"attr":"heat","postal_code":"680-0471","address":"八頭郡八頭町船岡","voronoi":{"type":"Feature","geometry":{"type":"Polygon","coordinates":[[[134.250218,35.360282],[134.234858,35.382085],[134.236223,35.397331],[134.257838,35.403279],[134.263132,35.402789],[134.250218,35.360282]]]},"properties":{}},"extra":false},
    {"code":9970104,"id":8326,"name":"隼","original_name":"隼","name_kana":"はやぶさ","closed":false,"lat":35.388707,"lng":134.270503,"prefecture":31,"lines":[99701,11725],"attr":"heat","postal_code":"680-0404","address":"八頭郡八頭町見槻中","voronoi":{"type":"Feature","geometry":{"type":"Polygon","coordinates":[[[134.250218,35.360282],[134.255318,35.343122],[134.306658,35.419798],[134.273148,35.410968],[134.263132,35.402789],[134.250218,35.360282]]]},"properties":{}},"extra":false},
    {"code":9970105,"id":8327,"name":"安部","original_name":"安部","name_kana":"あべ","closed":false,"lat":35.374526,"lng":134.291682,"prefecture":31,"lines":[99701,11725],"attr":"heat","postal_code":"680-0526","address":"八頭郡八頭町日下部徳尾","voronoi":{"type":"Feature","geometry":{"type":"Polygon","coordinates":[[[134.255392,35.339451],[134.255318,35.343122],[134.306658,35.419798],[134.328297,35.432423],[134.324134,35.414457],[134.280495,35.315601],[134.263286,35.317425],[134.255392,35.339451]]]},"properties":{}},"extra":false},
    {"code":9970106,"id":8328,"name":"八東","original_name":"八東","name_kana":"はっとう","closed":false,"lat":35.363572,"lng":134.316496,"prefecture":31,"lines":[99701,11725],"attr":"eco","postal_code":"680-0531","address":"八頭郡八頭町才代","voronoi":{"type":"Feature","geometry":{"type":"Polygon","coordinates":[[[134.324134,35.414457],[134.280495,35.315601],[134.328648,35.29891],[134.324134,35.414457]]]},"properties":{}},"extra":false},
    {"code":9970108,"id":8330,"name":"丹比","original_name":"丹比","name_kana":"たんぴ","closed":false,"lat":35.360734,"lng":134.356175,"prefecture":31,"lines":[99701,11725],"attr":"cool","postal_code":"680-0604","address":"八頭郡八頭町南","voronoi":{"type":"Feature","geometry":{"type":"Polygon","coordinates":[[[134.365096,35.46931],[134.422007,35.474797],[134.351601,35.283267],[134.334271,35.29598],[134.364653,35.469145],[134.365096,35.46931]]]},"properties":{}},"extra":false},
    {"code":9970109,"id":8331,"name":"若桜","original_name":"若桜","name_kana":"わかさ","closed":false,"lat":35.345253,"lng":134.398289,"prefecture":31,"lines":[99701,11725],"attr":"cool","postal_code":"680-0701","address":"八頭郡若桜町大字若桜","voronoi":{"type":"Feature","geometry":{"type":"Polygon","coordinates":[[[134.550012,35.195605],[134.364736,35.268219],[134.357946,35.274827],[134.351601,35.283267],[134.422007,35.474797],[134.428917,35.47669],[134.454827,35.477141],[134.501666,35.46791],[134.577642,35.43586],[134.582277,35.421775],[134.602225,35.311071],[134.585469,35.249953],[134.550012,35.195605]]]},"properties":{}},"extra":false}
  ],
  "closed_date":"1987-10-14",
  "extra":true
}