{
  "code":11804,
  "id":183,
  "name":"JR牟岐線",
  "name_kana":"じぇいあーるむぎせん",
  "station_size":29,
  "company_code":5,
  "closed":false,
  "color":"#00B5AD",
  "symbol":"M",
  "station_list":[
    {"code":1180229,"id":3852,"name":"徳島","original_name":"徳島","name_kana":"とくしま","closed":false,"lat":34.074572,"lng":134.551391,"prefecture":36,"numbering":["M00"],"lines":[11802,11803,11804],"attr":"cool","postal_code":"770-0831","address":"徳島市寺島本町西２丁目","voronoi":{"type":"Feature","geometry":{"type":"Polygon","coordinates":[[[134.606894,34.108429],[134.626153,34.098767],[134.544783,34.065766],[134.539904,34.066896],[134.557574,34.104297],[134.582595,34.116001],[134.595912,34.112313],[134.606894,34.108429]]]},"properties":{}},"extra":false},
    {"code":1180402,"id":3875,"name":"阿波富田","original_name":"阿波富田","name_kana":"あわとみだ","closed":false,"lat":34.064051,"lng":134.555658,"prefecture":36,"numbering":["M01"],"lines":[11804],"attr":"heat","postal_code":"770-0939","address":"徳島市かちどき橋１丁目","voronoi":{"type":"Feature","geometry":{"type":"Polygon","coordinates":[[[134.578945,34.041409],[134.574187,34.040179],[134.570595,34.040981],[134.569986,34.041361],[134.544783,34.065766],[134.626153,34.098767],[134.655495,34.086614],[134.578945,34.041409]]]},"properties":{}},"extra":false},
    {"code":1180403,"id":3876,"name":"二軒屋","original_name":"二軒屋","name_kana":"にけんや","closed":false,"lat":34.054952,"lng":134.546847,"prefecture":36,"numbering":["M02"],"lines":[11804],"attr":"heat","postal_code":"770-8063","address":"徳島市南二軒屋町","voronoi":{"type":"Feature","geometry":{"type":"Polygon","coordinates":[[[134.523635,34.05674],[134.529342,34.063481],[134.539904,34.066896],[134.544783,34.065766],[134.569986,34.041361],[134.523635,34.05674]]]},"properties":{}},"extra":false},
    {"code":1180404,"id":3877,"name":"文化の森","original_name":"文化の森","name_kana":"ぶんかのもり","closed":false,"lat":34.044298,"lng":134.543312,"prefecture":36,"numbering":["M03"],"lines":[11804],"attr":"heat","postal_code":"770-8081","address":"徳島市八万町弐丈","voronoi":{"type":"Feature","geometry":{"type":"Polygon","coordinates":[[[134.523635,34.05674],[134.569986,34.041361],[134.570595,34.040981],[134.495756,34.02439],[134.500053,34.03304],[134.516483,34.051583],[134.523635,34.05674]]]},"properties":{}},"extra":false},
    {"code":1180405,"id":3878,"name":"地蔵橋","original_name":"地蔵橋","name_kana":"じぞうばし","closed":false,"lat":34.026444,"lng":134.54727,"prefecture":36,"numbering":["M04"],"lines":[11804],"attr":"heat","postal_code":"770-8024","address":"徳島市西須賀町西開","voronoi":{"type":"Feature","geometry":{"type":"Polygon","coordinates":[[[134.434681,33.895578],[134.447817,33.935809],[134.471894,33.992294],[134.495756,34.02439],[134.570595,34.040981],[134.574187,34.040179],[134.478962,33.908647],[134.434681,33.895578]]]},"properties":{}},"extra":false},
    {"code":1180406,"id":3879,"name":"中田(徳島)","original_name":"中田","name_kana":"ちゅうでん","closed":false,"lat":34.010319,"lng":134.569543,"prefecture":36,"numbering":["M05"],"lines":[11804,10802],"attr":"heat","postal_code":"773-0016","address":"小松島市中郷町長平","voronoi":{"type":"Feature","geometry":{"type":"Polygon","coordinates":[[[134.578519,34.008908],[134.578945,34.041409],[134.574187,34.040179],[134.478962,33.908647],[134.496948,33.912028],[134.515472,33.918001],[134.562851,33.964502],[134.568533,33.971714],[134.578519,34.008908]]]},"properties":{}},"extra":false},
    {"code":1180407,"id":3880,"name":"南小松島","original_name":"南小松島","name_kana":"みなみこまつしま","closed":false,"lat":34.005634,"lng":134.586994,"prefecture":36,"numbering":["M06"],"lines":[11804],"attr":"heat","postal_code":"773-0005","address":"小松島市南小松島町","voronoi":{"type":"Feature","geometry":{"type":"Polygon","coordinates":[[[134.610816,34.005031],[134.568533,33.971714],[134.578519,34.008908],[134.610816,34.005031]]]},"properties":{}},"extra":false},
    {"code":1180408,"id":3881,"name":"阿波赤石","original_name":"阿波赤石","name_kana":"あわあかいし","closed":false,"lat":33.981729,"lng":134.60583,"prefecture":36,"numbering":["M07"],"lines":[11804],"attr":"heat","postal_code":"773-0021","address":"小松島市赤石町","voronoi":{"type":"Feature","geometry":{"type":"Polygon","coordinates":[[[134.610816,34.005031],[134.568533,33.971714],[134.562851,33.964502],[134.631311,33.982258],[134.661955,34.007782],[134.688106,34.038351],[134.708533,34.068106],[134.610816,34.005031]]]},"properties":{}},"extra":false},
    {"code":1180409,"id":3882,"name":"立江","original_name":"立江","name_kana":"たつえ","closed":false,"lat":33.970336,"lng":134.608785,"prefecture":36,"numbering":["M08"],"lines":[11804],"attr":"heat","postal_code":"773-0017","address":"小松島市立江町字株木","voronoi":{"type":"Feature","geometry":{"type":"Polygon","coordinates":[[[134.585613,33.921302],[134.515472,33.918001],[134.562851,33.964502],[134.631311,33.982258],[134.585613,33.921302]]]},"properties":{}},"extra":false},
    {"code":1180410,"id":3883,"name":"羽ノ浦","original_name":"羽ノ浦","name_kana":"はのうら","closed":false,"lat":33.957293,"lng":134.626183,"prefecture":36,"numbering":["M09"],"lines":[11804],"attr":"heat","postal_code":"779-1102","address":"阿南市羽ノ浦町宮倉","voronoi":{"type":"Feature","geometry":{"type":"Polygon","coordinates":[[[134.585613,33.921302],[134.61799,33.916249],[134.661955,34.007782],[134.631311,33.982258],[134.585613,33.921302]]]},"properties":{}},"extra":false},
    {"code":1180411,"id":3884,"name":"西原(徳島)","original_name":"西原","name_kana":"にしばら","closed":false,"lat":33.9483,"lng":134.644906,"prefecture":36,"numbering":["M10"],"lines":[11804],"attr":"heat","postal_code":"779-1233","address":"阿南市那賀川町大京原","voronoi":{"type":"Feature","geometry":{"type":"Polygon","coordinates":[[[134.623474,33.915763],[134.619988,33.915391],[134.61799,33.916249],[134.661955,34.007782],[134.688106,34.038351],[134.650235,33.931711],[134.623474,33.915763]]]},"properties":{}},"extra":false},
    {"code":1180412,"id":3885,"name":"阿波中島","original_name":"阿波中島","name_kana":"あわなかしま","closed":false,"lat":33.941223,"lng":134.664834,"prefecture":36,"numbering":["M11"],"lines":[11804],"attr":"cool","postal_code":"779-1242","address":"阿南市那賀川町赤池","voronoi":{"type":"Feature","geometry":{"type":"Polygon","coordinates":[[[134.708533,34.068106],[134.688106,34.038351],[134.650235,33.931711],[134.711229,33.924687],[134.897756,33.935326],[134.893141,34.012249],[134.876935,34.058228],[134.799525,34.079766],[134.753474,34.087924],[134.718868,34.079709],[134.708533,34.068106]]]},"properties":{}},"extra":false},
    {"code":1180413,"id":3886,"name":"阿南","original_name":"阿南","name_kana":"あなん","closed":false,"lat":33.919129,"lng":134.66229,"prefecture":36,"numbering":["M12"],"lines":[11804],"attr":"cool","postal_code":"774-0030","address":"阿南市富岡町字今福寺","voronoi":{"type":"Feature","geometry":{"type":"Polygon","coordinates":[[[134.711229,33.924687],[134.649185,33.90653],[134.623474,33.915763],[134.650235,33.931711],[134.711229,33.924687]]]},"properties":{}},"extra":false},
    {"code":1180414,"id":3887,"name":"見能林","original_name":"見能林","name_kana":"みのばやし","closed":false,"lat":33.902984,"lng":134.667015,"prefecture":36,"numbering":["M13"],"lines":[11804],"attr":"cool","postal_code":"774-0017","address":"阿南市見能林町清水山東","voronoi":{"type":"Feature","geometry":{"type":"Polygon","coordinates":[[[134.897756,33.935326],[134.711229,33.924687],[134.649185,33.90653],[134.809111,33.733137],[134.902768,33.67769],[134.908778,33.858121],[134.908762,33.858454],[134.897756,33.935326]]]},"properties":{}},"extra":false},
    {"code":1180415,"id":3888,"name":"阿波橘","original_name":"阿波橘","name_kana":"あわたちばな","closed":false,"lat":33.888472,"lng":134.651281,"prefecture":36,"numbering":["M14"],"lines":[11804],"attr":"cool","postal_code":"774-0021","address":"阿南市津乃峰町東分","voronoi":{"type":"Feature","geometry":{"type":"Polygon","coordinates":[[[134.809111,33.733137],[134.776518,33.750362],[134.646111,33.843531],[134.619988,33.915391],[134.623474,33.915763],[134.649185,33.90653],[134.809111,33.733137]]]},"properties":{}},"extra":false},
    {"code":1180416,"id":3889,"name":"桑野","original_name":"桑野","name_kana":"くわの","closed":false,"lat":33.87466,"lng":134.613287,"prefecture":36,"numbering":["M15"],"lines":[11804],"attr":"cool","postal_code":"779-1402","address":"阿南市桑野町岡元","voronoi":{"type":"Feature","geometry":{"type":"Polygon","coordinates":[[[134.496948,33.912028],[134.515472,33.918001],[134.585613,33.921302],[134.61799,33.916249],[134.619988,33.915391],[134.646111,33.843531],[134.642354,33.844127],[134.496948,33.912028]]]},"properties":{}},"extra":false},
    {"code":1180417,"id":3890,"name":"新野(徳島)","original_name":"新野","name_kana":"あらたの","closed":false,"lat":33.846813,"lng":134.600283,"prefecture":36,"numbering":["M16"],"lines":[11804],"attr":"cool","postal_code":"779-1510","address":"阿南市新野町信里","voronoi":{"type":"Feature","geometry":{"type":"Polygon","coordinates":[[[134.434681,33.895578],[134.422902,33.886017],[134.492965,33.842025],[134.543787,33.822501],[134.642354,33.844127],[134.496948,33.912028],[134.478962,33.908647],[134.434681,33.895578]]]},"properties":{}},"extra":false},
    {"code":1180418,"id":3891,"name":"阿波福井","original_name":"阿波福井","name_kana":"あわふくい","closed":false,"lat":33.824074,"lng":134.605272,"prefecture":36,"numbering":["M17"],"lines":[11804],"attr":"cool","postal_code":"779-1620","address":"阿南市福井町中連","voronoi":{"type":"Feature","geometry":{"type":"Polygon","coordinates":[[[134.543787,33.822501],[134.558113,33.813575],[134.574771,33.806697],[134.776518,33.750362],[134.646111,33.843531],[134.642354,33.844127],[134.543787,33.822501]]]},"properties":{}},"extra":false},
    {"code":1180419,"id":3892,"name":"由岐","original_name":"由岐","name_kana":"ゆき","closed":false,"lat":33.776032,"lng":134.591857,"prefecture":36,"numbering":["M18"],"lines":[11804],"attr":"cool","postal_code":"779-2103","address":"海部郡美波町西の地東地","voronoi":{"type":"Feature","geometry":{"type":"Polygon","coordinates":[[[134.902768,33.67769],[134.909507,33.643552],[134.920109,33.58701],[134.925286,33.510611],[134.930055,33.361544],[134.915683,33.291308],[134.637876,33.652767],[134.574771,33.806697],[134.776518,33.750362],[134.809111,33.733137],[134.902768,33.67769]]]},"properties":{}},"extra":false},
    {"code":1180420,"id":3893,"name":"田井ノ浜","original_name":"田井ノ浜","name_kana":"たいのはま","closed":false,"lat":33.772863,"lng":134.584127,"prefecture":36,"lines":[11804],"attr":"cool","postal_code":"779-2109","address":"海部郡美波町田井","voronoi":{"type":"Feature","geometry":{"type":"Polygon","coordinates":[[[134.558113,33.813575],[134.614537,33.681217],[134.637876,33.652767],[134.574771,33.806697],[134.558113,33.813575]]]},"properties":{}},"extra":false},
    {"code":1180421,"id":3894,"name":"木岐","original_name":"木岐","name_kana":"きき","closed":false,"lat":33.766616,"lng":134.569473,"prefecture":36,"numbering":["M19"],"lines":[11804],"attr":"cool","postal_code":"779-2108","address":"海部郡美波町木岐字本村","voronoi":{"type":"Feature","geometry":{"type":"Polygon","coordinates":[[[134.574472,33.722567],[134.492965,33.842025],[134.543787,33.822501],[134.558113,33.813575],[134.614537,33.681217],[134.574472,33.722567]]]},"properties":{}},"extra":false},
    {"code":1180422,"id":3895,"name":"北河内(徳島)","original_name":"北河内","name_kana":"きたがわち","closed":false,"lat":33.743286,"lng":134.53528,"prefecture":36,"numbering":["M20"],"lines":[11804],"attr":"cool","postal_code":"779-2302","address":"海部郡美波町北河内","voronoi":{"type":"Feature","geometry":{"type":"Polygon","coordinates":[[[134.422164,33.885757],[134.422902,33.886017],[134.492965,33.842025],[134.574472,33.722567],[134.500414,33.746735],[134.422164,33.885757]]]},"properties":{}},"extra":false},
    {"code":1180423,"id":3896,"name":"日和佐","original_name":"日和佐","name_kana":"ひわさ","closed":false,"lat":33.728954,"lng":134.530603,"prefecture":36,"numbering":["M21"],"lines":[11804],"attr":"cool","postal_code":"779-2305","address":"海部郡美波町奥河内","voronoi":{"type":"Feature","geometry":{"type":"Polygon","coordinates":[[[134.915683,33.291308],[134.637876,33.652767],[134.614537,33.681217],[134.574472,33.722567],[134.500414,33.746735],[134.575508,33.500334],[134.599711,33.452403],[134.886165,33.074828],[134.915683,33.291308]]]},"properties":{}},"extra":false},
    {"code":1180424,"id":3897,"name":"山河内","original_name":"山河内","name_kana":"やまがわち","closed":false,"lat":33.715139,"lng":134.485273,"prefecture":36,"numbering":["M22"],"lines":[11804],"attr":"cool","postal_code":"779-2307","address":"海部郡美波町山河内","voronoi":{"type":"Feature","geometry":{"type":"Polygon","coordinates":[[[134.422164,33.885757],[134.389212,33.87975],[134.486905,33.638728],[134.575508,33.500334],[134.500414,33.746735],[134.422164,33.885757]]]},"properties":{}},"extra":false},
    {"code":1180425,"id":3898,"name":"辺川","original_name":"辺川","name_kana":"へがわ","closed":false,"lat":33.694711,"lng":134.434874,"prefecture":36,"numbering":["M23"],"lines":[11804],"attr":"eco","postal_code":"775-0002","address":"海部郡牟岐町大字橘","voronoi":{"type":"Feature","geometry":{"type":"Polygon","coordinates":[[[134.254378,33.830306],[134.271169,33.83965],[134.327063,33.862507],[134.381647,33.879469],[134.389212,33.87975],[134.486905,33.638728],[134.322144,33.760783],[134.254378,33.830306]]]},"properties":{}},"extra":false},
    {"code":1180426,"id":3899,"name":"牟岐","original_name":"牟岐","name_kana":"むぎ","closed":false,"lat":33.672192,"lng":134.418192,"prefecture":36,"numbering":["M24"],"lines":[11804],"attr":"eco","postal_code":"775-0006","address":"海部郡牟岐町大字中村","voronoi":{"type":"Feature","geometry":{"type":"Polygon","coordinates":[[[134.575508,33.500334],[134.599711,33.452403],[134.494962,33.540462],[134.322144,33.760783],[134.486905,33.638728],[134.575508,33.500334]]]},"properties":{}},"extra":false},
    {"code":1180427,"id":3900,"name":"鯖瀬","original_name":"鯖瀬","name_kana":"さばせ","closed":false,"lat":33.646398,"lng":134.385308,"prefecture":36,"numbering":["M25"],"lines":[11804],"attr":"eco","postal_code":"775-0200","address":"海部郡海陽町浅川字鯖瀬口","voronoi":{"type":"Feature","geometry":{"type":"Polygon","coordinates":[[[134.494962,33.540462],[134.397958,33.601489],[134.233992,33.822773],[134.254378,33.830306],[134.322144,33.760783],[134.494962,33.540462]]]},"properties":{}},"extra":false},
    {"code":1180428,"id":3901,"name":"浅川","original_name":"浅川","name_kana":"あさかわ","closed":false,"lat":33.626665,"lng":134.358677,"prefecture":36,"numbering":["M26"],"lines":[11804],"attr":"cool","postal_code":"775-0101","address":"海部郡海陽町浅川","voronoi":{"type":"Feature","geometry":{"type":"Polygon","coordinates":[[[134.138753,33.782071],[134.142687,33.784926],[134.161887,33.796331],[134.195237,33.811521],[134.233992,33.822773],[134.397958,33.601489],[134.388664,33.603358],[134.279157,33.645853],[134.138753,33.782071]]]},"properties":{}},"extra":false},
    {"code":1180429,"id":3902,"name":"阿波海南","original_name":"阿波海南","name_kana":"あわかいなん","closed":false,"lat":33.606379,"lng":134.350805,"prefecture":36,"numbering":["M27"],"lines":[11804,99801],"attr":"cool","postal_code":"775-0202","address":"海部郡海陽町四方原","voronoi":{"type":"Feature","geometry":{"type":"Polygon","coordinates":[[[134.317782,33.59681],[134.279157,33.645853],[134.388664,33.603358],[134.317782,33.59681]]]},"properties":{}},"extra":false}
  ],
  "extra":false
}