{
  "code":11909,
  "id":"81b9fd",
  "name":"JR筑肥線(姪浜～西唐津)",
  "name_kana":"じぇいあーるちくひせん",
  "station_size":30,
  "company_code":6,
  "closed":false,
  "symbol":"JK",
  "station_list":[
    {"code":100319,"id":"dee3bc","name":"博多","original_name":"博多","name_kana":"はかた","closed":false,"lat":33.590002,"lng":130.420622,"prefecture":40,"lines":[1003,1010,11901,11902,11903,11908,11909,99905,99907],"attr":"heat","postal_code":"812-0012","address":"福岡市博多区博多駅中央街","voronoi":{"type":"Feature","geometry":{"type":"Polygon","coordinates":[[[130.425978,33.596628],[130.425053,33.596691],[130.419857,33.593729],[130.419797,33.593638],[130.419641,33.586582],[130.422843,33.582953],[130.425922,33.582908],[130.425978,33.596628]]]},"properties":{}},"extra":false},
    {"code":1190902,"id":"d008c9","name":"筑前簑島","original_name":"筑前簑島","name_kana":"ちくぜんみのしま","closed":true,"lat":33.575972,"lng":130.420417,"prefecture":40,"lines":[11909],"postal_code":"812-0017","address":"福岡県福岡市博多区美野島３丁目１０-７","open_date":"1929-07-20","closed_date":"1983-03-22","voronoi":{"type":"Feature","geometry":{"type":"Polygon","coordinates":[[[130.42318,33.567958],[130.415264,33.573043],[130.41444,33.578051],[130.417192,33.580543],[130.422843,33.582953],[130.425922,33.582908],[130.430556,33.579308],[130.42318,33.567958]]]},"properties":{}},"extra":true},
    {"code":1190903,"id":"4c8965","name":"筑前高宮","original_name":"筑前高宮","name_kana":"ちくぜんたかみや","closed":true,"lat":33.574167,"lng":130.409444,"prefecture":40,"lines":[11909],"postal_code":"815-0082","address":"福岡県福岡市南区大楠２丁目８-２６","open_date":"1925-06-15","closed_date":"1983-03-22","voronoi":{"type":"Feature","geometry":{"type":"Polygon","coordinates":[[[130.41271,33.578657],[130.408003,33.578504],[130.407132,33.578167],[130.40881,33.568177],[130.415264,33.573043],[130.41444,33.578051],[130.41271,33.578657]]]},"properties":{}},"extra":true},
    {"code":1190904,"id":"7f775d","name":"小笹","original_name":"小笹","name_kana":"おざさ","closed":true,"lat":33.56625,"lng":130.389861,"prefecture":40,"lines":[11909],"postal_code":"810-0033","address":"福岡県福岡市中央区小笹３丁目２","open_date":"1931-01-16","closed_date":"1983-03-22","voronoi":{"type":"Feature","geometry":{"type":"Polygon","coordinates":[[[130.3976,33.570957],[130.389627,33.572126],[130.385705,33.571045],[130.381708,33.569618],[130.380481,33.568561],[130.378054,33.565891],[130.377655,33.564872],[130.377727,33.555367],[130.379285,33.552091],[130.396983,33.526051],[130.402062,33.531008],[130.40334,33.537597],[130.402542,33.559982],[130.3976,33.570957]]]},"properties":{}},"extra":true},
    {"code":1190905,"id":"531aee","name":"鳥飼(国鉄)","original_name":"鳥飼","name_kana":"とりかい","closed":true,"lat":33.575694,"lng":130.370556,"prefecture":40,"lines":[11909],"postal_code":"814-0103","address":"福岡県福岡市城南区鳥飼６丁目１","open_date":"1925-06-15","closed_date":"1983-03-22","voronoi":{"type":"Feature","geometry":{"type":"Polygon","coordinates":[[[130.373869,33.576863],[130.375388,33.571711],[130.366189,33.577306],[130.367344,33.578489],[130.370972,33.579371],[130.373869,33.576863]]]},"properties":{}},"extra":true},
    {"code":1190906,"id":"ff0f4d","name":"西新(国鉄)","original_name":"西新","name_kana":"にしじん","closed":true,"lat":33.574694,"lng":130.351917,"prefecture":40,"lines":[11909],"postal_code":"814-0012","address":"福岡県福岡市早良区昭代３丁目７-４０","open_date":"1925-06-15","closed_date":"1983-03-22","voronoi":{"type":"Feature","geometry":{"type":"Polygon","coordinates":[[[130.351735,33.578941],[130.358242,33.577188],[130.359161,33.576414],[130.360723,33.573589],[130.3564,33.566819],[130.348172,33.561641],[130.345762,33.562086],[130.339529,33.565699],[130.344598,33.573945],[130.347543,33.576618],[130.351735,33.578941]]]},"properties":{}},"extra":true},
    {"code":1190907,"id":"690512","name":"姪浜","original_name":"姪浜","name_kana":"めいのはま","closed":false,"lat":33.583764,"lng":130.32521,"prefecture":40,"numbering":["JK01"],"lines":[11909,99905],"attr":"heat","postal_code":"819-0002","address":"福岡市西区姪の浜４丁目","voronoi":{"type":"Feature","geometry":{"type":"Polygon","coordinates":[[[130.316487,33.584944],[130.318076,33.570219],[130.328848,33.568655],[130.329931,33.577535],[130.328195,33.585797],[130.316487,33.584944]]]},"properties":{}},"extra":false},
    {"code":1190908,"id":"ee6390","name":"下山門","original_name":"下山門","name_kana":"しもやまと","closed":false,"lat":33.58193,"lng":130.308217,"prefecture":40,"numbering":["JK02"],"lines":[11909],"attr":"heat","postal_code":"819-0052","address":"福岡市西区大字下山門４丁目","voronoi":{"type":"Feature","geometry":{"type":"Polygon","coordinates":[[[130.316487,33.584944],[130.318076,33.570219],[130.292502,33.557925],[130.285899,33.650248],[130.298119,33.64137],[130.316487,33.584944]]]},"properties":{}},"extra":false},
    {"code":1190909,"id":"bbbf41","name":"今宿","original_name":"今宿","name_kana":"いまじゅく","closed":false,"lat":33.579449,"lng":130.273531,"prefecture":40,"numbering":["JK03"],"lines":[11909],"attr":"heat","postal_code":"819-0168","address":"福岡市西区今宿駅前１丁目","voronoi":{"type":"Feature","geometry":{"type":"Polygon","coordinates":[[[130.292502,33.557925],[130.285899,33.650248],[130.256841,33.684875],[130.270135,33.541588],[130.275471,33.524534],[130.292502,33.557925]]]},"properties":{}},"extra":false},
    {"code":1190910,"id":"75565a","name":"九大学研都市","original_name":"九大学研都市","name_kana":"きゅうだいがっけんとし","closed":false,"lat":33.578178,"lng":130.259832,"prefecture":40,"numbering":["JK04"],"lines":[11909],"attr":"heat","postal_code":"819-0375","address":"福岡市西区徳永","voronoi":{"type":"Feature","geometry":{"type":"Polygon","coordinates":[[[130.193782,33.686408],[130.178935,33.721141],[130.141262,33.82167],[130.256389,33.685491],[130.256841,33.684875],[130.270135,33.541588],[130.193782,33.686408]]]},"properties":{}},"extra":false},
    {"code":1190911,"id":"a83d04","name":"周船寺","original_name":"周船寺","name_kana":"すせんじ","closed":false,"lat":33.570762,"lng":130.245766,"prefecture":40,"numbering":["JK05"],"lines":[11909],"attr":"heat","postal_code":"819-0373","address":"福岡市西区大字周船寺１丁目","voronoi":{"type":"Feature","geometry":{"type":"Polygon","coordinates":[[[130.270135,33.541588],[130.193782,33.686408],[130.266567,33.481436],[130.275471,33.524534],[130.270135,33.541588]]]},"properties":{}},"extra":false},
    {"code":1190912,"id":"40c43b","name":"波多江","original_name":"波多江","name_kana":"はたえ","closed":false,"lat":33.563876,"lng":130.226374,"prefecture":40,"numbering":["JK06"],"lines":[11909],"attr":"heat","postal_code":"819-1103","address":"福岡県糸島市波多江駅北四丁目3-13","voronoi":{"type":"Feature","geometry":{"type":"Polygon","coordinates":[[[130.178935,33.721141],[130.247213,33.451],[130.261253,33.423407],[130.266567,33.481436],[130.193782,33.686408],[130.178935,33.721141]]]},"properties":{}},"extra":false},
    {"code":1190913,"id":"a7a3da","name":"糸島高校前","original_name":"糸島高校前","name_kana":"いとしまこうこうまえ","closed":false,"lat":33.560222,"lng":130.211917,"prefecture":40,"numbering":["JK07"],"lines":[11909],"attr":"heat","postal_code":"819-1112","address":"糸島市浦志一丁目","open_date":"2019-03-16","voronoi":{"type":"Feature","geometry":{"type":"Polygon","coordinates":[[[130.178935,33.721141],[130.141262,33.82167],[130.137147,33.827593],[130.221304,33.497034],[130.224104,33.489931],[130.247213,33.451],[130.178935,33.721141]]]},"properties":{}},"extra":false},
    {"code":1190914,"id":"b3f72f","name":"筑前前原","original_name":"筑前前原","name_kana":"ちくぜんまえばる","closed":false,"lat":33.557018,"lng":130.199332,"prefecture":40,"numbering":["JK08"],"lines":[11909],"attr":"cool","postal_code":"819-1113","address":"福岡県糸島市前原中央一丁目1-15","voronoi":{"type":"Feature","geometry":{"type":"Polygon","coordinates":[[[129.820065,34.272651],[129.921433,34.154114],[130.137147,33.827593],[130.221304,33.497034],[129.820065,34.272651]]]},"properties":{}},"extra":false},
    {"code":1190915,"id":"03aa91","name":"美咲が丘","original_name":"美咲が丘","name_kana":"みさきがおか","closed":false,"lat":33.549624,"lng":130.185039,"prefecture":40,"numbering":["JK09"],"lines":[11909],"attr":"cool","postal_code":"819-1121","address":"福岡県糸島市荻浦482-10","voronoi":{"type":"Feature","geometry":{"type":"Polygon","coordinates":[[[130.224104,33.489931],[130.209282,33.506178],[130.015051,33.783493],[130.013506,33.786509],[129.758247,34.346409],[129.820065,34.272651],[130.221304,33.497034],[130.224104,33.489931]]]},"properties":{}},"extra":false},
    {"code":1190916,"id":"a3c553","name":"加布里","original_name":"加布里","name_kana":"かふり","closed":false,"lat":33.54381,"lng":130.176738,"prefecture":40,"numbering":["JK10"],"lines":[11909],"attr":"cool","postal_code":"819-1123","address":"福岡県糸島市神在505-16","voronoi":{"type":"Feature","geometry":{"type":"Polygon","coordinates":[[[130.015051,33.783493],[130.209282,33.506178],[130.105644,33.598773],[130.015051,33.783493]]]},"properties":{}},"extra":false},
    {"code":1190917,"id":"9e45e0","name":"一貴山","original_name":"一貴山","name_kana":"いきさん","closed":false,"lat":33.534294,"lng":130.168236,"prefecture":40,"numbering":["JK11"],"lines":[11909],"attr":"cool","postal_code":"819-1615","address":"福岡県糸島市二丈田中130-3","voronoi":{"type":"Feature","geometry":{"type":"Polygon","coordinates":[[[130.247213,33.451],[130.261253,33.423407],[130.261772,33.419614],[130.226362,33.415277],[130.107241,33.59483],[130.105644,33.598773],[130.209282,33.506178],[130.224104,33.489931],[130.247213,33.451]]]},"properties":{}},"extra":false},
    {"code":1190918,"id":"b35f80","name":"筑前深江","original_name":"筑前深江","name_kana":"ちくぜんふかえ","closed":false,"lat":33.515099,"lng":130.139303,"prefecture":40,"numbering":["JK12"],"lines":[11909],"attr":"eco","postal_code":"819-1601","address":"福岡県糸島市二丈深江1055","voronoi":{"type":"Feature","geometry":{"type":"Polygon","coordinates":[[[130.14559,33.400332],[130.170247,33.400749],[130.226362,33.415277],[130.107241,33.59483],[130.142714,33.40152],[130.14559,33.400332]]]},"properties":{}},"extra":false},
    {"code":1190919,"id":"973bd4","name":"大入","original_name":"大入","name_kana":"だいにゅう","closed":false,"lat":33.50891,"lng":130.105576,"prefecture":40,"numbering":["JK13"],"lines":[11909],"attr":"eco","postal_code":"819-1631","address":"福岡県糸島市二丈福井","voronoi":{"type":"Feature","geometry":{"type":"Polygon","coordinates":[[[130.140428,33.40208],[130.1134,33.431794],[130.013506,33.786509],[130.015051,33.783493],[130.105644,33.598773],[130.107241,33.59483],[130.142714,33.40152],[130.140428,33.40208]]]},"properties":{}},"extra":false},
    {"code":1190920,"id":"27b61c","name":"福吉","original_name":"福吉","name_kana":"ふくよし","closed":false,"lat":33.50166,"lng":130.079832,"prefecture":40,"numbering":["JK14"],"lines":[11909],"attr":"eco","postal_code":"819-1641","address":"福岡県糸島市二丈吉井4086-2","voronoi":{"type":"Feature","geometry":{"type":"Polygon","coordinates":[[[129.938768,33.724318],[129.713759,34.406973],[129.758247,34.346409],[130.013506,33.786509],[130.1134,33.431794],[130.08514,33.453697],[129.938768,33.724318]]]},"properties":{}},"extra":false},
    {"code":1190921,"id":"7bbb9d","name":"鹿家","original_name":"鹿家","name_kana":"しかか","closed":false,"lat":33.484391,"lng":130.047904,"prefecture":40,"numbering":["JK15"],"lines":[11909],"attr":"eco","postal_code":"819-1642","address":"福岡県糸島市二丈鹿家1799","voronoi":{"type":"Feature","geometry":{"type":"Polygon","coordinates":[[[129.938768,33.724318],[129.998816,33.488642],[130.002903,33.484006],[130.018987,33.472271],[130.08514,33.453697],[129.938768,33.724318]]]},"properties":{}},"extra":false},
    {"code":1190922,"id":"d2bef0","name":"浜崎","original_name":"浜崎","name_kana":"はまさき","closed":false,"lat":33.446871,"lng":130.037369,"prefecture":41,"numbering":["JK16"],"lines":[11909],"attr":"eco","postal_code":"849-5131","address":"唐津市浜玉町浜崎","voronoi":{"type":"Feature","geometry":{"type":"Polygon","coordinates":[[[130.037464,33.405473],[130.018987,33.472271],[130.08514,33.453697],[130.1134,33.431794],[130.140428,33.40208],[130.07093,33.389253],[130.045756,33.393799],[130.044939,33.394246],[130.037464,33.405473]]]},"properties":{}},"extra":false},
    {"code":1190923,"id":"8c180e","name":"虹ノ松原","original_name":"虹ノ松原","name_kana":"にじのまつばら","closed":false,"lat":33.441035,"lng":130.016271,"prefecture":41,"numbering":["JK17"],"lines":[11909],"attr":"cool","postal_code":"847-0022","address":"唐津市鏡虹町","voronoi":{"type":"Feature","geometry":{"type":"Polygon","coordinates":[[[130.002903,33.484006],[130.018987,33.472271],[130.037464,33.405473],[130.007286,33.431718],[130.002903,33.484006]]]},"properties":{}},"extra":false},
    {"code":1190924,"id":"fc54f2","name":"東唐津","original_name":"東唐津","name_kana":"ひがしからつ","closed":false,"lat":33.439409,"lng":129.996876,"prefecture":41,"numbering":["JK18"],"lines":[11909],"attr":"cool","postal_code":"847-0021","address":"唐津市松南町","voronoi":{"type":"Feature","geometry":{"type":"Polygon","coordinates":[[[130.007286,33.431718],[130.002903,33.484006],[129.998816,33.488642],[129.989389,33.471884],[129.985986,33.457238],[129.989722,33.431507],[129.992971,33.429773],[130.007286,33.431718]]]},"properties":{}},"extra":false},
    {"code":1190925,"id":"1a9620","name":"和多田","original_name":"和多田","name_kana":"わただ","closed":false,"lat":33.437048,"lng":129.980616,"prefecture":41,"numbering":["JK19"],"lines":[11909],"attr":"heat","postal_code":"847-0000","address":"唐津市和多田","voronoi":{"type":"Feature","geometry":{"type":"Polygon","coordinates":[[[129.989722,33.431507],[129.957399,33.418234],[129.985986,33.457238],[129.989722,33.431507]]]},"properties":{}},"extra":false},
    {"code":1190926,"id":"d6a19a","name":"唐津","original_name":"唐津","name_kana":"からつ","closed":false,"lat":33.446038,"lng":129.96835,"prefecture":41,"numbering":["JK20"],"lines":[11909,11920,11921],"attr":"heat","postal_code":"847-0816","address":"唐津市新興町西新興町","voronoi":{"type":"Feature","geometry":{"type":"Polygon","coordinates":[[[129.948405,33.413357],[129.943943,33.412273],[129.910627,33.417597],[129.989389,33.471884],[129.985986,33.457238],[129.957399,33.418234],[129.954482,33.41603],[129.948405,33.413357]]]},"properties":{}},"extra":false},
    {"code":1190927,"id":"54fe9f","name":"西唐津","original_name":"西唐津","name_kana":"にしからつ","closed":false,"lat":33.46142,"lng":129.957748,"prefecture":41,"numbering":["JK21"],"lines":[11909,11920,11921],"attr":"heat","postal_code":"847-0861","address":"唐津市二タ子２丁目","voronoi":{"type":"Feature","geometry":{"type":"Polygon","coordinates":[[[129.728674,33.665567],[129.785699,33.542427],[129.827731,33.465865],[129.839182,33.447043],[129.860394,33.41824],[129.910627,33.417597],[129.989389,33.471884],[129.998816,33.488642],[129.938768,33.724318],[129.713759,34.406973],[129.362849,34.957243],[129.591548,34.089624],[129.728674,33.665567]]]},"properties":{}},"extra":false},
    {"code":1190928,"id":"b482c2","name":"鏡","original_name":"鏡","name_kana":"かがみ","closed":true,"lat":33.421528,"lng":129.999306,"prefecture":41,"lines":[11909],"postal_code":"847-0031","address":"佐賀県唐津市原９７５","open_date":"1929-04-01","closed_date":"1983-03-22","voronoi":{"type":"Feature","geometry":{"type":"Polygon","coordinates":[[[130.013313,33.396029],[129.993469,33.413038],[129.992971,33.429773],[130.007286,33.431718],[130.037464,33.405473],[130.044939,33.394246],[130.013313,33.396029]]]},"properties":{}},"extra":true},
    {"code":1190929,"id":"4e2691","name":"久里","original_name":"久里","name_kana":"くり","closed":true,"lat":33.405972,"lng":129.985972,"prefecture":41,"lines":[11909],"postal_code":"847-0033","address":"佐賀県唐津市久里１７８３−４","open_date":"1930-03-01","closed_date":"1983-03-22","voronoi":{"type":"Feature","geometry":{"type":"Polygon","coordinates":[[[129.993469,33.413038],[130.013313,33.396029],[130.002109,33.39252],[129.948405,33.413357],[129.954482,33.41603],[129.993469,33.413038]]]},"properties":{}},"extra":true},
    {"code":1192004,"id":"ef7e8c","name":"山本(佐賀)","original_name":"山本","name_kana":"やまもと","closed":false,"lat":33.393472,"lng":129.981122,"prefecture":41,"lines":[11909,11920,11921],"attr":"heat","postal_code":"847-0002","address":"唐津市山本","voronoi":{"type":"Feature","geometry":{"type":"Polygon","coordinates":[[[129.988241,33.382444],[130.002109,33.39252],[129.948405,33.413357],[129.943943,33.412273],[129.958892,33.394732],[129.988241,33.382444]]]},"properties":{}},"extra":false}
  ],
  "extra":false
}