{
  "code":11905,
  "id":192,
  "name":"JR長崎本線(鳥栖～長崎)",
  "name_kana":"じぇいあーるながさきほんせん",
  "station_size":43,
  "company_code":6,
  "closed":false,
  "station_list":[
    {"code":1190316,"id":4068,"name":"鳥栖","original_name":"鳥栖","name_kana":"とす","closed":false,"lat":33.373864,"lng":130.519374,"prefecture":41,"lines":[11903,11905],"attr":"heat","postal_code":"841-0034","address":"鳥栖市京町","voronoi":{"type":"Feature","geometry":{"type":"Polygon","coordinates":[[[130.535809,33.37193],[130.503169,33.388412],[130.506347,33.363368],[130.518309,33.351524],[130.536148,33.369812],[130.535809,33.37193]]]},"properties":{}},"extra":false},
    {"code":101002,"id":9122,"name":"新鳥栖","original_name":"新鳥栖","name_kana":"しんとす","closed":false,"lat":33.370278,"lng":130.491111,"prefecture":41,"lines":[1010,11905],"attr":"heat","postal_code":"841-0071","address":"佐賀県鳥栖市原古賀町字一本松220-2","open_date":"2011-03-12","voronoi":{"type":"Feature","geometry":{"type":"Polygon","coordinates":[[[130.466078,33.432788],[130.462024,33.435456],[130.487369,33.358756],[130.506347,33.363368],[130.503169,33.388412],[130.498734,33.399196],[130.47965,33.421738],[130.466078,33.432788]]]},"properties":{}},"extra":false},
    {"code":1190502,"id":4116,"name":"肥前麓","original_name":"肥前麓","name_kana":"ひぜんふもと","closed":false,"lat":33.36578,"lng":130.477499,"prefecture":41,"lines":[11905],"attr":"heat","postal_code":"841-0076","address":"鳥栖市平田町","voronoi":{"type":"Feature","geometry":{"type":"Polygon","coordinates":[[[130.468836,33.33672],[130.419257,33.431756],[130.454904,33.441244],[130.462024,33.435456],[130.487369,33.358756],[130.468836,33.33672]]]},"properties":{}},"extra":false},
    {"code":1190503,"id":4117,"name":"中原","original_name":"中原","name_kana":"なかばる","closed":false,"lat":33.346241,"lng":130.440046,"prefecture":41,"lines":[11905],"attr":"heat","postal_code":"849-0101","address":"三養基郡みやき町原古賀","voronoi":{"type":"Feature","geometry":{"type":"Polygon","coordinates":[[[130.468836,33.33672],[130.419257,33.431756],[130.369616,33.430874],[130.436697,33.303492],[130.445721,33.303876],[130.447976,33.30432],[130.45229,33.306246],[130.462942,33.314958],[130.469333,33.329776],[130.468836,33.33672]]]},"properties":{}},"extra":false},
    {"code":1190504,"id":4118,"name":"吉野ヶ里公園","original_name":"吉野ヶ里公園","name_kana":"よしのがりこうえん","closed":false,"lat":33.324917,"lng":130.399553,"prefecture":41,"lines":[11905],"attr":"heat","postal_code":"842-0031","address":"佐賀県神埼郡吉野ヶ里町吉田","voronoi":{"type":"Feature","geometry":{"type":"Polygon","coordinates":[[[130.347641,33.429382],[130.399476,33.285833],[130.407304,33.287055],[130.425284,33.295592],[130.436697,33.303492],[130.369616,33.430874],[130.362176,33.432318],[130.347641,33.429382]]]},"properties":{}},"extra":false},
    {"code":1190505,"id":4119,"name":"神埼","original_name":"神埼","name_kana":"かんざき","closed":false,"lat":33.315851,"lng":130.374446,"prefecture":41,"lines":[11905],"attr":"heat","postal_code":"842-0002","address":"神埼市神埼町田道ケ里","voronoi":{"type":"Feature","geometry":{"type":"Polygon","coordinates":[[[130.310455,33.426042],[130.316032,33.426701],[130.347641,33.429382],[130.399476,33.285833],[130.395308,33.283538],[130.379712,33.277156],[130.373898,33.27614],[130.276262,33.419583],[130.282864,33.421056],[130.303096,33.424895],[130.310455,33.426042]]]},"properties":{}},"extra":false},
    {"code":1190506,"id":4120,"name":"伊賀屋","original_name":"伊賀屋","name_kana":"いがや","closed":false,"lat":33.290195,"lng":130.336753,"prefecture":41,"lines":[11905],"attr":"heat","postal_code":"849-0911","address":"佐賀市兵庫町大字若宮","voronoi":{"type":"Feature","geometry":{"type":"Polygon","coordinates":[[[130.317648,33.276499],[130.341016,33.261048],[130.357492,33.259761],[130.373898,33.27614],[130.276262,33.419583],[130.263502,33.418828],[130.265522,33.356115],[130.26692,33.352924],[130.317648,33.276499]]]},"properties":{}},"extra":false},
    {"code":1190507,"id":4121,"name":"佐賀","original_name":"佐賀","name_kana":"さが","closed":false,"lat":33.264212,"lng":130.297608,"prefecture":41,"lines":[11905,11921,10907],"attr":"heat","postal_code":"840-0801","address":"佐賀市駅前中央１丁目","voronoi":{"type":"Feature","geometry":{"type":"Polygon","coordinates":[[[130.288354,33.235482],[130.317648,33.276499],[130.26692,33.352924],[130.286173,33.233649],[130.288354,33.235482]]]},"properties":{}},"extra":false},
    {"code":1190508,"id":4122,"name":"鍋島","original_name":"鍋島","name_kana":"なべしま","closed":false,"lat":33.259062,"lng":130.265702,"prefecture":41,"lines":[11905,11921],"attr":"eco","postal_code":"849-0932","address":"佐賀市鍋島町大字八戸溝","voronoi":{"type":"Feature","geometry":{"type":"Polygon","coordinates":[[[130.265522,33.356115],[130.252424,33.323221],[130.263776,33.173056],[130.286173,33.233649],[130.26692,33.352924],[130.265522,33.356115]]]},"properties":{}},"extra":false},
    {"code":1190509,"id":4123,"name":"バルーンさが","original_name":"バルーンさが","name_kana":"ばるーんさが","closed":false,"lat":33.257795,"lng":130.248942,"prefecture":41,"lines":[11905,11921],"attr":"eco","postal_code":"840-0864","address":"佐賀市嘉瀬町荻野字黒木篭","voronoi":{"type":"Feature","geometry":{"type":"Polygon","coordinates":[[[130.252333,33.135111],[130.235414,33.292637],[130.252424,33.323221],[130.263776,33.173056],[130.253678,33.13451],[130.252333,33.135111]]]},"properties":{}},"extra":false},
    {"code":1190510,"id":4124,"name":"久保田(佐賀)","original_name":"久保田","name_kana":"くぼた","closed":false,"lat":33.255717,"lng":130.229594,"prefecture":41,"lines":[11905,11921],"attr":"eco","postal_code":"849-0202","address":"佐賀市久保田町久富","voronoi":{"type":"Feature","geometry":{"type":"Polygon","coordinates":[[[130.210987,33.267491],[130.235414,33.292637],[130.252333,33.135111],[130.248981,33.136298],[130.245002,33.143786],[130.210987,33.267491]]]},"properties":{}},"extra":false},
    {"code":1190511,"id":4125,"name":"牛津","original_name":"牛津","name_kana":"うしづ","closed":false,"lat":33.247859,"lng":130.201016,"prefecture":41,"lines":[11905],"attr":"cool","postal_code":"849-0302","address":"小城市牛津町柿樋瀬","voronoi":{"type":"Feature","geometry":{"type":"Polygon","coordinates":[[[130.210987,33.267491],[130.171056,33.265028],[130.165049,33.255779],[130.245002,33.143786],[130.210987,33.267491]]]},"properties":{}},"extra":false},
    {"code":1190512,"id":4126,"name":"江北(佐賀)","original_name":"江北","name_kana":"こうほく","closed":false,"lat":33.21919,"lng":130.160858,"prefecture":41,"lines":[11905,11918],"attr":"cool","postal_code":"849-0501","address":"杵島郡江北町大字山口","voronoi":{"type":"Feature","geometry":{"type":"Polygon","coordinates":[[[130.235157,33.136476],[130.133842,33.214091],[130.129876,33.2462],[130.130273,33.246501],[130.165049,33.255779],[130.245002,33.143786],[130.248981,33.136298],[130.235157,33.136476]]]},"properties":{}},"extra":false},
    {"code":1190513,"id":4127,"name":"肥前白石","original_name":"肥前白石","name_kana":"ひぜんしろいし","closed":false,"lat":33.186679,"lng":130.135952,"prefecture":41,"lines":[11905],"attr":"cool","postal_code":"849-1112","address":"杵島郡白石町大字福田","voronoi":{"type":"Feature","geometry":{"type":"Polygon","coordinates":[[[130.101507,33.177026],[130.133842,33.214091],[130.235157,33.136476],[130.234314,33.136329],[130.211149,33.134469],[130.101507,33.177026]]]},"properties":{}},"extra":false},
    {"code":1190514,"id":4128,"name":"肥前竜王","original_name":"肥前竜王","name_kana":"ひぜんりゅうおう","closed":false,"lat":33.146663,"lng":130.12042,"prefecture":41,"lines":[11905],"attr":"cool","postal_code":"849-1204","address":"杵島郡白石町坂田","voronoi":{"type":"Feature","geometry":{"type":"Polygon","coordinates":[[[130.161293,33.118126],[130.123311,33.120587],[130.067506,33.159759],[130.072055,33.165542],[130.088243,33.1742],[130.101507,33.177026],[130.211149,33.134469],[130.161293,33.118126]]]},"properties":{}},"extra":false},
    {"code":1190515,"id":4129,"name":"肥前鹿島","original_name":"肥前鹿島","name_kana":"ひぜんかしま","closed":false,"lat":33.114445,"lng":130.097805,"prefecture":41,"lines":[11905],"attr":"cool","postal_code":"849-1311","address":"鹿島市大字高津原","voronoi":{"type":"Feature","geometry":{"type":"Polygon","coordinates":[[[130.053163,33.050686],[130.04586,33.142176],[130.060219,33.155442],[130.067506,33.159759],[130.123311,33.120587],[130.053163,33.050686]]]},"properties":{}},"extra":false},
    {"code":1190516,"id":4130,"name":"肥前浜","original_name":"肥前浜","name_kana":"ひぜんはま","closed":false,"lat":33.095103,"lng":130.117079,"prefecture":41,"lines":[11905],"attr":"cool","postal_code":"849-1322","address":"鹿島市浜町","voronoi":{"type":"Feature","geometry":{"type":"Polygon","coordinates":[[[130.049756,33.015555],[130.053163,33.050686],[130.123311,33.120587],[130.161293,33.118126],[130.058168,32.997962],[130.049756,33.015555]]]},"properties":{}},"extra":false},
    {"code":1190517,"id":4131,"name":"肥前七浦","original_name":"肥前七浦","name_kana":"ひぜんななうら","closed":false,"lat":33.070931,"lng":130.145245,"prefecture":41,"lines":[11905],"attr":"eco","postal_code":"849-1323","address":"鹿島市大字音成","voronoi":{"type":"Feature","geometry":{"type":"Polygon","coordinates":[[[130.234314,33.136329],[130.211149,33.134469],[130.161293,33.118126],[130.058168,32.997962],[130.058392,32.997187],[130.060001,32.993763],[130.071256,32.991697],[130.234314,33.136329]]]},"properties":{}},"extra":false},
    {"code":1190518,"id":4132,"name":"肥前飯田","original_name":"肥前飯田","name_kana":"ひぜんいいだ","closed":false,"lat":33.055701,"lng":130.158754,"prefecture":41,"lines":[11905],"attr":"eco","postal_code":"849-1324","address":"鹿島市大字飯田乙","voronoi":{"type":"Feature","geometry":{"type":"Polygon","coordinates":[[[130.253678,33.13451],[130.252333,33.135111],[130.248981,33.136298],[130.235157,33.136476],[130.234314,33.136329],[130.071256,32.991697],[130.078093,32.989764],[130.281249,33.10511],[130.279629,33.107838],[130.271964,33.118412],[130.2698,33.120531],[130.253678,33.13451]]]},"properties":{}},"extra":false},
    {"code":1190519,"id":4133,"name":"多良","original_name":"多良","name_kana":"たら","closed":false,"lat":33.02524,"lng":130.176049,"prefecture":41,"lines":[11905],"attr":"eco","postal_code":"849-1602","address":"藤津郡太良町大字多良","voronoi":{"type":"Feature","geometry":{"type":"Polygon","coordinates":[[[130.147049,32.972528],[130.125941,32.974556],[130.084294,32.98681],[130.078093,32.989764],[130.281249,33.10511],[130.307464,33.071947],[130.147049,32.972528]]]},"properties":{}},"extra":false},
    {"code":1190520,"id":4134,"name":"肥前大浦","original_name":"肥前大浦","name_kana":"ひぜんおおうら","closed":false,"lat":32.975043,"lng":130.207159,"prefecture":41,"lines":[11905],"attr":"eco","postal_code":"849-1613","address":"藤津郡太良町大字大浦丙","voronoi":{"type":"Feature","geometry":{"type":"Polygon","coordinates":[[[130.315823,33.044127],[130.319885,32.997058],[130.320639,32.985364],[130.287984,32.953221],[130.25995,32.936278],[130.243675,32.930443],[130.156387,32.966019],[130.147049,32.972528],[130.307464,33.071947],[130.309844,33.069989],[130.315823,33.044127]]]},"properties":{}},"extra":false},
    {"code":1190521,"id":4135,"name":"小長井","original_name":"小長井","name_kana":"こながい","closed":false,"lat":32.924075,"lng":130.186386,"prefecture":42,"lines":[11905],"attr":"eco","postal_code":"859-0165","address":"諫早市小長井町小川原浦","voronoi":{"type":"Feature","geometry":{"type":"Polygon","coordinates":[[[130.243675,32.930443],[130.156387,32.966019],[130.189978,32.88637],[130.207994,32.893452],[130.213858,32.897047],[130.243675,32.930443]]]},"properties":{}},"extra":false},
    {"code":1190522,"id":4136,"name":"長里","original_name":"長里","name_kana":"ながさと","closed":false,"lat":32.91526,"lng":130.165484,"prefecture":42,"lines":[11905],"attr":"eco","postal_code":"859-0151","address":"諫早市小長井町打越","voronoi":{"type":"Feature","geometry":{"type":"Polygon","coordinates":[[[130.125941,32.974556],[130.147049,32.972528],[130.156387,32.966019],[130.189978,32.88637],[130.180437,32.878675],[130.167936,32.874601],[130.125941,32.974556]]]},"properties":{}},"extra":false},
    {"code":1190523,"id":4137,"name":"湯江","original_name":"湯江","name_kana":"ゆえ","closed":false,"lat":32.904811,"lng":130.140614,"prefecture":42,"lines":[11905],"attr":"eco","postal_code":"859-0132","address":"諫早市高来町三部壱","voronoi":{"type":"Feature","geometry":{"type":"Polygon","coordinates":[[[130.125941,32.974556],[130.084294,32.98681],[130.140141,32.869259],[130.156995,32.868071],[130.161966,32.870039],[130.167936,32.874601],[130.125941,32.974556]]]},"properties":{}},"extra":false},
    {"code":1190524,"id":4138,"name":"小江","original_name":"小江","name_kana":"おえ","closed":false,"lat":32.891351,"lng":130.112282,"prefecture":42,"lines":[11905],"attr":"eco","postal_code":"859-0113","address":"諫早市高来町下与","voronoi":{"type":"Feature","geometry":{"type":"Polygon","coordinates":[[[130.078093,32.989764],[130.084294,32.98681],[130.140141,32.869259],[130.125785,32.863417],[130.108474,32.863073],[130.046495,32.930779],[130.046341,32.954875],[130.04728,32.959294],[130.052749,32.979762],[130.060001,32.993763],[130.071256,32.991697],[130.078093,32.989764]]]},"properties":{}},"extra":false},
    {"code":1190525,"id":4139,"name":"肥前長田","original_name":"肥前長田","name_kana":"ひぜんながた","closed":false,"lat":32.861773,"lng":130.079971,"prefecture":42,"lines":[11905],"attr":"eco","postal_code":"859-0301","address":"諫早市長田町","voronoi":{"type":"Feature","geometry":{"type":"Polygon","coordinates":[[[130.085674,32.848464],[130.104659,32.858314],[130.108474,32.863073],[130.046495,32.930779],[130.043154,32.919299],[130.046723,32.906564],[130.075109,32.848535],[130.078127,32.846943],[130.085674,32.848464]]]},"properties":{}},"extra":false},
    {"code":1190526,"id":4140,"name":"東諫早","original_name":"東諫早","name_kana":"ひがしいさはや","closed":false,"lat":32.852823,"lng":130.061675,"prefecture":42,"lines":[11905],"attr":"eco","postal_code":"859-0311","address":"諫早市小豆崎町","voronoi":{"type":"Feature","geometry":{"type":"Polygon","coordinates":[[[130.075109,32.848535],[130.046723,32.906564],[130.051642,32.851849],[130.061431,32.843981],[130.075109,32.848535]]]},"properties":{}},"extra":false},
    {"code":101204,"id":4141,"name":"諫早","original_name":"諫早","name_kana":"いさはや","closed":false,"lat":32.851018,"lng":130.041596,"prefecture":42,"lines":[1012,11905,11922,99912],"attr":"heat","postal_code":"854-0072","address":"諫早市永昌町","voronoi":{"type":"Feature","geometry":{"type":"Polygon","coordinates":[[[130.043154,32.919299],[130.014518,32.875522],[130.037495,32.834503],[130.051642,32.851849],[130.046723,32.906564],[130.043154,32.919299]]]},"properties":{}},"extra":false},
    {"code":1190528,"id":4142,"name":"西諫早","original_name":"西諫早","name_kana":"にしいさはや","closed":false,"lat":32.839632,"lng":130.021269,"prefecture":42,"lines":[11905],"attr":"heat","postal_code":"854-0075","address":"諫早市馬渡町","voronoi":{"type":"Feature","geometry":{"type":"Polygon","coordinates":[[[130.037495,32.834503],[130.014518,32.875522],[129.998508,32.862919],[130.0175,32.766429],[130.038063,32.731618],[130.041026,32.784018],[130.037495,32.834503]]]},"properties":{}},"extra":false},
    {"code":1190529,"id":4143,"name":"喜々津","original_name":"喜々津","name_kana":"ききつ","closed":false,"lat":32.832743,"lng":129.98627,"prefecture":42,"lines":[11905],"attr":"heat","postal_code":"859-0401","address":"諫早市多良見町化屋","voronoi":{"type":"Feature","geometry":{"type":"Polygon","coordinates":[[[130.012965,32.77102],[129.970717,32.833789],[129.987801,32.861983],[129.998508,32.862919],[130.0175,32.766429],[130.012965,32.77102]]]},"properties":{}},"extra":false},
    {"code":1190530,"id":4144,"name":"市布","original_name":"市布","name_kana":"いちぬの","closed":false,"lat":32.818986,"lng":129.965831,"prefecture":42,"lines":[11905],"attr":"heat","postal_code":"859-0403","address":"諫早市多良見町市布","voronoi":{"type":"Feature","geometry":{"type":"Polygon","coordinates":[[[129.937601,32.829971],[129.970717,32.833789],[130.012965,32.77102],[129.933093,32.826518],[129.933208,32.82711],[129.937601,32.829971]]]},"properties":{}},"extra":false},
    {"code":1190531,"id":4145,"name":"肥前古賀","original_name":"肥前古賀","name_kana":"ひぜんこが","closed":false,"lat":32.798463,"lng":129.951571,"prefecture":42,"lines":[11905],"attr":"heat","postal_code":"851-0131","address":"長崎市松原町","voronoi":{"type":"Feature","geometry":{"type":"Polygon","coordinates":[[[130.038063,32.731618],[130.049129,32.698537],[130.017758,32.659936],[129.956672,32.733914],[129.930836,32.82302],[129.933093,32.826518],[130.012965,32.77102],[130.0175,32.766429],[130.038063,32.731618]]]},"properties":{}},"extra":false},
    {"code":1190532,"id":4146,"name":"現川","original_name":"現川","name_kana":"うつつがわ","closed":false,"lat":32.79118,"lng":129.926453,"prefecture":42,"lines":[11905],"attr":"cool","postal_code":"851-0135","address":"長崎市現川町","voronoi":{"type":"Feature","geometry":{"type":"Polygon","coordinates":[[[129.902668,32.804614],[129.894212,32.790313],[129.894701,32.784523],[129.900997,32.77868],[129.956672,32.733914],[129.930836,32.82302],[129.902668,32.804614]]]},"properties":{}},"extra":false},
    {"code":1190533,"id":4147,"name":"東園(長崎)","original_name":"東園","name_kana":"ひがしその","closed":false,"lat":32.847091,"lng":129.962591,"prefecture":42,"lines":[11905],"attr":"cool","postal_code":"859-0411","address":"諫早市多良見町東園","voronoi":{"type":"Feature","geometry":{"type":"Polygon","coordinates":[[[129.970717,32.833789],[129.937601,32.829971],[129.961652,32.8732],[129.987801,32.861983],[129.970717,32.833789]]]},"properties":{}},"extra":false},
    {"code":1190534,"id":4148,"name":"大草","original_name":"大草","name_kana":"おおくさ","closed":false,"lat":32.860232,"lng":129.938972,"prefecture":42,"lines":[11905],"attr":"cool","postal_code":"859-0414","address":"諫早市多良見町元釜","voronoi":{"type":"Feature","geometry":{"type":"Polygon","coordinates":[[[129.871513,32.911835],[129.883385,32.911141],[129.902223,32.907818],[129.953557,32.884494],[129.961652,32.8732],[129.937601,32.829971],[129.933208,32.82711],[129.871513,32.911835]]]},"properties":{}},"extra":false},
    {"code":1190535,"id":4149,"name":"本川内","original_name":"本川内","name_kana":"ほんかわち","closed":false,"lat":32.831792,"lng":129.899916,"prefecture":42,"lines":[11905],"attr":"cool","postal_code":"851-2122","address":"西彼杵郡長与町本川内郷","voronoi":{"type":"Feature","geometry":{"type":"Polygon","coordinates":[[[129.871513,32.911835],[129.846116,32.921014],[129.875845,32.847497],[129.902668,32.804614],[129.930836,32.82302],[129.933093,32.826518],[129.933208,32.82711],[129.871513,32.911835]]]},"properties":{}},"extra":false},
    {"code":1190536,"id":4150,"name":"長与","original_name":"長与","name_kana":"ながよ","closed":false,"lat":32.818981,"lng":129.879434,"prefecture":42,"lines":[11905],"attr":"cool","postal_code":"851-2126","address":"西彼杵郡長与町吉無田郷","voronoi":{"type":"Feature","geometry":{"type":"Polygon","coordinates":[[[129.883244,32.796094],[129.876139,32.80079],[129.873623,32.802622],[129.875845,32.847497],[129.902668,32.804614],[129.894212,32.790313],[129.885403,32.794861],[129.883244,32.796094]]]},"properties":{}},"extra":false},
    {"code":1190537,"id":4151,"name":"高田(長崎)","original_name":"高田","name_kana":"こうだ","closed":false,"lat":32.819475,"lng":129.869457,"prefecture":42,"lines":[11905],"attr":"cool","postal_code":"851-2127","address":"西彼杵郡長与町高田郷","voronoi":{"type":"Feature","geometry":{"type":"Polygon","coordinates":[[[129.817725,32.936715],[129.754711,32.927659],[129.86778,32.804781],[129.868892,32.804283],[129.873623,32.802622],[129.875845,32.847497],[129.846116,32.921014],[129.817725,32.936715]]]},"properties":{}},"extra":false},
    {"code":1190538,"id":4152,"name":"道ノ尾","original_name":"道ノ尾","name_kana":"みちのお","closed":false,"lat":32.804329,"lng":129.852997,"prefecture":42,"lines":[11905],"attr":"cool","postal_code":"852-8053","address":"長崎市葉山町","voronoi":{"type":"Feature","geometry":{"type":"Polygon","coordinates":[[[129.384052,32.811289],[128.858477,32.514747],[129.693388,32.740335],[129.757937,32.759422],[129.797951,32.772156],[129.86778,32.804781],[129.754711,32.927659],[129.712474,32.924623],[129.602315,32.904401],[129.547119,32.89355],[129.384052,32.811289]]]},"properties":{}},"extra":false},
    {"code":1190539,"id":4153,"name":"西浦上","original_name":"西浦上","name_kana":"にしうらかみ","closed":false,"lat":32.790245,"lng":129.859206,"prefecture":42,"lines":[11905],"attr":"cool","postal_code":"852-8044","address":"長崎市音無町","voronoi":{"type":"Feature","geometry":{"type":"Polygon","coordinates":[[[129.859787,32.791067],[129.857862,32.791731],[129.812406,32.775331],[129.821345,32.776944],[129.854446,32.783759],[129.854684,32.783847],[129.855853,32.784648],[129.859401,32.788039],[129.86008,32.789935],[129.859787,32.791067]]]},"properties":{}},"extra":false},
    {"code":1190540,"id":4154,"name":"浦上","original_name":"浦上","name_kana":"うらかみ","closed":false,"lat":32.765431,"lng":129.863507,"prefecture":42,"lines":[11905],"attr":"cool","postal_code":"852-8108","address":"長崎市川口町","voronoi":{"type":"Feature","geometry":{"type":"Polygon","coordinates":[[[129.863704,32.767249],[129.863903,32.764606],[129.852256,32.756264],[129.832913,32.745047],[129.819055,32.739282],[129.759706,32.723996],[128.800912,32.483728],[128.858477,32.514747],[129.693388,32.740335],[129.856628,32.768371],[129.858067,32.768293],[129.863704,32.767249]]]},"properties":{}},"extra":false},
    {"code":101205,"id":4155,"name":"長崎(長崎)","original_name":"長崎","name_kana":"ながさき","closed":false,"lat":32.752375,"lng":129.868938,"prefecture":42,"lines":[1012,11905],"attr":"cool","postal_code":"850-0058","address":"長崎市尾上町","voronoi":{"type":"Feature","geometry":{"type":"Polygon","coordinates":[[[129.819055,32.739282],[129.851095,32.742969],[129.863387,32.74589],[129.865155,32.74646],[129.867465,32.747449],[129.870409,32.750706],[129.870404,32.753264],[129.867223,32.755095],[129.86199,32.755071],[129.832913,32.745047],[129.819055,32.739282]]]},"properties":{}},"extra":false},
    {"code":1190542,"id":20056,"name":"長崎港","original_name":"長崎港","name_kana":"ながさきみなと","closed":true,"lat":32.742596,"lng":129.871262,"prefecture":42,"lines":[11905],"postal_code":"850-0862","address":"長崎県長崎市出島町１-４１","open_date":"1930-03-19","closed_date":"1987-03-31","voronoi":{"type":"Feature","geometry":{"type":"Polygon","coordinates":[[[129.869732,32.740395],[129.851095,32.742969],[129.863387,32.74589],[129.873105,32.742697],[129.873136,32.742279],[129.869732,32.740395]]]},"properties":{}},"extra":true}
  ],
  "extra":false
}