{
  "code":11907,
  "id":194,
  "name":"JR日豊本線(佐伯～鹿児島中央)",
  "name_kana":"じぇいあーるにっぽうほんせん",
  "station_size":57,
  "company_code":6,
  "closed":false,
  "station_list":[
    {"code":1190660,"id":4210,"name":"佐伯","original_name":"佐伯","name_kana":"さいき","closed":false,"lat":32.972521,"lng":131.901857,"prefecture":44,"lines":[11906,11907],"attr":"cool","postal_code":"876-0803","address":"佐伯市駅前２丁目","voronoi":{"type":"Feature","geometry":{"type":"Polygon","coordinates":[[[131.983859,32.710913],[131.877797,32.97417],[131.91039,32.993428],[131.994796,32.987413],[132.305719,32.911326],[132.285714,32.505197],[132.260489,32.517711],[132.077251,32.637633],[131.983859,32.710913]]]},"properties":{}},"extra":false},
    {"code":1190702,"id":4211,"name":"上岡","original_name":"上岡","name_kana":"かみおか","closed":false,"lat":32.956302,"lng":131.8616,"prefecture":44,"lines":[11907],"attr":"cool","postal_code":"876-0045","address":"佐伯市上岡区上岡","voronoi":{"type":"Feature","geometry":{"type":"Polygon","coordinates":[[[131.962865,32.724851],[131.904824,32.8075],[131.796598,33.015765],[131.815606,33.015423],[131.877797,32.97417],[131.983859,32.710913],[131.962865,32.724851]]]},"properties":{}},"extra":false},
    {"code":1190703,"id":4212,"name":"直見","original_name":"直見","name_kana":"なおみ","closed":false,"lat":32.928396,"lng":131.807899,"prefecture":44,"lines":[11907],"attr":"heat","postal_code":"879-3103","address":"佐伯市直川大字下直見","voronoi":{"type":"Feature","geometry":{"type":"Polygon","coordinates":[[[131.718553,32.985257],[131.73127,33.013551],[131.732497,33.014953],[131.787242,33.019379],[131.796598,33.015765],[131.904824,32.8075],[131.718553,32.985257]]]},"properties":{}},"extra":false},
    {"code":1190704,"id":4213,"name":"直川","original_name":"直川","name_kana":"なおかわ","closed":false,"lat":32.898667,"lng":131.779529,"prefecture":44,"lines":[11907],"attr":"eco","postal_code":"879-3102","address":"佐伯市直川大字上直見","voronoi":{"type":"Feature","geometry":{"type":"Polygon","coordinates":[[[131.685041,32.938083],[131.718553,32.985257],[131.904824,32.8075],[131.962865,32.724851],[131.860375,32.766534],[131.81388,32.79665],[131.685041,32.938083]]]},"properties":{}},"extra":false},
    {"code":1190705,"id":4214,"name":"重岡","original_name":"重岡","name_kana":"しげおか","closed":false,"lat":32.840339,"lng":131.715499,"prefecture":44,"lines":[11907],"attr":"eco","postal_code":"879-3201","address":"佐伯市宇目大字大平","voronoi":{"type":"Feature","geometry":{"type":"Polygon","coordinates":[[[131.577218,32.845427],[131.570749,32.836066],[131.81388,32.79665],[131.685041,32.938083],[131.667734,32.928257],[131.577218,32.845427]]]},"properties":{}},"extra":false},
    {"code":1190706,"id":4215,"name":"宗太郎","original_name":"宗太郎","name_kana":"そうたろう","closed":false,"lat":32.78628,"lng":131.706735,"prefecture":44,"lines":[11907],"attr":"eco","postal_code":"879-3204","address":"佐伯市宇目大字重岡","voronoi":{"type":"Feature","geometry":{"type":"Polygon","coordinates":[[[131.52102,32.787273],[131.549094,32.752886],[131.582988,32.749684],[131.860375,32.766534],[131.81388,32.79665],[131.570749,32.836066],[131.52102,32.787273]]]},"properties":{}},"extra":false},
    {"code":1190707,"id":4216,"name":"市棚","original_name":"市棚","name_kana":"いちたな","closed":false,"lat":32.728336,"lng":131.710255,"prefecture":45,"lines":[11907],"attr":"heat","postal_code":"882-0097","address":"延岡市北川町川内名","voronoi":{"type":"Feature","geometry":{"type":"Polygon","coordinates":[[[131.777896,32.684862],[131.582988,32.749684],[131.860375,32.766534],[131.962865,32.724851],[131.983859,32.710913],[132.077251,32.637633],[131.777896,32.684862]]]},"properties":{}},"extra":false},
    {"code":1190708,"id":4217,"name":"北川","original_name":"北川","name_kana":"きたがわ","closed":false,"lat":32.690558,"lng":131.697691,"prefecture":45,"lines":[11907],"attr":"heat","postal_code":"882-0097","address":"延岡市北川町川内名","voronoi":{"type":"Feature","geometry":{"type":"Polygon","coordinates":[[[131.777896,32.684862],[131.582988,32.749684],[131.549094,32.752886],[131.570782,32.698859],[131.600905,32.676166],[131.609642,32.671334],[131.619844,32.670011],[131.777896,32.684862]]]},"properties":{}},"extra":false},
    {"code":1190709,"id":4218,"name":"日向長井","original_name":"日向長井","name_kana":"ひゅうがながい","closed":false,"lat":32.664325,"lng":131.700156,"prefecture":45,"lines":[11907],"attr":"heat","postal_code":"889-0102","address":"延岡市北川町長井","voronoi":{"type":"Feature","geometry":{"type":"Polygon","coordinates":[[[132.260489,32.517711],[132.009421,32.55231],[131.619844,32.670011],[131.777896,32.684862],[132.077251,32.637633],[132.260489,32.517711]]]},"properties":{}},"extra":false},
    {"code":1190710,"id":4219,"name":"北延岡","original_name":"北延岡","name_kana":"きたのべおか","closed":false,"lat":32.630276,"lng":131.689869,"prefecture":45,"lines":[11907],"attr":"heat","postal_code":"882-0002","address":"延岡市差木野町","voronoi":{"type":"Feature","geometry":{"type":"Polygon","coordinates":[[[131.619844,32.670011],[131.609642,32.671334],[131.652696,32.622407],[131.741264,32.584138],[131.836281,32.566688],[132.009421,32.55231],[131.619844,32.670011]]]},"properties":{}},"extra":false},
    {"code":1190711,"id":4220,"name":"延岡","original_name":"延岡","name_kana":"のべおか","closed":false,"lat":32.589944,"lng":131.672442,"prefecture":45,"lines":[11907,99936,11939],"attr":"heat","postal_code":"882-0053","address":"延岡市幸町３丁目","voronoi":{"type":"Feature","geometry":{"type":"Polygon","coordinates":[[[131.652696,32.622407],[131.657993,32.572228],[131.741264,32.584138],[131.652696,32.622407]]]},"properties":{}},"extra":false},
    {"code":1190712,"id":4221,"name":"南延岡","original_name":"南延岡","name_kana":"みなみのべおか","closed":false,"lat":32.559272,"lng":131.676829,"prefecture":45,"lines":[11907],"attr":"heat","postal_code":"882-0867","address":"延岡市構口町１丁目","voronoi":{"type":"Feature","geometry":{"type":"Polygon","coordinates":[[[131.741264,32.584138],[131.836281,32.566688],[131.635224,32.537277],[131.637599,32.544802],[131.657993,32.572228],[131.741264,32.584138]]]},"properties":{}},"extra":false},
    {"code":1190713,"id":4222,"name":"旭ヶ丘(宮崎)","original_name":"旭ヶ丘","name_kana":"あさひがおか","closed":false,"lat":32.52812,"lng":131.681386,"prefecture":45,"lines":[11907],"attr":"heat","postal_code":"889-0507","address":"宮崎県延岡市旭ヶ丘6丁目","voronoi":{"type":"Feature","geometry":{"type":"Polygon","coordinates":[[[132.260489,32.517711],[132.285714,32.505197],[132.356805,32.32374],[132.146578,32.370753],[131.631689,32.532595],[131.635224,32.537277],[131.836281,32.566688],[132.009421,32.55231],[132.260489,32.517711]]]},"properties":{}},"extra":false},
    {"code":1190714,"id":4223,"name":"土々呂","original_name":"土々呂","name_kana":"ととろ","closed":false,"lat":32.507832,"lng":131.675009,"prefecture":45,"lines":[11907],"attr":"heat","postal_code":"889-0513","address":"延岡市土々呂町５丁目","voronoi":{"type":"Feature","geometry":{"type":"Polygon","coordinates":[[[131.715434,32.457412],[131.620504,32.522994],[131.631689,32.532595],[132.146578,32.370753],[131.715434,32.457412]]]},"properties":{}},"extra":false},
    {"code":1190715,"id":4224,"name":"門川","original_name":"門川","name_kana":"かどがわ","closed":false,"lat":32.477381,"lng":131.653972,"prefecture":45,"lines":[11907],"attr":"eco","postal_code":"889-0621","address":"東臼杵郡門川町大字東栄町２丁目","voronoi":{"type":"Feature","geometry":{"type":"Polygon","coordinates":[[[131.620504,32.522994],[131.616639,32.521468],[131.581499,32.492546],[131.574146,32.485412],[131.639685,32.452209],[131.64528,32.450935],[131.715434,32.457412],[131.620504,32.522994]]]},"properties":{}},"extra":false},
    {"code":1190716,"id":4225,"name":"日向市","original_name":"日向市","name_kana":"ひゅうがし","closed":false,"lat":32.4258,"lng":131.62784,"prefecture":45,"lines":[11907,10919],"attr":"eco","postal_code":"883-0044","address":"日向市上町１丁目","voronoi":{"type":"Feature","geometry":{"type":"Polygon","coordinates":[[[131.574146,32.485412],[131.558622,32.478819],[131.553392,32.475918],[131.477765,32.417499],[131.633165,32.415663],[131.639685,32.452209],[131.574146,32.485412]]]},"properties":{}},"extra":false},
    {"code":1190717,"id":4226,"name":"財光寺","original_name":"財光寺","name_kana":"ざいこうじ","closed":false,"lat":32.405654,"lng":131.627602,"prefecture":45,"lines":[11907],"attr":"eco","postal_code":"883-0021","address":"日向市大字財光寺字沖ノ下","voronoi":{"type":"Feature","geometry":{"type":"Polygon","coordinates":[[[131.662054,32.387935],[131.546978,32.38735],[131.469491,32.411951],[131.477765,32.417499],[131.633165,32.415663],[131.655204,32.398129],[131.662054,32.387935]]]},"properties":{}},"extra":false},
    {"code":1190718,"id":4227,"name":"南日向","original_name":"南日向","name_kana":"みなみひゅうが","closed":false,"lat":32.369867,"lng":131.627784,"prefecture":45,"lines":[11907],"attr":"eco","postal_code":"883-0022","address":"日向市大字平岩","voronoi":{"type":"Feature","geometry":{"type":"Polygon","coordinates":[[[132.576539,31.86802],[132.569573,31.870668],[132.094428,32.069835],[131.546978,32.38735],[131.662054,32.387935],[132.56103,31.897949],[132.576539,31.86802]]]},"properties":{}},"extra":false},
    {"code":1190719,"id":4228,"name":"美々津","original_name":"美々津","name_kana":"みみつ","closed":false,"lat":32.325892,"lng":131.602279,"prefecture":45,"lines":[11907],"attr":"heat","postal_code":"889-1111","address":"日向市美々津町","voronoi":{"type":"Feature","geometry":{"type":"Polygon","coordinates":[[[131.792625,32.194699],[131.431032,32.399076],[131.469491,32.411951],[131.546978,32.38735],[132.094428,32.069835],[131.958733,32.119535],[131.792625,32.194699]]]},"properties":{}},"extra":false},
    {"code":1190720,"id":4229,"name":"東都農","original_name":"東都農","name_kana":"ひがしつの","closed":false,"lat":32.290109,"lng":131.582054,"prefecture":45,"lines":[11907],"attr":"eco","postal_code":"889-1201","address":"児湯郡都農町大字川北","voronoi":{"type":"Feature","geometry":{"type":"Polygon","coordinates":[[[131.431032,32.399076],[131.363197,32.384443],[131.399144,32.33208],[131.792625,32.194699],[131.431032,32.399076]]]},"properties":{}},"extra":false},
    {"code":1190721,"id":4230,"name":"都農","original_name":"都農","name_kana":"つの","closed":false,"lat":32.251085,"lng":131.568429,"prefecture":45,"lines":[11907],"attr":"eco","postal_code":"889-1201","address":"児湯郡都農町大字川北","voronoi":{"type":"Feature","geometry":{"type":"Polygon","coordinates":[[[131.399144,32.33208],[131.441883,32.252197],[131.958733,32.119535],[131.792625,32.194699],[131.399144,32.33208]]]},"properties":{}},"extra":false},
    {"code":1190722,"id":4231,"name":"川南","original_name":"川南","name_kana":"かわみなみ","closed":false,"lat":32.192224,"lng":131.553321,"prefecture":45,"lines":[11907],"attr":"cool","postal_code":"889-1302","address":"児湯郡川南町大字平田","voronoi":{"type":"Feature","geometry":{"type":"Polygon","coordinates":[[[131.958733,32.119535],[131.441883,32.252197],[131.447201,32.231261],[131.467161,32.178926],[132.569573,31.870668],[132.094428,32.069835],[131.958733,32.119535]]]},"properties":{}},"extra":false},
    {"code":1190723,"id":4232,"name":"高鍋","original_name":"高鍋","name_kana":"たかなべ","closed":false,"lat":32.122866,"lng":131.533927,"prefecture":45,"lines":[11907],"attr":"cool","postal_code":"884-0004","address":"児湯郡高鍋町大字蚊口浦","voronoi":{"type":"Feature","geometry":{"type":"Polygon","coordinates":[[[132.569573,31.870668],[132.576539,31.86802],[132.638917,31.777133],[131.816903,31.905921],[131.467672,32.129792],[131.465253,32.147903],[131.467161,32.178926],[132.569573,31.870668]]]},"properties":{}},"extra":false},
    {"code":1190724,"id":4233,"name":"日向新富","original_name":"日向新富","name_kana":"ひゅうがしんとみ","closed":false,"lat":32.072479,"lng":131.501627,"prefecture":45,"lines":[11907],"attr":"cool","postal_code":"889-1402","address":"児湯郡新富町大字三納代","voronoi":{"type":"Feature","geometry":{"type":"Polygon","coordinates":[[[131.777441,31.908743],[131.469513,32.057107],[131.457099,32.099238],[131.467672,32.129792],[131.816903,31.905921],[131.777441,31.908743]]]},"properties":{}},"extra":false},
    {"code":1190725,"id":4234,"name":"佐土原","original_name":"佐土原","name_kana":"さどわら","closed":false,"lat":32.022412,"lng":131.477504,"prefecture":45,"lines":[11907,10918],"attr":"cool","postal_code":"880-0211","address":"宮崎市佐土原町下田島","voronoi":{"type":"Feature","geometry":{"type":"Polygon","coordinates":[[[131.62804,31.906448],[131.444572,32.021339],[131.469513,32.057107],[131.777441,31.908743],[131.62804,31.906448]]]},"properties":{}},"extra":false},
    {"code":1190726,"id":4235,"name":"日向住吉","original_name":"日向住吉","name_kana":"ひゅうがすみよし","closed":false,"lat":31.991244,"lng":131.457986,"prefecture":45,"lines":[11907],"attr":"cool","postal_code":"880-0121","address":"宮崎市大字島之内","voronoi":{"type":"Feature","geometry":{"type":"Polygon","coordinates":[[[131.444572,32.021339],[131.395659,32.002375],[131.579351,31.91278],[131.624895,31.906094],[131.62804,31.906448],[131.444572,32.021339]]]},"properties":{}},"extra":false},
    {"code":1190727,"id":4236,"name":"蓮ヶ池","original_name":"蓮ヶ池","name_kana":"はすがいけ","closed":false,"lat":31.960113,"lng":131.442802,"prefecture":45,"lines":[11907],"attr":"cool","postal_code":"880-0837","address":"宮崎県宮崎市村角町","voronoi":{"type":"Feature","geometry":{"type":"Polygon","coordinates":[[[131.470039,31.92996],[131.353096,31.996686],[131.362052,31.999248],[131.395659,32.002375],[131.579351,31.91278],[131.535877,31.913895],[131.470039,31.92996]]]},"properties":{}},"extra":false},
    {"code":1190728,"id":4237,"name":"宮崎神宮","original_name":"宮崎神宮","name_kana":"みやざきじんぐう","closed":false,"lat":31.938067,"lng":131.430223,"prefecture":45,"lines":[11907],"attr":"cool","postal_code":"880-0053","address":"宮崎市神宮３","voronoi":{"type":"Feature","geometry":{"type":"Polygon","coordinates":[[[131.288997,31.987179],[131.353096,31.996686],[131.470039,31.92996],[131.388349,31.92355],[131.36416,31.927993],[131.330436,31.941039],[131.31365,31.956009],[131.288997,31.987179]]]},"properties":{}},"extra":false},
    {"code":1190729,"id":4238,"name":"宮崎","original_name":"宮崎","name_kana":"みやざき","closed":false,"lat":31.915742,"lng":131.431975,"prefecture":45,"lines":[11907,11927,11928],"attr":"cool","postal_code":"880-0811","address":"宮崎市錦町","voronoi":{"type":"Feature","geometry":{"type":"Polygon","coordinates":[[[131.470039,31.92996],[131.388349,31.92355],[131.446324,31.896462],[131.447784,31.896412],[131.535877,31.913895],[131.470039,31.92996]]]},"properties":{}},"extra":false},
    {"code":1190730,"id":4239,"name":"南宮崎","original_name":"南宮崎","name_kana":"みなみみやざき","closed":false,"lat":31.895097,"lng":131.422329,"prefecture":45,"lines":[11907,11927,11928,99937],"attr":"cool","postal_code":"880-0901","address":"宮崎市東大淀２丁目","voronoi":{"type":"Feature","geometry":{"type":"Polygon","coordinates":[[[131.36416,31.927993],[131.388349,31.92355],[131.446324,31.896462],[131.418013,31.882439],[131.36416,31.927993]]]},"properties":{}},"extra":false},
    {"code":1190731,"id":4240,"name":"加納(宮崎)","original_name":"加納","name_kana":"かのう","closed":false,"lat":31.876084,"lng":131.406246,"prefecture":45,"lines":[11907],"attr":"cool","postal_code":"889-1605","address":"宮崎県宮崎市清武町加納乙4-3","voronoi":{"type":"Feature","geometry":{"type":"Polygon","coordinates":[[[131.418013,31.882439],[131.36416,31.927993],[131.330436,31.941039],[131.336501,31.930021],[131.411867,31.853433],[131.418062,31.864001],[131.418803,31.873318],[131.418013,31.882439]]]},"properties":{}},"extra":false},
    {"code":1190732,"id":4241,"name":"清武","original_name":"清武","name_kana":"きよたけ","closed":false,"lat":31.859418,"lng":131.38931,"prefecture":45,"lines":[11907],"attr":"cool","postal_code":"889-1604","address":"宮崎県宮崎市清武町船引484","voronoi":{"type":"Feature","geometry":{"type":"Polygon","coordinates":[[[131.411867,31.853433],[131.336501,31.930021],[131.386522,31.800294],[131.410135,31.840516],[131.411887,31.848405],[131.411867,31.853433]]]},"properties":{}},"extra":false},
    {"code":1190733,"id":4242,"name":"日向沓掛","original_name":"日向沓掛","name_kana":"ひゅうがくつかけ","closed":false,"lat":31.842241,"lng":131.344763,"prefecture":45,"lines":[11907],"attr":"cool","postal_code":"889-1602","address":"宮崎県宮崎市清武町今泉3512","voronoi":{"type":"Feature","geometry":{"type":"Polygon","coordinates":[[[131.386417,31.799387],[131.386522,31.800294],[131.336501,31.930021],[131.330436,31.941039],[131.31365,31.956009],[131.332468,31.755565],[131.378164,31.763591],[131.386417,31.799387]]]},"properties":{}},"extra":false},
    {"code":1190734,"id":4243,"name":"田野(宮崎)","original_name":"田野","name_kana":"たの","closed":false,"lat":31.838438,"lng":131.304255,"prefecture":45,"lines":[11907],"attr":"cool","postal_code":"889-1701","address":"宮崎市田野町甲","voronoi":{"type":"Feature","geometry":{"type":"Polygon","coordinates":[[[131.332468,31.755565],[131.273785,31.730171],[131.239709,32.009172],[131.288997,31.987179],[131.31365,31.956009],[131.332468,31.755565]]]},"properties":{}},"extra":false},
    {"code":1190735,"id":4244,"name":"青井岳","original_name":"青井岳","name_kana":"あおいだけ","closed":false,"lat":31.827922,"lng":131.218153,"prefecture":45,"lines":[11907],"attr":"cool","postal_code":"880-2303","address":"都城市山之口町山之口（その他）","voronoi":{"type":"Feature","geometry":{"type":"Polygon","coordinates":[[[131.222707,32.022358],[131.203448,32.031699],[131.179407,31.978729],[131.144332,31.86457],[131.252675,31.708249],[131.273785,31.730171],[131.239709,32.009172],[131.222707,32.022358]]]},"properties":{}},"extra":false},
    {"code":1190736,"id":4245,"name":"山之口","original_name":"山之口","name_kana":"やまのくち","closed":false,"lat":31.782582,"lng":131.152735,"prefecture":45,"lines":[11907],"attr":"cool","postal_code":"889-1802","address":"都城市山之口町花木","voronoi":{"type":"Feature","geometry":{"type":"Polygon","coordinates":[[[131.144332,31.86457],[131.252675,31.708249],[131.243828,31.689521],[131.107507,31.797705],[131.118851,31.826774],[131.143383,31.863651],[131.144332,31.86457]]]},"properties":{}},"extra":false},
    {"code":1190737,"id":4246,"name":"餅原","original_name":"餅原","name_kana":"もちばる","closed":false,"lat":31.757094,"lng":131.132508,"prefecture":45,"lines":[11907],"attr":"cool","postal_code":"889-1913","address":"北諸県郡三股町大字餅原","voronoi":{"type":"Feature","geometry":{"type":"Polygon","coordinates":[[[131.097324,31.763727],[131.098269,31.761033],[131.240602,31.680862],[131.241534,31.682505],[131.243828,31.689521],[131.107507,31.797705],[131.099512,31.788593],[131.098971,31.787275],[131.097324,31.763727]]]},"properties":{}},"extra":false},
    {"code":1190738,"id":4247,"name":"三股","original_name":"三股","name_kana":"みまた","closed":false,"lat":31.733794,"lng":131.119384,"prefecture":45,"lines":[11907],"attr":"cool","postal_code":"889-1901","address":"北諸県郡三股町大字樺山","voronoi":{"type":"Feature","geometry":{"type":"Polygon","coordinates":[[[131.240602,31.680862],[131.225293,31.646083],[131.162435,31.609653],[131.120762,31.631944],[131.096842,31.676868],[131.094119,31.693175],[131.098269,31.761033],[131.240602,31.680862]]]},"properties":{}},"extra":false},
    {"code":1190739,"id":4248,"name":"都城","original_name":"都城","name_kana":"みやこのじょう","closed":false,"lat":31.73657,"lng":131.073992,"prefecture":45,"lines":[11907,11929],"attr":"cool","postal_code":"885-0023","address":"都城市栄町","voronoi":{"type":"Feature","geometry":{"type":"Polygon","coordinates":[[[131.098269,31.761033],[131.094119,31.693175],[131.055233,31.743194],[131.097324,31.763727],[131.098269,31.761033]]]},"properties":{}},"extra":false},
    {"code":1190740,"id":4249,"name":"西都城","original_name":"西都城","name_kana":"にしみやこのじょう","closed":false,"lat":31.723381,"lng":131.057027,"prefecture":45,"lines":[11907,10917],"attr":"cool","postal_code":"885-0077","address":"都城市松元町","voronoi":{"type":"Feature","geometry":{"type":"Polygon","coordinates":[[[131.04867,31.70568],[131.04032,31.744942],[131.055233,31.743194],[131.094119,31.693175],[131.096842,31.676868],[131.04867,31.70568]]]},"properties":{}},"extra":false},
    {"code":1190741,"id":4250,"name":"五十市","original_name":"五十市","name_kana":"いそいち","closed":false,"lat":31.718448,"lng":131.033833,"prefecture":45,"lines":[11907],"attr":"cool","postal_code":"885-0086","address":"都城市久保原町","voronoi":{"type":"Feature","geometry":{"type":"Polygon","coordinates":[[[131.020821,31.75734],[131.007095,31.70102],[131.04867,31.70568],[131.04032,31.744942],[131.020821,31.75734]]]},"properties":{}},"extra":false},
    {"code":1190742,"id":4251,"name":"財部","original_name":"財部","name_kana":"たからべ","closed":false,"lat":31.728796,"lng":130.991374,"prefecture":46,"lines":[11907],"attr":"cool","postal_code":"899-4102","address":"曽於市財部町北俣","voronoi":{"type":"Feature","geometry":{"type":"Polygon","coordinates":[[[130.940403,31.668656],[130.942431,31.668798],[130.998654,31.691102],[131.007095,31.70102],[131.020821,31.75734],[131.017473,31.764405],[130.99952,31.782944],[130.940403,31.668656]]]},"properties":{}},"extra":false},
    {"code":1190743,"id":4252,"name":"北俣","original_name":"北俣","name_kana":"きたまた","closed":false,"lat":31.745007,"lng":130.960034,"prefecture":46,"lines":[11907],"attr":"cool","postal_code":"899-4102","address":"曽於市財部町北俣","voronoi":{"type":"Feature","geometry":{"type":"Polygon","coordinates":[[[130.917945,31.661826],[130.940403,31.668656],[130.99952,31.782944],[130.984935,31.81382],[130.894761,31.697922],[130.896273,31.694537],[130.917945,31.661826]]]},"properties":{}},"extra":false},
    {"code":1190744,"id":4253,"name":"大隅大川原","original_name":"大隅大川原","name_kana":"おおすみおおかわら","closed":false,"lat":31.772767,"lng":130.924355,"prefecture":46,"lines":[11907],"attr":"cool","postal_code":"899-4103","address":"曽於市財部町下財部","voronoi":{"type":"Feature","geometry":{"type":"Polygon","coordinates":[[[130.894761,31.697922],[130.886353,31.707809],[130.915255,31.86209],[130.919502,31.870265],[130.977574,31.842136],[130.98221,31.832572],[130.982752,31.830869],[130.984935,31.81382],[130.894761,31.697922]]]},"properties":{}},"extra":false},
    {"code":1190745,"id":4254,"name":"北永野田","original_name":"北永野田","name_kana":"きたながのだ","closed":false,"lat":31.782118,"lng":130.87444,"prefecture":46,"lines":[11907],"attr":"cool","postal_code":"899-4202","address":"霧島市霧島永水","voronoi":{"type":"Feature","geometry":{"type":"Polygon","coordinates":[[[130.850954,31.728168],[130.830438,31.748937],[130.822814,31.765963],[130.915255,31.86209],[130.886353,31.707809],[130.850954,31.728168]]]},"properties":{}},"extra":false},
    {"code":1190746,"id":4255,"name":"霧島神宮","original_name":"霧島神宮","name_kana":"きりしまじんぐう","closed":false,"lat":31.818181,"lng":130.836939,"prefecture":46,"lines":[11907],"attr":"eco","postal_code":"899-4203","address":"霧島市霧島大窪","voronoi":{"type":"Feature","geometry":{"type":"Polygon","coordinates":[[[130.784051,31.839915],[130.784217,31.835966],[130.796106,31.78647],[130.796448,31.785925],[130.822814,31.765963],[130.915255,31.86209],[130.919502,31.870265],[130.899543,31.900019],[130.891705,31.908325],[130.856889,31.923781],[130.834466,31.927401],[130.830842,31.927621],[130.823848,31.921637],[130.784051,31.839915]]]},"properties":{}},"extra":false},
    {"code":1190747,"id":4256,"name":"国分(鹿児島)","original_name":"国分","name_kana":"こくぶ","closed":false,"lat":31.743657,"lng":130.763447,"prefecture":46,"lines":[11907,10920],"attr":"eco","postal_code":"899-4345","address":"霧島市国分府中","voronoi":{"type":"Feature","geometry":{"type":"Polygon","coordinates":[[[130.75162,31.718168],[130.764242,31.727472],[130.782841,31.77159],[130.751948,31.750294],[130.75162,31.718168]]]},"properties":{}},"extra":false},
    {"code":1190748,"id":4257,"name":"隼人","original_name":"隼人","name_kana":"はやと","closed":false,"lat":31.743893,"lng":130.740316,"prefecture":46,"lines":[11907,11926],"attr":"eco","postal_code":"899-5117","address":"霧島市隼人町見次","voronoi":{"type":"Feature","geometry":{"type":"Polygon","coordinates":[[[130.75162,31.718168],[130.7156,31.653974],[130.71147,31.65224],[130.703393,31.773811],[130.703844,31.773768],[130.751948,31.750294],[130.75162,31.718168]]]},"properties":{}},"extra":false},
    {"code":1190749,"id":4258,"name":"加治木","original_name":"加治木","name_kana":"かじき","closed":false,"lat":31.739271,"lng":130.670752,"prefecture":46,"lines":[11907],"attr":"eco","postal_code":"899-5231","address":"鹿児島県姶良市加治木町反土903","voronoi":{"type":"Feature","geometry":{"type":"Polygon","coordinates":[[[130.68019,31.66243],[130.700668,31.6476],[130.709849,31.650671],[130.71147,31.65224],[130.703393,31.773811],[130.700145,31.778066],[130.687308,31.788816],[130.652343,31.809662],[130.66951,31.682772],[130.67838,31.665236],[130.68019,31.66243]]]},"properties":{}},"extra":false},
    {"code":1190750,"id":4259,"name":"錦江","original_name":"錦江","name_kana":"きんこう","closed":false,"lat":31.73691,"lng":130.6533,"prefecture":46,"lines":[11907],"attr":"heat","postal_code":"899-5223","address":"鹿児島県姶良市加治木町新生町83","voronoi":{"type":"Feature","geometry":{"type":"Polygon","coordinates":[[[130.66951,31.682772],[130.652343,31.809662],[130.623701,31.831843],[130.59891,31.823258],[130.66116,31.69435],[130.66951,31.682772]]]},"properties":{}},"extra":false},
    {"code":1190751,"id":4260,"name":"帖佐","original_name":"帖佐","name_kana":"ちょうさ","closed":false,"lat":31.72697,"lng":130.632716,"prefecture":46,"lines":[11907],"attr":"heat","postal_code":"899-5421","address":"鹿児島県姶良市東餅田2575","voronoi":{"type":"Feature","geometry":{"type":"Polygon","coordinates":[[[130.568487,31.816418],[130.554237,31.810004],[130.540852,31.791395],[130.66116,31.69435],[130.59891,31.823258],[130.568487,31.816418]]]},"properties":{}},"extra":false},
    {"code":1190752,"id":4261,"name":"姶良","original_name":"姶良","name_kana":"あいら","closed":false,"lat":31.715246,"lng":130.623259,"prefecture":46,"lines":[11907],"attr":"heat","postal_code":"899-5431","address":"鹿児島県姶良市西餅田3546-1","voronoi":{"type":"Feature","geometry":{"type":"Polygon","coordinates":[[[130.529554,31.774269],[130.535415,31.784818],[130.540852,31.791395],[130.66116,31.69435],[130.66951,31.682772],[130.67838,31.665236],[130.529554,31.774269]]]},"properties":{}},"extra":false},
    {"code":1190753,"id":4262,"name":"重富","original_name":"重富","name_kana":"しげとみ","closed":false,"lat":31.702717,"lng":130.61408,"prefecture":46,"lines":[11907],"attr":"heat","postal_code":"899-5651","address":"鹿児島県姶良市脇元3001","voronoi":{"type":"Feature","geometry":{"type":"Polygon","coordinates":[[[130.67838,31.665236],[130.529554,31.774269],[130.491846,31.716384],[130.500474,31.700874],[130.525669,31.689935],[130.68019,31.66243],[130.67838,31.665236]]]},"properties":{}},"extra":false},
    {"code":1190754,"id":4263,"name":"竜ヶ水","original_name":"竜ヶ水","name_kana":"りゅうがみず","closed":false,"lat":31.64743,"lng":130.604239,"prefecture":46,"lines":[11907],"attr":"heat","postal_code":"892-0871","address":"鹿児島県鹿児島市吉野町10252","voronoi":{"type":"Feature","geometry":{"type":"Polygon","coordinates":[[[130.525669,31.689935],[130.647708,31.58086],[130.659869,31.590374],[130.700668,31.6476],[130.68019,31.66243],[130.525669,31.689935]]]},"properties":{}},"extra":false},
    {"code":1190755,"id":9417,"name":"仙巌園","original_name":"仙巌園","name_kana":"せんがんえん","closed":false,"lat":31.616611,"lng":130.576694,"prefecture":46,"lines":[11907],"attr":"heat","postal_code":"892-0871","address":"鹿児島県鹿児島市吉野町","open_date":"2025-03-15","voronoi":{"type":"Feature","geometry":{"type":"Polygon","coordinates":[[[130.551404,31.625826],[130.624894,31.562114],[130.627031,31.56087],[130.631043,31.55866],[130.647708,31.58086],[130.525669,31.689935],[130.500474,31.700874],[130.501186,31.692186],[130.505802,31.668427],[130.509811,31.664527],[130.551404,31.625826]]]},"properties":{}},"extra":false},
    {"code":1190412,"id":4113,"name":"鹿児島","original_name":"鹿児島","name_kana":"かごしま","closed":false,"lat":31.602098,"lng":130.564112,"prefecture":46,"lines":[11904,11907],"attr":"heat","postal_code":"892-0812","address":"鹿児島市浜町","voronoi":{"type":"Feature","geometry":{"type":"Polygon","coordinates":[[[130.551404,31.625826],[130.566321,31.595456],[130.56855,31.592161],[130.599279,31.572899],[130.602825,31.571308],[130.624894,31.562114],[130.551404,31.625826]]]},"properties":{}},"extra":false},
    {"code":101012,"id":4112,"name":"鹿児島中央","original_name":"鹿児島中央","name_kana":"かごしまちゅうおう","closed":false,"lat":31.583727,"lng":130.541789,"prefecture":46,"lines":[1010,11904,11907,11930],"attr":"heat","postal_code":"890-0053","address":"鹿児島市中央町","voronoi":{"type":"Feature","geometry":{"type":"Polygon","coordinates":[[[130.54214,31.586873],[130.513642,31.630507],[130.523042,31.580308],[130.528698,31.579692],[130.532919,31.579717],[130.538425,31.580571],[130.543055,31.58242],[130.54214,31.586873]]]},"properties":{}},"extra":false}
  ],
  "extra":false
}