{
  "code":11908,
  "id":"08dc5a",
  "name":"JR篠栗線(福北ゆたか線)",
  "name_kana":"じぇいあーるささぐりせん(ふくほくゆたかせん)",
  "name_formal":"JR篠栗線",
  "station_size":12,
  "company_code":6,
  "closed":false,
  "color":"#FFFF00",
  "station_list":[
    {"code":1190801,"id":"8835ce","name":"桂川(福岡)","original_name":"桂川","name_kana":"けいせん","closed":false,"lat":33.584705,"lng":130.662752,"prefecture":40,"lines":[11908,11911,11912],"attr":"heat","postal_code":"820-0608","address":"嘉穂郡桂川町大字豆田","voronoi":{"type":"Feature","geometry":{"type":"Polygon","coordinates":[[[130.675258,33.554734],[130.645892,33.583779],[130.65013,33.609808],[130.68465,33.584519],[130.675258,33.554734]]]},"properties":{}},"extra":false},
    {"code":1190802,"id":"1caa1c","name":"筑前大分","original_name":"筑前大分","name_kana":"ちくぜんだいぶ","closed":false,"lat":33.590006,"lng":130.630196,"prefecture":40,"lines":[11908],"attr":"cool","postal_code":"820-0712","address":"飯塚市大分","voronoi":{"type":"Feature","geometry":{"type":"Polygon","coordinates":[[[130.645892,33.583779],[130.617718,33.565536],[130.627322,33.634135],[130.647463,33.618099],[130.65013,33.609808],[130.645892,33.583779]]]},"properties":{}},"extra":false},
    {"code":1190803,"id":"24d09d","name":"九郎原","original_name":"九郎原","name_kana":"くろうばる","closed":false,"lat":33.592492,"lng":130.612439,"prefecture":40,"lines":[11908],"attr":"cool","postal_code":"820-0713","address":"飯塚市内住","voronoi":{"type":"Feature","geometry":{"type":"Polygon","coordinates":[[[130.614024,33.560813],[130.617718,33.565536],[130.627322,33.634135],[130.617867,33.645491],[130.571141,33.572299],[130.582943,33.545729],[130.614024,33.560813]]]},"properties":{}},"extra":false},
    {"code":1190804,"id":"85fe84","name":"城戸南蔵院前","original_name":"城戸南蔵院前","name_kana":"きどなんぞういんまえ","closed":false,"lat":33.61826,"lng":130.572076,"prefecture":40,"lines":[11908],"attr":"cool","postal_code":"811-2405","address":"糟屋郡篠栗町大字篠栗","voronoi":{"type":"Feature","geometry":{"type":"Polygon","coordinates":[[[130.554837,33.583572],[130.571141,33.572299],[130.617867,33.645491],[130.610652,33.676564],[130.58542,33.699635],[130.554837,33.583572]]]},"properties":{}},"extra":false},
    {"code":1190805,"id":"44be87","name":"筑前山手","original_name":"筑前山手","name_kana":"ちくぜんやまて","closed":false,"lat":33.622251,"lng":130.55693,"prefecture":40,"lines":[11908],"attr":"eco","postal_code":"811-2405","address":"糟屋郡篠栗町大字篠栗","voronoi":{"type":"Feature","geometry":{"type":"Polygon","coordinates":[[[130.575436,33.71068],[130.58542,33.699635],[130.554837,33.583572],[130.544854,33.587809],[130.543202,33.589165],[130.539095,33.593738],[130.54506,33.701515],[130.575436,33.71068]]]},"properties":{}},"extra":false},
    {"code":1190806,"id":"e3c96a","name":"篠栗","original_name":"篠栗","name_kana":"ささぐり","closed":false,"lat":33.624045,"lng":130.524515,"prefecture":40,"lines":[11908],"attr":"eco","postal_code":"811-2405","address":"糟屋郡篠栗町大字篠栗","voronoi":{"type":"Feature","geometry":{"type":"Polygon","coordinates":[[[130.538268,33.700908],[130.514538,33.688312],[130.505106,33.682022],[130.503859,33.675351],[130.512111,33.609633],[130.517815,33.604098],[130.534297,33.595411],[130.539095,33.593738],[130.54506,33.701515],[130.538268,33.700908]]]},"properties":{}},"extra":false},
    {"code":1190807,"id":"579856","name":"門松","original_name":"門松","name_kana":"かどまつ","closed":false,"lat":33.620531,"lng":130.496529,"prefecture":40,"lines":[11908],"attr":"eco","postal_code":"811-2302","address":"糟屋郡粕屋町大隈","voronoi":{"type":"Feature","geometry":{"type":"Polygon","coordinates":[[[130.496649,33.608624],[130.488626,33.613193],[130.485066,33.622743],[130.485221,33.636026],[130.503859,33.675351],[130.512111,33.609633],[130.496649,33.608624]]]},"properties":{}},"extra":false},
    {"code":1190808,"id":"89df86","name":"長者原","original_name":"長者原","name_kana":"ちょうじゃばる","closed":false,"lat":33.613567,"lng":130.477848,"prefecture":40,"lines":[11908,11917],"attr":"heat","postal_code":"811-2304","address":"糟屋郡粕屋町仲原","voronoi":{"type":"Feature","geometry":{"type":"Polygon","coordinates":[[[130.485066,33.622743],[130.473543,33.615902],[130.476705,33.60391],[130.488626,33.613193],[130.485066,33.622743]]]},"properties":{}},"extra":false},
    {"code":1190809,"id":"49f048","name":"原町","original_name":"原町","name_kana":"はるまち","closed":false,"lat":33.611748,"lng":130.470949,"prefecture":40,"lines":[11908],"attr":"heat","postal_code":"811-2307","address":"糟屋郡粕屋町大字原町","voronoi":{"type":"Feature","geometry":{"type":"Polygon","coordinates":[[[130.476705,33.60391],[130.473762,33.598927],[130.47266,33.598251],[130.460315,33.612865],[130.45842,33.620125],[130.458427,33.620252],[130.473543,33.615902],[130.476705,33.60391]]]},"properties":{}},"extra":false},
    {"code":1190810,"id":"df9280","name":"柚須","original_name":"柚須","name_kana":"ゆす","closed":false,"lat":33.613206,"lng":130.445031,"prefecture":40,"lines":[11908],"attr":"heat","postal_code":"811-2305","address":"糟屋郡粕屋町柚須","voronoi":{"type":"Feature","geometry":{"type":"Polygon","coordinates":[[[130.441955,33.629594],[130.43894,33.626622],[130.438514,33.626],[130.434354,33.610169],[130.436404,33.602949],[130.442705,33.604314],[130.45842,33.620125],[130.458427,33.620252],[130.45805,33.62167],[130.450197,33.629261],[130.4449,33.630925],[130.441955,33.629594]]]},"properties":{}},"extra":false},
    {"code":1190230,"id":"2becef","name":"吉塚","original_name":"吉塚","name_kana":"よしづか","closed":false,"lat":33.607142,"lng":130.423674,"prefecture":40,"lines":[11902,11908,10901],"attr":"heat","postal_code":"812-0046","address":"福岡市博多区吉塚本町","voronoi":{"type":"Feature","geometry":{"type":"Polygon","coordinates":[[[130.430943,33.600084],[130.436185,33.602404],[130.436404,33.602949],[130.434354,33.610169],[130.427349,33.612014],[130.4224,33.609796],[130.423786,33.604766],[130.430943,33.600084]]]},"properties":{}},"extra":false},
    {"code":100319,"id":"dee3bc","name":"博多","original_name":"博多","name_kana":"はかた","closed":false,"lat":33.590002,"lng":130.420622,"prefecture":40,"lines":[1003,1010,11901,11902,11903,11908,11909,99905,99907],"attr":"heat","postal_code":"812-0012","address":"福岡市博多区博多駅中央街","voronoi":{"type":"Feature","geometry":{"type":"Polygon","coordinates":[[[130.425978,33.596628],[130.425053,33.596691],[130.419857,33.593729],[130.419797,33.593638],[130.419641,33.586582],[130.422843,33.582953],[130.425922,33.582908],[130.425978,33.596628]]]},"properties":{}},"extra":false}
  ],
  "extra":false
}