{
  "code":11902,
  "id":"589202",
  "name":"JR鹿児島本線(下関・門司港～博多)",
  "name_kana":"じぇいあーるかごしまほんせん",
  "station_size":33,
  "company_code":6,
  "closed":false,
  "station_list":[
    {"code":1161236,"id":"fc3cbd","name":"下関","original_name":"下関","name_kana":"しものせき","closed":false,"lat":33.950306,"lng":130.923038,"prefecture":35,"lines":[11612,11702,11902],"attr":"heat","postal_code":"750-0025","address":"下関市大字竹崎町４丁目","voronoi":{"type":"Feature","geometry":{"type":"Polygon","coordinates":[[[130.942206,33.963609],[130.850995,33.976151],[130.854141,33.97092],[130.868582,33.949472],[130.881301,33.933177],[130.887188,33.928483],[130.887632,33.928201],[130.907217,33.922568],[130.907328,33.92258],[130.907693,33.922662],[130.924191,33.93026],[130.925534,33.931406],[130.933909,33.940216],[130.937842,33.945641],[130.943109,33.957046],[130.942206,33.963609]]]},"properties":{}},"extra":false},
    {"code":1190202,"id":"4f17c1","name":"門司港","original_name":"門司港","name_kana":"もじこう","closed":false,"lat":33.945138,"lng":130.961549,"prefecture":40,"lines":[11902,11906],"attr":"heat","postal_code":"801-0841","address":"北九州市門司区西海岸１丁目","voronoi":{"type":"Feature","geometry":{"type":"Polygon","coordinates":[[[130.960294,33.942737],[130.948805,33.951447],[130.946446,33.954664],[130.960008,33.951278],[130.963295,33.946642],[130.96315,33.946145],[130.960294,33.942737]]]},"properties":{}},"extra":false},
    {"code":1190203,"id":"ebf907","name":"小森江","original_name":"小森江","name_kana":"こもりえ","closed":false,"lat":33.916352,"lng":130.938674,"prefecture":40,"lines":[11902,11906],"attr":"heat","postal_code":"800-0007","address":"北九州市門司区小森江３丁目","voronoi":{"type":"Feature","geometry":{"type":"Polygon","coordinates":[[[130.907693,33.922662],[130.9218,33.916529],[130.938672,33.914417],[130.94018,33.918686],[130.929798,33.927269],[130.924191,33.93026],[130.907693,33.922662]]]},"properties":{}},"extra":false},
    {"code":1161237,"id":"9834f5","name":"門司","original_name":"門司","name_kana":"もじ","closed":false,"lat":33.904309,"lng":130.933438,"prefecture":40,"lines":[11612,11902,11906],"attr":"heat","postal_code":"800-0039","address":"北九州市門司区中町","voronoi":{"type":"Feature","geometry":{"type":"Polygon","coordinates":[[[130.907328,33.92258],[130.930542,33.90175],[130.935216,33.905249],[130.926999,33.913523],[130.9218,33.916529],[130.907693,33.922662],[130.907328,33.92258]]]},"properties":{}},"extra":false},
    {"code":100318,"id":"456856","name":"小倉(福岡)","original_name":"小倉","name_kana":"こくら","closed":false,"lat":33.886756,"lng":130.882678,"prefecture":40,"lines":[1003,11902,11906,11914,99908],"attr":"heat","postal_code":"802-0001","address":"北九州市小倉北区浅野１丁目","voronoi":{"type":"Feature","geometry":{"type":"Polygon","coordinates":[[[130.887743,33.887899],[130.88394,33.88497],[130.881167,33.885639],[130.878857,33.888461],[130.878797,33.890046],[130.887188,33.928483],[130.887632,33.928201],[130.890747,33.909704],[130.891333,33.898249],[130.890166,33.891381],[130.887743,33.887899]]]},"properties":{}},"extra":false},
    {"code":1190206,"id":"5a5215","name":"西小倉","original_name":"西小倉","name_kana":"にしこくら","closed":false,"lat":33.888673,"lng":130.873897,"prefecture":40,"lines":[11902,11906,11914],"attr":"heat","postal_code":"803-0812","address":"北九州市小倉北区室町３丁目","voronoi":{"type":"Feature","geometry":{"type":"Polygon","coordinates":[[[130.881301,33.933177],[130.879529,33.928984],[130.869098,33.89737],[130.868917,33.895471],[130.87334,33.886874],[130.878797,33.890046],[130.887188,33.928483],[130.881301,33.933177]]]},"properties":{}},"extra":false},
    {"code":1190207,"id":"28496c","name":"九州工大前","original_name":"九州工大前","name_kana":"きゅうしゅうこうだいまえ","closed":false,"lat":33.900396,"lng":130.840068,"prefecture":40,"lines":[11902],"attr":"eco","postal_code":"804-0011","address":"北九州市戸畑区中原西１丁目","voronoi":{"type":"Feature","geometry":{"type":"Polygon","coordinates":[[[130.837039,33.900171],[130.833329,33.917924],[130.838584,33.987111],[130.843758,33.983929],[130.850995,33.976151],[130.854141,33.97092],[130.843645,33.899504],[130.837039,33.900171]]]},"properties":{}},"extra":false},
    {"code":1190208,"id":"7430da","name":"戸畑","original_name":"戸畑","name_kana":"とばた","closed":false,"lat":33.897018,"lng":130.820692,"prefecture":40,"lines":[11902],"attr":"eco","postal_code":"804-0067","address":"北九州市戸畑区汐井町","voronoi":{"type":"Feature","geometry":{"type":"Polygon","coordinates":[[[130.813491,33.896952],[130.821787,33.899728],[130.823214,33.898695],[130.821969,33.895266],[130.816366,33.894242],[130.813491,33.896952]]]},"properties":{}},"extra":false},
    {"code":1190209,"id":"f5e734","name":"枝光","original_name":"枝光","name_kana":"えだみつ","closed":false,"lat":33.879367,"lng":130.813318,"prefecture":40,"lines":[11902],"attr":"eco","postal_code":"805-0002","address":"北九州市八幡東区枝光２丁目","voronoi":{"type":"Feature","geometry":{"type":"Polygon","coordinates":[[[130.799737,33.884093],[130.805619,33.8835],[130.820128,33.87763],[130.809309,33.8757],[130.799737,33.884093]]]},"properties":{}},"extra":false},
    {"code":1190210,"id":"004fdb","name":"スペースワールド","original_name":"スペースワールド","name_kana":"すぺーすわーるど","closed":false,"lat":33.871246,"lng":130.806197,"prefecture":40,"lines":[11902],"attr":"cool","postal_code":"805-0057","address":"北九州市八幡東区大字尾倉４００-４","voronoi":{"type":"Feature","geometry":{"type":"Polygon","coordinates":[[[130.799737,33.884093],[130.797474,33.885287],[130.800404,33.871486],[130.801489,33.870122],[130.809327,33.868118],[130.810197,33.868838],[130.810556,33.871469],[130.809309,33.8757],[130.799737,33.884093]]]},"properties":{}},"extra":false},
    {"code":1190211,"id":"2f408f","name":"八幡(福岡)","original_name":"八幡","name_kana":"やはた","closed":false,"lat":33.868913,"lng":130.795209,"prefecture":40,"lines":[11902],"attr":"cool","postal_code":"805-0061","address":"北九州市八幡東区西本町３丁目","voronoi":{"type":"Feature","geometry":{"type":"Polygon","coordinates":[[[130.800404,33.871486],[130.797474,33.885287],[130.797009,33.885798],[130.790175,33.88207],[130.790933,33.87528],[130.793616,33.868717],[130.797131,33.867165],[130.800404,33.871486]]]},"properties":{}},"extra":false},
    {"code":1190212,"id":"1329b5","name":"黒崎","original_name":"黒崎","name_kana":"くろさき","closed":false,"lat":33.866807,"lng":130.766206,"prefecture":40,"lines":[11902],"attr":"cool","postal_code":"806-0021","address":"北九州市八幡西区黒崎３丁目","voronoi":{"type":"Feature","geometry":{"type":"Polygon","coordinates":[[[130.762868,33.877831],[130.763994,33.870365],[130.768373,33.861452],[130.769413,33.878207],[130.762868,33.877831]]]},"properties":{}},"extra":false},
    {"code":1190213,"id":"f7336e","name":"陣原","original_name":"陣原","name_kana":"じんのはる","closed":false,"lat":33.868242,"lng":130.742656,"prefecture":40,"lines":[11902],"attr":"cool","postal_code":"807-0821","address":"北九州市八幡西区陣原１丁目２番１号","voronoi":{"type":"Feature","geometry":{"type":"Polygon","coordinates":[[[130.734852,33.877634],[130.736191,33.881473],[130.751203,33.877443],[130.741502,33.864],[130.734852,33.877634]]]},"properties":{}},"extra":false},
    {"code":1190214,"id":"dddb7e","name":"折尾","original_name":"折尾","name_kana":"おりお","closed":false,"lat":33.863629,"lng":130.713109,"prefecture":40,"lines":[11902,11910,11911],"attr":"cool","postal_code":"807-0861","address":"北九州市八幡西区堀川町","voronoi":{"type":"Feature","geometry":{"type":"Polygon","coordinates":[[[130.717359,33.859822],[130.692564,33.881075],[130.696213,33.887923],[130.717814,33.869544],[130.717359,33.859822]]]},"properties":{}},"extra":false},
    {"code":1190215,"id":"c7c7cf","name":"水巻","original_name":"水巻","name_kana":"みずまき","closed":false,"lat":33.852287,"lng":130.694624,"prefecture":40,"lines":[11902],"attr":"cool","postal_code":"807-0021","address":"遠賀郡水巻町大字頃末","voronoi":{"type":"Feature","geometry":{"type":"Polygon","coordinates":[[[130.690523,33.833549],[130.688405,33.833072],[130.678884,33.868994],[130.691199,33.878542],[130.706783,33.852939],[130.690523,33.833549]]]},"properties":{}},"extra":false},
    {"code":1190216,"id":"1a2171","name":"遠賀川","original_name":"遠賀川","name_kana":"おんががわ","closed":false,"lat":33.846684,"lng":130.673485,"prefecture":40,"lines":[11902,10903,10909],"attr":"cool","postal_code":"811-4303","address":"遠賀郡遠賀町今古賀","voronoi":{"type":"Feature","geometry":{"type":"Polygon","coordinates":[[[130.681148,33.82569],[130.688405,33.833072],[130.678884,33.868994],[130.645715,33.863539],[130.648657,33.840491],[130.681148,33.82569]]]},"properties":{}},"extra":false},
    {"code":1190217,"id":"e15832","name":"海老津","original_name":"海老津","name_kana":"えびつ","closed":false,"lat":33.840248,"lng":130.62307,"prefecture":40,"lines":[11902],"attr":"cool","postal_code":"811-4231","address":"遠賀郡岡垣町大字海老津","voronoi":{"type":"Feature","geometry":{"type":"Polygon","coordinates":[[[130.648657,33.840491],[130.645715,33.863539],[130.487113,34.007],[130.579912,33.851634],[130.62649,33.803921],[130.648657,33.840491]]]},"properties":{}},"extra":false},
    {"code":1190218,"id":"5a4dbb","name":"教育大前","original_name":"教育大前","name_kana":"きょういくだいまえ","closed":false,"lat":33.808215,"lng":130.590256,"prefecture":40,"lines":[11902],"attr":"cool","postal_code":"811-4145","address":"宗像市陵厳寺","voronoi":{"type":"Feature","geometry":{"type":"Polygon","coordinates":[[[130.623323,33.778517],[130.626468,33.784829],[130.62813,33.791809],[130.62649,33.803921],[130.579912,33.851634],[130.579777,33.723636],[130.579882,33.723391],[130.587295,33.729709],[130.623323,33.778517]]]},"properties":{}},"extra":false},
    {"code":1190219,"id":"e5e381","name":"赤間","original_name":"赤間","name_kana":"あかま","closed":false,"lat":33.808237,"lng":130.569477,"prefecture":40,"lines":[11902],"attr":"cool","postal_code":"811-4183","address":"宗像市大字土穴","voronoi":{"type":"Feature","geometry":{"type":"Polygon","coordinates":[[[130.579912,33.851634],[130.579777,33.723636],[130.569477,33.741255],[130.474392,34.022416],[130.487113,34.007],[130.579912,33.851634]]]},"properties":{}},"extra":false},
    {"code":1190220,"id":"310ce2","name":"東郷","original_name":"東郷","name_kana":"とうごう","closed":false,"lat":33.794488,"lng":130.528822,"prefecture":40,"lines":[11902],"attr":"cool","postal_code":"811-3431","address":"宗像市田熊","voronoi":{"type":"Feature","geometry":{"type":"Polygon","coordinates":[[[130.474392,34.022416],[130.468491,34.031075],[130.496437,33.807185],[130.49753,33.803811],[130.569477,33.741255],[130.474392,34.022416]]]},"properties":{}},"extra":false},
    {"code":1190221,"id":"150966","name":"東福間","original_name":"東福間","name_kana":"ひがしふくま","closed":false,"lat":33.774118,"lng":130.511111,"prefecture":40,"lines":[11902],"attr":"cool","postal_code":"811-3222","address":"福津市津丸","voronoi":{"type":"Feature","geometry":{"type":"Polygon","coordinates":[[[130.54506,33.701515],[130.575436,33.71068],[130.579882,33.723391],[130.579777,33.723636],[130.569477,33.741255],[130.49753,33.803811],[130.494598,33.777986],[130.513631,33.733896],[130.534261,33.705175],[130.538268,33.700908],[130.54506,33.701515]]]},"properties":{}},"extra":false},
    {"code":1190222,"id":"09b8e1","name":"福間","original_name":"福間","name_kana":"ふくま","closed":false,"lat":33.763316,"lng":130.486088,"prefecture":40,"lines":[11902],"attr":"cool","postal_code":"811-3200","address":"福津市中央３丁目","voronoi":{"type":"Feature","geometry":{"type":"Polygon","coordinates":[[[130.513631,33.733896],[130.478834,33.757854],[130.482939,33.771239],[130.494598,33.777986],[130.513631,33.733896]]]},"properties":{}},"extra":false},
    {"code":1190223,"id":"447e58","name":"千鳥","original_name":"千鳥","name_kana":"ちどり","closed":false,"lat":33.749129,"lng":130.47632,"prefecture":40,"lines":[11902],"attr":"cool","postal_code":"811-3115","address":"古賀市久保","voronoi":{"type":"Feature","geometry":{"type":"Polygon","coordinates":[[[130.478834,33.757854],[130.465555,33.757524],[130.475292,33.73876],[130.534261,33.705175],[130.513631,33.733896],[130.478834,33.757854]]]},"properties":{}},"extra":false},
    {"code":1190224,"id":"a2c02b","name":"古賀","original_name":"古賀","name_kana":"こが","closed":false,"lat":33.732586,"lng":130.466898,"prefecture":40,"lines":[11902],"attr":"cool","postal_code":"811-3100","address":"古賀市後牟田","voronoi":{"type":"Feature","geometry":{"type":"Polygon","coordinates":[[[130.534261,33.705175],[130.475292,33.73876],[130.46445,33.738111],[130.463978,33.726641],[130.514538,33.688312],[130.538268,33.700908],[130.534261,33.705175]]]},"properties":{}},"extra":false},
    {"code":1190232,"id":"da031a","name":"ししぶ","original_name":"ししぶ","name_kana":"ししぶ","closed":false,"lat":33.722223,"lng":130.459042,"prefecture":40,"lines":[11902],"attr":"heat","postal_code":"811-3107","address":"福岡県古賀市美明二丁目","voronoi":{"type":"Feature","geometry":{"type":"Polygon","coordinates":[[[130.49135,33.682793],[130.502557,33.681817],[130.505106,33.682022],[130.514538,33.688312],[130.463978,33.726641],[130.458961,33.727832],[130.45402,33.717018],[130.490143,33.683238],[130.49135,33.682793]]]},"properties":{}},"extra":false},
    {"code":1190233,"id":"b46b69","name":"新宮中央","original_name":"新宮中央","name_kana":"しんぐうちゅうおう","closed":false,"lat":33.711659,"lng":130.449163,"prefecture":40,"lines":[11902],"attr":"heat","postal_code":"811-0117","address":"福岡県糟屋郡新宮町上府1323-2","open_date":"2010-03-13","voronoi":{"type":"Feature","geometry":{"type":"Polygon","coordinates":[[[130.490143,33.683238],[130.471885,33.68708],[130.441904,33.707214],[130.444628,33.721133],[130.45402,33.717018],[130.490143,33.683238]]]},"properties":{}},"extra":false},
    {"code":1190225,"id":"37787f","name":"福工大前","original_name":"福工大前","name_kana":"ふっこうだいまえ","closed":false,"lat":33.698813,"lng":130.440536,"prefecture":40,"lines":[11902],"attr":"cool","postal_code":"811-0213","address":"福岡市東区和白丘１丁目","voronoi":{"type":"Feature","geometry":{"type":"Polygon","coordinates":[[[130.44683,33.686432],[130.471885,33.68708],[130.441904,33.707214],[130.432337,33.704906],[130.431127,33.698236],[130.440147,33.688587],[130.44683,33.686432]]]},"properties":{}},"extra":false},
    {"code":1190226,"id":"d8fd50","name":"九産大前","original_name":"九産大前","name_kana":"きゅうさんだいまえ","closed":false,"lat":33.673743,"lng":130.441184,"prefecture":40,"lines":[11902],"attr":"heat","postal_code":"813-0001","address":"福岡市東区唐原","voronoi":{"type":"Feature","geometry":{"type":"Polygon","coordinates":[[[130.444359,33.66683],[130.467452,33.67141],[130.49135,33.682793],[130.490143,33.683238],[130.471885,33.68708],[130.44683,33.686432],[130.436022,33.674977],[130.440642,33.666764],[130.444359,33.66683]]]},"properties":{}},"extra":false},
    {"code":1190227,"id":"304596","name":"香椎","original_name":"香椎","name_kana":"かしい","closed":false,"lat":33.659228,"lng":130.444063,"prefecture":40,"lines":[11902,11916,11917],"attr":"heat","postal_code":"813-0013","address":"福岡市東区香椎駅前１丁目","voronoi":{"type":"Feature","geometry":{"type":"Polygon","coordinates":[[[130.444359,33.66683],[130.442329,33.657626],[130.449272,33.655177],[130.467452,33.67141],[130.444359,33.66683]]]},"properties":{}},"extra":false},
    {"code":1190228,"id":"659c37","name":"千早","original_name":"千早","name_kana":"ちはや","closed":false,"lat":33.649116,"lng":130.440486,"prefecture":40,"lines":[11902],"attr":"heat","postal_code":"813-0041","address":"福岡市東区水谷２丁目８３-１","voronoi":{"type":"Feature","geometry":{"type":"Polygon","coordinates":[[[130.444518,33.634302],[130.438782,33.642209],[130.441003,33.652407],[130.446559,33.650438],[130.446809,33.643304],[130.444518,33.634302]]]},"properties":{}},"extra":false},
    {"code":1190229,"id":"d7da77","name":"箱崎","original_name":"箱崎","name_kana":"はこざき","closed":false,"lat":33.618063,"lng":130.426549,"prefecture":40,"lines":[11902],"attr":"heat","postal_code":"812-0053","address":"福岡市東区箱崎１丁目","voronoi":{"type":"Feature","geometry":{"type":"Polygon","coordinates":[[[130.434354,33.610169],[130.427349,33.612014],[130.424275,33.614939],[130.424349,33.618286],[130.432783,33.624579],[130.438514,33.626],[130.434354,33.610169]]]},"properties":{}},"extra":false},
    {"code":1190230,"id":"2becef","name":"吉塚","original_name":"吉塚","name_kana":"よしづか","closed":false,"lat":33.607142,"lng":130.423674,"prefecture":40,"lines":[11902,11908,10901],"attr":"heat","postal_code":"812-0046","address":"福岡市博多区吉塚本町","voronoi":{"type":"Feature","geometry":{"type":"Polygon","coordinates":[[[130.430943,33.600084],[130.436185,33.602404],[130.436404,33.602949],[130.434354,33.610169],[130.427349,33.612014],[130.4224,33.609796],[130.423786,33.604766],[130.430943,33.600084]]]},"properties":{}},"extra":false},
    {"code":100319,"id":"dee3bc","name":"博多","original_name":"博多","name_kana":"はかた","closed":false,"lat":33.590002,"lng":130.420622,"prefecture":40,"lines":[1003,1010,11901,11902,11903,11908,11909,99905,99907],"attr":"heat","postal_code":"812-0012","address":"福岡市博多区博多駅中央街","voronoi":{"type":"Feature","geometry":{"type":"Polygon","coordinates":[[[130.425978,33.596628],[130.425053,33.596691],[130.419857,33.593729],[130.419797,33.593638],[130.419641,33.586582],[130.422843,33.582953],[130.425922,33.582908],[130.425978,33.596628]]]},"properties":{}},"extra":false}
  ],
  "extra":false
}