{
  "code":11910,
  "id":"89cfe2",
  "name":"JR筑豊本線(若松線)(若松～折尾)",
  "name_kana":"じぇいあーるちくほうほんせん(わかまつせん)",
  "name_formal":"JR筑豊本線(若松～折尾)",
  "station_size":6,
  "company_code":6,
  "closed":false,
  "station_list":[
    {"code":1191001,"id":"d0d1df","name":"若松","original_name":"若松","name_kana":"わかまつ","closed":false,"lat":33.901179,"lng":130.806307,"prefecture":40,"lines":[11910],"attr":"heat","postal_code":"808-0035","address":"北九州市若松区白山１丁目","voronoi":{"type":"Feature","geometry":{"type":"Polygon","coordinates":[[[130.812355,34.006842],[130.801486,34.016532],[130.747084,34.047958],[130.748336,34.041652],[130.797307,33.887093],[130.797704,33.887294],[130.812811,33.897274],[130.812355,34.006842]]]},"properties":{}},"extra":false},
    {"code":1191002,"id":"99a16b","name":"藤ノ木","original_name":"藤ノ木","name_kana":"ふじのき","closed":false,"lat":33.893426,"lng":130.781838,"prefecture":40,"lines":[11910],"attr":"heat","postal_code":"808-0073","address":"北九州市若松区赤島町","voronoi":{"type":"Feature","geometry":{"type":"Polygon","coordinates":[[[130.784504,33.880652],[130.790175,33.88207],[130.797009,33.885798],[130.797307,33.887093],[130.748336,34.041652],[130.758583,33.950041],[130.775911,33.881244],[130.783581,33.880565],[130.784504,33.880652]]]},"properties":{}},"extra":false},
    {"code":1191003,"id":"9077f3","name":"奥洞海","original_name":"奥洞海","name_kana":"おくどうかい","closed":false,"lat":33.889165,"lng":130.76492,"prefecture":40,"lines":[11910],"attr":"heat","postal_code":"808-0075","address":"北九州市若松区赤岩町９-１","voronoi":{"type":"Feature","geometry":{"type":"Polygon","coordinates":[[[130.769413,33.878207],[130.770791,33.878588],[130.775235,33.88077],[130.775911,33.881244],[130.758583,33.950041],[130.756342,33.879175],[130.758939,33.878385],[130.762143,33.877894],[130.762868,33.877831],[130.769413,33.878207]]]},"properties":{}},"extra":false},
    {"code":1191004,"id":"4019cd","name":"二島","original_name":"二島","name_kana":"ふたじま","closed":false,"lat":33.889687,"lng":130.748413,"prefecture":40,"lines":[11910],"attr":"cool","postal_code":"808-0103","address":"北九州市若松区大字二島","voronoi":{"type":"Feature","geometry":{"type":"Polygon","coordinates":[[[130.706828,33.932955],[130.704491,34.081501],[130.726357,34.065823],[130.747084,34.047958],[130.748336,34.041652],[130.758583,33.950041],[130.756342,33.879175],[130.751821,33.877356],[130.751203,33.877443],[130.736191,33.881473],[130.706828,33.932955]]]},"properties":{}},"extra":false},
    {"code":1191005,"id":"79295c","name":"本城","original_name":"本城","name_kana":"ほんじょう","closed":false,"lat":33.875135,"lng":130.722899,"prefecture":40,"lines":[11910],"attr":"eco","postal_code":"807-0802","address":"北九州市八幡西区力丸町２５番１４号","voronoi":{"type":"Feature","geometry":{"type":"Polygon","coordinates":[[[130.734852,33.877634],[130.729025,33.868648],[130.717814,33.869544],[130.696213,33.887923],[130.706828,33.932955],[130.736191,33.881473],[130.734852,33.877634]]]},"properties":{}},"extra":false},
    {"code":1190214,"id":"dddb7e","name":"折尾","original_name":"折尾","name_kana":"おりお","closed":false,"lat":33.863629,"lng":130.713109,"prefecture":40,"lines":[11902,11910,11911],"attr":"cool","postal_code":"807-0861","address":"北九州市八幡西区堀川町","voronoi":{"type":"Feature","geometry":{"type":"Polygon","coordinates":[[[130.717359,33.859822],[130.692564,33.881075],[130.696213,33.887923],[130.717814,33.869544],[130.717359,33.859822]]]},"properties":{}},"extra":false}
  ],
  "extra":false
}