{
  "code":11923,
  "id":"3e398b",
  "name":"JR豊肥本線(阿蘇高原線)",
  "name_kana":"じぇいあーるほうひほんせん(あそこうげんせん)",
  "name_formal":"JR豊肥本線",
  "station_size":37,
  "company_code":6,
  "closed":false,
  "station_list":[
    {"code":101007,"id":"278487","name":"熊本","original_name":"熊本","name_kana":"くまもと","closed":false,"lat":32.789878,"lng":130.688989,"prefecture":43,"lines":[1010,11903,11923,11924],"attr":"heat","postal_code":"860-0047","address":"熊本市春日３丁目","voronoi":{"type":"Feature","geometry":{"type":"Polygon","coordinates":[[[130.687704,32.799318],[130.686071,32.800682],[130.642547,32.81754],[130.604742,32.822967],[130.6025,32.822234],[130.584384,32.807227],[130.595168,32.796048],[130.605778,32.793737],[130.685169,32.787906],[130.688685,32.788367],[130.690919,32.79308],[130.687704,32.799318]]]},"properties":{}},"extra":false},
    {"code":1192302,"id":"2afaeb","name":"平成","original_name":"平成","name_kana":"へいせい","closed":false,"lat":32.781569,"lng":130.703539,"prefecture":43,"lines":[11923],"attr":"heat","postal_code":"860-0833","address":"熊本市平成２丁目","voronoi":{"type":"Feature","geometry":{"type":"Polygon","coordinates":[[[130.696899,32.785444],[130.69975,32.787702],[130.705206,32.788629],[130.711809,32.773846],[130.702304,32.762359],[130.693199,32.772211],[130.695995,32.783079],[130.696899,32.785444]]]},"properties":{}},"extra":false},
    {"code":1192303,"id":"9adb04","name":"南熊本","original_name":"南熊本","name_kana":"みなみくまもと","closed":false,"lat":32.785159,"lng":130.711577,"prefecture":43,"lines":[11923,99932],"attr":"heat","postal_code":"860-0812","address":"熊本市南熊本３丁目","voronoi":{"type":"Feature","geometry":{"type":"Polygon","coordinates":[[[130.723559,32.780748],[130.72343,32.78107],[130.718946,32.7889],[130.718168,32.789801],[130.713685,32.792801],[130.711739,32.793641],[130.708409,32.792064],[130.705206,32.788629],[130.711809,32.773846],[130.723719,32.780046],[130.723559,32.780748]]]},"properties":{}},"extra":false},
    {"code":1192304,"id":"487f2d","name":"新水前寺","original_name":"新水前寺","name_kana":"しんすいぜんじ","closed":false,"lat":32.793363,"lng":130.725901,"prefecture":43,"lines":[11923],"attr":"heat","postal_code":"862-0959","address":"熊本市白山２丁目","voronoi":{"type":"Feature","geometry":{"type":"Polygon","coordinates":[[[130.718946,32.7889],[130.72343,32.78107],[130.726833,32.790782],[130.726175,32.795806],[130.718946,32.7889]]]},"properties":{}},"extra":false},
    {"code":1192305,"id":"9adb55","name":"水前寺","original_name":"水前寺","name_kana":"すいぜんじ","closed":false,"lat":32.796962,"lng":130.729823,"prefecture":43,"lines":[11923],"attr":"heat","postal_code":"862-0950","address":"熊本市水前寺１丁目","voronoi":{"type":"Feature","geometry":{"type":"Polygon","coordinates":[[[130.73296,32.794114],[130.729209,32.794629],[130.726701,32.796634],[130.725297,32.803131],[130.725506,32.806062],[130.7262,32.809254],[130.728824,32.810794],[130.742462,32.798533],[130.738083,32.796026],[130.73296,32.794114]]]},"properties":{}},"extra":false},
    {"code":1192306,"id":"da4f44","name":"東海学園前","original_name":"東海学園前","name_kana":"とうかいがくえんまえ","closed":false,"lat":32.811267,"lng":130.742684,"prefecture":43,"lines":[11923],"attr":"heat","postal_code":"862-0970","address":"熊本市東区渡鹿九丁目1-1-1","voronoi":{"type":"Feature","geometry":{"type":"Polygon","coordinates":[[[130.729707,32.813943],[130.728824,32.810794],[130.742462,32.798533],[130.744438,32.797843],[130.74592,32.797638],[130.752708,32.798251],[130.759981,32.8003],[130.763914,32.801837],[130.766866,32.803228],[130.769237,32.804564],[130.733627,32.821032],[130.731643,32.8185],[130.729707,32.813943]]]},"properties":{}},"extra":false},
    {"code":1192307,"id":"fa47ec","name":"竜田口","original_name":"竜田口","name_kana":"たつたぐち","closed":false,"lat":32.820455,"lng":130.746933,"prefecture":43,"lines":[11923],"attr":"heat","postal_code":"860-0862","address":"熊本市黒髪７丁目","voronoi":{"type":"Feature","geometry":{"type":"Polygon","coordinates":[[[130.733627,32.821032],[130.736741,32.832071],[130.73995,32.836743],[130.741217,32.838213],[130.746005,32.840655],[130.750236,32.841817],[130.788979,32.811262],[130.769237,32.804564],[130.733627,32.821032]]]},"properties":{}},"extra":false},
    {"code":1192308,"id":"2dbba5","name":"武蔵塚","original_name":"武蔵塚","name_kana":"むさしづか","closed":false,"lat":32.850008,"lng":130.77024,"prefecture":43,"lines":[11923],"attr":"heat","postal_code":"861-8002","address":"熊本市龍田町大字弓削平ノ上","voronoi":{"type":"Feature","geometry":{"type":"Polygon","coordinates":[[[130.769685,32.872445],[130.799357,32.809954],[130.788979,32.811262],[130.750236,32.841817],[130.7538,32.855999],[130.755006,32.858694],[130.76009,32.865614],[130.761679,32.866971],[130.766634,32.870586],[130.769685,32.872445]]]},"properties":{}},"extra":false},
    {"code":1192309,"id":"04d092","name":"光の森","original_name":"光の森","name_kana":"ひかりのもり","closed":false,"lat":32.857834,"lng":130.786722,"prefecture":43,"lines":[11923],"attr":"heat","postal_code":"861-8001","address":"熊本市武蔵ケ丘９丁目","voronoi":{"type":"Feature","geometry":{"type":"Polygon","coordinates":[[[130.799357,32.809954],[130.769685,32.872445],[130.772951,32.877167],[130.781688,32.884574],[130.812957,32.805587],[130.799357,32.809954]]]},"properties":{}},"extra":false},
    {"code":1192310,"id":"986c89","name":"三里木","original_name":"三里木","name_kana":"さんりぎ","closed":false,"lat":32.861634,"lng":130.796321,"prefecture":43,"lines":[11923],"attr":"heat","postal_code":"869-1101","address":"菊池郡菊陽町津久礼","voronoi":{"type":"Feature","geometry":{"type":"Polygon","coordinates":[[[130.831463,32.797782],[130.812957,32.805587],[130.781688,32.884574],[130.782025,32.884994],[130.796086,32.895626],[130.803746,32.898613],[130.831463,32.797782]]]},"properties":{}},"extra":false},
    {"code":1192311,"id":"c32da2","name":"原水","original_name":"原水","name_kana":"はらみず","closed":false,"lat":32.870625,"lng":130.829029,"prefecture":43,"lines":[11923],"attr":"heat","postal_code":"869-1102","address":"菊池郡菊陽町原水字馬場","voronoi":{"type":"Feature","geometry":{"type":"Polygon","coordinates":[[[130.838385,32.923955],[130.832549,32.921434],[130.812969,32.908865],[130.803746,32.898613],[130.831463,32.797782],[130.84725,32.786175],[130.864529,32.782782],[130.838385,32.923955]]]},"properties":{}},"extra":false},
    {"code":1192312,"id":"6fb46b","name":"肥後大津","original_name":"肥後大津","name_kana":"ひごおおづ","closed":false,"lat":32.877512,"lng":130.866218,"prefecture":43,"lines":[11923],"attr":"eco","postal_code":"869-1235","address":"菊池郡大津町室","voronoi":{"type":"Feature","geometry":{"type":"Polygon","coordinates":[[[130.838385,32.923955],[130.849685,32.934794],[130.867967,32.948139],[130.899628,32.966889],[130.879928,32.776364],[130.864529,32.782782],[130.838385,32.923955]]]},"properties":{}},"extra":false},
    {"code":1192313,"id":"894c6d","name":"瀬田(熊本)","original_name":"瀬田","name_kana":"せた","closed":false,"lat":32.872567,"lng":130.914044,"prefecture":43,"lines":[11923],"attr":"eco","postal_code":"869-1219","address":"菊池郡大津町大林","voronoi":{"type":"Feature","geometry":{"type":"Polygon","coordinates":[[[130.944254,32.790934],[130.946732,32.803121],[130.934382,32.929907],[130.909935,32.977279],[130.899628,32.966889],[130.879928,32.776364],[130.898064,32.763068],[130.931255,32.740461],[130.944254,32.790934]]]},"properties":{}},"extra":false},
    {"code":1192314,"id":"f35b3c","name":"立野(熊本)","original_name":"立野","name_kana":"たての","closed":false,"lat":32.87757,"lng":130.965403,"prefecture":43,"lines":[11923,99919,10916],"attr":"eco","postal_code":"869-1401","address":"阿蘇郡南阿蘇村立野","voronoi":{"type":"Feature","geometry":{"type":"Polygon","coordinates":[[[130.934382,32.929907],[130.946732,32.803121],[130.995076,32.883147],[130.934382,32.929907]]]},"properties":{}},"extra":false},
    {"code":1192315,"id":"1e070e","name":"赤水","original_name":"赤水","name_kana":"あかみず","closed":false,"lat":32.913261,"lng":130.9929,"prefecture":43,"lines":[11923],"attr":"eco","postal_code":"869-2232","address":"阿蘇市赤水","voronoi":{"type":"Feature","geometry":{"type":"Polygon","coordinates":[[[130.995076,32.883147],[130.934382,32.929907],[130.909935,32.977279],[130.918684,33.001681],[131.031191,32.889911],[130.995076,32.883147]]]},"properties":{}},"extra":false},
    {"code":1192316,"id":"2af8f3","name":"市ノ川","original_name":"市ノ川","name_kana":"いちのかわ","closed":false,"lat":32.928048,"lng":131.00759,"prefecture":43,"lines":[11923],"attr":"eco","postal_code":"869-2237","address":"阿蘇市的石","voronoi":{"type":"Feature","geometry":{"type":"Polygon","coordinates":[[[131.042599,32.891633],[131.033583,32.889793],[131.031191,32.889911],[130.918684,33.001681],[130.932655,33.055536],[130.984448,33.040468],[131.042599,32.891633]]]},"properties":{}},"extra":false},
    {"code":1192317,"id":"d826e8","name":"内牧","original_name":"内牧","name_kana":"うちのまき","closed":false,"lat":32.942136,"lng":131.043648,"prefecture":43,"lines":[11923],"attr":"eco","postal_code":"869-2226","address":"阿蘇市乙姫","voronoi":{"type":"Feature","geometry":{"type":"Polygon","coordinates":[[[131.042599,32.891633],[130.984448,33.040468],[131.073628,33.030288],[131.055197,32.889184],[131.042599,32.891633]]]},"properties":{}},"extra":false},
    {"code":1192318,"id":"1774fc","name":"阿蘇","original_name":"阿蘇","name_kana":"あそ","closed":false,"lat":32.937393,"lng":131.079959,"prefecture":43,"lines":[11923],"attr":"cool","postal_code":"869-2225","address":"阿蘇市黒川","voronoi":{"type":"Feature","geometry":{"type":"Polygon","coordinates":[[[131.055197,32.889184],[131.062623,32.884766],[131.0722,32.881087],[131.07791,32.879719],[131.084199,32.879959],[131.092493,33.031882],[131.073628,33.030288],[131.055197,32.889184]]]},"properties":{}},"extra":false},
    {"code":1192319,"id":"d51655","name":"いこいの村","original_name":"いこいの村","name_kana":"いこいのむら","closed":false,"lat":32.93659,"lng":131.094666,"prefecture":43,"lines":[11923],"attr":"cool","postal_code":"869-2224","address":"阿蘇市蔵原","voronoi":{"type":"Feature","geometry":{"type":"Polygon","coordinates":[[[131.107887,32.87902],[131.089147,32.879511],[131.084199,32.879959],[131.092493,33.031882],[131.103041,33.033601],[131.107887,32.87902]]]},"properties":{}},"extra":false},
    {"code":1192320,"id":"2b5d66","name":"宮地","original_name":"宮地","name_kana":"みやじ","closed":false,"lat":32.937305,"lng":131.117476,"prefecture":43,"lines":[11923],"attr":"cool","postal_code":"869-2612","address":"阿蘇市一の宮町宮地","voronoi":{"type":"Feature","geometry":{"type":"Polygon","coordinates":[[[131.11208,32.87808],[131.107887,32.87902],[131.103041,33.033601],[131.132946,33.042171],[131.154662,33.044721],[131.157322,32.880033],[131.11208,32.87808]]]},"properties":{}},"extra":false},
    {"code":1192321,"id":"0e8b3e","name":"波野","original_name":"波野","name_kana":"なみの","closed":false,"lat":32.938562,"lng":131.195298,"prefecture":43,"lines":[11923],"attr":"cool","postal_code":"869-2806","address":"阿蘇市波野大字波野","voronoi":{"type":"Feature","geometry":{"type":"Polygon","coordinates":[[[131.209294,32.848272],[131.157322,32.880033],[131.154662,33.044721],[131.205377,33.070248],[131.234178,33.073906],[131.209294,32.848272]]]},"properties":{}},"extra":false},
    {"code":1192322,"id":"eedbca","name":"滝水","original_name":"滝水","name_kana":"たきみず","closed":false,"lat":32.933342,"lng":131.24263,"prefecture":43,"lines":[11923],"attr":"cool","postal_code":"869-2804","address":"阿蘇市波野大字滝水","voronoi":{"type":"Feature","geometry":{"type":"Polygon","coordinates":[[[131.234178,33.073906],[131.209294,32.848272],[131.241521,32.81427],[131.257093,32.818831],[131.286419,33.0689],[131.285972,33.07065],[131.259806,33.081727],[131.234178,33.073906]]]},"properties":{}},"extra":false},
    {"code":1192323,"id":"e15cbc","name":"豊後荻","original_name":"豊後荻","name_kana":"ぶんごおぎ","closed":false,"lat":32.926889,"lng":131.297657,"prefecture":44,"lines":[11923],"attr":"cool","postal_code":"879-6115","address":"竹田市荻町馬場","voronoi":{"type":"Feature","geometry":{"type":"Polygon","coordinates":[[[131.321608,32.995226],[131.286419,33.0689],[131.257093,32.818831],[131.347265,32.82267],[131.366835,32.825366],[131.321608,32.995226]]]},"properties":{}},"extra":false},
    {"code":1192324,"id":"e1c757","name":"玉来","original_name":"玉来","name_kana":"たまらい","closed":false,"lat":32.947847,"lng":131.376369,"prefecture":44,"lines":[11923],"attr":"cool","postal_code":"878-0035","address":"竹田市大字吉田","voronoi":{"type":"Feature","geometry":{"type":"Polygon","coordinates":[[[131.321608,32.995226],[131.433411,32.930037],[131.462379,32.805902],[131.366835,32.825366],[131.321608,32.995226]]]},"properties":{}},"extra":false},
    {"code":1192325,"id":"c176ca","name":"豊後竹田","original_name":"豊後竹田","name_kana":"ぶんごたけた","closed":false,"lat":32.970906,"lng":131.389814,"prefecture":44,"lines":[11923],"attr":"cool","postal_code":"878-0011","address":"竹田市大字会々字下木","voronoi":{"type":"Feature","geometry":{"type":"Polygon","coordinates":[[[131.433411,32.930037],[131.433293,32.959388],[131.339156,33.078969],[131.285972,33.07065],[131.286419,33.0689],[131.321608,32.995226],[131.433411,32.930037]]]},"properties":{}},"extra":false},
    {"code":1192326,"id":"cf6e08","name":"朝地","original_name":"朝地","name_kana":"あさじ","closed":false,"lat":33.004356,"lng":131.432305,"prefecture":44,"lines":[11923],"attr":"cool","postal_code":"879-6221","address":"豊後大野市朝地町坪泉","voronoi":{"type":"Feature","geometry":{"type":"Polygon","coordinates":[[[131.510876,33.084463],[131.497432,33.045369],[131.433293,32.959388],[131.339156,33.078969],[131.350655,33.083611],[131.425409,33.096117],[131.4332,33.095839],[131.501458,33.088202],[131.503273,33.087697],[131.510876,33.084463]]]},"properties":{}},"extra":false},
    {"code":1192327,"id":"9efef7","name":"緒方","original_name":"緒方","name_kana":"おがた","closed":false,"lat":32.971255,"lng":131.476678,"prefecture":44,"lines":[11923],"attr":"cool","postal_code":"879-6601","address":"豊後大野市緒方町馬場","voronoi":{"type":"Feature","geometry":{"type":"Polygon","coordinates":[[[131.433293,32.959388],[131.433411,32.930037],[131.462379,32.805902],[131.463421,32.80531],[131.504461,32.79136],[131.506768,32.79075],[131.497432,33.045369],[131.433293,32.959388]]]},"properties":{}},"extra":false},
    {"code":1192328,"id":"ec4ea7","name":"豊後清川","original_name":"豊後清川","name_kana":"ぶんごきよかわ","closed":false,"lat":32.972974,"lng":131.523558,"prefecture":44,"lines":[11923],"attr":"cool","postal_code":"879-6902","address":"豊後大野市清川町雨堤","voronoi":{"type":"Feature","geometry":{"type":"Polygon","coordinates":[[[131.52102,32.787273],[131.513305,32.788085],[131.506768,32.79075],[131.497432,33.045369],[131.510876,33.084463],[131.524796,33.085053],[131.533916,33.075246],[131.539027,33.063733],[131.577218,32.845427],[131.570749,32.836066],[131.52102,32.787273]]]},"properties":{}},"extra":false},
    {"code":1192329,"id":"cd81df","name":"三重町","original_name":"三重町","name_kana":"みえまち","closed":false,"lat":32.983616,"lng":131.584389,"prefecture":44,"lines":[11923],"attr":"cool","postal_code":"879-7111","address":"豊後大野市三重町赤嶺","voronoi":{"type":"Feature","geometry":{"type":"Polygon","coordinates":[[[131.577218,32.845427],[131.539027,33.063733],[131.667734,32.928257],[131.577218,32.845427]]]},"properties":{}},"extra":false},
    {"code":1192330,"id":"e9a284","name":"菅尾","original_name":"菅尾","name_kana":"すがお","closed":false,"lat":33.014328,"lng":131.616716,"prefecture":44,"lines":[11923],"attr":"cool","postal_code":"879-7102","address":"豊後大野市三重町菅生","voronoi":{"type":"Feature","geometry":{"type":"Polygon","coordinates":[[[131.718553,32.985257],[131.73127,33.013551],[131.533916,33.075246],[131.539027,33.063733],[131.667734,32.928257],[131.685041,32.938083],[131.718553,32.985257]]]},"properties":{}},"extra":false},
    {"code":1192331,"id":"3318fa","name":"犬飼","original_name":"犬飼","name_kana":"いぬかい","closed":false,"lat":33.078158,"lng":131.63667,"prefecture":44,"lines":[11923],"attr":"heat","postal_code":"879-7306","address":"豊後大野市犬飼町下津尾","voronoi":{"type":"Feature","geometry":{"type":"Polygon","coordinates":[[[131.732497,33.014953],[131.73127,33.013551],[131.533916,33.075246],[131.524796,33.085053],[131.528139,33.088512],[131.566511,33.11656],[131.57915,33.118849],[131.71879,33.077357],[131.732497,33.014953]]]},"properties":{}},"extra":false},
    {"code":1192332,"id":"481a2f","name":"竹中","original_name":"竹中","name_kana":"たけなか","closed":false,"lat":33.121529,"lng":131.649557,"prefecture":44,"lines":[11923],"attr":"heat","postal_code":"879-7502","address":"大分市大字端登","voronoi":{"type":"Feature","geometry":{"type":"Polygon","coordinates":[[[131.57915,33.118849],[131.60509,33.133225],[131.715265,33.160931],[131.720721,33.108032],[131.71879,33.077357],[131.57915,33.118849]]]},"properties":{}},"extra":false},
    {"code":1192333,"id":"c154c4","name":"中判田","original_name":"中判田","name_kana":"なかはんだ","closed":false,"lat":33.164564,"lng":131.638735,"prefecture":44,"lines":[11923],"attr":"heat","postal_code":"870-1113","address":"大分市中判田","voronoi":{"type":"Feature","geometry":{"type":"Polygon","coordinates":[[[131.6667,33.199471],[131.641144,33.190584],[131.60509,33.133225],[131.715265,33.160931],[131.716329,33.166433],[131.705832,33.177245],[131.671344,33.198462],[131.6667,33.199471]]]},"properties":{}},"extra":false},
    {"code":1192334,"id":"5aa5b9","name":"大分大学前","original_name":"大分大学前","name_kana":"おおいただいがくまえ","closed":false,"lat":33.177131,"lng":131.618742,"prefecture":44,"lines":[11923],"attr":"eco","postal_code":"870-1124","address":"大分市大字旦野原７００番地","voronoi":{"type":"Feature","geometry":{"type":"Polygon","coordinates":[[[131.566511,33.11656],[131.580907,33.170761],[131.641133,33.190586],[131.641144,33.190584],[131.60509,33.133225],[131.57915,33.118849],[131.566511,33.11656]]]},"properties":{}},"extra":false},
    {"code":1192335,"id":"629d0c","name":"敷戸","original_name":"敷戸","name_kana":"しきど","closed":false,"lat":33.18811,"lng":131.615128,"prefecture":44,"lines":[11923],"attr":"eco","postal_code":"870-1121","address":"大分市鴛野１０１０","voronoi":{"type":"Feature","geometry":{"type":"Polygon","coordinates":[[[131.641133,33.190586],[131.580907,33.170761],[131.581964,33.180474],[131.601482,33.202266],[131.606836,33.203387],[131.641133,33.190586]]]},"properties":{}},"extra":false},
    {"code":1192336,"id":"0fc492","name":"滝尾","original_name":"滝尾","name_kana":"たきお","closed":false,"lat":33.209495,"lng":131.62311,"prefecture":44,"lines":[11923],"attr":"eco","postal_code":"870-0945","address":"大分市大字津守","voronoi":{"type":"Feature","geometry":{"type":"Polygon","coordinates":[[[131.641133,33.190586],[131.606836,33.203387],[131.624357,33.22652],[131.656796,33.209166],[131.6667,33.199471],[131.641144,33.190584],[131.641133,33.190586]]]},"properties":{}},"extra":false},
    {"code":1190643,"id":"5edc55","name":"大分","original_name":"大分","name_kana":"おおいた","closed":false,"lat":33.232794,"lng":131.606595,"prefecture":44,"lines":[11906,11913,11923],"attr":"eco","postal_code":"870-0831","address":"大分市要町","voronoi":{"type":"Feature","geometry":{"type":"Polygon","coordinates":[[[131.594958,33.224982],[131.590174,33.230326],[131.616101,33.280208],[131.623013,33.228954],[131.594958,33.224982]]]},"properties":{}},"extra":false}
  ],
  "extra":false
}