{
  "code":11920,
  "id":"7f6e89",
  "name":"JR筑肥線(西唐津～伊万里)",
  "name_kana":"じぇいあーるちくひせん",
  "station_size":14,
  "company_code":6,
  "closed":false,
  "station_list":[
    {"code":1190927,"id":"54fe9f","name":"西唐津","original_name":"西唐津","name_kana":"にしからつ","closed":false,"lat":33.46142,"lng":129.957748,"prefecture":41,"lines":[11909,11920,11921],"attr":"heat","postal_code":"847-0861","address":"唐津市二タ子２丁目","voronoi":{"type":"Feature","geometry":{"type":"Polygon","coordinates":[[[129.728674,33.665567],[129.785699,33.542427],[129.827731,33.465865],[129.839182,33.447043],[129.860394,33.41824],[129.910627,33.417597],[129.989389,33.471884],[129.998816,33.488642],[129.938768,33.724318],[129.713759,34.406973],[129.362849,34.957243],[129.591548,34.089624],[129.728674,33.665567]]]},"properties":{}},"extra":false},
    {"code":1190926,"id":"d6a19a","name":"唐津","original_name":"唐津","name_kana":"からつ","closed":false,"lat":33.446038,"lng":129.96835,"prefecture":41,"lines":[11909,11920,11921],"attr":"heat","postal_code":"847-0816","address":"唐津市新興町西新興町","voronoi":{"type":"Feature","geometry":{"type":"Polygon","coordinates":[[[129.948405,33.413357],[129.943943,33.412273],[129.910627,33.417597],[129.989389,33.471884],[129.985986,33.457238],[129.957399,33.418234],[129.954482,33.41603],[129.948405,33.413357]]]},"properties":{}},"extra":false},
    {"code":1192003,"id":"4219de","name":"鬼塚","original_name":"鬼塚","name_kana":"おにづか","closed":false,"lat":33.421166,"lng":129.987138,"prefecture":41,"lines":[11920,11921],"attr":"heat","postal_code":"847-0000","address":"唐津市鬼塚","voronoi":{"type":"Feature","geometry":{"type":"Polygon","coordinates":[[[129.989722,33.431507],[129.957399,33.418234],[129.954482,33.41603],[129.993469,33.413038],[129.992971,33.429773],[129.989722,33.431507]]]},"properties":{}},"extra":false},
    {"code":1192004,"id":"ef7e8c","name":"山本(佐賀)","original_name":"山本","name_kana":"やまもと","closed":false,"lat":33.393472,"lng":129.981122,"prefecture":41,"lines":[11909,11920,11921],"attr":"heat","postal_code":"847-0002","address":"唐津市山本","voronoi":{"type":"Feature","geometry":{"type":"Polygon","coordinates":[[[129.988241,33.382444],[130.002109,33.39252],[129.948405,33.413357],[129.943943,33.412273],[129.958892,33.394732],[129.988241,33.382444]]]},"properties":{}},"extra":false},
    {"code":1192005,"id":"07b562","name":"肥前久保","original_name":"肥前久保","name_kana":"ひぜんくぼ","closed":false,"lat":33.355738,"lng":130.000104,"prefecture":41,"lines":[11920],"attr":"heat","postal_code":"849-3232","address":"唐津市相知町久保","voronoi":{"type":"Feature","geometry":{"type":"Polygon","coordinates":[[[129.987033,33.361561],[130.004773,33.340469],[130.017314,33.368111],[129.987033,33.361561]]]},"properties":{}},"extra":false},
    {"code":1192006,"id":"378751","name":"西相知","original_name":"西相知","name_kana":"にしおうち","closed":false,"lat":33.347686,"lng":129.99053,"prefecture":41,"lines":[11920],"attr":"heat","postal_code":"849-3233","address":"唐津市相知町佐里","voronoi":{"type":"Feature","geometry":{"type":"Polygon","coordinates":[[[130.004304,33.320424],[130.003047,33.320854],[129.971725,33.357621],[129.972636,33.358861],[129.981316,33.362957],[129.987033,33.361561],[130.004773,33.340469],[130.004304,33.320424]]]},"properties":{}},"extra":false},
    {"code":1192007,"id":"22674c","name":"佐里","original_name":"佐里","name_kana":"さり","closed":false,"lat":33.337476,"lng":129.978545,"prefecture":41,"lines":[11920],"attr":"heat","postal_code":"849-3233","address":"唐津市相知町佐里","voronoi":{"type":"Feature","geometry":{"type":"Polygon","coordinates":[[[129.997002,33.321218],[129.942742,33.339513],[129.971725,33.357621],[130.003047,33.320854],[129.997002,33.321218]]]},"properties":{}},"extra":false},
    {"code":1192008,"id":"dac444","name":"駒鳴","original_name":"駒鳴","name_kana":"こまなき","closed":false,"lat":33.319455,"lng":129.972469,"prefecture":41,"lines":[11920],"attr":"cool","postal_code":"849-5253","address":"伊万里市大川町駒鳴","voronoi":{"type":"Feature","geometry":{"type":"Polygon","coordinates":[[[129.919156,33.316349],[129.910747,33.329963],[129.942742,33.339513],[129.997002,33.321218],[129.960062,33.308289],[129.927996,33.310229],[129.919156,33.316349]]]},"properties":{}},"extra":false},
    {"code":1192009,"id":"369b96","name":"大川野","original_name":"大川野","name_kana":"おおかわの","closed":false,"lat":33.307298,"lng":129.976724,"prefecture":41,"lines":[11920],"attr":"cool","postal_code":"849-5251","address":"伊万里市大川町大川野","voronoi":{"type":"Feature","geometry":{"type":"Polygon","coordinates":[[[129.997002,33.321218],[129.960062,33.308289],[130.023526,33.277122],[130.008948,33.315441],[130.004304,33.320424],[130.003047,33.320854],[129.997002,33.321218]]]},"properties":{}},"extra":false},
    {"code":1192010,"id":"5ea89d","name":"肥前長野","original_name":"肥前長野","name_kana":"ひぜんながの","closed":false,"lat":33.29571,"lng":129.971033,"prefecture":41,"lines":[11920],"attr":"cool","postal_code":"848-0000","address":"伊万里市大川町長野","voronoi":{"type":"Feature","geometry":{"type":"Polygon","coordinates":[[[129.927996,33.310229],[129.960062,33.308289],[130.023526,33.277122],[130.027731,33.269038],[130.011022,33.255443],[129.93642,33.300233],[129.927996,33.310229]]]},"properties":{}},"extra":false},
    {"code":1192011,"id":"7cbe79","name":"桃川","original_name":"桃川","name_kana":"もものかわ","closed":false,"lat":33.271809,"lng":129.956683,"prefecture":41,"lines":[11920],"attr":"cool","postal_code":"849-5261","address":"伊万里市松浦町桃川","voronoi":{"type":"Feature","geometry":{"type":"Polygon","coordinates":[[[129.93642,33.300233],[129.956514,33.232773],[129.965615,33.231724],[129.998361,33.241666],[130.005161,33.247565],[130.011022,33.255443],[129.93642,33.300233]]]},"properties":{}},"extra":false},
    {"code":1192012,"id":"a77f20","name":"金石原","original_name":"金石原","name_kana":"かないしはら","closed":false,"lat":33.265354,"lng":129.935012,"prefecture":41,"lines":[11920],"attr":"eco","postal_code":"849-5263","address":"伊万里市松浦町山形","voronoi":{"type":"Feature","geometry":{"type":"Polygon","coordinates":[[[129.927996,33.310229],[129.919156,33.316349],[129.909796,33.231927],[129.923022,33.22671],[129.956514,33.232773],[129.93642,33.300233],[129.927996,33.310229]]]},"properties":{}},"extra":false},
    {"code":1192013,"id":"8b5c18","name":"上伊万里","original_name":"上伊万里","name_kana":"かみいまり","closed":false,"lat":33.270066,"lng":129.892515,"prefecture":41,"lines":[11920],"attr":"eco","postal_code":"848-0023","address":"伊万里市大坪町丙","voronoi":{"type":"Feature","geometry":{"type":"Polygon","coordinates":[[[129.910747,33.329963],[129.892572,33.341326],[129.881583,33.24413],[129.885744,33.235449],[129.890927,33.228878],[129.909796,33.231927],[129.919156,33.316349],[129.910747,33.329963]]]},"properties":{}},"extra":false},
    {"code":1192014,"id":"929668","name":"伊万里","original_name":"伊万里","name_kana":"いまり","closed":false,"lat":33.271852,"lng":129.876718,"prefecture":41,"lines":[11920,99910,99911,11936],"attr":"eco","postal_code":"848-0041","address":"伊万里市新天町","voronoi":{"type":"Feature","geometry":{"type":"Polygon","coordinates":[[[129.8723,33.329718],[129.863925,33.287682],[129.877662,33.248484],[129.881583,33.24413],[129.892572,33.341326],[129.881387,33.350197],[129.876145,33.342112],[129.8723,33.329718]]]},"properties":{}},"extra":false}
  ],
  "extra":false
}