{
  "code":11935,
  "id":"2f6167",
  "name":"JR宮田線",
  "name_kana":"じぇいあーるみやだせん",
  "station_size":3,
  "company_code":6,
  "closed":true,
  "station_list":[
    {"code":1191109,"id":"84072f","name":"勝野","original_name":"勝野","name_kana":"かつの","closed":false,"lat":33.728338,"lng":130.715893,"prefecture":40,"lines":[11911,11935],"attr":"heat","postal_code":"820-1102","address":"鞍手郡小竹町赤地字兵丹","voronoi":{"type":"Feature","geometry":{"type":"Polygon","coordinates":[[[130.709673,33.742833],[130.720818,33.733169],[130.718423,33.711835],[130.705021,33.714228],[130.699229,33.745136],[130.703616,33.745353],[130.709673,33.742833]]]},"properties":{}},"extra":false},
    {"code":1193502,"id":"232334","name":"磯光","original_name":"磯光","name_kana":"いそみつ","closed":true,"lat":33.723444,"lng":130.689778,"prefecture":40,"lines":[11935],"postal_code":"823-0002","address":"福岡県宮若市鶴田１４７８−２","open_date":"1912-07-21","closed_date":"1989-12-23","voronoi":{"type":"Feature","geometry":{"type":"Polygon","coordinates":[[[130.689022,33.751347],[130.675221,33.739212],[130.681031,33.695414],[130.705021,33.714228],[130.699229,33.745136],[130.689022,33.751347]]]},"properties":{}},"extra":true},
    {"code":1193503,"id":"d5151f","name":"筑前宮田","original_name":"筑前宮田","name_kana":"ちくぜんみやだ","closed":true,"lat":33.720194,"lng":130.665278,"prefecture":40,"lines":[11935],"postal_code":"823-0011","address":"福岡県宮若市宮田２０３−９","open_date":"1902-02-19","closed_date":"1989-12-23","voronoi":{"type":"Feature","geometry":{"type":"Polygon","coordinates":[[[130.675221,33.739212],[130.681031,33.695414],[130.680182,33.693748],[130.678571,33.692193],[130.639579,33.679446],[130.62685,33.677732],[130.610652,33.676564],[130.58542,33.699635],[130.575436,33.71068],[130.579882,33.723391],[130.587295,33.729709],[130.675221,33.739212]]]},"properties":{}},"extra":true}
  ],
  "closed_date":"1989-12-23",
  "extra":true
}