{
  "code":11934,
  "id":"8379b4",
  "name":"JR上山田線",
  "name_kana":"じぇいあーるかみやまだせん",
  "station_size":10,
  "company_code":6,
  "closed":true,
  "station_list":[
    {"code":1191114,"id":"36c6d3","name":"飯塚","original_name":"飯塚","name_kana":"いいづか","closed":false,"lat":33.628487,"lng":130.689545,"prefecture":40,"lines":[11911,11934],"attr":"heat","postal_code":"820-0017","address":"飯塚市菰田西１丁目","voronoi":{"type":"Feature","geometry":{"type":"Polygon","coordinates":[[[130.675719,33.628234],[130.69943,33.61659],[130.703608,33.632864],[130.683758,33.638821],[130.68208,33.637511],[130.675719,33.628234]]]},"properties":{}},"extra":false},
    {"code":1193402,"id":"293a44","name":"平恒","original_name":"平恒","name_kana":"ひらつね","closed":true,"lat":33.617139,"lng":130.683972,"prefecture":40,"lines":[11934],"postal_code":"820-0072","address":"福岡県飯塚市南尾６０３−４","open_date":"1917-03-12","closed_date":"1988-09-01","voronoi":{"type":"Feature","geometry":{"type":"Polygon","coordinates":[[[130.700606,33.601058],[130.662188,33.62093],[130.675719,33.628234],[130.69943,33.61659],[130.701806,33.602727],[130.700606,33.601058]]]},"properties":{}},"extra":true},
    {"code":1193403,"id":"db9299","name":"臼井","original_name":"臼井","name_kana":"うすい","closed":true,"lat":33.572111,"lng":130.702694,"prefecture":40,"lines":[11934],"postal_code":"820-0501","address":"福岡県嘉麻市飯田","open_date":"1895-04-05","closed_date":"1988-09-01","voronoi":{"type":"Feature","geometry":{"type":"Polygon","coordinates":[[[130.698461,33.594837],[130.68465,33.584519],[130.675258,33.554734],[130.676216,33.544144],[130.697783,33.500691],[130.716075,33.574801],[130.715176,33.577986],[130.698461,33.594837]]]},"properties":{}},"extra":true},
    {"code":1193404,"id":"31e9f1","name":"大隈","original_name":"大隈","name_kana":"おおくま","closed":true,"lat":33.566194,"lng":130.726667,"prefecture":40,"lines":[11934],"postal_code":"820-0301","address":"福岡県嘉麻市牛隈１９６４","open_date":"1898-02-08","closed_date":"1988-09-01","voronoi":{"type":"Feature","geometry":{"type":"Polygon","coordinates":[[[130.739841,33.570833],[130.716075,33.574801],[130.697783,33.500691],[130.701833,33.486986],[130.7261,33.475231],[130.73198,33.490286],[130.744287,33.553551],[130.739841,33.570833]]]},"properties":{}},"extra":true},
    {"code":1090405,"id":"83d0a3","name":"下山田","original_name":"下山田","name_kana":"しもやまだ","closed":true,"lat":33.573127,"lng":130.753618,"prefecture":40,"lines":[10904,11934],"postal_code":"821-0011","address":"福岡県嘉麻市下山田４６１−１２","open_date":"1895-04-05","closed_date":"1988-09-01","voronoi":{"type":"Feature","geometry":{"type":"Polygon","coordinates":[[[130.744287,33.553551],[130.739841,33.570833],[130.745157,33.59146],[130.754966,33.597863],[130.763665,33.600911],[130.775958,33.597947],[130.780536,33.591985],[130.782345,33.584458],[130.744287,33.553551]]]},"properties":{}},"extra":true},
    {"code":1193406,"id":"5a9a87","name":"上山田","original_name":"上山田","name_kana":"かみやまだ","closed":true,"lat":33.558667,"lng":130.765361,"prefecture":40,"lines":[11934],"postal_code":"821-0012","address":"福岡県嘉麻市上山田１３４８−２４","open_date":"1898-02-08","closed_date":"1988-09-01","voronoi":{"type":"Feature","geometry":{"type":"Polygon","coordinates":[[[130.782345,33.584458],[130.785487,33.579242],[130.788944,33.567703],[130.73198,33.490286],[130.744287,33.553551],[130.782345,33.584458]]]},"properties":{}},"extra":true},
    {"code":1193407,"id":"8c0bd9","name":"熊ヶ畑","original_name":"熊ヶ畑","name_kana":"くまがはた","closed":true,"lat":33.5425,"lng":130.787333,"prefecture":40,"lines":[11934],"postal_code":"821-0013","address":"福岡県嘉麻市熊ヶ畑１３６８","open_date":"1966-03-10","closed_date":"1988-09-01","voronoi":{"type":"Feature","geometry":{"type":"Polygon","coordinates":[[[130.788944,33.567703],[130.73198,33.490286],[130.7261,33.475231],[130.755112,33.444312],[130.775281,33.440795],[130.78113,33.44168],[130.792081,33.450893],[130.822272,33.509985],[130.824488,33.534744],[130.824255,33.537401],[130.788944,33.567703]]]},"properties":{}},"extra":true},
    {"code":1193408,"id":"4276c3","name":"真崎","original_name":"真崎","name_kana":"まさき","closed":true,"lat":33.573121,"lng":130.81361,"prefecture":40,"lines":[11934],"postal_code":"827-0001","address":"福岡県田川郡川崎町安眞木５２９９−３","open_date":"1966-03-10","closed_date":"1988-09-01","voronoi":{"type":"Feature","geometry":{"type":"Polygon","coordinates":[[[130.830594,33.549447],[130.830298,33.580525],[130.829356,33.580859],[130.785487,33.579242],[130.788944,33.567703],[130.824255,33.537401],[130.830594,33.549447]]]},"properties":{}},"extra":true},
    {"code":1193409,"id":"f31c24","name":"東川崎","original_name":"東川崎","name_kana":"ひがしかわさき","closed":true,"lat":33.587417,"lng":130.813083,"prefecture":40,"lines":[11934],"postal_code":"827-0003","address":"福岡県田川郡川崎町川崎２６７３−３","open_date":"1966-03-10","closed_date":"1988-09-01","voronoi":{"type":"Feature","geometry":{"type":"Polygon","coordinates":[[[130.780536,33.591985],[130.809049,33.60017],[130.829356,33.580859],[130.785487,33.579242],[130.782345,33.584458],[130.780536,33.591985]]]},"properties":{}},"extra":true},
    {"code":1191416,"id":"1197a1","name":"豊前川崎","original_name":"豊前川崎","name_kana":"ぶぜんかわさき","closed":false,"lat":33.596782,"lng":130.821989,"prefecture":40,"lines":[11914,11934],"attr":"eco","postal_code":"827-0003","address":"田川郡川崎町大字川崎","voronoi":{"type":"Feature","geometry":{"type":"Polygon","coordinates":[[[130.838242,33.58908],[130.840236,33.593759],[130.837532,33.610909],[130.826652,33.617715],[130.809049,33.60017],[130.829356,33.580859],[130.830298,33.580525],[130.838242,33.58908]]]},"properties":{}},"extra":false}
  ],
  "closed_date":"1988-09-01",
  "extra":true
}