{
  "code":21011,
  "id":"d335b9",
  "name":"東武桐生線",
  "name_kana":"とうぶきりゅうせん",
  "station_size":8,
  "company_code":11,
  "closed":false,
  "color":"#FF0000",
  "symbol":"TI",
  "station_list":[
    {"code":2100248,"id":"9fa174","name":"太田(群馬)","original_name":"太田","name_kana":"おおた","closed":false,"lat":36.294228,"lng":139.378779,"prefecture":10,"numbering":["TI18"],"lines":[21002,21011,21012],"attr":"eco","postal_code":"373-0026","address":"太田市東本町","voronoi":{"type":"Feature","geometry":{"type":"Polygon","coordinates":[[[139.396193,36.2911],[139.379336,36.31934],[139.360664,36.296083],[139.374462,36.260398],[139.385164,36.269361],[139.396193,36.2911]]]},"properties":{}},"extra":false},
    {"code":2101102,"id":"03c02a","name":"三枚橋","original_name":"三枚橋","name_kana":"さんまいばし","closed":false,"lat":36.313369,"lng":139.354938,"prefecture":10,"numbering":["TI51"],"lines":[21011],"attr":"cool","postal_code":"373-0063","address":"太田市鳥山下町６４２-１","voronoi":{"type":"Feature","geometry":{"type":"Polygon","coordinates":[[[139.379336,36.31934],[139.360664,36.296083],[139.322247,36.30409],[139.321536,36.304801],[139.374113,36.34118],[139.377199,36.340204],[139.381029,36.333853],[139.379336,36.31934]]]},"properties":{}},"extra":false},
    {"code":2101103,"id":"e0863f","name":"治良門橋","original_name":"治良門橋","name_kana":"じろえんばし","closed":false,"lat":36.333039,"lng":139.341328,"prefecture":10,"numbering":["TI52"],"lines":[21011],"attr":"cool","postal_code":"373-0006","address":"太田市成塚町１０２４","voronoi":{"type":"Feature","geometry":{"type":"Polygon","coordinates":[[[139.299635,36.314869],[139.298504,36.315985],[139.346049,36.363331],[139.374113,36.34118],[139.321536,36.304801],[139.299635,36.314869]]]},"properties":{}},"extra":false},
    {"code":2101104,"id":"02fbf3","name":"藪塚","original_name":"藪塚","name_kana":"やぶづか","closed":false,"lat":36.358737,"lng":139.315737,"prefecture":10,"numbering":["TI53"],"lines":[21011],"attr":"cool","postal_code":"379-2301","address":"群馬県太田市藪塚町字八石379-2","voronoi":{"type":"Feature","geometry":{"type":"Polygon","coordinates":[[[139.284758,36.366411],[139.324862,36.376062],[139.343133,36.373878],[139.346049,36.363331],[139.298504,36.315985],[139.278965,36.323658],[139.279118,36.363573],[139.284758,36.366411]]]},"properties":{}},"extra":false},
    {"code":2101105,"id":"010761","name":"阿左美","original_name":"阿左美","name_kana":"あざみ","closed":false,"lat":36.387339,"lng":139.308854,"prefecture":10,"numbering":["TI54"],"lines":[21011],"attr":"heat","postal_code":"379-2311","address":"みどり市笠懸町阿左美１０５７-４","voronoi":{"type":"Feature","geometry":{"type":"Polygon","coordinates":[[[139.30811,36.398734],[139.284758,36.366411],[139.324862,36.376062],[139.309598,36.398281],[139.30811,36.398734]]]},"properties":{}},"extra":false},
    {"code":2101106,"id":"a819b0","name":"新桐生","original_name":"新桐生","name_kana":"しんきりゅう","closed":false,"lat":36.39505,"lng":139.320078,"prefecture":10,"numbering":["TI55"],"lines":[21011],"attr":"heat","postal_code":"376-0013","address":"桐生市広沢町２-２９９０-４","voronoi":{"type":"Feature","geometry":{"type":"Polygon","coordinates":[[[139.343133,36.373878],[139.324862,36.376062],[139.309598,36.398281],[139.325069,36.40435],[139.347592,36.385938],[139.343133,36.373878]]]},"properties":{}},"extra":false},
    {"code":2101107,"id":"3c9d62","name":"相老","original_name":"相老","name_kana":"あいおい","closed":false,"lat":36.410261,"lng":139.304178,"prefecture":10,"numbering":["TI56"],"lines":[21011,99312,11345],"attr":"eco","postal_code":"376-0011","address":"桐生市相生町２丁目","voronoi":{"type":"Feature","geometry":{"type":"Polygon","coordinates":[[[139.3075,36.399658],[139.291052,36.407791],[139.30118,36.414882],[139.302739,36.415394],[139.309768,36.409615],[139.3075,36.399658]]]},"properties":{}},"extra":false},
    {"code":2101108,"id":"178230","name":"赤城","original_name":"赤城","name_kana":"あかぎ","closed":false,"lat":36.425615,"lng":139.276784,"prefecture":10,"numbering":["TI57"],"lines":[21011,99328],"attr":"eco","postal_code":"376-0101","address":"みどり市大間々町大間々２４４５","voronoi":{"type":"Feature","geometry":{"type":"Polygon","coordinates":[[[139.283003,36.408068],[139.289314,36.429071],[139.269447,36.430781],[139.279352,36.40558],[139.283003,36.408068]]]},"properties":{}},"extra":false}
  ],
  "extra":false
}