{
  "code":22004,
  "id":"dcd737",
  "name":"西武豊島線",
  "name_kana":"せいぶとしません",
  "station_size":2,
  "company_code":12,
  "closed":false,
  "color":"#FF6600",
  "symbol":"SI",
  "station_list":[
    {"code":2200106,"id":"a254f6","name":"練馬","original_name":"練馬","name_kana":"ねりま","closed":false,"lat":35.737893,"lng":139.654368,"prefecture":13,"numbering":["SI06"],"lines":[22001,22003,22004,99301],"attr":"heat","postal_code":"176-0001","address":"練馬区練馬１-３-５","voronoi":{"type":"Feature","geometry":{"type":"Polygon","coordinates":[[[139.65606,35.747476],[139.64624,35.732399],[139.646257,35.73215],[139.651469,35.728962],[139.658445,35.728337],[139.659523,35.728891],[139.65765,35.745948],[139.65606,35.747476]]]},"properties":{}},"extra":false},
    {"code":2200402,"id":"214d8c","name":"豊島園","original_name":"豊島園","name_kana":"としまえん","closed":false,"lat":35.742054,"lng":139.647979,"prefecture":13,"numbering":["SI39"],"lines":[22004,99301],"attr":"cool","postal_code":"176-0001","address":"練馬区練馬４-１６-５","voronoi":{"type":"Feature","geometry":{"type":"Polygon","coordinates":[[[139.655765,35.748168],[139.648881,35.750686],[139.640515,35.743793],[139.64624,35.732399],[139.65606,35.747476],[139.655765,35.748168]]]},"properties":{}},"extra":false}
  ],
  "extra":false
}