{
  "code":22003,
  "id":"e3bb40",
  "name":"西武有楽町線",
  "name_kana":"せいぶゆうらくちょうせん",
  "station_size":3,
  "company_code":12,
  "closed":false,
  "color":"#FF6600",
  "symbol":"SI",
  "station_list":[
    {"code":2200301,"id":"46f29b","name":"小竹向原","original_name":"小竹向原","name_kana":"こたけむかいはら","closed":false,"lat":35.743803,"lng":139.678572,"prefecture":13,"numbering":["SI39"],"lines":[22003,28006,28010],"attr":"eco","postal_code":"176-0004","address":"東京都練馬区小竹町二丁目16-15","open_date":"1983-06-24","voronoi":{"type":"Feature","geometry":{"type":"Polygon","coordinates":[[[139.681971,35.737272],[139.680089,35.736627],[139.673244,35.742938],[139.672112,35.746772],[139.675055,35.753433],[139.679951,35.753968],[139.68774,35.748533],[139.687799,35.748458],[139.681971,35.737272]]]},"properties":{}},"extra":false},
    {"code":2200302,"id":"163591","name":"新桜台","original_name":"新桜台","name_kana":"しんさくらだい","closed":false,"lat":35.74077,"lng":139.6683,"prefecture":13,"numbering":["SI38"],"lines":[22003],"attr":"cool","postal_code":"176-0002","address":"練馬区桜台１-２８-１１","voronoi":{"type":"Feature","geometry":{"type":"Polygon","coordinates":[[[139.673244,35.742938],[139.668591,35.736401],[139.6668,35.735889],[139.663915,35.74422],[139.672112,35.746772],[139.673244,35.742938]]]},"properties":{}},"extra":false},
    {"code":2200106,"id":"a254f6","name":"練馬","original_name":"練馬","name_kana":"ねりま","closed":false,"lat":35.737893,"lng":139.654368,"prefecture":13,"numbering":["SI06"],"lines":[22001,22003,22004,99301],"attr":"heat","postal_code":"176-0001","address":"練馬区練馬１-３-５","voronoi":{"type":"Feature","geometry":{"type":"Polygon","coordinates":[[[139.65606,35.747476],[139.64624,35.732399],[139.646257,35.73215],[139.651469,35.728962],[139.658445,35.728337],[139.659523,35.728891],[139.65765,35.745948],[139.65606,35.747476]]]},"properties":{}},"extra":false}
  ],
  "extra":false
}