{
  "code":22005,
  "id":"e8ac68",
  "name":"西武狭山線",
  "name_kana":"せいぶさやません",
  "station_size":3,
  "company_code":12,
  "closed":false,
  "color":"#FF6600",
  "symbol":"SI",
  "station_list":[
    {"code":2200117,"id":"403959","name":"西所沢","original_name":"西所沢","name_kana":"にしところざわ","closed":false,"lat":35.789303,"lng":139.455959,"prefecture":11,"numbering":["SI18"],"lines":[22001,22005],"attr":"eco","postal_code":"359-1144","address":"所沢市西所沢１-１１-９","voronoi":{"type":"Feature","geometry":{"type":"Polygon","coordinates":[[[139.462478,35.775215],[139.462688,35.775286],[139.464863,35.789402],[139.457339,35.797523],[139.448969,35.798085],[139.444327,35.790668],[139.452431,35.778494],[139.462478,35.775215]]]},"properties":{}},"extra":false},
    {"code":2200502,"id":"5edba2","name":"下山口","original_name":"下山口","name_kana":"しもやまぐち","closed":false,"lat":35.77941,"lng":139.441097,"prefecture":11,"numbering":["SI40"],"lines":[22005],"attr":"eco","postal_code":"359-1145","address":"所沢市山口１２５４-３","voronoi":{"type":"Feature","geometry":{"type":"Polygon","coordinates":[[[139.444327,35.790668],[139.425343,35.7879],[139.430388,35.775146],[139.44538,35.7738],[139.452431,35.778494],[139.444327,35.790668]]]},"properties":{}},"extra":false},
    {"code":2200503,"id":"9da248","name":"西武球場前","original_name":"西武球場前","name_kana":"せいぶきゅうじょうまえ","closed":false,"lat":35.77093,"lng":139.41966,"prefecture":11,"numbering":["SI41"],"lines":[22005,22006],"attr":"eco","postal_code":"359-1153","address":"所沢市上山口２０９０-３","voronoi":{"type":"Feature","geometry":{"type":"Polygon","coordinates":[[[139.383213,35.764711],[139.383287,35.788307],[139.420597,35.790842],[139.425343,35.7879],[139.430388,35.775146],[139.428875,35.758711],[139.427763,35.756845],[139.385336,35.763331],[139.383213,35.764711]]]},"properties":{}},"extra":false}
  ],
  "extra":false
}