{
  "code":22012,
  "id":"aa7bb3",
  "name":"西武多摩川線",
  "name_kana":"せいぶたまがわせん",
  "station_size":6,
  "company_code":12,
  "closed":false,
  "color":"#FF6600",
  "symbol":"SW",
  "station_list":[
    {"code":1131221,"id":"740f90","name":"武蔵境","original_name":"武蔵境","name_kana":"むさしさかい","closed":false,"lat":35.702083,"lng":139.543402,"prefecture":13,"numbering":["SW01"],"lines":[11312,22012],"attr":"cool","postal_code":"180-0022","address":"武蔵野市境１丁目","voronoi":{"type":"Feature","geometry":{"type":"Polygon","coordinates":[[[139.552755,35.677238],[139.551598,35.709867],[139.547072,35.715638],[139.533845,35.713465],[139.534131,35.701366],[139.542811,35.677752],[139.544817,35.677145],[139.552755,35.677238]]]},"properties":{}},"extra":false},
    {"code":2201202,"id":"fa0076","name":"新小金井","original_name":"新小金井","name_kana":"しんこがねい","closed":false,"lat":35.695908,"lng":139.526603,"prefecture":13,"numbering":["SW02"],"lines":[22012],"attr":"heat","postal_code":"184-0011","address":"小金井市東町４-２４-１","voronoi":{"type":"Feature","geometry":{"type":"Polygon","coordinates":[[[139.539736,35.677496],[139.514255,35.690142],[139.515756,35.695707],[139.534131,35.701366],[139.542811,35.677752],[139.539736,35.677496]]]},"properties":{}},"extra":false},
    {"code":2201203,"id":"cc8cf2","name":"多磨","original_name":"多磨","name_kana":"たま","closed":false,"lat":35.676821,"lng":139.51713,"prefecture":13,"numbering":["SW03"],"lines":[22012],"attr":"heat","postal_code":"183-0004","address":"府中市紅葉丘３-４２-２","voronoi":{"type":"Feature","geometry":{"type":"Polygon","coordinates":[[[139.516978,35.669213],[139.505763,35.677123],[139.50342,35.680325],[139.501797,35.684732],[139.514255,35.690142],[139.539736,35.677496],[139.534011,35.673799],[139.519418,35.668087],[139.516978,35.669213]]]},"properties":{}},"extra":false},
    {"code":2201204,"id":"eac5d2","name":"白糸台","original_name":"白糸台","name_kana":"しらいとだい","closed":false,"lat":35.666517,"lng":139.509862,"prefecture":13,"numbering":["SW04"],"lines":[22012],"attr":"heat","postal_code":"183-0011","address":"府中市白糸台２-７１-６","voronoi":{"type":"Feature","geometry":{"type":"Polygon","coordinates":[[[139.516978,35.669213],[139.505763,35.677123],[139.506395,35.662808],[139.516978,35.669213]]]},"properties":{}},"extra":false},
    {"code":2201205,"id":"01e2f1","name":"競艇場前","original_name":"競艇場前","name_kana":"きょうていじょうまえ","closed":false,"lat":35.656232,"lng":139.499721,"prefecture":13,"numbering":["SW05"],"lines":[22012],"attr":"heat","postal_code":"183-0013","address":"府中市小柳町４-１０-１１","voronoi":{"type":"Feature","geometry":{"type":"Polygon","coordinates":[[[139.494154,35.65359],[139.497253,35.649179],[139.510692,35.652626],[139.505711,35.659895],[139.497155,35.66238],[139.494161,35.661314],[139.494154,35.65359]]]},"properties":{}},"extra":false},
    {"code":2201206,"id":"7d0de2","name":"是政","original_name":"是政","name_kana":"これまさ","closed":false,"lat":35.656242,"lng":139.488592,"prefecture":13,"numbering":["SW06"],"lines":[22012],"attr":"heat","postal_code":"183-0014","address":"府中市是政５-８-２","voronoi":{"type":"Feature","geometry":{"type":"Polygon","coordinates":[[[139.494154,35.65359],[139.476546,35.650596],[139.483684,35.661339],[139.490381,35.663325],[139.494161,35.661314],[139.494154,35.65359]]]},"properties":{}},"extra":false}
  ],
  "extra":false
}