{
  "code":23002,
  "id":"5f43f1",
  "name":"京成押上線",
  "name_kana":"けいせいおしあげせん",
  "station_size":7,
  "company_code":13,
  "closed":false,
  "color":"#005AAA",
  "symbol":"KS",
  "station_list":[
    {"code":2300201,"id":"ed5340","name":"押上（スカイツリー前）","original_name":"押上（スカイツリー前）","name_kana":"おしあげ","closed":false,"lat":35.710702,"lng":139.812935,"prefecture":13,"numbering":["KS45"],"lines":[21002,23002,28008,99302],"attr":"heat","postal_code":"131-0045","address":"墨田区押上一丁目","voronoi":{"type":"Feature","geometry":{"type":"Polygon","coordinates":[[[139.818361,35.712845],[139.810684,35.716526],[139.81166,35.70359],[139.819875,35.7043],[139.820108,35.704531],[139.82028,35.71109],[139.818361,35.712845]]]},"properties":{}},"extra":false},
    {"code":2300202,"id":"0411d3","name":"京成曳舟","original_name":"京成曳舟","name_kana":"けいせいひきふね","closed":false,"lat":35.718441,"lng":139.820012,"prefecture":13,"numbering":["KS46"],"lines":[23002],"attr":"heat","postal_code":"131-0046","address":"墨田区京島１-３９-１","voronoi":{"type":"Feature","geometry":{"type":"Polygon","coordinates":[[[139.825424,35.722074],[139.818304,35.72122],[139.818361,35.712845],[139.82028,35.71109],[139.828718,35.718965],[139.825424,35.722074]]]},"properties":{}},"extra":false},
    {"code":2300203,"id":"7279d1","name":"八広","original_name":"八広","name_kana":"やひろ","closed":false,"lat":35.727687,"lng":139.828738,"prefecture":13,"numbering":["KS47"],"lines":[23002],"attr":"heat","postal_code":"131-0041","address":"墨田区八広６-２５-２０","voronoi":{"type":"Feature","geometry":{"type":"Polygon","coordinates":[[[139.837105,35.718413],[139.83776,35.718513],[139.839077,35.719346],[139.827944,35.73544],[139.823076,35.728659],[139.825424,35.722074],[139.828718,35.718965],[139.837105,35.718413]]]},"properties":{}},"extra":false},
    {"code":2300204,"id":"005b38","name":"四ツ木","original_name":"四ツ木","name_kana":"よつぎ","closed":false,"lat":35.731962,"lng":139.834918,"prefecture":13,"numbering":["KS48"],"lines":[23002],"attr":"heat","postal_code":"124-0011","address":"葛飾区四つ木１-１-１","voronoi":{"type":"Feature","geometry":{"type":"Polygon","coordinates":[[[139.833678,35.740955],[139.83996,35.73896],[139.846549,35.724738],[139.843901,35.720718],[139.839077,35.719346],[139.827944,35.73544],[139.828302,35.738429],[139.833678,35.740955]]]},"properties":{}},"extra":false},
    {"code":2300205,"id":"8c3f27","name":"京成立石","original_name":"京成立石","name_kana":"けいせいたていし","closed":false,"lat":35.738281,"lng":139.848558,"prefecture":13,"numbering":["KS49"],"lines":[23002],"attr":"cool","postal_code":"124-0012","address":"葛飾区立石４-２４-１","voronoi":{"type":"Feature","geometry":{"type":"Polygon","coordinates":[[[139.862649,35.731681],[139.848064,35.746519],[139.83996,35.73896],[139.846549,35.724738],[139.862649,35.731681]]]},"properties":{}},"extra":false},
    {"code":2300109,"id":"5f4d37","name":"青砥","original_name":"青砥","name_kana":"あおと","closed":false,"lat":35.745883,"lng":139.856292,"prefecture":13,"numbering":["KS09"],"lines":[23001,23002,23006],"attr":"cool","postal_code":"125-0062","address":"東京都葛飾区青戸三丁目36番1号","open_date":"1928-11-01","voronoi":{"type":"Feature","geometry":{"type":"Polygon","coordinates":[[[139.862649,35.731681],[139.848064,35.746519],[139.848937,35.75494],[139.856869,35.75829],[139.867383,35.736251],[139.865173,35.73181],[139.862649,35.731681]]]},"properties":{}},"extra":false},
    {"code":2300110,"id":"74a83b","name":"京成高砂","original_name":"京成高砂","name_kana":"けいせいたかさご","closed":false,"lat":35.750932,"lng":139.866875,"prefecture":13,"numbering":["KS10"],"lines":[23001,23002,23003,23006,99340],"attr":"cool","postal_code":"125-0054","address":"東京都葛飾区高砂五丁目28-1","voronoi":{"type":"Feature","geometry":{"type":"Polygon","coordinates":[[[139.873129,35.750393],[139.866863,35.760056],[139.859488,35.761532],[139.856869,35.75829],[139.867383,35.736251],[139.871906,35.740047],[139.873178,35.742489],[139.873129,35.750393]]]},"properties":{}},"extra":false}
  ],
  "extra":false
}