{
  "code":23006,
  "id":246,
  "name":"京成成田空港線(成田スカイアクセス)",
  "name_kana":"けいせいなりたくうこうせん(なりたすかいあくせす)",
  "name_formal":"京成成田空港線",
  "station_size":11,
  "company_code":13,
  "closed":false,
  "color":"#FF8620",
  "symbol":"KS",
  "station_list":[
    {"code":2300101,"id":4857,"name":"京成上野","original_name":"京成上野","name_kana":"けいせいうえの","closed":false,"lat":35.711232,"lng":139.773571,"prefecture":13,"numbering":["KS01"],"lines":[23001,23006],"attr":"heat","postal_code":"110-0007","address":"東京都台東区上野公園1-60","open_date":"1933-12-10","voronoi":{"type":"Feature","geometry":{"type":"Polygon","coordinates":[[[139.776972,35.710251],[139.773597,35.714832],[139.772848,35.714273],[139.77047,35.711295],[139.771736,35.709747],[139.773364,35.709429],[139.776972,35.710251]]]},"properties":{}},"extra":false},
    {"code":1130218,"id":1296,"name":"日暮里","original_name":"日暮里","name_kana":"にっぽり","closed":false,"lat":35.727908,"lng":139.771287,"prefecture":13,"numbering":["KS02"],"lines":[11302,11320,11332,23001,23006,99342],"attr":"heat","postal_code":"116-0013","address":"東京都荒川区西日暮里二丁目19-1","open_date":"1905-04-01","voronoi":{"type":"Feature","geometry":{"type":"Polygon","coordinates":[[[139.768862,35.722444],[139.773558,35.723551],[139.777241,35.727409],[139.77241,35.732565],[139.771666,35.732771],[139.766993,35.727655],[139.768458,35.722661],[139.768862,35.722444]]]},"properties":{}},"extra":false},
    {"code":2300109,"id":4864,"name":"青砥","original_name":"青砥","name_kana":"あおと","closed":false,"lat":35.745883,"lng":139.856292,"prefecture":13,"numbering":["KS09"],"lines":[23001,23002,23006],"attr":"cool","postal_code":"125-0062","address":"東京都葛飾区青戸三丁目36番1号","open_date":"1928-11-01","voronoi":{"type":"Feature","geometry":{"type":"Polygon","coordinates":[[[139.862649,35.731681],[139.848064,35.746519],[139.848937,35.75494],[139.856869,35.75829],[139.867383,35.736251],[139.865173,35.73181],[139.862649,35.731681]]]},"properties":{}},"extra":false},
    {"code":2300110,"id":4865,"name":"京成高砂","original_name":"京成高砂","name_kana":"けいせいたかさご","closed":false,"lat":35.750932,"lng":139.866875,"prefecture":13,"numbering":["KS10"],"lines":[23001,23002,23003,23006,99340],"attr":"cool","postal_code":"125-0054","address":"東京都葛飾区高砂五丁目28-1","voronoi":{"type":"Feature","geometry":{"type":"Polygon","coordinates":[[[139.873129,35.750393],[139.866863,35.760056],[139.859488,35.761532],[139.856869,35.75829],[139.867383,35.736251],[139.871906,35.740047],[139.873178,35.742489],[139.873129,35.750393]]]},"properties":{}},"extra":false},
    {"code":1130521,"id":1364,"name":"東松戸","original_name":"東松戸","name_kana":"ひがしまつど","closed":false,"lat":35.770611,"lng":139.943848,"prefecture":12,"numbering":["HS05"],"lines":[11305,23006,99340],"attr":"eco","postal_code":"270-2221","address":"千葉県松戸市紙敷","open_date":"1991-03-31","voronoi":{"type":"Feature","geometry":{"type":"Polygon","coordinates":[[[139.933424,35.777497],[139.9362,35.779628],[139.943719,35.781974],[139.947391,35.78291],[139.953261,35.765804],[139.940639,35.759668],[139.933424,35.777497]]]},"properties":{}},"extra":false},
    {"code":2100430,"id":4717,"name":"新鎌ヶ谷","original_name":"新鎌ヶ谷","name_kana":"しんかまがや","closed":false,"lat":35.780221,"lng":139.999455,"prefecture":12,"numbering":["HS08"],"lines":[21004,23006,23007,99340],"attr":"cool","postal_code":"273-0107","address":"千葉県鎌ケ谷市新鎌ケ谷一丁目13-1","open_date":"1991-03-31","voronoi":{"type":"Feature","geometry":{"type":"Polygon","coordinates":[[[139.997138,35.775749],[139.992494,35.786836],[140.014858,35.787267],[140.016037,35.778133],[139.997138,35.775749]]]},"properties":{}},"extra":false},
    {"code":9934013,"id":4917,"name":"千葉ニュータウン中央","original_name":"千葉ニュータウン中央","name_kana":"ちばにゅーたうんちゅうおう","closed":false,"lat":35.800175,"lng":140.116159,"prefecture":12,"numbering":["HS12"],"lines":[23006,99340],"attr":"eco","postal_code":"270-1340","address":"千葉県印西市中央南一丁目1390-1","open_date":"1984-03-19","voronoi":{"type":"Feature","geometry":{"type":"Polygon","coordinates":[[[140.140833,35.812275],[140.12642,35.824134],[140.107339,35.830639],[140.086349,35.827563],[140.085174,35.826893],[140.105596,35.764737],[140.118179,35.762573],[140.143283,35.776056],[140.140833,35.812275]]]},"properties":{}},"extra":false},
    {"code":9934015,"id":4918,"name":"印旛日本医大","original_name":"印旛日本医大","name_kana":"いんばにほんいだい","closed":false,"lat":35.787512,"lng":140.203112,"prefecture":12,"numbering":["HS14"],"lines":[23006,99340],"attr":"heat","postal_code":"270-1609","address":"千葉県印西市若萩一丁目1","open_date":"2000-07-22","voronoi":{"type":"Feature","geometry":{"type":"Polygon","coordinates":[[[140.219449,35.81413],[140.190242,35.807323],[140.173104,35.76878],[140.177682,35.764304],[140.207683,35.75266],[140.232302,35.763139],[140.242833,35.771856],[140.245634,35.778114],[140.240436,35.797164],[140.219449,35.81413]]]},"properties":{}},"extra":false},
    {"code":2300609,"id":4919,"name":"成田湯川","original_name":"成田湯川","name_kana":"なりたゆかわ","closed":false,"lat":35.799657,"lng":140.291078,"prefecture":12,"numbering":["KS43"],"lines":[23006],"attr":"heat","postal_code":"286-0846","address":"千葉県成田市松崎1620-1","open_date":"2010-07-17","voronoi":{"type":"Feature","geometry":{"type":"Polygon","coordinates":[[[140.320642,35.807662],[140.302566,35.834215],[140.269838,35.779644],[140.275761,35.77837],[140.294257,35.780175],[140.320642,35.807662]]]},"properties":{}},"extra":false},
    {"code":1132813,"id":1740,"name":"空港第２ビル（成田第２・第３ターミナル）","original_name":"空港第２ビル（成田第２・第３ターミナル）","name_kana":"くうこうだいにびる（なりただいに・だいさんたーみなる）","closed":false,"lat":35.773327,"lng":140.387871,"prefecture":12,"numbering":["KS41"],"lines":[11327,11328,23001,23006],"attr":"cool","postal_code":"282-0004","address":"千葉県成田市古込字古込1-1","open_date":"1992-12-03","voronoi":{"type":"Feature","geometry":{"type":"Polygon","coordinates":[[[140.400723,35.83379],[140.427767,35.828717],[140.465099,35.806333],[140.40201,35.768822],[140.363533,35.776503],[140.351907,35.780518],[140.352449,35.79368],[140.400723,35.83379]]]},"properties":{}},"extra":false},
    {"code":1132705,"id":1741,"name":"成田空港（成田第１ターミナル）","original_name":"成田空港（成田第１ターミナル）","name_kana":"なりたくうこう（なりただいいちたーみなる）","closed":false,"lat":35.763983,"lng":140.384644,"prefecture":12,"numbering":["KS42"],"lines":[11327,11328,23001,23006],"attr":"cool","postal_code":"282-0011","address":"千葉県成田市三里塚御料牧場1-1","open_date":"1991-03-19","voronoi":{"type":"Feature","geometry":{"type":"Polygon","coordinates":[[[140.394737,35.763317],[140.363533,35.776503],[140.351907,35.780518],[140.341381,35.721445],[140.341439,35.719978],[140.358267,35.708731],[140.394737,35.763317]]]},"properties":{}},"extra":false}
  ],
  "extra":false
}