{
  "code":25001,
  "id":"cd858f",
  "name":"小田急小田原線",
  "name_kana":"おだきゅうおだわらせん",
  "station_size":47,
  "company_code":15,
  "closed":false,
  "color":"#2288CC",
  "symbol":"OH",
  "station_list":[
    {"code":1130208,"id":"3ff383","name":"新宿","original_name":"新宿","name_kana":"しんじゅく","closed":false,"lat":35.689729,"lng":139.700464,"prefecture":13,"numbering":["OH01"],"lines":[11302,11311,11312,11313,11321,11328,11333,24001,25001,28002,99301,99304],"attr":"heat","postal_code":"160-0022","address":"東京都新宿区新宿三丁目38-1","open_date":"1885-03-01","voronoi":{"type":"Feature","geometry":{"type":"Polygon","coordinates":[[[139.696248,35.687559],[139.700731,35.686272],[139.703526,35.686933],[139.702152,35.692377],[139.696536,35.690327],[139.696248,35.687559]]]},"properties":{}},"extra":false},
    {"code":2500102,"id":"c6b9f7","name":"南新宿","original_name":"南新宿","name_kana":"みなみしんじゅく","closed":false,"lat":35.683483,"lng":139.69867,"prefecture":13,"numbering":["OH02"],"lines":[25001],"attr":"heat","postal_code":"151-0053","address":"渋谷区代々木２丁目","voronoi":{"type":"Feature","geometry":{"type":"Polygon","coordinates":[[[139.700731,35.686272],[139.699663,35.677732],[139.6995,35.677512],[139.692752,35.684542],[139.696248,35.687559],[139.700731,35.686272]]]},"properties":{}},"extra":false},
    {"code":2500103,"id":"d1c6bf","name":"参宮橋","original_name":"参宮橋","name_kana":"さんぐうばし","closed":false,"lat":35.678586,"lng":139.693568,"prefecture":13,"numbering":["OH03"],"lines":[25001],"attr":"heat","postal_code":"151-0053","address":"渋谷区代々木４丁目","voronoi":{"type":"Feature","geometry":{"type":"Polygon","coordinates":[[[139.6995,35.677512],[139.692752,35.684542],[139.691625,35.684448],[139.688398,35.675642],[139.695639,35.671842],[139.699486,35.676214],[139.6995,35.677512]]]},"properties":{}},"extra":false},
    {"code":2500104,"id":"b825ba","name":"代々木八幡","original_name":"代々木八幡","name_kana":"よよぎはちまん","closed":false,"lat":35.669715,"lng":139.688913,"prefecture":13,"numbering":["OH04"],"lines":[25001],"attr":"heat","postal_code":"151-0053","address":"渋谷区代々木５丁目","voronoi":{"type":"Feature","geometry":{"type":"Polygon","coordinates":[[[139.68463,35.667909],[139.684198,35.674709],[139.688398,35.675642],[139.695639,35.671842],[139.695643,35.671789],[139.68463,35.667909]]]},"properties":{}},"extra":false},
    {"code":2500105,"id":"0aa16c","name":"代々木上原","original_name":"代々木上原","name_kana":"よよぎうえはら","closed":false,"lat":35.669159,"lng":139.680153,"prefecture":13,"numbering":["OH05"],"lines":[25001,28005],"attr":"heat","postal_code":"151-0066","address":"渋谷区西原３丁目","voronoi":{"type":"Feature","geometry":{"type":"Polygon","coordinates":[[[139.68463,35.667909],[139.684198,35.674709],[139.68279,35.675432],[139.674474,35.671254],[139.678656,35.663355],[139.679389,35.662793],[139.684639,35.664875],[139.68463,35.667909]]]},"properties":{}},"extra":false},
    {"code":2500106,"id":"0cb0c2","name":"東北沢","original_name":"東北沢","name_kana":"ひがしきたざわ","closed":false,"lat":35.665379,"lng":139.673014,"prefecture":13,"numbering":["OH06"],"lines":[25001],"attr":"heat","postal_code":"155-0031","address":"世田谷区北沢３丁目","voronoi":{"type":"Feature","geometry":{"type":"Polygon","coordinates":[[[139.667331,35.667642],[139.670468,35.662654],[139.678656,35.663355],[139.674474,35.671254],[139.673118,35.671622],[139.667331,35.667642]]]},"properties":{}},"extra":false},
    {"code":2400605,"id":"e46a3f","name":"下北沢","original_name":"下北沢","name_kana":"しもきたざわ","closed":false,"lat":35.661539,"lng":139.66691,"prefecture":13,"numbering":["OH07"],"lines":[24006,25001],"attr":"cool","postal_code":"155-0031","address":"世田谷区北沢２丁目","voronoi":{"type":"Feature","geometry":{"type":"Polygon","coordinates":[[[139.667331,35.667642],[139.670468,35.662654],[139.668783,35.652976],[139.668388,35.652988],[139.663554,35.661077],[139.664605,35.667449],[139.664936,35.667708],[139.667331,35.667642]]]},"properties":{}},"extra":false},
    {"code":2500108,"id":"c7cd36","name":"世田谷代田","original_name":"世田谷代田","name_kana":"せたがやだいた","closed":false,"lat":35.65834,"lng":139.661557,"prefecture":13,"numbering":["OH08"],"lines":[25001],"attr":"eco","postal_code":"155-0033","address":"世田谷区代田２丁目","voronoi":{"type":"Feature","geometry":{"type":"Polygon","coordinates":[[[139.664518,35.651634],[139.668388,35.652988],[139.663554,35.661077],[139.658006,35.659729],[139.657185,35.658578],[139.658999,35.652367],[139.664518,35.651634]]]},"properties":{}},"extra":false},
    {"code":2500109,"id":"55b04c","name":"梅ヶ丘","original_name":"梅ヶ丘","name_kana":"うめがおか","closed":false,"lat":35.656024,"lng":139.653628,"prefecture":13,"numbering":["OH09"],"lines":[25001],"attr":"eco","postal_code":"154-0022","address":"東京都世田谷区梅丘","voronoi":{"type":"Feature","geometry":{"type":"Polygon","coordinates":[[[139.657185,35.658578],[139.648835,35.660987],[139.648596,35.660294],[139.652325,35.649786],[139.652541,35.649739],[139.655376,35.650111],[139.658999,35.652367],[139.657185,35.658578]]]},"properties":{}},"extra":false},
    {"code":2500110,"id":"79fca0","name":"豪徳寺","original_name":"豪徳寺","name_kana":"ごうとくじ","closed":false,"lat":35.653807,"lng":139.647381,"prefecture":13,"numbering":["OH10"],"lines":[25001],"attr":"eco","postal_code":"154-0021","address":"世田谷区豪徳寺１丁目","voronoi":{"type":"Feature","geometry":{"type":"Polygon","coordinates":[[[139.650262,35.649068],[139.6468,35.65041],[139.647167,35.659063],[139.648596,35.660294],[139.652325,35.649786],[139.650262,35.649068]]]},"properties":{}},"extra":false},
    {"code":2500111,"id":"326aae","name":"経堂","original_name":"経堂","name_kana":"きょうどう","closed":false,"lat":35.650991,"lng":139.635993,"prefecture":13,"numbering":["OH11"],"lines":[25001],"attr":"eco","postal_code":"156-0052","address":"世田谷区経堂１丁目","voronoi":{"type":"Feature","geometry":{"type":"Polygon","coordinates":[[[139.640719,35.654377],[139.633362,35.659257],[139.627797,35.657688],[139.63335,35.638849],[139.634685,35.638737],[139.635165,35.638955],[139.638013,35.642948],[139.641435,35.651738],[139.640719,35.654377]]]},"properties":{}},"extra":false},
    {"code":2500112,"id":"260ea5","name":"千歳船橋","original_name":"千歳船橋","name_kana":"ちとせふなばし","closed":false,"lat":35.647616,"lng":139.624544,"prefecture":13,"numbering":["OH12"],"lines":[25001],"attr":"cool","postal_code":"156-0055","address":"世田谷区船橋１丁目","voronoi":{"type":"Feature","geometry":{"type":"Polygon","coordinates":[[[139.627797,35.657688],[139.625831,35.658349],[139.617554,35.657861],[139.613904,35.656292],[139.620688,35.633239],[139.63335,35.638849],[139.627797,35.657688]]]},"properties":{}},"extra":false},
    {"code":2500113,"id":"fffe84","name":"祖師ヶ谷大蔵","original_name":"祖師ヶ谷大蔵","name_kana":"そしがやおおくら","closed":false,"lat":35.643236,"lng":139.609659,"prefecture":13,"numbering":["OH13"],"lines":[25001],"attr":"cool","postal_code":"157-0072","address":"東京都世田谷区祖師谷1丁目","voronoi":{"type":"Feature","geometry":{"type":"Polygon","coordinates":[[[139.615855,35.626258],[139.609768,35.622962],[139.600724,35.653961],[139.608631,35.656841],[139.610598,35.656943],[139.613904,35.656292],[139.620688,35.633239],[139.615855,35.626258]]]},"properties":{}},"extra":false},
    {"code":2500114,"id":"9eeb9c","name":"成城学園前","original_name":"成城学園前","name_kana":"せいじょうがくえんまえ","closed":false,"lat":35.640114,"lng":139.598958,"prefecture":13,"numbering":["OH14"],"lines":[25001],"attr":"cool","postal_code":"157-0066","address":"世田谷区成城６丁目","voronoi":{"type":"Feature","geometry":{"type":"Polygon","coordinates":[[[139.589809,35.649838],[139.597194,35.624953],[139.60905,35.622465],[139.609108,35.622467],[139.609661,35.622857],[139.609768,35.622962],[139.600724,35.653961],[139.596699,35.654209],[139.589809,35.649838]]]},"properties":{}},"extra":false},
    {"code":2500115,"id":"e21767","name":"喜多見","original_name":"喜多見","name_kana":"きたみ","closed":false,"lat":35.636697,"lng":139.587445,"prefecture":13,"numbering":["OH15"],"lines":[25001],"attr":"cool","postal_code":"157-0067","address":"世田谷区喜多見９丁目","voronoi":{"type":"Feature","geometry":{"type":"Polygon","coordinates":[[[139.577407,35.645069],[139.584748,35.649335],[139.589809,35.649838],[139.597194,35.624953],[139.59025,35.623564],[139.586575,35.624926],[139.577407,35.645069]]]},"properties":{}},"extra":false},
    {"code":2500116,"id":"7967b2","name":"狛江","original_name":"狛江","name_kana":"こまえ","closed":false,"lat":35.632001,"lng":139.577127,"prefecture":13,"numbering":["OH16"],"lines":[25001],"attr":"cool","postal_code":"201-0014","address":"狛江市東和泉１丁目","voronoi":{"type":"Feature","geometry":{"type":"Polygon","coordinates":[[[139.582634,35.624346],[139.564463,35.637752],[139.567419,35.640873],[139.575931,35.644954],[139.577407,35.645069],[139.586575,35.624926],[139.582634,35.624346]]]},"properties":{}},"extra":false},
    {"code":2500117,"id":"507dcd","name":"和泉多摩川","original_name":"和泉多摩川","name_kana":"いずみたまがわ","closed":false,"lat":35.627349,"lng":139.573695,"prefecture":13,"numbering":["OH17"],"lines":[25001],"attr":"cool","postal_code":"201-0014","address":"狛江市東和泉４丁目","voronoi":{"type":"Feature","geometry":{"type":"Polygon","coordinates":[[[139.562012,35.62971],[139.576652,35.6214],[139.582634,35.624346],[139.564463,35.637752],[139.562828,35.636626],[139.562012,35.62971]]]},"properties":{}},"extra":false},
    {"code":1130314,"id":"f1bdd7","name":"登戸","original_name":"登戸","name_kana":"のぼりと","closed":false,"lat":35.620889,"lng":139.570028,"prefecture":14,"numbering":["OH18"],"lines":[11303,25001],"attr":"heat","postal_code":"214-0014","address":"川崎市多摩区登戸","voronoi":{"type":"Feature","geometry":{"type":"Polygon","coordinates":[[[139.561251,35.62807],[139.562012,35.62971],[139.576652,35.6214],[139.571693,35.612739],[139.561251,35.62807]]]},"properties":{}},"extra":false},
    {"code":2500119,"id":"6cbf39","name":"向ヶ丘遊園","original_name":"向ヶ丘遊園","name_kana":"むこうがおかゆうえん","closed":false,"lat":35.617273,"lng":139.564719,"prefecture":14,"numbering":["OH19"],"lines":[25001],"attr":"cool","postal_code":"214-0014","address":"神奈川県川崎市多摩区登戸","voronoi":{"type":"Feature","geometry":{"type":"Polygon","coordinates":[[[139.561251,35.62807],[139.553097,35.618802],[139.555186,35.598357],[139.562936,35.597137],[139.568121,35.598319],[139.570029,35.599338],[139.571693,35.612739],[139.561251,35.62807]]]},"properties":{}},"extra":false},
    {"code":2500120,"id":"8f62a8","name":"生田(神奈川)","original_name":"生田","name_kana":"いくた","closed":false,"lat":35.614954,"lng":139.542024,"prefecture":14,"numbering":["OH20"],"lines":[25001],"attr":"cool","postal_code":"214-0038","address":"川崎市多摩区生田７丁目","voronoi":{"type":"Feature","geometry":{"type":"Polygon","coordinates":[[[139.535375,35.589687],[139.534831,35.622951],[139.541036,35.625218],[139.553097,35.618802],[139.555186,35.598357],[139.535375,35.589687]]]},"properties":{}},"extra":false},
    {"code":2500121,"id":"69e1df","name":"読売ランド前","original_name":"読売ランド前","name_kana":"よみうりらんどまえ","closed":false,"lat":35.614723,"lng":139.527903,"prefecture":14,"numbering":["OH21"],"lines":[25001],"attr":"cool","postal_code":"214-0037","address":"川崎市多摩区西生田","voronoi":{"type":"Feature","geometry":{"type":"Polygon","coordinates":[[[139.535375,35.589687],[139.534831,35.622951],[139.532659,35.623783],[139.524942,35.625069],[139.517635,35.620934],[139.533483,35.588137],[139.535375,35.589687]]]},"properties":{}},"extra":false},
    {"code":2500122,"id":"46c3bd","name":"百合ヶ丘","original_name":"百合ヶ丘","name_kana":"ゆりがおか","closed":false,"lat":35.60903,"lng":139.516121,"prefecture":14,"numbering":["OH22"],"lines":[25001],"attr":"cool","postal_code":"215-0011","address":"川崎市麻生区百合丘一丁目21番1号","voronoi":{"type":"Feature","geometry":{"type":"Polygon","coordinates":[[[139.532253,35.58649],[139.527213,35.58183],[139.503454,35.619814],[139.506567,35.621617],[139.517635,35.620934],[139.533483,35.588137],[139.532253,35.58649]]]},"properties":{}},"extra":false},
    {"code":2500123,"id":"d914d1","name":"新百合ヶ丘","original_name":"新百合ヶ丘","name_kana":"しんゆりがおか","closed":false,"lat":35.603705,"lng":139.507608,"prefecture":14,"numbering":["OH23"],"lines":[25001,25003],"attr":"cool","postal_code":"215-0004","address":"川崎市麻生区万福寺一丁目18番1号","voronoi":{"type":"Feature","geometry":{"type":"Polygon","coordinates":[[[139.496477,35.618264],[139.503454,35.619814],[139.527213,35.58183],[139.52592,35.580139],[139.501749,35.597261],[139.496477,35.618264]]]},"properties":{}},"extra":false},
    {"code":2500124,"id":"e72d48","name":"柿生","original_name":"柿生","name_kana":"かきお","closed":false,"lat":35.589597,"lng":139.497614,"prefecture":14,"numbering":["OH24"],"lines":[25001],"attr":"cool","postal_code":"215-0021","address":"川崎市麻生区上麻生","voronoi":{"type":"Feature","geometry":{"type":"Polygon","coordinates":[[[139.52592,35.580139],[139.501749,35.597261],[139.487457,35.591759],[139.495285,35.572723],[139.510427,35.567466],[139.520632,35.57178],[139.52442,35.576141],[139.52592,35.580139]]]},"properties":{}},"extra":false},
    {"code":2500125,"id":"9beb6b","name":"鶴川","original_name":"鶴川","name_kana":"つるかわ","closed":false,"lat":35.583077,"lng":139.481759,"prefecture":13,"numbering":["OH25"],"lines":[25001],"attr":"cool","postal_code":"195-0053","address":"町田市能ケ谷町","voronoi":{"type":"Feature","geometry":{"type":"Polygon","coordinates":[[[139.454538,35.590194],[139.465127,35.59407],[139.483559,35.594445],[139.487457,35.591759],[139.495285,35.572723],[139.476986,35.569143],[139.454538,35.590194]]]},"properties":{}},"extra":false},
    {"code":2500126,"id":"cb15d7","name":"玉川学園前","original_name":"玉川学園前","name_kana":"たまがわがくえんまえ","closed":false,"lat":35.563486,"lng":139.463388,"prefecture":13,"numbering":["OH26"],"lines":[25001],"attr":"cool","postal_code":"194-0041","address":"町田市玉川学園２丁目","voronoi":{"type":"Feature","geometry":{"type":"Polygon","coordinates":[[[139.454538,35.590194],[139.445196,35.591574],[139.440224,35.591677],[139.436718,35.589313],[139.436365,35.588969],[139.440503,35.564335],[139.46126,35.547127],[139.472737,35.551005],[139.476986,35.569143],[139.454538,35.590194]]]},"properties":{}},"extra":false},
    {"code":1130611,"id":"c61325","name":"町田","original_name":"町田","name_kana":"まちだ","closed":false,"lat":35.542004,"lng":139.445579,"prefecture":13,"numbering":["OH27"],"lines":[11306,25001],"attr":"heat","postal_code":"194-0013","address":"町田市原町田１丁目","voronoi":{"type":"Feature","geometry":{"type":"Polygon","coordinates":[[[139.46126,35.547127],[139.456683,35.528173],[139.454746,35.527368],[139.453559,35.527738],[139.430666,35.545834],[139.440503,35.564335],[139.46126,35.547127]]]},"properties":{}},"extra":false},
    {"code":2500128,"id":"dc69a7","name":"相模大野","original_name":"相模大野","name_kana":"さがみおおの","closed":false,"lat":35.532208,"lng":139.437836,"prefecture":14,"numbering":["OH28"],"lines":[25001,25002],"attr":"cool","postal_code":"252-0303","address":"相模原市南区相模大野三丁目8番1号","voronoi":{"type":"Feature","geometry":{"type":"Polygon","coordinates":[[[139.453559,35.527738],[139.430666,35.545834],[139.417208,35.535289],[139.428199,35.525463],[139.453559,35.527738]]]},"properties":{}},"extra":false},
    {"code":2500129,"id":"58a1b0","name":"小田急相模原","original_name":"小田急相模原","name_kana":"おだきゅうさがみはら","closed":false,"lat":35.515134,"lng":139.422571,"prefecture":14,"numbering":["OH29"],"lines":[25001],"attr":"cool","postal_code":"252-0314","address":"相模原市南区南台三丁目20番1号","voronoi":{"type":"Feature","geometry":{"type":"Polygon","coordinates":[[[139.417208,35.535289],[139.402885,35.534092],[139.401713,35.519489],[139.428082,35.49608],[139.428365,35.496448],[139.433068,35.510776],[139.428199,35.525463],[139.417208,35.535289]]]},"properties":{}},"extra":false},
    {"code":2500130,"id":"f1f343","name":"相武台前","original_name":"相武台前","name_kana":"そうぶだいまえ","closed":false,"lat":35.499294,"lng":139.408509,"prefecture":14,"numbering":["OH30"],"lines":[25001],"attr":"cool","postal_code":"252-0011","address":"神奈川県座間市相武台一丁目33番1号","voronoi":{"type":"Feature","geometry":{"type":"Polygon","coordinates":[[[139.393859,35.508014],[139.401713,35.519489],[139.428082,35.49608],[139.4277,35.491978],[139.417065,35.484121],[139.417005,35.484107],[139.398337,35.492852],[139.393859,35.508014]]]},"properties":{}},"extra":false},
    {"code":2500131,"id":"9a846f","name":"座間","original_name":"座間","name_kana":"ざま","closed":false,"lat":35.480913,"lng":139.399899,"prefecture":14,"numbering":["OH31"],"lines":[25001],"attr":"cool","postal_code":"252-0028","address":"神奈川県座間市入谷東三丁目60番1号","voronoi":{"type":"Feature","geometry":{"type":"Polygon","coordinates":[[[139.400326,35.46533],[139.400281,35.465348],[139.393568,35.487364],[139.398337,35.492852],[139.417005,35.484107],[139.400326,35.46533]]]},"properties":{}},"extra":false},
    {"code":1130911,"id":"b54559","name":"海老名","original_name":"海老名","name_kana":"えびな","closed":false,"lat":35.454282,"lng":139.389328,"prefecture":14,"numbering":["OH32"],"lines":[11309,25001,29001],"attr":"cool","postal_code":"243-0434","address":"海老名市上郷","voronoi":{"type":"Feature","geometry":{"type":"Polygon","coordinates":[[[139.400326,35.46533],[139.400281,35.465348],[139.364093,35.469214],[139.401964,35.43075],[139.419519,35.424482],[139.400326,35.46533]]]},"properties":{}},"extra":false},
    {"code":1130910,"id":"41dc80","name":"厚木","original_name":"厚木","name_kana":"あつぎ","closed":false,"lat":35.44375,"lng":139.378631,"prefecture":14,"numbering":["OH33"],"lines":[11309,25001],"attr":"cool","postal_code":"243-0433","address":"海老名市河原口","voronoi":{"type":"Feature","geometry":{"type":"Polygon","coordinates":[[[139.364093,35.469214],[139.362798,35.469709],[139.374265,35.432361],[139.401964,35.43075],[139.364093,35.469214]]]},"properties":{}},"extra":false},
    {"code":2500134,"id":"4d4c3b","name":"本厚木","original_name":"本厚木","name_kana":"ほんあつぎ","closed":false,"lat":35.439338,"lng":139.364261,"prefecture":14,"numbering":["OH34"],"lines":[25001],"attr":"cool","postal_code":"243-0013","address":"厚木市泉町１丁目","voronoi":{"type":"Feature","geometry":{"type":"Polygon","coordinates":[[[139.311205,35.491411],[139.316327,35.490365],[139.35777,35.473262],[139.362798,35.469709],[139.374265,35.432361],[139.36037,35.422735],[139.286416,35.491438],[139.308811,35.491707],[139.311205,35.491411]]]},"properties":{}},"extra":false},
    {"code":2500135,"id":"1db2b6","name":"愛甲石田","original_name":"愛甲石田","name_kana":"あいこういしだ","closed":false,"lat":35.417634,"lng":139.344098,"prefecture":14,"numbering":["OH35"],"lines":[25001],"attr":"heat","postal_code":"243-0035","address":"厚木市愛甲","voronoi":{"type":"Feature","geometry":{"type":"Polygon","coordinates":[[[139.359593,35.403828],[139.347697,35.385709],[139.345518,35.383519],[139.266764,35.494344],[139.286416,35.491438],[139.36037,35.422735],[139.361479,35.410079],[139.359593,35.403828]]]},"properties":{}},"extra":false},
    {"code":2500136,"id":"b6e24c","name":"伊勢原","original_name":"伊勢原","name_kana":"いせはら","closed":false,"lat":35.396081,"lng":139.313768,"prefecture":14,"numbering":["OH36"],"lines":[25001],"attr":"heat","postal_code":"259-1132","address":"伊勢原市桜台１丁目","voronoi":{"type":"Feature","geometry":{"type":"Polygon","coordinates":[[[139.345518,35.383519],[139.266764,35.494344],[139.249452,35.500051],[139.310302,35.353705],[139.31555,35.353681],[139.335895,35.364174],[139.345234,35.382169],[139.345518,35.383519]]]},"properties":{}},"extra":false},
    {"code":2500137,"id":"183895","name":"鶴巻温泉","original_name":"鶴巻温泉","name_kana":"つるまきおんせん","closed":false,"lat":35.381131,"lng":139.277813,"prefecture":14,"numbering":["OH37"],"lines":[25001],"attr":"heat","postal_code":"257-0001","address":"秦野市鶴巻北２丁目","voronoi":{"type":"Feature","geometry":{"type":"Polygon","coordinates":[[[139.249632,35.397657],[139.305765,35.351393],[139.310302,35.353705],[139.249452,35.500051],[139.243492,35.503141],[139.226096,35.496563],[139.229876,35.478851],[139.249632,35.397657]]]},"properties":{}},"extra":false},
    {"code":2500138,"id":"7d5c39","name":"東海大学前","original_name":"東海大学前","name_kana":"とうかいだいがくまえ","closed":false,"lat":35.373151,"lng":139.271236,"prefecture":14,"numbering":["OH38"],"lines":[25001],"attr":"heat","postal_code":"257-0006","address":"秦野市北矢名","voronoi":{"type":"Feature","geometry":{"type":"Polygon","coordinates":[[[139.249632,35.397657],[139.251849,35.369927],[139.259624,35.347869],[139.2623,35.3444],[139.266705,35.340632],[139.276423,35.335392],[139.280342,35.334068],[139.305765,35.351393],[139.249632,35.397657]]]},"properties":{}},"extra":false},
    {"code":2500139,"id":"ee0a6a","name":"秦野","original_name":"秦野","name_kana":"はだの","closed":false,"lat":35.370075,"lng":139.226009,"prefecture":14,"numbering":["OH39"],"lines":[25001,99350],"attr":"heat","postal_code":"257-0034","address":"秦野市大秦町１丁目","voronoi":{"type":"Feature","geometry":{"type":"Polygon","coordinates":[[[139.226096,35.496563],[139.216917,35.495171],[139.203167,35.3506],[139.217756,35.353955],[139.229059,35.364014],[139.229876,35.478851],[139.226096,35.496563]]]},"properties":{}},"extra":false},
    {"code":2500140,"id":"8e1f33","name":"渋沢","original_name":"渋沢","name_kana":"しぶさわ","closed":false,"lat":35.374032,"lng":139.184405,"prefecture":14,"numbering":["OH40"],"lines":[25001],"attr":"eco","postal_code":"259-1321","address":"秦野市曲松１丁目","voronoi":{"type":"Feature","geometry":{"type":"Polygon","coordinates":[[[139.119946,35.487936],[139.139146,35.398052],[139.155674,35.369488],[139.163796,35.356988],[139.175264,35.347434],[139.195789,35.339209],[139.203167,35.3506],[139.216917,35.495171],[139.175184,35.495873],[139.124179,35.489122],[139.119946,35.487936]]]},"properties":{}},"extra":false},
    {"code":2500141,"id":"2e0626","name":"新松田","original_name":"新松田","name_kana":"しんまつだ","closed":false,"lat":35.345082,"lng":139.139848,"prefecture":14,"numbering":["OH41"],"lines":[25001],"attr":"eco","postal_code":"258-0003","address":"足柄上郡松田町松田惣領","voronoi":{"type":"Feature","geometry":{"type":"Polygon","coordinates":[[[139.132172,35.337043],[139.155674,35.369488],[139.163796,35.356988],[139.14087,35.335138],[139.132172,35.337043]]]},"properties":{}},"extra":false},
    {"code":2500142,"id":"f41924","name":"開成","original_name":"開成","name_kana":"かいせい","closed":false,"lat":35.326532,"lng":139.135785,"prefecture":14,"numbering":["OH42"],"lines":[25001],"attr":"eco","postal_code":"258-0021","address":"足柄上郡開成町吉田島字中河原","voronoi":{"type":"Feature","geometry":{"type":"Polygon","coordinates":[[[139.132172,35.337043],[139.117452,35.338226],[139.117252,35.338045],[139.117892,35.336147],[139.131032,35.315112],[139.147108,35.322002],[139.14087,35.335138],[139.132172,35.337043]]]},"properties":{}},"extra":false},
    {"code":2500143,"id":"372d67","name":"栢山","original_name":"栢山","name_kana":"かやま","closed":false,"lat":35.310679,"lng":139.14258,"prefecture":14,"numbering":["OH43"],"lines":[25001],"attr":"eco","postal_code":"250-0852","address":"小田原市栢山","voronoi":{"type":"Feature","geometry":{"type":"Polygon","coordinates":[[[139.137578,35.30255],[139.134578,35.30604],[139.130551,35.312891],[139.131032,35.315112],[139.147108,35.322002],[139.150657,35.320739],[139.158331,35.306405],[139.137578,35.30255]]]},"properties":{}},"extra":false},
    {"code":2500144,"id":"d86c62","name":"富水","original_name":"富水","name_kana":"とみず","closed":false,"lat":35.296759,"lng":139.145166,"prefecture":14,"numbering":["OH44"],"lines":[25001],"attr":"eco","postal_code":"250-0853","address":"小田原市堀之内","voronoi":{"type":"Feature","geometry":{"type":"Polygon","coordinates":[[[139.163891,35.302346],[139.158331,35.306405],[139.137578,35.30255],[139.137293,35.300285],[139.139795,35.29394],[139.146245,35.289524],[139.164288,35.300115],[139.163891,35.302346]]]},"properties":{}},"extra":false},
    {"code":2500145,"id":"cfbaca","name":"螢田","original_name":"螢田","name_kana":"ほたるだ","closed":false,"lat":35.285055,"lng":139.152036,"prefecture":14,"numbering":["OH45"],"lines":[25001],"attr":"eco","postal_code":"250-0865","address":"小田原市蓮正寺","voronoi":{"type":"Feature","geometry":{"type":"Polygon","coordinates":[[[139.164288,35.300115],[139.146245,35.289524],[139.145384,35.285632],[139.154053,35.280181],[139.167728,35.285341],[139.169625,35.291068],[139.164288,35.300115]]]},"properties":{}},"extra":false},
    {"code":2500146,"id":"1e744f","name":"足柄(神奈川)","original_name":"足柄","name_kana":"あしがら","closed":false,"lat":35.271763,"lng":139.15447,"prefecture":14,"numbering":["OH46"],"lines":[25001],"attr":"eco","postal_code":"250-0001","address":"小田原市扇町３丁目","voronoi":{"type":"Feature","geometry":{"type":"Polygon","coordinates":[[[139.149383,35.263513],[139.138184,35.262575],[139.135913,35.264831],[139.150663,35.275149],[139.157907,35.272427],[139.149383,35.263513]]]},"properties":{}},"extra":false},
    {"code":100204,"id":"eaa3c7","name":"小田原","original_name":"小田原","name_kana":"おだわら","closed":false,"lat":35.256225,"lng":139.155772,"prefecture":14,"numbering":["OH47"],"lines":[1002,11301,25001,99314,99339],"attr":"heat","postal_code":"250-0011","address":"小田原市栄町１丁目","voronoi":{"type":"Feature","geometry":{"type":"Polygon","coordinates":[[[139.202833,35.215034],[139.151238,35.263276],[139.149383,35.263513],[139.138184,35.262575],[139.13824,35.262426],[139.159896,35.241657],[139.202833,35.215034]]]},"properties":{}},"extra":false}
  ],
  "extra":false
}