{
  "code":26001,
  "id":256,
  "name":"東急東横線",
  "name_kana":"とうきゅうとうよこせん",
  "station_size":23,
  "company_code":16,
  "closed":false,
  "color":"#DA0442",
  "symbol":"TY",
  "station_list":[
    {"code":1130205,"id":1283,"name":"渋谷","original_name":"渋谷","name_kana":"しぶや","closed":false,"lat":35.658871,"lng":139.701238,"prefecture":13,"numbering":["TY01"],"lines":[11302,11321,11328,11333,24006,26001,26003,28001,28008,28010],"attr":"cool","postal_code":"150-0043","address":"東京都渋谷区道玄坂一丁目1-1","open_date":"1885-03-01","voronoi":{"type":"Feature","geometry":{"type":"Polygon","coordinates":[[[139.696334,35.6654],[139.695946,35.664944],[139.698522,35.652816],[139.708288,35.654687],[139.710216,35.656084],[139.706239,35.662992],[139.698065,35.665201],[139.696334,35.6654]]]},"properties":{}},"extra":false},
    {"code":2600102,"id":5045,"name":"代官山","original_name":"代官山","name_kana":"だいかんやま","closed":false,"lat":35.648193,"lng":139.703284,"prefecture":13,"numbering":["TY02"],"lines":[26001],"attr":"cool","postal_code":"150-0034","address":"渋谷区代官山町１９-４","voronoi":{"type":"Feature","geometry":{"type":"Polygon","coordinates":[[[139.708288,35.654687],[139.698522,35.652816],[139.696575,35.650728],[139.70532,35.64133],[139.708288,35.654687]]]},"properties":{}},"extra":false},
    {"code":2600103,"id":5046,"name":"中目黒","original_name":"中目黒","name_kana":"なかめぐろ","closed":false,"lat":35.643854,"lng":139.698621,"prefecture":13,"numbering":["TY03"],"lines":[26001,28003],"attr":"cool","postal_code":"153-0051","address":"目黒区上目黒３-４-１","voronoi":{"type":"Feature","geometry":{"type":"Polygon","coordinates":[[[139.70532,35.64133],[139.706305,35.637346],[139.703624,35.632715],[139.701729,35.632236],[139.690579,35.645339],[139.692375,35.649146],[139.696575,35.650728],[139.70532,35.64133]]]},"properties":{}},"extra":false},
    {"code":2600104,"id":5047,"name":"祐天寺","original_name":"祐天寺","name_kana":"ゆうてんじ","closed":false,"lat":35.637163,"lng":139.690758,"prefecture":13,"numbering":["TY04"],"lines":[26001],"attr":"cool","postal_code":"153-0052","address":"目黒区祐天寺２-１３-３","voronoi":{"type":"Feature","geometry":{"type":"Polygon","coordinates":[[[139.690579,35.645339],[139.680476,35.640499],[139.679804,35.638386],[139.696125,35.627596],[139.701729,35.632236],[139.690579,35.645339]]]},"properties":{}},"extra":false},
    {"code":2600105,"id":5048,"name":"学芸大学","original_name":"学芸大学","name_kana":"がくげいだいがく","closed":false,"lat":35.628786,"lng":139.68522,"prefecture":13,"numbering":["TY05"],"lines":[26001],"attr":"heat","postal_code":"152-0004","address":"目黒区鷹番３-２-１","voronoi":{"type":"Feature","geometry":{"type":"Polygon","coordinates":[[[139.689158,35.619291],[139.695176,35.625374],[139.696125,35.627596],[139.679804,35.638386],[139.673675,35.632202],[139.673135,35.629494],[139.687078,35.618255],[139.689158,35.619291]]]},"properties":{}},"extra":false},
    {"code":2600106,"id":5049,"name":"都立大学","original_name":"都立大学","name_kana":"とりつだいがく","closed":false,"lat":35.617835,"lng":139.676393,"prefecture":13,"numbering":["TY06"],"lines":[26001],"attr":"heat","postal_code":"152-0031","address":"目黒区中根１-５-１","voronoi":{"type":"Feature","geometry":{"type":"Polygon","coordinates":[[[139.687078,35.618255],[139.673135,35.629494],[139.6627,35.619689],[139.674413,35.611157],[139.681659,35.613111],[139.686963,35.617974],[139.687078,35.618255]]]},"properties":{}},"extra":false},
    {"code":2600107,"id":5050,"name":"自由が丘","original_name":"自由が丘","name_kana":"じゆうがおか","closed":false,"lat":35.607224,"lng":139.668664,"prefecture":13,"numbering":["TY07"],"lines":[26001,26004],"attr":"heat","postal_code":"152-0035","address":"目黒区自由が丘１-３０-１","voronoi":{"type":"Feature","geometry":{"type":"Polygon","coordinates":[[[139.6627,35.619689],[139.661676,35.619417],[139.66579,35.602298],[139.66741,35.602095],[139.674312,35.609869],[139.674413,35.611157],[139.6627,35.619689]]]},"properties":{}},"extra":false},
    {"code":2600108,"id":5051,"name":"田園調布","original_name":"田園調布","name_kana":"でんえんちょうふ","closed":false,"lat":35.596815,"lng":139.667356,"prefecture":13,"numbering":["TY08"],"lines":[26001,26002],"attr":"eco","postal_code":"145-0071","address":"大田区田園調布３-２５-１８","voronoi":{"type":"Feature","geometry":{"type":"Polygon","coordinates":[[[139.66579,35.602298],[139.654728,35.594079],[139.653434,35.59236],[139.657132,35.591139],[139.674199,35.594369],[139.67503,35.596754],[139.66741,35.602095],[139.66579,35.602298]]]},"properties":{}},"extra":false},
    {"code":2600109,"id":5052,"name":"多摩川","original_name":"多摩川","name_kana":"たまがわ","closed":false,"lat":35.589591,"lng":139.668723,"prefecture":13,"numbering":["TY09"],"lines":[26001,26002,26006],"attr":"eco","postal_code":"145-0071","address":"大田区田園調布１-５３-８","voronoi":{"type":"Feature","geometry":{"type":"Polygon","coordinates":[[[139.657132,35.591139],[139.674199,35.594369],[139.675297,35.588824],[139.667227,35.583641],[139.657132,35.591139]]]},"properties":{}},"extra":false},
    {"code":2600110,"id":5053,"name":"新丸子","original_name":"新丸子","name_kana":"しんまるこ","closed":false,"lat":35.58049,"lng":139.661964,"prefecture":14,"numbering":["TY10"],"lines":[26001,26002],"attr":"heat","postal_code":"211-0005","address":"川崎市中原区新丸子町７６６","voronoi":{"type":"Feature","geometry":{"type":"Polygon","coordinates":[[[139.651446,35.584333],[139.664271,35.576456],[139.668049,35.579085],[139.667227,35.583641],[139.657132,35.591139],[139.653434,35.59236],[139.651802,35.591861],[139.651446,35.584333]]]},"properties":{}},"extra":false},
    {"code":1130307,"id":1310,"name":"武蔵小杉","original_name":"武蔵小杉","name_kana":"むさしこすぎ","closed":false,"lat":35.57669,"lng":139.65963,"prefecture":14,"numbering":["TY11"],"lines":[11303,11308,11328,11333,26001,26002],"attr":"cool","postal_code":"211-0063","address":"川崎市中原区小杉町三丁目492","open_date":"1944-04-01","voronoi":{"type":"Feature","geometry":{"type":"Polygon","coordinates":[[[139.649049,35.574851],[139.660821,35.569537],[139.664271,35.576456],[139.651446,35.584333],[139.649049,35.574851]]]},"properties":{}},"extra":false},
    {"code":2600112,"id":5054,"name":"元住吉","original_name":"元住吉","name_kana":"もとすみよし","closed":false,"lat":35.565698,"lng":139.654668,"prefecture":14,"numbering":["TY12"],"lines":[26001,26002],"attr":"heat","postal_code":"211-0025","address":"川崎市中原区木月６７９","voronoi":{"type":"Feature","geometry":{"type":"Polygon","coordinates":[[[139.66343,35.564971],[139.660821,35.569537],[139.649049,35.574851],[139.640047,35.566843],[139.659331,35.554218],[139.660502,35.555633],[139.66343,35.564971]]]},"properties":{}},"extra":false},
    {"code":2600113,"id":5055,"name":"日吉(神奈川)","original_name":"日吉","name_kana":"ひよし","closed":false,"lat":35.5539,"lng":139.646944,"prefecture":14,"numbering":["TY13"],"lines":[26001,26002,26009,99343],"attr":"eco","postal_code":"223-0061","address":"横浜市港北区日吉２-１-１","voronoi":{"type":"Feature","geometry":{"type":"Polygon","coordinates":[[[139.65768,35.535069],[139.64238,35.544788],[139.636039,35.565924],[139.640047,35.566843],[139.659331,35.554218],[139.65768,35.535069]]]},"properties":{}},"extra":false},
    {"code":2600114,"id":5056,"name":"綱島","original_name":"綱島","name_kana":"つなしま","closed":false,"lat":35.536906,"lng":139.63491,"prefecture":14,"numbering":["TY14"],"lines":[26001],"attr":"eco","postal_code":"223-0053","address":"横浜市港北区綱島西１-１-８","voronoi":{"type":"Feature","geometry":{"type":"Polygon","coordinates":[[[139.634651,35.52886],[139.623257,35.532876],[139.621734,35.536656],[139.626839,35.542622],[139.6362,35.5436],[139.634651,35.52886]]]},"properties":{}},"extra":false},
    {"code":2600115,"id":5057,"name":"大倉山(神奈川)","original_name":"大倉山","name_kana":"おおくらやま","closed":false,"lat":35.52243,"lng":139.629808,"prefecture":14,"numbering":["TY15"],"lines":[26001],"attr":"eco","postal_code":"222-0037","address":"横浜市港北区大倉山一丁目1-1","voronoi":{"type":"Feature","geometry":{"type":"Polygon","coordinates":[[[139.654435,35.520228],[139.634651,35.52886],[139.623257,35.532876],[139.620686,35.524222],[139.622237,35.515883],[139.65337,35.516715],[139.654435,35.520228]]]},"properties":{}},"extra":false},
    {"code":1130603,"id":1371,"name":"菊名","original_name":"菊名","name_kana":"きくな","closed":false,"lat":35.509749,"lng":139.630147,"prefecture":14,"numbering":["TY16"],"lines":[11306,26001],"attr":"cool","postal_code":"222-0011","address":"横浜市港北区菊名７丁目","voronoi":{"type":"Feature","geometry":{"type":"Polygon","coordinates":[[[139.622237,35.515883],[139.622078,35.515593],[139.625085,35.502435],[139.645926,35.508224],[139.653322,35.515095],[139.65337,35.516715],[139.622237,35.515883]]]},"properties":{}},"extra":false},
    {"code":2600117,"id":5058,"name":"妙蓮寺","original_name":"妙蓮寺","name_kana":"みょうれんじ","closed":false,"lat":35.498779,"lng":139.633194,"prefecture":14,"numbering":["TY17"],"lines":[26001],"attr":"cool","postal_code":"222-0011","address":"横浜市港北区菊名１-１-１","voronoi":{"type":"Feature","geometry":{"type":"Polygon","coordinates":[[[139.63714,35.490358],[139.625153,35.49727],[139.624478,35.50124],[139.625085,35.502435],[139.645926,35.508224],[139.6372,35.490382],[139.63714,35.490358]]]},"properties":{}},"extra":false},
    {"code":2600118,"id":5059,"name":"白楽","original_name":"白楽","name_kana":"はくらく","closed":false,"lat":35.489555,"lng":139.627875,"prefecture":14,"numbering":["TY18"],"lines":[26001],"attr":"cool","postal_code":"221-0065","address":"横浜市神奈川区白楽１００","voronoi":{"type":"Feature","geometry":{"type":"Polygon","coordinates":[[[139.635809,35.488314],[139.619974,35.484405],[139.618389,35.485992],[139.625153,35.49727],[139.63714,35.490358],[139.635809,35.488314]]]},"properties":{}},"extra":false},
    {"code":2600119,"id":5060,"name":"東白楽","original_name":"東白楽","name_kana":"ひがしはくらく","closed":false,"lat":35.483523,"lng":139.629364,"prefecture":14,"numbering":["TY19"],"lines":[26001],"attr":"cool","postal_code":"221-0065","address":"横浜市神奈川区白楽１２-１","voronoi":{"type":"Feature","geometry":{"type":"Polygon","coordinates":[[[139.635809,35.488314],[139.619974,35.484405],[139.621143,35.481978],[139.628503,35.478603],[139.634914,35.483399],[139.635809,35.488314]]]},"properties":{}},"extra":false},
    {"code":2600120,"id":5061,"name":"反町","original_name":"反町","name_kana":"たんまち","closed":false,"lat":35.47474,"lng":139.625337,"prefecture":14,"numbering":["TY20"],"lines":[26001],"attr":"cool","postal_code":"221-0825","address":"横浜市神奈川区反町１-１","voronoi":{"type":"Feature","geometry":{"type":"Polygon","coordinates":[[[139.622707,35.470872],[139.619443,35.471878],[139.621143,35.481978],[139.628503,35.478603],[139.629915,35.475125],[139.622707,35.470872]]]},"properties":{}},"extra":false},
    {"code":1130105,"id":1262,"name":"横浜","original_name":"横浜","name_kana":"よこはま","closed":false,"lat":35.466195,"lng":139.622704,"prefecture":14,"numbering":["TY21"],"lines":[11301,11307,11308,11328,11332,11333,26001,27001,29001,99310,99316],"attr":"cool","postal_code":"220-0011","address":"横浜市西区高島２丁目","voronoi":{"type":"Feature","geometry":{"type":"Polygon","coordinates":[[[139.614755,35.468292],[139.621,35.462082],[139.622626,35.462303],[139.627428,35.466566],[139.622707,35.470872],[139.619443,35.471878],[139.614755,35.468292]]]},"properties":{}},"extra":false},
    {"code":9931614,"id":6796,"name":"高島町","original_name":"高島町","name_kana":"たかしまちょう","closed":false,"lat":35.458575,"lng":139.623743,"prefecture":14,"lines":[26001,99316],"attr":"eco","postal_code":"220-0022","address":"横浜市西区花咲町７-４１","voronoi":{"type":"Feature","geometry":{"type":"Polygon","coordinates":[[[139.62788,35.455387],[139.624281,35.451945],[139.620487,35.460108],[139.621,35.462082],[139.622626,35.462303],[139.628036,35.457846],[139.62788,35.455387]]]},"properties":{}},"extra":false},
    {"code":1130702,"id":1389,"name":"桜木町","original_name":"桜木町","name_kana":"さくらぎちょう","closed":false,"lat":35.451112,"lng":139.630881,"prefecture":14,"lines":[11307,26001,99316],"attr":"cool","postal_code":"231-0062","address":"横浜市中区桜木町１丁目","voronoi":{"type":"Feature","geometry":{"type":"Polygon","coordinates":[[[139.634155,35.454021],[139.62788,35.455387],[139.624281,35.451945],[139.624192,35.451761],[139.631838,35.446034],[139.632654,35.446221],[139.632726,35.446277],[139.634155,35.454021]]]},"properties":{}},"extra":false}
  ],
  "extra":false
}