{
  "code":26003,
  "id":"63dcc7",
  "name":"東急田園都市線",
  "name_kana":"とうきゅうでんえんとしせん",
  "station_size":27,
  "company_code":16,
  "closed":false,
  "color":"#38B48B",
  "symbol":"DT",
  "station_list":[
    {"code":1130205,"id":"8e9a53","name":"渋谷","original_name":"渋谷","name_kana":"しぶや","closed":false,"lat":35.658871,"lng":139.701238,"prefecture":13,"numbering":["DT01"],"lines":[11302,11321,11328,11333,24006,26001,26003,28001,28008,28010],"attr":"cool","postal_code":"150-0043","address":"東京都渋谷区道玄坂一丁目1-1","open_date":"1885-03-01","voronoi":{"type":"Feature","geometry":{"type":"Polygon","coordinates":[[[139.696334,35.6654],[139.695946,35.664944],[139.698522,35.652816],[139.708288,35.654687],[139.710216,35.656084],[139.706239,35.662992],[139.698065,35.665201],[139.696334,35.6654]]]},"properties":{}},"extra":false},
    {"code":2600302,"id":"0e95cd","name":"池尻大橋","original_name":"池尻大橋","name_kana":"いけじりおおはし","closed":false,"lat":35.650603,"lng":139.684319,"prefecture":13,"numbering":["DT02"],"lines":[26003],"attr":"cool","postal_code":"154-0001","address":"世田谷区池尻３-２","voronoi":{"type":"Feature","geometry":{"type":"Polygon","coordinates":[[[139.678096,35.654633],[139.675179,35.651394],[139.680476,35.640499],[139.690579,35.645339],[139.692375,35.649146],[139.68843,35.654647],[139.678096,35.654633]]]},"properties":{}},"extra":false},
    {"code":2600303,"id":"ad40c9","name":"三軒茶屋","original_name":"三軒茶屋","name_kana":"さんげんぢゃや","closed":false,"lat":35.643716,"lng":139.670156,"prefecture":13,"numbering":["DT03"],"lines":[26003,26007],"attr":"cool","postal_code":"154-0004","address":"世田谷区太子堂４-２１-１","voronoi":{"type":"Feature","geometry":{"type":"Polygon","coordinates":[[[139.679804,35.638386],[139.673675,35.632202],[139.66688,35.637808],[139.670085,35.652396],[139.675179,35.651394],[139.680476,35.640499],[139.679804,35.638386]]]},"properties":{}},"extra":false},
    {"code":2600304,"id":"17af71","name":"駒沢大学","original_name":"駒沢大学","name_kana":"こまざわだいがく","closed":false,"lat":35.633471,"lng":139.661702,"prefecture":13,"numbering":["DT04"],"lines":[26003],"attr":"cool","postal_code":"154-0011","address":"世田谷区上馬４-３","voronoi":{"type":"Feature","geometry":{"type":"Polygon","coordinates":[[[139.661995,35.639873],[139.659833,35.639562],[139.653791,35.635818],[139.652985,35.63496],[139.654452,35.621206],[139.660389,35.61945],[139.661676,35.619417],[139.6627,35.619689],[139.673135,35.629494],[139.673675,35.632202],[139.66688,35.637808],[139.661995,35.639873]]]},"properties":{}},"extra":false},
    {"code":2600305,"id":"c81211","name":"桜新町","original_name":"桜新町","name_kana":"さくらしんまち","closed":false,"lat":35.631666,"lng":139.644779,"prefecture":13,"numbering":["DT05"],"lines":[26003],"attr":"cool","postal_code":"154-0015","address":"世田谷区桜新町２-８","voronoi":{"type":"Feature","geometry":{"type":"Polygon","coordinates":[[[139.652985,35.63496],[139.648486,35.637292],[139.635165,35.638955],[139.634685,35.638737],[139.643009,35.621466],[139.647403,35.620159],[139.65406,35.621062],[139.654452,35.621206],[139.652985,35.63496]]]},"properties":{}},"extra":false},
    {"code":2600306,"id":"1387c8","name":"用賀","original_name":"用賀","name_kana":"ようが","closed":false,"lat":35.626436,"lng":139.633928,"prefecture":13,"numbering":["DT06"],"lines":[26003],"attr":"cool","postal_code":"158-0097","address":"世田谷区用賀２-３９","voronoi":{"type":"Feature","geometry":{"type":"Polygon","coordinates":[[[139.615855,35.626258],[139.620688,35.633239],[139.63335,35.638849],[139.634685,35.638737],[139.643009,35.621466],[139.632717,35.61792],[139.615855,35.626258]]]},"properties":{}},"extra":false},
    {"code":2600307,"id":"ece4b8","name":"二子玉川","original_name":"二子玉川","name_kana":"ふたこたまがわ","closed":false,"lat":35.611788,"lng":139.626685,"prefecture":13,"numbering":["DT07"],"lines":[26003,26004],"attr":"cool","postal_code":"158-0094","address":"世田谷区玉川２-２２-１３","voronoi":{"type":"Feature","geometry":{"type":"Polygon","coordinates":[[[139.632941,35.601748],[139.609661,35.622857],[139.609768,35.622962],[139.615855,35.626258],[139.632717,35.61792],[139.632941,35.601748]]]},"properties":{}},"extra":false},
    {"code":2600308,"id":"1d14c9","name":"二子新地","original_name":"二子新地","name_kana":"ふたこしんち","closed":false,"lat":35.606994,"lng":139.622338,"prefecture":14,"numbering":["DT08"],"lines":[26003,26004],"attr":"cool","postal_code":"213-0002","address":"川崎市高津区二子２-２-１","voronoi":{"type":"Feature","geometry":{"type":"Polygon","coordinates":[[[139.632941,35.601748],[139.609661,35.622857],[139.609108,35.622467],[139.609429,35.619846],[139.625287,35.596968],[139.633486,35.599926],[139.632941,35.601748]]]},"properties":{}},"extra":false},
    {"code":2600309,"id":"cced91","name":"高津(神奈川)","original_name":"高津","name_kana":"たかつ","closed":false,"lat":35.603248,"lng":139.616934,"prefecture":14,"numbering":["DT09"],"lines":[26003,26004],"attr":"cool","postal_code":"213-0002","address":"川崎市高津区二子４-１-１","voronoi":{"type":"Feature","geometry":{"type":"Polygon","coordinates":[[[139.625287,35.596968],[139.620383,35.593112],[139.613513,35.601917],[139.608882,35.610679],[139.609429,35.619846],[139.625287,35.596968]]]},"properties":{}},"extra":false},
    {"code":2600310,"id":"c19154","name":"溝の口","original_name":"溝の口","name_kana":"みぞのくち","closed":false,"lat":35.59984,"lng":139.610487,"prefecture":14,"numbering":["DT10"],"lines":[26003,26004],"attr":"cool","postal_code":"213-0001","address":"川崎市高津区溝口２-１-１","voronoi":{"type":"Feature","geometry":{"type":"Polygon","coordinates":[[[139.604343,35.599911],[139.608882,35.610679],[139.613513,35.601917],[139.608316,35.596799],[139.604343,35.599911]]]},"properties":{}},"extra":false},
    {"code":2600311,"id":"64f61c","name":"梶が谷","original_name":"梶が谷","name_kana":"かじがや","closed":false,"lat":35.593963,"lng":139.605885,"prefecture":14,"numbering":["DT11"],"lines":[26003],"attr":"cool","postal_code":"213-0013","address":"川崎市高津区末長字姿見台８５","voronoi":{"type":"Feature","geometry":{"type":"Polygon","coordinates":[[[139.616748,35.587441],[139.612936,35.573834],[139.607462,35.574043],[139.605962,35.574665],[139.596393,35.595368],[139.604343,35.599911],[139.608316,35.596799],[139.616748,35.587441]]]},"properties":{}},"extra":false},
    {"code":2600312,"id":"c3b0c4","name":"宮崎台","original_name":"宮崎台","name_kana":"みやざきだい","closed":false,"lat":35.587228,"lng":139.591313,"prefecture":14,"numbering":["DT12"],"lines":[26003],"attr":"cool","postal_code":"216-0033","address":"川崎市宮前区宮崎２-１０-１２","voronoi":{"type":"Feature","geometry":{"type":"Polygon","coordinates":[[[139.596393,35.595368],[139.605962,35.574665],[139.589581,35.574073],[139.58342,35.599316],[139.58936,35.598956],[139.596393,35.595368]]]},"properties":{}},"extra":false},
    {"code":2600313,"id":"6d258f","name":"宮前平","original_name":"宮前平","name_kana":"みやまえだいら","closed":false,"lat":35.584951,"lng":139.581983,"prefecture":14,"numbering":["DT13"],"lines":[26003],"attr":"cool","postal_code":"216-0000","address":"川崎市宮前区宮前１-１１-１","voronoi":{"type":"Feature","geometry":{"type":"Polygon","coordinates":[[[139.568121,35.598319],[139.570029,35.599338],[139.581259,35.600228],[139.58342,35.599316],[139.589581,35.574073],[139.58399,35.571667],[139.568121,35.598319]]]},"properties":{}},"extra":false},
    {"code":2600314,"id":"9aa1b8","name":"鷺沼","original_name":"鷺沼","name_kana":"さぎぬま","closed":false,"lat":35.579762,"lng":139.573268,"prefecture":14,"numbering":["DT14"],"lines":[26003],"attr":"cool","postal_code":"216-0004","address":"川崎市宮前区鷺沼３-１-１","voronoi":{"type":"Feature","geometry":{"type":"Polygon","coordinates":[[[139.568121,35.598319],[139.562936,35.597137],[139.566845,35.572328],[139.581668,35.569307],[139.58399,35.571667],[139.568121,35.598319]]]},"properties":{}},"extra":false},
    {"code":2600315,"id":"346cec","name":"たまプラーザ","original_name":"たまプラーザ","name_kana":"たまぷらーざ","closed":false,"lat":35.577427,"lng":139.558447,"prefecture":14,"numbering":["DT15"],"lines":[26003],"attr":"cool","postal_code":"225-0002","address":"横浜市青葉区美しが丘１-３","voronoi":{"type":"Feature","geometry":{"type":"Polygon","coordinates":[[[139.535375,35.589687],[139.555186,35.598357],[139.562936,35.597137],[139.566845,35.572328],[139.562809,35.569145],[139.532253,35.58649],[139.533483,35.588137],[139.535375,35.589687]]]},"properties":{}},"extra":false},
    {"code":2600316,"id":"205bc2","name":"あざみ野","original_name":"あざみ野","name_kana":"あざみの","closed":false,"lat":35.568645,"lng":139.553462,"prefecture":14,"numbering":["DT16"],"lines":[26003,99316],"attr":"eco","postal_code":"225-0011","address":"横浜市青葉区あざみ野２-１-１","voronoi":{"type":"Feature","geometry":{"type":"Polygon","coordinates":[[[139.52442,35.576141],[139.53838,35.566408],[139.560377,35.562121],[139.562809,35.569145],[139.532253,35.58649],[139.527213,35.58183],[139.52592,35.580139],[139.52442,35.576141]]]},"properties":{}},"extra":false},
    {"code":2600317,"id":"384eed","name":"江田(神奈川)","original_name":"江田","name_kana":"えだ","closed":false,"lat":35.558671,"lng":139.551518,"prefecture":14,"numbering":["DT17"],"lines":[26003],"attr":"eco","postal_code":"225-0013","address":"横浜市青葉区荏田町２３６０","voronoi":{"type":"Feature","geometry":{"type":"Polygon","coordinates":[[[139.562784,35.551866],[139.560377,35.562121],[139.53838,35.566408],[139.552961,35.546078],[139.561682,35.549963],[139.562784,35.551866]]]},"properties":{}},"extra":false},
    {"code":2600318,"id":"50c2be","name":"市が尾","original_name":"市が尾","name_kana":"いちがお","closed":false,"lat":35.551483,"lng":139.541496,"prefecture":14,"numbering":["DT18"],"lines":[26003],"attr":"eco","postal_code":"225-0024","address":"横浜市青葉区市ケ尾町１１５６-１","voronoi":{"type":"Feature","geometry":{"type":"Polygon","coordinates":[[[139.53838,35.566408],[139.52442,35.576141],[139.520632,35.57178],[139.520889,35.571062],[139.539974,35.538162],[139.54915,35.540996],[139.552961,35.546078],[139.53838,35.566408]]]},"properties":{}},"extra":false},
    {"code":2600319,"id":"646e62","name":"藤が丘(神奈川)","original_name":"藤が丘","name_kana":"ふじがおか","closed":false,"lat":35.543454,"lng":139.527655,"prefecture":14,"numbering":["DT19"],"lines":[26003],"attr":"eco","postal_code":"227-0043","address":"横浜市青葉区藤が丘２-５-４","voronoi":{"type":"Feature","geometry":{"type":"Polygon","coordinates":[[[139.523031,35.534307],[139.520889,35.571062],[139.539974,35.538162],[139.533196,35.528899],[139.532181,35.528474],[139.523031,35.534307]]]},"properties":{}},"extra":false},
    {"code":2600320,"id":"96df8e","name":"青葉台","original_name":"青葉台","name_kana":"あおばだい","closed":false,"lat":35.542855,"lng":139.517376,"prefecture":14,"numbering":["DT20"],"lines":[26003],"attr":"eco","postal_code":"227-0062","address":"横浜市青葉区青葉台１-７-３","voronoi":{"type":"Feature","geometry":{"type":"Polygon","coordinates":[[[139.520632,35.57178],[139.510427,35.567466],[139.506345,35.559203],[139.505399,35.550292],[139.513685,35.534693],[139.523031,35.534307],[139.520889,35.571062],[139.520632,35.57178]]]},"properties":{}},"extra":false},
    {"code":2600321,"id":"71db08","name":"田奈","original_name":"田奈","name_kana":"たな","closed":false,"lat":35.536204,"lng":139.504855,"prefecture":14,"numbering":["DT21"],"lines":[26003],"attr":"eco","postal_code":"227-0064","address":"横浜市青葉区田奈町３９８７","voronoi":{"type":"Feature","geometry":{"type":"Polygon","coordinates":[[[139.504354,35.523594],[139.497377,35.53935],[139.505399,35.550292],[139.513685,35.534693],[139.504354,35.523594]]]},"properties":{}},"extra":false},
    {"code":1130609,"id":"15eb4a","name":"長津田","original_name":"長津田","name_kana":"ながつた","closed":false,"lat":35.531698,"lng":139.49468,"prefecture":14,"numbering":["DT22"],"lines":[11306,26003,26008],"attr":"cool","postal_code":"226-0027","address":"横浜市緑区長津田４丁目","voronoi":{"type":"Feature","geometry":{"type":"Polygon","coordinates":[[[139.504354,35.523594],[139.501599,35.512456],[139.494693,35.518602],[139.486558,35.537354],[139.497377,35.53935],[139.504354,35.523594]]]},"properties":{}},"extra":false},
    {"code":2600323,"id":"391564","name":"つくし野","original_name":"つくし野","name_kana":"つくしの","closed":false,"lat":35.527559,"lng":139.485139,"prefecture":13,"numbering":["DT23"],"lines":[26003],"attr":"eco","postal_code":"194-0001","address":"町田市つくし野４-１","voronoi":{"type":"Feature","geometry":{"type":"Polygon","coordinates":[[[139.474934,35.525125],[139.483521,35.538534],[139.486558,35.537354],[139.494693,35.518602],[139.474934,35.525125]]]},"properties":{}},"extra":false},
    {"code":2600324,"id":"7e6d46","name":"すずかけ台","original_name":"すずかけ台","name_kana":"すずかけだい","closed":false,"lat":35.517094,"lng":139.481684,"prefecture":13,"numbering":["DT24"],"lines":[26003],"attr":"heat","postal_code":"194-0001","address":"町田市つくし野３-１","voronoi":{"type":"Feature","geometry":{"type":"Polygon","coordinates":[[[139.486072,35.493828],[139.471489,35.523468],[139.474934,35.525125],[139.494693,35.518602],[139.501599,35.512456],[139.505369,35.49805],[139.495884,35.494015],[139.486072,35.493828]]]},"properties":{}},"extra":false},
    {"code":2600325,"id":"734489","name":"南町田グランベリーパーク","original_name":"南町田グランベリーパーク","name_kana":"みなみまちだぐらんべりーぱーく","closed":false,"lat":35.511502,"lng":139.470318,"prefecture":13,"numbering":["DT25"],"lines":[26003],"attr":"heat","postal_code":"194-0004","address":"町田市鶴間３-３-２","voronoi":{"type":"Feature","geometry":{"type":"Polygon","coordinates":[[[139.463394,35.524334],[139.46571,35.496069],[139.472407,35.489752],[139.486072,35.493828],[139.471489,35.523468],[139.463394,35.524334]]]},"properties":{}},"extra":false},
    {"code":2600326,"id":"a716b5","name":"つきみ野","original_name":"つきみ野","name_kana":"つきみの","closed":false,"lat":35.510546,"lng":139.458651,"prefecture":14,"numbering":["DT26"],"lines":[26003],"attr":"heat","postal_code":"242-0002","address":"大和市つきみ野５-８-１","voronoi":{"type":"Feature","geometry":{"type":"Polygon","coordinates":[[[139.456683,35.528173],[139.463394,35.524334],[139.46571,35.496069],[139.459591,35.498544],[139.45232,35.503778],[139.449924,35.517832],[139.454746,35.527368],[139.456683,35.528173]]]},"properties":{}},"extra":false},
    {"code":2500203,"id":"f2c7c5","name":"中央林間","original_name":"中央林間","name_kana":"ちゅうおうりんかん","closed":false,"lat":35.508066,"lng":139.444105,"prefecture":14,"numbering":["DT27"],"lines":[25002,26003],"attr":"heat","postal_code":"242-0007","address":"大和市中央林間３-３-８","voronoi":{"type":"Feature","geometry":{"type":"Polygon","coordinates":[[[139.428365,35.496448],[139.433068,35.510776],[139.449924,35.517832],[139.45232,35.503778],[139.428365,35.496448]]]},"properties":{}},"extra":false}
  ],
  "extra":false
}