{
  "code":27003,
  "id":"c7fc45",
  "name":"京急大師線",
  "name_kana":"けいきゅうたいしせん",
  "station_size":8,
  "company_code":17,
  "closed":false,
  "color":"#00BFFF",
  "symbol":"KK",
  "station_list":[
    {"code":2700115,"id":"af8ad4","name":"京急川崎","original_name":"京急川崎","name_kana":"けいきゅうかわさき","closed":false,"lat":35.53285,"lng":139.700893,"prefecture":14,"numbering":["KK20"],"lines":[27001,27003],"attr":"cool","postal_code":"210-0006","address":"川崎市川崎区砂子１-３-１","voronoi":{"type":"Feature","geometry":{"type":"Polygon","coordinates":[[[139.693487,35.544707],[139.702243,35.525318],[139.707731,35.524737],[139.708411,35.524887],[139.706598,35.534672],[139.693826,35.545759],[139.693487,35.544707]]]},"properties":{}},"extra":false},
    {"code":2700302,"id":"800330","name":"港町","original_name":"港町","name_kana":"みなとちょう","closed":false,"lat":35.535014,"lng":139.712578,"prefecture":14,"numbering":["KK21"],"lines":[27003],"attr":"cool","postal_code":"210-0807","address":"川崎市川崎区港町１-１","voronoi":{"type":"Feature","geometry":{"type":"Polygon","coordinates":[[[139.716335,35.54195],[139.714981,35.542173],[139.706598,35.534672],[139.708411,35.524887],[139.714124,35.522761],[139.717129,35.522872],[139.716335,35.54195]]]},"properties":{}},"extra":false},
    {"code":2700303,"id":"87952b","name":"鈴木町","original_name":"鈴木町","name_kana":"すずきちょう","closed":false,"lat":35.53535,"lng":139.720655,"prefecture":14,"numbering":["KK22"],"lines":[27003],"attr":"heat","postal_code":"210-0801","address":"川崎市川崎区鈴木町２-２","voronoi":{"type":"Feature","geometry":{"type":"Polygon","coordinates":[[[139.72427,35.52132],[139.722692,35.544448],[139.716335,35.54195],[139.717129,35.522872],[139.723017,35.521177],[139.72427,35.52132]]]},"properties":{}},"extra":false},
    {"code":2700304,"id":"2f7309","name":"川崎大師","original_name":"川崎大師","name_kana":"かわさきだいし","closed":false,"lat":35.535711,"lng":139.725946,"prefecture":14,"numbering":["KK23"],"lines":[27003],"attr":"heat","postal_code":"210-0802","address":"川崎市川崎区大師駅前１-１８-１","voronoi":{"type":"Feature","geometry":{"type":"Polygon","coordinates":[[[139.72427,35.52132],[139.722692,35.544448],[139.724385,35.54577],[139.729233,35.544822],[139.731693,35.520793],[139.72427,35.52132]]]},"properties":{}},"extra":false},
    {"code":2700305,"id":"6780f7","name":"東門前","original_name":"東門前","name_kana":"ひがしもんぜん","closed":false,"lat":35.536566,"lng":139.734298,"prefecture":14,"numbering":["KK24"],"lines":[27003],"attr":"eco","postal_code":"210-0818","address":"川崎市川崎区中瀬３-２３-１０","voronoi":{"type":"Feature","geometry":{"type":"Polygon","coordinates":[[[139.731693,35.520793],[139.729233,35.544822],[139.732925,35.545785],[139.737282,35.544404],[139.73741,35.527086],[139.731862,35.520734],[139.731693,35.520793]]]},"properties":{}},"extra":false},
    {"code":2700306,"id":"fdfa84","name":"大師橋","original_name":"大師橋","name_kana":"たいしばし","closed":false,"lat":35.536611,"lng":139.740381,"prefecture":14,"numbering":["KK25"],"lines":[27003],"attr":"eco","postal_code":"210-0811","address":"川崎市川崎区大師河原２-４-２５","voronoi":{"type":"Feature","geometry":{"type":"Polygon","coordinates":[[[139.740966,35.544642],[139.737282,35.544404],[139.73741,35.527086],[139.742595,35.530216],[139.745685,35.542478],[139.740966,35.544642]]]},"properties":{}},"extra":false},
    {"code":2700307,"id":"478bff","name":"小島新田","original_name":"小島新田","name_kana":"こじましんでん","closed":false,"lat":35.534798,"lng":139.747575,"prefecture":14,"numbering":["KK26"],"lines":[27003],"attr":"eco","postal_code":"210-0822","address":"川崎市川崎区田町２-３-１５","voronoi":{"type":"Feature","geometry":{"type":"Polygon","coordinates":[[[139.749149,35.54268],[139.75812,35.538449],[139.760156,35.534497],[139.762434,35.52948],[139.742595,35.530216],[139.745685,35.542478],[139.749149,35.54268]]]},"properties":{}},"extra":false},
    {"code":2700308,"id":"d3fd56","name":"塩浜(神奈川)","original_name":"塩浜","name_kana":"しおはま","closed":true,"lat":35.525278,"lng":139.747222,"prefecture":14,"lines":[27003],"postal_code":"210-0826","address":"神奈川県川崎市川崎区塩浜３丁目２９","open_date":"1944-10-01","closed_date":"1970-11-20","voronoi":{"type":"Feature","geometry":{"type":"Polygon","coordinates":[[[139.811331,35.4327],[139.752573,35.494539],[139.731862,35.520734],[139.73741,35.527086],[139.742595,35.530216],[139.762434,35.52948],[139.77536,35.515122],[139.811718,35.43292],[139.811331,35.4327]]]},"properties":{}},"extra":true}
  ],
  "extra":false
}