{
  "code":27005,
  "id":"1965a8",
  "name":"京急久里浜線",
  "name_kana":"けいきゅうくりはません",
  "station_size":9,
  "company_code":17,
  "closed":false,
  "color":"#00BFFF",
  "symbol":"KK",
  "station_list":[
    {"code":2700147,"id":"88cb4c","name":"堀ノ内","original_name":"堀ノ内","name_kana":"ほりのうち","closed":false,"lat":35.26322,"lng":139.686932,"prefecture":14,"numbering":["KK61"],"lines":[27001,27005],"attr":"eco","postal_code":"238-0014","address":"横須賀市三春町３-４５","voronoi":{"type":"Feature","geometry":{"type":"Polygon","coordinates":[[[139.690931,35.261357],[139.68158,35.256494],[139.675578,35.256738],[139.698786,35.292022],[139.690931,35.261357]]]},"properties":{}},"extra":false},
    {"code":2700502,"id":"73be54","name":"新大津","original_name":"新大津","name_kana":"しんおおつ","closed":false,"lat":35.257013,"lng":139.69016,"prefecture":14,"numbering":["KK65"],"lines":[27005],"attr":"eco","postal_code":"239-0808","address":"横須賀市大津町４-７-１","voronoi":{"type":"Feature","geometry":{"type":"Polygon","coordinates":[[[139.68158,35.256494],[139.690931,35.261357],[139.700071,35.249695],[139.700444,35.247268],[139.700321,35.247214],[139.68158,35.256494]]]},"properties":{}},"extra":false},
    {"code":2700503,"id":"da55ce","name":"北久里浜","original_name":"北久里浜","name_kana":"きたくりはま","closed":false,"lat":35.249355,"lng":139.686368,"prefecture":14,"numbering":["KK66"],"lines":[27005],"attr":"eco","postal_code":"239-0807","address":"横須賀市根岸町２-２０６","voronoi":{"type":"Feature","geometry":{"type":"Polygon","coordinates":[[[139.682056,35.23092],[139.667088,35.231444],[139.674743,35.256356],[139.675578,35.256738],[139.68158,35.256494],[139.700321,35.247214],[139.682056,35.23092]]]},"properties":{}},"extra":false},
    {"code":2700504,"id":"951785","name":"京急久里浜","original_name":"京急久里浜","name_kana":"けいきゅうくりはま","closed":false,"lat":35.231332,"lng":139.702139,"prefecture":14,"numbering":["KK67"],"lines":[27005],"attr":"eco","postal_code":"239-0831","address":"横須賀市久里浜４-４-１０","voronoi":{"type":"Feature","geometry":{"type":"Polygon","coordinates":[[[139.762417,35.200299],[139.763654,35.204992],[139.711352,35.239307],[139.690654,35.224416],[139.7481,35.17308],[139.762417,35.200299]]]},"properties":{}},"extra":false},
    {"code":2700505,"id":"caa741","name":"ＹＲＰ野比","original_name":"ＹＲＰ野比","name_kana":"わいあーるぴーのび","closed":false,"lat":35.212229,"lng":139.685068,"prefecture":14,"numbering":["KK68"],"lines":[27005],"attr":"cool","postal_code":"239-0841","address":"横須賀市野比１-９-１","voronoi":{"type":"Feature","geometry":{"type":"Polygon","coordinates":[[[139.7481,35.17308],[139.690654,35.224416],[139.682056,35.23092],[139.667088,35.231444],[139.666059,35.230897],[139.728652,35.128692],[139.73221,35.123593],[139.7481,35.17308]]]},"properties":{}},"extra":false},
    {"code":2700506,"id":"1100fc","name":"京急長沢","original_name":"京急長沢","name_kana":"けいきゅうながさわ","closed":false,"lat":35.20548,"lng":139.674048,"prefecture":14,"numbering":["KK69"],"lines":[27005],"attr":"cool","postal_code":"239-0842","address":"横須賀市長沢１-３５-１","voronoi":{"type":"Feature","geometry":{"type":"Polygon","coordinates":[[[139.649646,35.226809],[139.666059,35.230897],[139.728652,35.128692],[139.649646,35.226809]]]},"properties":{}},"extra":false},
    {"code":2700507,"id":"9b5cb1","name":"津久井浜","original_name":"津久井浜","name_kana":"つくいはま","closed":false,"lat":35.198419,"lng":139.665279,"prefecture":14,"numbering":["KK70"],"lines":[27005],"attr":"cool","postal_code":"239-0843","address":"横須賀市津久井４-２-１","voronoi":{"type":"Feature","geometry":{"type":"Polygon","coordinates":[[[139.731747,35.121188],[139.727594,35.112916],[139.631707,35.225559],[139.649646,35.226809],[139.728652,35.128692],[139.73221,35.123593],[139.731747,35.121188]]]},"properties":{}},"extra":false},
    {"code":2700508,"id":"ac56dd","name":"三浦海岸","original_name":"三浦海岸","name_kana":"みうらかいがん","closed":false,"lat":35.188084,"lng":139.653138,"prefecture":14,"numbering":["KK71"],"lines":[27005],"attr":"heat","postal_code":"238-0101","address":"三浦市南下浦町上宮田１４９７","voronoi":{"type":"Feature","geometry":{"type":"Polygon","coordinates":[[[139.631707,35.225559],[139.619758,35.226954],[139.70555,35.065169],[139.710762,35.071951],[139.727594,35.112916],[139.631707,35.225559]]]},"properties":{}},"extra":false},
    {"code":2700509,"id":"a471d4","name":"三崎口","original_name":"三崎口","name_kana":"みさきぐち","closed":false,"lat":35.177515,"lng":139.633207,"prefecture":14,"numbering":["KK72"],"lines":[27005],"attr":"heat","postal_code":"238-0111","address":"三浦市初声町下宮田４９５","voronoi":{"type":"Feature","geometry":{"type":"Polygon","coordinates":[[[139.388796,35.0424],[139.395251,35.057832],[139.466286,35.138805],[139.496217,35.169544],[139.534676,35.203191],[139.601396,35.233412],[139.619758,35.226954],[139.70555,35.065169],[139.600461,34.901503],[139.515422,34.794426],[139.41743,34.978175],[139.388796,35.0424]]]},"properties":{}},"extra":false}
  ],
  "extra":false
}