{
  "code":27002,
  "id":265,
  "name":"京急空港線",
  "name_kana":"けいきゅうくうこうせん",
  "station_size":7,
  "company_code":17,
  "closed":false,
  "color":"#00BFFF",
  "symbol":"KK",
  "station_list":[
    {"code":2700112,"id":5141,"name":"京急蒲田","original_name":"京急蒲田","name_kana":"けいきゅうかまた","closed":false,"lat":35.560796,"lng":139.723681,"prefecture":13,"numbering":["KK11"],"lines":[27001,27002],"attr":"cool","postal_code":"144-0052","address":"大田区蒲田４-５０-１０","voronoi":{"type":"Feature","geometry":{"type":"Polygon","coordinates":[[[139.721952,35.553216],[139.718556,35.555877],[139.721163,35.567464],[139.729994,35.560801],[139.721952,35.553216]]]},"properties":{}},"extra":false},
    {"code":2700202,"id":5178,"name":"糀谷","original_name":"糀谷","name_kana":"こうじや","closed":false,"lat":35.5545,"lng":139.72962,"prefecture":13,"numbering":["KK12"],"lines":[27002],"attr":"eco","postal_code":"144-0034","address":"大田区西糀谷４-１３-１７","voronoi":{"type":"Feature","geometry":{"type":"Polygon","coordinates":[[[139.736097,35.561469],[139.732925,35.545785],[139.729233,35.544822],[139.724385,35.54577],[139.721952,35.553216],[139.729994,35.560801],[139.736097,35.561469]]]},"properties":{}},"extra":false},
    {"code":2700203,"id":5179,"name":"大鳥居","original_name":"大鳥居","name_kana":"おおとりい","closed":false,"lat":35.552531,"lng":139.739356,"prefecture":13,"numbering":["KK13"],"lines":[27002],"attr":"eco","postal_code":"144-0034","address":"大田区西糀谷３-３７-１８","voronoi":{"type":"Feature","geometry":{"type":"Polygon","coordinates":[[[139.74024,35.564156],[139.744958,35.561407],[139.745362,35.559222],[139.740966,35.544642],[139.737282,35.544404],[139.732925,35.545785],[139.736097,35.561469],[139.738963,35.563686],[139.74024,35.564156]]]},"properties":{}},"extra":false},
    {"code":2700204,"id":5180,"name":"穴守稲荷","original_name":"穴守稲荷","name_kana":"あなもりいなり","closed":false,"lat":35.550326,"lng":139.746669,"prefecture":13,"numbering":["KK14"],"lines":[27002],"attr":"heat","postal_code":"144-0043","address":"大田区羽田４-６-１１","voronoi":{"type":"Feature","geometry":{"type":"Polygon","coordinates":[[[139.745362,35.559222],[139.740966,35.544642],[139.745685,35.542478],[139.749149,35.54268],[139.750822,35.551603],[139.745362,35.559222]]]},"properties":{}},"extra":false},
    {"code":2700205,"id":5181,"name":"天空橋","original_name":"天空橋","name_kana":"てんくうばし","closed":false,"lat":35.548908,"lng":139.75423,"prefecture":13,"numbering":["KK15"],"lines":[27002,99336],"attr":"heat","postal_code":"144-0041","address":"大田区羽田空港１-１-２","voronoi":{"type":"Feature","geometry":{"type":"Polygon","coordinates":[[[139.749149,35.54268],[139.75812,35.538449],[139.762674,35.55325],[139.750822,35.551603],[139.749149,35.54268]]]},"properties":{}},"extra":false},
    {"code":2700207,"id":9123,"name":"羽田空港第３ターミナル(京浜急行電鉄)","original_name":"羽田空港第３ターミナル","name_kana":"はねだくうこうだいさんたーみなる","closed":false,"lat":35.544913,"lng":139.767217,"prefecture":13,"numbering":["KK16"],"lines":[27002],"attr":"cool","postal_code":"144-0041","address":"東京都大田区羽田空港二丁目6番5号","open_date":"2010-10-21","voronoi":{"type":"Feature","geometry":{"type":"Polygon","coordinates":[[[139.75812,35.538449],[139.760156,35.534497],[139.774382,35.553408],[139.771502,35.565224],[139.762674,35.55325],[139.75812,35.538449]]]},"properties":{}},"extra":false},
    {"code":2700206,"id":5182,"name":"羽田空港第１・第２ターミナル","original_name":"羽田空港第１・第２ターミナル","name_kana":"はねだくうこうだいいち・だいにたーみなる","closed":false,"lat":35.549809,"lng":139.785962,"prefecture":13,"numbering":["KK17"],"lines":[27002],"attr":"cool","postal_code":"144-0041","address":"大田区羽田空港３-３-４","voronoi":{"type":"Feature","geometry":{"type":"Polygon","coordinates":[[[139.786856,35.546347],[139.77445,35.571487],[139.776006,35.574179],[139.788674,35.546558],[139.786856,35.546347]]]},"properties":{}},"extra":false}
  ],
  "extra":false
}