{
  "code":28005,
  "id":273,
  "name":"東京メトロ千代田線",
  "name_kana":"とうきょうめとろちよだせん",
  "station_size":20,
  "company_code":18,
  "closed":false,
  "color":"#009944",
  "symbol":"C",
  "station_list":[
    {"code":2800501,"id":5262,"name":"北綾瀬","original_name":"北綾瀬","name_kana":"きたあやせ","closed":false,"lat":35.777117,"lng":139.832035,"prefecture":13,"numbering":["C20"],"lines":[28005],"attr":"eco","postal_code":"120-0006","address":"足立区谷中２丁目","voronoi":{"type":"Feature","geometry":{"type":"Polygon","coordinates":[[[139.850472,35.787474],[139.836416,35.793401],[139.824586,35.777993],[139.828359,35.769748],[139.835953,35.766172],[139.850472,35.787474]]]},"properties":{}},"extra":false},
    {"code":1132006,"id":1621,"name":"綾瀬","original_name":"綾瀬","name_kana":"あやせ","closed":false,"lat":35.762222,"lng":139.825019,"prefecture":13,"numbering":["C19"],"lines":[11320,28005],"attr":"eco","postal_code":"120-0005","address":"足立区綾瀬３丁目","voronoi":{"type":"Feature","geometry":{"type":"Polygon","coordinates":[[[139.837186,35.759712],[139.833757,35.756231],[139.820731,35.753973],[139.817911,35.764678],[139.828359,35.769748],[139.835953,35.766172],[139.837186,35.759712]]]},"properties":{}},"extra":false},
    {"code":1132005,"id":1620,"name":"北千住","original_name":"北千住","name_kana":"きたせんじゅ","closed":false,"lat":35.749677,"lng":139.804872,"prefecture":13,"numbering":["C18"],"lines":[11320,21002,28003,28005,99309],"attr":"cool","postal_code":"120-0026","address":"足立区千住旭町","voronoi":{"type":"Feature","geometry":{"type":"Polygon","coordinates":[[[139.79368,35.7587],[139.798792,35.760262],[139.803745,35.7588],[139.811828,35.751839],[139.808969,35.747964],[139.799459,35.747635],[139.798004,35.749229],[139.79368,35.7587]]]},"properties":{}},"extra":false},
    {"code":2300104,"id":4859,"name":"町屋","original_name":"町屋","name_kana":"まちや","closed":false,"lat":35.742354,"lng":139.781499,"prefecture":13,"numbering":["C17"],"lines":[23001,28005],"attr":"heat","postal_code":"116-0001","address":"荒川区町屋１丁目","voronoi":{"type":"Feature","geometry":{"type":"Polygon","coordinates":[[[139.777927,35.739364],[139.778761,35.738138],[139.779777,35.737643],[139.782527,35.74],[139.783117,35.744157],[139.77799,35.739574],[139.777927,35.739364]]]},"properties":{}},"extra":false},
    {"code":1130217,"id":1295,"name":"西日暮里","original_name":"西日暮里","name_kana":"にしにっぽり","closed":false,"lat":35.731954,"lng":139.766857,"prefecture":13,"numbering":["C16"],"lines":[11302,11332,28005,99342],"attr":"heat","postal_code":"116-0013","address":"東京都荒川区西日暮里五丁目22-1","open_date":"1971-04-20","voronoi":{"type":"Feature","geometry":{"type":"Polygon","coordinates":[[[139.76845,35.737097],[139.766716,35.737449],[139.760417,35.731366],[139.766993,35.727655],[139.771666,35.732771],[139.76845,35.737097]]]},"properties":{}},"extra":false},
    {"code":2800506,"id":5263,"name":"千駄木","original_name":"千駄木","name_kana":"せんだぎ","closed":false,"lat":35.725549,"lng":139.763243,"prefecture":13,"numbering":["C15"],"lines":[28005],"attr":"eco","postal_code":"113-0022","address":"文京区千駄木２丁目","voronoi":{"type":"Feature","geometry":{"type":"Polygon","coordinates":[[[139.761938,35.720731],[139.758844,35.722771],[139.757639,35.730908],[139.760417,35.731366],[139.766993,35.727655],[139.768458,35.722661],[139.761938,35.720731]]]},"properties":{}},"extra":false},
    {"code":2800507,"id":5264,"name":"根津","original_name":"根津","name_kana":"ねづ","closed":false,"lat":35.7174,"lng":139.765655,"prefecture":13,"numbering":["C14"],"lines":[28005],"attr":"eco","postal_code":"113-0031","address":"文京区根津１丁目","voronoi":{"type":"Feature","geometry":{"type":"Polygon","coordinates":[[[139.761691,35.712621],[139.764206,35.711275],[139.767581,35.715711],[139.769196,35.720335],[139.768862,35.722444],[139.768458,35.722661],[139.761938,35.720731],[139.761691,35.712621]]]},"properties":{}},"extra":false},
    {"code":2800508,"id":5265,"name":"湯島","original_name":"湯島","name_kana":"ゆしま","closed":false,"lat":35.708243,"lng":139.769916,"prefecture":13,"numbering":["C13"],"lines":[28005],"attr":"eco","postal_code":"113-0034","address":"文京区湯島３丁目","voronoi":{"type":"Feature","geometry":{"type":"Polygon","coordinates":[[[139.770958,35.705657],[139.766855,35.704258],[139.765275,35.705165],[139.764343,35.711099],[139.77047,35.711295],[139.771736,35.709747],[139.770958,35.705657]]]},"properties":{}},"extra":false},
    {"code":2800509,"id":5266,"name":"新御茶ノ水","original_name":"新御茶ノ水","name_kana":"しんおちゃのみず","closed":false,"lat":35.698072,"lng":139.766014,"prefecture":13,"numbering":["C12"],"lines":[28005],"attr":"eco","postal_code":"101-0062","address":"千代田区神田駿河台３丁目","voronoi":{"type":"Feature","geometry":{"type":"Polygon","coordinates":[[[139.762222,35.695374],[139.761963,35.696406],[139.767153,35.699991],[139.7674,35.696909],[139.762222,35.695374]]]},"properties":{}},"extra":false},
    {"code":2800208,"id":5219,"name":"大手町(東京)","original_name":"大手町","name_kana":"おおてまち","closed":false,"lat":35.686564,"lng":139.7662,"prefecture":13,"numbering":["C11"],"lines":[28002,28004,28005,28008,99303],"attr":"heat","postal_code":"100-0004","address":"千代田区大手町１丁目","voronoi":{"type":"Feature","geometry":{"type":"Polygon","coordinates":[[[139.763811,35.684021],[139.760591,35.686513],[139.762628,35.691176],[139.765623,35.690942],[139.766387,35.690828],[139.769834,35.687507],[139.770063,35.684655],[139.769608,35.683913],[139.763811,35.684021]]]},"properties":{}},"extra":false},
    {"code":2800511,"id":5267,"name":"二重橋前","original_name":"二重橋前","name_kana":"にじゅうばしまえ","closed":false,"lat":35.681071,"lng":139.761948,"prefecture":13,"numbering":["C10"],"lines":[28005],"attr":"heat","postal_code":"100-0005","address":"千代田区丸の内２丁目","voronoi":{"type":"Feature","geometry":{"type":"Polygon","coordinates":[[[139.761348,35.677751],[139.756803,35.678998],[139.755183,35.68362],[139.760591,35.686513],[139.763811,35.684021],[139.76422,35.678699],[139.761348,35.677751]]]},"properties":{}},"extra":false},
    {"code":2800315,"id":5242,"name":"日比谷","original_name":"日比谷","name_kana":"ひびや","closed":false,"lat":35.67459,"lng":139.76017,"prefecture":13,"numbering":["C09"],"lines":[28003,28005,99303],"attr":"heat","postal_code":"100-0006","address":"千代田区有楽町１丁目","voronoi":{"type":"Feature","geometry":{"type":"Polygon","coordinates":[[[139.760001,35.670275],[139.759876,35.670299],[139.755519,35.674404],[139.755478,35.674912],[139.756803,35.678998],[139.761348,35.677751],[139.762309,35.673642],[139.760001,35.670275]]]},"properties":{}},"extra":false},
    {"code":2800211,"id":5220,"name":"霞ケ関","original_name":"霞ケ関","name_kana":"かすみがせき","closed":false,"lat":35.673838,"lng":139.750899,"prefecture":13,"numbering":["C08"],"lines":[28002,28003,28005],"attr":"heat","postal_code":"100-0013","address":"千代田区霞が関２丁目","voronoi":{"type":"Feature","geometry":{"type":"Polygon","coordinates":[[[139.755478,35.674912],[139.755519,35.674404],[139.752831,35.671307],[139.74804,35.672726],[139.748095,35.676135],[139.755478,35.674912]]]},"properties":{}},"extra":false},
    {"code":2800212,"id":5221,"name":"国会議事堂前","original_name":"国会議事堂前","name_kana":"こっかいぎじどうまえ","closed":false,"lat":35.67393,"lng":139.745219,"prefecture":13,"numbering":["C07"],"lines":[28002,28005],"attr":"cool","postal_code":"100-0014","address":"千代田区永田町１丁目","voronoi":{"type":"Feature","geometry":{"type":"Polygon","coordinates":[[[139.746078,35.679776],[139.743082,35.676696],[139.743661,35.669569],[139.746351,35.670616],[139.74804,35.672726],[139.748095,35.676135],[139.746078,35.679776]]]},"properties":{}},"extra":false},
    {"code":2800515,"id":5268,"name":"赤坂(東京)","original_name":"赤坂","name_kana":"あかさか","closed":false,"lat":35.67323,"lng":139.738348,"prefecture":13,"numbering":["C06"],"lines":[28005],"attr":"heat","postal_code":"107-0052","address":"港区赤坂５丁目","voronoi":{"type":"Feature","geometry":{"type":"Polygon","coordinates":[[[139.733486,35.668969],[139.740376,35.669558],[139.739585,35.675773],[139.731256,35.672915],[139.731296,35.671697],[139.732395,35.669694],[139.733486,35.668969]]]},"properties":{}},"extra":false},
    {"code":2800516,"id":5269,"name":"乃木坂","original_name":"乃木坂","name_kana":"のぎざか","closed":false,"lat":35.666572,"lng":139.726215,"prefecture":13,"numbering":["C05"],"lines":[28005],"attr":"cool","postal_code":"107-0062","address":"港区南青山１丁目","voronoi":{"type":"Feature","geometry":{"type":"Polygon","coordinates":[[[139.71952,35.663232],[139.719764,35.660673],[139.724915,35.659227],[139.732395,35.669694],[139.731296,35.671697],[139.722077,35.668636],[139.71952,35.663232]]]},"properties":{}},"extra":false},
    {"code":2800118,"id":5213,"name":"表参道","original_name":"表参道","name_kana":"おもてさんどう","closed":false,"lat":35.665247,"lng":139.712314,"prefecture":13,"numbering":["C04"],"lines":[28001,28005,28008],"attr":"cool","postal_code":"107-0061","address":"港区北青山３丁目","voronoi":{"type":"Feature","geometry":{"type":"Polygon","coordinates":[[[139.710636,35.672558],[139.706239,35.662992],[139.710216,35.656084],[139.713262,35.655716],[139.719764,35.660673],[139.71952,35.663232],[139.710636,35.672558]]]},"properties":{}},"extra":false},
    {"code":2800518,"id":5270,"name":"明治神宮前〈原宿〉","original_name":"明治神宮前〈原宿〉","name_kana":"めいじじんぐうまえ","closed":false,"lat":35.669071,"lng":139.703995,"prefecture":13,"numbering":["C03"],"lines":[28005,28010],"attr":"cool","postal_code":"150-0001","address":"渋谷区神宮前１丁目","voronoi":{"type":"Feature","geometry":{"type":"Polygon","coordinates":[[[139.710636,35.672558],[139.706239,35.662992],[139.698065,35.665201],[139.70724,35.673374],[139.710605,35.672852],[139.710636,35.672558]]]},"properties":{}},"extra":false},
    {"code":2800519,"id":5271,"name":"代々木公園","original_name":"代々木公園","name_kana":"よよぎこうえん","closed":false,"lat":35.669187,"lng":139.689099,"prefecture":13,"numbering":["C02"],"lines":[28005],"attr":"cool","postal_code":"151-0063","address":"渋谷区富ケ谷１丁目","voronoi":{"type":"Feature","geometry":{"type":"Polygon","coordinates":[[[139.68463,35.667909],[139.684639,35.664875],[139.68966,35.662586],[139.695946,35.664944],[139.696334,35.6654],[139.695643,35.671789],[139.68463,35.667909]]]},"properties":{}},"extra":false},
    {"code":2500105,"id":4986,"name":"代々木上原","original_name":"代々木上原","name_kana":"よよぎうえはら","closed":false,"lat":35.669159,"lng":139.680153,"prefecture":13,"numbering":["C01"],"lines":[25001,28005],"attr":"heat","postal_code":"151-0066","address":"渋谷区西原３丁目","voronoi":{"type":"Feature","geometry":{"type":"Polygon","coordinates":[[[139.68463,35.667909],[139.684198,35.674709],[139.68279,35.675432],[139.674474,35.671254],[139.678656,35.663355],[139.679389,35.662793],[139.684639,35.664875],[139.68463,35.667909]]]},"properties":{}},"extra":false}
  ],
  "extra":false
}