{
  "code":28008,
  "id":275,
  "name":"東京メトロ半蔵門線",
  "name_kana":"とうきょうめとろはんぞうもんせん",
  "station_size":14,
  "company_code":18,
  "closed":false,
  "color":"#800080",
  "symbol":"Z",
  "station_list":[
    {"code":1130205,"id":1283,"name":"渋谷","original_name":"渋谷","name_kana":"しぶや","closed":false,"lat":35.658871,"lng":139.701238,"prefecture":13,"numbering":["Z01"],"lines":[11302,11321,11328,11333,24006,26001,26003,28001,28008,28010],"attr":"cool","postal_code":"150-0043","address":"東京都渋谷区道玄坂一丁目1-1","open_date":"1885-03-01","voronoi":{"type":"Feature","geometry":{"type":"Polygon","coordinates":[[[139.696334,35.6654],[139.695946,35.664944],[139.698522,35.652816],[139.708288,35.654687],[139.710216,35.656084],[139.706239,35.662992],[139.698065,35.665201],[139.696334,35.6654]]]},"properties":{}},"extra":false},
    {"code":2800118,"id":5213,"name":"表参道","original_name":"表参道","name_kana":"おもてさんどう","closed":false,"lat":35.665247,"lng":139.712314,"prefecture":13,"numbering":["Z02"],"lines":[28001,28005,28008],"attr":"cool","postal_code":"107-0061","address":"港区北青山３丁目","voronoi":{"type":"Feature","geometry":{"type":"Polygon","coordinates":[[[139.710636,35.672558],[139.706239,35.662992],[139.710216,35.656084],[139.713262,35.655716],[139.719764,35.660673],[139.71952,35.663232],[139.710636,35.672558]]]},"properties":{}},"extra":false},
    {"code":2800116,"id":5211,"name":"青山一丁目","original_name":"青山一丁目","name_kana":"あおやまいっちょうめ","closed":false,"lat":35.672765,"lng":139.724159,"prefecture":13,"numbering":["Z03"],"lines":[28001,28008,99301],"attr":"cool","postal_code":"107-0062","address":"港区南青山１-１-１９","voronoi":{"type":"Feature","geometry":{"type":"Polygon","coordinates":[[[139.731256,35.672915],[139.731296,35.671697],[139.722077,35.668636],[139.719769,35.675135],[139.728094,35.679065],[139.729443,35.678406],[139.731256,35.672915]]]},"properties":{}},"extra":false},
    {"code":2800616,"id":5302,"name":"永田町","original_name":"永田町","name_kana":"ながたちょう","closed":false,"lat":35.678757,"lng":139.740258,"prefecture":13,"numbering":["Z04"],"lines":[28006,28008,28009],"attr":"heat","postal_code":"100-0014","address":"東京都千代田区永田町一丁目11-28","open_date":"1974-10-30","voronoi":{"type":"Feature","geometry":{"type":"Polygon","coordinates":[[[139.746247,35.681182],[139.740711,35.682276],[139.737229,35.680522],[139.73971,35.675934],[139.743082,35.676696],[139.746078,35.679776],[139.746247,35.681182]]]},"properties":{}},"extra":false},
    {"code":2800805,"id":5290,"name":"半蔵門","original_name":"半蔵門","name_kana":"はんぞうもん","closed":false,"lat":35.685703,"lng":139.74163,"prefecture":13,"numbering":["Z05"],"lines":[28008],"attr":"eco","postal_code":"102-0083","address":"千代田区麹町１-６","voronoi":{"type":"Feature","geometry":{"type":"Polygon","coordinates":[[[139.738226,35.688157],[139.743036,35.693845],[139.743905,35.693656],[139.749262,35.688065],[139.750038,35.685687],[139.746247,35.681182],[139.740711,35.682276],[139.738226,35.688157]]]},"properties":{}},"extra":false},
    {"code":2800407,"id":5249,"name":"九段下","original_name":"九段下","name_kana":"くだんした","closed":false,"lat":35.695589,"lng":139.751948,"prefecture":13,"numbering":["Z06"],"lines":[28004,28008,99304],"attr":"eco","postal_code":"102-0074","address":"千代田区九段南１-６-１","voronoi":{"type":"Feature","geometry":{"type":"Polygon","coordinates":[[[139.754611,35.698271],[139.74977,35.700046],[139.743905,35.693656],[139.749262,35.688065],[139.754918,35.693655],[139.754611,35.698271]]]},"properties":{}},"extra":false},
    {"code":2800807,"id":5291,"name":"神保町","original_name":"神保町","name_kana":"じんぼうちょう","closed":false,"lat":35.695966,"lng":139.757606,"prefecture":13,"numbering":["Z07"],"lines":[28008,99303,99304],"attr":"heat","postal_code":"101-0051","address":"千代田区神田神保町２-２","voronoi":{"type":"Feature","geometry":{"type":"Polygon","coordinates":[[[139.761987,35.692604],[139.754918,35.693655],[139.754611,35.698271],[139.759679,35.70102],[139.761963,35.696406],[139.762222,35.695374],[139.761987,35.692604]]]},"properties":{}},"extra":false},
    {"code":2800208,"id":5219,"name":"大手町(東京)","original_name":"大手町","name_kana":"おおてまち","closed":false,"lat":35.686564,"lng":139.7662,"prefecture":13,"numbering":["Z08"],"lines":[28002,28004,28005,28008,99303],"attr":"heat","postal_code":"100-0004","address":"千代田区大手町１丁目","voronoi":{"type":"Feature","geometry":{"type":"Polygon","coordinates":[[[139.763811,35.684021],[139.760591,35.686513],[139.762628,35.691176],[139.765623,35.690942],[139.766387,35.690828],[139.769834,35.687507],[139.770063,35.684655],[139.769608,35.683913],[139.763811,35.684021]]]},"properties":{}},"extra":false},
    {"code":2800108,"id":5292,"name":"三越前","original_name":"三越前","name_kana":"みつこしまえ","closed":false,"lat":35.687156,"lng":139.773571,"prefecture":13,"numbering":["Z09"],"lines":[28001,28008],"attr":"heat","postal_code":"103-0022","address":"中央区日本橋室町１-８-１","voronoi":{"type":"Feature","geometry":{"type":"Polygon","coordinates":[[[139.777718,35.684572],[139.777894,35.686378],[139.777666,35.686688],[139.771741,35.688898],[139.769834,35.687507],[139.770063,35.684655],[139.777718,35.684572]]]},"properties":{}},"extra":false},
    {"code":2800810,"id":5293,"name":"水天宮前","original_name":"水天宮前","name_kana":"すいてんぐうまえ","closed":false,"lat":35.682683,"lng":139.785377,"prefecture":13,"numbering":["Z10"],"lines":[28008],"attr":"heat","postal_code":"103-0014","address":"中央区日本橋蛎殻町２-１-１","voronoi":{"type":"Feature","geometry":{"type":"Polygon","coordinates":[[[139.791943,35.678417],[139.792142,35.68304],[139.785713,35.686101],[139.781833,35.68279],[139.786581,35.674088],[139.788638,35.675112],[139.791943,35.678417]]]},"properties":{}},"extra":false},
    {"code":2800811,"id":5294,"name":"清澄白河","original_name":"清澄白河","name_kana":"きよすみしらかわ","closed":false,"lat":35.682105,"lng":139.798851,"prefecture":13,"numbering":["Z11"],"lines":[28008,99301],"attr":"cool","postal_code":"135-0021","address":"江東区白河１-７-１４","voronoi":{"type":"Feature","geometry":{"type":"Polygon","coordinates":[[[139.802785,35.675624],[139.791943,35.678417],[139.792142,35.68304],[139.792288,35.683284],[139.801622,35.686168],[139.80795,35.678942],[139.802785,35.675624]]]},"properties":{}},"extra":false},
    {"code":2800814,"id":5295,"name":"住吉(東京)","original_name":"住吉","name_kana":"すみよし","closed":false,"lat":35.689073,"lng":139.815681,"prefecture":13,"numbering":["Z12"],"lines":[28008,99304],"attr":"cool","postal_code":"135-0002","address":"江東区住吉２-２３-１２","voronoi":{"type":"Feature","geometry":{"type":"Polygon","coordinates":[[[139.82119,35.679799],[139.812071,35.678901],[139.811537,35.679135],[139.810608,35.692078],[139.820336,35.694022],[139.820834,35.693385],[139.82119,35.679799]]]},"properties":{}},"extra":false},
    {"code":1131322,"id":1495,"name":"錦糸町","original_name":"錦糸町","name_kana":"きんしちょう","closed":false,"lat":35.696802,"lng":139.814136,"prefecture":13,"numbering":["Z13"],"lines":[11313,11314,28008],"attr":"heat","postal_code":"130-0022","address":"墨田区江東橋３丁目","voronoi":{"type":"Feature","geometry":{"type":"Polygon","coordinates":[[[139.804057,35.698393],[139.809589,35.70286],[139.81166,35.70359],[139.819875,35.7043],[139.820336,35.694022],[139.810608,35.692078],[139.804057,35.698393]]]},"properties":{}},"extra":false},
    {"code":2300201,"id":4618,"name":"押上（スカイツリー前）","original_name":"押上（スカイツリー前）","name_kana":"おしあげ","closed":false,"lat":35.710702,"lng":139.812935,"prefecture":13,"numbering":["Z14"],"lines":[21002,23002,28008,99302],"attr":"heat","postal_code":"131-0045","address":"墨田区押上一丁目","voronoi":{"type":"Feature","geometry":{"type":"Polygon","coordinates":[[[139.818361,35.712845],[139.810684,35.716526],[139.81166,35.70359],[139.819875,35.7043],[139.820108,35.704531],[139.82028,35.71109],[139.818361,35.712845]]]},"properties":{}},"extra":false}
  ],
  "extra":false
}