{
  "code":30008,
  "id":"123a1f",
  "name":"名鉄常滑線",
  "name_kana":"めいてつとこなめせん",
  "station_size":26,
  "company_code":20,
  "closed":false,
  "color":"#0000CD",
  "symbol":"TA",
  "station_list":[
    {"code":3000136,"id":"0818f6","name":"名鉄名古屋","original_name":"名鉄名古屋","name_kana":"めいてつなごや","closed":false,"lat":35.169252,"lng":136.884187,"prefecture":23,"numbering":["NH36"],"lines":[30001,30008,30015],"attr":"heat","postal_code":"450-0002","address":"愛知県名古屋市中村区名駅1-2-1","open_date":"1941-08-12","voronoi":{"type":"Feature","geometry":{"type":"Polygon","coordinates":[[[136.885066,35.173783],[136.883645,35.171269],[136.88481,35.164927],[136.890112,35.163252],[136.890527,35.163932],[136.885066,35.173783]]]},"properties":{}},"extra":false},
    {"code":3000135,"id":"2e3c4e","name":"山王(愛知)","original_name":"山王","name_kana":"さんのう","closed":false,"lat":35.15233,"lng":136.888461,"prefecture":23,"numbering":["NH35"],"lines":[30001,30008],"attr":"heat","postal_code":"454-0000","address":"名古屋市中川区東出町２丁目","voronoi":{"type":"Feature","geometry":{"type":"Polygon","coordinates":[[[136.877256,35.143683],[136.879045,35.15196],[136.882092,35.154888],[136.889936,35.160424],[136.896473,35.152877],[136.877256,35.143683]]]},"properties":{}},"extra":false},
    {"code":1141102,"id":"27a817","name":"金山(愛知)","original_name":"金山","name_kana":"かなやま","closed":false,"lat":35.142928,"lng":136.900517,"prefecture":23,"numbering":["NH34"],"lines":[11411,11502,30001,30008,99514,99515],"attr":"heat","postal_code":"460-0022","address":"名古屋市中区金山１丁目","voronoi":{"type":"Feature","geometry":{"type":"Polygon","coordinates":[[[136.897719,35.149525],[136.89369,35.140085],[136.896473,35.138071],[136.910251,35.140148],[136.911888,35.141415],[136.897719,35.149525]]]},"properties":{}},"extra":false},
    {"code":3000133,"id":"f62256","name":"神宮前","original_name":"神宮前","name_kana":"じんぐうまえ","closed":false,"lat":35.125857,"lng":136.912485,"prefecture":23,"numbering":["NH33"],"lines":[30001,30008],"attr":"heat","postal_code":"456-0032","address":"名古屋市熱田区三本松町","voronoi":{"type":"Feature","geometry":{"type":"Polygon","coordinates":[[[136.915174,35.121758],[136.908712,35.124414],[136.909693,35.127087],[136.922306,35.133083],[136.922699,35.131629],[136.915174,35.121758]]]},"properties":{}},"extra":false},
    {"code":3000805,"id":"709c2b","name":"豊田本町","original_name":"豊田本町","name_kana":"とよだほんまち","closed":false,"lat":35.113586,"lng":136.910877,"prefecture":23,"numbering":["TA01"],"lines":[30008],"attr":"heat","postal_code":"457-0863","address":"名古屋市南区豊１-２６-１７","voronoi":{"type":"Feature","geometry":{"type":"Polygon","coordinates":[[[136.899082,35.116358],[136.899121,35.111704],[136.918255,35.108137],[136.916024,35.116023],[136.914954,35.117461],[136.899082,35.116358]]]},"properties":{}},"extra":false},
    {"code":3000806,"id":"6c8053","name":"道徳","original_name":"道徳","name_kana":"どうとく","closed":false,"lat":35.105712,"lng":136.909409,"prefecture":23,"numbering":["TA02"],"lines":[30008],"attr":"heat","postal_code":"457-0841","address":"名古屋市南区豊田１-１２-１０","voronoi":{"type":"Feature","geometry":{"type":"Polygon","coordinates":[[[136.899121,35.111704],[136.896979,35.105544],[136.896976,35.101896],[136.904027,35.097588],[136.91854,35.10149],[136.920868,35.105203],[136.918255,35.108137],[136.899121,35.111704]]]},"properties":{}},"extra":false},
    {"code":3000807,"id":"c2051e","name":"大江(愛知)","original_name":"大江","name_kana":"おおえ","closed":false,"lat":35.093258,"lng":136.912758,"prefecture":23,"numbering":["TA03"],"lines":[30008,30011],"attr":"heat","postal_code":"457-0836","address":"名古屋市南区加福本通２-８-１","voronoi":{"type":"Feature","geometry":{"type":"Polygon","coordinates":[[[136.907041,35.087822],[136.904027,35.097588],[136.91854,35.10149],[136.920913,35.084144],[136.907041,35.087822]]]},"properties":{}},"extra":false},
    {"code":3000808,"id":"f07c44","name":"大同町","original_name":"大同町","name_kana":"だいどうちょう","closed":false,"lat":35.080268,"lng":136.909314,"prefecture":23,"numbering":["TA04"],"lines":[30008],"attr":"heat","postal_code":"457-0811","address":"名古屋市南区大同町３-１","voronoi":{"type":"Feature","geometry":{"type":"Polygon","coordinates":[[[136.907041,35.087822],[136.897389,35.076818],[136.925264,35.076119],[136.925287,35.076184],[136.924231,35.080343],[136.920913,35.084144],[136.907041,35.087822]]]},"properties":{}},"extra":false},
    {"code":3000809,"id":"ff3698","name":"柴田","original_name":"柴田","name_kana":"しばた","closed":false,"lat":35.072774,"lng":136.909126,"prefecture":23,"numbering":["TA05"],"lines":[30008],"attr":"heat","postal_code":"457-0815","address":"名古屋市南区柴田町５-５","voronoi":{"type":"Feature","geometry":{"type":"Polygon","coordinates":[[[136.924561,35.069924],[136.925264,35.076119],[136.897389,35.076818],[136.885043,35.069349],[136.881193,35.064301],[136.88113,35.062892],[136.88689,35.06172],[136.924561,35.069924]]]},"properties":{}},"extra":false},
    {"code":3000810,"id":"0b1358","name":"名和(愛知)","original_name":"名和","name_kana":"なわ","closed":false,"lat":35.060914,"lng":136.911709,"prefecture":23,"numbering":["TA06"],"lines":[30008],"attr":"heat","postal_code":"476-0002","address":"東海市名和町四番割８１-７","voronoi":{"type":"Feature","geometry":{"type":"Polygon","coordinates":[[[136.927568,35.042191],[136.88689,35.06172],[136.924561,35.069924],[136.929302,35.053685],[136.927568,35.042191]]]},"properties":{}},"extra":false},
    {"code":3000811,"id":"91caad","name":"聚楽園","original_name":"聚楽園","name_kana":"しゅうらくえん","closed":false,"lat":35.042857,"lng":136.90304,"prefecture":23,"numbering":["TA07"],"lines":[30008],"attr":"heat","postal_code":"476-0003","address":"東海市荒尾町リの割２３５-３","voronoi":{"type":"Feature","geometry":{"type":"Polygon","coordinates":[[[136.88113,35.062892],[136.877254,35.057041],[136.876528,35.050416],[136.927057,35.027115],[136.928687,35.038157],[136.927568,35.042191],[136.88689,35.06172],[136.88113,35.062892]]]},"properties":{}},"extra":false},
    {"code":3000812,"id":"9800fb","name":"新日鉄前","original_name":"新日鉄前","name_kana":"しんにってつまえ","closed":false,"lat":35.035161,"lng":136.899491,"prefecture":23,"numbering":["TA08"],"lines":[30008],"attr":"heat","postal_code":"476-0015","address":"東海市東海町２-６-４","voronoi":{"type":"Feature","geometry":{"type":"Polygon","coordinates":[[[136.91505,35.018781],[136.873267,35.038322],[136.876528,35.050416],[136.927057,35.027115],[136.927068,35.019798],[136.91505,35.018781]]]},"properties":{}},"extra":false},
    {"code":3000813,"id":"0a0944","name":"太田川","original_name":"太田川","name_kana":"おおたがわ","closed":false,"lat":35.020221,"lng":136.892504,"prefecture":23,"numbering":["TA09"],"lines":[30008,30009],"attr":"heat","postal_code":"477-0031","address":"東海市大田町後田５２","voronoi":{"type":"Feature","geometry":{"type":"Polygon","coordinates":[[[136.867631,35.029737],[136.889981,35.014564],[136.91137,35.016966],[136.91505,35.018781],[136.873267,35.038322],[136.867631,35.029737]]]},"properties":{}},"extra":false},
    {"code":3000814,"id":"101b20","name":"尾張横須賀","original_name":"尾張横須賀","name_kana":"おわりよこすか","closed":false,"lat":35.010132,"lng":136.885655,"prefecture":23,"numbering":["TA10"],"lines":[30008],"attr":"cool","postal_code":"477-0034","address":"東海市養父町北反田１３-２","voronoi":{"type":"Feature","geometry":{"type":"Polygon","coordinates":[[[136.889981,35.014564],[136.88882,34.996739],[136.86187,35.024274],[136.867631,35.029737],[136.889981,35.014564]]]},"properties":{}},"extra":false},
    {"code":3000815,"id":"1ecff4","name":"寺本","original_name":"寺本","name_kana":"てらもと","closed":false,"lat":35.000191,"lng":136.875498,"prefecture":23,"numbering":["TA11"],"lines":[30008],"attr":"cool","postal_code":"478-0001","address":"知多市八幡字西水代１３５-２","voronoi":{"type":"Feature","geometry":{"type":"Polygon","coordinates":[[[136.888958,34.996471],[136.88882,34.996739],[136.86187,35.024274],[136.856661,35.021434],[136.882909,34.97137],[136.883104,34.971642],[136.888906,34.988219],[136.888958,34.996471]]]},"properties":{}},"extra":false},
    {"code":3000816,"id":"3739b9","name":"朝倉(愛知)","original_name":"朝倉","name_kana":"あさくら","closed":false,"lat":34.993858,"lng":136.863419,"prefecture":23,"numbering":["TA12"],"lines":[30008],"attr":"cool","postal_code":"478-0047","address":"知多市緑町２５-８","voronoi":{"type":"Feature","geometry":{"type":"Polygon","coordinates":[[[136.882909,34.97137],[136.88121,34.967231],[136.837189,35.016324],[136.856661,35.021434],[136.882909,34.97137]]]},"properties":{}},"extra":false},
    {"code":3000817,"id":"3922ee","name":"古見(愛知)","original_name":"古見","name_kana":"こみ","closed":false,"lat":34.987809,"lng":136.856673,"prefecture":23,"numbering":["TA13"],"lines":[30008],"attr":"cool","postal_code":"478-0017","address":"知多市新知字森下２９-３","voronoi":{"type":"Feature","geometry":{"type":"Polygon","coordinates":[[[136.819474,35.014098],[136.878619,34.958182],[136.879174,34.959182],[136.88121,34.967231],[136.837189,35.016324],[136.819474,35.014098]]]},"properties":{}},"extra":false},
    {"code":3000818,"id":"8be37b","name":"長浦(愛知)","original_name":"長浦","name_kana":"ながうら","closed":false,"lat":34.978432,"lng":136.847808,"prefecture":23,"numbering":["TA14"],"lines":[30008],"attr":"cool","postal_code":"478-0042","address":"知多市長浦１-４００","voronoi":{"type":"Feature","geometry":{"type":"Polygon","coordinates":[[[136.792153,35.014564],[136.819474,35.014098],[136.878619,34.958182],[136.873998,34.944731],[136.872227,34.941428],[136.866829,34.945023],[136.792153,35.014564]]]},"properties":{}},"extra":false},
    {"code":3000819,"id":"a94555","name":"日長","original_name":"日長","name_kana":"ひなが","closed":false,"lat":34.96162,"lng":136.832152,"prefecture":23,"numbering":["TA15"],"lines":[30008],"attr":"cool","postal_code":"478-0041","address":"知多市日長字森下１０８-１","voronoi":{"type":"Feature","geometry":{"type":"Polygon","coordinates":[[[136.74344,34.981044],[136.747221,34.992972],[136.754231,35.007915],[136.755641,35.010168],[136.762729,35.020255],[136.792153,35.014564],[136.866829,34.945023],[136.74344,34.981044]]]},"properties":{}},"extra":false},
    {"code":3000820,"id":"6cde84","name":"新舞子","original_name":"新舞子","name_kana":"しんまいこ","closed":false,"lat":34.949689,"lng":136.828669,"prefecture":23,"numbering":["TA16"],"lines":[30008],"attr":"cool","postal_code":"478-0036","address":"知多市新舞子字大瀬５５-１","voronoi":{"type":"Feature","geometry":{"type":"Polygon","coordinates":[[[136.733137,34.949421],[136.87204,34.939399],[136.872227,34.941428],[136.866829,34.945023],[136.74344,34.981044],[136.737436,34.96581],[136.733137,34.949421]]]},"properties":{}},"extra":false},
    {"code":3000821,"id":"f78304","name":"大野町","original_name":"大野町","name_kana":"おおのまち","closed":false,"lat":34.935441,"lng":136.827641,"prefecture":23,"numbering":["TA17"],"lines":[30008],"attr":"cool","postal_code":"479-0866","address":"常滑市大野町５-１７０","voronoi":{"type":"Feature","geometry":{"type":"Polygon","coordinates":[[[136.872731,34.925791],[136.730697,34.94233],[136.733137,34.949421],[136.87204,34.939399],[136.87283,34.92795],[136.872731,34.925791]]]},"properties":{}},"extra":false},
    {"code":3000822,"id":"f6b6ce","name":"西ノ口","original_name":"西ノ口","name_kana":"にしのくち","closed":false,"lat":34.926759,"lng":136.82663,"prefecture":23,"numbering":["TA18"],"lines":[30008],"attr":"eco","postal_code":"479-0864","address":"常滑市住吉町４丁目３４番地","voronoi":{"type":"Feature","geometry":{"type":"Polygon","coordinates":[[[136.727265,34.930608],[136.727,34.932976],[136.730697,34.94233],[136.872731,34.925791],[136.873056,34.919142],[136.857763,34.91803],[136.727265,34.930608]]]},"properties":{}},"extra":false},
    {"code":3000823,"id":"34cc07","name":"蒲池(愛知)","original_name":"蒲池","name_kana":"かばいけ","closed":false,"lat":34.915408,"lng":136.825536,"prefecture":23,"numbering":["TA19"],"lines":[30008],"attr":"eco","postal_code":"479-0856","address":"常滑市蒲池町５-１０５","voronoi":{"type":"Feature","geometry":{"type":"Polygon","coordinates":[[[136.727265,34.930608],[136.728793,34.902362],[136.77002,34.89564],[136.857763,34.91803],[136.727265,34.930608]]]},"properties":{}},"extra":false},
    {"code":3000824,"id":"b729b8","name":"榎戸(愛知)","original_name":"榎戸","name_kana":"えのきど","closed":false,"lat":34.90489,"lng":136.82822,"prefecture":23,"numbering":["TA20"],"lines":[30008],"attr":"eco","postal_code":"479-0848","address":"常滑市港町５-２０８","voronoi":{"type":"Feature","geometry":{"type":"Polygon","coordinates":[[[136.77002,34.89564],[136.782581,34.892381],[136.801988,34.892338],[136.851447,34.907819],[136.873224,34.918566],[136.873056,34.919142],[136.857763,34.91803],[136.77002,34.89564]]]},"properties":{}},"extra":false},
    {"code":3000825,"id":"e51d9a","name":"多屋","original_name":"多屋","name_kana":"たや","closed":false,"lat":34.896983,"lng":136.830695,"prefecture":23,"numbering":["TA21"],"lines":[30008],"attr":"eco","postal_code":"479-0839","address":"常滑市多屋町５-１６０","voronoi":{"type":"Feature","geometry":{"type":"Polygon","coordinates":[[[136.825784,34.888859],[136.801988,34.892338],[136.851447,34.907819],[136.825784,34.888859]]]},"properties":{}},"extra":false},
    {"code":3000701,"id":"bea5fb","name":"常滑","original_name":"常滑","name_kana":"とこなめ","closed":false,"lat":34.891167,"lng":136.834992,"prefecture":23,"numbering":["TA22"],"lines":[30007,30008],"attr":"eco","postal_code":"479-0838","address":"常滑市鯉江本町５-１４１","voronoi":{"type":"Feature","geometry":{"type":"Polygon","coordinates":[[[136.825784,34.888859],[136.870641,34.862219],[136.873598,34.869564],[136.879156,34.904528],[136.877844,34.908941],[136.873224,34.918566],[136.851447,34.907819],[136.825784,34.888859]]]},"properties":{}},"extra":false}
  ],
  "extra":false
}