{
  "code":30006,
  "id":285,
  "name":"名鉄豊田線",
  "name_kana":"めいてつとよたせん",
  "station_size":9,
  "company_code":20,
  "closed":false,
  "color":"#9ACD32",
  "symbol":"TT",
  "station_list":[
    {"code":3000530,"id":5434,"name":"豊田市","original_name":"豊田市","name_kana":"とよたし","closed":false,"lat":35.087305,"lng":137.156227,"prefecture":23,"numbering":["MY07"],"lines":[30005,30006],"attr":"cool","postal_code":"471-0026","address":"豊田市若宮町１-３５","voronoi":{"type":"Feature","geometry":{"type":"Polygon","coordinates":[[[137.180318,35.083263],[137.186497,35.076002],[137.152753,35.079877],[137.156778,35.09466],[137.180318,35.083263]]]},"properties":{}},"extra":false},
    {"code":3000531,"id":5435,"name":"梅坪","original_name":"梅坪","name_kana":"うめつぼ","closed":false,"lat":35.099654,"lng":137.162206,"prefecture":23,"numbering":["MY08"],"lines":[30005,30006],"attr":"eco","postal_code":"471-0064","address":"豊田市梅坪町７-１２５","voronoi":{"type":"Feature","geometry":{"type":"Polygon","coordinates":[[[137.170695,35.104782],[137.1504,35.099429],[137.156778,35.09466],[137.180318,35.083263],[137.170695,35.104782]]]},"properties":{}},"extra":false},
    {"code":3000603,"id":5439,"name":"上豊田","original_name":"上豊田","name_kana":"かみとよた","closed":false,"lat":35.116168,"lng":137.15535,"prefecture":23,"numbering":["TT01"],"lines":[30006],"attr":"heat","postal_code":"470-0341","address":"豊田市上原町西山１３５-２","voronoi":{"type":"Feature","geometry":{"type":"Polygon","coordinates":[[[137.163701,35.113366],[137.142274,35.102894],[137.141803,35.102925],[137.147411,35.12278],[137.153791,35.125517],[137.163701,35.113366]]]},"properties":{}},"extra":false},
    {"code":3000604,"id":5440,"name":"浄水","original_name":"浄水","name_kana":"じょうすい","closed":false,"lat":35.121298,"lng":137.137186,"prefecture":23,"numbering":["TT02"],"lines":[30006],"attr":"heat","postal_code":"470-0343","address":"豊田市浄水町伊保原２４３","voronoi":{"type":"Feature","geometry":{"type":"Polygon","coordinates":[[[137.139888,35.129737],[137.124822,35.126969],[137.117187,35.091692],[137.118593,35.091522],[137.141803,35.102925],[137.147411,35.12278],[137.139888,35.129737]]]},"properties":{}},"extra":false},
    {"code":3000605,"id":5441,"name":"三好ヶ丘","original_name":"三好ヶ丘","name_kana":"みよしがおか","closed":false,"lat":35.126918,"lng":137.111219,"prefecture":23,"numbering":["TT03"],"lines":[30006],"attr":"cool","postal_code":"470-0202","address":"愛知県みよし市三好丘二丁目1-1","voronoi":{"type":"Feature","geometry":{"type":"Polygon","coordinates":[[[137.124822,35.126969],[137.117187,35.091692],[137.099745,35.087035],[137.101998,35.145658],[137.11938,35.139892],[137.124822,35.126969]]]},"properties":{}},"extra":false},
    {"code":3000606,"id":5442,"name":"黒笹","original_name":"黒笹","name_kana":"くろざさ","closed":false,"lat":35.127681,"lng":137.091365,"prefecture":23,"numbering":["TT04"],"lines":[30006],"attr":"cool","postal_code":"470-0201","address":"愛知県みよし市黒笹町縄手36-2","voronoi":{"type":"Feature","geometry":{"type":"Polygon","coordinates":[[[137.089726,35.152819],[137.075512,35.148369],[137.086641,35.079831],[137.099745,35.087035],[137.101998,35.145658],[137.09527,35.152811],[137.094297,35.153128],[137.089726,35.152819]]]},"properties":{}},"extra":false},
    {"code":3000607,"id":5443,"name":"米野木","original_name":"米野木","name_kana":"こめのき","closed":false,"lat":35.123728,"lng":137.06702,"prefecture":23,"numbering":["TT05"],"lines":[30006],"attr":"cool","postal_code":"470-0111","address":"日進市米野木町南山１８５-３","voronoi":{"type":"Feature","geometry":{"type":"Polygon","coordinates":[[[137.050893,35.144943],[137.056323,35.146882],[137.072738,35.148901],[137.075512,35.148369],[137.086641,35.079831],[137.085706,35.07894],[137.075989,35.073395],[137.072207,35.072276],[137.050893,35.144943]]]},"properties":{}},"extra":false},
    {"code":3000608,"id":5444,"name":"日進(愛知)","original_name":"日進","name_kana":"にっしん","closed":false,"lat":35.118378,"lng":137.04878,"prefecture":23,"numbering":["TT06"],"lines":[30006],"attr":"eco","postal_code":"470-0113","address":"日進市栄２-１７０８","voronoi":{"type":"Feature","geometry":{"type":"Polygon","coordinates":[[[137.050893,35.144943],[137.072207,35.072276],[137.057795,35.064909],[137.054232,35.066207],[137.038555,35.07445],[137.030827,35.09083],[137.035475,35.143479],[137.043428,35.145104],[137.050893,35.144943]]]},"properties":{}},"extra":false},
    {"code":3000609,"id":5445,"name":"赤池(愛知)","original_name":"赤池","name_kana":"あかいけ","closed":false,"lat":35.121097,"lng":137.017978,"prefecture":23,"numbering":["TT07"],"lines":[30006,99516],"attr":"eco","postal_code":"470-0125","address":"日進市赤池１-１５０３","voronoi":{"type":"Feature","geometry":{"type":"Polygon","coordinates":[[[137.021923,35.148796],[137.017651,35.148438],[137.016397,35.148178],[137.010083,35.106289],[137.030827,35.09083],[137.035475,35.143479],[137.021923,35.148796]]]},"properties":{}},"extra":false}
  ],
  "extra":false
}