{
  "code":30009,
  "id":"7d13fd",
  "name":"名鉄河和線",
  "name_kana":"めいてつこうわせん",
  "station_size":20,
  "company_code":20,
  "closed":false,
  "color":"#00BFFF",
  "symbol":"KC",
  "station_list":[
    {"code":3000813,"id":"0a0944","name":"太田川","original_name":"太田川","name_kana":"おおたがわ","closed":false,"lat":35.020221,"lng":136.892504,"prefecture":23,"numbering":["TA09"],"lines":[30008,30009],"attr":"heat","postal_code":"477-0031","address":"東海市大田町後田５２","voronoi":{"type":"Feature","geometry":{"type":"Polygon","coordinates":[[[136.867631,35.029737],[136.889981,35.014564],[136.91137,35.016966],[136.91505,35.018781],[136.873267,35.038322],[136.867631,35.029737]]]},"properties":{}},"extra":false},
    {"code":3000902,"id":"742242","name":"高横須賀","original_name":"高横須賀","name_kana":"たかよこすか","closed":false,"lat":35.009608,"lng":136.893696,"prefecture":23,"numbering":["KC01"],"lines":[30009],"attr":"heat","postal_code":"477-0037","address":"東海市高横須賀町松本１-３","voronoi":{"type":"Feature","geometry":{"type":"Polygon","coordinates":[[[136.91137,35.016966],[136.888958,34.996471],[136.88882,34.996739],[136.889981,35.014564],[136.91137,35.016966]]]},"properties":{}},"extra":false},
    {"code":3000903,"id":"ac23c3","name":"加木屋中ノ池","original_name":"加木屋中ノ池","name_kana":"かぎやなかのいけ","closed":false,"lat":35.000019,"lng":136.902465,"prefecture":23,"numbering":["KC02"],"lines":[30009],"attr":"heat","postal_code":"477-0032","address":"愛知県東海市加木屋町唐畑４４−８","open_date":"2024-03-16","voronoi":{"type":"Feature","geometry":{"type":"Polygon","coordinates":[[[136.888906,34.988219],[136.888958,34.996471],[136.91137,35.016966],[136.91505,35.018781],[136.927068,35.019798],[136.930605,35.014565],[136.9319,35.005683],[136.888906,34.988219]]]},"properties":{}},"extra":false},
    {"code":3000904,"id":"484597","name":"南加木屋","original_name":"南加木屋","name_kana":"みなみかぎや","closed":false,"lat":34.989216,"lng":136.906853,"prefecture":23,"numbering":["KC03"],"lines":[30009],"attr":"heat","postal_code":"477-0032","address":"東海市加木屋町南平井１５","voronoi":{"type":"Feature","geometry":{"type":"Polygon","coordinates":[[[136.883104,34.971642],[136.888906,34.988219],[136.9319,35.005683],[136.936937,34.991472],[136.883104,34.971642]]]},"properties":{}},"extra":false},
    {"code":3000905,"id":"d46bd5","name":"八幡新田","original_name":"八幡新田","name_kana":"やわたしんでん","closed":false,"lat":34.973674,"lng":136.912578,"prefecture":23,"numbering":["KC04"],"lines":[30009],"attr":"heat","postal_code":"477-0032","address":"東海市加木屋町陀々法師４３-１","voronoi":{"type":"Feature","geometry":{"type":"Polygon","coordinates":[[[136.882091,34.959623],[136.879174,34.959182],[136.88121,34.967231],[136.882909,34.97137],[136.883104,34.971642],[136.936937,34.991472],[136.94046,34.986524],[136.941432,34.983741],[136.942515,34.975395],[136.882091,34.959623]]]},"properties":{}},"extra":false},
    {"code":3000906,"id":"5ecd9e","name":"巽ヶ丘","original_name":"巽ヶ丘","name_kana":"たつみがおか","closed":false,"lat":34.962265,"lng":136.915556,"prefecture":23,"numbering":["KC05"],"lines":[30009],"attr":"heat","postal_code":"478-0012","address":"愛知県知多市巽ヶ丘3丁目134","voronoi":{"type":"Feature","geometry":{"type":"Polygon","coordinates":[[[136.943533,34.972392],[136.944538,34.961996],[136.943619,34.957999],[136.882091,34.959623],[136.942515,34.975395],[136.943533,34.972392]]]},"properties":{}},"extra":false},
    {"code":3000907,"id":"9258a2","name":"白沢(愛知)","original_name":"白沢","name_kana":"しらさわ","closed":false,"lat":34.955219,"lng":136.91537,"prefecture":23,"numbering":["KC06"],"lines":[30009],"attr":"heat","postal_code":"470-2201","address":"知多郡阿久比町大字白沢字豊石山１７-４","voronoi":{"type":"Feature","geometry":{"type":"Polygon","coordinates":[[[136.882091,34.959623],[136.879174,34.959182],[136.878619,34.958182],[136.873998,34.944731],[136.94288,34.950751],[136.943619,34.957999],[136.882091,34.959623]]]},"properties":{}},"extra":false},
    {"code":3000908,"id":"c19084","name":"坂部","original_name":"坂部","name_kana":"さかべ","closed":false,"lat":34.941579,"lng":136.916562,"prefecture":23,"numbering":["KC07"],"lines":[30009],"attr":"heat","postal_code":"470-2212","address":"知多郡阿久比町大字卯坂字上向田３５-７","voronoi":{"type":"Feature","geometry":{"type":"Polygon","coordinates":[[[136.94288,34.950751],[136.944249,34.941476],[136.87283,34.92795],[136.87204,34.939399],[136.872227,34.941428],[136.873998,34.944731],[136.94288,34.950751]]]},"properties":{}},"extra":false},
    {"code":3000909,"id":"5738b4","name":"阿久比","original_name":"阿久比","name_kana":"あぐい","closed":false,"lat":34.931256,"lng":136.918517,"prefecture":23,"numbering":["KC08"],"lines":[30009],"attr":"heat","postal_code":"470-2213","address":"知多郡阿久比町大字阿久比字千速５４-３","voronoi":{"type":"Feature","geometry":{"type":"Polygon","coordinates":[[[136.872731,34.925791],[136.87283,34.92795],[136.944249,34.941476],[136.944389,34.941076],[136.941703,34.931761],[136.877844,34.908941],[136.873224,34.918566],[136.873056,34.919142],[136.872731,34.925791]]]},"properties":{}},"extra":false},
    {"code":3000910,"id":"f0ab6d","name":"植大","original_name":"植大","name_kana":"うえだい","closed":false,"lat":34.917457,"lng":136.923448,"prefecture":23,"numbering":["KC09"],"lines":[30009],"attr":"heat","postal_code":"470-2216","address":"知多郡阿久比町植大大前田４-３","voronoi":{"type":"Feature","geometry":{"type":"Polygon","coordinates":[[[136.941703,34.931761],[136.877844,34.908941],[136.879156,34.904528],[136.883575,34.903804],[136.887569,34.904383],[136.937105,34.916337],[136.942074,34.922621],[136.941703,34.931761]]]},"properties":{}},"extra":false},
    {"code":3000911,"id":"68b795","name":"半田口","original_name":"半田口","name_kana":"はんだぐち","closed":false,"lat":34.909111,"lng":136.925462,"prefecture":23,"numbering":["KC10"],"lines":[30009],"attr":"heat","postal_code":"475-0961","address":"半田市岩滑中町２-１５０","voronoi":{"type":"Feature","geometry":{"type":"Polygon","coordinates":[[[136.887569,34.904383],[136.937105,34.916337],[136.93326,34.905818],[136.887569,34.904383]]]},"properties":{}},"extra":false},
    {"code":3000912,"id":"a97998","name":"住吉町","original_name":"住吉町","name_kana":"すみよしちょう","closed":false,"lat":34.902042,"lng":136.925684,"prefecture":23,"numbering":["KC11"],"lines":[30009],"attr":"cool","postal_code":"475-0902","address":"半田市宮路町１５６-２","voronoi":{"type":"Feature","geometry":{"type":"Polygon","coordinates":[[[136.933612,34.901465],[136.93326,34.905818],[136.887569,34.904383],[136.883575,34.903804],[136.883704,34.903757],[136.909918,34.897457],[136.927998,34.898059],[136.933612,34.901465]]]},"properties":{}},"extra":false},
    {"code":3000913,"id":"0116a6","name":"知多半田","original_name":"知多半田","name_kana":"ちたはんだ","closed":false,"lat":34.893931,"lng":136.925954,"prefecture":23,"numbering":["KC12"],"lines":[30009],"attr":"cool","postal_code":"475-0857","address":"半田市広小路町１２８-１","voronoi":{"type":"Feature","geometry":{"type":"Polygon","coordinates":[[[136.928544,34.887628],[136.909918,34.897457],[136.927998,34.898059],[136.928544,34.887628]]]},"properties":{}},"extra":false},
    {"code":3000914,"id":"53a907","name":"成岩","original_name":"成岩","name_kana":"ならわ","closed":false,"lat":34.886209,"lng":136.921879,"prefecture":23,"numbering":["KC13"],"lines":[30009],"attr":"cool","postal_code":"475-0846","address":"半田市栄町３-４","voronoi":{"type":"Feature","geometry":{"type":"Polygon","coordinates":[[[136.883704,34.903757],[136.909918,34.897457],[136.928544,34.887628],[136.934031,34.881711],[136.922632,34.880242],[136.883704,34.903757]]]},"properties":{}},"extra":false},
    {"code":3000915,"id":"e7aef2","name":"青山(愛知)","original_name":"青山","name_kana":"あおやま","closed":false,"lat":34.878132,"lng":136.917,"prefecture":23,"numbering":["KC14"],"lines":[30009],"attr":"cool","postal_code":"475-0837","address":"半田市有楽町４-６","voronoi":{"type":"Feature","geometry":{"type":"Polygon","coordinates":[[[136.883704,34.903757],[136.883575,34.903804],[136.879156,34.904528],[136.873598,34.869564],[136.915459,34.868298],[136.922632,34.880242],[136.883704,34.903757]]]},"properties":{}},"extra":false},
    {"code":3000916,"id":"470870","name":"上ゲ","original_name":"上ゲ","name_kana":"あげ","closed":false,"lat":34.858389,"lng":136.916403,"prefecture":23,"numbering":["KC15"],"lines":[30009],"attr":"cool","postal_code":"470-2339","address":"知多郡武豊町字下門２３-５","voronoi":{"type":"Feature","geometry":{"type":"Polygon","coordinates":[[[136.915459,34.868298],[136.926406,34.863467],[136.917429,34.854565],[136.86945,34.85434],[136.868875,34.854897],[136.870641,34.862219],[136.873598,34.869564],[136.915459,34.868298]]]},"properties":{}},"extra":false},
    {"code":3000917,"id":"77e317","name":"知多武豊","original_name":"知多武豊","name_kana":"ちたたけとよ","closed":false,"lat":34.850732,"lng":136.916439,"prefecture":23,"numbering":["KC16"],"lines":[30009],"attr":"eco","postal_code":"470-2347","address":"知多郡武豊町字道崎４３-８","voronoi":{"type":"Feature","geometry":{"type":"Polygon","coordinates":[[[136.917429,34.854565],[136.86945,34.85434],[136.883024,34.838848],[136.925825,34.840028],[136.917429,34.854565]]]},"properties":{}},"extra":false},
    {"code":3000918,"id":"7c82a4","name":"富貴","original_name":"富貴","name_kana":"ふき","closed":false,"lat":34.828823,"lng":136.917043,"prefecture":23,"numbering":["KC17"],"lines":[30009,30010],"attr":"eco","postal_code":"470-2531","address":"知多郡武豊町大字冨貴外前田５-５","voronoi":{"type":"Feature","geometry":{"type":"Polygon","coordinates":[[[136.968507,34.817496],[136.96866,34.815895],[136.894491,34.812129],[136.883024,34.838848],[136.925825,34.840028],[136.958994,34.834383],[136.968507,34.817496]]]},"properties":{}},"extra":false},
    {"code":3000920,"id":"a70370","name":"河和口","original_name":"河和口","name_kana":"こうわぐち","closed":false,"lat":34.797805,"lng":136.918618,"prefecture":23,"numbering":["KC18"],"lines":[30009],"attr":"eco","postal_code":"470-2401","address":"知多郡美浜町大字布土字中平井３３-１","voronoi":{"type":"Feature","geometry":{"type":"Polygon","coordinates":[[[136.975862,34.785535],[136.977322,34.769017],[136.89138,34.795142],[136.894491,34.812129],[136.96866,34.815895],[136.970781,34.810755],[136.975862,34.785535]]]},"properties":{}},"extra":false},
    {"code":3000921,"id":"dcf12e","name":"河和","original_name":"河和","name_kana":"こうわ","closed":false,"lat":34.777771,"lng":136.912528,"prefecture":23,"numbering":["KC19"],"lines":[30009],"attr":"eco","postal_code":"470-2406","address":"知多郡美浜町大字河和字北田面５-１","voronoi":{"type":"Feature","geometry":{"type":"Polygon","coordinates":[[[136.977322,34.769017],[136.981294,34.753396],[136.994564,34.649012],[136.887268,34.768754],[136.886719,34.773963],[136.89091,34.794414],[136.89138,34.795142],[136.977322,34.769017]]]},"properties":{}},"extra":false}
  ],
  "extra":false
}