{
  "code":30029,
  "id":2123,
  "name":"名鉄田神線",
  "name_kana":"めいてつたがみせん",
  "station_size":3,
  "company_code":20,
  "closed":true,
  "color":"#533A98",
  "station_list":[
    {"code":3002805,"id":21368,"name":"競輪場前(岐阜)","original_name":"競輪場前","name_kana":"けいりんじょうまえ","closed":true,"lat":35.41658,"lng":136.781457,"prefecture":21,"lines":[30028,30029],"postal_code":"500-8137","address":"岐阜県岐阜市東興町４−２","open_date":"1950-04-01","closed_date":"2005-04-01","voronoi":{"type":"Feature","geometry":{"type":"Polygon","coordinates":[[[136.786046,35.409786],[136.779086,35.41406],[136.779513,35.426901],[136.786507,35.430602],[136.787602,35.410169],[136.786046,35.409786]]]},"properties":{}},"extra":true},
    {"code":3002902,"id":21386,"name":"市ノ坪","original_name":"市ノ坪","name_kana":"いちのつぼ","closed":true,"lat":35.410806,"lng":136.777911,"prefecture":21,"lines":[30029],"postal_code":"500-8155","address":"岐阜県岐阜市市ノ坪町１丁目１","open_date":"1970-06-25","closed_date":"2005-04-01","voronoi":{"type":"Feature","geometry":{"type":"Polygon","coordinates":[[[136.786046,35.409786],[136.779086,35.41406],[136.775238,35.413396],[136.774588,35.405222],[136.777051,35.402692],[136.786046,35.409786]]]},"properties":{}},"extra":true},
    {"code":3001617,"id":5575,"name":"田神","original_name":"田神","name_kana":"たがみ","closed":false,"lat":35.411261,"lng":136.772189,"prefecture":21,"lines":[30016,30029],"attr":"eco","postal_code":"500-8152","address":"岐阜市入舟町１丁目","voronoi":{"type":"Feature","geometry":{"type":"Polygon","coordinates":[[[136.774092,35.41438],[136.769103,35.413753],[136.766221,35.411173],[136.770668,35.406614],[136.774588,35.405222],[136.775238,35.413396],[136.774092,35.41438]]]},"properties":{}},"extra":false}
  ],
  "closed_date":"2005-04-01",
  "extra":true
}