{
  "code":30027,
  "id":2121,
  "name":"名鉄岐阜市内線",
  "name_kana":"めいてつぎふしないせん",
  "station_size":20,
  "company_code":20,
  "closed":true,
  "color":"#533A98",
  "station_list":[
    {"code":3002701,"id":21346,"name":"岐阜駅前","original_name":"岐阜駅前","name_kana":"ぎふえきまえ","closed":true,"lat":35.410798,"lng":136.756349,"prefecture":21,"lines":[30027],"postal_code":"500-8844","address":"岐阜県岐阜市吉野町６丁目２岐阜ブラザービル","open_date":"1913-08-21","closed_date":"2005-04-01","voronoi":{"type":"Feature","geometry":{"type":"Polygon","coordinates":[[[136.742448,35.408343],[136.754268,35.414167],[136.75665,35.414067],[136.756989,35.413768],[136.758255,35.410441],[136.758259,35.410403],[136.742448,35.408343]]]},"properties":{}},"extra":true},
    {"code":3002702,"id":21347,"name":"新岐阜駅前","original_name":"新岐阜駅前","name_kana":"しんぎふえきまえ","closed":true,"lat":35.411975,"lng":136.759442,"prefecture":21,"lines":[30027],"postal_code":"500-8833","address":"岐阜県岐阜市神田町９丁目１５","open_date":"1911-02-11","closed_date":"2005-04-01","voronoi":{"type":"Feature","geometry":{"type":"Polygon","coordinates":[[[136.756989,35.413768],[136.758255,35.410441],[136.761783,35.413065],[136.756989,35.413768]]]},"properties":{}},"extra":true},
    {"code":3002703,"id":21348,"name":"金宝町","original_name":"金宝町","name_kana":"きんぽうちょう","closed":true,"lat":35.414781,"lng":136.759854,"prefecture":21,"lines":[30027],"postal_code":"500-8833","address":"岐阜県岐阜市神田町７丁目２","open_date":"1911-02-11","closed_date":"2005-04-01","voronoi":{"type":"Feature","geometry":{"type":"Polygon","coordinates":[[[136.764297,35.413211],[136.763509,35.415634],[136.758215,35.416035],[136.75665,35.414067],[136.756989,35.413768],[136.761783,35.413065],[136.764297,35.413211]]]},"properties":{}},"extra":true},
    {"code":3002704,"id":21349,"name":"徹明町","original_name":"徹明町","name_kana":"てつめいちょう","closed":true,"lat":35.417028,"lng":136.760024,"prefecture":21,"lines":[30027,30028],"postal_code":"500-8833","address":"岐阜県岐阜市神田町６丁目２","open_date":"1911-02-11","closed_date":"2005-04-01","voronoi":{"type":"Feature","geometry":{"type":"Polygon","coordinates":[[[136.758406,35.418052],[136.758215,35.416035],[136.763509,35.415634],[136.763491,35.417504],[136.758406,35.418052]]]},"properties":{}},"extra":true},
    {"code":3002705,"id":21350,"name":"岐阜柳ヶ瀬","original_name":"岐阜柳ヶ瀬","name_kana":"ぎふやながせ","closed":true,"lat":35.418707,"lng":136.760205,"prefecture":21,"lines":[30027],"postal_code":"500-8833","address":"岐阜県岐阜市神田町４丁目５","open_date":"1911-02-11","closed_date":"1988-06-01","voronoi":{"type":"Feature","geometry":{"type":"Polygon","coordinates":[[[136.756993,35.42178],[136.758406,35.418052],[136.763491,35.417504],[136.764083,35.419986],[136.756993,35.42178]]]},"properties":{}},"extra":true},
    {"code":3002706,"id":21351,"name":"市役所前(岐阜)","original_name":"市役所前","name_kana":"しやくしょまえ","closed":true,"lat":35.422955,"lng":136.76128,"prefecture":21,"lines":[30027],"postal_code":"500-8822","address":"岐阜県岐阜市今沢町９−２","open_date":"1911-02-11","closed_date":"1988-06-01","voronoi":{"type":"Feature","geometry":{"type":"Polygon","coordinates":[[[136.756993,35.42178],[136.756842,35.421905],[136.756431,35.424404],[136.756817,35.426099],[136.766714,35.422539],[136.764083,35.419986],[136.756993,35.42178]]]},"properties":{}},"extra":true},
    {"code":3002707,"id":21352,"name":"大学病院前(岐阜)","original_name":"大学病院前","name_kana":"だいがくびょういんまえ","closed":true,"lat":35.42568,"lng":136.76226,"prefecture":21,"lines":[30027],"postal_code":"500-8074","address":"岐阜県岐阜市七軒町１５−３","open_date":"1911-10-07","closed_date":"1988-06-01","voronoi":{"type":"Feature","geometry":{"type":"Polygon","coordinates":[[[136.769521,35.42494],[136.757314,35.430494],[136.756723,35.428208],[136.756817,35.426099],[136.766714,35.422539],[136.769477,35.424054],[136.769974,35.424577],[136.769521,35.42494]]]},"properties":{}},"extra":true},
    {"code":3002708,"id":21353,"name":"伊奈波通","original_name":"伊奈波通","name_kana":"いなばどおり","closed":true,"lat":35.429928,"lng":136.764193,"prefecture":21,"lines":[30027],"postal_code":"500-8082","address":"岐阜県岐阜市矢島町１丁目２８","open_date":"1911-10-07","closed_date":"1988-06-01","voronoi":{"type":"Feature","geometry":{"type":"Polygon","coordinates":[[[136.756815,35.43592],[136.75834,35.442375],[136.758385,35.44232],[136.769521,35.42494],[136.757314,35.430494],[136.756815,35.43592]]]},"properties":{}},"extra":true},
    {"code":3002709,"id":21354,"name":"本町(岐阜)","original_name":"本町","name_kana":"ほんまち","closed":true,"lat":35.431865,"lng":136.767216,"prefecture":21,"lines":[30027],"postal_code":"500-8034","address":"岐阜県岐阜市本町２丁目３８","open_date":"1911-10-07","closed_date":"1988-06-01","voronoi":{"type":"Feature","geometry":{"type":"Polygon","coordinates":[[[136.769521,35.42494],[136.758385,35.44232],[136.771029,35.430342],[136.773437,35.425565],[136.769974,35.424577],[136.769521,35.42494]]]},"properties":{}},"extra":true},
    {"code":3002710,"id":21355,"name":"材木町","original_name":"材木町","name_kana":"ざいもくちょう","closed":true,"lat":35.434067,"lng":136.769302,"prefecture":21,"lines":[30027],"postal_code":"500-8029","address":"岐阜県岐阜市東材木町１２","closed_date":"1988-06-01","voronoi":{"type":"Feature","geometry":{"type":"Polygon","coordinates":[[[136.770447,35.436887],[136.767404,35.440284],[136.758315,35.445061],[136.75834,35.442375],[136.758385,35.44232],[136.771029,35.430342],[136.770447,35.436887]]]},"properties":{}},"extra":true},
    {"code":3002711,"id":21356,"name":"公園前(岐阜)","original_name":"公園前","name_kana":"こうえんまえ","closed":true,"lat":35.434313,"lng":136.772072,"prefecture":21,"lines":[30027],"postal_code":"500-8003","address":"岐阜県岐阜市大宮町２丁目３−２","open_date":"1912-08-28","closed_date":"1988-06-01","voronoi":{"type":"Feature","geometry":{"type":"Polygon","coordinates":[[[136.774502,35.425529],[136.773437,35.425565],[136.771029,35.430342],[136.770447,35.436887],[136.786589,35.430704],[136.786507,35.430602],[136.779513,35.426901],[136.774502,35.425529]]]},"properties":{}},"extra":true},
    {"code":3002712,"id":21357,"name":"長良橋","original_name":"長良橋","name_kana":"ながらばし","closed":true,"lat":35.437717,"lng":136.773376,"prefecture":21,"lines":[30027],"postal_code":"500-8009","address":"岐阜県岐阜市湊町","open_date":"1912-08-28","closed_date":"1988-06-01","voronoi":{"type":"Feature","geometry":{"type":"Polygon","coordinates":[[[136.767404,35.440284],[136.770447,35.436887],[136.786589,35.430704],[136.795154,35.438906],[136.767404,35.440284]]]},"properties":{}},"extra":true},
    {"code":3002713,"id":21358,"name":"鵜飼屋","original_name":"鵜飼屋","name_kana":"うかいや","closed":true,"lat":35.442247,"lng":136.773601,"prefecture":21,"lines":[30027],"postal_code":"502-0817","address":"岐阜県岐阜市長良福光南町２６０４−７","open_date":"1915-11-20","closed_date":"1988-06-01","voronoi":{"type":"Feature","geometry":{"type":"Polygon","coordinates":[[[136.796076,35.439622],[136.796945,35.442112],[136.758062,35.445846],[136.758315,35.445061],[136.767404,35.440284],[136.795154,35.438906],[136.796076,35.439622]]]},"properties":{}},"extra":true},
    {"code":3002714,"id":21359,"name":"長良北町","original_name":"長良北町","name_kana":"ながらきたまち","closed":true,"lat":35.446422,"lng":136.774002,"prefecture":21,"lines":[30027],"postal_code":"502-0817","address":"岐阜県岐阜市長良福光１６５９−４第２マルコビル","open_date":"1913-12-15","closed_date":"1988-06-01","voronoi":{"type":"Feature","geometry":{"type":"Polygon","coordinates":[[[136.786144,35.54769],[136.773095,35.579235],[136.739406,35.51085],[136.737608,35.506311],[136.743476,35.476589],[136.758062,35.445846],[136.796945,35.442112],[136.804456,35.458688],[136.805856,35.464428],[136.786144,35.54769]]]},"properties":{}},"extra":true},
    {"code":3002715,"id":21360,"name":"金町(岐阜)","original_name":"金町","name_kana":"こがねまち","closed":true,"lat":35.41735,"lng":136.756624,"prefecture":21,"lines":[30027],"postal_code":"500-8879","address":"岐阜県岐阜市徹明通３丁目９","open_date":"1925-06-01","closed_date":"2005-04-01","voronoi":{"type":"Feature","geometry":{"type":"Polygon","coordinates":[[[136.758406,35.418052],[136.758215,35.416035],[136.75665,35.414067],[136.754268,35.414167],[136.755084,35.420065],[136.756842,35.421905],[136.756993,35.42178],[136.758406,35.418052]]]},"properties":{}},"extra":true},
    {"code":3002716,"id":21361,"name":"千手堂","original_name":"千手堂","name_kana":"せんじゅどう","closed":true,"lat":35.41787,"lng":136.752864,"prefecture":21,"lines":[30027],"postal_code":"500-8864","address":"岐阜県岐阜市真砂町９丁目２０−１","open_date":"1924-04-21","closed_date":"2005-04-01","voronoi":{"type":"Feature","geometry":{"type":"Polygon","coordinates":[[[136.73994,35.407245],[136.735855,35.416357],[136.736868,35.417224],[136.755084,35.420065],[136.754268,35.414167],[136.742448,35.408343],[136.73994,35.407245]]]},"properties":{}},"extra":true},
    {"code":3002717,"id":21362,"name":"本郷町","original_name":"本郷町","name_kana":"ほんごうちょう","closed":true,"lat":35.42148,"lng":136.752301,"prefecture":21,"lines":[30027],"postal_code":"500-8864","address":"岐阜県岐阜市真砂町６丁目２１","open_date":"1925-12-11","closed_date":"2005-04-01","voronoi":{"type":"Feature","geometry":{"type":"Polygon","coordinates":[[[136.755084,35.420065],[136.736868,35.417224],[136.739968,35.420559],[136.756431,35.424404],[136.756842,35.421905],[136.755084,35.420065]]]},"properties":{}},"extra":true},
    {"code":3002718,"id":21363,"name":"西野町","original_name":"西野町","name_kana":"にしのまち","closed":true,"lat":35.425196,"lng":136.751433,"prefecture":21,"lines":[30027],"postal_code":"500-8864","address":"岐阜県岐阜市真砂町３丁目１０","open_date":"1925-12-11","closed_date":"2005-04-01","voronoi":{"type":"Feature","geometry":{"type":"Polygon","coordinates":[[[136.756817,35.426099],[136.756431,35.424404],[136.739968,35.420559],[136.743075,35.425158],[136.756723,35.428208],[136.756817,35.426099]]]},"properties":{}},"extra":true},
    {"code":3002719,"id":21364,"name":"早田","original_name":"早田","name_kana":"そうでん","closed":true,"lat":35.428682,"lng":136.750654,"prefecture":21,"lines":[30027],"postal_code":"500-8864","address":"岐阜県岐阜市真砂町１丁目１","open_date":"1948-08-01","closed_date":"2005-04-01","voronoi":{"type":"Feature","geometry":{"type":"Polygon","coordinates":[[[136.743075,35.425158],[136.744378,35.428434],[136.756815,35.43592],[136.757314,35.430494],[136.756723,35.428208],[136.743075,35.425158]]]},"properties":{}},"extra":true},
    {"code":3002201,"id":21287,"name":"忠節","original_name":"忠節","name_kana":"ちゅうせつ","closed":true,"lat":35.433864,"lng":136.747535,"prefecture":21,"lines":[30022,30027],"postal_code":"502-0904","address":"岐阜県岐阜市島栄町１丁目４５−４","open_date":"1914-03-29","closed_date":"2005-04-01","voronoi":{"type":"Feature","geometry":{"type":"Polygon","coordinates":[[[136.756815,35.43592],[136.744378,35.428434],[136.740658,35.458363],[136.743476,35.476589],[136.758062,35.445846],[136.758315,35.445061],[136.75834,35.442375],[136.756815,35.43592]]]},"properties":{}},"extra":true}
  ],
  "closed_date":"2005-04-01",
  "extra":true
}