{
  "code":30024,
  "id":2120,
  "name":"名鉄八百津線",
  "name_kana":"めいてつやおつせん",
  "station_size":5,
  "company_code":20,
  "closed":true,
  "station_list":[
    {"code":3001708,"id":5582,"name":"明智(名古屋鉄道)","original_name":"明智","name_kana":"あけち","closed":false,"lat":35.433208,"lng":137.087295,"prefecture":21,"lines":[30017,30024],"attr":"eco","postal_code":"509-0217","address":"岐阜県可児市平貝戸川田551","voronoi":{"type":"Feature","geometry":{"type":"Polygon","coordinates":[[[137.090986,35.404248],[137.098569,35.401994],[137.095545,35.443103],[137.067225,35.441755],[137.076212,35.413075],[137.090986,35.404248]]]},"properties":{}},"extra":false},
    {"code":3002402,"id":21314,"name":"兼山口","original_name":"兼山口","name_kana":"かねやまぐち","closed":true,"lat":35.45217,"lng":137.086392,"prefecture":21,"lines":[30024],"postal_code":"505-0130","address":"岐阜県可児市兼山柳栄町２４０","open_date":"1930-04-30","closed_date":"2001-10-01","voronoi":{"type":"Feature","geometry":{"type":"Polygon","coordinates":[[[137.065986,35.44746],[137.067069,35.44192],[137.067225,35.441755],[137.095545,35.443103],[137.09851,35.446255],[137.080234,35.472395],[137.068315,35.465134],[137.065986,35.44746]]]},"properties":{}},"extra":true},
    {"code":3002403,"id":21315,"name":"兼山","original_name":"兼山","name_kana":"かねやま","closed":true,"lat":35.459667,"lng":137.097115,"prefecture":21,"lines":[30024],"postal_code":"505-0130","address":"岐阜県可児市兼山魚屋町","open_date":"1930-10-01","closed_date":"2001-10-01","voronoi":{"type":"Feature","geometry":{"type":"Polygon","coordinates":[[[137.095429,35.487913],[137.111685,35.450468],[137.09851,35.446255],[137.080234,35.472395],[137.093202,35.487512],[137.095429,35.487913]]]},"properties":{}},"extra":true},
    {"code":3002404,"id":21316,"name":"中野(岐阜)","original_name":"中野","name_kana":"なかの","closed":true,"lat":35.467394,"lng":137.114914,"prefecture":21,"lines":[30024],"postal_code":"505-0303","address":"岐阜県加茂郡八百津町伊岐津志","open_date":"1930-10-01","closed_date":"2001-10-01","voronoi":{"type":"Feature","geometry":{"type":"Polygon","coordinates":[[[137.116923,35.500452],[137.095429,35.487913],[137.111685,35.450468],[137.116595,35.44901],[137.128596,35.451279],[137.116923,35.500452]]]},"properties":{}},"extra":true},
    {"code":3002405,"id":21317,"name":"八百津","original_name":"八百津","name_kana":"やおつ","closed":true,"lat":35.471824,"lng":137.133575,"prefecture":21,"lines":[30024],"postal_code":"505-0303","address":"岐阜県加茂郡八百津町伊岐津志２４６３−２３","open_date":"1930-10-01","closed_date":"2001-10-01","voronoi":{"type":"Feature","geometry":{"type":"Polygon","coordinates":[[[137.225,35.457577],[137.209287,35.439463],[137.13011,35.450837],[137.128596,35.451279],[137.116923,35.500452],[137.121723,35.505616],[137.17641,35.517381],[137.236104,35.488928],[137.225,35.457577]]]},"properties":{}},"extra":true}
  ],
  "closed_date":"2001-10-01",
  "extra":true
}