{
  "code":30022,
  "id":2118,
  "name":"名鉄揖斐線",
  "name_kana":"めいてついびせん",
  "station_size":16,
  "company_code":20,
  "closed":true,
  "color":"#533A98",
  "station_list":[
    {"code":3002201,"id":21287,"name":"忠節","original_name":"忠節","name_kana":"ちゅうせつ","closed":true,"lat":35.433864,"lng":136.747535,"prefecture":21,"lines":[30022,30027],"postal_code":"502-0904","address":"岐阜県岐阜市島栄町１丁目４５−４","open_date":"1914-03-29","closed_date":"2005-04-01","voronoi":{"type":"Feature","geometry":{"type":"Polygon","coordinates":[[[136.756815,35.43592],[136.744378,35.428434],[136.740658,35.458363],[136.743476,35.476589],[136.758062,35.445846],[136.758315,35.445061],[136.75834,35.442375],[136.756815,35.43592]]]},"properties":{}},"extra":true},
    {"code":3002202,"id":21288,"name":"近ノ島","original_name":"近ノ島","name_kana":"ごんのしま","closed":true,"lat":35.432926,"lng":136.739988,"prefecture":21,"lines":[30022],"postal_code":"502-0909","address":"岐阜県岐阜市白菊町２丁目１２ハイツ島","open_date":"1914-03-29","closed_date":"2005-04-01","voronoi":{"type":"Feature","geometry":{"type":"Polygon","coordinates":[[[136.728804,35.420493],[136.735855,35.416357],[136.736868,35.417224],[136.739968,35.420559],[136.743075,35.425158],[136.744378,35.428434],[136.740658,35.458363],[136.728804,35.420493]]]},"properties":{}},"extra":true},
    {"code":3002203,"id":21289,"name":"旦ノ島","original_name":"旦ノ島","name_kana":"だんのしま","closed":true,"lat":35.437084,"lng":136.726705,"prefecture":21,"lines":[30022],"postal_code":"502-0921","address":"岐阜県岐阜市守口町１丁目７","open_date":"1914-03-29","closed_date":"2005-04-01","voronoi":{"type":"Feature","geometry":{"type":"Polygon","coordinates":[[[136.743476,35.476589],[136.740658,35.458363],[136.728804,35.420493],[136.71816,35.421575],[136.72506,35.492243],[136.737608,35.506311],[136.743476,35.476589]]]},"properties":{}},"extra":true},
    {"code":3002204,"id":21290,"name":"尻毛","original_name":"尻毛","name_kana":"しっけ","closed":true,"lat":35.438444,"lng":136.712776,"prefecture":21,"lines":[30022],"postal_code":"501-1151","address":"岐阜県岐阜市川部６丁目５６−５","open_date":"1914-03-29","closed_date":"2005-04-01","voronoi":{"type":"Feature","geometry":{"type":"Polygon","coordinates":[[[136.705315,35.417531],[136.71816,35.421575],[136.72506,35.492243],[136.711453,35.480422],[136.705315,35.417531]]]},"properties":{}},"extra":true},
    {"code":3002205,"id":21291,"name":"又丸","original_name":"又丸","name_kana":"またまる","closed":true,"lat":35.439492,"lng":136.702038,"prefecture":21,"lines":[30022],"postal_code":"501-1152","address":"岐阜県岐阜市又丸８６７−６","open_date":"1914-03-29","closed_date":"2005-04-01","voronoi":{"type":"Feature","geometry":{"type":"Polygon","coordinates":[[[136.705315,35.417531],[136.704051,35.416756],[136.697885,35.417928],[136.696869,35.466389],[136.702922,35.474753],[136.711453,35.480422],[136.705315,35.417531]]]},"properties":{}},"extra":true},
    {"code":3002206,"id":21292,"name":"北方東口","original_name":"北方東口","name_kana":"きたがたひがしぐち","closed":true,"lat":35.439299,"lng":136.692831,"prefecture":21,"lines":[30022],"postal_code":"501-0426","address":"岐阜県本巣郡北方町東加茂２丁目４０","open_date":"1914-03-29","closed_date":"2005-04-01","voronoi":{"type":"Feature","geometry":{"type":"Polygon","coordinates":[[[136.696869,35.466389],[136.697885,35.417928],[136.690324,35.417752],[136.688987,35.458465],[136.689397,35.459065],[136.696869,35.466389]]]},"properties":{}},"extra":true},
    {"code":3002207,"id":21293,"name":"北方千歳町","original_name":"北方千歳町","name_kana":"きたがたちとせまち","closed":true,"lat":35.439088,"lng":136.686409,"prefecture":21,"lines":[30022],"postal_code":"501-0427","address":"岐阜県本巣郡北方町栄町１丁目３０","open_date":"1914-03-29","closed_date":"2005-04-01","voronoi":{"type":"Feature","geometry":{"type":"Polygon","coordinates":[[[136.690324,35.417752],[136.68526,35.416872],[136.683085,35.452322],[136.688987,35.458465],[136.690324,35.417752]]]},"properties":{}},"extra":true},
    {"code":3002208,"id":21294,"name":"美濃北方","original_name":"美濃北方","name_kana":"みのきたがた","closed":true,"lat":35.438781,"lng":136.681404,"prefecture":21,"lines":[30022],"postal_code":"501-0425","address":"岐阜県本巣郡北方町加茂４７８−６","open_date":"1914-03-29","closed_date":"2005-04-01","voronoi":{"type":"Feature","geometry":{"type":"Polygon","coordinates":[[[136.675995,35.422453],[136.678961,35.449374],[136.683085,35.452322],[136.68526,35.416872],[136.683665,35.416405],[136.675995,35.422453]]]},"properties":{}},"extra":true},
    {"code":3002209,"id":21295,"name":"真桑","original_name":"真桑","name_kana":"まくわ","closed":true,"lat":35.437843,"lng":136.658931,"prefecture":21,"lines":[30022],"postal_code":"501-0466","address":"岐阜県本巣市下真桑","open_date":"1926-04-06","closed_date":"2005-04-01","voronoi":{"type":"Feature","geometry":{"type":"Polygon","coordinates":[[[136.650546,35.424654],[136.667984,35.426398],[136.665833,35.445538],[136.654773,35.452453],[136.650546,35.424654]]]},"properties":{}},"extra":true},
    {"code":3002210,"id":21296,"name":"政田","original_name":"政田","name_kana":"まさだ","closed":true,"lat":35.439739,"lng":136.646461,"prefecture":21,"lines":[30022],"postal_code":"501-0471","address":"岐阜県本巣市政田２６６３−５","open_date":"1926-04-06","closed_date":"2005-04-01","voronoi":{"type":"Feature","geometry":{"type":"Polygon","coordinates":[[[136.625648,35.426669],[136.648277,35.451734],[136.653276,35.45472],[136.654773,35.452453],[136.650546,35.424654],[136.631455,35.413846],[136.625648,35.426669]]]},"properties":{}},"extra":true},
    {"code":3002211,"id":21297,"name":"下方","original_name":"下方","name_kana":"しもかた","closed":true,"lat":35.448705,"lng":136.63653,"prefecture":21,"lines":[30022],"postal_code":"501-0523","address":"岐阜県揖斐郡大野町下方","open_date":"1926-10-01","closed_date":"2005-04-01","voronoi":{"type":"Feature","geometry":{"type":"Polygon","coordinates":[[[136.621168,35.452972],[136.613915,35.442863],[136.616056,35.438038],[136.625648,35.426669],[136.648277,35.451734],[136.621168,35.452972]]]},"properties":{}},"extra":true},
    {"code":3002212,"id":21298,"name":"相羽","original_name":"相羽","name_kana":"あいば","closed":true,"lat":35.455821,"lng":136.636855,"prefecture":21,"lines":[30022],"postal_code":"501-0522","address":"岐阜県揖斐郡大野町相羽１４５８−２","open_date":"1926-04-06","closed_date":"2005-04-01","voronoi":{"type":"Feature","geometry":{"type":"Polygon","coordinates":[[[136.648277,35.451734],[136.621168,35.452972],[136.622132,35.455273],[136.651749,35.466467],[136.653367,35.458949],[136.653276,35.45472],[136.648277,35.451734]]]},"properties":{}},"extra":true},
    {"code":3002213,"id":21299,"name":"黒野","original_name":"黒野","name_kana":"くろの","closed":true,"lat":35.4646,"lng":136.633537,"prefecture":21,"lines":[30022,30023],"postal_code":"501-0521","address":"岐阜県揖斐郡大野町黒野５３０","open_date":"1926-04-06","closed_date":"2005-04-01","voronoi":{"type":"Feature","geometry":{"type":"Polygon","coordinates":[[[136.622132,35.455273],[136.651749,35.466467],[136.65179,35.467339],[136.649722,35.468001],[136.635947,35.468041],[136.622528,35.460687],[136.622132,35.455273]]]},"properties":{}},"extra":true},
    {"code":3002214,"id":21300,"name":"中之元","original_name":"中之元","name_kana":"なかのもと","closed":true,"lat":35.466157,"lng":136.612203,"prefecture":21,"lines":[30022],"postal_code":"501-0565","address":"岐阜県揖斐郡大野町中之元５２０","open_date":"1928-12-20","closed_date":"2001-10-01","voronoi":{"type":"Feature","geometry":{"type":"Polygon","coordinates":[[[136.621168,35.452972],[136.613915,35.442863],[136.600276,35.449577],[136.611795,35.4969],[136.612422,35.496898],[136.612752,35.496843],[136.618643,35.485774],[136.621249,35.475349],[136.622528,35.460687],[136.622132,35.455273],[136.621168,35.452972]]]},"properties":{}},"extra":true},
    {"code":3002215,"id":21301,"name":"清水(岐阜)","original_name":"清水","name_kana":"きよみず","closed":true,"lat":35.469784,"lng":136.597303,"prefecture":21,"lines":[30022],"postal_code":"501-0615","address":"岐阜県揖斐郡揖斐川町清水１５０１−２","open_date":"1928-12-20","closed_date":"2001-10-01","voronoi":{"type":"Feature","geometry":{"type":"Polygon","coordinates":[[[136.600276,35.449577],[136.593519,35.450069],[136.591489,35.451203],[136.590882,35.451745],[136.584697,35.459659],[136.584958,35.471837],[136.606776,35.498214],[136.611795,35.4969],[136.600276,35.449577]]]},"properties":{}},"extra":true},
    {"code":3002216,"id":21302,"name":"本揖斐","original_name":"本揖斐","name_kana":"ほんいび","closed":true,"lat":35.483578,"lng":136.580627,"prefecture":21,"lines":[30022],"postal_code":"501-0619","address":"岐阜県揖斐郡揖斐川町三輪１１５５","open_date":"1928-12-20","closed_date":"2001-10-01","voronoi":{"type":"Feature","geometry":{"type":"Polygon","coordinates":[[[136.479718,35.586876],[136.487018,35.584693],[136.606776,35.498214],[136.584958,35.471837],[136.406518,35.580684],[136.407943,35.603548],[136.479718,35.586876]]]},"properties":{}},"extra":true}
  ],
  "closed_date":"2005-04-01",
  "extra":true
}