{
  "code":31009,
  "id":"bc46f2",
  "name":"近鉄山田線",
  "name_kana":"きんてつやまだせん",
  "station_size":14,
  "company_code":21,
  "closed":false,
  "color":"#40E0D0",
  "symbol":"M",
  "station_list":[
    {"code":3100548,"id":"e9fec5","name":"伊勢中川","original_name":"伊勢中川","name_kana":"いせなかがわ","closed":false,"lat":34.635028,"lng":136.477894,"prefecture":24,"numbering":["M61"],"lines":[31005,31009,31027],"attr":"heat","postal_code":"515-2321","address":"松阪市嬉野中川町７５４","voronoi":{"type":"Feature","geometry":{"type":"Polygon","coordinates":[[[136.497621,34.634533],[136.502696,34.643124],[136.49679,34.649472],[136.465531,34.649027],[136.453753,34.619826],[136.492351,34.629416],[136.497621,34.634533]]]},"properties":{}},"extra":false},
    {"code":3100902,"id":"9c0340","name":"伊勢中原","original_name":"伊勢中原","name_kana":"いせなかはら","closed":false,"lat":34.6148,"lng":136.497531,"prefecture":24,"numbering":["M62"],"lines":[31009],"attr":"heat","postal_code":"515-2332","address":"松阪市嬉野津屋城町水池１４５５","voronoi":{"type":"Feature","geometry":{"type":"Polygon","coordinates":[[[136.487802,34.605299],[136.492351,34.629416],[136.497621,34.634533],[136.504985,34.60708],[136.487802,34.605299]]]},"properties":{}},"extra":false},
    {"code":3100903,"id":"9ac96b","name":"松ヶ崎(三重)","original_name":"松ヶ崎","name_kana":"まつがさき","closed":false,"lat":34.596469,"lng":136.518937,"prefecture":24,"numbering":["M63"],"lines":[31009],"attr":"heat","postal_code":"515-2122","address":"三重県松阪市久米町1274-2","voronoi":{"type":"Feature","geometry":{"type":"Polygon","coordinates":[[[136.568023,34.636581],[136.586661,34.638259],[136.506912,34.568993],[136.509713,34.605067],[136.568023,34.636581]]]},"properties":{}},"extra":false},
    {"code":1151008,"id":"eb5420","name":"松阪","original_name":"松阪","name_kana":"まつさか","closed":false,"lat":34.577053,"lng":136.535801,"prefecture":24,"numbering":["M64"],"lines":[11510,11513,31009],"attr":"cool","postal_code":"515-0017","address":"松阪市京町","voronoi":{"type":"Feature","geometry":{"type":"Polygon","coordinates":[[[136.586661,34.638259],[136.506912,34.568993],[136.486129,34.532744],[136.499991,34.53456],[136.591313,34.616448],[136.607515,34.643631],[136.586661,34.638259]]]},"properties":{}},"extra":false},
    {"code":3100905,"id":"6daefc","name":"東松阪","original_name":"東松阪","name_kana":"ひがしまつさか","closed":false,"lat":34.565543,"lng":136.546122,"prefecture":24,"numbering":["M65"],"lines":[31009],"attr":"heat","postal_code":"515-0031","address":"松阪市大津町字久地３５３-１","voronoi":{"type":"Feature","geometry":{"type":"Polygon","coordinates":[[[136.499991,34.53456],[136.51037,34.534464],[136.572244,34.574169],[136.591313,34.616448],[136.499991,34.53456]]]},"properties":{}},"extra":false},
    {"code":3100906,"id":"f8f7c8","name":"櫛田","original_name":"櫛田","name_kana":"くしだ","closed":false,"lat":34.548879,"lng":136.583069,"prefecture":24,"numbering":["M66"],"lines":[31009],"attr":"heat","postal_code":"515-0205","address":"松阪市豊原町１１３１-５","voronoi":{"type":"Feature","geometry":{"type":"Polygon","coordinates":[[[136.572244,34.574169],[136.565689,34.536465],[136.58556,34.530185],[136.626538,34.623601],[136.639927,34.662933],[136.607515,34.643631],[136.591313,34.616448],[136.572244,34.574169]]]},"properties":{}},"extra":false},
    {"code":3100907,"id":"cd17b3","name":"漕代","original_name":"漕代","name_kana":"こいしろ","closed":false,"lat":34.541013,"lng":136.601001,"prefecture":24,"numbering":["M67"],"lines":[31009],"attr":"heat","postal_code":"515-0212","address":"松阪市稲木町１１０８-５","voronoi":{"type":"Feature","geometry":{"type":"Polygon","coordinates":[[[136.58556,34.530185],[136.626538,34.623601],[136.603715,34.518892],[136.594714,34.519723],[136.58556,34.530185]]]},"properties":{}},"extra":false},
    {"code":3100908,"id":"7a9ef9","name":"斎宮","original_name":"斎宮","name_kana":"さいくう","closed":false,"lat":34.537877,"lng":136.615389,"prefecture":24,"numbering":["M68"],"lines":[31009],"attr":"eco","postal_code":"515-0321","address":"多気郡明和町大字斎宮３０４３-３","voronoi":{"type":"Feature","geometry":{"type":"Polygon","coordinates":[[[136.623597,34.512792],[136.620017,34.51144],[136.603715,34.518892],[136.626538,34.623601],[136.639927,34.662933],[136.666099,34.683731],[136.623597,34.512792]]]},"properties":{}},"extra":false},
    {"code":3100909,"id":"9a337d","name":"明星","original_name":"明星","name_kana":"みょうじょう","closed":false,"lat":34.531112,"lng":136.642597,"prefecture":24,"numbering":["M69"],"lines":[31009],"attr":"eco","postal_code":"515-0313","address":"多気郡明和町大字明星２５６４","voronoi":{"type":"Feature","geometry":{"type":"Polygon","coordinates":[[[136.623597,34.512792],[136.666099,34.683731],[136.670239,34.687685],[136.687661,34.693314],[136.701591,34.696961],[136.714133,34.685621],[136.64899,34.50799],[136.648743,34.507725],[136.623597,34.512792]]]},"properties":{}},"extra":false},
    {"code":3100910,"id":"b3ccb1","name":"明野","original_name":"明野","name_kana":"あけの","closed":false,"lat":34.521497,"lng":136.668815,"prefecture":24,"numbering":["M70"],"lines":[31009],"attr":"eco","postal_code":"519-0501","address":"伊勢市小俣町明野５２８５-１","voronoi":{"type":"Feature","geometry":{"type":"Polygon","coordinates":[[[136.714133,34.685621],[136.64899,34.50799],[136.674908,34.513234],[136.744312,34.64289],[136.746587,34.656775],[136.721704,34.679829],[136.714133,34.685621]]]},"properties":{}},"extra":false},
    {"code":3100911,"id":"8f24cb","name":"小俣(三重)","original_name":"小俣","name_kana":"おばた","closed":false,"lat":34.512746,"lng":136.685163,"prefecture":24,"numbering":["M71"],"lines":[31009],"attr":"eco","postal_code":"519-0503","address":"伊勢市小俣町元町８２５４-５","voronoi":{"type":"Feature","geometry":{"type":"Polygon","coordinates":[[[136.73924,34.59102],[136.744312,34.64289],[136.674908,34.513234],[136.683943,34.501188],[136.692229,34.505632],[136.72078,34.531209],[136.73924,34.59102]]]},"properties":{}},"extra":false},
    {"code":3100912,"id":"545e89","name":"宮町","original_name":"宮町","name_kana":"みやまち","closed":false,"lat":34.497829,"lng":136.698526,"prefecture":24,"numbering":["M72"],"lines":[31009],"attr":"cool","postal_code":"516-0805","address":"伊勢市御薗町高向６８６","voronoi":{"type":"Feature","geometry":{"type":"Polygon","coordinates":[[[136.692229,34.505632],[136.700407,34.488296],[136.720351,34.522103],[136.72078,34.531209],[136.692229,34.505632]]]},"properties":{}},"extra":false},
    {"code":1151206,"id":"e21f5b","name":"伊勢市","original_name":"伊勢市","name_kana":"いせし","closed":false,"lat":34.49126,"lng":136.709661,"prefecture":24,"numbering":["M73"],"lines":[11512,31009],"attr":"eco","postal_code":"516-0073","address":"伊勢市吹上１丁目","voronoi":{"type":"Feature","geometry":{"type":"Polygon","coordinates":[[[136.722867,34.505705],[136.692662,34.462057],[136.700407,34.488296],[136.720351,34.522103],[136.722867,34.505705]]]},"properties":{}},"extra":false},
    {"code":3100914,"id":"cfb2c2","name":"宇治山田","original_name":"宇治山田","name_kana":"うじやまだ","closed":false,"lat":34.488256,"lng":136.714002,"prefecture":24,"numbering":["M74"],"lines":[31009,31010],"attr":"heat","postal_code":"516-0037","address":"伊勢市岩渕２-１-４３","voronoi":{"type":"Feature","geometry":{"type":"Polygon","coordinates":[[[136.692662,34.462057],[136.685184,34.442499],[136.727498,34.490046],[136.722867,34.505705],[136.692662,34.462057]]]},"properties":{}},"extra":false}
  ],
  "extra":false
}