{
  "code":31008,
  "id":305,
  "name":"近鉄湯の山線",
  "name_kana":"きんてつゆのやません",
  "station_size":10,
  "company_code":21,
  "closed":false,
  "color":"#0000FF",
  "symbol":"K",
  "station_list":[
    {"code":3100801,"id":5713,"name":"近鉄四日市（あすなろう四日市）","original_name":"近鉄四日市（あすなろう四日市）","name_kana":"きんてつよっかいち（あすなろうよっかいち）","closed":false,"lat":34.966495,"lng":136.618352,"prefecture":24,"numbering":["K21"],"lines":[31008,31013,31027,31028,31029],"attr":"eco","postal_code":"510-0075","address":"四日市市安島１-１-５６","voronoi":{"type":"Feature","geometry":{"type":"Polygon","coordinates":[[[136.611938,34.975862],[136.610409,34.967161],[136.616008,34.961066],[136.62321,34.961321],[136.625856,34.969606],[136.611938,34.975862]]]},"properties":{}},"extra":false},
    {"code":3100802,"id":5714,"name":"中川原","original_name":"中川原","name_kana":"なかがわら","closed":false,"lat":34.969242,"lng":136.602715,"prefecture":24,"numbering":["K22"],"lines":[31008],"attr":"eco","postal_code":"510-0833","address":"四日市市中川原２-２-１４","voronoi":{"type":"Feature","geometry":{"type":"Polygon","coordinates":[[[136.602491,34.999929],[136.611938,34.975862],[136.610409,34.967161],[136.604606,34.962724],[136.596379,34.961676],[136.598134,35.001339],[136.601759,35.001153],[136.602491,34.999929]]]},"properties":{}},"extra":false},
    {"code":3100803,"id":5715,"name":"伊勢松本","original_name":"伊勢松本","name_kana":"いせまつもと","closed":false,"lat":34.969772,"lng":136.590736,"prefecture":24,"numbering":["K23"],"lines":[31008],"attr":"eco","postal_code":"510-0836","address":"四日市市松本３-３-８","voronoi":{"type":"Feature","geometry":{"type":"Polygon","coordinates":[[[136.596379,34.961676],[136.598134,35.001339],[136.592754,35.00264],[136.588397,35.00248],[136.576764,34.967502],[136.577508,34.966704],[136.586296,34.961216],[136.596166,34.961466],[136.596379,34.961676]]]},"properties":{}},"extra":false},
    {"code":3100804,"id":5716,"name":"伊勢川島","original_name":"伊勢川島","name_kana":"いせかわしま","closed":false,"lat":34.977688,"lng":136.566934,"prefecture":24,"numbering":["K24"],"lines":[31008],"attr":"eco","postal_code":"512-0934","address":"四日市市川島町字川原１０５２","voronoi":{"type":"Feature","geometry":{"type":"Polygon","coordinates":[[[136.573154,35.008147],[136.551777,34.960627],[136.576764,34.967502],[136.588397,35.00248],[136.573154,35.008147]]]},"properties":{}},"extra":false},
    {"code":3100805,"id":5717,"name":"高角","original_name":"高角","name_kana":"たかつの","closed":false,"lat":34.983287,"lng":136.554488,"prefecture":24,"numbering":["K25"],"lines":[31008],"attr":"cool","postal_code":"512-0923","address":"四日市市高角町字境田２１９３-４","voronoi":{"type":"Feature","geometry":{"type":"Polygon","coordinates":[[[136.573154,35.008147],[136.569389,35.010599],[136.503684,34.946979],[136.522755,34.941937],[136.551777,34.960627],[136.573154,35.008147]]]},"properties":{}},"extra":false},
    {"code":3100806,"id":5718,"name":"桜(三重)","original_name":"桜","name_kana":"さくら","closed":false,"lat":34.996586,"lng":136.541611,"prefecture":24,"numbering":["K26"],"lines":[31008],"attr":"cool","postal_code":"512-1212","address":"四日市市智積町字武佐４１２-１","voronoi":{"type":"Feature","geometry":{"type":"Polygon","coordinates":[[[136.503684,34.946979],[136.501779,34.947189],[136.541882,35.027444],[136.564532,35.016465],[136.569389,35.010599],[136.503684,34.946979]]]},"properties":{}},"extra":false},
    {"code":3100807,"id":5719,"name":"菰野","original_name":"菰野","name_kana":"こもの","closed":false,"lat":35.0087,"lng":136.517368,"prefecture":24,"numbering":["K27"],"lines":[31008],"attr":"heat","postal_code":"510-1233","address":"三重郡菰野町大字菰野字辰巳野８９２","voronoi":{"type":"Feature","geometry":{"type":"Polygon","coordinates":[[[136.524562,35.049537],[136.521941,35.051097],[136.498141,34.964299],[136.495208,34.946493],[136.501779,34.947189],[136.541882,35.027444],[136.524562,35.049537]]]},"properties":{}},"extra":false},
    {"code":3100808,"id":5720,"name":"中菰野","original_name":"中菰野","name_kana":"なかこもの","closed":false,"lat":35.012297,"lng":136.50425,"prefecture":24,"numbering":["K28"],"lines":[31008],"attr":"heat","postal_code":"510-1233","address":"三重郡菰野町大字菰野字杉ノ木２１８９","voronoi":{"type":"Feature","geometry":{"type":"Polygon","coordinates":[[[136.521941,35.051097],[136.498141,34.964299],[136.500373,35.064746],[136.514115,35.057651],[136.521941,35.051097]]]},"properties":{}},"extra":false},
    {"code":3100809,"id":5721,"name":"大羽根園","original_name":"大羽根園","name_kana":"おおばねえん","closed":false,"lat":35.012521,"lng":136.49417,"prefecture":24,"numbering":["K29"],"lines":[31008],"attr":"heat","postal_code":"510-1233","address":"三重郡菰野町大字菰野字野中３９２８-６","voronoi":{"type":"Feature","geometry":{"type":"Polygon","coordinates":[[[136.498141,34.964299],[136.500373,35.064746],[136.489659,35.071652],[136.481104,35.073637],[136.486972,34.944084],[136.495208,34.946493],[136.498141,34.964299]]]},"properties":{}},"extra":false},
    {"code":3100810,"id":5722,"name":"湯の山温泉","original_name":"湯の山温泉","name_kana":"ゆのやまおんせん","closed":false,"lat":35.01159,"lng":136.473617,"prefecture":24,"numbering":["K30"],"lines":[31008],"attr":"heat","postal_code":"510-1233","address":"三重郡菰野町大字菰野字募４８５２","voronoi":{"type":"Feature","geometry":{"type":"Polygon","coordinates":[[[136.481104,35.073637],[136.486972,34.944084],[136.476043,34.939012],[136.439225,34.934118],[136.420988,34.936735],[136.352927,34.96975],[136.346448,34.974863],[136.346727,35.09068],[136.351131,35.094565],[136.415837,35.092705],[136.450816,35.086204],[136.481104,35.073637]]]},"properties":{}},"extra":false}
  ],
  "extra":false
}