{
  "code":31025,
  "id":"97304d",
  "name":"近鉄京都線",
  "name_kana":"きんてつきょうとせん",
  "station_size":28,
  "company_code":21,
  "closed":false,
  "color":"#EEC900",
  "symbol":"B",
  "station_list":[
    {"code":100216,"id":"deedbe","name":"京都","original_name":"京都","name_kana":"きょうと","closed":false,"lat":34.985465,"lng":135.757748,"prefecture":26,"numbering":["B01"],"lines":[1002,11601,11602,11605,11614,11618,31025,99610],"attr":"heat","postal_code":"600-8216","address":"京都市下京区烏丸通塩小路下ル東塩小路町","voronoi":{"type":"Feature","geometry":{"type":"Polygon","coordinates":[[[135.761906,34.989727],[135.751517,34.991785],[135.750463,34.987145],[135.756369,34.981564],[135.763899,34.983817],[135.764023,34.984183],[135.761906,34.989727]]]},"properties":{}},"extra":false},
    {"code":3102502,"id":"0eda7c","name":"東寺","original_name":"東寺","name_kana":"とうじ","closed":false,"lat":34.979967,"lng":135.752553,"prefecture":26,"numbering":["B02"],"lines":[31025],"attr":"heat","postal_code":"601-8414","address":"京都市南区西九条蔵王町３９","voronoi":{"type":"Feature","geometry":{"type":"Polygon","coordinates":[[[135.741952,34.97722],[135.755775,34.976897],[135.756369,34.981564],[135.750463,34.987145],[135.742,34.97813],[135.741952,34.97722]]]},"properties":{}},"extra":false},
    {"code":3102503,"id":"77d6ff","name":"十条(近畿日本鉄道)","original_name":"十条","name_kana":"じゅうじょう","closed":false,"lat":34.97398,"lng":135.752413,"prefecture":26,"numbering":["B03"],"lines":[31025],"attr":"heat","postal_code":"601-8435","address":"京都市南区西九条柳の内町1","voronoi":{"type":"Feature","geometry":{"type":"Polygon","coordinates":[[[135.75515,34.969621],[135.739217,34.969239],[135.741952,34.97722],[135.755775,34.976897],[135.756661,34.975633],[135.75515,34.969621]]]},"properties":{}},"extra":false},
    {"code":3102504,"id":"df065a","name":"上鳥羽口","original_name":"上鳥羽口","name_kana":"かみとばぐち","closed":false,"lat":34.965135,"lng":135.752625,"prefecture":26,"numbering":["B04"],"lines":[31025],"attr":"heat","postal_code":"612-8417","address":"京都市伏見区竹田向代町川町１１０","voronoi":{"type":"Feature","geometry":{"type":"Polygon","coordinates":[[[135.739217,34.969239],[135.731552,34.959179],[135.731557,34.958563],[135.733107,34.952116],[135.753317,34.960546],[135.757009,34.967771],[135.75515,34.969621],[135.739217,34.969239]]]},"properties":{}},"extra":false},
    {"code":3102505,"id":"1e4e3d","name":"竹田(京都)","original_name":"竹田","name_kana":"たけだ","closed":false,"lat":34.956825,"lng":135.756091,"prefecture":26,"numbering":["B05"],"lines":[31025,99610],"attr":"heat","postal_code":"612-8421","address":"京都市伏見区竹田桶ノ井町","voronoi":{"type":"Feature","geometry":{"type":"Polygon","coordinates":[[[135.753317,34.960546],[135.733107,34.952116],[135.733675,34.938879],[135.763131,34.953614],[135.763145,34.958277],[135.753317,34.960546]]]},"properties":{}},"extra":false},
    {"code":3102506,"id":"cf2a9e","name":"伏見(京都)","original_name":"伏見","name_kana":"ふしみ","closed":false,"lat":34.946054,"lng":135.761479,"prefecture":26,"numbering":["B06"],"lines":[31025],"attr":"heat","postal_code":"612-8432","address":"京都市伏見区深草柴田屋敷町７９","voronoi":{"type":"Feature","geometry":{"type":"Polygon","coordinates":[[[135.73358,34.938318],[135.733675,34.938879],[135.763131,34.953614],[135.763581,34.953249],[135.76619,34.943976],[135.754569,34.937533],[135.752297,34.937045],[135.73358,34.938318]]]},"properties":{}},"extra":false},
    {"code":3102507,"id":"8ec5e5","name":"近鉄丹波橋","original_name":"近鉄丹波橋","name_kana":"きんてつたんばばし","closed":false,"lat":34.938299,"lng":135.766262,"prefecture":26,"numbering":["B07"],"lines":[31025],"attr":"heat","postal_code":"612-0072","address":"京都市伏見区桃山筒井伊賀東町４５","voronoi":{"type":"Feature","geometry":{"type":"Polygon","coordinates":[[[135.764061,34.936093],[135.768957,34.942888],[135.77248,34.941869],[135.774074,34.940362],[135.768878,34.935388],[135.764061,34.936093]]]},"properties":{}},"extra":false},
    {"code":3102508,"id":"09f097","name":"桃山御陵前","original_name":"桃山御陵前","name_kana":"ももやまごりょうまえ","closed":false,"lat":34.933349,"lng":135.765537,"prefecture":26,"numbering":["B08"],"lines":[31025],"attr":"heat","postal_code":"612-8101","address":"京都市伏見区観音寺町２９","voronoi":{"type":"Feature","geometry":{"type":"Polygon","coordinates":[[[135.764061,34.936093],[135.762961,34.936077],[135.766586,34.930428],[135.768436,34.931523],[135.768878,34.935388],[135.764061,34.936093]]]},"properties":{}},"extra":false},
    {"code":3102509,"id":"95bf8d","name":"向島","original_name":"向島","name_kana":"むかいじま","closed":false,"lat":34.914924,"lng":135.769681,"prefecture":26,"numbering":["B09"],"lines":[31025],"attr":"heat","postal_code":"612-8155","address":"京都市伏見区向島東定請１１","voronoi":{"type":"Feature","geometry":{"type":"Polygon","coordinates":[[[135.78643,34.909925],[135.757579,34.893798],[135.747879,34.891038],[135.745005,34.905051],[135.765318,34.921211],[135.777615,34.92218],[135.784657,34.916068],[135.78653,34.911553],[135.78643,34.909925]]]},"properties":{}},"extra":false},
    {"code":3102510,"id":"01b1dc","name":"小倉(京都)","original_name":"小倉","name_kana":"おぐら","closed":false,"lat":34.89304,"lng":135.781914,"prefecture":26,"numbering":["B10"],"lines":[31025],"attr":"heat","postal_code":"611-0042","address":"宇治市小倉町神楽町３５-４","voronoi":{"type":"Feature","geometry":{"type":"Polygon","coordinates":[[[135.792317,34.903455],[135.78643,34.909925],[135.757579,34.893798],[135.780562,34.887594],[135.792393,34.899803],[135.792688,34.901925],[135.792317,34.903455]]]},"properties":{}},"extra":false},
    {"code":3102511,"id":"b51f0b","name":"伊勢田","original_name":"伊勢田","name_kana":"いせだ","closed":false,"lat":34.882208,"lng":135.77899,"prefecture":26,"numbering":["B11"],"lines":[31025],"attr":"heat","postal_code":"611-0043","address":"宇治市伊勢田町中山２５","voronoi":{"type":"Feature","geometry":{"type":"Polygon","coordinates":[[[135.778903,34.878055],[135.746125,34.886257],[135.747879,34.891038],[135.757579,34.893798],[135.780562,34.887594],[135.788044,34.880044],[135.778903,34.878055]]]},"properties":{}},"extra":false},
    {"code":3102512,"id":"66f23d","name":"大久保(京都)","original_name":"大久保","name_kana":"おおくぼ","closed":false,"lat":34.874351,"lng":135.777024,"prefecture":26,"numbering":["B12"],"lines":[31025],"attr":"heat","postal_code":"611-0031","address":"宇治市広野町西裏８１-２","voronoi":{"type":"Feature","geometry":{"type":"Polygon","coordinates":[[[135.778812,34.868981],[135.74167,34.877576],[135.746125,34.886257],[135.778903,34.878055],[135.778812,34.868981]]]},"properties":{}},"extra":false},
    {"code":3102513,"id":"4d537d","name":"久津川","original_name":"久津川","name_kana":"くつがわ","closed":false,"lat":34.864943,"lng":135.774847,"prefecture":26,"numbering":["B13"],"lines":[31025],"attr":"cool","postal_code":"610-0101","address":"城陽市平川東垣外１-４","voronoi":{"type":"Feature","geometry":{"type":"Polygon","coordinates":[[[135.775492,34.858607],[135.785166,34.865008],[135.778812,34.868981],[135.74167,34.877576],[135.736813,34.870634],[135.736812,34.87063],[135.738911,34.867499],[135.775492,34.858607]]]},"properties":{}},"extra":false},
    {"code":3102514,"id":"c66aa3","name":"寺田(京都)","original_name":"寺田","name_kana":"てらだ","closed":false,"lat":34.853275,"lng":135.772011,"prefecture":26,"numbering":["B14"],"lines":[31025],"attr":"cool","postal_code":"610-0121","address":"城陽市寺田樋尻４１-３","voronoi":{"type":"Feature","geometry":{"type":"Polygon","coordinates":[[[135.757238,34.845677],[135.74197,34.860705],[135.738911,34.867499],[135.775492,34.858607],[135.778352,34.847148],[135.757238,34.845677]]]},"properties":{}},"extra":false},
    {"code":3102515,"id":"1a75b6","name":"富野荘","original_name":"富野荘","name_kana":"とのしょう","closed":false,"lat":34.840201,"lng":135.772922,"prefecture":26,"numbering":["B15"],"lines":[31025],"attr":"cool","postal_code":"610-0117","address":"城陽市枇杷庄鹿背田５８","voronoi":{"type":"Feature","geometry":{"type":"Polygon","coordinates":[[[135.778352,34.847148],[135.757238,34.845677],[135.762629,34.832479],[135.772169,34.830351],[135.782761,34.830288],[135.780778,34.845859],[135.778352,34.847148]]]},"properties":{}},"extra":false},
    {"code":3102516,"id":"294bd2","name":"新田辺","original_name":"新田辺","name_kana":"しんたなべ","closed":false,"lat":34.820492,"lng":135.772805,"prefecture":26,"numbering":["B16"],"lines":[31025],"attr":"cool","postal_code":"610-0361","address":"京田辺市河原食田２-３","voronoi":{"type":"Feature","geometry":{"type":"Polygon","coordinates":[[[135.772169,34.830351],[135.769311,34.811327],[135.787638,34.82009],[135.785349,34.828276],[135.782761,34.830288],[135.772169,34.830351]]]},"properties":{}},"extra":false},
    {"code":3102517,"id":"bac23e","name":"興戸","original_name":"興戸","name_kana":"こうど","closed":false,"lat":34.808293,"lng":135.778638,"prefecture":26,"numbering":["B17"],"lines":[31025],"attr":"cool","postal_code":"610-0332","address":"京田辺市興戸北落延６-１","voronoi":{"type":"Feature","geometry":{"type":"Polygon","coordinates":[[[135.763405,34.806733],[135.769311,34.811327],[135.787638,34.82009],[135.79124,34.816191],[135.792989,34.811265],[135.786791,34.806696],[135.763405,34.806733]]]},"properties":{}},"extra":false},
    {"code":3102518,"id":"4f3b30","name":"三山木","original_name":"三山木","name_kana":"みやまき","closed":false,"lat":34.798435,"lng":135.785905,"prefecture":26,"numbering":["B18"],"lines":[31025],"attr":"cool","postal_code":"610-0313","address":"京田辺市三山木高飛２-６","voronoi":{"type":"Feature","geometry":{"type":"Polygon","coordinates":[[[135.792989,34.811265],[135.786791,34.806696],[135.784776,34.804505],[135.785522,34.794704],[135.796638,34.79707],[135.795737,34.808443],[135.792989,34.811265]]]},"properties":{}},"extra":false},
    {"code":3102519,"id":"e8e4d4","name":"近鉄宮津","original_name":"近鉄宮津","name_kana":"きんてつみやづ","closed":false,"lat":34.791453,"lng":135.787391,"prefecture":26,"numbering":["B19"],"lines":[31025],"attr":"eco","postal_code":"610-0314","address":"京田辺市宮津灰崎３-１","voronoi":{"type":"Feature","geometry":{"type":"Polygon","coordinates":[[[135.796638,34.79707],[135.785522,34.794704],[135.763125,34.785548],[135.758919,34.782854],[135.789694,34.786202],[135.800486,34.788341],[135.796638,34.79707]]]},"properties":{}},"extra":false},
    {"code":3102520,"id":"dc9454","name":"狛田","original_name":"狛田","name_kana":"こまだ","closed":false,"lat":34.78047,"lng":135.789568,"prefecture":26,"numbering":["B20"],"lines":[31025],"attr":"eco","postal_code":"619-0245","address":"相楽郡精華町大字下狛小字下新庄６２-１","voronoi":{"type":"Feature","geometry":{"type":"Polygon","coordinates":[[[135.800486,34.788341],[135.804428,34.784838],[135.801597,34.77179],[135.79672,34.771056],[135.787912,34.769954],[135.789694,34.786202],[135.800486,34.788341]]]},"properties":{}},"extra":false},
    {"code":3102521,"id":"ff7533","name":"新祝園","original_name":"新祝園","name_kana":"しんほうその","closed":false,"lat":34.759953,"lng":135.792657,"prefecture":26,"numbering":["B21"],"lines":[31025],"attr":"eco","postal_code":"619-0241","address":"相楽郡精華町大字祝園小字長塚１３-１","voronoi":{"type":"Feature","geometry":{"type":"Polygon","coordinates":[[[135.789206,34.752013],[135.807399,34.756576],[135.808699,34.760484],[135.801597,34.77179],[135.79672,34.771056],[135.789206,34.752013]]]},"properties":{}},"extra":false},
    {"code":3102522,"id":"5ee1ce","name":"木津川台","original_name":"木津川台","name_kana":"きづがわだい","closed":false,"lat":34.746641,"lng":135.795996,"prefecture":26,"numbering":["B22"],"lines":[31025],"attr":"eco","postal_code":"619-0221","address":"木津川市吐師","voronoi":{"type":"Feature","geometry":{"type":"Polygon","coordinates":[[[135.807399,34.756576],[135.789206,34.752013],[135.773346,34.747454],[135.79862,34.741244],[135.808456,34.749565],[135.807399,34.756576]]]},"properties":{}},"extra":false},
    {"code":3102523,"id":"e20877","name":"山田川","original_name":"山田川","name_kana":"やまだがわ","closed":false,"lat":34.737678,"lng":135.793794,"prefecture":26,"numbering":["B23"],"lines":[31025],"attr":"eco","postal_code":"619-0231","address":"相楽郡精華町大字山田小字下河原３-１","voronoi":{"type":"Feature","geometry":{"type":"Polygon","coordinates":[[[135.79862,34.741244],[135.773346,34.747454],[135.769054,34.747132],[135.772772,34.733349],[135.798719,34.729772],[135.79862,34.741244]]]},"properties":{}},"extra":false},
    {"code":3102524,"id":"528cf3","name":"高の原","original_name":"高の原","name_kana":"たかのはら","closed":false,"lat":34.723494,"lng":135.791839,"prefecture":29,"numbering":["B24"],"lines":[31025],"attr":"eco","postal_code":"631-0806","address":"奈良市朱雀３-１２-３","voronoi":{"type":"Feature","geometry":{"type":"Polygon","coordinates":[[[135.805943,34.723865],[135.796026,34.709887],[135.771595,34.718011],[135.772772,34.733349],[135.798719,34.729772],[135.805943,34.723865]]]},"properties":{}},"extra":false},
    {"code":3102525,"id":"72d224","name":"平城","original_name":"平城","name_kana":"へいじょう","closed":false,"lat":34.701496,"lng":135.784524,"prefecture":29,"numbering":["B25"],"lines":[31025],"attr":"eco","postal_code":"631-0803","address":"奈良市山陵町宮の前２６９-１２","voronoi":{"type":"Feature","geometry":{"type":"Polygon","coordinates":[[[135.772978,34.699398],[135.770378,34.71645],[135.771595,34.718011],[135.796026,34.709887],[135.800247,34.697731],[135.798584,34.695015],[135.772978,34.699398]]]},"properties":{}},"extra":false},
    {"code":3100201,"id":"2b87ba","name":"大和西大寺","original_name":"大和西大寺","name_kana":"やまとさいだいじ","closed":false,"lat":34.69358,"lng":135.783169,"prefecture":29,"numbering":["B26","A26"],"lines":[31002,31020,31025],"attr":"eco","postal_code":"631-0823","address":"奈良市西大寺国見町１-１-１","voronoi":{"type":"Feature","geometry":{"type":"Polygon","coordinates":[[[135.772978,34.699398],[135.770488,34.686984],[135.796426,34.687712],[135.798584,34.695015],[135.772978,34.699398]]]},"properties":{}},"extra":false},
    {"code":3102018,"id":"9a4f3c","name":"新大宮","original_name":"新大宮","name_kana":"しんおおみや","closed":false,"lat":34.685434,"lng":135.810744,"prefecture":29,"numbering":["A27"],"lines":[31020,31025],"attr":"eco","postal_code":"630-8114","address":"奈良市芝辻町４-１５-５","voronoi":{"type":"Feature","geometry":{"type":"Polygon","coordinates":[[[135.819987,34.698119],[135.800247,34.697731],[135.798584,34.695015],[135.796426,34.687712],[135.798382,34.675402],[135.80393,34.665058],[135.803996,34.665022],[135.819492,34.690653],[135.819987,34.698119]]]},"properties":{}},"extra":false},
    {"code":3102019,"id":"0cc8f8","name":"近鉄奈良","original_name":"近鉄奈良","name_kana":"きんてつなら","closed":false,"lat":34.684323,"lng":135.827472,"prefecture":29,"numbering":["A28"],"lines":[31020,31025],"attr":"eco","postal_code":"630-8215","address":"奈良市東向中町２９","voronoi":{"type":"Feature","geometry":{"type":"Polygon","coordinates":[[[135.825626,34.677018],[135.819492,34.690653],[135.819987,34.698119],[135.839247,34.710823],[135.859216,34.711858],[135.906699,34.682543],[135.825626,34.677018]]]},"properties":{}},"extra":false}
  ],
  "extra":false
}