{
  "code":31023,
  "id":320,
  "name":"近鉄けいはんな線",
  "name_kana":"きんてつけいはんなせん",
  "station_size":8,
  "company_code":21,
  "closed":false,
  "color":"#228B22",
  "symbol":"C",
  "station_list":[
    {"code":3102301,"id":5815,"name":"長田(大阪)","original_name":"長田","name_kana":"ながた","closed":false,"lat":34.678747,"lng":135.591919,"prefecture":27,"numbering":["C23"],"lines":[31023,99621],"attr":"heat","postal_code":"577-0013","address":"東大阪市長田中２-２１-２","voronoi":{"type":"Feature","geometry":{"type":"Polygon","coordinates":[[[135.582516,34.682399],[135.582516,34.674294],[135.585713,34.672045],[135.598335,34.669992],[135.598499,34.687737],[135.591901,34.689627],[135.582516,34.682399]]]},"properties":{}},"extra":false},
    {"code":3102302,"id":5816,"name":"荒本","original_name":"荒本","name_kana":"あらもと","closed":false,"lat":34.678627,"lng":135.604912,"prefecture":27,"numbering":["C24"],"lines":[31023],"attr":"heat","postal_code":"577-0011","address":"東大阪市荒本北５００-１","voronoi":{"type":"Feature","geometry":{"type":"Polygon","coordinates":[[[135.598335,34.669992],[135.598499,34.687737],[135.612615,34.692786],[135.613409,34.692309],[135.615036,34.673546],[135.613707,34.672424],[135.599083,34.669217],[135.598335,34.669992]]]},"properties":{}},"extra":false},
    {"code":3102303,"id":5817,"name":"吉田(大阪)","original_name":"吉田","name_kana":"よした","closed":false,"lat":34.680294,"lng":135.624135,"prefecture":27,"numbering":["C25"],"lines":[31023],"attr":"eco","postal_code":"578-0903","address":"東大阪市今米１-１-６","voronoi":{"type":"Feature","geometry":{"type":"Polygon","coordinates":[[[135.6229,34.670957],[135.632422,34.672379],[135.632632,34.694265],[135.613409,34.692309],[135.615036,34.673546],[135.6229,34.670957]]]},"properties":{}},"extra":false},
    {"code":3102304,"id":5818,"name":"新石切","original_name":"新石切","name_kana":"しんいしきり","closed":false,"lat":34.680133,"lng":135.640859,"prefecture":27,"numbering":["C26"],"lines":[31023],"attr":"eco","postal_code":"579-8013","address":"東大阪市西石切町３-３","voronoi":{"type":"Feature","geometry":{"type":"Polygon","coordinates":[[[135.644692,34.675012],[135.639021,34.671139],[135.633305,34.671679],[135.632422,34.672379],[135.632632,34.694265],[135.6394,34.699285],[135.64234,34.699586],[135.648072,34.681993],[135.644692,34.675012]]]},"properties":{}},"extra":false},
    {"code":3101601,"id":5763,"name":"生駒","original_name":"生駒","name_kana":"いこま","closed":false,"lat":34.693082,"lng":135.698006,"prefecture":29,"numbering":["C27"],"lines":[31016,31020,31023],"attr":"heat","postal_code":"630-0257","address":"生駒市元町１-１-１","voronoi":{"type":"Feature","geometry":{"type":"Polygon","coordinates":[[[135.687537,34.720286],[135.705905,34.707701],[135.704131,34.691333],[135.699455,34.685904],[135.687537,34.720286]]]},"properties":{}},"extra":false},
    {"code":3102306,"id":5819,"name":"白庭台","original_name":"白庭台","name_kana":"しらにわだい","closed":false,"lat":34.720345,"lng":135.716686,"prefecture":29,"numbering":["C28"],"lines":[31023],"attr":"eco","postal_code":"630-0136","address":"生駒市白庭台６丁目２１９２-２","voronoi":{"type":"Feature","geometry":{"type":"Polygon","coordinates":[[[135.728984,34.709529],[135.703865,34.745432],[135.681125,34.730961],[135.67878,34.72673],[135.687537,34.720286],[135.705905,34.707701],[135.721491,34.704325],[135.728984,34.709529]]]},"properties":{}},"extra":false},
    {"code":3102307,"id":5820,"name":"学研北生駒","original_name":"学研北生駒","name_kana":"がっけんきたいこま","closed":false,"lat":34.724789,"lng":135.723038,"prefecture":29,"numbering":["C29"],"lines":[31023],"attr":"cool","postal_code":"630-0131","address":"生駒市上町３５３５-６","voronoi":{"type":"Feature","geometry":{"type":"Polygon","coordinates":[[[135.738482,34.713193],[135.728984,34.709529],[135.703865,34.745432],[135.73347,34.77061],[135.735024,34.771119],[135.738482,34.713193]]]},"properties":{}},"extra":false},
    {"code":3102308,"id":5821,"name":"学研奈良登美ヶ丘","original_name":"学研奈良登美ヶ丘","name_kana":"がっけんならとみがおか","closed":false,"lat":34.726544,"lng":135.752436,"prefecture":29,"numbering":["C30"],"lines":[31023],"attr":"cool","postal_code":"631-0003","address":"奈良県奈良市中登美ヶ丘六丁目1-1","voronoi":{"type":"Feature","geometry":{"type":"Polygon","coordinates":[[[135.770378,34.716451],[135.771595,34.718011],[135.772782,34.733347],[135.769071,34.747133],[135.754613,34.76419],[135.739442,34.774336],[135.735024,34.771119],[135.738482,34.713193],[135.739034,34.712891],[135.754388,34.711475],[135.770378,34.716451]]]},"properties":{}},"extra":false}
  ],
  "extra":false
}