{
  "code":31032,
  "id":"131e36",
  "name":"近鉄北勢線",
  "name_kana":"きんてつほくせいせん",
  "station_size":16,
  "company_code":21,
  "closed":true,
  "station_list":[
    {"code":9952901,"id":"013d97","name":"西桑名","original_name":"西桑名","name_kana":"にしくわな","closed":false,"lat":35.065694,"lng":136.684034,"prefecture":24,"lines":[99529,31032],"attr":"eco","postal_code":"511-0061","address":"桑名市寿町２-３１","voronoi":{"type":"Feature","geometry":{"type":"Polygon","coordinates":[[[136.678405,35.065953],[136.681032,35.06191],[136.755641,35.010168],[136.762729,35.020255],[136.764168,35.034289],[136.757775,35.042423],[136.73205,35.065821],[136.719391,35.070615],[136.678405,35.065953]]]},"properties":{}},"extra":false},
    {"code":9952902,"id":"cae652","name":"馬道","original_name":"馬道","name_kana":"うまみち","closed":false,"lat":35.060705,"lng":136.676354,"prefecture":24,"lines":[99529,31032],"attr":"eco","postal_code":"511-0835","address":"桑名市大字本願寺字笠松２２８-２","voronoi":{"type":"Feature","geometry":{"type":"Polygon","coordinates":[[[136.675242,35.06945],[136.670391,35.068964],[136.671687,35.054945],[136.681032,35.06191],[136.678405,35.065953],[136.675242,35.06945]]]},"properties":{}},"extra":false},
    {"code":9952903,"id":"737555","name":"西別所","original_name":"西別所","name_kana":"にしべっしょ","closed":false,"lat":35.059752,"lng":136.666043,"prefecture":24,"lines":[99529,31032],"attr":"eco","postal_code":"511-0851","address":"桑名市大字西別所１８０-２","voronoi":{"type":"Feature","geometry":{"type":"Polygon","coordinates":[[[136.670391,35.068964],[136.659016,35.074225],[136.659197,35.047935],[136.670814,35.049436],[136.671687,35.054945],[136.670391,35.068964]]]},"properties":{}},"extra":false},
    {"code":9952904,"id":"af9168","name":"蓮花寺","original_name":"蓮花寺","name_kana":"れんげじ","closed":false,"lat":35.059657,"lng":136.652189,"prefecture":24,"lines":[99529,31032],"attr":"eco","postal_code":"511-0854","address":"桑名市大字蓮花寺１８３-４","voronoi":{"type":"Feature","geometry":{"type":"Polygon","coordinates":[[[136.658665,35.047522],[136.646077,35.044681],[136.650331,35.079677],[136.655659,35.078273],[136.659016,35.074225],[136.659197,35.047935],[136.658665,35.047522]]]},"properties":{}},"extra":false},
    {"code":9952905,"id":"a2f9e7","name":"在良","original_name":"在良","name_kana":"ありよし","closed":false,"lat":35.060685,"lng":136.643731,"prefecture":24,"lines":[99529,31032],"attr":"eco","postal_code":"511-0911","address":"桑名市大字額田字中縄３８１-１","voronoi":{"type":"Feature","geometry":{"type":"Polygon","coordinates":[[[136.634821,35.042419],[136.644017,35.082895],[136.650331,35.079677],[136.646077,35.044681],[136.639472,35.04117],[136.634821,35.042419]]]},"properties":{}},"extra":false},
    {"code":3103205,"id":"d86224","name":"坂井橋","original_name":"坂井橋","name_kana":"さかいばし","closed":true,"lat":35.062742,"lng":136.634678,"prefecture":24,"lines":[99529,31032],"postal_code":"511-0911","address":"三重県桑名市額田１６２２−６","open_date":"1914-04-05","closed_date":"2005-03-26","voronoi":{"type":"Feature","geometry":{"type":"Polygon","coordinates":[[[136.634821,35.042419],[136.633171,35.042472],[136.625979,35.045882],[136.640455,35.085786],[136.644017,35.082895],[136.634821,35.042419]]]},"properties":{}},"extra":true},
    {"code":9952907,"id":"53bb9c","name":"七和","original_name":"七和","name_kana":"ななわ","closed":false,"lat":35.06888,"lng":136.615722,"prefecture":24,"lines":[99529,31032],"attr":"eco","postal_code":"511-0944","address":"桑名市大字芳ケ崎字屋敷田６０２-７","voronoi":{"type":"Feature","geometry":{"type":"Polygon","coordinates":[[[136.60337,35.052859],[136.617442,35.049058],[136.631031,35.09269],[136.621166,35.099301],[136.60337,35.052859]]]},"properties":{}},"extra":false},
    {"code":9952908,"id":"04152e","name":"穴太(三重)","original_name":"穴太","name_kana":"あのう","closed":false,"lat":35.073032,"lng":136.604887,"prefecture":24,"lines":[99529,31032],"attr":"cool","postal_code":"511-0253","address":"員弁郡東員町大字筑紫字堤田８８７-７","voronoi":{"type":"Feature","geometry":{"type":"Polygon","coordinates":[[[136.621166,35.099301],[136.610137,35.110197],[136.593248,35.055627],[136.599786,35.052762],[136.60337,35.052859],[136.621166,35.099301]]]},"properties":{}},"extra":false},
    {"code":3103209,"id":"b8943f","name":"六把野","original_name":"六把野","name_kana":"ろっぱの","closed":true,"lat":35.076564,"lng":136.593475,"prefecture":24,"lines":[99529,31032],"postal_code":"511-0242","address":"三重県員弁郡東員町六把野新田３０３−１","open_date":"1914-04-05","closed_date":"2005-03-26","voronoi":{"type":"Feature","geometry":{"type":"Polygon","coordinates":[[[136.586891,35.056417],[136.586005,35.057929],[136.59696,35.104836],[136.599308,35.107792],[136.605559,35.114648],[136.608877,35.111918],[136.610137,35.110197],[136.593248,35.055627],[136.586891,35.056417]]]},"properties":{}},"extra":true},
    {"code":3103210,"id":"553b6d","name":"大泉東","original_name":"大泉東","name_kana":"おおいずみひがし","closed":true,"lat":35.091472,"lng":136.569983,"prefecture":24,"lines":[99529,31032],"postal_code":"511-0215","address":"三重県いなべ市員弁町東一色６１２−２","open_date":"1914-04-05","closed_date":"2004-04-01","voronoi":{"type":"Feature","geometry":{"type":"Polygon","coordinates":[[[136.557608,35.088131],[136.572324,35.076328],[136.58464,35.092334],[136.560542,35.093865],[136.557713,35.093408],[136.557608,35.088131]]]},"properties":{}},"extra":true},
    {"code":3103211,"id":"2cac1f","name":"長宮","original_name":"長宮","name_kana":"ながみや","closed":true,"lat":35.099108,"lng":136.56875,"prefecture":24,"lines":[99529,31032],"postal_code":"511-0224","address":"三重県いなべ市員弁町大泉１２０６長宮公園","open_date":"1914-04-05","closed_date":"2004-04-01","voronoi":{"type":"Feature","geometry":{"type":"Polygon","coordinates":[[[136.599308,35.107792],[136.605559,35.114648],[136.598565,35.129108],[136.556003,35.099],[136.557713,35.093408],[136.560542,35.093865],[136.599308,35.107792]]]},"properties":{}},"extra":true},
    {"code":9952911,"id":"128a50","name":"楚原","original_name":"楚原","name_kana":"そはら","closed":false,"lat":35.110984,"lng":136.560349,"prefecture":24,"lines":[99529,31032],"attr":"cool","postal_code":"511-0202","address":"いなべ市員弁町大字楚原字宮の腰５４４-１","voronoi":{"type":"Feature","geometry":{"type":"Polygon","coordinates":[[[136.598565,35.129108],[136.556003,35.099],[136.550534,35.103305],[136.54972,35.107804],[136.568809,35.144948],[136.581089,35.158248],[136.596746,35.135492],[136.598565,35.129108]]]},"properties":{}},"extra":false},
    {"code":3103212,"id":"73cb1e","name":"上笠田","original_name":"上笠田","name_kana":"かみかさだ","closed":true,"lat":35.118297,"lng":136.546119,"prefecture":24,"lines":[99529,31032],"postal_code":"511-0207","address":"三重県いなべ市員弁町上笠田６３８","open_date":"1916-08-06","closed_date":"2006-04-01","voronoi":{"type":"Feature","geometry":{"type":"Polygon","coordinates":[[[136.532694,35.119121],[136.54972,35.107804],[136.568809,35.144948],[136.532961,35.1207],[136.532694,35.119121]]]},"properties":{}},"extra":true},
    {"code":9952912,"id":"6b5ff1","name":"麻生田","original_name":"麻生田","name_kana":"おうだ","closed":false,"lat":35.133807,"lng":136.535628,"prefecture":24,"lines":[99529,31032],"attr":"heat","postal_code":"511-0427","address":"いなべ市北勢町大字麻生田字南一色２００３-２","voronoi":{"type":"Feature","geometry":{"type":"Polygon","coordinates":[[[136.568809,35.144948],[136.581089,35.158248],[136.580873,35.159026],[136.576388,35.167777],[136.525091,35.132012],[136.532961,35.1207],[136.568809,35.144948]]]},"properties":{}},"extra":false},
    {"code":3103213,"id":"856762","name":"六石","original_name":"六石","name_kana":"ろっこく","closed":true,"lat":35.141278,"lng":136.530419,"prefecture":24,"lines":[99529,31032],"postal_code":"511-0427","address":"三重県いなべ市北勢町麻生田１５８２−５","open_date":"1914-04-05","closed_date":"2004-04-01","voronoi":{"type":"Feature","geometry":{"type":"Polygon","coordinates":[[[136.576388,35.167777],[136.574543,35.172294],[136.569553,35.180223],[136.552844,35.194989],[136.54702,35.196903],[136.522113,35.137809],[136.525051,35.132035],[136.525091,35.132012],[136.576388,35.167777]]]},"properties":{}},"extra":true},
    {"code":9952913,"id":"e58856","name":"阿下喜","original_name":"阿下喜","name_kana":"あげき","closed":false,"lat":35.146177,"lng":136.518796,"prefecture":24,"lines":[99529,31032],"attr":"heat","postal_code":"511-0428","address":"いなべ市北勢町大字阿下喜字塚原６８７","voronoi":{"type":"Feature","geometry":{"type":"Polygon","coordinates":[[[136.522113,35.137809],[136.508516,35.142373],[136.510314,35.16677],[136.531821,35.203807],[136.54702,35.196903],[136.522113,35.137809]]]},"properties":{}},"extra":false}
  ],
  "closed_date":"2003-04-01",
  "extra":true
}