{
  "code":32001,
  "id":"79e172",
  "name":"南海本線",
  "name_kana":"なんかいほんせん",
  "station_size":41,
  "company_code":22,
  "closed":false,
  "color":"#0065AF",
  "symbol":"NK",
  "station_list":[
    {"code":3200101,"id":"12e313","name":"難波","original_name":"難波","name_kana":"なんば","closed":false,"lat":34.66357,"lng":135.501949,"prefecture":27,"numbering":["NK01"],"lines":[32001,32007],"attr":"cool","postal_code":"542-0076","address":"大阪市中央区難波５-１-６０","voronoi":{"type":"Feature","geometry":{"type":"Polygon","coordinates":[[[135.497054,34.661384],[135.497685,34.662856],[135.503102,34.666154],[135.507625,34.660975],[135.503611,34.659261],[135.500621,34.659409],[135.497054,34.661384]]]},"properties":{}},"extra":false},
    {"code":1160720,"id":"13b494","name":"新今宮","original_name":"新今宮","name_kana":"しんいまみや","closed":false,"lat":34.650149,"lng":135.501076,"prefecture":27,"numbering":["NK03"],"lines":[11607,11623,32001,32007],"attr":"heat","postal_code":"556-0003","address":"大阪市浪速区恵美須西３丁目","voronoi":{"type":"Feature","geometry":{"type":"Polygon","coordinates":[[[135.502934,34.652495],[135.501677,34.647918],[135.500608,34.647614],[135.495862,34.649799],[135.496771,34.651638],[135.498973,34.652855],[135.502934,34.652495]]]},"properties":{}},"extra":false},
    {"code":3200103,"id":"0d8697","name":"天下茶屋","original_name":"天下茶屋","name_kana":"てんがちゃや","closed":false,"lat":34.636847,"lng":135.496673,"prefecture":27,"numbering":["NK05"],"lines":[32001,32007,99623,32010],"attr":"cool","postal_code":"557-0041","address":"大阪市西成区岸里１-１-１０","voronoi":{"type":"Feature","geometry":{"type":"Polygon","coordinates":[[[135.49298,34.638209],[135.496723,34.633953],[135.4983,34.635054],[135.49861,34.638335],[135.497342,34.640612],[135.493573,34.640594],[135.49298,34.638209]]]},"properties":{}},"extra":false},
    {"code":3200104,"id":"857d8a","name":"岸里玉出","original_name":"岸里玉出","name_kana":"きしのさとたまで","closed":false,"lat":34.628291,"lng":135.494388,"prefecture":27,"numbering":["NK06"],"lines":[32001,32007,32009],"attr":"cool","postal_code":"557-0043","address":"大阪市西成区玉出東１-１-１７","voronoi":{"type":"Feature","geometry":{"type":"Polygon","coordinates":[[[135.487501,34.630755],[135.492867,34.625816],[135.493505,34.625852],[135.496284,34.628687],[135.495284,34.631432],[135.487501,34.630755]]]},"properties":{}},"extra":false},
    {"code":3200105,"id":"a9dcf5","name":"粉浜","original_name":"粉浜","name_kana":"こはま","closed":false,"lat":34.61833,"lng":135.491763,"prefecture":27,"numbering":["NK07"],"lines":[32001],"attr":"cool","postal_code":"558-0051","address":"大阪市住吉区東粉浜３-２３-２５","voronoi":{"type":"Feature","geometry":{"type":"Polygon","coordinates":[[[135.492865,34.621117],[135.492262,34.621452],[135.485346,34.61997],[135.484707,34.61721],[135.488469,34.616333],[135.491739,34.616404],[135.492865,34.621117]]]},"properties":{}},"extra":false},
    {"code":3200106,"id":"271097","name":"住吉大社","original_name":"住吉大社","name_kana":"すみよしたいしゃ","closed":false,"lat":34.612431,"lng":135.490124,"prefecture":27,"numbering":["NK08"],"lines":[32001],"attr":"cool","postal_code":"558-0044","address":"大阪市住吉区長峡町３-１４","voronoi":{"type":"Feature","geometry":{"type":"Polygon","coordinates":[[[135.480864,34.612275],[135.484283,34.61661],[135.490684,34.612535],[135.490222,34.611003],[135.487018,34.60957],[135.480864,34.612275]]]},"properties":{}},"extra":false},
    {"code":3200107,"id":"f1f7c4","name":"住ノ江","original_name":"住ノ江","name_kana":"すみのえ","closed":false,"lat":34.605348,"lng":135.487011,"prefecture":27,"numbering":["NK09"],"lines":[32001],"attr":"cool","postal_code":"559-0005","address":"大阪市住之江区西住之江１-１-４１","voronoi":{"type":"Feature","geometry":{"type":"Polygon","coordinates":[[[135.477991,34.601699],[135.480712,34.612198],[135.480864,34.612275],[135.487018,34.60957],[135.488272,34.60843],[135.488861,34.603208],[135.480865,34.600276],[135.477991,34.601699]]]},"properties":{}},"extra":false},
    {"code":3200108,"id":"3e726f","name":"七道","original_name":"七道","name_kana":"しちどう","closed":false,"lat":34.592313,"lng":135.480556,"prefecture":27,"numbering":["NK10"],"lines":[32001],"attr":"cool","postal_code":"590-0905","address":"堺市堺区鉄砲町１-２２","voronoi":{"type":"Feature","geometry":{"type":"Polygon","coordinates":[[[135.483682,34.59346],[135.481153,34.59998],[135.480865,34.600276],[135.477991,34.601699],[135.46687,34.596008],[135.472538,34.589548],[135.474053,34.589184],[135.479677,34.588836],[135.482525,34.590526],[135.483682,34.59346]]]},"properties":{}},"extra":false},
    {"code":3200109,"id":"16a28f","name":"堺","original_name":"堺","name_kana":"さかい","closed":false,"lat":34.581958,"lng":135.468754,"prefecture":27,"numbering":["NK11"],"lines":[32001],"attr":"cool","postal_code":"590-0985","address":"堺市堺区戎島町３丁２２","voronoi":{"type":"Feature","geometry":{"type":"Polygon","coordinates":[[[135.467795,34.57771],[135.471163,34.579666],[135.472769,34.582933],[135.472978,34.586687],[135.472538,34.589548],[135.46687,34.596008],[135.463784,34.596361],[135.446821,34.590356],[135.446346,34.590016],[135.462871,34.577366],[135.467795,34.57771]]]},"properties":{}},"extra":false},
    {"code":3200110,"id":"abc5b6","name":"湊","original_name":"湊","name_kana":"みなと","closed":false,"lat":34.570489,"lng":135.459975,"prefecture":27,"numbering":["NK12"],"lines":[32001],"attr":"cool","postal_code":"590-0834","address":"堺市堺区出島町２丁４-９","voronoi":{"type":"Feature","geometry":{"type":"Polygon","coordinates":[[[135.463155,34.576522],[135.463336,34.568537],[135.456707,34.565602],[135.455206,34.565771],[135.428682,34.581996],[135.442283,34.588702],[135.446346,34.590016],[135.462871,34.577366],[135.463155,34.576522]]]},"properties":{}},"extra":false},
    {"code":3200111,"id":"903dc0","name":"石津川","original_name":"石津川","name_kana":"いしづがわ","closed":false,"lat":34.559377,"lng":135.453178,"prefecture":27,"numbering":["NK13"],"lines":[32001],"attr":"cool","postal_code":"592-8334","address":"堺市西区浜寺石津町中３丁１５-１９","voronoi":{"type":"Feature","geometry":{"type":"Polygon","coordinates":[[[135.455206,34.565771],[135.456168,34.558395],[135.450753,34.555783],[135.410578,34.577151],[135.428682,34.581996],[135.455206,34.565771]]]},"properties":{}},"extra":false},
    {"code":3200112,"id":"574474","name":"諏訪ノ森","original_name":"諏訪ノ森","name_kana":"すわのもり","closed":false,"lat":34.551764,"lng":135.449129,"prefecture":27,"numbering":["NK14"],"lines":[32001],"attr":"cool","postal_code":"592-8347","address":"堺市西区浜寺諏訪森町西２丁７８","voronoi":{"type":"Feature","geometry":{"type":"Polygon","coordinates":[[[135.445191,34.547225],[135.444626,34.547467],[135.397128,34.574871],[135.410578,34.577151],[135.450753,34.555783],[135.452526,34.552919],[135.445191,34.547225]]]},"properties":{}},"extra":false},
    {"code":3200113,"id":"4787f6","name":"浜寺公園","original_name":"浜寺公園","name_kana":"はまでらこうえん","closed":false,"lat":34.541243,"lng":135.444629,"prefecture":27,"numbering":["NK15"],"lines":[32001],"attr":"cool","postal_code":"592-8346","address":"堺市西区浜寺公園町２丁１８８","voronoi":{"type":"Feature","geometry":{"type":"Polygon","coordinates":[[[135.443521,34.538196],[135.444626,34.547467],[135.445191,34.547225],[135.454611,34.540777],[135.451323,34.53593],[135.443521,34.538196]]]},"properties":{}},"extra":false},
    {"code":3200114,"id":"dea15d","name":"羽衣","original_name":"羽衣","name_kana":"はごろも","closed":false,"lat":34.534546,"lng":135.44178,"prefecture":27,"numbering":["NK16"],"lines":[32001,32004],"attr":"eco","postal_code":"592-0002","address":"高石市羽衣１-１５-１６","voronoi":{"type":"Feature","geometry":{"type":"Polygon","coordinates":[[[135.445533,34.527803],[135.444624,34.527093],[135.431196,34.538762],[135.429936,34.540499],[135.440656,34.538346],[135.445533,34.527803]]]},"properties":{}},"extra":false},
    {"code":3200115,"id":"920e48","name":"高石","original_name":"高石","name_kana":"たかいし","closed":false,"lat":34.521439,"lng":135.432723,"prefecture":27,"numbering":["NK17"],"lines":[32001],"attr":"cool","postal_code":"592-0005","address":"高石市千代田１-１０-１８","voronoi":{"type":"Feature","geometry":{"type":"Polygon","coordinates":[[[135.441997,34.521151],[135.435367,34.524831],[135.42406,34.523288],[135.431995,34.511879],[135.44206,34.520089],[135.441997,34.521151]]]},"properties":{}},"extra":false},
    {"code":3200116,"id":"94cb6c","name":"北助松","original_name":"北助松","name_kana":"きたすけまつ","closed":false,"lat":34.514523,"lng":135.422779,"prefecture":27,"numbering":["NK18"],"lines":[32001],"attr":"cool","postal_code":"595-0006","address":"泉大津市東助松町１-１１-１","voronoi":{"type":"Feature","geometry":{"type":"Polygon","coordinates":[[[135.431995,34.511879],[135.431612,34.510016],[135.42376,34.504477],[135.397875,34.541871],[135.42406,34.523288],[135.431995,34.511879]]]},"properties":{}},"extra":false},
    {"code":3200117,"id":"95f380","name":"松ノ浜","original_name":"松ノ浜","name_kana":"まつのはま","closed":false,"lat":34.508932,"lng":135.414702,"prefecture":27,"numbering":["NK19"],"lines":[32001],"attr":"cool","postal_code":"595-0015","address":"泉大津市二田町１-１-１５","voronoi":{"type":"Feature","geometry":{"type":"Polygon","coordinates":[[[135.364891,34.572621],[135.363622,34.572649],[135.416838,34.49736],[135.42127,34.4993],[135.42376,34.504477],[135.397875,34.541871],[135.364891,34.572621]]]},"properties":{}},"extra":false},
    {"code":3200118,"id":"2fffeb","name":"泉大津","original_name":"泉大津","name_kana":"いづみおおつ","closed":false,"lat":34.503235,"lng":135.406642,"prefecture":27,"numbering":["NK20"],"lines":[32001],"attr":"eco","postal_code":"595-0025","address":"泉大津市旭町１９-１","voronoi":{"type":"Feature","geometry":{"type":"Polygon","coordinates":[[[135.416838,34.49736],[135.410841,34.490597],[135.306293,34.554903],[135.321192,34.574655],[135.358098,34.573103],[135.363622,34.572649],[135.416838,34.49736]]]},"properties":{}},"extra":false},
    {"code":3200119,"id":"1d535f","name":"忠岡","original_name":"忠岡","name_kana":"ただおか","closed":false,"lat":34.488645,"lng":135.397668,"prefecture":27,"numbering":["NK21"],"lines":[32001],"attr":"eco","postal_code":"595-0813","address":"泉北郡忠岡町忠岡南１-５-１","voronoi":{"type":"Feature","geometry":{"type":"Polygon","coordinates":[[[135.410563,34.480237],[135.410841,34.490597],[135.306293,34.554903],[135.298046,34.545542],[135.336284,34.513062],[135.40457,34.478218],[135.410563,34.480237]]]},"properties":{}},"extra":false},
    {"code":3200120,"id":"56392a","name":"春木","original_name":"春木","name_kana":"はるき","closed":false,"lat":34.477688,"lng":135.392077,"prefecture":27,"numbering":["NK22"],"lines":[32001],"attr":"eco","postal_code":"596-0006","address":"岸和田市春木若松町１４-６","voronoi":{"type":"Feature","geometry":{"type":"Polygon","coordinates":[[[135.336284,34.513062],[135.34301,34.506173],[135.395254,34.467842],[135.40457,34.478218],[135.336284,34.513062]]]},"properties":{}},"extra":false},
    {"code":3200121,"id":"a088fd","name":"和泉大宮","original_name":"和泉大宮","name_kana":"いずみおおみや","closed":false,"lat":34.467917,"lng":135.384908,"prefecture":27,"numbering":["NK23"],"lines":[32001],"attr":"eco","postal_code":"596-0047","address":"岸和田市上野町東１３-１","voronoi":{"type":"Feature","geometry":{"type":"Polygon","coordinates":[[[135.34301,34.506173],[135.363707,34.479855],[135.387514,34.458847],[135.395221,34.467538],[135.395254,34.467842],[135.34301,34.506173]]]},"properties":{}},"extra":false},
    {"code":3200122,"id":"f37575","name":"岸和田","original_name":"岸和田","name_kana":"きしわだ","closed":false,"lat":34.460304,"lng":135.37819,"prefecture":27,"numbering":["NK24"],"lines":[32001],"attr":"eco","postal_code":"596-0054","address":"岸和田市宮本町１-１０","voronoi":{"type":"Feature","geometry":{"type":"Polygon","coordinates":[[[135.363707,34.479855],[135.387514,34.458847],[135.387481,34.458639],[135.377533,34.451681],[135.363707,34.479855]]]},"properties":{}},"extra":false},
    {"code":3200123,"id":"188f14","name":"蛸地蔵","original_name":"蛸地蔵","name_kana":"たこじぞう","closed":false,"lat":34.456437,"lng":135.37031,"prefecture":27,"numbering":["NK25"],"lines":[32001],"attr":"eco","postal_code":"596-0073","address":"岸和田市岸城町１６-１","voronoi":{"type":"Feature","geometry":{"type":"Polygon","coordinates":[[[135.376319,34.449021],[135.366903,34.447443],[135.292644,34.534514],[135.29167,34.540559],[135.298046,34.545542],[135.336284,34.513062],[135.34301,34.506173],[135.363707,34.479855],[135.377533,34.451681],[135.376319,34.449021]]]},"properties":{}},"extra":false},
    {"code":3200124,"id":"5ab0dd","name":"貝塚(大阪)","original_name":"貝塚","name_kana":"かいづか","closed":false,"lat":34.445499,"lng":135.357485,"prefecture":27,"numbering":["NK26"],"lines":[32001,99617],"attr":"eco","postal_code":"597-0083","address":"貝塚市海塚２５０-２","voronoi":{"type":"Feature","geometry":{"type":"Polygon","coordinates":[[[135.366903,34.447443],[135.292644,34.534514],[135.296199,34.49182],[135.351672,34.438829],[135.366473,34.446212],[135.366903,34.447443]]]},"properties":{}},"extra":false},
    {"code":3200125,"id":"ef3686","name":"二色浜","original_name":"二色浜","name_kana":"にしきのはま","closed":false,"lat":34.432717,"lng":135.345275,"prefecture":27,"numbering":["NK27"],"lines":[32001],"attr":"eco","postal_code":"597-0062","address":"貝塚市澤６４７-２","voronoi":{"type":"Feature","geometry":{"type":"Polygon","coordinates":[[[135.351672,34.438829],[135.353691,34.434273],[135.350216,34.425495],[135.346537,34.424374],[135.295835,34.48053],[135.296199,34.49182],[135.351672,34.438829]]]},"properties":{}},"extra":false},
    {"code":3200126,"id":"29ad14","name":"鶴原","original_name":"鶴原","name_kana":"つるはら","closed":false,"lat":34.426479,"lng":135.338366,"prefecture":27,"numbering":["NK28"],"lines":[32001],"attr":"heat","postal_code":"598-0071","address":"泉佐野市鶴原１-１-２６","voronoi":{"type":"Feature","geometry":{"type":"Polygon","coordinates":[[[135.295835,34.48053],[135.295286,34.475055],[135.300927,34.461713],[135.340187,34.416696],[135.346537,34.424374],[135.295835,34.48053]]]},"properties":{}},"extra":false},
    {"code":3200127,"id":"a722cb","name":"井原里","original_name":"井原里","name_kana":"いはらのさと","closed":false,"lat":34.41983,"lng":135.330742,"prefecture":27,"numbering":["NK29"],"lines":[32001],"attr":"heat","postal_code":"598-0062","address":"泉佐野市下瓦屋１-１-５７","voronoi":{"type":"Feature","geometry":{"type":"Polygon","coordinates":[[[135.340187,34.416696],[135.300927,34.461713],[135.306785,34.442871],[135.328676,34.407506],[135.340087,34.416071],[135.340187,34.416696]]]},"properties":{}},"extra":false},
    {"code":3200128,"id":"92983c","name":"泉佐野","original_name":"泉佐野","name_kana":"いずみさの","closed":false,"lat":34.411153,"lng":135.316724,"prefecture":27,"numbering":["NK30"],"lines":[32001,32002],"attr":"heat","postal_code":"598-0007","address":"泉佐野市上町３-１１-４１","voronoi":{"type":"Feature","geometry":{"type":"Polygon","coordinates":[[[135.308747,34.40431],[135.306785,34.442871],[135.328676,34.407506],[135.327881,34.403714],[135.317747,34.39647],[135.314344,34.396139],[135.308747,34.40431]]]},"properties":{}},"extra":false},
    {"code":3200129,"id":"05fc8c","name":"羽倉崎","original_name":"羽倉崎","name_kana":"はぐらざき","closed":false,"lat":34.399346,"lng":135.299484,"prefecture":27,"numbering":["NK33"],"lines":[32001],"attr":"heat","postal_code":"598-0046","address":"泉佐野市羽倉崎１-１-２４","voronoi":{"type":"Feature","geometry":{"type":"Polygon","coordinates":[[[135.314344,34.396139],[135.308747,34.40431],[135.286253,34.405609],[135.302424,34.385828],[135.305333,34.385784],[135.314344,34.396139]]]},"properties":{}},"extra":false},
    {"code":3200130,"id":"fa783b","name":"吉見ノ里","original_name":"吉見ノ里","name_kana":"よしみのさと","closed":false,"lat":34.391397,"lng":135.28976,"prefecture":27,"numbering":["NK34"],"lines":[32001],"attr":"heat","postal_code":"598-0092","address":"泉南郡田尻町大字吉見６０３","voronoi":{"type":"Feature","geometry":{"type":"Polygon","coordinates":[[[135.268901,34.415112],[135.28821,34.378856],[135.302424,34.385828],[135.286253,34.405609],[135.268901,34.415112]]]},"properties":{}},"extra":false},
    {"code":3200131,"id":"a2283d","name":"岡田浦","original_name":"岡田浦","name_kana":"おかだうら","closed":false,"lat":34.384569,"lng":135.276939,"prefecture":27,"numbering":["NK35"],"lines":[32001],"attr":"heat","postal_code":"590-0531","address":"泉南市岡田５-２４-３","voronoi":{"type":"Feature","geometry":{"type":"Polygon","coordinates":[[[135.28821,34.378856],[135.285282,34.373526],[135.274343,34.371588],[135.252069,34.404999],[135.268349,34.415609],[135.268901,34.415112],[135.28821,34.378856]]]},"properties":{}},"extra":false},
    {"code":3200132,"id":"3987f3","name":"樽井","original_name":"樽井","name_kana":"たるい","closed":false,"lat":34.374184,"lng":135.261362,"prefecture":27,"numbering":["NK36"],"lines":[32001],"attr":"heat","postal_code":"590-0521","address":"泉南市樽井５-４１-１","voronoi":{"type":"Feature","geometry":{"type":"Polygon","coordinates":[[[135.252069,34.404999],[135.231298,34.39897],[135.256712,34.35803],[135.265219,34.358534],[135.274343,34.371588],[135.252069,34.404999]]]},"properties":{}},"extra":false},
    {"code":3200133,"id":"2ceccd","name":"尾崎","original_name":"尾崎","name_kana":"おざき","closed":false,"lat":34.36103,"lng":135.240172,"prefecture":27,"numbering":["NK37"],"lines":[32001],"attr":"heat","postal_code":"599-0201","address":"阪南市尾崎町９５-１","voronoi":{"type":"Feature","geometry":{"type":"Polygon","coordinates":[[[135.19095,34.400717],[135.201932,34.385371],[135.247405,34.34642],[135.256712,34.35803],[135.231298,34.39897],[135.19095,34.400717]]]},"properties":{}},"extra":false},
    {"code":3200134,"id":"50f3dd","name":"鳥取ノ荘","original_name":"鳥取ノ荘","name_kana":"とっとりのしょう","closed":false,"lat":34.351323,"lng":135.231857,"prefecture":27,"numbering":["NK38"],"lines":[32001],"attr":"heat","postal_code":"599-0204","address":"阪南市鳥取６６５","voronoi":{"type":"Feature","geometry":{"type":"Polygon","coordinates":[[[135.247405,34.34642],[135.201932,34.385371],[135.236942,34.318072],[135.241234,34.324377],[135.247405,34.34642]]]},"properties":{}},"extra":false},
    {"code":3200135,"id":"aa9a8b","name":"箱作","original_name":"箱作","name_kana":"はこつくり","closed":false,"lat":34.341323,"lng":135.212634,"prefecture":27,"numbering":["NK39"],"lines":[32001],"attr":"heat","postal_code":"599-0232","address":"阪南市箱作３２０","voronoi":{"type":"Feature","geometry":{"type":"Polygon","coordinates":[[[135.220525,34.301136],[135.205375,34.302196],[135.175011,34.4059],[135.19095,34.400717],[135.201932,34.385371],[135.236942,34.318072],[135.233991,34.307401],[135.220525,34.301136]]]},"properties":{}},"extra":false},
    {"code":3200136,"id":"7dd582","name":"淡輪","original_name":"淡輪","name_kana":"たんのわ","closed":false,"lat":34.331229,"lng":135.178159,"prefecture":27,"numbering":["NK40"],"lines":[32001],"attr":"heat","postal_code":"599-0301","address":"泉南郡岬町淡輪１１９７","voronoi":{"type":"Feature","geometry":{"type":"Polygon","coordinates":[[[135.175011,34.4059],[135.122874,34.438375],[135.181312,34.299748],[135.188363,34.295035],[135.205375,34.302196],[135.175011,34.4059]]]},"properties":{}},"extra":false},
    {"code":3200137,"id":"db468a","name":"みさき公園","original_name":"みさき公園","name_kana":"みさきこうえん","closed":false,"lat":34.323986,"lng":135.160977,"prefecture":27,"numbering":["NK41"],"lines":[32001,32006],"attr":"heat","postal_code":"599-0301","address":"泉南郡岬町淡輪３７１４","voronoi":{"type":"Feature","geometry":{"type":"Polygon","coordinates":[[[135.161318,34.305715],[135.181312,34.299748],[135.122874,34.438375],[135.110085,34.447788],[135.126465,34.394255],[135.140171,34.353383],[135.161318,34.305715]]]},"properties":{}},"extra":false},
    {"code":3200138,"id":"38f2e0","name":"孝子","original_name":"孝子","name_kana":"きょうし","closed":false,"lat":34.290619,"lng":135.151019,"prefecture":27,"numbering":["NK42"],"lines":[32001],"attr":"heat","postal_code":"599-0302","address":"泉南郡岬町孝子６０２","voronoi":{"type":"Feature","geometry":{"type":"Polygon","coordinates":[[[135.141667,34.302371],[135.119531,34.290629],[135.169874,34.277539],[135.182147,34.282661],[135.188363,34.295035],[135.181312,34.299748],[135.161318,34.305715],[135.146377,34.304082],[135.141667,34.302371]]]},"properties":{}},"extra":false},
    {"code":3200141,"id":"989393","name":"和歌山大学前","original_name":"和歌山大学前","name_kana":"わかやまだいがくまえ","closed":false,"lat":34.2753,"lng":135.147036,"prefecture":30,"numbering":["NK43"],"lines":[32001],"attr":"cool","postal_code":"640-8451","address":"和歌山県和歌山市中575番地3","voronoi":{"type":"Feature","geometry":{"type":"Polygon","coordinates":[[[135.169874,34.277539],[135.119531,34.290629],[135.115951,34.289777],[135.117132,34.286904],[135.122368,34.277336],[135.132551,34.265994],[135.138663,34.262738],[135.151014,34.260061],[135.169874,34.277539]]]},"properties":{}},"extra":false},
    {"code":3200139,"id":"b80516","name":"紀ノ川","original_name":"紀ノ川","name_kana":"きのかわ","closed":false,"lat":34.254937,"lng":135.165908,"prefecture":30,"numbering":["NK44"],"lines":[32001,32005],"attr":"eco","postal_code":"640-8464","address":"和歌山市市小路１６２-３","voronoi":{"type":"Feature","geometry":{"type":"Polygon","coordinates":[[[135.183904,34.260703],[135.171692,34.24607],[135.155228,34.245326],[135.151014,34.260061],[135.169874,34.277539],[135.182147,34.282661],[135.185543,34.264012],[135.183904,34.260703]]]},"properties":{}},"extra":false},
    {"code":1164003,"id":"71b015","name":"和歌山市","original_name":"和歌山市","name_kana":"わかやまし","closed":false,"lat":34.236717,"lng":135.166731,"prefecture":30,"numbering":["NK45"],"lines":[11640,32001,32003,32005],"attr":"eco","postal_code":"640-8203","address":"和歌山市東蔵前丁","voronoi":{"type":"Feature","geometry":{"type":"Polygon","coordinates":[[[135.177587,34.225884],[135.177004,34.224272],[135.175715,34.223047],[135.153999,34.242491],[135.155228,34.245326],[135.171692,34.24607],[135.178013,34.228343],[135.177587,34.225884]]]},"properties":{}},"extra":false}
  ],
  "extra":false
}