{
  "code":32009,
  "id":333,
  "name":"南海汐見橋線",
  "name_kana":"なんかいしおみばしせん",
  "station_size":6,
  "company_code":22,
  "closed":false,
  "color":"#009A41",
  "symbol":"NK",
  "station_list":[
    {"code":3200901,"id":5979,"name":"汐見橋","original_name":"汐見橋","name_kana":"しおみばし","closed":false,"lat":34.667638,"lng":135.486165,"prefecture":27,"numbering":["NK06-5"],"lines":[32009],"attr":"heat","postal_code":"556-0022","address":"大阪市浪速区桜川３-８-７４","voronoi":{"type":"Feature","geometry":{"type":"Polygon","coordinates":[[[135.486486,34.671476],[135.484002,34.671821],[135.482443,34.668446],[135.483917,34.663977],[135.48864,34.664174],[135.486486,34.671476]]]},"properties":{}},"extra":false},
    {"code":3200902,"id":5980,"name":"芦原町","original_name":"芦原町","name_kana":"あしはらちょう","closed":false,"lat":34.660516,"lng":135.486462,"prefecture":27,"numbering":["NK06-4"],"lines":[32009],"attr":"heat","postal_code":"556-0029","address":"大阪市浪速区芦原２-５-３１","voronoi":{"type":"Feature","geometry":{"type":"Polygon","coordinates":[[[135.48864,34.664174],[135.483917,34.663977],[135.480776,34.659929],[135.486017,34.656891],[135.490612,34.663582],[135.48864,34.664174]]]},"properties":{}},"extra":false},
    {"code":3200903,"id":5981,"name":"木津川","original_name":"木津川","name_kana":"きづがわ","closed":false,"lat":34.654703,"lng":135.483093,"prefecture":27,"numbering":["NK06-3"],"lines":[32009],"attr":"heat","postal_code":"557-0061","address":"大阪市西成区北津守１-８-６７","voronoi":{"type":"Feature","geometry":{"type":"Polygon","coordinates":[[[135.487845,34.651007],[135.464565,34.650233],[135.464643,34.650654],[135.468736,34.65643],[135.480776,34.659929],[135.486017,34.656891],[135.487998,34.653773],[135.487845,34.651007]]]},"properties":{}},"extra":false},
    {"code":3200904,"id":5982,"name":"津守","original_name":"津守","name_kana":"つもり","closed":false,"lat":34.647004,"lng":135.483349,"prefecture":27,"numbering":["NK06-2"],"lines":[32009],"attr":"cool","postal_code":"557-0062","address":"大阪市西成区津守１-１０-１８","voronoi":{"type":"Feature","geometry":{"type":"Polygon","coordinates":[[[135.487845,34.651007],[135.464565,34.650233],[135.459558,34.637926],[135.475149,34.635202],[135.489947,34.645457],[135.490372,34.647605],[135.487845,34.651007]]]},"properties":{}},"extra":false},
    {"code":3200905,"id":5983,"name":"西天下茶屋","original_name":"西天下茶屋","name_kana":"にしてんがちゃや","closed":false,"lat":34.638736,"lng":135.489079,"prefecture":27,"numbering":["NK06-1"],"lines":[32009],"attr":"cool","postal_code":"557-0051","address":"大阪市西成区橘３-３-２３","voronoi":{"type":"Feature","geometry":{"type":"Polygon","coordinates":[[[135.489947,34.645457],[135.475149,34.635202],[135.482785,34.630722],[135.486478,34.631087],[135.49298,34.638209],[135.493573,34.640594],[135.489947,34.645457]]]},"properties":{}},"extra":false},
    {"code":3200104,"id":5893,"name":"岸里玉出","original_name":"岸里玉出","name_kana":"きしのさとたまで","closed":false,"lat":34.628291,"lng":135.494388,"prefecture":27,"numbering":["NK06"],"lines":[32001,32007,32009],"attr":"cool","postal_code":"557-0043","address":"大阪市西成区玉出東１-１-１７","voronoi":{"type":"Feature","geometry":{"type":"Polygon","coordinates":[[[135.487501,34.630755],[135.492867,34.625816],[135.493505,34.625852],[135.496284,34.628687],[135.495284,34.631432],[135.487501,34.630755]]]},"properties":{}},"extra":false}
  ],
  "extra":false
}