{
  "code":32011,
  "id":2142,
  "name":"南海天王寺支線",
  "name_kana":"なんかいてんのうじしせん",
  "station_size":4,
  "company_code":22,
  "closed":true,
  "station_list":[
    {"code":1160719,"id":2827,"name":"天王寺","original_name":"天王寺","name_kana":"てんのうじ","closed":false,"lat":34.647842,"lng":135.513223,"prefecture":27,"lines":[11607,11623,11626,99618,99619,32011],"attr":"heat","postal_code":"543-0055","address":"大阪市天王寺区悲田院町","voronoi":{"type":"Feature","geometry":{"type":"Polygon","coordinates":[[[135.518275,34.652797],[135.511232,34.653397],[135.509133,34.65118],[135.508796,34.648131],[135.508848,34.64778],[135.51431,34.646801],[135.518307,34.649922],[135.518275,34.652797]]]},"properties":{}},"extra":false},
    {"code":3201102,"id":21433,"name":"飛田本通","original_name":"飛田本通","name_kana":"とびたほんどおり","closed":true,"lat":34.646583,"lng":135.504639,"prefecture":27,"lines":[32011],"postal_code":"557-0001","address":"大阪府大阪市西成区山王１丁目１３-１５","open_date":"1984-12-10","closed_date":"1993-04-01","voronoi":{"type":"Feature","geometry":{"type":"Polygon","coordinates":[[[135.506772,34.641797],[135.504461,34.6436],[135.502955,34.64754],[135.508796,34.648131],[135.508848,34.64778],[135.50873,34.645211],[135.506772,34.641797]]]},"properties":{}},"extra":true},
    {"code":3201103,"id":21434,"name":"今池町","original_name":"今池町","name_kana":"いまいけちょう","closed":true,"lat":34.64481,"lng":135.501713,"prefecture":27,"lines":[32011],"postal_code":"557-0004","address":"大阪府大阪市西成区萩之茶屋３丁目１-８","open_date":"1949-06-20","closed_date":"1993-04-01","voronoi":{"type":"Feature","geometry":{"type":"Polygon","coordinates":[[[135.499947,34.643839],[135.504356,34.643626],[135.500647,34.646223],[135.499947,34.643839]]]},"properties":{}},"extra":true},
    {"code":3200103,"id":5892,"name":"天下茶屋","original_name":"天下茶屋","name_kana":"てんがちゃや","closed":false,"lat":34.636847,"lng":135.496673,"prefecture":27,"lines":[32001,32007,99623,32011],"attr":"cool","postal_code":"557-0041","address":"大阪市西成区岸里１-１-１０","voronoi":{"type":"Feature","geometry":{"type":"Polygon","coordinates":[[[135.49298,34.638209],[135.496723,34.633953],[135.4983,34.635054],[135.49861,34.638335],[135.497342,34.640612],[135.493573,34.640594],[135.49298,34.638209]]]},"properties":{}},"extra":false}
  ],
  "closed_date":"1993-04-01",
  "extra":true
}