{
  "code":33002,
  "id":335,
  "name":"京阪宇治線",
  "name_kana":"けいはんうじせん",
  "station_size":8,
  "company_code":23,
  "closed":false,
  "color":"#66CC33",
  "symbol":"KH",
  "station_list":[
    {"code":3300113,"id":5995,"name":"中書島","original_name":"中書島","name_kana":"ちゅうしょじま","closed":false,"lat":34.926875,"lng":135.760174,"prefecture":26,"numbering":["KH28"],"lines":[33001,33002],"attr":"heat","postal_code":"612-8224","address":"京都市伏見区葭島矢倉町５９","voronoi":{"type":"Feature","geometry":{"type":"Polygon","coordinates":[[[135.765318,34.921211],[135.746366,34.906134],[135.731669,34.934504],[135.731811,34.935133],[135.73358,34.938318],[135.752297,34.937045],[135.764297,34.928252],[135.765318,34.921211]]]},"properties":{}},"extra":false},
    {"code":3300202,"id":6022,"name":"観月橋","original_name":"観月橋","name_kana":"かんげつきょう","closed":false,"lat":34.928103,"lng":135.768642,"prefecture":26,"numbering":["KH71"],"lines":[33002],"attr":"heat","postal_code":"612-8106","address":"京都市伏見区豊後橋町７６１","voronoi":{"type":"Feature","geometry":{"type":"Polygon","coordinates":[[[135.765318,34.921211],[135.764297,34.928252],[135.766586,34.930428],[135.768436,34.931523],[135.776888,34.925886],[135.777615,34.92218],[135.765318,34.921211]]]},"properties":{}},"extra":false},
    {"code":3300203,"id":6023,"name":"桃山南口","original_name":"桃山南口","name_kana":"ももやまみなみぐち","closed":false,"lat":34.931056,"lng":135.783683,"prefecture":26,"numbering":["KH72"],"lines":[33002],"attr":"heat","postal_code":"612-8018","address":"京都市伏見区桃山町丹後１１","voronoi":{"type":"Feature","geometry":{"type":"Polygon","coordinates":[[[135.776888,34.925886],[135.778649,34.939185],[135.787338,34.943215],[135.789012,34.926428],[135.784657,34.916068],[135.777615,34.92218],[135.776888,34.925886]]]},"properties":{}},"extra":false},
    {"code":3300204,"id":6024,"name":"六地蔵(京阪電気鉄道)","original_name":"六地蔵","name_kana":"ろくじぞう","closed":false,"lat":34.932017,"lng":135.793322,"prefecture":26,"numbering":["KH73"],"lines":[33002],"attr":"heat","postal_code":"612-8007","address":"京都市伏見区桃山町因幡2","voronoi":{"type":"Feature","geometry":{"type":"Polygon","coordinates":[[[135.790428,34.946564],[135.787338,34.943215],[135.789012,34.926428],[135.795933,34.929491],[135.793107,34.943221],[135.790428,34.946564]]]},"properties":{}},"extra":false},
    {"code":3300205,"id":6025,"name":"木幡(京阪電気鉄道)","original_name":"木幡","name_kana":"こわた","closed":false,"lat":34.925859,"lng":135.796047,"prefecture":26,"numbering":["KH74"],"lines":[33002],"attr":"cool","postal_code":"611-0002","address":"京都府宇治市木幡","voronoi":{"type":"Feature","geometry":{"type":"Polygon","coordinates":[[[135.78653,34.911553],[135.784657,34.916068],[135.789012,34.926428],[135.795933,34.929491],[135.798602,34.928999],[135.794602,34.916273],[135.78653,34.911553]]]},"properties":{}},"extra":false},
    {"code":1161808,"id":3060,"name":"黄檗","original_name":"黄檗","name_kana":"おうばく","closed":false,"lat":34.912831,"lng":135.803665,"prefecture":26,"numbering":["KH75"],"lines":[11618,33002],"attr":"heat","postal_code":"611-0011","address":"宇治市五ケ庄新開","voronoi":{"type":"Feature","geometry":{"type":"Polygon","coordinates":[[[135.836395,34.926313],[135.863794,34.921177],[135.865727,34.917623],[135.792317,34.903455],[135.78643,34.909925],[135.78653,34.911553],[135.794602,34.916273],[135.820644,34.9265],[135.836395,34.926313]]]},"properties":{}},"extra":false},
    {"code":3300207,"id":6026,"name":"三室戸","original_name":"三室戸","name_kana":"みむろど","closed":false,"lat":34.898976,"lng":135.806339,"prefecture":26,"numbering":["KH76"],"lines":[33002],"attr":"eco","postal_code":"611-0013","address":"宇治市菟道田中１５","voronoi":{"type":"Feature","geometry":{"type":"Polygon","coordinates":[[[135.800075,34.896986],[135.881671,34.894898],[135.865727,34.917623],[135.792317,34.903455],[135.792688,34.901925],[135.800075,34.896986]]]},"properties":{}},"extra":false},
    {"code":3300208,"id":9158,"name":"宇治(京阪電気鉄道)","original_name":"宇治","name_kana":"うじ","closed":false,"lat":34.894678,"lng":135.806229,"prefecture":26,"numbering":["KH77"],"lines":[33002],"attr":"eco","postal_code":"611-0021","address":"宇治市宇治字文治","voronoi":{"type":"Feature","geometry":{"type":"Polygon","coordinates":[[[135.901153,34.85606],[135.85995,34.856183],[135.828808,34.859046],[135.800075,34.896986],[135.881671,34.894898],[135.906701,34.8613],[135.901153,34.85606]]]},"properties":{}},"extra":false}
  ],
  "extra":false
}