{
  "code":33007,
  "id":340,
  "name":"京阪京津線",
  "name_kana":"けいはんけいしんせん",
  "station_size":12,
  "company_code":23,
  "closed":false,
  "color":"#FFCC00",
  "symbol":"OT",
  "station_list":[
    {"code":3300701,"id":20101,"name":"京津三条","original_name":"京津三条","name_kana":"けいしんさんじょう","closed":true,"lat":35.008536,"lng":135.772716,"prefecture":26,"lines":[33007],"postal_code":"605-0008","address":"京都府京都市東山区大黒町","open_date":"1912-08-15","closed_date":"1997-10-12","voronoi":{"type":"Feature","geometry":{"type":"Polygon","coordinates":[[[135.770792,35.006353],[135.769984,35.006905],[135.77302,35.009227],[135.775558,35.005611],[135.770792,35.006353]]]},"properties":{}},"extra":true},
    {"code":3300702,"id":20102,"name":"東山三条","original_name":"東山三条","name_kana":"ひがしやまさんじょう","closed":true,"lat":35.009476,"lng":135.778685,"prefecture":26,"lines":[33007],"postal_code":"605-0012","address":"京都府京都市東山区西海子町５３−２","open_date":"1912-08-15","closed_date":"1997-10-12","voronoi":{"type":"Feature","geometry":{"type":"Polygon","coordinates":[[[135.779348,35.001906],[135.779783,35.016922],[135.776044,35.013959],[135.776392,35.005341],[135.779348,35.001906]]]},"properties":{}},"extra":true},
    {"code":3300703,"id":20103,"name":"蹴上(京阪電気鉄道)","original_name":"蹴上","name_kana":"けあげ","closed":true,"lat":35.00924,"lng":135.788851,"prefecture":26,"lines":[33007],"postal_code":"605-0043","address":"京都府京都市東山区西小物座町","open_date":"1912-08-15","closed_date":"1997-10-12","voronoi":{"type":"Feature","geometry":{"type":"Polygon","coordinates":[[[135.795228,35.025024],[135.805165,35.026512],[135.784508,35.002883],[135.784929,35.022046],[135.795228,35.025024]]]},"properties":{}},"extra":true},
    {"code":3300704,"id":20104,"name":"九条山","original_name":"九条山","name_kana":"くじょうやま","closed":true,"lat":35.00175,"lng":135.792306,"prefecture":26,"lines":[33007],"postal_code":"607-8491","address":"京都府京都市山科区日ノ岡一切経谷町６−１０","open_date":"1936-06-25","closed_date":"1997-10-12","voronoi":{"type":"Feature","geometry":{"type":"Polygon","coordinates":[[[135.802081,35.00847],[135.784474,35.002647],[135.781721,34.998394],[135.781367,34.994674],[135.782214,34.991329],[135.783446,34.988902],[135.787075,34.984891],[135.802081,35.00847]]]},"properties":{}},"extra":true},
    {"code":3300705,"id":20105,"name":"日ノ岡","original_name":"日ノ岡","name_kana":"ひのおか","closed":true,"lat":34.996769,"lng":135.800133,"prefecture":26,"lines":[33007],"postal_code":"607-8495","address":"京都府京都市山科区日ノ岡鴨土町４１−８","open_date":"1912-08-15","closed_date":"1997-10-12","voronoi":{"type":"Feature","geometry":{"type":"Polygon","coordinates":[[[135.790518,34.978104],[135.787075,34.984891],[135.802081,35.00847],[135.807808,35.013505],[135.792456,34.975716],[135.792385,34.975673],[135.790518,34.978104]]]},"properties":{}},"extra":true},
    {"code":3300706,"id":6058,"name":"御陵","original_name":"御陵","name_kana":"みささぎ","closed":false,"lat":34.996158,"lng":135.801637,"prefecture":26,"numbering":["T08"],"lines":[33007,99611],"attr":"heat","postal_code":"607-8424","address":"京都市山科区御陵原西町１７-４","voronoi":{"type":"Feature","geometry":{"type":"Polygon","coordinates":[[[135.807808,35.013505],[135.792456,34.975716],[135.800879,34.980386],[135.807354,34.987154],[135.808014,34.989589],[135.815318,35.020718],[135.807808,35.013505]]]},"properties":{}},"extra":false},
    {"code":3300707,"id":6059,"name":"京阪山科","original_name":"京阪山科","name_kana":"けいはんやましな","closed":false,"lat":34.992039,"lng":135.816835,"prefecture":26,"numbering":["OT31"],"lines":[33007],"attr":"heat","postal_code":"607-8012","address":"京都市山科区安朱桟敷町","voronoi":{"type":"Feature","geometry":{"type":"Polygon","coordinates":[[[135.808014,34.989589],[135.807354,34.987154],[135.820318,34.986858],[135.820445,34.993504],[135.808014,34.989589]]]},"properties":{}},"extra":false},
    {"code":3300708,"id":6060,"name":"四宮","original_name":"四宮","name_kana":"しのみや","closed":false,"lat":34.991903,"lng":135.823996,"prefecture":26,"numbering":["OT32"],"lines":[33007],"attr":"cool","postal_code":"607-8045","address":"京都市山科区四ノ宮堂ノ後町","voronoi":{"type":"Feature","geometry":{"type":"Polygon","coordinates":[[[135.820318,34.986858],[135.83035,34.979486],[135.831547,35.01486],[135.826457,35.02092],[135.823482,35.023961],[135.820445,34.993504],[135.820318,34.986858]]]},"properties":{}},"extra":false},
    {"code":3300709,"id":6061,"name":"追分(滋賀)","original_name":"追分","name_kana":"おいわけ","closed":false,"lat":34.991445,"lng":135.837528,"prefecture":25,"numbering":["OT33"],"lines":[33007],"attr":"heat","postal_code":"520-0064","address":"大津市追分町６-２６","voronoi":{"type":"Feature","geometry":{"type":"Polygon","coordinates":[[[135.852059,34.954243],[135.842464,34.962113],[135.83307,34.973559],[135.83035,34.979486],[135.831547,35.01486],[135.843545,35.006858],[135.852059,34.954243]]]},"properties":{}},"extra":false},
    {"code":3300710,"id":6062,"name":"大谷(滋賀)","original_name":"大谷","name_kana":"おおたに","closed":false,"lat":34.994129,"lng":135.854116,"prefecture":25,"numbering":["OT34"],"lines":[33007],"attr":"heat","postal_code":"520-0062","address":"大津市大谷町２３-５","voronoi":{"type":"Feature","geometry":{"type":"Polygon","coordinates":[[[135.869308,34.986773],[135.859626,34.998274],[135.844001,35.006832],[135.843545,35.006858],[135.852059,34.954243],[135.857494,34.947407],[135.859513,34.945392],[135.868736,34.962246],[135.871082,34.972667],[135.871395,34.976254],[135.869308,34.986773]]]},"properties":{}},"extra":false},
    {"code":3300711,"id":6063,"name":"上栄町","original_name":"上栄町","name_kana":"かみさかえまち","closed":false,"lat":35.00515,"lng":135.860152,"prefecture":25,"numbering":["OT35"],"lines":[33007],"attr":"cool","postal_code":"520-0045","address":"大津市札の辻１-７","voronoi":{"type":"Feature","geometry":{"type":"Polygon","coordinates":[[[135.860724,35.009055],[135.852386,35.008669],[135.845513,35.00737],[135.844001,35.006832],[135.859626,34.998274],[135.863851,35.007102],[135.860724,35.009055]]]},"properties":{}},"extra":false},
    {"code":3300612,"id":6048,"name":"びわ湖浜大津","original_name":"びわ湖浜大津","name_kana":"びわこはまおおつ","closed":false,"lat":35.011283,"lng":135.863982,"prefecture":25,"numbering":["OT12"],"lines":[33006,33007,99657],"attr":"eco","postal_code":"520-0047","address":"大津市浜大津１-３-８","voronoi":{"type":"Feature","geometry":{"type":"Polygon","coordinates":[[[135.866141,35.020673],[135.873381,35.020998],[135.866332,35.007303],[135.863851,35.007102],[135.860724,35.009055],[135.864035,35.017681],[135.865768,35.020482],[135.866141,35.020673]]]},"properties":{}},"extra":false}
  ],
  "extra":false
}