{
  "code":33008,
  "id":341,
  "name":"京阪中之島線",
  "name_kana":"けいはんなかのしません",
  "station_size":5,
  "company_code":23,
  "closed":false,
  "color":"#66CC33",
  "symbol":"KH",
  "station_list":[
    {"code":3300138,"id":6019,"name":"天満橋","original_name":"天満橋","name_kana":"てんまばし","closed":false,"lat":34.6902,"lng":135.516633,"prefecture":27,"numbering":["KH03"],"lines":[33001,33008,99619],"attr":"eco","postal_code":"540-0012","address":"大阪市中央区谷町１-２-５","voronoi":{"type":"Feature","geometry":{"type":"Polygon","coordinates":[[[135.512065,34.685692],[135.511058,34.686868],[135.511967,34.692442],[135.51947,34.695765],[135.52369,34.686562],[135.512065,34.685692]]]},"properties":{}},"extra":false},
    {"code":3300802,"id":6064,"name":"なにわ橋","original_name":"なにわ橋","name_kana":"なにわばし","closed":false,"lat":34.692829,"lng":135.506594,"prefecture":27,"numbering":["KH51"],"lines":[33008],"attr":"eco","postal_code":"530-0005","address":"大阪市北区中之島一丁目","voronoi":{"type":"Feature","geometry":{"type":"Polygon","coordinates":[[[135.504592,34.69815],[135.503919,34.695317],[135.504189,34.691736],[135.510978,34.693292],[135.505171,34.698638],[135.504592,34.69815]]]},"properties":{}},"extra":false},
    {"code":3300803,"id":6065,"name":"大江橋","original_name":"大江橋","name_kana":"おおえばし","closed":false,"lat":34.694296,"lng":135.500412,"prefecture":27,"numbering":["KH52"],"lines":[33008],"attr":"eco","postal_code":"530-0005","address":"大阪市北区中之島二丁目","voronoi":{"type":"Feature","geometry":{"type":"Polygon","coordinates":[[[135.497807,34.69554],[135.497969,34.693416],[135.498996,34.69201],[135.503919,34.695317],[135.504592,34.69815],[135.500384,34.697699],[135.497807,34.69554]]]},"properties":{}},"extra":false},
    {"code":3300804,"id":6066,"name":"渡辺橋","original_name":"渡辺橋","name_kana":"わたなべばし","closed":false,"lat":34.693916,"lng":135.49542,"prefecture":27,"numbering":["KH53"],"lines":[33008],"attr":"heat","postal_code":"530-0005","address":"大阪市北区中之島三丁目","voronoi":{"type":"Feature","geometry":{"type":"Polygon","coordinates":[[[135.490747,34.694876],[135.491545,34.69705],[135.494171,34.696875],[135.497807,34.69554],[135.497969,34.693416],[135.491875,34.691113],[135.490747,34.694876]]]},"properties":{}},"extra":false},
    {"code":3300805,"id":6067,"name":"中之島","original_name":"中之島","name_kana":"なかのしま","closed":false,"lat":34.691504,"lng":135.487373,"prefecture":27,"numbering":["KH54"],"lines":[33008],"attr":"heat","postal_code":"530-0005","address":"大阪市北区中之島五丁目","voronoi":{"type":"Feature","geometry":{"type":"Polygon","coordinates":[[[135.490747,34.694876],[135.49048,34.694838],[135.481655,34.691291],[135.482388,34.686971],[135.49179,34.685961],[135.491875,34.691113],[135.490747,34.694876]]]},"properties":{}},"extra":false}
  ],
  "extra":false
}