{
  "code":34002,
  "id":343,
  "name":"阪急宝塚本線",
  "name_kana":"はんきゅうたからづかほんせん",
  "station_size":19,
  "company_code":24,
  "closed":false,
  "color":"#FFA500",
  "symbol":"HK",
  "station_list":[
    {"code":3400101,"id":9358,"name":"大阪梅田(阪急電鉄)","original_name":"大阪梅田","name_kana":"おおさかうめだ","closed":false,"lat":34.705514,"lng":135.498311,"prefecture":27,"numbering":["HK01"],"lines":[34001,34002,34003],"attr":"eco","postal_code":"530-0012","address":"大阪市北区芝田一丁目1-2","voronoi":{"type":"Feature","geometry":{"type":"Polygon","coordinates":[[[135.501189,34.709215],[135.495906,34.707937],[135.494516,34.706195],[135.495781,34.704927],[135.500446,34.703717],[135.502157,34.704243],[135.501189,34.709215]]]},"properties":{}},"extra":false},
    {"code":3400102,"id":6069,"name":"中津(阪急電鉄)","original_name":"中津","name_kana":"なかつ","closed":false,"lat":34.709745,"lng":135.493011,"prefecture":27,"numbering":["HK02"],"lines":[34001,34002],"attr":"heat","postal_code":"531-0071","address":"大阪市北区中津三丁目","voronoi":{"type":"Feature","geometry":{"type":"Polygon","coordinates":[[[135.494516,34.706195],[135.495906,34.707937],[135.491808,34.719067],[135.480837,34.708044],[135.488133,34.704304],[135.494516,34.706195]]]},"properties":{}},"extra":false},
    {"code":3400103,"id":6070,"name":"十三","original_name":"十三","name_kana":"じゅうそう","closed":false,"lat":34.720226,"lng":135.48248,"prefecture":27,"numbering":["HK03"],"lines":[34001,34002,34003],"attr":"eco","postal_code":"532-0023","address":"大阪市淀川区十三東２-１２-１","voronoi":{"type":"Feature","geometry":{"type":"Polygon","coordinates":[[[135.491808,34.719067],[135.480837,34.708044],[135.480352,34.707958],[135.472538,34.722135],[135.480974,34.72881],[135.488508,34.728523],[135.492074,34.719493],[135.491808,34.719067]]]},"properties":{}},"extra":false},
    {"code":3400204,"id":6085,"name":"三国(大阪)","original_name":"三国","name_kana":"みくに","closed":false,"lat":34.737254,"lng":135.483128,"prefecture":27,"numbering":["HK41"],"lines":[34002],"attr":"eco","postal_code":"532-0033","address":"大阪市淀川区新高３-６-３３","voronoi":{"type":"Feature","geometry":{"type":"Polygon","coordinates":[[[135.480974,34.72881],[135.474875,34.741192],[135.488101,34.749315],[135.488339,34.749161],[135.49214,34.733781],[135.488508,34.728523],[135.480974,34.72881]]]},"properties":{}},"extra":false},
    {"code":3400205,"id":6086,"name":"庄内(大阪)","original_name":"庄内","name_kana":"しょうない","closed":false,"lat":34.750333,"lng":135.475095,"prefecture":27,"numbering":["HK42"],"lines":[34002],"attr":"eco","postal_code":"561-0831","address":"豊中市庄内東町１-１０-１","voronoi":{"type":"Feature","geometry":{"type":"Polygon","coordinates":[[[135.488101,34.749315],[135.474875,34.741192],[135.461155,34.742806],[135.461966,34.756695],[135.485289,34.756666],[135.488101,34.749315]]]},"properties":{}},"extra":false},
    {"code":3400206,"id":6087,"name":"服部天神","original_name":"服部天神","name_kana":"はっとりてんじん","closed":false,"lat":34.763024,"lng":135.475111,"prefecture":27,"numbering":["HK43"],"lines":[34002],"attr":"eco","postal_code":"561-0851","address":"豊中市服部元町１-１-１","voronoi":{"type":"Feature","geometry":{"type":"Polygon","coordinates":[[[135.46145,34.757945],[135.481127,34.77588],[135.487046,34.76572],[135.485289,34.756666],[135.461966,34.756695],[135.46145,34.757945]]]},"properties":{}},"extra":false},
    {"code":3400207,"id":6088,"name":"曽根(大阪)","original_name":"曽根","name_kana":"そね","closed":false,"lat":34.771078,"lng":135.46777,"prefecture":27,"numbering":["HK44"],"lines":[34002],"attr":"cool","postal_code":"561-0802","address":"豊中市曽根東町３-１-１","voronoi":{"type":"Feature","geometry":{"type":"Polygon","coordinates":[[[135.480599,34.779812],[135.450144,34.769493],[135.46145,34.757945],[135.481127,34.77588],[135.480599,34.779812]]]},"properties":{}},"extra":false},
    {"code":3400208,"id":6089,"name":"岡町","original_name":"岡町","name_kana":"おかまち","closed":false,"lat":34.778949,"lng":135.465103,"prefecture":27,"numbering":["HK45"],"lines":[34002],"attr":"cool","postal_code":"561-0881","address":"豊中市中桜塚１-１-１","voronoi":{"type":"Feature","geometry":{"type":"Polygon","coordinates":[[[135.48069,34.787326],[135.481421,34.785753],[135.480599,34.779812],[135.450144,34.769493],[135.446222,34.771947],[135.449482,34.777948],[135.478093,34.788394],[135.48069,34.787326]]]},"properties":{}},"extra":false},
    {"code":3400209,"id":6090,"name":"豊中","original_name":"豊中","name_kana":"とよなか","closed":false,"lat":34.787248,"lng":135.462073,"prefecture":27,"numbering":["HK46"],"lines":[34002],"attr":"heat","postal_code":"560-0021","address":"豊中市本町１-１-１","voronoi":{"type":"Feature","geometry":{"type":"Polygon","coordinates":[[[135.456776,34.792826],[135.468637,34.795869],[135.478093,34.788394],[135.449482,34.777948],[135.450087,34.780764],[135.456776,34.792826]]]},"properties":{}},"extra":false},
    {"code":3400210,"id":6091,"name":"蛍池","original_name":"蛍池","name_kana":"ほたるがいけ","closed":false,"lat":34.794365,"lng":135.449238,"prefecture":27,"numbering":["HK47"],"lines":[34002,99626],"attr":"heat","postal_code":"560-0033","address":"豊中市蛍池中町３-１","voronoi":{"type":"Feature","geometry":{"type":"Polygon","coordinates":[[[135.450909,34.802267],[135.442875,34.800098],[135.450087,34.780764],[135.456776,34.792826],[135.450909,34.802267]]]},"properties":{}},"extra":false},
    {"code":3400211,"id":6092,"name":"石橋阪大前","original_name":"石橋阪大前","name_kana":"いしばしはんだいまえ","closed":false,"lat":34.808254,"lng":135.445487,"prefecture":27,"numbering":["HK48"],"lines":[34002,34007],"attr":"heat","postal_code":"563-0032","address":"池田市石橋２-１８-１","voronoi":{"type":"Feature","geometry":{"type":"Polygon","coordinates":[[[135.442875,34.800098],[135.450909,34.802267],[135.455025,34.809093],[135.444442,34.827936],[135.4314,34.808614],[135.433079,34.802254],[135.442875,34.800098]]]},"properties":{}},"extra":false},
    {"code":3400212,"id":6093,"name":"池田(大阪)","original_name":"池田","name_kana":"いけだ","closed":false,"lat":34.821544,"lng":135.425797,"prefecture":27,"numbering":["HK49"],"lines":[34002],"attr":"heat","postal_code":"563-0056","address":"池田市栄町１-１","voronoi":{"type":"Feature","geometry":{"type":"Polygon","coordinates":[[[135.417074,34.81948],[135.415848,34.813598],[135.4314,34.808614],[135.444442,34.827936],[135.445061,34.832492],[135.421007,34.827465],[135.417074,34.81948]]]},"properties":{}},"extra":false},
    {"code":3400213,"id":6094,"name":"川西能勢口","original_name":"川西能勢口","name_kana":"かわにしのせぐち","closed":false,"lat":34.827654,"lng":135.413393,"prefecture":28,"numbering":["HK50"],"lines":[34002,99615],"attr":"heat","postal_code":"666-0015","address":"川西市小花１-１-１０","voronoi":{"type":"Feature","geometry":{"type":"Polygon","coordinates":[[[135.417074,34.81948],[135.41372,34.823667],[135.408032,34.83234],[135.407815,34.839977],[135.408609,34.83976],[135.41384,34.837113],[135.421007,34.827465],[135.417074,34.81948]]]},"properties":{}},"extra":false},
    {"code":3400214,"id":6095,"name":"雲雀丘花屋敷","original_name":"雲雀丘花屋敷","name_kana":"ひばりがおかはなやしき","closed":false,"lat":34.827357,"lng":135.402946,"prefecture":28,"numbering":["HK51"],"lines":[34002],"attr":"heat","postal_code":"665-0805","address":"宝塚市雲雀丘１-１-１０","voronoi":{"type":"Feature","geometry":{"type":"Polygon","coordinates":[[[135.408032,34.83234],[135.407815,34.839977],[135.39571,34.849442],[135.39368,34.850583],[135.384563,34.854275],[135.400928,34.810819],[135.406617,34.826645],[135.408032,34.83234]]]},"properties":{}},"extra":false},
    {"code":3400215,"id":6096,"name":"山本(兵庫)","original_name":"山本","name_kana":"やまもと","closed":false,"lat":34.821918,"lng":135.388503,"prefecture":28,"numbering":["HK52"],"lines":[34002],"attr":"cool","postal_code":"665-0816","address":"宝塚市平井１-１-１","voronoi":{"type":"Feature","geometry":{"type":"Polygon","coordinates":[[[135.393892,34.796614],[135.401345,34.807783],[135.400928,34.810819],[135.384563,34.854275],[135.373717,34.862082],[135.377908,34.828432],[135.390294,34.794465],[135.393892,34.796614]]]},"properties":{}},"extra":false},
    {"code":3400216,"id":6097,"name":"中山観音","original_name":"中山観音","name_kana":"なかやまかんのん","closed":false,"lat":34.819518,"lng":135.369235,"prefecture":28,"numbering":["HK53"],"lines":[34002],"attr":"cool","postal_code":"665-0861","address":"宝塚市中山寺２-７-１","voronoi":{"type":"Feature","geometry":{"type":"Polygon","coordinates":[[[135.355915,34.869965],[135.347768,34.855537],[135.367922,34.811997],[135.377908,34.828432],[135.373717,34.862082],[135.370295,34.865998],[135.355915,34.869965]]]},"properties":{}},"extra":false},
    {"code":3400217,"id":6098,"name":"売布神社","original_name":"売布神社","name_kana":"めふじんじゃ","closed":false,"lat":34.815863,"lng":135.361339,"prefecture":28,"numbering":["HK54"],"lines":[34002],"attr":"eco","postal_code":"665-0852","address":"宝塚市売布２-１４-３０","voronoi":{"type":"Feature","geometry":{"type":"Polygon","coordinates":[[[135.345311,34.84077],[135.34649,34.853738],[135.347768,34.855537],[135.367922,34.811997],[135.368688,34.799314],[135.36435,34.801783],[135.347386,34.830668],[135.345311,34.84077]]]},"properties":{}},"extra":false},
    {"code":3400218,"id":6099,"name":"清荒神","original_name":"清荒神","name_kana":"きよしこうじん","closed":false,"lat":34.811271,"lng":135.35352,"prefecture":28,"numbering":["HK55"],"lines":[34002],"attr":"eco","postal_code":"665-0836","address":"宝塚市清荒神１-９-３","voronoi":{"type":"Feature","geometry":{"type":"Polygon","coordinates":[[[135.35318,34.804013],[135.346945,34.810769],[135.347386,34.830668],[135.36435,34.801783],[135.35318,34.804013]]]},"properties":{}},"extra":false},
    {"code":1162910,"id":3142,"name":"宝塚","original_name":"宝塚","name_kana":"たからづか","closed":false,"lat":34.811562,"lng":135.340399,"prefecture":28,"numbering":["HK56"],"lines":[11629,34002,34004],"attr":"eco","postal_code":"665-0845","address":"宝塚市栄町２丁目","voronoi":{"type":"Feature","geometry":{"type":"Polygon","coordinates":[[[135.345311,34.84077],[135.320599,34.790868],[135.346945,34.810769],[135.347386,34.830668],[135.345311,34.84077]]]},"properties":{}},"extra":false}
  ],
  "extra":false
}