{
  "code":35004,
  "id":"865aa7",
  "name":"阪神尼崎海岸線",
  "name_kana":"はんしんあまがさきかいがんせん",
  "station_size":3,
  "company_code":25,
  "closed":true,
  "station_list":[
    {"code":3500110,"id":"61c6ad","name":"出屋敷","original_name":"出屋敷","name_kana":"でやしき","closed":false,"lat":34.718232,"lng":135.404604,"prefecture":28,"lines":[35001,35004],"attr":"cool","postal_code":"660-0876","address":"尼崎市竹谷町２-３５","voronoi":{"type":"Feature","geometry":{"type":"Polygon","coordinates":[[[135.411103,34.713803],[135.410583,34.73023],[135.399362,34.727355],[135.399962,34.715192],[135.410693,34.712635],[135.411103,34.713803]]]},"properties":{}},"extra":false},
    {"code":3500402,"id":"5ba535","name":"高洲","original_name":"高洲","name_kana":"たかす","closed":true,"lat":34.710386,"lng":135.402734,"prefecture":28,"lines":[35004],"postal_code":"660-0845","address":"兵庫県尼崎市西高洲町３０−９","open_date":"1929-04-19","closed_date":"1962-12-01","voronoi":{"type":"Feature","geometry":{"type":"Polygon","coordinates":[[[135.394445,34.709438],[135.399962,34.715192],[135.410693,34.712635],[135.412291,34.703409],[135.394445,34.709438]]]},"properties":{}},"extra":true},
    {"code":3500403,"id":"964447","name":"東浜(兵庫)","original_name":"東浜","name_kana":"ひがしはま","closed":true,"lat":34.703658,"lng":135.400461,"prefecture":28,"lines":[35004],"postal_code":"660-0844","address":"兵庫県尼崎市東浜町４−１","open_date":"1929-04-19","closed_date":"1960-04-15","voronoi":{"type":"Feature","geometry":{"type":"Polygon","coordinates":[[[135.420171,34.686378],[135.418319,34.6844],[135.402741,34.672537],[135.385923,34.669213],[135.387322,34.698312],[135.389544,34.707556],[135.394445,34.709438],[135.412291,34.703409],[135.420308,34.68787],[135.420171,34.686378]]]},"properties":{}},"extra":true}
  ],
  "closed_date":"1962-12-01",
  "extra":true
}