{
  "code":35002,
  "id":"708c3b",
  "name":"阪神なんば線",
  "name_kana":"はんしんなんばせん",
  "station_size":11,
  "company_code":25,
  "closed":false,
  "symbol":"HS",
  "station_list":[
    {"code":3100101,"id":"6a42ec","name":"大阪難波","original_name":"大阪難波","name_kana":"おおさかなんば","closed":false,"lat":34.667113,"lng":135.499144,"prefecture":27,"numbering":["HS41"],"lines":[31001,35002],"attr":"heat","postal_code":"542-0076","address":"大阪市中央区難波四丁目1-17","voronoi":{"type":"Feature","geometry":{"type":"Polygon","coordinates":[[[135.496616,34.670158],[135.49771,34.663871],[135.502479,34.670651],[135.499433,34.671108],[135.496616,34.670158]]]},"properties":{}},"extra":false},
    {"code":3500210,"id":"5fff2f","name":"桜川(大阪)","original_name":"桜川","name_kana":"さくらがわ","closed":false,"lat":34.668559,"lng":135.486612,"prefecture":27,"numbering":["HS42"],"lines":[35002,99622],"attr":"cool","postal_code":"556-0021","address":"大阪市浪速区幸町２-３-７","voronoi":{"type":"Feature","geometry":{"type":"Polygon","coordinates":[[[135.483788,34.672193],[135.483034,34.669726],[135.490586,34.666061],[135.491655,34.670421],[135.490509,34.67158],[135.483788,34.672193]]]},"properties":{}},"extra":false},
    {"code":3500209,"id":"392f34","name":"ドーム前","original_name":"ドーム前","name_kana":"どーむまえ","closed":false,"lat":34.670266,"lng":135.478313,"prefecture":27,"numbering":["HS43"],"lines":[35002],"attr":"eco","postal_code":"550-0023","address":"大阪府大阪市西区千代崎三丁目","voronoi":{"type":"Feature","geometry":{"type":"Polygon","coordinates":[[[135.470827,34.665057],[135.477613,34.673319],[135.479898,34.668192],[135.470827,34.665057]]]},"properties":{}},"extra":false},
    {"code":3500208,"id":"489ddb","name":"九条(大阪)","original_name":"九条","name_kana":"くじょう","closed":false,"lat":34.673412,"lng":135.474483,"prefecture":27,"numbering":["HS44"],"lines":[35002,99621],"attr":"eco","postal_code":"550-0027","address":"大阪市西区九条２-３-２","voronoi":{"type":"Feature","geometry":{"type":"Polygon","coordinates":[[[135.477848,34.681168],[135.474477,34.681245],[135.46717,34.675177],[135.470572,34.664879],[135.470827,34.665057],[135.477613,34.673319],[135.48008,34.677901],[135.477848,34.681168]]]},"properties":{}},"extra":false},
    {"code":1162307,"id":"78c266","name":"西九条","original_name":"西九条","name_kana":"にしくじょう","closed":false,"lat":34.68269,"lng":135.466779,"prefecture":27,"numbering":["HS45"],"lines":[11623,11624,35002],"attr":"heat","postal_code":"554-0012","address":"大阪市此花区西九条１丁目","voronoi":{"type":"Feature","geometry":{"type":"Polygon","coordinates":[[[135.46026,34.677482],[135.463876,34.689182],[135.467838,34.689632],[135.474477,34.681245],[135.46717,34.675177],[135.46026,34.677482]]]},"properties":{}},"extra":false},
    {"code":3500202,"id":"8981c9","name":"千鳥橋","original_name":"千鳥橋","name_kana":"ちどりばし","closed":false,"lat":34.68546,"lng":135.457817,"prefecture":27,"numbering":["HS46"],"lines":[35002],"attr":"heat","postal_code":"554-0014","address":"大阪市此花区四貫島１-１-４３","voronoi":{"type":"Feature","geometry":{"type":"Polygon","coordinates":[[[135.450289,34.680107],[135.454077,34.675737],[135.46026,34.677482],[135.463876,34.689182],[135.45819,34.693132],[135.450289,34.680107]]]},"properties":{}},"extra":false},
    {"code":3500203,"id":"125895","name":"伝法","original_name":"伝法","name_kana":"でんぽう","closed":false,"lat":34.689256,"lng":135.451559,"prefecture":27,"numbering":["HS47"],"lines":[35002],"attr":"heat","postal_code":"554-0002","address":"大阪市此花区伝法３-１４-５０","voronoi":{"type":"Feature","geometry":{"type":"Polygon","coordinates":[[[135.456711,34.696064],[135.45819,34.693132],[135.450289,34.680107],[135.437388,34.686328],[135.451613,34.6983],[135.456711,34.696064]]]},"properties":{}},"extra":false},
    {"code":3500204,"id":"fd3ce0","name":"福","original_name":"福","name_kana":"ふく","closed":false,"lat":34.699791,"lng":135.442692,"prefecture":27,"numbering":["HS48"],"lines":[35002],"attr":"cool","postal_code":"555-0034","address":"大阪市西淀川区福町２-３-２８","voronoi":{"type":"Feature","geometry":{"type":"Polygon","coordinates":[[[135.44326,34.706182],[135.42068,34.68853],[135.420308,34.68787],[135.420171,34.686378],[135.425146,34.685757],[135.437388,34.686328],[135.451613,34.6983],[135.449654,34.704812],[135.44326,34.706182]]]},"properties":{}},"extra":false},
    {"code":3500205,"id":"21080d","name":"出来島","original_name":"出来島","name_kana":"できじま","closed":false,"lat":34.707173,"lng":135.436921,"prefecture":27,"numbering":["HS49"],"lines":[35002],"attr":"cool","postal_code":"555-0031","address":"大阪市西淀川区出来島１-１３-６","voronoi":{"type":"Feature","geometry":{"type":"Polygon","coordinates":[[[135.42068,34.68853],[135.42664,34.706325],[135.432678,34.713622],[135.439498,34.712443],[135.44326,34.706182],[135.42068,34.68853]]]},"properties":{}},"extra":false},
    {"code":3500108,"id":"8f7afc","name":"大物","original_name":"大物","name_kana":"だいもつ","closed":false,"lat":34.716583,"lng":135.425549,"prefecture":28,"numbering":["HS08"],"lines":[35001,35002],"attr":"cool","postal_code":"660-0823","address":"尼崎市大物町２-１-１","voronoi":{"type":"Feature","geometry":{"type":"Polygon","coordinates":[[[135.42124,34.71685],[135.422451,34.721716],[135.432062,34.718467],[135.432678,34.713622],[135.42664,34.706325],[135.42124,34.71685]]]},"properties":{}},"extra":false},
    {"code":3500109,"id":"d9a1a6","name":"尼崎(阪神電気鉄道)","original_name":"尼崎","name_kana":"あまがさき","closed":false,"lat":34.718634,"lng":135.417309,"prefecture":28,"numbering":["HS09"],"lines":[35001,35002],"attr":"cool","postal_code":"661-0953","address":"兵庫県尼崎市東御園町93","voronoi":{"type":"Feature","geometry":{"type":"Polygon","coordinates":[[[135.415639,34.734891],[135.410583,34.73023],[135.411103,34.713803],[135.42124,34.71685],[135.422451,34.721716],[135.41633,34.734136],[135.415639,34.734891]]]},"properties":{}},"extra":false}
  ],
  "extra":false
}