{
  "code":36003,
  "id":356,
  "name":"西鉄甘木線",
  "name_kana":"にしてつあまぎせん",
  "station_size":12,
  "company_code":26,
  "closed":false,
  "symbol":"A",
  "station_list":[
    {"code":3600125,"id":6217,"name":"宮の陣","original_name":"宮の陣","name_kana":"みやのじん","closed":false,"lat":33.329456,"lng":130.530902,"prefecture":40,"numbering":["T25"],"lines":[36001,36003],"attr":"eco","postal_code":"839-0801","address":"久留米市宮ノ陣町大字宮瀬２４７-２","voronoi":{"type":"Feature","geometry":{"type":"Polygon","coordinates":[[[130.511969,33.337373],[130.518515,33.348371],[130.534069,33.341993],[130.53663,33.318505],[130.512982,33.334287],[130.511969,33.337373]]]},"properties":{}},"extra":false},
    {"code":3600302,"id":6245,"name":"五郎丸","original_name":"五郎丸","name_kana":"ごろうまる","closed":false,"lat":33.330433,"lng":130.539863,"prefecture":40,"numbering":["A01"],"lines":[36003],"attr":"eco","postal_code":"839-0802","address":"久留米市宮ノ陣町大字五郎丸１７８２","voronoi":{"type":"Feature","geometry":{"type":"Polygon","coordinates":[[[130.537032,33.341894],[130.534069,33.341993],[130.53663,33.318505],[130.537384,33.317424],[130.551116,33.323742],[130.537032,33.341894]]]},"properties":{}},"extra":false},
    {"code":3600303,"id":6246,"name":"学校前","original_name":"学校前","name_kana":"がっこうまえ","closed":false,"lat":33.336305,"lng":130.547431,"prefecture":40,"numbering":["A02"],"lines":[36003],"attr":"eco","postal_code":"839-0803","address":"久留米市宮ノ陣町大杜３９１-１","voronoi":{"type":"Feature","geometry":{"type":"Polygon","coordinates":[[[130.537032,33.341894],[130.553617,33.348607],[130.561185,33.328556],[130.553855,33.323898],[130.551116,33.323742],[130.537032,33.341894]]]},"properties":{}},"extra":false},
    {"code":3600304,"id":6247,"name":"古賀茶屋","original_name":"古賀茶屋","name_kana":"こがんちゃや","closed":false,"lat":33.34346,"lng":130.566388,"prefecture":40,"numbering":["A03"],"lines":[36003],"attr":"eco","postal_code":"839-0805","address":"久留米市宮ノ陣町大字八丁島１８８６-１","voronoi":{"type":"Feature","geometry":{"type":"Polygon","coordinates":[[[130.576695,33.326518],[130.571962,33.367054],[130.558291,33.361047],[130.553617,33.348607],[130.561185,33.328556],[130.576695,33.326518]]]},"properties":{}},"extra":false},
    {"code":3600305,"id":6248,"name":"北野(福岡)","original_name":"北野","name_kana":"きたの","closed":false,"lat":33.345379,"lng":130.582822,"prefecture":40,"numbering":["A04"],"lines":[36003],"attr":"heat","postal_code":"830-1122","address":"久留米市北野町今山字大六６２７-１","voronoi":{"type":"Feature","geometry":{"type":"Polygon","coordinates":[[[130.598188,33.335186],[130.589895,33.372623],[130.577612,33.372448],[130.571962,33.367054],[130.576695,33.326518],[130.584829,33.321407],[130.598188,33.335186]]]},"properties":{}},"extra":false},
    {"code":3600306,"id":6249,"name":"大城","original_name":"大城","name_kana":"おおき","closed":false,"lat":33.350915,"lng":130.607812,"prefecture":40,"numbering":["A05"],"lines":[36003],"attr":"heat","postal_code":"830-1125","address":"久留米市北野町乙丸字前田８０-４","voronoi":{"type":"Feature","geometry":{"type":"Polygon","coordinates":[[[130.596667,33.376203],[130.589895,33.372623],[130.598188,33.335186],[130.617886,33.335851],[130.613707,33.363273],[130.596667,33.376203]]]},"properties":{}},"extra":false},
    {"code":3600307,"id":6250,"name":"金島(福岡)","original_name":"金島","name_kana":"かねしま","closed":false,"lat":33.353232,"lng":130.623016,"prefecture":40,"numbering":["A06"],"lines":[36003],"attr":"cool","postal_code":"830-1102","address":"久留米市北野町八重亀字通道１８４-８","voronoi":{"type":"Feature","geometry":{"type":"Polygon","coordinates":[[[130.613707,33.363273],[130.617886,33.335851],[130.624842,33.332873],[130.659328,33.353985],[130.660737,33.360789],[130.613707,33.363273]]]},"properties":{}},"extra":false},
    {"code":3600308,"id":6251,"name":"大堰","original_name":"大堰","name_kana":"おおぜき","closed":false,"lat":33.372278,"lng":130.624022,"prefecture":40,"numbering":["A07"],"lines":[36003],"attr":"cool","postal_code":"830-1201","address":"三井郡大刀洗町大字冨多字大藤８４１","voronoi":{"type":"Feature","geometry":{"type":"Polygon","coordinates":[[[130.660737,33.360789],[130.613707,33.363273],[130.596667,33.376203],[130.597369,33.377279],[130.606916,33.38612],[130.662691,33.364786],[130.660737,33.360789]]]},"properties":{}},"extra":false},
    {"code":3600309,"id":6252,"name":"本郷(福岡)","original_name":"本郷","name_kana":"ほんごう","closed":false,"lat":33.385013,"lng":130.628893,"prefecture":40,"numbering":["A08"],"lines":[36003],"attr":"cool","postal_code":"830-1211","address":"三井郡大刀洗町大字本郷字桑木２７４０-２","voronoi":{"type":"Feature","geometry":{"type":"Polygon","coordinates":[[[130.613941,33.39597],[130.621652,33.398676],[130.667346,33.371188],[130.662691,33.364786],[130.606916,33.38612],[130.60889,33.38966],[130.613486,33.395674],[130.613941,33.39597]]]},"properties":{}},"extra":false},
    {"code":3600310,"id":6253,"name":"上浦","original_name":"上浦","name_kana":"かみうら","closed":false,"lat":33.398681,"lng":130.637115,"prefecture":40,"numbering":["A09"],"lines":[36003],"attr":"cool","postal_code":"838-0057","address":"朝倉市上浦字正法寺１０-２","voronoi":{"type":"Feature","geometry":{"type":"Polygon","coordinates":[[[130.662353,33.393732],[130.632207,33.40578],[130.626609,33.404665],[130.621652,33.398676],[130.667346,33.371188],[130.677157,33.380249],[130.662353,33.393732]]]},"properties":{}},"extra":false},
    {"code":3600311,"id":6254,"name":"馬田","original_name":"馬田","name_kana":"まだ","closed":false,"lat":33.407541,"lng":130.640656,"prefecture":40,"numbering":["A10"],"lines":[36003],"attr":"cool","postal_code":"838-0058","address":"朝倉市馬田字落合６-２","voronoi":{"type":"Feature","geometry":{"type":"Polygon","coordinates":[[[130.632207,33.40578],[130.644259,33.417758],[130.662353,33.393732],[130.632207,33.40578]]]},"properties":{}},"extra":false},
    {"code":3600312,"id":6255,"name":"甘木","original_name":"甘木","name_kana":"あまぎ","closed":false,"lat":33.418399,"lng":130.655074,"prefecture":40,"numbering":["A11"],"lines":[36003,99901,10911],"attr":"cool","postal_code":"838-0068","address":"朝倉市甘木字竹原１６７８-２","voronoi":{"type":"Feature","geometry":{"type":"Polygon","coordinates":[[[130.662353,33.393732],[130.644259,33.417758],[130.633213,33.473382],[130.63641,33.47776],[130.701833,33.486986],[130.7261,33.475231],[130.755112,33.444312],[130.720109,33.400383],[130.677157,33.380249],[130.662353,33.393732]]]},"properties":{}},"extra":false}
  ],
  "extra":false
}