{
  "code":36005,
  "id":"48ee1d",
  "name":"西鉄大川線",
  "name_kana":"にしてつおおかわせん",
  "station_size":10,
  "company_code":26,
  "closed":true,
  "station_list":[
    {"code":3600132,"id":"2cf709","name":"大善寺","original_name":"大善寺","name_kana":"だいぜんじ","closed":false,"lat":33.270432,"lng":130.473897,"prefecture":40,"lines":[36001,36005],"attr":"eco","postal_code":"830-0073","address":"久留米市大善寺町宮本１１７３","voronoi":{"type":"Feature","geometry":{"type":"Polygon","coordinates":[[[130.490972,33.262293],[130.488866,33.271317],[130.45229,33.306246],[130.447976,33.30432],[130.465883,33.264992],[130.487393,33.258286],[130.490972,33.262293]]]},"properties":{}},"extra":false},
    {"code":3600502,"id":"2a991b","name":"塚崎","original_name":"塚崎","name_kana":"つかさき","closed":true,"lat":33.262519,"lng":130.456518,"prefecture":40,"lines":[36005],"postal_code":"830-0103","address":"福岡県久留米市三潴町高三潴６００６","open_date":"1912-12-30","closed_date":"1966-05-06","voronoi":{"type":"Feature","geometry":{"type":"Polygon","coordinates":[[[130.461053,33.255513],[130.465883,33.264992],[130.447976,33.30432],[130.445721,33.303876],[130.451189,33.251319],[130.461053,33.255513]]]},"properties":{}},"extra":true},
    {"code":3600503,"id":"443ade","name":"草場","original_name":"草場","name_kana":"くさば","closed":true,"lat":33.261182,"lng":130.443669,"prefecture":40,"lines":[36005],"postal_code":"830-0105","address":"福岡県久留米市三潴町草場１９６−２","open_date":"1913-12-10","closed_date":"1966-05-06","voronoi":{"type":"Feature","geometry":{"type":"Polygon","coordinates":[[[130.425284,33.295592],[130.436697,33.303492],[130.445721,33.303876],[130.451189,33.251319],[130.44592,33.243952],[130.443061,33.243441],[130.425284,33.295592]]]},"properties":{}},"extra":true},
    {"code":3600504,"id":"52a411","name":"城島","original_name":"城島","name_kana":"じょうじま","closed":true,"lat":33.257117,"lng":130.431744,"prefecture":40,"lines":[36005],"postal_code":"830-0207","address":"福岡県久留米市城島町城島３２−５","open_date":"1912-12-30","closed_date":"1966-05-06","voronoi":{"type":"Feature","geometry":{"type":"Polygon","coordinates":[[[130.425284,33.295592],[130.407304,33.287055],[130.429058,33.235055],[130.443061,33.243441],[130.425284,33.295592]]]},"properties":{}},"extra":true},
    {"code":3600505,"id":"7bae31","name":"江島(福岡)","original_name":"江島","name_kana":"えしま","closed":true,"lat":33.248632,"lng":130.411462,"prefecture":40,"lines":[36005],"postal_code":"830-0216","address":"福岡県久留米市城島町江島５２３−１","open_date":"1913-05-26","closed_date":"1966-05-06","voronoi":{"type":"Feature","geometry":{"type":"Polygon","coordinates":[[[130.407304,33.287055],[130.429058,33.235055],[130.426113,33.229835],[130.415365,33.222702],[130.395308,33.283538],[130.399476,33.285833],[130.407304,33.287055]]]},"properties":{}},"extra":true},
    {"code":3600506,"id":"6f629b","name":"青木島","original_name":"青木島","name_kana":"あおきじま","closed":true,"lat":33.245869,"lng":130.403081,"prefecture":40,"lines":[36005],"postal_code":"830-0223","address":"福岡県久留米市城島町四郎丸３９０","open_date":"1912-12-30","closed_date":"1966-05-06","voronoi":{"type":"Feature","geometry":{"type":"Polygon","coordinates":[[[130.395308,33.283538],[130.379712,33.277156],[130.402836,33.226235],[130.409468,33.217152],[130.415365,33.222702],[130.395308,33.283538]]]},"properties":{}},"extra":true},
    {"code":3600507,"id":"a0caba","name":"鐘ヶ江","original_name":"鐘ヶ江","name_kana":"かねがえ","closed":true,"lat":33.238971,"lng":130.387891,"prefecture":40,"lines":[36005],"postal_code":"831-0008","address":"福岡県大川市鐘ケ江","open_date":"1912-12-30","closed_date":"1966-05-06","voronoi":{"type":"Feature","geometry":{"type":"Polygon","coordinates":[[[130.379712,33.277156],[130.373898,33.27614],[130.357492,33.259761],[130.357865,33.256337],[130.36155,33.248863],[130.402836,33.226235],[130.379712,33.277156]]]},"properties":{}},"extra":true},
    {"code":3600508,"id":"4e5699","name":"三又","original_name":"三又","name_kana":"みつまた","closed":true,"lat":33.231981,"lng":130.38406,"prefecture":40,"lines":[36005],"postal_code":"831-0006","address":"福岡県大川市中古賀７３","open_date":"1913-05-26","closed_date":"1966-05-06","voronoi":{"type":"Feature","geometry":{"type":"Polygon","coordinates":[[[130.36155,33.248863],[130.366552,33.233563],[130.385035,33.216648],[130.396678,33.210259],[130.402606,33.210147],[130.408947,33.215934],[130.409468,33.217152],[130.402836,33.226235],[130.36155,33.248863]]]},"properties":{}},"extra":true},
    {"code":3600509,"id":"0daa69","name":"若津","original_name":"若津","name_kana":"わかつ","closed":true,"lat":33.216264,"lng":130.369676,"prefecture":40,"lines":[36005],"postal_code":"831-0005","address":"福岡県大川市向島２１４５","open_date":"1912-12-30","closed_date":"1966-05-06","voronoi":{"type":"Feature","geometry":{"type":"Polygon","coordinates":[[[130.362917,33.223122],[130.366552,33.233563],[130.385035,33.216648],[130.368448,33.21216],[130.362917,33.223122]]]},"properties":{}},"extra":true},
    {"code":3600510,"id":"599640","name":"西鉄大川","original_name":"西鉄大川","name_kana":"にしてつおおかわ","closed":true,"lat":33.209235,"lng":130.371578,"prefecture":40,"lines":[36005],"postal_code":"831-0005","address":"福岡県大川市向島１９３３","open_date":"1920-12-26","closed_date":"1966-05-06","voronoi":{"type":"Feature","geometry":{"type":"Polygon","coordinates":[[[130.385035,33.216648],[130.368448,33.21216],[130.36756,33.210707],[130.374963,33.197715],[130.396678,33.210259],[130.385035,33.216648]]]},"properties":{}},"extra":true}
  ],
  "closed_date":"1966-05-06",
  "extra":true
}