{
  "code":36007,
  "id":"ad8bf4",
  "name":"西鉄戸畑線",
  "name_kana":"にしてつとばたせん",
  "station_size":10,
  "company_code":26,
  "closed":true,
  "station_list":[
    {"code":3600626,"id":"5c8c2d","name":"大門(福岡)","original_name":"大門","name_kana":"だいもん","closed":true,"lat":33.887467,"lng":130.871553,"prefecture":40,"lines":[36006,36007],"postal_code":"803-0811","address":"福岡県北九州市小倉北区大門２丁目１-１７","closed_date":"1992-10-25","voronoi":{"type":"Feature","geometry":{"type":"Polygon","coordinates":[[[130.87334,33.886874],[130.872297,33.883088],[130.867404,33.889586],[130.868917,33.895471],[130.87334,33.886874]]]},"properties":{}},"extra":true},
    {"code":3600702,"id":"dcf6c6","name":"日明","original_name":"日明","name_kana":"ひあがり","closed":true,"lat":33.889732,"lng":130.862747,"prefecture":40,"lines":[36007],"postal_code":"803-0831","address":"福岡県北九州市小倉北区日明１丁目２","closed_date":"1985-10-20","voronoi":{"type":"Feature","geometry":{"type":"Polygon","coordinates":[[[130.853942,33.885773],[130.85893,33.883331],[130.863021,33.884434],[130.867404,33.889586],[130.868917,33.895471],[130.869098,33.89737],[130.853942,33.885773]]]},"properties":{}},"extra":true},
    {"code":3600703,"id":"8e5815","name":"日明西口","original_name":"日明西口","name_kana":"ひあがりにしぐち","closed":true,"lat":33.893237,"lng":130.860065,"prefecture":40,"lines":[36007],"postal_code":"803-0831","address":"福岡県北九州市小倉北区日明５丁目１","closed_date":"1985-10-20","voronoi":{"type":"Feature","geometry":{"type":"Polygon","coordinates":[[[130.879529,33.928984],[130.851588,33.886311],[130.853942,33.885773],[130.869098,33.89737],[130.879529,33.928984]]]},"properties":{}},"extra":true},
    {"code":3600704,"id":"3d8653","name":"中井口","original_name":"中井口","name_kana":"なかいぐち","closed":true,"lat":33.89685,"lng":130.854547,"prefecture":40,"lines":[36007],"postal_code":"803-0837","address":"福岡県北九州市小倉北区中井口１-２１","closed_date":"1985-10-20","voronoi":{"type":"Feature","geometry":{"type":"Polygon","coordinates":[[[130.879529,33.928984],[130.851588,33.886311],[130.847661,33.88599],[130.846832,33.886134],[130.868582,33.949472],[130.881301,33.933177],[130.879529,33.928984]]]},"properties":{}},"extra":true},
    {"code":3600705,"id":"f7d456","name":"中原(福岡)","original_name":"中原","name_kana":"なかばる","closed":true,"lat":33.899329,"lng":130.847328,"prefecture":40,"lines":[36007],"postal_code":"804-0012","address":"福岡県北九州市戸畑区中原東２丁目１１","closed_date":"1985-10-20","voronoi":{"type":"Feature","geometry":{"type":"Polygon","coordinates":[[[130.843645,33.899504],[130.843615,33.885743],[130.846832,33.886134],[130.868582,33.949472],[130.854141,33.97092],[130.843645,33.899504]]]},"properties":{}},"extra":true},
    {"code":3600706,"id":"5f8e15","name":"工大前","original_name":"工大前","name_kana":"こうだいまえ","closed":true,"lat":33.899345,"lng":130.839962,"prefecture":40,"lines":[36007],"postal_code":"804-0011","address":"福岡県北九州市戸畑区中原西１丁目１１-２１","closed_date":"1985-10-20","voronoi":{"type":"Feature","geometry":{"type":"Polygon","coordinates":[[[130.837039,33.900171],[130.837542,33.884082],[130.839091,33.884323],[130.842286,33.885203],[130.843615,33.885743],[130.843645,33.899504],[130.837039,33.900171]]]},"properties":{}},"extra":true},
    {"code":3600707,"id":"ead741","name":"三六","original_name":"三六","name_kana":"さんろく","closed":true,"lat":33.899164,"lng":130.834173,"prefecture":40,"lines":[36007],"postal_code":"804-0091","address":"福岡県北九州市戸畑区三六町１２-２５","closed_date":"1985-10-20","voronoi":{"type":"Feature","geometry":{"type":"Polygon","coordinates":[[[130.837542,33.884082],[130.835506,33.883355],[130.833918,33.883116],[130.830322,33.893886],[130.831686,33.911117],[130.833329,33.917924],[130.837039,33.900171],[130.837542,33.884082]]]},"properties":{}},"extra":true},
    {"code":3600708,"id":"2084fa","name":"幸町(福岡)","original_name":"幸町","name_kana":"さいわいまち","closed":true,"lat":33.899704,"lng":130.827349,"prefecture":40,"lines":[36007,36008],"postal_code":"804-0082","address":"福岡県北九州市戸畑区新池３丁目６","closed_date":"1985-10-20","voronoi":{"type":"Feature","geometry":{"type":"Polygon","coordinates":[[[130.831686,33.911117],[130.824564,33.898708],[130.830322,33.893886],[130.831686,33.911117]]]},"properties":{}},"extra":true},
    {"code":3600709,"id":"8526bb","name":"元宮町","original_name":"元宮町","name_kana":"もとみやちょう","closed":true,"lat":33.901615,"lng":130.824019,"prefecture":40,"lines":[36007],"postal_code":"804-0072","address":"福岡県北九州市戸畑区元宮町８-１１三協興業","closed_date":"1985-10-20","voronoi":{"type":"Feature","geometry":{"type":"Polygon","coordinates":[[[130.813203,34.006174],[130.821787,33.899728],[130.823214,33.898695],[130.824564,33.898708],[130.831686,33.911117],[130.833329,33.917924],[130.838584,33.987111],[130.813203,34.006174]]]},"properties":{}},"extra":true},
    {"code":3600710,"id":"1eabac","name":"戸畑(西鉄)","original_name":"戸畑","name_kana":"とばた","closed":true,"lat":33.901233,"lng":130.819282,"prefecture":40,"lines":[36007],"postal_code":"804-0075","address":"福岡県北九州市戸畑区北鳥旗町１１-２","closed_date":"1985-10-20","voronoi":{"type":"Feature","geometry":{"type":"Polygon","coordinates":[[[130.812355,34.006842],[130.812811,33.897274],[130.813491,33.896952],[130.821787,33.899728],[130.813203,34.006174],[130.812355,34.006842]]]},"properties":{}},"extra":true}
  ],
  "closed_date":"1985-10-20",
  "extra":true
}