{
  "code":36011,
  "id":"36f6cf",
  "name":"西鉄福岡市内線(貫通線)",
  "name_kana":"にしてつふくおかしないせん(かんつうせん)",
  "station_size":32,
  "company_code":26,
  "closed":true,
  "station_list":[
    {"code":3601101,"id":"f6699e","name":"九大前","original_name":"九大前","name_kana":"きゅうだいまえ","closed":true,"lat":33.620458,"lng":130.424762,"prefecture":40,"lines":[36011],"postal_code":"812-0053","address":"福岡県福岡市東区箱崎３丁目９-３７","closed_date":"1975-11-02","voronoi":{"type":"Feature","geometry":{"type":"Polygon","coordinates":[[[130.424349,33.618286],[130.422474,33.620425],[130.422949,33.621464],[130.425365,33.624009],[130.432783,33.624579],[130.424349,33.618286]]]},"properties":{}},"extra":true},
    {"code":3601102,"id":"0644e5","name":"網屋町","original_name":"網屋町","name_kana":"あみやちょう","closed":true,"lat":33.618161,"lng":130.422142,"prefecture":40,"lines":[36011],"postal_code":"812-0053","address":"福岡県福岡市東区箱崎２丁目９","closed_date":"1975-11-02","voronoi":{"type":"Feature","geometry":{"type":"Polygon","coordinates":[[[130.420218,33.617677],[130.420847,33.617007],[130.423987,33.614983],[130.424275,33.614939],[130.424349,33.618286],[130.422474,33.620425],[130.421249,33.620077],[130.420218,33.617677]]]},"properties":{}},"extra":true},
    {"code":3601103,"id":"a49aef","name":"箱崎(西鉄)","original_name":"箱崎","name_kana":"はこざき","closed":true,"lat":33.615351,"lng":130.420331,"prefecture":40,"lines":[36011],"postal_code":"812-0053","address":"福岡県福岡市東区箱崎１丁目４５","closed_date":"1975-11-02","voronoi":{"type":"Feature","geometry":{"type":"Polygon","coordinates":[[[130.423987,33.614983],[130.418517,33.613179],[130.420847,33.617007],[130.423987,33.614983]]]},"properties":{}},"extra":true},
    {"code":3601104,"id":"693182","name":"馬出","original_name":"馬出","name_kana":"まいだし","closed":true,"lat":33.612513,"lng":130.421267,"prefecture":40,"lines":[36011],"postal_code":"812-0054","address":"福岡県福岡市東区馬出５丁目１２-４","closed_date":"1975-11-02","voronoi":{"type":"Feature","geometry":{"type":"Polygon","coordinates":[[[130.427349,33.612014],[130.424275,33.614939],[130.423987,33.614983],[130.418517,33.613179],[130.41796,33.612898],[130.417862,33.61247],[130.422237,33.609756],[130.4224,33.609796],[130.427349,33.612014]]]},"properties":{}},"extra":true},
    {"code":3601105,"id":"f726f3","name":"東車庫前","original_name":"東車庫前","name_kana":"ひがししゃこまえ","closed":true,"lat":33.6087,"lng":130.418887,"prefecture":40,"lines":[36011],"postal_code":"812-0054","address":"福岡県福岡市東区馬出２丁目１-２０","closed_date":"1975-11-02","voronoi":{"type":"Feature","geometry":{"type":"Polygon","coordinates":[[[130.41626,33.610879],[130.41556,33.609719],[130.419885,33.606118],[130.419998,33.606181],[130.42085,33.607935],[130.41626,33.610879]]]},"properties":{}},"extra":true},
    {"code":3601106,"id":"96ba04","name":"大学病院前(福岡)","original_name":"大学病院前","name_kana":"だいがくびょういんまえ","closed":true,"lat":33.606632,"lng":130.417165,"prefecture":40,"lines":[36011],"postal_code":"812-0044","address":"福岡県福岡市博多区千代４丁目２９-４１","closed_date":"1975-11-02","voronoi":{"type":"Feature","geometry":{"type":"Polygon","coordinates":[[[130.413143,33.607954],[130.413738,33.605907],[130.417981,33.603033],[130.419885,33.606118],[130.41556,33.609719],[130.413143,33.607954]]]},"properties":{}},"extra":true},
    {"code":3601002,"id":"eb2a5d","name":"千代町","original_name":"千代町","name_kana":"ちよまち","closed":true,"lat":33.60203,"lng":130.414373,"prefecture":40,"lines":[36010,36011,36014],"postal_code":"812-0044","address":"福岡県福岡市博多区千代１丁目１７","closed_date":"1979-02-11","voronoi":{"type":"Feature","geometry":{"type":"Polygon","coordinates":[[[130.412335,33.602068],[130.417802,33.602542],[130.414426,33.5993],[130.412335,33.602068]]]},"properties":{}},"extra":true},
    {"code":3601108,"id":"c9e2b4","name":"蓮池","original_name":"蓮池","name_kana":"はすいけ","closed":true,"lat":33.600097,"lng":130.411814,"prefecture":40,"lines":[36011],"postal_code":"812-0036","address":"福岡県福岡市博多区上呉服町１４-３１","closed_date":"1975-11-02","voronoi":{"type":"Feature","geometry":{"type":"Polygon","coordinates":[[[130.412402,33.597546],[130.408791,33.601386],[130.409237,33.601828],[130.411839,33.602598],[130.412335,33.602068],[130.414426,33.5993],[130.414196,33.598024],[130.412402,33.597546]]]},"properties":{}},"extra":true},
    {"code":9990602,"id":"2f5d1d","name":"呉服町(福岡)","original_name":"呉服町","name_kana":"ごふくまち","closed":false,"lat":33.59829,"lng":130.409892,"prefecture":40,"lines":[99906,36011,36012],"attr":"eco","postal_code":"812-0024","address":"福岡市博多区綱場町","voronoi":{"type":"Feature","geometry":{"type":"Polygon","coordinates":[[[130.408791,33.601386],[130.412402,33.597546],[130.410589,33.595721],[130.406304,33.599765],[130.406828,33.60063],[130.408791,33.601386]]]},"properties":{}},"extra":false},
    {"code":3601110,"id":"f2caef","name":"土居町","original_name":"土居町","name_kana":"どいまち","closed":true,"lat":33.596268,"lng":130.407984,"prefecture":40,"lines":[36011],"postal_code":"812-0025","address":"福岡県福岡市博多区店屋町５","closed_date":"1975-11-02","voronoi":{"type":"Feature","geometry":{"type":"Polygon","coordinates":[[[130.410358,33.594743],[130.409098,33.593934],[130.404988,33.598184],[130.405342,33.599019],[130.406304,33.599765],[130.410589,33.595721],[130.410358,33.594743]]]},"properties":{}},"extra":true},
    {"code":3601111,"id":"afae7c","name":"川端町","original_name":"川端町","name_kana":"かわばたまち","closed":true,"lat":33.595125,"lng":130.406802,"prefecture":40,"lines":[36011],"postal_code":"812-0026","address":"福岡県福岡市博多区上川端町１３-１６","closed_date":"1975-11-02","voronoi":{"type":"Feature","geometry":{"type":"Polygon","coordinates":[[[130.404321,33.597275],[130.40842,33.593089],[130.409098,33.593934],[130.404988,33.598184],[130.404321,33.597275]]]},"properties":{}},"extra":true},
    {"code":3601112,"id":"3aaa0e","name":"東中洲","original_name":"東中洲","name_kana":"ひがしなかす","closed":true,"lat":33.593864,"lng":130.40557,"prefecture":40,"lines":[36011],"postal_code":"812-0026","address":"福岡県福岡市博多区上川端町１１","closed_date":"1975-11-02","voronoi":{"type":"Feature","geometry":{"type":"Polygon","coordinates":[[[130.402816,33.595168],[130.405872,33.589523],[130.40639,33.589171],[130.406765,33.589111],[130.407979,33.592404],[130.403673,33.59653],[130.403275,33.596216],[130.402816,33.595168]]]},"properties":{}},"extra":true},
    {"code":3601113,"id":"e70db4","name":"県庁前(福岡)","original_name":"県庁前","name_kana":"けんちょうまえ","closed":true,"lat":33.592149,"lng":130.402402,"prefecture":40,"lines":[36011],"postal_code":"810-0001","address":"福岡県福岡市中央区天神１丁目１５-２","closed_date":"1975-11-02","voronoi":{"type":"Feature","geometry":{"type":"Polygon","coordinates":[[[130.401009,33.590592],[130.400323,33.593445],[130.400548,33.593852],[130.402816,33.595168],[130.405872,33.589523],[130.40137,33.590292],[130.401009,33.590592]]]},"properties":{}},"extra":true},
    {"code":9990506,"id":"492511","name":"天神","original_name":"天神","name_kana":"てんじん","closed":false,"lat":33.591346,"lng":130.39906,"prefecture":40,"lines":[99905,36010,36011],"attr":"eco","postal_code":"810-0001","address":"福岡市中央区天神２丁目","voronoi":{"type":"Feature","geometry":{"type":"Polygon","coordinates":[[[130.401009,33.590592],[130.400323,33.593445],[130.397421,33.592588],[130.397975,33.589744],[130.401009,33.590592]]]},"properties":{}},"extra":false},
    {"code":3601115,"id":"949701","name":"西鉄グランドホテル前","original_name":"西鉄グランドホテル前","name_kana":"にしてつぐらうんどほてるまえ","closed":true,"lat":33.590822,"lng":130.396368,"prefecture":40,"lines":[36011],"postal_code":"810-0001","address":"福岡県福岡市中央区天神２丁目１４","closed_date":"1975-11-02","voronoi":{"type":"Feature","geometry":{"type":"Polygon","coordinates":[[[130.397421,33.592588],[130.393266,33.594558],[130.396414,33.586959],[130.397975,33.589744],[130.397421,33.592588]]]},"properties":{}},"extra":true},
    {"code":3601116,"id":"23b201","name":"大名二丁目","original_name":"大名二丁目","name_kana":"だいみょうにちょうめ","closed":true,"lat":33.589723,"lng":130.393715,"prefecture":40,"lines":[36011],"postal_code":"810-0041","address":"福岡県福岡市中央区大名２丁目６-４０","closed_date":"1975-11-02","voronoi":{"type":"Feature","geometry":{"type":"Polygon","coordinates":[[[130.396234,33.585576],[130.396414,33.586959],[130.393266,33.594558],[130.390867,33.596762],[130.393426,33.584694],[130.393554,33.584702],[130.39511,33.58511],[130.396234,33.585576]]]},"properties":{}},"extra":true},
    {"code":3601117,"id":"4e8c3b","name":"赤坂門","original_name":"赤坂門","name_kana":"あかさかもん","closed":true,"lat":33.589173,"lng":130.391121,"prefecture":40,"lines":[36011],"postal_code":"810-0041","address":"福岡県福岡市中央区大名２丁目５番31号","closed_date":"1975-11-02","voronoi":{"type":"Feature","geometry":{"type":"Polygon","coordinates":[[[130.388056,33.596266],[130.387288,33.601447],[130.390867,33.596762],[130.393426,33.584694],[130.393005,33.58455],[130.388056,33.596266]]]},"properties":{}},"extra":true},
    {"code":3601118,"id":"cc1916","name":"平和台(福岡)","original_name":"平和台","name_kana":"へいわだい","closed":true,"lat":33.588589,"lng":130.387181,"prefecture":40,"lines":[36011],"postal_code":"810-0042","address":"福岡県福岡市中央区赤坂１丁目１６-１４","closed_date":"1975-11-02","voronoi":{"type":"Feature","geometry":{"type":"Polygon","coordinates":[[[130.388726,33.582885],[130.386926,33.582943],[130.384006,33.583281],[130.38638,33.603123],[130.387288,33.601447],[130.388056,33.596266],[130.389852,33.58343],[130.38962,33.583242],[130.388726,33.582885]]]},"properties":{}},"extra":true},
    {"code":3601119,"id":"8dfc8e","name":"大手門","original_name":"大手門","name_kana":"おおてもん","closed":true,"lat":33.589188,"lng":130.382173,"prefecture":40,"lines":[36011],"postal_code":"810-0074","address":"福岡県福岡市中央区大手門１丁目８","closed_date":"1975-11-02","voronoi":{"type":"Feature","geometry":{"type":"Polygon","coordinates":[[[130.385719,33.605099],[130.379568,33.58556],[130.37923,33.584071],[130.383404,33.583092],[130.384006,33.583281],[130.38638,33.603123],[130.385719,33.605099]]]},"properties":{}},"extra":true},
    {"code":3601120,"id":"d8707d","name":"荒戸一丁目","original_name":"荒戸一丁目","name_kana":"あらといっちょうめ","closed":true,"lat":33.590026,"lng":130.379511,"prefecture":40,"lines":[36011],"postal_code":"810-0074","address":"福岡県福岡市中央区大手門１丁目９","closed_date":"1975-11-02","voronoi":{"type":"Feature","geometry":{"type":"Polygon","coordinates":[[[130.385013,33.60802],[130.38382,33.610947],[130.379778,33.618817],[130.378231,33.599651],[130.379568,33.58556],[130.385719,33.605099],[130.385013,33.60802]]]},"properties":{}},"extra":true},
    {"code":3601121,"id":"5bcd81","name":"西公園","original_name":"西公園","name_kana":"にしこうえん","closed":true,"lat":33.590356,"lng":130.375423,"prefecture":40,"lines":[36011],"postal_code":"810-0062","address":"福岡県福岡市中央区荒戸２丁目１-１８","closed_date":"1975-11-02","voronoi":{"type":"Feature","geometry":{"type":"Polygon","coordinates":[[[130.372168,33.621893],[130.377761,33.623544],[130.379778,33.618817],[130.378231,33.599651],[130.376586,33.585794],[130.373018,33.586964],[130.372168,33.621893]]]},"properties":{}},"extra":true},
    {"code":9990509,"id":"e0a659","name":"唐人町","original_name":"唐人町","name_kana":"とうじんまち","closed":false,"lat":33.590235,"lng":130.370451,"prefecture":40,"lines":[99905,36011],"attr":"heat","postal_code":"810-0063","address":"福岡市中央区唐人町１丁目","voronoi":{"type":"Feature","geometry":{"type":"Polygon","coordinates":[[[130.372168,33.621893],[130.352723,33.617776],[130.369962,33.586286],[130.370617,33.586157],[130.373018,33.586964],[130.372168,33.621893]]]},"properties":{}},"extra":false},
    {"code":3601123,"id":"bf4b50","name":"地行","original_name":"地行","name_kana":"じぎょう","closed":true,"lat":33.588002,"lng":130.366372,"prefecture":40,"lines":[36011],"postal_code":"810-0054","address":"福岡県福岡市中央区今川２丁目１-８０","closed_date":"1975-11-02","voronoi":{"type":"Feature","geometry":{"type":"Polygon","coordinates":[[[130.366284,33.584603],[130.346781,33.616954],[130.352723,33.617776],[130.369962,33.586286],[130.366284,33.584603]]]},"properties":{}},"extra":true},
    {"code":3601124,"id":"003f45","name":"今川橋","original_name":"今川橋","name_kana":"いまがわばし","closed":true,"lat":33.586112,"lng":130.363237,"prefecture":40,"lines":[36011],"postal_code":"810-0064","address":"福岡県福岡市中央区地行２丁目３-１４","closed_date":"1975-11-02","voronoi":{"type":"Feature","geometry":{"type":"Polygon","coordinates":[[[130.362376,33.583465],[130.353337,33.597898],[130.346574,33.615245],[130.346522,33.616932],[130.346781,33.616954],[130.366284,33.584603],[130.366237,33.584529],[130.362376,33.583465]]]},"properties":{}},"extra":true},
    {"code":9990510,"id":"914495","name":"西新","original_name":"西新","name_kana":"にしじん","closed":false,"lat":33.583846,"lng":130.359619,"prefecture":40,"lines":[99905,36011,36013],"attr":"heat","postal_code":"814-0002","address":"福岡市早良区西新３丁目","voronoi":{"type":"Feature","geometry":{"type":"Polygon","coordinates":[[[130.353337,33.597898],[130.358242,33.577188],[130.359161,33.576414],[130.362376,33.583465],[130.353337,33.597898]]]},"properties":{}},"extra":false},
    {"code":3601126,"id":"0b0af3","name":"防塁前","original_name":"防塁前","name_kana":"ぼうるいまえ","closed":true,"lat":33.582521,"lng":130.354025,"prefecture":40,"lines":[36011],"postal_code":"814-0002","address":"福岡県福岡市早良区西新６丁目１","closed_date":"1975-11-02","voronoi":{"type":"Feature","geometry":{"type":"Polygon","coordinates":[[[130.353337,33.597898],[130.358242,33.577188],[130.351735,33.578941],[130.345769,33.608384],[130.346574,33.615245],[130.353337,33.597898]]]},"properties":{}},"extra":true},
    {"code":9990511,"id":"4f7f37","name":"藤崎(福岡)","original_name":"藤崎","name_kana":"ふじさき","closed":false,"lat":33.581347,"lng":130.348231,"prefecture":40,"lines":[99905,36011],"attr":"cool","postal_code":"814-0006","address":"福岡市早良区百道２丁目","voronoi":{"type":"Feature","geometry":{"type":"Polygon","coordinates":[[[130.345057,33.605289],[130.345769,33.608384],[130.351735,33.578941],[130.347543,33.576618],[130.345057,33.605289]]]},"properties":{}},"extra":false},
    {"code":3601128,"id":"a17e4f","name":"早良口","original_name":"早良口","name_kana":"さわらぐち","closed":true,"lat":33.581158,"lng":130.346051,"prefecture":40,"lines":[36011],"postal_code":"814-0006","address":"福岡県福岡市早良区百道２丁目８-６","closed_date":"1975-11-02","voronoi":{"type":"Feature","geometry":{"type":"Polygon","coordinates":[[[130.345057,33.605289],[130.343178,33.598534],[130.342884,33.596243],[130.34292,33.593897],[130.344598,33.573945],[130.347543,33.576618],[130.345057,33.605289]]]},"properties":{}},"extra":true},
    {"code":3601129,"id":"b940b9","name":"室見橋","original_name":"室見橋","name_kana":"むろみばし","closed":true,"lat":33.580814,"lng":130.34196,"prefecture":40,"lines":[36011],"postal_code":"814-0015","address":"福岡県福岡市早良区室見１丁目３-４","closed_date":"1975-11-02","voronoi":{"type":"Feature","geometry":{"type":"Polygon","coordinates":[[[130.34292,33.593897],[130.338901,33.565784],[130.339529,33.565699],[130.344598,33.573945],[130.34292,33.593897]]]},"properties":{}},"extra":true},
    {"code":3601130,"id":"894cc6","name":"愛宕下","original_name":"愛宕下","name_kana":"あたがした","closed":true,"lat":33.582447,"lng":130.33601,"prefecture":40,"lines":[36011],"postal_code":"819-0015","address":"福岡県福岡市西区愛宕２丁目１５明治通り","closed_date":"1975-11-02","voronoi":{"type":"Feature","geometry":{"type":"Polygon","coordinates":[[[130.333328,33.567352],[130.342884,33.596243],[130.343178,33.598534],[130.329931,33.577535],[130.328848,33.568655],[130.329855,33.568103],[130.333328,33.567352]]]},"properties":{}},"extra":true},
    {"code":3601131,"id":"5c58ce","name":"竹の山四丁目","original_name":"竹の山四丁目","name_kana":"たけのやまよんちょうめ","closed":true,"lat":33.585137,"lng":130.331746,"prefecture":40,"lines":[36011],"postal_code":"819-0015","address":"福岡県福岡市西区愛宕２丁目１６-１２","closed_date":"1975-11-02","voronoi":{"type":"Feature","geometry":{"type":"Polygon","coordinates":[[[130.328195,33.585797],[130.329931,33.577535],[130.343178,33.598534],[130.345057,33.605289],[130.345769,33.608384],[130.346574,33.615245],[130.346522,33.616932],[130.339389,33.619788],[130.328195,33.585797]]]},"properties":{}},"extra":true},
    {"code":3601132,"id":"3970d3","name":"姪の浜","original_name":"姪の浜","name_kana":"めいのはま","closed":true,"lat":33.587376,"lng":130.324947,"prefecture":40,"lines":[36011],"postal_code":"819-0002","address":"福岡県福岡市西区姪の浜４丁目１５-２４","closed_date":"1975-11-02","voronoi":{"type":"Feature","geometry":{"type":"Polygon","coordinates":[[[130.298119,33.64137],[130.316487,33.584944],[130.328195,33.585797],[130.339389,33.619788],[130.298119,33.64137]]]},"properties":{}},"extra":true}
  ],
  "closed_date":"1975-11-02",
  "extra":true
}