{
  "code":36013,
  "id":2195,
  "name":"西鉄福岡市内線(城南線)",
  "name_kana":"にしてつふくおかしないせん(じょうなんせん)",
  "station_size":12,
  "company_code":26,
  "closed":true,
  "station_list":[
    {"code":3601010,"id":21792,"name":"渡辺通一丁目","original_name":"渡辺通一丁目","name_kana":"わたなべどおりいっちょうめ","closed":true,"lat":33.58268,"lng":130.406145,"prefecture":40,"lines":[36010,36013],"postal_code":"810-0004","address":"福岡県福岡市中央区渡辺通１丁目１サンセルコ前広場","closed_date":"1979-02-11","voronoi":{"type":"Feature","geometry":{"type":"Polygon","coordinates":[[[130.407132,33.578167],[130.408003,33.578504],[130.407448,33.585299],[130.403996,33.581812],[130.404592,33.578136],[130.407132,33.578167]]]},"properties":{}},"extra":true},
    {"code":3601302,"id":21827,"name":"城東橋","original_name":"城東橋","name_kana":"じょうとうばし","closed":true,"lat":33.581742,"lng":130.401385,"prefecture":40,"lines":[36013],"postal_code":"810-0004","address":"福岡県福岡市中央区渡辺通２丁目６-４","closed_date":"1975-11-02","voronoi":{"type":"Feature","geometry":{"type":"Polygon","coordinates":[[[130.399439,33.584753],[130.398624,33.584776],[130.400606,33.575758],[130.404321,33.577987],[130.399439,33.584753]]]},"properties":{}},"extra":true},
    {"code":3601303,"id":21828,"name":"薬院大通(西鉄)","original_name":"薬院大通","name_kana":"やくいんおおどおり","closed":true,"lat":33.580864,"lng":130.39739,"prefecture":40,"lines":[36013],"postal_code":"810-0022","address":"福岡県福岡市中央区薬院４丁目１-１","closed_date":"1975-11-02","voronoi":{"type":"Feature","geometry":{"type":"Polygon","coordinates":[[[130.39511,33.58511],[130.396234,33.585576],[130.398294,33.584978],[130.398624,33.584776],[130.400606,33.575758],[130.399219,33.574058],[130.39511,33.58511]]]},"properties":{}},"extra":true},
    {"code":3601304,"id":21829,"name":"南薬院","original_name":"南薬院","name_kana":"みなみやくいん","closed":true,"lat":33.57974,"lng":130.394339,"prefecture":40,"lines":[36013],"postal_code":"810-0022","address":"福岡県福岡市中央区薬院２丁目６-１","closed_date":"1975-11-02","voronoi":{"type":"Feature","geometry":{"type":"Polygon","coordinates":[[[130.38962,33.583242],[130.389852,33.58343],[130.393005,33.58455],[130.393426,33.584694],[130.393554,33.584702],[130.398075,33.572353],[130.397879,33.57197],[130.38962,33.583242]]]},"properties":{}},"extra":true},
    {"code":3601305,"id":21830,"name":"動物園入口","original_name":"動物園入口","name_kana":"どうぶつえんいりぐち","closed":true,"lat":33.577687,"lng":130.391537,"prefecture":40,"lines":[36013],"postal_code":"810-0023","address":"福岡県福岡市中央区警固３丁目４-１","closed_date":"1975-11-02","voronoi":{"type":"Feature","geometry":{"type":"Polygon","coordinates":[[[130.38962,33.583242],[130.388726,33.582885],[130.389627,33.572126],[130.3976,33.570957],[130.397879,33.57197],[130.38962,33.583242]]]},"properties":{}},"extra":true},
    {"code":3601306,"id":21831,"name":"練塀町","original_name":"練塀町","name_kana":"ねりべいちょう","closed":true,"lat":33.577388,"lng":130.385883,"prefecture":40,"lines":[36013],"postal_code":"810-0024","address":"福岡県福岡市中央区桜坂３丁目１１-６５","closed_date":"1975-11-02","voronoi":{"type":"Feature","geometry":{"type":"Polygon","coordinates":[[[130.385705,33.571045],[130.381708,33.569618],[130.383404,33.583092],[130.384006,33.583281],[130.386926,33.582943],[130.385705,33.571045]]]},"properties":{}},"extra":true},
    {"code":3601307,"id":21832,"name":"六本松(西鉄)","original_name":"六本松","name_kana":"ろっぽんまつ","closed":true,"lat":33.57818,"lng":130.379589,"prefecture":40,"lines":[36013],"postal_code":"810-0044","address":"福岡県福岡市中央区六本松３丁目８-４","closed_date":"1975-11-02","voronoi":{"type":"Feature","geometry":{"type":"Polygon","coordinates":[[[130.383404,33.583092],[130.381708,33.569618],[130.380481,33.568561],[130.377783,33.580932],[130.379107,33.584063],[130.37923,33.584071],[130.383404,33.583092]]]},"properties":{}},"extra":true},
    {"code":3601308,"id":21833,"name":"草香江","original_name":"草香江","name_kana":"くさがえ","closed":true,"lat":33.58031,"lng":130.374551,"prefecture":40,"lines":[36013],"postal_code":"810-0045","address":"福岡県福岡市中央区草香江１丁目７-４","closed_date":"1975-11-02","voronoi":{"type":"Feature","geometry":{"type":"Polygon","coordinates":[[[130.373869,33.576863],[130.370972,33.579371],[130.371173,33.579904],[130.378241,33.584443],[130.379107,33.584063],[130.377783,33.580932],[130.373869,33.576863]]]},"properties":{}},"extra":true},
    {"code":3601309,"id":21834,"name":"大濠","original_name":"大濠","name_kana":"おおほり","closed":true,"lat":33.582806,"lng":130.372948,"prefecture":40,"lines":[36013],"postal_code":"810-0053","address":"福岡県福岡市中央区鳥飼１丁目１-２０グリーンコープ ふくしサービスセンター くるみ中央","closed_date":"1975-11-02","voronoi":{"type":"Feature","geometry":{"type":"Polygon","coordinates":[[[130.378241,33.584443],[130.376586,33.585794],[130.373018,33.586964],[130.370617,33.586157],[130.371173,33.579904],[130.378241,33.584443]]]},"properties":{}},"extra":true},
    {"code":3601310,"id":21835,"name":"鳥飼(西鉄)","original_name":"鳥飼","name_kana":"とりかい","closed":true,"lat":33.582447,"lng":130.368914,"prefecture":40,"lines":[36013],"postal_code":"810-0053","address":"福岡県福岡市中央区鳥飼２丁目６-３","closed_date":"1975-11-02","voronoi":{"type":"Feature","geometry":{"type":"Polygon","coordinates":[[[130.366284,33.584603],[130.366237,33.584529],[130.367344,33.578489],[130.370972,33.579371],[130.371173,33.579904],[130.370617,33.586157],[130.369962,33.586286],[130.366284,33.584603]]]},"properties":{}},"extra":true},
    {"code":3601311,"id":21836,"name":"城西橋","original_name":"城西橋","name_kana":"じょうせいばし","closed":true,"lat":33.581633,"lng":130.364472,"prefecture":40,"lines":[36013],"postal_code":"814-0003","address":"福岡県福岡市早良区城西２丁目１","closed_date":"1975-11-02","voronoi":{"type":"Feature","geometry":{"type":"Polygon","coordinates":[[[130.362376,33.583465],[130.359161,33.576414],[130.360723,33.573589],[130.360818,33.573595],[130.366189,33.577306],[130.367344,33.578489],[130.366237,33.584529],[130.362376,33.583465]]]},"properties":{}},"extra":true},
    {"code":9990510,"id":8792,"name":"西新","original_name":"西新","name_kana":"にしじん","closed":false,"lat":33.583846,"lng":130.359619,"prefecture":40,"lines":[99905,36011,36013],"attr":"heat","postal_code":"814-0002","address":"福岡市早良区西新３丁目","voronoi":{"type":"Feature","geometry":{"type":"Polygon","coordinates":[[[130.353337,33.597898],[130.358242,33.577188],[130.359161,33.576414],[130.362376,33.583465],[130.353337,33.597898]]]},"properties":{}},"extra":false}
  ],
  "closed_date":"1975-11-02",
  "extra":true
}