{
  "code":36016,
  "id":2198,
  "name":"西鉄福島線",
  "name_kana":"にしてつふくしません",
  "station_size":14,
  "company_code":26,
  "closed":true,
  "station_list":[
    {"code":3601601,"id":21845,"name":"日吉町(福岡)","original_name":"日吉町","name_kana":"ひよしまち","closed":true,"lat":33.313434,"lng":130.516362,"prefecture":40,"lines":[36016],"postal_code":"830-0032","address":"福岡県久留米市東町２５-６４平田太洋堂薬局","closed_date":"1958-11-27","voronoi":{"type":"Feature","geometry":{"type":"Polygon","coordinates":[[[130.517986,33.309934],[130.508186,33.310497],[130.506658,33.311356],[130.512916,33.326107],[130.519787,33.317228],[130.517986,33.309934]]]},"properties":{}},"extra":true},
    {"code":3600128,"id":6220,"name":"花畑","original_name":"花畑","name_kana":"はなばたけ","closed":false,"lat":33.306643,"lng":130.515972,"prefecture":40,"lines":[36001,36016],"attr":"eco","postal_code":"830-0038","address":"久留米市西町９６８","voronoi":{"type":"Feature","geometry":{"type":"Polygon","coordinates":[[[130.517244,33.302593],[130.520265,33.307879],[130.517986,33.309934],[130.508186,33.310497],[130.514382,33.302451],[130.517244,33.302593]]]},"properties":{}},"extra":false},
    {"code":3601603,"id":21846,"name":"六軒屋","original_name":"六軒屋","name_kana":"ろっけんや","closed":true,"lat":33.303553,"lng":130.521379,"prefecture":40,"lines":[36016],"postal_code":"830-0038","address":"福岡県久留米市西町１０４３−２","closed_date":"1958-11-27","voronoi":{"type":"Feature","geometry":{"type":"Polygon","coordinates":[[[130.521599,33.298336],[130.517244,33.302593],[130.520265,33.307879],[130.526667,33.308118],[130.521599,33.298336]]]},"properties":{}},"extra":true},
    {"code":3601604,"id":21847,"name":"一丁田","original_name":"一丁田","name_kana":"いっちょうだ","closed":true,"lat":33.301165,"lng":130.525988,"prefecture":40,"lines":[36016],"postal_code":"830-0037","address":"福岡県久留米市諏訪野町１６５９−３","closed_date":"1958-11-27","voronoi":{"type":"Feature","geometry":{"type":"Polygon","coordinates":[[[130.527351,33.308422],[130.529563,33.300295],[130.522012,33.296881],[130.521599,33.298336],[130.526667,33.308118],[130.527351,33.308422]]]},"properties":{}},"extra":true},
    {"code":3601605,"id":21848,"name":"国分(福岡)","original_name":"国分","name_kana":"こくぶ","closed":true,"lat":33.297036,"lng":130.527855,"prefecture":40,"lines":[36016],"postal_code":"839-0863","address":"福岡県久留米市国分町１５３２−５","closed_date":"1958-11-27","voronoi":{"type":"Feature","geometry":{"type":"Polygon","coordinates":[[[130.536592,33.295043],[130.521215,33.290355],[130.522012,33.296881],[130.529563,33.300295],[130.536592,33.295043]]]},"properties":{}},"extra":true},
    {"code":3601606,"id":21849,"name":"上津荒木","original_name":"上津荒木","name_kana":"こうだらき","closed":true,"lat":33.288515,"lng":130.530453,"prefecture":40,"lines":[36016],"postal_code":"830-0055","address":"福岡県久留米市上津１丁目１０-２５","closed_date":"1958-11-27","voronoi":{"type":"Feature","geometry":{"type":"Polygon","coordinates":[[[130.547416,33.293283],[130.546792,33.293798],[130.536592,33.295043],[130.521215,33.290355],[130.516326,33.283419],[130.51876,33.277473],[130.547416,33.293283]]]},"properties":{}},"extra":true},
    {"code":3601607,"id":21850,"name":"二軒茶屋(福岡)","original_name":"二軒茶屋","name_kana":"にけんちゃや","closed":true,"lat":33.281477,"lng":130.534336,"prefecture":40,"lines":[36016],"postal_code":"830-0052","address":"福岡県久留米市上津町１９３８","closed_date":"1958-11-27","voronoi":{"type":"Feature","geometry":{"type":"Polygon","coordinates":[[[130.562351,33.284622],[130.519731,33.270371],[130.51876,33.277473],[130.547416,33.293283],[130.559178,33.287459],[130.562351,33.284622]]]},"properties":{}},"extra":true},
    {"code":3601608,"id":21851,"name":"野添","original_name":"野添","name_kana":"のぞえ","closed":true,"lat":33.270283,"lng":130.538079,"prefecture":40,"lines":[36016],"postal_code":"830-0053","address":"福岡県久留米市藤山町１７５７−１","closed_date":"1958-11-27","voronoi":{"type":"Feature","geometry":{"type":"Polygon","coordinates":[[[130.517969,33.261291],[130.519731,33.270371],[130.562351,33.284622],[130.576138,33.27675],[130.517969,33.261291]]]},"properties":{}},"extra":true},
    {"code":3601609,"id":21852,"name":"湯納楚","original_name":"湯納楚","name_kana":"ゆのそ","closed":true,"lat":33.263469,"lng":130.53989,"prefecture":40,"lines":[36016],"postal_code":"830-0052","address":"福岡県久留米市上津町２３８４","closed_date":"1958-11-27","voronoi":{"type":"Feature","geometry":{"type":"Polygon","coordinates":[[[130.590513,33.270204],[130.581273,33.266074],[130.523949,33.246919],[130.517796,33.260818],[130.517969,33.261291],[130.576138,33.27675],[130.590513,33.270204]]]},"properties":{}},"extra":true},
    {"code":3601610,"id":21853,"name":"川瀬","original_name":"川瀬","name_kana":"かわぜ","closed":true,"lat":33.243277,"lng":130.546637,"prefecture":40,"lines":[36016],"postal_code":"834-0115","address":"福岡県八女郡広川町新代６０２","closed_date":"1958-11-27","voronoi":{"type":"Feature","geometry":{"type":"Polygon","coordinates":[[[130.523949,33.246919],[130.523105,33.233922],[130.533997,33.227915],[130.534069,33.227901],[130.581273,33.266074],[130.523949,33.246919]]]},"properties":{}},"extra":true},
    {"code":3601611,"id":21854,"name":"古賀(西鉄)","original_name":"古賀","name_kana":"こが","closed":true,"lat":33.236974,"lng":130.551734,"prefecture":40,"lines":[36016],"postal_code":"834-0115","address":"福岡県八女郡広川町新代","closed_date":"1958-11-27","voronoi":{"type":"Feature","geometry":{"type":"Polygon","coordinates":[[[130.590513,33.270204],[130.581273,33.266074],[130.534069,33.227901],[130.540603,33.225126],[130.541035,33.225327],[130.588608,33.259866],[130.591569,33.270056],[130.590513,33.270204]]]},"properties":{}},"extra":true},
    {"code":3601612,"id":21855,"name":"下吉田(福岡)","original_name":"下吉田","name_kana":"しもよしだ","closed":true,"lat":33.231893,"lng":130.555423,"prefecture":40,"lines":[36016],"postal_code":"834-0006","address":"福岡県八女郡八女市吉田１５７０−３","closed_date":"1958-11-27","voronoi":{"type":"Feature","geometry":{"type":"Polygon","coordinates":[[[130.541035,33.225327],[130.576616,33.233837],[130.586292,33.24902],[130.588608,33.259866],[130.541035,33.225327]]]},"properties":{}},"extra":true},
    {"code":3601613,"id":21856,"name":"吉田(福岡)","original_name":"吉田","name_kana":"よしだ","closed":true,"lat":33.225981,"lng":130.556837,"prefecture":40,"lines":[36016],"postal_code":"834-0006","address":"福岡県八女市吉田７８９","closed_date":"1958-11-27","voronoi":{"type":"Feature","geometry":{"type":"Polygon","coordinates":[[[130.549669,33.216217],[130.549548,33.216213],[130.540603,33.225126],[130.541035,33.225327],[130.576616,33.233837],[130.573471,33.226871],[130.569744,33.223385],[130.549669,33.216217]]]},"properties":{}},"extra":true},
    {"code":3601614,"id":21857,"name":"福島(福岡)","original_name":"福島","name_kana":"ふくしま","closed":true,"lat":33.213201,"lng":130.5614,"prefecture":40,"lines":[36016],"postal_code":"834-0063","address":"福岡県八女市本村南平塚３７８−６","closed_date":"1958-11-27","voronoi":{"type":"Feature","geometry":{"type":"Polygon","coordinates":[[[130.549669,33.216217],[130.564981,33.206656],[130.569744,33.223385],[130.549669,33.216217]]]},"properties":{}},"extra":true}
  ],
  "closed_date":"1958-11-27",
  "extra":true
}