{
  "code":99109,
  "id":"c2a803",
  "name":"北海道ちほく高原鉄道",
  "name_kana":"ほっかいどうちほくこうげんてつどう",
  "name_formal":"北海道ちほく高原鉄道ふるさと銀河線",
  "station_size":33,
  "company_code":307,
  "closed":true,
  "station_list":[
    {"code":1110714,"id":"c2dabf","name":"池田(北海道)","original_name":"池田","name_kana":"いけだ","closed":false,"lat":42.922186,"lng":143.453033,"prefecture":1,"lines":[11107,11127,99109],"attr":"eco","postal_code":"083-0091","address":"中川郡池田町東１条１丁目","voronoi":{"type":"Feature","geometry":{"type":"Polygon","coordinates":[[[143.413075,42.869846],[143.446847,42.946959],[143.565697,42.952843],[143.416768,42.84572],[143.413075,42.869846]]]},"properties":{}},"extra":false},
    {"code":9910902,"id":"6dacff","name":"様舞","original_name":"様舞","name_kana":"さままい","closed":true,"lat":42.972222,"lng":143.450556,"prefecture":1,"lines":[11127,99109],"postal_code":"083-0004","address":"北海道中川郡池田町字様舞","closed_date":"2006-04-21","voronoi":{"type":"Feature","geometry":{"type":"Polygon","coordinates":[[[143.547228,42.981812],[143.351716,43.015455],[143.354884,43.010965],[143.446847,42.946959],[143.565697,42.952843],[143.588838,42.962828],[143.547228,42.981812]]]},"properties":{}},"extra":true},
    {"code":9910903,"id":"32a1e7","name":"高島(北海道)","original_name":"高島","name_kana":"たかしま","closed":true,"lat":43.023164,"lng":143.459322,"prefecture":1,"lines":[11127,99109],"postal_code":"089-3152","address":"北海道中川郡池田町字高島","open_date":"1910-09-22","closed_date":"2006-04-21","voronoi":{"type":"Feature","geometry":{"type":"Polygon","coordinates":[[[143.333786,43.031007],[143.351344,43.087],[143.355249,43.095228],[143.3674,43.113743],[143.377075,43.124353],[143.547228,42.981812],[143.351716,43.015455],[143.333786,43.031007]]]},"properties":{}},"extra":true},
    {"code":9910904,"id":"7f55a1","name":"大森(北海道)","original_name":"大森","name_kana":"おおもり","closed":true,"lat":43.061111,"lng":143.491111,"prefecture":1,"lines":[11127,99109],"postal_code":"089-3151","address":"北海道中川郡池田町字大森２６３−１４","open_date":"1968-10-01","closed_date":"2006-04-21","voronoi":{"type":"Feature","geometry":{"type":"Polygon","coordinates":[[[143.419916,43.181081],[143.389405,43.144537],[143.377075,43.124353],[143.547228,42.981812],[143.588838,42.962828],[143.600554,42.96338],[143.419916,43.181081]]]},"properties":{}},"extra":true},
    {"code":9910905,"id":"a14377","name":"勇足","original_name":"勇足","name_kana":"ゆうたり","closed":true,"lat":43.088975,"lng":143.524692,"prefecture":1,"lines":[11127,99109],"postal_code":"089-3281","address":"北海道中川郡本別町勇足元町２４−１４","open_date":"1910-09-22","closed_date":"2006-04-21","voronoi":{"type":"Feature","geometry":{"type":"Polygon","coordinates":[[[143.487427,43.173388],[143.420889,43.182708],[143.419916,43.181081],[143.600554,42.96338],[143.602311,42.9632],[143.581608,43.029588],[143.487427,43.173388]]]},"properties":{}},"extra":true},
    {"code":9910906,"id":"ee5c3e","name":"南本別","original_name":"南本別","name_kana":"みなみほんべつ","closed":true,"lat":43.105494,"lng":143.549914,"prefecture":1,"lines":[11127,99109],"postal_code":"089-3282","address":"北海道中川郡本別町勇足３３","open_date":"1962-12-01","closed_date":"2006-04-21","voronoi":{"type":"Feature","geometry":{"type":"Polygon","coordinates":[[[143.487427,43.173388],[143.512793,43.174021],[143.568083,43.143687],[143.581608,43.029588],[143.487427,43.173388]]]},"properties":{}},"extra":true},
    {"code":9910907,"id":"df89f4","name":"岡女堂","original_name":"岡女堂","name_kana":"おかめどう","closed":true,"lat":43.1108,"lng":143.594678,"prefecture":1,"lines":[99109],"postal_code":"089-3305","address":"北海道中川郡本別町共栄１８−１","open_date":"1995-09-04","closed_date":"2006-04-21","voronoi":{"type":"Feature","geometry":{"type":"Polygon","coordinates":[[[143.602311,42.9632],[143.613647,42.959027],[143.657921,42.967425],[143.695042,43.004871],[143.583062,43.14459],[143.568083,43.143687],[143.581608,43.029588],[143.602311,42.9632]]]},"properties":{}},"extra":true},
    {"code":9910908,"id":"66693a","name":"本別","original_name":"本別","name_kana":"ほんべつ","closed":true,"lat":43.125894,"lng":143.613511,"prefecture":1,"lines":[11127,99109],"postal_code":"089-3334","address":"北海道中川郡本別町北３丁目１−１","open_date":"1910-09-22","closed_date":"2006-04-21","voronoi":{"type":"Feature","geometry":{"type":"Polygon","coordinates":[[[143.752032,43.053556],[143.752403,43.057484],[143.743917,43.2135],[143.583062,43.14459],[143.695042,43.004871],[143.752032,43.053556]]]},"properties":{}},"extra":true},
    {"code":9910909,"id":"4f78a7","name":"仙美里","original_name":"仙美里","name_kana":"せんびり","closed":true,"lat":43.179531,"lng":143.590533,"prefecture":1,"lines":[11127,99109],"postal_code":"089-3664","address":"北海道中川郡本別町仙美里元町１６６−２０","open_date":"1910-09-22","closed_date":"2006-04-21","voronoi":{"type":"Feature","geometry":{"type":"Polygon","coordinates":[[[143.738762,43.241617],[143.701355,43.25167],[143.659704,43.253124],[143.615189,43.243699],[143.512793,43.174021],[143.568083,43.143687],[143.583062,43.14459],[143.743917,43.2135],[143.74718,43.237994],[143.738762,43.241617]]]},"properties":{}},"extra":true},
    {"code":9910910,"id":"a7fd31","name":"足寄","original_name":"足寄","name_kana":"あしょろ","closed":true,"lat":43.244314,"lng":143.54645,"prefecture":1,"lines":[11127,99109],"postal_code":"089-3701","address":"北海道足寄郡足寄町北１条１丁目１","open_date":"1910-09-22","closed_date":"2006-04-21","voronoi":{"type":"Feature","geometry":{"type":"Polygon","coordinates":[[[143.615189,43.243699],[143.434694,43.319543],[143.430591,43.306543],[143.419121,43.213881],[143.420889,43.182708],[143.487427,43.173388],[143.512793,43.174021],[143.615189,43.243699]]]},"properties":{}},"extra":true},
    {"code":9910911,"id":"b6dd49","name":"愛冠","original_name":"愛冠","name_kana":"あいかっぷ","closed":true,"lat":43.292367,"lng":143.566642,"prefecture":1,"lines":[11127,99109],"postal_code":"089-3708","address":"北海道足寄郡足寄町愛冠３５−１２","open_date":"1946-09-10","closed_date":"2006-04-21","voronoi":{"type":"Feature","geometry":{"type":"Polygon","coordinates":[[[143.615189,43.243699],[143.434694,43.319543],[143.440662,43.373099],[143.622934,43.28065],[143.659704,43.253124],[143.615189,43.243699]]]},"properties":{}},"extra":true},
    {"code":9910912,"id":"017035","name":"西一線","original_name":"西一線","name_kana":"にしいっせん","closed":true,"lat":43.319147,"lng":143.580225,"prefecture":1,"lines":[11127,99109],"postal_code":"089-4142","address":"北海道足寄郡足寄町上利別","open_date":"1960-05-01","closed_date":"2006-04-21","voronoi":{"type":"Feature","geometry":{"type":"Polygon","coordinates":[[[143.440662,43.373099],[143.441479,43.451038],[143.561038,43.359745],[143.622934,43.28065],[143.440662,43.373099]]]},"properties":{}},"extra":true},
    {"code":9910913,"id":"abda10","name":"塩幌","original_name":"塩幌","name_kana":"しおほろ","closed":true,"lat":43.331361,"lng":143.595833,"prefecture":1,"lines":[11127,99109],"postal_code":"089-4142","address":"北海道足寄郡足寄町上利別１８１−４","open_date":"1961-02-01","closed_date":"2006-04-21","voronoi":{"type":"Feature","geometry":{"type":"Polygon","coordinates":[[[143.622934,43.28065],[143.561038,43.359745],[143.642021,43.322641],[143.701355,43.25167],[143.659704,43.253124],[143.622934,43.28065]]]},"properties":{}},"extra":true},
    {"code":9910914,"id":"eb8818","name":"上利別","original_name":"上利別","name_kana":"かみとしべつ","closed":true,"lat":43.351928,"lng":143.605256,"prefecture":1,"lines":[11127,99109],"postal_code":"089-4141","address":"北海道足寄郡足寄町上利別本町２０−１１","open_date":"1910-09-22","closed_date":"2006-04-21","voronoi":{"type":"Feature","geometry":{"type":"Polygon","coordinates":[[[143.436029,43.506781],[143.441479,43.451038],[143.561038,43.359745],[143.642021,43.322641],[143.557181,43.49681],[143.513676,43.510477],[143.436029,43.506781]]]},"properties":{}},"extra":true},
    {"code":9910915,"id":"0de704","name":"笹森","original_name":"笹森","name_kana":"ささもり","closed":true,"lat":43.369644,"lng":143.641625,"prefecture":1,"lines":[11127,99109],"postal_code":"089-4251","address":"北海道足寄郡足寄町大誉地","open_date":"1948-08-01","closed_date":"2006-04-21","voronoi":{"type":"Feature","geometry":{"type":"Polygon","coordinates":[[[143.557181,43.49681],[143.642021,43.322641],[143.701355,43.25167],[143.738762,43.241617],[143.6057,43.482196],[143.588626,43.491364],[143.557181,43.49681]]]},"properties":{}},"extra":true},
    {"code":9910916,"id":"69113a","name":"大誉地","original_name":"大誉地","name_kana":"およち","closed":true,"lat":43.391944,"lng":143.681944,"prefecture":1,"lines":[11127,99109],"postal_code":"089-4252","address":"北海道足寄郡足寄町大誉地本町２０−１１","open_date":"1913-10-11","closed_date":"2006-04-21","voronoi":{"type":"Feature","geometry":{"type":"Polygon","coordinates":[[[143.738762,43.241617],[143.6057,43.482196],[143.658703,43.466],[143.784529,43.271952],[143.751139,43.241161],[143.74718,43.237994],[143.738762,43.241617]]]},"properties":{}},"extra":true},
    {"code":9910917,"id":"7dce55","name":"薫別","original_name":"薫別","name_kana":"くんべつ","closed":true,"lat":43.414567,"lng":143.716833,"prefecture":1,"lines":[11127,99109],"postal_code":"089-4300","address":"北海道足寄郡陸別町","open_date":"1958-09-10","closed_date":"2006-04-21","voronoi":{"type":"Feature","geometry":{"type":"Polygon","coordinates":[[[143.658703,43.466],[143.784529,43.271952],[143.904456,43.356279],[143.679253,43.465479],[143.658703,43.466]]]},"properties":{}},"extra":true},
    {"code":9910918,"id":"43f113","name":"陸別","original_name":"陸別","name_kana":"りくべつ","closed":true,"lat":43.4675,"lng":143.7425,"prefecture":1,"lines":[11127,99109],"postal_code":"089-4300","address":"北海道足寄郡陸別町字陸別原野基線６９","open_date":"1910-09-22","closed_date":"2006-04-21","voronoi":{"type":"Feature","geometry":{"type":"Polygon","coordinates":[[[143.851076,43.539404],[143.909506,43.358797],[143.904456,43.356279],[143.679253,43.465479],[143.802454,43.526222],[143.851076,43.539404]]]},"properties":{}},"extra":true},
    {"code":9910919,"id":"4b0b53","name":"分線","original_name":"分線","name_kana":"ぶんせん","closed":true,"lat":43.514419,"lng":143.719367,"prefecture":1,"lines":[11127,99109],"postal_code":"089-4352","address":"北海道足寄郡陸別町字分線","open_date":"1958-09-10","closed_date":"2006-04-21","voronoi":{"type":"Feature","geometry":{"type":"Polygon","coordinates":[[[143.666229,43.533342],[143.588626,43.491364],[143.6057,43.482196],[143.658703,43.466],[143.679253,43.465479],[143.802454,43.526222],[143.666229,43.533342]]]},"properties":{}},"extra":true},
    {"code":9910920,"id":"266950","name":"川上","original_name":"川上","name_kana":"かわかみ","closed":true,"lat":43.546622,"lng":143.72105,"prefecture":1,"lines":[11127,99109],"postal_code":"089-4353","address":"北海道足寄郡陸別町字川上","open_date":"1920-06-01","closed_date":"2006-04-21","voronoi":{"type":"Feature","geometry":{"type":"Polygon","coordinates":[[[143.851076,43.539404],[143.802454,43.526222],[143.666229,43.533342],[143.765915,43.633095],[143.803761,43.624751],[143.833623,43.614632],[143.841383,43.611191],[143.851116,43.544866],[143.851076,43.539404]]]},"properties":{}},"extra":true},
    {"code":9910921,"id":"60b99b","name":"小利別","original_name":"小利別","name_kana":"しょうとしべつ","closed":true,"lat":43.588172,"lng":143.679472,"prefecture":1,"lines":[11127,99109],"postal_code":"089-4300","address":"北海道足寄郡陸別町字小利別本通","open_date":"1911-09-25","closed_date":"2006-04-21","voronoi":{"type":"Feature","geometry":{"type":"Polygon","coordinates":[[[143.557181,43.49681],[143.513676,43.510477],[143.640441,43.63846],[143.670113,43.651255],[143.673349,43.651752],[143.72264,43.651547],[143.728831,43.650065],[143.756583,43.638481],[143.765915,43.633095],[143.666229,43.533342],[143.588626,43.491364],[143.557181,43.49681]]]},"properties":{}},"extra":true},
    {"code":9910922,"id":"35702f","name":"置戸","original_name":"置戸","name_kana":"おけと","closed":true,"lat":43.677008,"lng":143.589783,"prefecture":1,"lines":[11127,99109],"postal_code":"099-1100","address":"北海道常呂郡置戸町字置戸４５６","open_date":"1911-09-25","closed_date":"2006-04-21","voronoi":{"type":"Feature","geometry":{"type":"Polygon","coordinates":[[[143.349818,43.706248],[143.554439,43.73641],[143.5843,43.732696],[143.640441,43.63846],[143.513676,43.510477],[143.436029,43.506781],[143.427021,43.514136],[143.383208,43.558551],[143.3358,43.683143],[143.341068,43.693531],[143.349818,43.706248]]]},"properties":{}},"extra":true},
    {"code":9910923,"id":"4e6b7f","name":"豊住","original_name":"豊住","name_kana":"とよずみ","closed":true,"lat":43.701361,"lng":143.630661,"prefecture":1,"lines":[11127,99109],"postal_code":"099-1365","address":"北海道常呂郡置戸町字豊住６３","open_date":"1955-08-20","closed_date":"2006-04-21","voronoi":{"type":"Feature","geometry":{"type":"Polygon","coordinates":[[[143.629639,43.743845],[143.612778,43.741989],[143.5843,43.732696],[143.640441,43.63846],[143.670113,43.651255],[143.629639,43.743845]]]},"properties":{}},"extra":true},
    {"code":9910924,"id":"cfd95b","name":"境野","original_name":"境野","name_kana":"さかいの","closed":true,"lat":43.714242,"lng":143.660128,"prefecture":1,"lines":[11127,99109],"postal_code":"099-1361","address":"北海道常呂郡置戸町字境野","open_date":"1922-08-01","closed_date":"2006-04-21","voronoi":{"type":"Feature","geometry":{"type":"Polygon","coordinates":[[[143.673349,43.651752],[143.667476,43.764403],[143.629639,43.743845],[143.670113,43.651255],[143.673349,43.651752]]]},"properties":{}},"extra":true},
    {"code":9910925,"id":"2e24d1","name":"西訓子府","original_name":"西訓子府","name_kana":"にしくんねっぷ","closed":true,"lat":43.715278,"lng":143.68,"prefecture":1,"lines":[11127,99109],"postal_code":"099-1424","address":"北海道常呂郡訓子府町字西富","closed_date":"2006-04-21","voronoi":{"type":"Feature","geometry":{"type":"Polygon","coordinates":[[[143.72264,43.651547],[143.67724,43.772548],[143.667476,43.764403],[143.673349,43.651752],[143.72264,43.651547]]]},"properties":{}},"extra":true},
    {"code":9910926,"id":"471a5f","name":"西富","original_name":"西富","name_kana":"にしとみ","closed":true,"lat":43.727597,"lng":143.712833,"prefecture":1,"lines":[11127,99109],"postal_code":"099-1424","address":"北海道常呂郡訓子府町字西富１２３","open_date":"1955-08-20","closed_date":"2006-04-21","voronoi":{"type":"Feature","geometry":{"type":"Polygon","coordinates":[[[143.67724,43.772548],[143.72264,43.651547],[143.728831,43.650065],[143.723736,43.768731],[143.688905,43.790958],[143.67724,43.772548]]]},"properties":{}},"extra":true},
    {"code":9910927,"id":"a5ef65","name":"訓子府","original_name":"訓子府","name_kana":"くんねっぷ","closed":true,"lat":43.728683,"lng":143.738125,"prefecture":1,"lines":[11127,99109],"postal_code":"099-1436","address":"北海道常呂郡訓子府町元町","open_date":"1911-09-25","closed_date":"2006-04-21","voronoi":{"type":"Feature","geometry":{"type":"Polygon","coordinates":[[[143.723736,43.768731],[143.747428,43.762277],[143.756583,43.638481],[143.728831,43.650065],[143.723736,43.768731]]]},"properties":{}},"extra":true},
    {"code":9910928,"id":"3d86fb","name":"穂波","original_name":"穂波","name_kana":"ほなみ","closed":true,"lat":43.730417,"lng":143.761572,"prefecture":1,"lines":[11127,99109],"postal_code":"099-1402","address":"北海道常呂郡訓子府町字穂波","closed_date":"2006-04-21","voronoi":{"type":"Feature","geometry":{"type":"Polygon","coordinates":[[[143.765915,43.633095],[143.756583,43.638481],[143.747428,43.762277],[143.76529,43.763673],[143.803761,43.624751],[143.765915,43.633095]]]},"properties":{}},"extra":true},
    {"code":9910929,"id":"6f129c","name":"日ノ出","original_name":"日ノ出","name_kana":"ひので","closed":true,"lat":43.737067,"lng":143.785586,"prefecture":1,"lines":[11127,99109],"postal_code":"099-1401","address":"北海道常呂郡訓子府町字日出２８−８７","open_date":"1947-02-11","closed_date":"2006-04-21","voronoi":{"type":"Feature","geometry":{"type":"Polygon","coordinates":[[[143.76529,43.763673],[143.803761,43.624751],[143.833623,43.614632],[143.787086,43.774459],[143.76529,43.763673]]]},"properties":{}},"extra":true},
    {"code":9910930,"id":"f2c3e4","name":"広郷","original_name":"広郷","name_kana":"ひろさと","closed":true,"lat":43.743717,"lng":143.808425,"prefecture":1,"lines":[11127,99109],"postal_code":"099-1585","address":"北海道北見市上ところ５７９","closed_date":"2006-04-21","voronoi":{"type":"Feature","geometry":{"type":"Polygon","coordinates":[[[143.787086,43.774459],[143.833623,43.614632],[143.841383,43.611191],[143.852239,43.622521],[143.873101,43.647959],[143.811032,43.774555],[143.787593,43.774963],[143.787086,43.774459]]]},"properties":{}},"extra":true},
    {"code":9910931,"id":"2b27d3","name":"上常呂","original_name":"上常呂","name_kana":"かみところ","closed":true,"lat":43.757731,"lng":143.837008,"prefecture":1,"lines":[11127,99109],"postal_code":"099-1585","address":"北海道北見市上ところ６８２−２","open_date":"1911-09-25","closed_date":"2006-04-21","voronoi":{"type":"Feature","geometry":{"type":"Polygon","coordinates":[[[143.873825,43.648627],[143.873101,43.647959],[143.811032,43.774555],[143.823907,43.781975],[143.846158,43.77973],[143.899998,43.682727],[143.882189,43.657422],[143.873825,43.648627]]]},"properties":{}},"extra":true},
    {"code":9910932,"id":"3d933d","name":"北光社","original_name":"北光社","name_kana":"ほっこうしゃ","closed":true,"lat":43.775858,"lng":143.869667,"prefecture":1,"lines":[11127,99109],"postal_code":"099-1583","address":"北海道北見市北上１２","closed_date":"2006-04-21","voronoi":{"type":"Feature","geometry":{"type":"Polygon","coordinates":[[[143.869882,43.804173],[143.846158,43.77973],[143.899998,43.682727],[143.931443,43.712956],[143.93343,43.716887],[143.941482,43.735341],[143.869882,43.804173]]]},"properties":{}},"extra":true},
    {"code":1111633,"id":"8705c2","name":"北見","original_name":"北見","name_kana":"きたみ","closed":false,"lat":43.805504,"lng":143.898167,"prefecture":1,"lines":[11116,11127,99109],"attr":"cool","postal_code":"090-0040","address":"北見市大通西１丁目","voronoi":{"type":"Feature","geometry":{"type":"Polygon","coordinates":[[[143.867814,43.853136],[143.869882,43.804173],[143.941482,43.735341],[143.954052,43.751422],[143.961653,43.763344],[143.867814,43.853136]]]},"properties":{}},"extra":false}
  ],
  "closed_date":"2006-04-21",
  "extra":true
}