{
  "code":99105,
  "id":"4a31cb",
  "name":"函館市電２系統",
  "name_kana":"はこだてしでんにけいとう",
  "station_size":23,
  "company_code":102,
  "closed":false,
  "color":"#FF0000",
  "station_list":[
    {"code":9910501,"id":"c96dff","name":"湯の川","original_name":"湯の川","name_kana":"ゆのかわ","closed":false,"lat":41.781073,"lng":140.789902,"prefecture":1,"numbering":["DY1"],"lines":[99105,99106],"attr":"cool","postal_code":"042-0932","address":"函館市湯川町２-１８","voronoi":{"type":"Feature","geometry":{"type":"Polygon","coordinates":[[[140.803711,41.862181],[140.868446,41.928467],[141.162033,41.947647],[141.289395,41.900116],[140.862294,41.478656],[140.826241,41.573965],[140.786457,41.785572],[140.788353,41.800666],[140.795328,41.834669],[140.803711,41.862181]]]},"properties":{}},"extra":false},
    {"code":9910502,"id":"ddae88","name":"湯の川温泉","original_name":"湯の川温泉","name_kana":"ゆのかわおんせん","closed":false,"lat":41.780129,"lng":140.784881,"prefecture":1,"numbering":["DY2"],"lines":[99105,99106],"attr":"cool","postal_code":"042-0932","address":"函館市湯川町１-２８","voronoi":{"type":"Feature","geometry":{"type":"Polygon","coordinates":[[[140.786457,41.785572],[140.773737,41.766682],[140.766612,41.753811],[140.764332,41.748972],[140.764465,41.746202],[140.764948,41.740568],[140.768061,41.7223],[140.826241,41.573965],[140.786457,41.785572]]]},"properties":{}},"extra":false},
    {"code":9910503,"id":"4b183e","name":"函館アリーナ前","original_name":"函館アリーナ前","name_kana":"はこだてありーなまえ","closed":false,"lat":41.782065,"lng":140.782006,"prefecture":1,"numbering":["DY3"],"lines":[99105,99106],"attr":"cool","postal_code":"042-0932","address":"函館市湯川町１-３２","voronoi":{"type":"Feature","geometry":{"type":"Polygon","coordinates":[[[140.773737,41.766682],[140.786457,41.785572],[140.788353,41.800666],[140.773737,41.766682]]]},"properties":{}},"extra":false},
    {"code":9910504,"id":"b48d30","name":"駒場車庫前","original_name":"駒場車庫前","name_kana":"こまばしゃこまえ","closed":false,"lat":41.783265,"lng":140.779216,"prefecture":1,"numbering":["DY4"],"lines":[99105,99106],"attr":"cool","postal_code":"042-0941","address":"函館市深堀町２４番","voronoi":{"type":"Feature","geometry":{"type":"Polygon","coordinates":[[[140.773737,41.766682],[140.766612,41.753811],[140.794028,41.831569],[140.795328,41.834669],[140.788353,41.800666],[140.773737,41.766682]]]},"properties":{}},"extra":false},
    {"code":9910505,"id":"50bc3e","name":"競馬場前(北海道)","original_name":"競馬場前","name_kana":"けいばじょうまえ","closed":false,"lat":41.784657,"lng":140.775268,"prefecture":1,"numbering":["DY5"],"lines":[99105,99106],"attr":"cool","postal_code":"042-0941","address":"函館市深堀町２２番","voronoi":{"type":"Feature","geometry":{"type":"Polygon","coordinates":[[[140.763665,41.752427],[140.762356,41.762137],[140.764413,41.768436],[140.794028,41.831569],[140.766612,41.753811],[140.764332,41.748972],[140.763665,41.752427]]]},"properties":{}},"extra":false},
    {"code":9910506,"id":"3ae7b3","name":"深堀町","original_name":"深堀町","name_kana":"ふかぼりちょう","closed":false,"lat":41.787153,"lng":140.769947,"prefecture":1,"numbering":["DY6"],"lines":[99105,99106],"attr":"cool","postal_code":"042-0942","address":"函館市柏木町３５番","voronoi":{"type":"Feature","geometry":{"type":"Polygon","coordinates":[[[140.776385,41.840527],[140.764413,41.768436],[140.794028,41.831569],[140.795328,41.834669],[140.803711,41.862181],[140.776385,41.840527]]]},"properties":{}},"extra":false},
    {"code":9910507,"id":"46653a","name":"柏木町","original_name":"柏木町","name_kana":"かしわぎちょう","closed":false,"lat":41.787937,"lng":140.765226,"prefecture":1,"numbering":["DY7"],"lines":[99105,99106],"attr":"cool","postal_code":"042-0942","address":"函館市柏木町３番","voronoi":{"type":"Feature","geometry":{"type":"Polygon","coordinates":[[[140.768007,41.833528],[140.760118,41.771404],[140.761835,41.763613],[140.762356,41.762137],[140.764413,41.768436],[140.776385,41.840527],[140.768731,41.834998],[140.768007,41.833528]]]},"properties":{}},"extra":false},
    {"code":9910508,"id":"6141cd","name":"杉並町","original_name":"杉並町","name_kana":"すぎなみちょう","closed":false,"lat":41.788689,"lng":140.759304,"prefecture":1,"numbering":["DY8"],"lines":[99105,99106],"attr":"cool","postal_code":"040-0004","address":"函館市杉並町２１番","voronoi":{"type":"Feature","geometry":{"type":"Polygon","coordinates":[[[140.755353,41.786897],[140.756725,41.77965],[140.760118,41.771404],[140.768007,41.833528],[140.757735,41.815728],[140.755353,41.786897]]]},"properties":{}},"extra":false},
    {"code":9910509,"id":"e2391f","name":"五稜郭公園前","original_name":"五稜郭公園前","name_kana":"ごりょうかくこうえん","closed":false,"lat":41.789313,"lng":140.75175,"prefecture":1,"numbering":["DY9"],"lines":[99105,99106],"attr":"cool","postal_code":"040-0011","address":"函館市本町２５番","voronoi":{"type":"Feature","geometry":{"type":"Polygon","coordinates":[[[140.740097,41.793178],[140.744067,41.790651],[140.755353,41.786897],[140.757735,41.815728],[140.740097,41.793178]]]},"properties":{}},"extra":false},
    {"code":9910510,"id":"5efc17","name":"中央病院前","original_name":"中央病院前","name_kana":"ちゅうおうびょういんまえ","closed":false,"lat":41.787121,"lng":140.751021,"prefecture":1,"numbering":["DY10"],"lines":[99105,99106],"attr":"cool","postal_code":"040-0011","address":"函館市本町２番","voronoi":{"type":"Feature","geometry":{"type":"Polygon","coordinates":[[[140.756725,41.77965],[140.744067,41.790651],[140.755353,41.786897],[140.756725,41.77965]]]},"properties":{}},"extra":false},
    {"code":9910511,"id":"0e86e0","name":"千代台","original_name":"千代台","name_kana":"ちよがだい","closed":false,"lat":41.784257,"lng":140.748532,"prefecture":1,"numbering":["DY11"],"lines":[99105,99106],"attr":"cool","postal_code":"040-0013","address":"函館市千代台町１６番","voronoi":{"type":"Feature","geometry":{"type":"Polygon","coordinates":[[[140.761835,41.763613],[140.738347,41.791818],[140.740097,41.793178],[140.744067,41.790651],[140.756725,41.77965],[140.760118,41.771404],[140.761835,41.763613]]]},"properties":{}},"extra":false},
    {"code":9910512,"id":"2a9692","name":"堀川町","original_name":"堀川町","name_kana":"ほりかわちょう","closed":false,"lat":41.780433,"lng":140.74394,"prefecture":1,"numbering":["DY12"],"lines":[99105,99106],"attr":"cool","postal_code":"040-0014","address":"函館市中島町２１番","voronoi":{"type":"Feature","geometry":{"type":"Polygon","coordinates":[[[140.733986,41.789857],[140.738347,41.791818],[140.761835,41.763613],[140.762356,41.762137],[140.763665,41.752427],[140.733986,41.789857]]]},"properties":{}},"extra":false},
    {"code":9910513,"id":"f13cee","name":"昭和橋","original_name":"昭和橋","name_kana":"しょうわばし","closed":false,"lat":41.778017,"lng":140.740893,"prefecture":1,"numbering":["DY13"],"lines":[99105,99106],"attr":"cool","postal_code":"040-0025","address":"函館市堀川町６番","voronoi":{"type":"Feature","geometry":{"type":"Polygon","coordinates":[[[140.730349,41.78881],[140.733986,41.789857],[140.763665,41.752427],[140.764332,41.748972],[140.764465,41.746202],[140.730349,41.78881]]]},"properties":{}},"extra":false},
    {"code":9910514,"id":"afab18","name":"千歳町(北海道)","original_name":"千歳町","name_kana":"ちとせちょう","closed":false,"lat":41.776161,"lng":140.738575,"prefecture":1,"numbering":["DY14"],"lines":[99105,99106],"attr":"heat","postal_code":"040-0032","address":"函館市新川町２３番","voronoi":{"type":"Feature","geometry":{"type":"Polygon","coordinates":[[[140.72972,41.788694],[140.730562,41.78452],[140.760718,41.745382],[140.764948,41.740568],[140.764465,41.746202],[140.730349,41.78881],[140.72972,41.788694]]]},"properties":{}},"extra":false},
    {"code":9910515,"id":"9ab459","name":"新川町(北海道)","original_name":"新川町","name_kana":"しんかわちょう","closed":false,"lat":41.77464,"lng":140.736601,"prefecture":1,"numbering":["DY15"],"lines":[99105,99106],"attr":"heat","postal_code":"040-0032","address":"函館市新川町１番","voronoi":{"type":"Feature","geometry":{"type":"Polygon","coordinates":[[[140.731677,41.776316],[140.760718,41.745382],[140.730562,41.78452],[140.731074,41.778908],[140.731677,41.776316]]]},"properties":{}},"extra":false},
    {"code":9910516,"id":"bea3b4","name":"松風町","original_name":"松風町","name_kana":"まつかぜちょう","closed":false,"lat":41.771296,"lng":140.733039,"prefecture":1,"numbering":["DY16"],"lines":[99105,99106],"attr":"heat","postal_code":"040-0035","address":"函館市松風町１１番","voronoi":{"type":"Feature","geometry":{"type":"Polygon","coordinates":[[[140.768061,41.7223],[140.764948,41.740568],[140.760718,41.745382],[140.731677,41.776316],[140.729532,41.76827],[140.732389,41.758451],[140.736527,41.753085],[140.765206,41.724934],[140.768061,41.7223]]]},"properties":{}},"extra":false},
    {"code":9910517,"id":"e16e64","name":"函館駅前","original_name":"函館駅前","name_kana":"はこだてえきまえ","closed":false,"lat":41.77264,"lng":140.727997,"prefecture":1,"numbering":["DY17"],"lines":[99105,99106],"attr":"heat","postal_code":"040-0063","address":"函館市若松町１５番","voronoi":{"type":"Feature","geometry":{"type":"Polygon","coordinates":[[[140.731677,41.776316],[140.729532,41.76827],[140.72591,41.771256],[140.731074,41.778908],[140.731677,41.776316]]]},"properties":{}},"extra":false},
    {"code":9910518,"id":"348c47","name":"市役所前(北海道)","original_name":"市役所前","name_kana":"しやくしょまえ","closed":false,"lat":41.768943,"lng":140.72495,"prefecture":1,"numbering":["DY18"],"lines":[99105,99106],"attr":"heat","postal_code":"040-0064","address":"函館市大手町１１番","voronoi":{"type":"Feature","geometry":{"type":"Polygon","coordinates":[[[140.732389,41.758451],[140.729532,41.76827],[140.72591,41.771256],[140.717527,41.773829],[140.717606,41.773336],[140.731232,41.759209],[140.732389,41.758451]]]},"properties":{}},"extra":false},
    {"code":9910519,"id":"ec60fc","name":"魚市場通","original_name":"魚市場通","name_kana":"うおいちばどおり","closed":false,"lat":41.765838,"lng":140.721731,"prefecture":1,"numbering":["DY19"],"lines":[99105,99106],"attr":"eco","postal_code":"040-0065","address":"函館市豊川町２２番","voronoi":{"type":"Feature","geometry":{"type":"Polygon","coordinates":[[[140.717244,41.769951],[140.721012,41.763361],[140.731232,41.759209],[140.717606,41.773336],[140.717244,41.769951]]]},"properties":{}},"extra":false},
    {"code":9910520,"id":"bb807b","name":"十字街","original_name":"十字街","name_kana":"じゅうじがい","closed":false,"lat":41.763998,"lng":140.718513,"prefecture":1,"numbering":["DY20"],"lines":[99105,99106],"attr":"eco","postal_code":"040-0053","address":"函館市末広町９番","voronoi":{"type":"Feature","geometry":{"type":"Polygon","coordinates":[[[140.717244,41.769951],[140.71298,41.760296],[140.713998,41.760262],[140.721012,41.763361],[140.717244,41.769951]]]},"properties":{}},"extra":false},
    {"code":9910521,"id":"dcc331","name":"宝来町","original_name":"宝来町","name_kana":"ほうらいちょう","closed":false,"lat":41.761085,"lng":140.7198,"prefecture":1,"numbering":["Y24"],"lines":[99105],"attr":"eco","postal_code":"040-0043","address":"函館市宝来町１０番","voronoi":{"type":"Feature","geometry":{"type":"Polygon","coordinates":[[[140.736527,41.753085],[140.713998,41.760262],[140.721012,41.763361],[140.731232,41.759209],[140.732389,41.758451],[140.736527,41.753085]]]},"properties":{}},"extra":false},
    {"code":9910522,"id":"2bf7b6","name":"青柳町","original_name":"青柳町","name_kana":"あおやぎちょう","closed":false,"lat":41.756235,"lng":140.718255,"prefecture":1,"numbering":["Y25"],"lines":[99105],"attr":"eco","postal_code":"040-0044","address":"函館市青柳町２１番","voronoi":{"type":"Feature","geometry":{"type":"Polygon","coordinates":[[[140.710643,41.758921],[140.71298,41.760296],[140.713998,41.760262],[140.736527,41.753085],[140.765206,41.724934],[140.710643,41.758921]]]},"properties":{}},"extra":false},
    {"code":9910523,"id":"4656eb","name":"谷地頭","original_name":"谷地頭","name_kana":"やちがしら","closed":false,"lat":41.753273,"lng":140.71641,"prefecture":1,"numbering":["Y26"],"lines":[99105],"attr":"eco","postal_code":"040-0046","address":"函館市谷地頭町２５番","voronoi":{"type":"Feature","geometry":{"type":"Polygon","coordinates":[[[140.69614,41.430459],[140.672266,41.534518],[140.652303,41.706213],[140.654966,41.729349],[140.695319,41.753941],[140.710643,41.758921],[140.765206,41.724934],[140.768061,41.7223],[140.826241,41.573965],[140.862294,41.478656],[140.795353,41.393352],[140.733991,41.415068],[140.696441,41.429862],[140.69614,41.430459]]]},"properties":{}},"extra":false}
  ],
  "extra":false
}