{
  "code":99104,
  "id":"3020a3",
  "name":"札幌市電山鼻線",
  "name_kana":"さっぽろしでんやまはなせん",
  "station_size":24,
  "company_code":101,
  "closed":false,
  "symbol":"SC",
  "station_list":[
    {"code":9910401,"id":"7d8767","name":"西４丁目","original_name":"西４丁目","name_kana":"にしよんちょうめ","closed":false,"lat":43.058904,"lng":141.352148,"prefecture":1,"numbering":["SC01"],"lines":[99104],"attr":"cool","postal_code":"060-0061","address":"札幌市中央区南１条西４","voronoi":{"type":"Feature","geometry":{"type":"Polygon","coordinates":[[[141.349185,43.058121],[141.348877,43.060491],[141.354522,43.059043],[141.350441,43.057086],[141.349185,43.058121]]]},"properties":{}},"extra":false},
    {"code":9910402,"id":"e8a943","name":"西８丁目","original_name":"西８丁目","name_kana":"にしはっちょうめ","closed":false,"lat":43.05812,"lng":141.346121,"prefecture":1,"numbering":["SC02"],"lines":[99104],"attr":"cool","postal_code":"060-0061","address":"札幌市中央区南１条西８","voronoi":{"type":"Feature","geometry":{"type":"Polygon","coordinates":[[[141.34829,43.062204],[141.348877,43.060491],[141.349185,43.058121],[141.344105,43.053363],[141.34351,43.057545],[141.344093,43.06433],[141.34829,43.062204]]]},"properties":{}},"extra":false},
    {"code":9910403,"id":"63c662","name":"中央区役所前","original_name":"中央区役所前","name_kana":"ちゅうおうくやくしょまえ","closed":false,"lat":43.05737,"lng":141.340843,"prefecture":1,"numbering":["SC03"],"lines":[99104],"attr":"cool","postal_code":"060-0061","address":"札幌市中央区南１条西１１","voronoi":{"type":"Feature","geometry":{"type":"Polygon","coordinates":[[[141.343873,43.052545],[141.344105,43.053363],[141.34351,43.057545],[141.337691,43.058492],[141.338564,43.053789],[141.342275,43.05024],[141.343873,43.052545]]]},"properties":{}},"extra":false},
    {"code":9910404,"id":"d75e26","name":"西１５丁目","original_name":"西１５丁目","name_kana":"にしじゅうごちょうめ","closed":false,"lat":43.056313,"lng":141.335151,"prefecture":1,"numbering":["SC04"],"lines":[99104],"attr":"cool","postal_code":"060-0061","address":"札幌市中央区南１条西１５","voronoi":{"type":"Feature","geometry":{"type":"Polygon","coordinates":[[[141.332181,43.05387],[141.338564,43.053789],[141.337691,43.058492],[141.335604,43.063963],[141.333861,43.063586],[141.332181,43.05387]]]},"properties":{}},"extra":false},
    {"code":9910405,"id":"2c21a0","name":"西線６条","original_name":"西線６条","name_kana":"にしせんろくじょう","closed":false,"lat":43.051352,"lng":141.335088,"prefecture":1,"numbering":["SC05"],"lines":[99104],"attr":"cool","postal_code":"064-0806","address":"札幌市中央区南６条西１５","voronoi":{"type":"Feature","geometry":{"type":"Polygon","coordinates":[[[141.342275,43.0502],[141.326254,43.048892],[141.332181,43.05387],[141.338564,43.053789],[141.342275,43.05024],[141.342275,43.0502]]]},"properties":{}},"extra":false},
    {"code":9910406,"id":"77697c","name":"西線９条旭山公園通","original_name":"西線９条旭山公園通","name_kana":"にしせんくじょうあさひやまこうえんどおり","closed":false,"lat":43.047897,"lng":141.33537,"prefecture":1,"numbering":["SC06"],"lines":[99104],"attr":"cool","postal_code":"064-0809","address":"札幌市中央区南９条西１５","voronoi":{"type":"Feature","geometry":{"type":"Polygon","coordinates":[[[141.326254,43.048892],[141.342275,43.0502],[141.342497,43.049304],[141.342586,43.047537],[141.323551,43.044081],[141.325629,43.048544],[141.326254,43.048892]]]},"properties":{}},"extra":false},
    {"code":9910407,"id":"a23ce6","name":"西線１１条","original_name":"西線１１条","name_kana":"にしせんじゅういちじょう","closed":false,"lat":43.044664,"lng":141.335957,"prefecture":1,"numbering":["SC07"],"lines":[99104],"attr":"cool","postal_code":"064-0811","address":"札幌市中央区南１１条西１５","voronoi":{"type":"Feature","geometry":{"type":"Polygon","coordinates":[[[141.321575,43.040987],[141.323551,43.044081],[141.342586,43.047537],[141.343063,43.045876],[141.343248,43.043196],[141.321575,43.040987]]]},"properties":{}},"extra":false},
    {"code":9910408,"id":"b94876","name":"西線１４条","original_name":"西線１４条","name_kana":"にしせんじゅうよじょう","closed":false,"lat":43.040288,"lng":141.336403,"prefecture":1,"numbering":["SC08"],"lines":[99104],"attr":"cool","postal_code":"064-0914","address":"札幌市中央区南１４条西１５","voronoi":{"type":"Feature","geometry":{"type":"Polygon","coordinates":[[[141.343395,43.042819],[141.343678,43.039586],[141.317203,43.035974],[141.321575,43.040987],[141.343248,43.043196],[141.343395,43.042819]]]},"properties":{}},"extra":false},
    {"code":9910409,"id":"7e539c","name":"西線１６条","original_name":"西線１６条","name_kana":"にしせんじゅうろくじょう","closed":false,"lat":43.03696,"lng":141.336857,"prefecture":1,"numbering":["SC09"],"lines":[99104],"attr":"cool","postal_code":"064-0917","address":"札幌市中央区南１７条西１５","voronoi":{"type":"Feature","geometry":{"type":"Polygon","coordinates":[[[141.313307,43.032209],[141.342375,43.036008],[141.343941,43.037841],[141.343812,43.039181],[141.343678,43.039586],[141.317203,43.035974],[141.313307,43.032209]]]},"properties":{}},"extra":false},
    {"code":9910410,"id":"ad5a53","name":"ロープウェイ入口","original_name":"ロープウェイ入口","name_kana":"ろーぷうぇいいりぐち","closed":false,"lat":43.03367,"lng":141.337287,"prefecture":1,"numbering":["SC10"],"lines":[99104],"attr":"cool","postal_code":"064-0919","address":"札幌市中央区南１９条西１５","voronoi":{"type":"Feature","geometry":{"type":"Polygon","coordinates":[[[141.342375,43.036008],[141.313307,43.032209],[141.309356,43.028886],[141.338976,43.032263],[141.341923,43.034957],[141.342375,43.036008]]]},"properties":{}},"extra":false},
    {"code":9910411,"id":"d823fa","name":"電車事業所前","original_name":"電車事業所前","name_kana":"でんしゃじぎょうしょまえ","closed":false,"lat":43.030512,"lng":141.337647,"prefecture":1,"numbering":["SC11"],"lines":[99104],"attr":"cool","postal_code":"064-0921","address":"札幌市中央区南２１条西１５","voronoi":{"type":"Feature","geometry":{"type":"Polygon","coordinates":[[[141.309356,43.028886],[141.28924,43.013814],[141.293323,43.010694],[141.306118,43.003186],[141.312127,43.000594],[141.32768,43.000024],[141.338389,43.005695],[141.338976,43.032263],[141.309356,43.028886]]]},"properties":{}},"extra":false},
    {"code":9910412,"id":"6c78ae","name":"中央図書館前","original_name":"中央図書館前","name_kana":"ちゅうおうとしょかんまえ","closed":false,"lat":43.030455,"lng":141.340227,"prefecture":1,"numbering":["SC12"],"lines":[99104],"attr":"cool","postal_code":"064-0922","address":"札幌市中央区南２２条西１３","voronoi":{"type":"Feature","geometry":{"type":"Polygon","coordinates":[[[141.343519,43.009847],[141.338413,43.005706],[141.338389,43.005695],[141.338976,43.032263],[141.341923,43.034957],[141.343519,43.009847]]]},"properties":{}},"extra":false},
    {"code":9910413,"id":"586cbb","name":"石山通","original_name":"石山通","name_kana":"いしやまどおり","closed":false,"lat":43.030706,"lng":141.344175,"prefecture":1,"numbering":["SC13"],"lines":[99104],"attr":"cool","postal_code":"064-0922","address":"札幌市中央区南２２条西１０","voronoi":{"type":"Feature","geometry":{"type":"Polygon","coordinates":[[[141.3459,43.036071],[141.343941,43.037841],[141.342375,43.036008],[141.341923,43.034957],[141.343519,43.009847],[141.347044,43.012189],[141.347332,43.012479],[141.3459,43.036071]]]},"properties":{}},"extra":false},
    {"code":9910414,"id":"06b531","name":"東屯田通","original_name":"東屯田通","name_kana":"ひがしとんでんどおり","closed":false,"lat":43.030954,"lng":141.348261,"prefecture":1,"numbering":["SC14"],"lines":[99104],"attr":"heat","postal_code":"064-0922","address":"札幌市中央区南２２条西８","voronoi":{"type":"Feature","geometry":{"type":"Polygon","coordinates":[[[141.347332,43.012479],[141.3459,43.036071],[141.346344,43.035902],[141.349473,43.033189],[141.354344,43.019255],[141.352275,43.016462],[141.347332,43.012479]]]},"properties":{}},"extra":false},
    {"code":9910415,"id":"5553c9","name":"幌南小学校前","original_name":"幌南小学校前","name_kana":"こうなんしょうがっこうまえ","closed":false,"lat":43.032196,"lng":141.351814,"prefecture":1,"numbering":["SC15"],"lines":[99104],"attr":"heat","postal_code":"064-0921","address":"札幌市中央区南２１条西６","voronoi":{"type":"Feature","geometry":{"type":"Polygon","coordinates":[[[141.360991,43.027353],[141.356838,43.034069],[141.349473,43.033189],[141.354344,43.019255],[141.360465,43.025433],[141.360991,43.027353]]]},"properties":{}},"extra":false},
    {"code":9910416,"id":"9d8ded","name":"山鼻１９条","original_name":"山鼻１９条","name_kana":"やまはなじゅうくじょう","closed":false,"lat":43.034706,"lng":141.351514,"prefecture":1,"numbering":["SC16"],"lines":[99104],"attr":"heat","postal_code":"064-0918","address":"札幌市中央区南１８条西６","voronoi":{"type":"Feature","geometry":{"type":"Polygon","coordinates":[[[141.356838,43.034069],[141.349473,43.033189],[141.346344,43.035902],[141.354309,43.036893],[141.356497,43.035111],[141.356838,43.034069]]]},"properties":{}},"extra":false},
    {"code":9910417,"id":"722998","name":"静修学園前","original_name":"静修学園前","name_kana":"せいしゅうがくえんまえ","closed":false,"lat":43.038329,"lng":141.351063,"prefecture":1,"numbering":["SC17"],"lines":[99104],"attr":"heat","postal_code":"064-0916","address":"札幌市中央区南１６条西６","voronoi":{"type":"Feature","geometry":{"type":"Polygon","coordinates":[[[141.3459,43.036071],[141.346344,43.035902],[141.354309,43.036893],[141.353122,43.040175],[141.343812,43.039181],[141.343941,43.037841],[141.3459,43.036071]]]},"properties":{}},"extra":false},
    {"code":9910418,"id":"7d4d02","name":"行啓通","original_name":"行啓通","name_kana":"ぎょうけいどおり","closed":false,"lat":43.041544,"lng":141.35072,"prefecture":1,"numbering":["SC18"],"lines":[99104],"attr":"heat","postal_code":"064-0914","address":"札幌市中央区南１４条西６","voronoi":{"type":"Feature","geometry":{"type":"Polygon","coordinates":[[[141.354214,43.044006],[141.343395,43.042819],[141.343678,43.039586],[141.343812,43.039181],[141.353122,43.040175],[141.354214,43.044006]]]},"properties":{}},"extra":false},
    {"code":9910419,"id":"cca2d5","name":"中島公園通","original_name":"中島公園通","name_kana":"なかじまこうえんどおり","closed":false,"lat":43.045652,"lng":141.350269,"prefecture":1,"numbering":["SC19"],"lines":[99104],"attr":"heat","postal_code":"064-0811","address":"札幌市中央区南１１条西６","voronoi":{"type":"Feature","geometry":{"type":"Polygon","coordinates":[[[141.354599,43.044394],[141.354214,43.044006],[141.343395,43.042819],[141.343248,43.043196],[141.343063,43.045876],[141.352384,43.047569],[141.354599,43.044394]]]},"properties":{}},"extra":false},
    {"code":9910420,"id":"87518c","name":"山鼻９条","original_name":"山鼻９条","name_kana":"やまはなくじょう","closed":false,"lat":43.04862,"lng":141.34973,"prefecture":1,"numbering":["SC20"],"lines":[99104],"attr":"eco","postal_code":"064-0809","address":"札幌市中央区南９条西６","voronoi":{"type":"Feature","geometry":{"type":"Polygon","coordinates":[[[141.352242,43.050272],[141.342497,43.049304],[141.342586,43.047537],[141.343063,43.045876],[141.352384,43.047569],[141.352242,43.050272]]]},"properties":{}},"extra":false},
    {"code":9910421,"id":"5137c9","name":"東本願寺前","original_name":"東本願寺前","name_kana":"ひがしほんがんじまえ","closed":false,"lat":43.051398,"lng":141.349454,"prefecture":1,"numbering":["SC21"],"lines":[99104],"attr":"eco","postal_code":"064-0807","address":"札幌市中央区南７条西６","voronoi":{"type":"Feature","geometry":{"type":"Polygon","coordinates":[[[141.352242,43.050272],[141.342497,43.049304],[141.342275,43.0502],[141.342275,43.05024],[141.343873,43.052545],[141.35144,43.053515],[141.353078,43.052094],[141.352242,43.050272]]]},"properties":{}},"extra":false},
    {"code":9910422,"id":"1532c6","name":"資生館小学校前","original_name":"資生館小学校前","name_kana":"しせいかんしょうがっこうまえ","closed":false,"lat":43.055063,"lng":141.348984,"prefecture":1,"numbering":["SC22"],"lines":[99104],"attr":"eco","postal_code":"064-0804","address":"札幌市中央区南４条西６","voronoi":{"type":"Feature","geometry":{"type":"Polygon","coordinates":[[[141.351011,43.056071],[141.35144,43.053515],[141.343873,43.052545],[141.344105,43.053363],[141.349185,43.058121],[141.350441,43.057086],[141.351011,43.056071]]]},"properties":{}},"extra":false},
    {"code":9910208,"id":"189aa3","name":"すすきの","original_name":"すすきの","name_kana":"すすきの","closed":false,"lat":43.05578,"lng":141.353257,"prefecture":1,"numbering":["SC23"],"lines":[99102,99104],"attr":"eco","postal_code":"064-0804","address":"札幌市中央区南４条西４","voronoi":{"type":"Feature","geometry":{"type":"Polygon","coordinates":[[[141.351011,43.056071],[141.35144,43.053515],[141.353078,43.052094],[141.354405,43.052413],[141.355402,43.057038],[141.351011,43.056071]]]},"properties":{}},"extra":false},
    {"code":9910424,"id":"a71c59","name":"狸小路","original_name":"狸小路","name_kana":"たぬきこうじ","closed":false,"lat":43.057279,"lng":141.352927,"prefecture":1,"numbering":["SC24"],"lines":[99104],"attr":"eco","postal_code":"060-0062","address":"北海道札幌市中央区","open_date":"2015-12-20","voronoi":{"type":"Feature","geometry":{"type":"Polygon","coordinates":[[[141.354522,43.059043],[141.350441,43.057086],[141.351011,43.056071],[141.355402,43.057038],[141.3567,43.059274],[141.356665,43.059339],[141.354522,43.059043]]]},"properties":{}},"extra":false}
  ],
  "extra":false
}