{
  "code":99102,
  "id":"92e4f0",
  "name":"札幌市営地下鉄南北線",
  "name_kana":"さっぽろしえいちかてつなんぼくせん",
  "station_size":16,
  "company_code":101,
  "closed":false,
  "color":"#008000",
  "symbol":"N",
  "station_list":[
    {"code":9910201,"id":"f5cf01","name":"麻生","original_name":"麻生","name_kana":"あさぶ","closed":false,"lat":43.109106,"lng":141.338255,"prefecture":1,"numbering":["N01"],"lines":[99102],"attr":"cool","postal_code":"001-0040","address":"札幌市北区北４０条西５","voronoi":{"type":"Feature","geometry":{"type":"Polygon","coordinates":[[[141.332769,43.101479],[141.329896,43.105426],[141.343636,43.11675],[141.352871,43.109766],[141.35288,43.109705],[141.332769,43.101479]]]},"properties":{}},"extra":false},
    {"code":9910202,"id":"46a178","name":"北３４条","original_name":"北３４条","name_kana":"きたさんじゅうよじょう","closed":false,"lat":43.099883,"lng":141.342028,"prefecture":1,"numbering":["N02"],"lines":[99102],"attr":"eco","postal_code":"001-0033","address":"札幌市北区北３３条西４","voronoi":{"type":"Feature","geometry":{"type":"Polygon","coordinates":[[[141.333413,43.092314],[141.332769,43.101479],[141.35288,43.109705],[141.354942,43.105756],[141.356283,43.098163],[141.333413,43.092314]]]},"properties":{}},"extra":false},
    {"code":9910203,"id":"b76a8b","name":"北２４条","original_name":"北２４条","name_kana":"きたにじゅうよじょう","closed":false,"lat":43.089811,"lng":141.344604,"prefecture":1,"numbering":["N03"],"lines":[99102],"attr":"eco","postal_code":"001-0023","address":"札幌市北区北２３条西４","voronoi":{"type":"Feature","geometry":{"type":"Polygon","coordinates":[[[141.357383,43.096351],[141.358381,43.090419],[141.358163,43.09004],[141.355963,43.088296],[141.334413,43.082853],[141.332448,43.084148],[141.331778,43.08845],[141.333413,43.092314],[141.356283,43.098163],[141.357383,43.096351]]]},"properties":{}},"extra":false},
    {"code":9910204,"id":"3f71e6","name":"北１８条","original_name":"北１８条","name_kana":"きたじゅうはちじょう","closed":false,"lat":43.081568,"lng":141.346686,"prefecture":1,"numbering":["N04"],"lines":[99102],"attr":"eco","postal_code":"001-0018","address":"札幌市北区北１８条西４","voronoi":{"type":"Feature","geometry":{"type":"Polygon","coordinates":[[[141.355963,43.088296],[141.334413,43.082853],[141.339387,43.07612],[141.350628,43.078984],[141.355963,43.088296]]]},"properties":{}},"extra":false},
    {"code":9910205,"id":"f2e6a8","name":"北１２条","original_name":"北１２条","name_kana":"きたじゅうにじょう","closed":false,"lat":43.074829,"lng":141.348403,"prefecture":1,"numbering":["N05"],"lines":[99102],"attr":"eco","postal_code":"001-0012","address":"札幌市北区北１２条西４","voronoi":{"type":"Feature","geometry":{"type":"Polygon","coordinates":[[[141.350628,43.078984],[141.339387,43.07612],[141.34122,43.068777],[141.342748,43.06912],[141.352585,43.072862],[141.350628,43.078984]]]},"properties":{}},"extra":false},
    {"code":9910206,"id":"d51f40","name":"さっぽろ","original_name":"さっぽろ","name_kana":"さっぽろ","closed":false,"lat":43.06637,"lng":141.350299,"prefecture":1,"numbering":["N06"],"lines":[99102,99103],"attr":"heat","postal_code":"060-0004","address":"札幌市中央区北４条西４","voronoi":{"type":"Feature","geometry":{"type":"Polygon","coordinates":[[[141.356592,43.066224],[141.355981,43.065006],[141.34829,43.062204],[141.344093,43.06433],[141.341026,43.067966],[141.34122,43.068777],[141.342748,43.06912],[141.356592,43.066224]]]},"properties":{}},"extra":false},
    {"code":9910109,"id":"8933d6","name":"大通","original_name":"大通","name_kana":"おおどおり","closed":false,"lat":43.060307,"lng":141.352508,"prefecture":1,"numbering":["N07"],"lines":[99101,99102,99103],"attr":"cool","postal_code":"060-0042","address":"札幌市中央区大通西２","voronoi":{"type":"Feature","geometry":{"type":"Polygon","coordinates":[[[141.355981,43.065006],[141.34829,43.062204],[141.348877,43.060491],[141.354522,43.059043],[141.356665,43.059339],[141.355981,43.065006]]]},"properties":{}},"extra":false},
    {"code":9910208,"id":"189aa3","name":"すすきの","original_name":"すすきの","name_kana":"すすきの","closed":false,"lat":43.05578,"lng":141.353257,"prefecture":1,"numbering":["N08"],"lines":[99102,99104],"attr":"eco","postal_code":"064-0804","address":"札幌市中央区南４条西４","voronoi":{"type":"Feature","geometry":{"type":"Polygon","coordinates":[[[141.351011,43.056071],[141.35144,43.053515],[141.353078,43.052094],[141.354405,43.052413],[141.355402,43.057038],[141.351011,43.056071]]]},"properties":{}},"extra":false},
    {"code":9910209,"id":"361fe9","name":"中島公園","original_name":"中島公園","name_kana":"なかじまこうえん","closed":false,"lat":43.048892,"lng":141.354913,"prefecture":1,"numbering":["N09"],"lines":[99102],"attr":"eco","postal_code":"064-0809","address":"札幌市中央区南９条西４","voronoi":{"type":"Feature","geometry":{"type":"Polygon","coordinates":[[[141.354599,43.044394],[141.361325,43.045136],[141.361713,43.04534],[141.362184,43.049964],[141.354405,43.052413],[141.353078,43.052094],[141.352242,43.050272],[141.352384,43.047569],[141.354599,43.044394]]]},"properties":{}},"extra":false},
    {"code":9910210,"id":"d553e7","name":"幌平橋","original_name":"幌平橋","name_kana":"ほろひらばし","closed":false,"lat":43.040073,"lng":141.355886,"prefecture":1,"numbering":["N10"],"lines":[99102],"attr":"eco","postal_code":"064-0915","address":"札幌市中央区南１５条西４","voronoi":{"type":"Feature","geometry":{"type":"Polygon","coordinates":[[[141.354309,43.036893],[141.353122,43.040175],[141.354214,43.044006],[141.354599,43.044394],[141.361325,43.045136],[141.356497,43.035111],[141.354309,43.036893]]]},"properties":{}},"extra":false},
    {"code":9910211,"id":"92821d","name":"中の島","original_name":"中の島","name_kana":"なかのしま","closed":false,"lat":43.037727,"lng":141.360758,"prefecture":1,"numbering":["N11"],"lines":[99102],"attr":"eco","postal_code":"062-0921","address":"札幌市豊平区中の島１条１","voronoi":{"type":"Feature","geometry":{"type":"Polygon","coordinates":[[[141.361713,43.04534],[141.361325,43.045136],[141.356497,43.035111],[141.356838,43.034069],[141.360991,43.027353],[141.361267,43.027621],[141.366597,43.041154],[141.361713,43.04534]]]},"properties":{}},"extra":false},
    {"code":9910212,"id":"9dea21","name":"平岸(札幌市交通局)","original_name":"平岸","name_kana":"ひらぎし","closed":false,"lat":43.034666,"lng":141.36853,"prefecture":1,"numbering":["N12"],"lines":[99102],"attr":"eco","postal_code":"062-0932","address":"札幌市豊平区平岸2条7丁目","voronoi":{"type":"Feature","geometry":{"type":"Polygon","coordinates":[[[141.370111,43.041],[141.377047,43.033319],[141.361267,43.027621],[141.366597,43.041154],[141.370111,43.041]]]},"properties":{}},"extra":false},
    {"code":9910213,"id":"bbe971","name":"南平岸","original_name":"南平岸","name_kana":"みなみひらぎし","closed":false,"lat":43.026842,"lng":141.371355,"prefecture":1,"numbering":["N13"],"lines":[99102],"attr":"eco","postal_code":"062-0934","address":"札幌市豊平区平岸４条１３","voronoi":{"type":"Feature","geometry":{"type":"Polygon","coordinates":[[[141.385745,43.015199],[141.360465,43.025433],[141.360991,43.027353],[141.361267,43.027621],[141.377047,43.033319],[141.377524,43.033154],[141.384786,43.022142],[141.385784,43.01544],[141.385745,43.015199]]]},"properties":{}},"extra":false},
    {"code":9910214,"id":"100e8b","name":"澄川","original_name":"澄川","name_kana":"すみかわ","closed":false,"lat":43.016845,"lng":141.367308,"prefecture":1,"numbering":["N14"],"lines":[99102,99110],"attr":"eco","postal_code":"005-0004","address":"札幌市南区澄川４条２","voronoi":{"type":"Feature","geometry":{"type":"Polygon","coordinates":[[[141.385745,43.015199],[141.386648,43.008428],[141.352275,43.016462],[141.354344,43.019255],[141.360465,43.025433],[141.385745,43.015199]]]},"properties":{}},"extra":false},
    {"code":9910215,"id":"f4149c","name":"自衛隊前","original_name":"自衛隊前","name_kana":"じえいたいまえ","closed":false,"lat":43.006038,"lng":141.364776,"prefecture":1,"numbering":["N15"],"lines":[99102],"attr":"eco","postal_code":"005-0004","address":"札幌市南区澄川４条７","voronoi":{"type":"Feature","geometry":{"type":"Polygon","coordinates":[[[141.34838,43.011703],[141.388662,43.002216],[141.393717,42.989783],[141.34838,43.011703]]]},"properties":{}},"extra":false},
    {"code":9910216,"id":"6942f5","name":"真駒内","original_name":"真駒内","name_kana":"まこまない","closed":false,"lat":42.991134,"lng":141.358499,"prefecture":1,"numbering":["N16"],"lines":[99102],"attr":"eco","postal_code":"005-0008","address":"札幌市南区真駒内１７","voronoi":{"type":"Feature","geometry":{"type":"Polygon","coordinates":[[[141.333356,42.994127],[141.32768,43.000024],[141.338389,43.005695],[141.338413,43.005706],[141.392774,42.983917],[141.333356,42.994127]]]},"properties":{}},"extra":false}
  ],
  "extra":false
}