{
  "code":99115,
  "id":"d339e1",
  "name":"夕張鉄道",
  "name_kana":"ゆうばりてつどう",
  "name_formal":"北海道炭礦汽船夕張鉄道線",
  "station_size":22,
  "closed":true,
  "station_list":[
    {"code":1110321,"id":"c3e3ba","name":"野幌","original_name":"野幌","name_kana":"のっぽろ","closed":false,"lat":43.092559,"lng":141.52984,"prefecture":1,"lines":[11103,99115],"attr":"eco","postal_code":"069-0813","address":"江別市野幌町","voronoi":{"type":"Feature","geometry":{"type":"Polygon","coordinates":[[[141.54035,43.038478],[141.481523,43.134444],[141.482129,43.135096],[141.498932,43.149053],[141.513886,43.127368],[141.549767,43.066675],[141.54035,43.038478]]]},"properties":{}},"extra":false},
    {"code":9911502,"id":"9efe38","name":"北海鋼機前","original_name":"北海鋼機前","name_kana":"ほっかいこうきまえ","closed":true,"lat":43.096611,"lng":141.536694,"prefecture":1,"lines":[99115],"postal_code":"069-0821","address":"北海道江別市東野幌町１１−４","open_date":"1956-12-01","closed_date":"1975-04-01","voronoi":{"type":"Feature","geometry":{"type":"Polygon","coordinates":[[[141.549767,43.066675],[141.513886,43.127368],[141.548763,43.086616],[141.552669,43.072766],[141.549767,43.066675]]]},"properties":{}},"extra":true},
    {"code":9911503,"id":"a11813","name":"上江別","original_name":"上江別","name_kana":"かみえべつ","closed":true,"lat":43.101444,"lng":141.553833,"prefecture":1,"lines":[99115],"postal_code":"067-0062","address":"北海道江別市上江別南町２９-２１","open_date":"1930-11-03","closed_date":"1974-10-01","voronoi":{"type":"Feature","geometry":{"type":"Polygon","coordinates":[[[141.546456,43.108811],[141.548763,43.086616],[141.552669,43.072766],[141.577082,43.098455],[141.546456,43.108811]]]},"properties":{}},"extra":true},
    {"code":9911504,"id":"67644a","name":"下の月","original_name":"下の月","name_kana":"しものつき","closed":true,"lat":43.075389,"lng":141.58125,"prefecture":1,"lines":[99115],"postal_code":"069-0822","address":"北海道江別市東野幌９３６−２","open_date":"1959-04-01","closed_date":"1974-10-01","voronoi":{"type":"Feature","geometry":{"type":"Polygon","coordinates":[[[141.577082,43.098455],[141.552669,43.072766],[141.549767,43.066675],[141.54035,43.038478],[141.540438,43.03602],[141.542383,43.032935],[141.578499,43.026123],[141.607703,43.102541],[141.59537,43.11131],[141.577082,43.098455]]]},"properties":{}},"extra":true},
    {"code":9911505,"id":"412d1e","name":"晩翠","original_name":"晩翠","name_kana":"ばんすい","closed":true,"lat":43.064667,"lng":141.609306,"prefecture":1,"lines":[99115],"postal_code":"069-0211","address":"北海道空知郡南幌町南１１線西６２１","open_date":"1930-11-03","closed_date":"1975-04-01","voronoi":{"type":"Feature","geometry":{"type":"Polygon","coordinates":[[[141.607703,43.102541],[141.578499,43.026123],[141.625155,43.000896],[141.633715,43.096977],[141.607703,43.102541]]]},"properties":{}},"extra":true},
    {"code":9911506,"id":"f95b99","name":"南幌","original_name":"南幌","name_kana":"なんぽろ","closed":true,"lat":43.060861,"lng":141.652028,"prefecture":1,"lines":[99115],"postal_code":"069-0235","address":"北海道空知郡南幌町中央３丁目１-２５","open_date":"1930-11-03","closed_date":"1975-04-01","voronoi":{"type":"Feature","geometry":{"type":"Polygon","coordinates":[[[141.67555,43.105194],[141.658402,43.105916],[141.633715,43.096977],[141.625155,43.000896],[141.656735,42.966495],[141.667395,42.960415],[141.67555,43.105194]]]},"properties":{}},"extra":true},
    {"code":9911507,"id":"0d810b","name":"双葉(北海道)","original_name":"双葉","name_kana":"ふたば","closed":true,"lat":43.0585,"lng":141.693944,"prefecture":1,"lines":[99115],"postal_code":"069-1318","address":"北海道夕張郡長沼町西４線北","open_date":"1959-09-22","closed_date":"1974-10-01","voronoi":{"type":"Feature","geometry":{"type":"Polygon","coordinates":[[[141.67555,43.105194],[141.667395,42.960415],[141.681134,42.948209],[141.685235,42.946319],[141.710136,42.976239],[141.718747,42.993338],[141.704977,43.098218],[141.688419,43.110476],[141.67555,43.105194]]]},"properties":{}},"extra":true},
    {"code":9911508,"id":"8f62fd","name":"北長沼","original_name":"北長沼","name_kana":"きたながぬま","closed":true,"lat":43.062694,"lng":141.725889,"prefecture":1,"lines":[99115],"postal_code":"069-1317","address":"北海道夕張郡長沼町東１線北１５","open_date":"1930-11-03","closed_date":"1975-04-01","voronoi":{"type":"Feature","geometry":{"type":"Polygon","coordinates":[[[141.742918,43.022053],[141.718747,42.993338],[141.704977,43.098218],[141.70547,43.098099],[141.742415,43.068148],[141.742918,43.022053]]]},"properties":{}},"extra":true},
    {"code":9911509,"id":"0c5005","name":"中央農試前","original_name":"中央農試前","name_kana":"ちゅうおうのうしまえ","closed":true,"lat":43.063056,"lng":141.759056,"prefecture":1,"lines":[99115],"postal_code":"069-1317","address":"北海道夕張郡長沼町東５線北１７","open_date":"1969-05-01","closed_date":"1974-10-01","voronoi":{"type":"Feature","geometry":{"type":"Polygon","coordinates":[[[141.776109,43.090306],[141.742415,43.068148],[141.742918,43.022053],[141.758333,43.030181],[141.776109,43.090306]]]},"properties":{}},"extra":true},
    {"code":1110510,"id":"f048cb","name":"栗山","original_name":"栗山","name_kana":"くりやま","closed":false,"lat":43.058164,"lng":141.775603,"prefecture":1,"lines":[11105,99115],"attr":"eco","postal_code":"069-1511","address":"夕張郡栗山町中央３丁目","voronoi":{"type":"Feature","geometry":{"type":"Polygon","coordinates":[[[141.787555,43.036708],[141.758333,43.030181],[141.776109,43.090306],[141.792937,43.109595],[141.793866,43.110131],[141.828441,43.098389],[141.787555,43.036708]]]},"properties":{}},"extra":false},
    {"code":9911511,"id":"e1ddd2","name":"角田(北海道)","original_name":"角田","name_kana":"かくた","closed":true,"lat":43.034056,"lng":141.811972,"prefecture":1,"lines":[99115],"postal_code":"069-1524","address":"北海道夕張郡栗山町角田１２５","open_date":"1926-10-14","closed_date":"1971-11-15","voronoi":{"type":"Feature","geometry":{"type":"Polygon","coordinates":[[[141.851708,43.09251],[141.851974,43.0853],[141.827236,42.997227],[141.818317,42.999957],[141.787555,43.036708],[141.828441,43.098389],[141.839663,43.098471],[141.851708,43.09251]]]},"properties":{}},"extra":true},
    {"code":9911512,"id":"652b40","name":"継立","original_name":"継立","name_kana":"つぎたて","closed":true,"lat":43.020722,"lng":141.859444,"prefecture":1,"lines":[99115],"postal_code":"068-0353","address":"北海道夕張郡栗山町字継立２５０","open_date":"1926-10-14","closed_date":"1975-04-01","voronoi":{"type":"Feature","geometry":{"type":"Polygon","coordinates":[[[141.857922,42.961321],[141.845465,42.970976],[141.827236,42.997227],[141.851974,43.0853],[141.901601,42.975886],[141.857922,42.961321]]]},"properties":{}},"extra":true},
    {"code":9911513,"id":"b28e24","name":"新二岐","original_name":"新二岐","name_kana":"しんふたまた","closed":true,"lat":43.037139,"lng":141.895639,"prefecture":1,"lines":[99115],"postal_code":"068-0354","address":"北海道夕張郡栗山町字日出１１６−２","open_date":"1926-10-14","closed_date":"1975-04-01","voronoi":{"type":"Feature","geometry":{"type":"Polygon","coordinates":[[[141.929675,43.049695],[141.924426,43.08118],[141.921274,43.0976],[141.899154,43.100864],[141.851708,43.09251],[141.851974,43.0853],[141.901601,42.975886],[141.902746,42.975878],[141.929981,43.040572],[141.929675,43.049695]]]},"properties":{}},"extra":true},
    {"code":9911514,"id":"808105","name":"錦沢","original_name":"錦沢","name_kana":"にしきざわ","closed":true,"lat":43.013611,"lng":141.951528,"prefecture":1,"lines":[99115],"postal_code":"068-0426","address":"北海道夕張市富野","open_date":"1926-10-14","closed_date":"1975-04-01","voronoi":{"type":"Feature","geometry":{"type":"Polygon","coordinates":[[[141.902746,42.975878],[141.93791,42.955703],[141.959175,42.960795],[141.971274,42.984306],[141.970312,42.989737],[141.961083,43.021253],[141.949107,43.030987],[141.929981,43.040572],[141.902746,42.975878]]]},"properties":{}},"extra":true},
    {"code":9911515,"id":"09c5be","name":"平和(夕張鉄道)","original_name":"平和","name_kana":"へいわ","closed":true,"lat":43.019972,"lng":141.97325,"prefecture":1,"lines":[99115],"postal_code":"068-0424","address":"北海道夕張市千代田１３−１","open_date":"1938-08-01","closed_date":"1975-04-01","voronoi":{"type":"Feature","geometry":{"type":"Polygon","coordinates":[[[141.973546,43.02251],[141.963688,43.022671],[141.961083,43.021253],[141.970312,42.989737],[141.976628,43.019902],[141.973546,43.02251]]]},"properties":{}},"extra":true},
    {"code":9911516,"id":"966eef","name":"礦業所前","original_name":"礦業所前","name_kana":"こうぎょうしょまえ","closed":true,"lat":43.018611,"lng":141.97975,"prefecture":1,"lines":[99115],"postal_code":"068-0423","address":"北海道夕張市平和１","open_date":"1952-04-25","closed_date":"1971-11-15","voronoi":{"type":"Feature","geometry":{"type":"Polygon","coordinates":[[[141.970312,42.989737],[141.971274,42.984306],[141.982172,42.993082],[142.015219,43.037818],[142.016244,43.044723],[142.004501,43.042571],[141.976628,43.019902],[141.970312,42.989737]]]},"properties":{}},"extra":true},
    {"code":9911517,"id":"65db02","name":"夕製前","original_name":"夕製前","name_kana":"ゆうせいまえ","closed":true,"lat":43.023222,"lng":141.976,"prefecture":1,"lines":[99115],"postal_code":"068-0422","address":"北海道夕張市日吉５−４","open_date":"1962-09-01","closed_date":"1971-11-15","voronoi":{"type":"Feature","geometry":{"type":"Polygon","coordinates":[[[141.973546,43.02251],[141.976628,43.019902],[142.004501,43.042571],[141.986139,43.040823],[141.973546,43.02251]]]},"properties":{}},"extra":true},
    {"code":9911518,"id":"9ac95b","name":"若菜","original_name":"若菜","name_kana":"わかな","closed":true,"lat":43.025056,"lng":141.973333,"prefecture":1,"lines":[99115],"postal_code":"068-0425","address":"北海道夕張市若菜１０−１","open_date":"1926-10-14","voronoi":{"type":"Feature","geometry":{"type":"Polygon","coordinates":[[[141.982837,43.040773],[141.963688,43.022671],[141.973546,43.02251],[141.986139,43.040823],[141.982837,43.040773]]]},"properties":{}},"extra":true},
    {"code":9911519,"id":"c5d0e8","name":"営林署前","original_name":"営林署前","name_kana":"えいりんしょまえ","closed":true,"lat":43.032167,"lng":141.966611,"prefecture":1,"lines":[99115],"postal_code":"068-0421","address":"北海道夕張市常盤１−２","open_date":"1956-08-11","closed_date":"1971-11-15","voronoi":{"type":"Feature","geometry":{"type":"Polygon","coordinates":[[[141.961083,43.021253],[141.949107,43.030987],[141.982645,43.040822],[141.982837,43.040773],[141.963688,43.022671],[141.961083,43.021253]]]},"properties":{}},"extra":true},
    {"code":1111011,"id":"80c9ef","name":"鹿ノ谷","original_name":"鹿ノ谷","name_kana":"しかのたに","closed":true,"lat":43.039447,"lng":141.964476,"prefecture":1,"lines":[11110,99115],"attr":"unknown","postal_code":"068-0413","address":"夕張市鹿の谷３丁目","closed_date":"2019-04-01","voronoi":{"type":"Feature","geometry":{"type":"Polygon","coordinates":[[[141.949107,43.030987],[141.929981,43.040572],[141.929675,43.049695],[141.976936,43.042326],[141.982592,43.040849],[141.982645,43.040822],[141.949107,43.030987]]]},"properties":{}},"extra":false},
    {"code":9911521,"id":"12b944","name":"末広(北海道)","original_name":"末広","name_kana":"すえひろ","closed":true,"lat":43.048861,"lng":141.965944,"prefecture":1,"lines":[99115],"postal_code":"068-0411","address":"北海道夕張市末広１丁目６７−１","open_date":"1956-08-11","closed_date":"1971-11-15","voronoi":{"type":"Feature","geometry":{"type":"Polygon","coordinates":[[[141.976936,43.042326],[141.924426,43.08118],[141.929675,43.049695],[141.976936,43.042326]]]},"properties":{}},"extra":true},
    {"code":9911522,"id":"5174ec","name":"夕張本町","original_name":"夕張本町","name_kana":"ゆうばりほんちょう","closed":true,"lat":43.056194,"lng":141.972861,"prefecture":1,"lines":[99115],"postal_code":"068-0403","address":"北海道夕張市本町４丁目１","open_date":"1926-10-14","closed_date":"1971-11-15","voronoi":{"type":"Feature","geometry":{"type":"Polygon","coordinates":[[[141.982837,43.040773],[141.986139,43.040823],[142.004501,43.042571],[142.016244,43.044723],[142.035612,43.073833],[142.032596,43.084627],[141.940132,43.105124],[141.936232,43.10553],[141.925261,43.099497],[141.982592,43.040849],[141.982645,43.040822],[141.982837,43.040773]]]},"properties":{}},"extra":true}
  ],
  "closed_date":"1975-04-01",
  "extra":true
}