{
  "code":99114,
  "id":"323c43",
  "name":"北海道拓殖鉄道",
  "name_kana":"ほっかいどうたくしょくてつどう",
  "name_formal":"北海道拓殖鉄道",
  "station_size":15,
  "closed":true,
  "station_list":[
    {"code":1110618,"id":"3ff7e5","name":"新得","original_name":"新得","name_kana":"しんとく","closed":false,"lat":43.082501,"lng":142.832432,"prefecture":1,"lines":[11107,11110,99114],"attr":"cool","postal_code":"081-0005","address":"上川郡新得町本通北１丁目","voronoi":{"type":"Feature","geometry":{"type":"Polygon","coordinates":[[[142.860189,43.088217],[142.73088,43.027444],[142.816875,43.357504],[142.865865,43.103328],[142.860189,43.088217]]]},"properties":{}},"extra":false},
    {"code":9911402,"id":"65c07b","name":"南新得","original_name":"南新得","name_kana":"みなみしんとく","closed":true,"lat":43.070494,"lng":142.838075,"prefecture":1,"lines":[99114],"postal_code":"081-0038","address":"北海道上川郡新得町字新得","open_date":"1928-12-15","closed_date":"1968-10-01","voronoi":{"type":"Feature","geometry":{"type":"Polygon","coordinates":[[[142.854011,43.038243],[142.860189,43.088217],[142.73088,43.027444],[142.727478,43.016909],[142.731757,42.950248],[142.854011,43.038243]]]},"properties":{}},"extra":true},
    {"code":9911403,"id":"44e227","name":"佐幌","original_name":"佐幌","name_kana":"さほろ","closed":true,"lat":43.065642,"lng":142.877322,"prefecture":1,"lines":[99114],"postal_code":"089-0102","address":"北海道上川郡清水町字下佐幌","open_date":"1932-11-15","closed_date":"1968-10-01","voronoi":{"type":"Feature","geometry":{"type":"Polygon","coordinates":[[[142.920854,43.041047],[142.854011,43.038243],[142.860189,43.088217],[142.865865,43.103328],[142.914347,43.06029],[142.920854,43.041047]]]},"properties":{}},"extra":true},
    {"code":9911404,"id":"9bf4c2","name":"屈足","original_name":"屈足","name_kana":"くったり","closed":true,"lat":43.096419,"lng":142.904643,"prefecture":1,"lines":[99114],"postal_code":"081-0155","address":"北海道上川郡新得町屈足幸町４丁目","open_date":"1928-12-15","closed_date":"1968-10-01","voronoi":{"type":"Feature","geometry":{"type":"Polygon","coordinates":[[[142.938855,43.153792],[142.936723,43.159775],[142.882783,43.275542],[142.820257,43.385325],[142.816875,43.357504],[142.865865,43.103328],[142.914347,43.06029],[142.938855,43.153792]]]},"properties":{}},"extra":true},
    {"code":9911405,"id":"6318a5","name":"熊牛","original_name":"熊牛","name_kana":"くまうし","closed":true,"lat":43.087014,"lng":142.940525,"prefecture":1,"lines":[99114],"postal_code":"089-0241","address":"北海道上川郡清水町字熊牛","closed_date":"1968-10-01","voronoi":{"type":"Feature","geometry":{"type":"Polygon","coordinates":[[[142.914347,43.06029],[142.920854,43.041047],[142.939956,43.025329],[142.958708,43.116818],[142.955263,43.130986],[142.938855,43.153792],[142.914347,43.06029]]]},"properties":{}},"extra":true},
    {"code":9911406,"id":"21d6aa","name":"新幌内","original_name":"新幌内","name_kana":"しんほろない","closed":true,"lat":43.082264,"lng":142.9637,"prefecture":1,"lines":[99114],"postal_code":"081-0227","address":"北海道河東郡鹿追町幌内西２２線２４","open_date":"1932-11-15","closed_date":"1968-10-01","voronoi":{"type":"Feature","geometry":{"type":"Polygon","coordinates":[[[142.939956,43.025329],[142.950055,43.013076],[142.953172,43.011651],[143.013197,42.999649],[143.02504,43.005439],[143.030135,43.008787],[142.958708,43.116818],[142.939956,43.025329]]]},"properties":{}},"extra":true},
    {"code":9911407,"id":"1059fa","name":"中鹿追","original_name":"中鹿追","name_kana":"なかしかおい","closed":true,"lat":43.098692,"lng":142.988547,"prefecture":1,"lines":[99114],"postal_code":"081-0222","address":"北海道河東郡鹿追町東町１丁目１５−１","closed_date":"1968-10-01","voronoi":{"type":"Feature","geometry":{"type":"Polygon","coordinates":[[[143.030135,43.008787],[142.958708,43.116818],[142.955263,43.130986],[142.957354,43.130139],[143.077664,43.03317],[143.076916,43.030276],[143.030135,43.008787]]]},"properties":{}},"extra":true},
    {"code":9911408,"id":"84212c","name":"鹿追","original_name":"鹿追","name_kana":"しかおい","closed":true,"lat":43.106336,"lng":142.994708,"prefecture":1,"lines":[99114],"postal_code":"081-0201","address":"北海道河東郡鹿追町新町３丁目５７","open_date":"1928-12-15","closed_date":"1968-10-01","voronoi":{"type":"Feature","geometry":{"type":"Polygon","coordinates":[[[143.087152,43.064167],[143.082834,43.07277],[143.063484,43.100293],[142.957354,43.130139],[143.077664,43.03317],[143.087152,43.064167]]]},"properties":{}},"extra":true},
    {"code":9911409,"id":"789af5","name":"北笹川","original_name":"北笹川","name_kana":"きたささかわ","closed":true,"lat":43.130983,"lng":143.001639,"prefecture":1,"lines":[99114],"postal_code":"081-0204","address":"北海道河東郡鹿追町笹川北９線９−１８","open_date":"1936-12-15","voronoi":{"type":"Feature","geometry":{"type":"Polygon","coordinates":[[[142.955263,43.130986],[142.957354,43.130139],[143.063484,43.100293],[143.054817,43.11938],[143.052707,43.120856],[142.936723,43.159775],[142.938855,43.153792],[142.955263,43.130986]]]},"properties":{}},"extra":true},
    {"code":9911410,"id":"45ce0f","name":"自衛隊前(北海道拓殖鉄道)","original_name":"自衛隊前","name_kana":"じえいたいまえ","closed":true,"lat":43.143583,"lng":143.005867,"prefecture":1,"lines":[99114],"postal_code":"081-0204","address":"北海道河東郡鹿追町笹川","closed_date":"1968-10-01","voronoi":{"type":"Feature","geometry":{"type":"Polygon","coordinates":[[[142.882783,43.275542],[142.936723,43.159775],[143.052707,43.120856],[142.882783,43.275542]]]},"properties":{}},"extra":true},
    {"code":9911411,"id":"be7f14","name":"瓜幕","original_name":"瓜幕","name_kana":"うりまく","closed":true,"lat":43.165361,"lng":143.025692,"prefecture":1,"lines":[99114],"postal_code":"081-0342","address":"北海道河東郡鹿追町瓜幕東１丁目２７","open_date":"1929-11-26","closed_date":"1968-10-01","voronoi":{"type":"Feature","geometry":{"type":"Polygon","coordinates":[[[143.052707,43.120856],[143.054817,43.11938],[143.048675,43.320047],[143.040352,43.327229],[142.815785,43.424888],[142.820257,43.385325],[142.882783,43.275542],[143.052707,43.120856]]]},"properties":{}},"extra":true},
    {"code":9911412,"id":"db7d13","name":"中瓜幕","original_name":"中瓜幕","name_kana":"なかうりまく","closed":true,"lat":43.167056,"lng":143.081075,"prefecture":1,"lines":[99114],"postal_code":"081-0346","address":"北海道河東郡鹿追町東瓜幕西１９線","open_date":"1932-11-15","closed_date":"1967-10-01","voronoi":{"type":"Feature","geometry":{"type":"Polygon","coordinates":[[[143.063484,43.100293],[143.082834,43.07277],[143.110184,43.283687],[143.048675,43.320047],[143.054817,43.11938],[143.063484,43.100293]]]},"properties":{}},"extra":true},
    {"code":9911413,"id":"dce1cc","name":"東瓜幕","original_name":"東瓜幕","name_kana":"ひがしうりまく","closed":true,"lat":43.163489,"lng":143.108583,"prefecture":1,"lines":[99114],"postal_code":"081-0346","address":"北海道河東郡鹿追町東瓜幕","open_date":"1929-11-26","closed_date":"1967-10-01","voronoi":{"type":"Feature","geometry":{"type":"Polygon","coordinates":[[[143.087152,43.064167],[143.082834,43.07277],[143.110184,43.283687],[143.142844,43.26917],[143.166342,43.128981],[143.165849,43.127126],[143.1586,43.11444],[143.152681,43.108619],[143.087152,43.064167]]]},"properties":{}},"extra":true},
    {"code":9911414,"id":"e17b39","name":"中音更","original_name":"中音更","name_kana":"なかおとふけ","closed":true,"lat":43.180436,"lng":143.209692,"prefecture":1,"lines":[99114],"postal_code":"080-1273","address":"北海道河東郡士幌町字中音更","open_date":"1929-11-26","closed_date":"1949-09-01","voronoi":{"type":"Feature","geometry":{"type":"Polygon","coordinates":[[[143.222503,43.248498],[143.238466,43.191393],[143.220834,43.154967],[143.166342,43.128981],[143.142844,43.26917],[143.207232,43.273124],[143.222503,43.248498]]]},"properties":{}},"extra":true},
    {"code":1010710,"id":"eb8854","name":"上士幌","original_name":"上士幌","name_kana":"かみしほろ","closed":true,"lat":43.229722,"lng":143.289167,"prefecture":1,"lines":[10107,99114],"postal_code":"080-1408","address":"北海道河東郡上士幌町字上士幌東２線２３４−４","open_date":"1926-07-10","closed_date":"1987-03-23","voronoi":{"type":"Feature","geometry":{"type":"Polygon","coordinates":[[[143.210391,43.275239],[143.207232,43.273124],[143.222503,43.248498],[143.389405,43.144537],[143.419916,43.181081],[143.420889,43.182708],[143.419121,43.213881],[143.216041,43.27695],[143.210391,43.275239]]]},"properties":{}},"extra":true}
  ],
  "closed_date":"1968-10-01",
  "extra":true
}