{
  "code":99119,
  "id":"71ce29",
  "name":"雄別鉄道",
  "name_kana":"ゆうべつてつどう",
  "name_formal":"雄別鉄道",
  "station_size":14,
  "closed":true,
  "station_list":[
    {"code":1110731,"id":"936c69","name":"釧路","original_name":"釧路","name_kana":"くしろ","closed":false,"lat":42.990584,"lng":144.381983,"prefecture":1,"lines":[11107,11108,11117,99119],"attr":"eco","postal_code":"085-0015","address":"釧路市北大通１４丁目","voronoi":{"type":"Feature","geometry":{"type":"Polygon","coordinates":[[[144.367888,43.000393],[144.291969,42.785297],[144.288533,42.769537],[144.274941,42.690088],[144.277417,42.607862],[144.284377,42.486361],[144.307103,42.284933],[144.356992,42.088681],[144.423729,41.879453],[144.40615,42.886818],[144.387753,42.997843],[144.37203,43.003038],[144.367888,43.000393]]]},"properties":{}},"extra":false},
    {"code":9911902,"id":"400b8f","name":"新釧路","original_name":"新釧路","name_kana":"しんくしろ","closed":true,"lat":42.992833,"lng":144.395556,"prefecture":1,"lines":[99119],"postal_code":"085-0002","address":"北海道釧路市新釧路町８-８","open_date":"1923-01-17","closed_date":"1970-04-16","voronoi":{"type":"Feature","geometry":{"type":"Polygon","coordinates":[[[144.409354,42.954722],[144.40615,42.886818],[144.387753,42.997843],[144.401664,43.005747],[144.409354,42.954722]]]},"properties":{}},"extra":true},
    {"code":9911903,"id":"a21fab","name":"中園","original_name":"中園","name_kana":"なかぞの","closed":true,"lat":43.007111,"lng":144.387444,"prefecture":1,"lines":[99119],"postal_code":"085-0052","address":"北海道釧路市中園町１９-７","open_date":"1960-03-01","closed_date":"1970-04-16","voronoi":{"type":"Feature","geometry":{"type":"Polygon","coordinates":[[[144.37203,43.003038],[144.400143,43.065157],[144.401913,43.064015],[144.417342,43.037174],[144.401664,43.005747],[144.387753,42.997843],[144.37203,43.003038]]]},"properties":{}},"extra":true},
    {"code":9911904,"id":"e8c448","name":"雄鉄昭和","original_name":"雄鉄昭和","name_kana":"ゆうてつしょうわ","closed":true,"lat":43.017306,"lng":144.364917,"prefecture":1,"lines":[99119],"postal_code":"084-0903","address":"北海道釧路市昭和町３丁目１７-５","open_date":"1968-01-20","closed_date":"1970-04-16","voronoi":{"type":"Feature","geometry":{"type":"Polygon","coordinates":[[[144.400143,43.065157],[144.370621,43.094517],[144.367242,43.085309],[144.354244,43.012696],[144.367888,43.000393],[144.37203,43.003038],[144.400143,43.065157]]]},"properties":{}},"extra":true},
    {"code":9911905,"id":"2ea5c8","name":"北園","original_name":"北園","name_kana":"きたぞの","closed":true,"lat":43.020722,"lng":144.345833,"prefecture":1,"lines":[99119],"postal_code":"084-0909","address":"北海道釧路市昭和南５丁目３","closed_date":"1970-04-16","voronoi":{"type":"Feature","geometry":{"type":"Polygon","coordinates":[[[144.323851,43.004866],[144.354244,43.012696],[144.367242,43.085309],[144.323851,43.004866]]]},"properties":{}},"extra":true},
    {"code":9911906,"id":"66d0b9","name":"鶴野","original_name":"鶴野","name_kana":"つるの","closed":true,"lat":43.031944,"lng":144.325028,"prefecture":1,"lines":[99119],"postal_code":"084-0924","address":"北海道釧路市鶴野","open_date":"1968-01-20","closed_date":"1970-04-16","voronoi":{"type":"Feature","geometry":{"type":"Polygon","coordinates":[[[144.322959,43.004109],[144.297577,43.037323],[144.356882,43.119068],[144.370621,43.094517],[144.367242,43.085309],[144.323851,43.004866],[144.322959,43.004109]]]},"properties":{}},"extra":true},
    {"code":9911907,"id":"582865","name":"北斗","original_name":"北斗","name_kana":"ほくと","closed":true,"lat":43.06175,"lng":144.283944,"prefecture":1,"lines":[99119],"postal_code":"084-0922","address":"北海道釧路市北斗１８６−２","open_date":"1923-01-17","closed_date":"1970-04-16","voronoi":{"type":"Feature","geometry":{"type":"Polygon","coordinates":[[[144.297577,43.037323],[144.284319,43.034381],[144.251158,43.040717],[144.31758,43.251421],[144.33013,43.231762],[144.356882,43.119068],[144.297577,43.037323]]]},"properties":{}},"extra":true},
    {"code":9911908,"id":"ce0661","name":"山花","original_name":"山花","name_kana":"やまはな","closed":true,"lat":43.07675,"lng":144.236361,"prefecture":1,"lines":[99119],"postal_code":"084-0928","address":"北海道釧路市山花１３５−８","open_date":"1926-10-20","closed_date":"1970-04-16","voronoi":{"type":"Feature","geometry":{"type":"Polygon","coordinates":[[[144.223303,43.201933],[144.19396,43.029461],[144.207768,43.016662],[144.251158,43.040717],[144.31758,43.251421],[144.294636,43.300372],[144.223303,43.201933]]]},"properties":{}},"extra":true},
    {"code":9911909,"id":"b11f73","name":"桜田","original_name":"桜田","name_kana":"さくらだ","closed":true,"lat":43.088111,"lng":144.169583,"prefecture":1,"lines":[99119],"postal_code":"085-0251","address":"北海道釧路市桜田１３−７７−４","open_date":"1925-09-20","closed_date":"1970-04-16","voronoi":{"type":"Feature","geometry":{"type":"Polygon","coordinates":[[[144.19396,43.029461],[144.116213,43.044016],[144.112752,43.045245],[144.205327,43.187654],[144.223303,43.201933],[144.19396,43.029461]]]},"properties":{}},"extra":true},
    {"code":9911910,"id":"eaf39d","name":"阿寒","original_name":"阿寒","name_kana":"あかん","closed":true,"lat":43.114583,"lng":144.128861,"prefecture":1,"lines":[99119],"postal_code":"085-0218","address":"北海道釧路市阿寒町新町２丁目５","open_date":"1923-01-17","closed_date":"1970-04-16","voronoi":{"type":"Feature","geometry":{"type":"Polygon","coordinates":[[[144.099531,43.045153],[144.112752,43.045245],[144.205327,43.187654],[144.047378,43.113373],[144.086651,43.056147],[144.091098,43.051252],[144.099531,43.045153]]]},"properties":{}},"extra":true},
    {"code":9911911,"id":"bdc708","name":"古潭","original_name":"古潭","name_kana":"こたん","closed":true,"lat":43.175361,"lng":144.100278,"prefecture":1,"lines":[99119],"postal_code":"085-0222","address":"北海道釧路市阿寒町布伏内２２線北４１−２４","open_date":"1923-06-14","closed_date":"1970-04-16","voronoi":{"type":"Feature","geometry":{"type":"Polygon","coordinates":[[[144.293457,43.318163],[144.288366,43.324098],[144.072546,43.161186],[144.036549,43.119932],[144.047378,43.113373],[144.205327,43.187654],[144.223303,43.201933],[144.294636,43.300372],[144.293457,43.318163]]]},"properties":{}},"extra":true},
    {"code":9911912,"id":"e92d9d","name":"新雄別","original_name":"新雄別","name_kana":"しんゆうべつ","closed":true,"lat":43.183972,"lng":144.093778,"prefecture":1,"lines":[99119],"postal_code":"085-0222","address":"北海道釧路市阿寒町布伏内２２線北５７−１３","open_date":"1953-04-11","closed_date":"1970-04-16","voronoi":{"type":"Feature","geometry":{"type":"Polygon","coordinates":[[[144.103627,43.212644],[144.072546,43.161186],[144.288366,43.324098],[144.280417,43.333797],[144.103627,43.212644]]]},"properties":{}},"extra":true},
    {"code":9911913,"id":"8faa46","name":"真澄町","original_name":"真澄町","name_kana":"ますみちょう","closed":true,"lat":43.190583,"lng":144.082833,"prefecture":1,"lines":[99119],"postal_code":"085-0222","address":"北海道釧路市阿寒町布伏内２２線北７５−３","open_date":"1956-09-01","closed_date":"1970-04-16","voronoi":{"type":"Feature","geometry":{"type":"Polygon","coordinates":[[[144.036549,43.119932],[144.072546,43.161186],[144.103627,43.212644],[143.991044,43.166589],[144.034648,43.120752],[144.036549,43.119932]]]},"properties":{}},"extra":true},
    {"code":9911914,"id":"29351d","name":"雄別炭山","original_name":"雄別炭山","name_kana":"ゆうべつたんざん","closed":true,"lat":43.213806,"lng":144.073333,"prefecture":1,"lines":[99119],"postal_code":"085-0000","address":"北海道釧路市阿寒町雄別２２線１０８−２２","open_date":"1923-01-17","closed_date":"1970-04-16","voronoi":{"type":"Feature","geometry":{"type":"Polygon","coordinates":[[[144.103627,43.212644],[143.991044,43.166589],[143.990643,43.166911],[143.934133,43.353333],[144.212193,43.430755],[144.213477,43.429385],[144.280417,43.333797],[144.103627,43.212644]]]},"properties":{}},"extra":true}
  ],
  "closed_date":"1970-04-16",
  "extra":true
}