{
  "code":99209,
  "id":"a67173",
  "name":"秋田内陸縦貫鉄道",
  "name_kana":"あきたないりくじゅうかんてつどう",
  "name_formal":"秋田内陸縦貫鉄道秋田内陸線",
  "station_size":29,
  "company_code":110,
  "closed":false,
  "station_list":[
    {"code":1120246,"id":"c8613d","name":"鷹ノ巣(鷹巣)","original_name":"鷹ノ巣(鷹巣)","name_kana":"たかのす","closed":false,"lat":40.232059,"lng":140.369816,"prefecture":5,"lines":[11202,99209,10207],"attr":"cool","postal_code":"018-3321","address":"北秋田市松葉町","voronoi":{"type":"Feature","geometry":{"type":"Polygon","coordinates":[[[140.379553,40.203266],[140.408264,40.18142],[140.424317,40.181986],[140.297383,40.368775],[140.317174,40.302967],[140.379553,40.203266]]]},"properties":{}},"extra":false},
    {"code":9920902,"id":"6023db","name":"西鷹巣","original_name":"西鷹巣","name_kana":"にしたかのす","closed":false,"lat":40.224615,"lng":140.357918,"prefecture":5,"lines":[99209],"attr":"eco","postal_code":"018-3331","address":"北秋田市鷹巣","open_date":"1989-04-01","voronoi":{"type":"Feature","geometry":{"type":"Polygon","coordinates":[[[140.379553,40.203266],[140.317174,40.302967],[140.334369,40.223307],[140.379553,40.203266]]]},"properties":{}},"extra":false},
    {"code":9920903,"id":"1b8f2d","name":"縄文小ヶ田","original_name":"縄文小ヶ田","name_kana":"じょうもんおがた","closed":false,"lat":40.204973,"lng":140.349206,"prefecture":5,"lines":[99209,10207],"attr":"eco","postal_code":"018-3454","address":"秋田県北秋田市脇神字小ヶ田","open_date":"1963-12-10","voronoi":{"type":"Feature","geometry":{"type":"Polygon","coordinates":[[[140.408264,40.18142],[140.379553,40.203266],[140.334369,40.223307],[140.329074,40.203429],[140.387763,40.175943],[140.39099,40.175959],[140.408264,40.18142]]]},"properties":{}},"extra":false},
    {"code":9920904,"id":"b64929","name":"大野台","original_name":"大野台","name_kana":"おおのだい","closed":false,"lat":40.186975,"lng":140.340777,"prefecture":5,"lines":[99209,10207],"attr":"eco","postal_code":"018-4231","address":"北秋田市上杉","open_date":"1965-04-20","voronoi":{"type":"Feature","geometry":{"type":"Polygon","coordinates":[[[140.350392,40.167887],[140.310339,40.184298],[140.329074,40.203429],[140.387763,40.175943],[140.350392,40.167887]]]},"properties":{}},"extra":false},
    {"code":9920905,"id":"383db2","name":"合川","original_name":"合川","name_kana":"あいかわ","closed":false,"lat":40.161033,"lng":140.330148,"prefecture":5,"lines":[99209,10207],"attr":"eco","postal_code":"018-4221","address":"北秋田市下杉","open_date":"1934-12-10","voronoi":{"type":"Feature","geometry":{"type":"Polygon","coordinates":[[[140.248607,40.032077],[140.245966,40.030603],[140.235513,40.040892],[140.220646,40.072503],[140.275271,40.172704],[140.310339,40.184298],[140.350392,40.167887],[140.248607,40.032077]]]},"properties":{}},"extra":false},
    {"code":9920906,"id":"3bf4a7","name":"上杉","original_name":"上杉","name_kana":"かみすぎ","closed":false,"lat":40.146533,"lng":140.349495,"prefecture":5,"lines":[99209,10207],"attr":"eco","postal_code":"018-4231","address":"北秋田市上杉","open_date":"1965-11-21","voronoi":{"type":"Feature","geometry":{"type":"Polygon","coordinates":[[[140.299846,40.056737],[140.39099,40.175959],[140.387763,40.175943],[140.350392,40.167887],[140.248607,40.032077],[140.287094,40.049722],[140.299846,40.056737]]]},"properties":{}},"extra":false},
    {"code":9920907,"id":"e68df1","name":"米内沢","original_name":"米内沢","name_kana":"よないざわ","closed":false,"lat":40.128199,"lng":140.373477,"prefecture":5,"lines":[99209,10207],"attr":"eco","postal_code":"018-4301","address":"北秋田市米内沢","open_date":"1934-12-10","voronoi":{"type":"Feature","geometry":{"type":"Polygon","coordinates":[[[140.434595,40.179949],[140.378255,40.085832],[140.299846,40.056737],[140.39099,40.175959],[140.408264,40.18142],[140.424317,40.181986],[140.434595,40.179949]]]},"properties":{}},"extra":false},
    {"code":9920908,"id":"2872e1","name":"桂瀬","original_name":"桂瀬","name_kana":"かつらせ","closed":false,"lat":40.101634,"lng":140.417854,"prefecture":5,"lines":[99209,10207],"attr":"eco","postal_code":"018-4516","address":"北秋田市桂瀬","open_date":"1935-11-15","voronoi":{"type":"Feature","geometry":{"type":"Polygon","coordinates":[[[140.378255,40.085832],[140.434595,40.179949],[140.454638,40.182635],[140.482069,40.17783],[140.486629,40.175775],[140.56482,40.081029],[140.392259,40.081556],[140.378255,40.085832]]]},"properties":{}},"extra":false},
    {"code":9920909,"id":"7a79c8","name":"阿仁前田温泉","original_name":"阿仁前田温泉","name_kana":"あにまえだおんせん","closed":false,"lat":40.061322,"lng":140.417731,"prefecture":5,"lines":[99209,10207],"attr":"eco","postal_code":"018-4513","address":"北秋田市小又","open_date":"1935-11-15","voronoi":{"type":"Feature","geometry":{"type":"Polygon","coordinates":[[[140.392259,40.081556],[140.56482,40.081029],[140.565652,40.080263],[140.575464,40.065593],[140.493196,40.008701],[140.458664,40.017938],[140.420382,40.040988],[140.392259,40.081556]]]},"properties":{}},"extra":false},
    {"code":9920910,"id":"a553fc","name":"前田南","original_name":"前田南","name_kana":"まえだみなみ","closed":false,"lat":40.050604,"lng":140.40227,"prefecture":5,"lines":[99209,10207],"attr":"eco","postal_code":"018-4514","address":"北秋田市五味堀","open_date":"1963-12-10","voronoi":{"type":"Feature","geometry":{"type":"Polygon","coordinates":[[[140.287094,40.049722],[140.299846,40.056737],[140.378255,40.085832],[140.392259,40.081556],[140.420382,40.040988],[140.287094,40.049722]]]},"properties":{}},"extra":false},
    {"code":9920911,"id":"d37f3b","name":"小渕","original_name":"小渕","name_kana":"こぶち","closed":false,"lat":40.033817,"lng":140.40117,"prefecture":5,"lines":[99209,10207],"attr":"eco","postal_code":"018-4602","address":"北秋田市阿仁小渕","open_date":"1936-09-25","voronoi":{"type":"Feature","geometry":{"type":"Polygon","coordinates":[[[140.420382,40.040988],[140.458664,40.017938],[140.250681,40.015621],[140.245966,40.030603],[140.248607,40.032077],[140.287094,40.049722],[140.420382,40.040988]]]},"properties":{}},"extra":false},
    {"code":9920912,"id":"8ab524","name":"阿仁合","original_name":"阿仁合","name_kana":"あにあい","closed":false,"lat":40.000782,"lng":140.401538,"prefecture":5,"lines":[99209,10207],"attr":"eco","postal_code":"018-4613","address":"北秋田市阿仁銀山","open_date":"1936-09-25","voronoi":{"type":"Feature","geometry":{"type":"Polygon","coordinates":[[[140.493196,40.008701],[140.458664,40.017938],[140.250681,40.015621],[140.25699,39.983791],[140.458664,39.993028],[140.487346,40.000476],[140.493196,40.008701]]]},"properties":{}},"extra":false},
    {"code":9920913,"id":"3069c8","name":"荒瀬","original_name":"荒瀬","name_kana":"あらせ","closed":false,"lat":39.980085,"lng":140.402486,"prefecture":5,"lines":[99209,10207],"attr":"eco","postal_code":"018-4621","address":"北秋田市阿仁荒瀬","open_date":"1963-10-15","voronoi":{"type":"Feature","geometry":{"type":"Polygon","coordinates":[[[140.25699,39.983791],[140.264486,39.923863],[140.35629,39.945489],[140.458664,39.993028],[140.25699,39.983791]]]},"properties":{}},"extra":false},
    {"code":9920914,"id":"6aad41","name":"萱草","original_name":"萱草","name_kana":"かやくさ","closed":false,"lat":39.95846,"lng":140.412528,"prefecture":5,"lines":[99209,10207],"attr":"eco","postal_code":"018-4745","address":"北秋田市阿仁萱草","open_date":"1963-10-15","voronoi":{"type":"Feature","geometry":{"type":"Polygon","coordinates":[[[140.437026,39.94737],[140.35629,39.945489],[140.458664,39.993028],[140.487346,40.000476],[140.481588,39.985205],[140.467594,39.962247],[140.437026,39.94737]]]},"properties":{}},"extra":false},
    {"code":9920915,"id":"bfa46b","name":"笑内","original_name":"笑内","name_kana":"おかしない","closed":false,"lat":39.935151,"lng":140.413071,"prefecture":5,"lines":[99209,10207],"attr":"eco","postal_code":"018-4743","address":"北秋田市阿仁笑内","open_date":"1963-10-15","voronoi":{"type":"Feature","geometry":{"type":"Polygon","coordinates":[[[140.261909,39.841011],[140.326653,39.807901],[140.437026,39.94737],[140.35629,39.945489],[140.264486,39.923863],[140.261909,39.841011]]]},"properties":{}},"extra":false},
    {"code":9920916,"id":"f93e17","name":"岩野目","original_name":"岩野目","name_kana":"いわのめ","closed":false,"lat":39.921248,"lng":140.430639,"prefecture":5,"lines":[99209,10207],"attr":"eco","postal_code":"018-4742","address":"北秋田市阿仁幸屋渡","open_date":"1963-10-15","voronoi":{"type":"Feature","geometry":{"type":"Polygon","coordinates":[[[140.437026,39.94737],[140.326653,39.807901],[140.352677,39.792102],[140.464674,39.944506],[140.467594,39.962247],[140.437026,39.94737]]]},"properties":{}},"extra":false},
    {"code":9920917,"id":"659ef0","name":"比立内","original_name":"比立内","name_kana":"ひたちない","closed":false,"lat":39.905078,"lng":140.452643,"prefecture":5,"lines":[99209,10207],"attr":"heat","postal_code":"018-4735","address":"北秋田市阿仁比立内","open_date":"1963-10-15","voronoi":{"type":"Feature","geometry":{"type":"Polygon","coordinates":[[[140.487277,39.816265],[140.464674,39.944506],[140.352677,39.792102],[140.405032,39.753427],[140.407258,39.752401],[140.411196,39.754216],[140.471313,39.792423],[140.487277,39.816265]]]},"properties":{}},"extra":false},
    {"code":9920918,"id":"e0dbb2","name":"奥阿仁","original_name":"奥阿仁","name_kana":"おくあに","closed":false,"lat":39.911567,"lng":140.48946,"prefecture":5,"lines":[99209],"attr":"heat","postal_code":"018-4733","address":"北秋田市阿仁戸鳥内","open_date":"1989-04-01","voronoi":{"type":"Feature","geometry":{"type":"Polygon","coordinates":[[[140.464674,39.944506],[140.467594,39.962247],[140.481588,39.985205],[140.519901,39.858346],[140.507154,39.836064],[140.487277,39.816265],[140.464674,39.944506]]]},"properties":{}},"extra":false},
    {"code":9920919,"id":"0dcaf9","name":"阿仁マタギ","original_name":"阿仁マタギ","name_kana":"あにまたぎ","closed":false,"lat":39.91952,"lng":140.515793,"prefecture":5,"lines":[99209],"attr":"heat","postal_code":"018-4732","address":"北秋田市阿仁中村","open_date":"1989-04-01","voronoi":{"type":"Feature","geometry":{"type":"Polygon","coordinates":[[[140.519901,39.858346],[140.481588,39.985205],[140.487346,40.000476],[140.493196,40.008701],[140.575464,40.065593],[140.662151,40.028607],[140.669011,40.01974],[140.519901,39.858346]]]},"properties":{}},"extra":false},
    {"code":9920920,"id":"56c493","name":"戸沢","original_name":"戸沢","name_kana":"とざわ","closed":false,"lat":39.859084,"lng":140.581208,"prefecture":5,"lines":[99209],"attr":"heat","postal_code":"014-0601","address":"仙北市西木町上桧木内","open_date":"1989-04-01","voronoi":{"type":"Feature","geometry":{"type":"Polygon","coordinates":[[[140.730189,39.971606],[140.669011,40.01974],[140.519901,39.858346],[140.507154,39.836064],[140.704829,39.84271],[140.729386,39.848726],[140.77761,39.891545],[140.77146,39.930996],[140.730189,39.971606]]]},"properties":{}},"extra":false},
    {"code":9920921,"id":"29a5a6","name":"上桧木内","original_name":"上桧木内","name_kana":"かみひのきない","closed":false,"lat":39.818069,"lng":140.582587,"prefecture":5,"lines":[99209],"attr":"heat","postal_code":"014-0601","address":"仙北市西木町上桧木内","open_date":"1989-04-01","voronoi":{"type":"Feature","geometry":{"type":"Polygon","coordinates":[[[140.471313,39.792423],[140.488679,39.789117],[140.674152,39.829539],[140.704829,39.84271],[140.507154,39.836064],[140.487277,39.816265],[140.471313,39.792423]]]},"properties":{}},"extra":false},
    {"code":9920922,"id":"506a77","name":"左通","original_name":"左通","name_kana":"さどおり","closed":false,"lat":39.801867,"lng":140.586118,"prefecture":5,"lines":[99209],"attr":"heat","postal_code":"014-0601","address":"仙北市西木町上桧木内","open_date":"1989-04-01","voronoi":{"type":"Feature","geometry":{"type":"Polygon","coordinates":[[[140.488679,39.789117],[140.674152,39.829539],[140.566643,39.77143],[140.554967,39.770588],[140.488679,39.789117]]]},"properties":{}},"extra":false},
    {"code":9920923,"id":"6c4027","name":"羽後中里","original_name":"羽後中里","name_kana":"うごなかざと","closed":false,"lat":39.771049,"lng":140.602775,"prefecture":5,"lines":[99209],"attr":"heat","postal_code":"014-0602","address":"仙北市西木町桧木内","open_date":"1989-04-01","voronoi":{"type":"Feature","geometry":{"type":"Polygon","coordinates":[[[140.658023,39.729078],[140.566643,39.77143],[140.674152,39.829539],[140.704829,39.84271],[140.729386,39.848726],[140.659074,39.729993],[140.658023,39.729078]]]},"properties":{}},"extra":false},
    {"code":9920924,"id":"830792","name":"松葉","original_name":"松葉","name_kana":"まつば","closed":false,"lat":39.744107,"lng":140.590288,"prefecture":5,"lines":[99209,10208],"attr":"cool","postal_code":"014-0602","address":"仙北市西木町桧木内","open_date":"1970-11-01","voronoi":{"type":"Feature","geometry":{"type":"Polygon","coordinates":[[[140.614423,39.687412],[140.606194,39.69288],[140.554967,39.770588],[140.566643,39.77143],[140.658023,39.729078],[140.628547,39.689408],[140.618261,39.686268],[140.614423,39.687412]]]},"properties":{}},"extra":false},
    {"code":9920925,"id":"b3cd4c","name":"羽後長戸呂","original_name":"羽後長戸呂","name_kana":"うごながとろ","closed":false,"lat":39.727689,"lng":140.565383,"prefecture":5,"lines":[99209,10208],"attr":"cool","postal_code":"014-0602","address":"仙北市西木町桧木内","open_date":"1970-11-01","voronoi":{"type":"Feature","geometry":{"type":"Polygon","coordinates":[[[140.488679,39.789117],[140.554967,39.770588],[140.606194,39.69288],[140.411196,39.754216],[140.471313,39.792423],[140.488679,39.789117]]]},"properties":{}},"extra":false},
    {"code":9920926,"id":"b8a474","name":"八津","original_name":"八津","name_kana":"やつ","closed":false,"lat":39.687701,"lng":140.552805,"prefecture":5,"lines":[99209,10208],"attr":"cool","postal_code":"014-0516","address":"仙北市西木町小山田","open_date":"1970-11-01","voronoi":{"type":"Feature","geometry":{"type":"Polygon","coordinates":[[[140.411196,39.754216],[140.407258,39.752401],[140.43784,39.649571],[140.447456,39.637185],[140.614423,39.687412],[140.606194,39.69288],[140.411196,39.754216]]]},"properties":{}},"extra":false},
    {"code":9920927,"id":"87919d","name":"西明寺","original_name":"西明寺","name_kana":"さいみょうじ","closed":false,"lat":39.653175,"lng":140.563191,"prefecture":5,"lines":[99209,10208],"attr":"cool","postal_code":"014-0515","address":"仙北市西木町門屋六本杉","open_date":"1970-11-01","voronoi":{"type":"Feature","geometry":{"type":"Polygon","coordinates":[[[140.603431,39.655076],[140.510206,39.615229],[140.503726,39.614407],[140.472921,39.616332],[140.457137,39.619682],[140.447456,39.637185],[140.614423,39.687412],[140.618261,39.686268],[140.603431,39.655076]]]},"properties":{}},"extra":false},
    {"code":9920928,"id":"af08ba","name":"羽後太田","original_name":"羽後太田","name_kana":"うごおおた","closed":false,"lat":39.627304,"lng":140.574249,"prefecture":5,"lines":[99209,10208],"attr":"cool","postal_code":"014-1116","address":"仙北市田沢湖角館東前郷","open_date":"1970-11-01","voronoi":{"type":"Feature","geometry":{"type":"Polygon","coordinates":[[[140.510206,39.615229],[140.581513,39.608695],[140.602645,39.646072],[140.603431,39.655076],[140.510206,39.615229]]]},"properties":{}},"extra":false},
    {"code":1121112,"id":"7013a6","name":"角館","original_name":"角館","name_kana":"かくのだて","closed":false,"lat":39.591716,"lng":140.570988,"prefecture":5,"lines":[11211,99209,10208],"attr":"heat","postal_code":"014-0373","address":"仙北市角館町岩瀬","voronoi":{"type":"Feature","geometry":{"type":"Polygon","coordinates":[[[140.503726,39.614407],[140.510206,39.615229],[140.581513,39.608695],[140.623029,39.54705],[140.503726,39.614407]]]},"properties":{}},"extra":false}
  ],
  "extra":false
}