{
  "code":99213,
  "id":"6e6947",
  "name":"阿武隈急行",
  "name_kana":"あぶくまきゅうこう",
  "name_formal":"阿武隈急行線",
  "station_size":24,
  "company_code":114,
  "closed":false,
  "station_list":[
    {"code":100409,"id":"7bfd6b","name":"福島(福島)","original_name":"福島","name_kana":"ふくしま","closed":false,"lat":37.754123,"lng":140.45968,"prefecture":7,"lines":[1004,11231,11216,99213,99215],"attr":"heat","postal_code":"960-8031","address":"福島市栄町","voronoi":{"type":"Feature","geometry":{"type":"Polygon","coordinates":[[[140.529673,37.730394],[140.436325,37.741446],[140.441067,37.754985],[140.446198,37.756742],[140.501679,37.758667],[140.510809,37.752683],[140.527108,37.739585],[140.532576,37.732768],[140.529673,37.730394]]]},"properties":{}},"extra":false},
    {"code":9921302,"id":"b07f49","name":"卸町(福島)","original_name":"卸町","name_kana":"おろしまち","closed":false,"lat":37.795472,"lng":140.479463,"prefecture":7,"lines":[99213],"attr":"cool","postal_code":"960-0102","address":"福島市鎌田字沢田","open_date":"1988-07-01","voronoi":{"type":"Feature","geometry":{"type":"Polygon","coordinates":[[[140.483522,37.799304],[140.46031,37.792749],[140.460273,37.791562],[140.461402,37.789306],[140.465013,37.783269],[140.475066,37.774697],[140.497098,37.762174],[140.483522,37.799304]]]},"properties":{}},"extra":false},
    {"code":9921303,"id":"214ef4","name":"福島学院前","original_name":"福島学院前","name_kana":"ふくしまがくいんまえ","closed":false,"lat":37.798994,"lng":140.489095,"prefecture":7,"lines":[99213],"attr":"cool","postal_code":"960-0101","address":"福島市瀬上町字街道東８番地３","open_date":"2000-03-11","voronoi":{"type":"Feature","geometry":{"type":"Polygon","coordinates":[[[140.483522,37.799304],[140.485252,37.812444],[140.489821,37.811681],[140.510809,37.752683],[140.501679,37.758667],[140.497098,37.762174],[140.483522,37.799304]]]},"properties":{}},"extra":false},
    {"code":9921304,"id":"cc5b85","name":"瀬上","original_name":"瀬上","name_kana":"せのうえ","closed":false,"lat":37.802303,"lng":140.498397,"prefecture":7,"lines":[99213],"attr":"cool","postal_code":"960-0101","address":"福島市瀬上町字桜町","open_date":"1988-07-01","voronoi":{"type":"Feature","geometry":{"type":"Polygon","coordinates":[[[140.510809,37.752683],[140.489821,37.811681],[140.500917,37.814321],[140.525958,37.744945],[140.527108,37.739585],[140.510809,37.752683]]]},"properties":{}},"extra":false},
    {"code":9921305,"id":"0a35c4","name":"向瀬上","original_name":"向瀬上","name_kana":"むかいせのうえ","closed":false,"lat":37.806683,"lng":140.510532,"prefecture":7,"lines":[99213],"attr":"cool","postal_code":"960-0101","address":"福島市瀬上町字瀬上","open_date":"1988-07-01","voronoi":{"type":"Feature","geometry":{"type":"Polygon","coordinates":[[[140.500917,37.814321],[140.525958,37.744945],[140.51657,37.830013],[140.500917,37.814321]]]},"properties":{}},"extra":false},
    {"code":9921306,"id":"027d46","name":"高子","original_name":"高子","name_kana":"たかこ","closed":false,"lat":37.808561,"lng":140.52755,"prefecture":7,"lines":[99213],"attr":"cool","postal_code":"960-0684","address":"伊達市保原町上保原字向台","open_date":"1988-07-01","voronoi":{"type":"Feature","geometry":{"type":"Polygon","coordinates":[[[140.532576,37.732768],[140.527108,37.739585],[140.525958,37.744945],[140.51657,37.830013],[140.516875,37.830694],[140.533384,37.834244],[140.540466,37.733366],[140.532576,37.732768]]]},"properties":{}},"extra":false},
    {"code":9921307,"id":"5c1fbb","name":"上保原","original_name":"上保原","name_kana":"かみほばら","closed":false,"lat":37.809628,"lng":140.542749,"prefecture":7,"lines":[99213],"attr":"cool","postal_code":"960-0684","address":"伊達市保原町上保原字下当築","open_date":"1988-07-01","voronoi":{"type":"Feature","geometry":{"type":"Polygon","coordinates":[[[140.575605,37.740131],[140.540355,37.8381],[140.533384,37.834244],[140.540466,37.733366],[140.554931,37.733013],[140.575605,37.740131]]]},"properties":{}},"extra":false},
    {"code":9921308,"id":"e16bdf","name":"保原","original_name":"保原","name_kana":"ほばら","closed":false,"lat":37.81463,"lng":140.556651,"prefecture":7,"lines":[99213],"attr":"cool","postal_code":"960-0671","address":"伊達市保原町東野崎","open_date":"1988-07-01","voronoi":{"type":"Feature","geometry":{"type":"Polygon","coordinates":[[[140.540355,37.8381],[140.547287,37.844778],[140.599294,37.745812],[140.575605,37.740131],[140.540355,37.8381]]]},"properties":{}},"extra":false},
    {"code":9921309,"id":"bf9129","name":"大泉(福島)","original_name":"大泉","name_kana":"おおいずみ","closed":false,"lat":37.819966,"lng":140.566805,"prefecture":7,"lines":[99213],"attr":"cool","postal_code":"960-0634","address":"伊達市保原町大泉字大地内","open_date":"1988-07-01","voronoi":{"type":"Feature","geometry":{"type":"Polygon","coordinates":[[[140.549414,37.84775],[140.547287,37.844778],[140.599294,37.745812],[140.618328,37.748971],[140.55782,37.851602],[140.549414,37.84775]]]},"properties":{}},"extra":false},
    {"code":9921310,"id":"803f55","name":"二井田","original_name":"二井田","name_kana":"にいだ","closed":false,"lat":37.828424,"lng":140.581151,"prefecture":7,"lines":[99213],"attr":"eco","postal_code":"960-0633","address":"伊達市保原町二井田字前原","open_date":"1988-07-01","voronoi":{"type":"Feature","geometry":{"type":"Polygon","coordinates":[[[140.618328,37.748971],[140.55782,37.851602],[140.566722,37.858885],[140.651603,37.751284],[140.618328,37.748971]]]},"properties":{}},"extra":false},
    {"code":9921311,"id":"9a6f0e","name":"新田(福島)","original_name":"新田","name_kana":"にった","closed":false,"lat":37.83776,"lng":140.592986,"prefecture":7,"lines":[99213],"attr":"eco","postal_code":"960-0767","address":"伊達市梁川町新田字台","open_date":"1988-07-01","voronoi":{"type":"Feature","geometry":{"type":"Polygon","coordinates":[[[140.668996,37.751235],[140.651603,37.751284],[140.566722,37.858885],[140.575696,37.870458],[140.668996,37.751235]]]},"properties":{}},"extra":false},
    {"code":9921312,"id":"7da863","name":"梁川(福島)","original_name":"梁川","name_kana":"やながわ","closed":false,"lat":37.845815,"lng":140.603279,"prefecture":7,"lines":[99213],"attr":"eco","postal_code":"960-0773","address":"伊達市梁川町五反田","open_date":"1988-07-01","voronoi":{"type":"Feature","geometry":{"type":"Polygon","coordinates":[[[140.575696,37.870458],[140.668996,37.751235],[140.71065,37.74875],[140.586627,37.875047],[140.576144,37.871315],[140.575696,37.870458]]]},"properties":{}},"extra":false},
    {"code":9921313,"id":"b020f3","name":"やながわ希望の森公園前","original_name":"やながわ希望の森公園前","name_kana":"やながわきぼうのもりこうえんまえ","closed":false,"lat":37.857867,"lng":140.615552,"prefecture":7,"lines":[99213],"attr":"heat","postal_code":"960-0726","address":"伊達市梁川町北町頭","open_date":"1988-07-01","voronoi":{"type":"Feature","geometry":{"type":"Polygon","coordinates":[[[140.756629,37.751781],[140.720971,37.796828],[140.597911,37.882776],[140.586627,37.875047],[140.71065,37.74875],[140.754838,37.743465],[140.755533,37.745641],[140.756629,37.751781]]]},"properties":{}},"extra":false},
    {"code":9921314,"id":"7d64f5","name":"富野","original_name":"富野","name_kana":"とみの","closed":false,"lat":37.874788,"lng":140.62737,"prefecture":7,"lines":[99213],"attr":"heat","postal_code":"960-0704","address":"伊達市梁川町舟生字原田","open_date":"1988-07-01","voronoi":{"type":"Feature","geometry":{"type":"Polygon","coordinates":[[[140.597911,37.882776],[140.612375,37.902809],[140.616206,37.904293],[140.703323,37.823486],[140.720971,37.796828],[140.597911,37.882776]]]},"properties":{}},"extra":false},
    {"code":9921315,"id":"e387b5","name":"兜","original_name":"兜","name_kana":"かぶと","closed":false,"lat":37.895375,"lng":140.646466,"prefecture":7,"lines":[99213],"attr":"heat","postal_code":"960-0704","address":"伊達市梁川町舟生字桂野山","open_date":"1988-07-01","voronoi":{"type":"Feature","geometry":{"type":"Polygon","coordinates":[[[140.616206,37.904293],[140.64943,37.940691],[140.703323,37.823486],[140.616206,37.904293]]]},"properties":{}},"extra":false},
    {"code":9921316,"id":"ef1984","name":"あぶくま","original_name":"あぶくま","name_kana":"あぶくま","closed":false,"lat":37.913443,"lng":140.68576,"prefecture":4,"lines":[99213],"attr":"heat","postal_code":"981-2185","address":"伊具郡丸森町字滝の上","open_date":"1988-07-01","voronoi":{"type":"Feature","geometry":{"type":"Polygon","coordinates":[[[140.760428,37.759992],[140.756629,37.751781],[140.720971,37.796828],[140.703323,37.823486],[140.64943,37.940691],[140.651613,37.949478],[140.688314,37.973075],[140.707534,37.97197],[140.71519,37.959498],[140.760428,37.759992]]]},"properties":{}},"extra":false},
    {"code":9921317,"id":"c4e4e1","name":"丸森","original_name":"丸森","name_kana":"まるもり","closed":false,"lat":37.930641,"lng":140.761606,"prefecture":4,"lines":[99213,10206],"attr":"heat","postal_code":"981-2103","address":"伊具郡丸森町舘矢間字山田土手下","open_date":"1968-04-01","voronoi":{"type":"Feature","geometry":{"type":"Polygon","coordinates":[[[140.828139,37.85835],[140.807708,37.820522],[140.760428,37.759992],[140.71519,37.959498],[140.74863,37.951716],[140.829368,37.885464],[140.828139,37.85835]]]},"properties":{}},"extra":false},
    {"code":9921318,"id":"cc27c0","name":"北丸森","original_name":"北丸森","name_kana":"きたまるもり","closed":false,"lat":37.943103,"lng":140.771832,"prefecture":4,"lines":[99213],"attr":"heat","postal_code":"981-2106","address":"伊具郡丸森町木沼","open_date":"1986-07-01","voronoi":{"type":"Feature","geometry":{"type":"Polygon","coordinates":[[[140.835639,37.928585],[140.82936,37.960066],[140.74863,37.951716],[140.829368,37.885464],[140.835639,37.928585]]]},"properties":{}},"extra":false},
    {"code":9921319,"id":"d880ec","name":"南角田","original_name":"南角田","name_kana":"みなみかくだ","closed":false,"lat":37.964895,"lng":140.769578,"prefecture":4,"lines":[99213],"attr":"heat","postal_code":"981-1500","address":"角田市摺鉢","open_date":"1986-07-01","voronoi":{"type":"Feature","geometry":{"type":"Polygon","coordinates":[[[140.829351,37.960688],[140.716927,37.982646],[140.707534,37.97197],[140.71519,37.959498],[140.74863,37.951716],[140.82936,37.960066],[140.829351,37.960688]]]},"properties":{}},"extra":false},
    {"code":9921320,"id":"3ff903","name":"角田","original_name":"角田","name_kana":"かくだ","closed":false,"lat":37.979282,"lng":140.772388,"prefecture":4,"lines":[99213,10206],"attr":"eco","postal_code":"981-1505","address":"角田市角田字流","open_date":"1968-04-01","voronoi":{"type":"Feature","geometry":{"type":"Polygon","coordinates":[[[140.831078,37.976404],[140.829351,37.960688],[140.716927,37.982646],[140.7271,37.997866],[140.831078,37.976404]]]},"properties":{}},"extra":false},
    {"code":9921321,"id":"32f29e","name":"横倉(宮城)","original_name":"横倉","name_kana":"よこくら","closed":false,"lat":37.996999,"lng":140.776045,"prefecture":4,"lines":[99213],"attr":"eco","postal_code":"981-1512","address":"角田市横倉字宮下","open_date":"1986-07-01","voronoi":{"type":"Feature","geometry":{"type":"Polygon","coordinates":[[[140.833559,37.988729],[140.828758,37.998301],[140.746654,38.014111],[140.728535,38.001227],[140.7271,37.997866],[140.831078,37.976404],[140.833682,37.986038],[140.833559,37.988729]]]},"properties":{}},"extra":false},
    {"code":9921322,"id":"1b78c3","name":"岡","original_name":"岡","name_kana":"おか","closed":false,"lat":38.019085,"lng":140.780298,"prefecture":4,"lines":[99213,10206],"attr":"eco","postal_code":"981-1524","address":"角田市岡字白岩","open_date":"1968-04-01","voronoi":{"type":"Feature","geometry":{"type":"Polygon","coordinates":[[[140.761617,38.035263],[140.746654,38.014111],[140.828758,37.998301],[140.822421,38.023113],[140.772,38.038602],[140.761617,38.035263]]]},"properties":{}},"extra":false},
    {"code":9921323,"id":"746650","name":"東船岡","original_name":"東船岡","name_kana":"ひがしふなおか","closed":false,"lat":38.050095,"lng":140.789824,"prefecture":4,"lines":[99213,10206],"attr":"cool","postal_code":"989-1611","address":"柴田郡柴田町大字上名生字横橋","open_date":"1968-04-01","voronoi":{"type":"Feature","geometry":{"type":"Polygon","coordinates":[[[140.825663,38.04617],[140.825719,38.045964],[140.822421,38.023113],[140.772,38.038602],[140.786454,38.073874],[140.825663,38.04617]]]},"properties":{}},"extra":false},
    {"code":1123136,"id":"5d3f17","name":"槻木","original_name":"槻木","name_kana":"つきのき","closed":false,"lat":38.07864,"lng":140.809992,"prefecture":4,"lines":[11231,99213,10206],"attr":"cool","postal_code":"989-1756","address":"柴田郡柴田町大字槻木字畑中","voronoi":{"type":"Feature","geometry":{"type":"Polygon","coordinates":[[[140.757551,38.13757],[140.778419,38.145956],[140.802824,38.150187],[140.837563,38.094257],[140.825663,38.04617],[140.786454,38.073874],[140.757551,38.13757]]]},"properties":{}},"extra":false}
  ],
  "extra":false
}