{
  "code":99217,
  "id":"a649c3",
  "name":"仙台空港線",
  "name_kana":"せんだいくうこうせん",
  "name_formal":"仙台空港鉄道仙台空港線",
  "station_size":4,
  "company_code":118,
  "closed":false,
  "color":"#2A5CAA",
  "station_list":[
    {"code":1123139,"id":"66f4e8","name":"名取","original_name":"名取","name_kana":"なとり","closed":false,"lat":38.173017,"lng":140.882753,"prefecture":4,"lines":[11231,11230,99217],"attr":"cool","postal_code":"981-1224","address":"名取市増田２丁目５番地１","voronoi":{"type":"Feature","geometry":{"type":"Polygon","coordinates":[[[140.847617,38.184875],[140.824787,38.162807],[140.882661,38.157902],[140.898304,38.18486],[140.851083,38.185912],[140.847617,38.184875]]]},"properties":{}},"extra":false},
    {"code":9921702,"id":"519658","name":"杜せきのした","original_name":"杜せきのした","name_kana":"もりせきのした","closed":false,"lat":38.165482,"lng":140.895738,"prefecture":4,"lines":[99217],"attr":"heat","postal_code":"981-1224","address":"名取市増田字関下２００番地１","voronoi":{"type":"Feature","geometry":{"type":"Polygon","coordinates":[[[140.901765,38.144713],[140.882661,38.157902],[140.898304,38.18486],[140.914246,38.191077],[140.901765,38.144713]]]},"properties":{}},"extra":false},
    {"code":9921703,"id":"12a2d9","name":"美田園","original_name":"美田園","name_kana":"みたぞの","closed":false,"lat":38.15965,"lng":140.917404,"prefecture":4,"lines":[99217],"attr":"heat","postal_code":"981-1201","address":"名取市下増田字大橋本５４番地","voronoi":{"type":"Feature","geometry":{"type":"Polygon","coordinates":[[[140.988816,38.181817],[140.904347,38.13895],[140.901765,38.144713],[140.914246,38.191077],[140.928456,38.203922],[140.988816,38.181817]]]},"properties":{}},"extra":false},
    {"code":9921704,"id":"dbf914","name":"仙台空港","original_name":"仙台空港","name_kana":"せんだいくうこう","closed":false,"lat":38.137267,"lng":140.928763,"prefecture":4,"lines":[99217],"attr":"heat","postal_code":"981-1200","address":"名取市","voronoi":{"type":"Feature","geometry":{"type":"Polygon","coordinates":[[[140.904347,38.13895],[140.901175,38.112027],[140.914164,38.078557],[140.922954,38.06921],[140.931226,38.063487],[141.132753,38.005777],[141.312434,38.003608],[141.252853,38.059871],[141.222008,38.087954],[141.058914,38.168886],[140.988816,38.181817],[140.904347,38.13895]]]},"properties":{}},"extra":false}
  ],
  "extra":false
}