{
  "code":99226,
  "id":"4a2c98",
  "name":"松尾鉱業鉄道",
  "name_kana":"まつおこうぎょうてつどう",
  "station_size":4,
  "closed":true,
  "station_list":[
    {"code":9922601,"id":"857cb4","name":"東八幡平","original_name":"東八幡平","name_kana":"ひがしはちまんたい","closed":true,"lat":39.920409,"lng":140.974573,"prefecture":3,"lines":[99226],"postal_code":"028-7303","address":"岩手県八幡平市柏台１丁目２-２８","open_date":"1948-03-15","closed_date":"1972-10-10","voronoi":{"type":"Feature","geometry":{"type":"Polygon","coordinates":[[[140.963083,39.806387],[140.897166,39.815278],[140.826446,39.835521],[140.77761,39.891545],[140.77146,39.930996],[140.83991,39.976505],[140.87616,39.993484],[140.995663,39.964099],[141.01071,39.942735],[141.013793,39.818441],[140.963083,39.806387]]]},"properties":{}},"extra":true},
    {"code":9922602,"id":"6e621a","name":"鹿野","original_name":"鹿野","name_kana":"ししの","closed":true,"lat":39.922228,"lng":141.047909,"prefecture":3,"lines":[99226],"postal_code":"028-7302","address":"岩手県八幡平市松尾寄木第２９地割４０−９","open_date":"1948-03-15","closed_date":"1972-10-10","voronoi":{"type":"Feature","geometry":{"type":"Polygon","coordinates":[[[141.01071,39.942735],[141.050185,39.946099],[141.062754,39.937464],[141.062982,39.847033],[141.060066,39.828848],[141.043472,39.815192],[141.013793,39.818441],[141.01071,39.942735]]]},"properties":{}},"extra":true},
    {"code":9922603,"id":"0e3efc","name":"田頭","original_name":"田頭","name_kana":"でんどう","closed":true,"lat":39.922303,"lng":141.077675,"prefecture":3,"lines":[99226],"postal_code":"028-7112","address":"岩手県八幡平市田頭第２６地割２７","closed_date":"1972-10-10","voronoi":{"type":"Feature","geometry":{"type":"Polygon","coordinates":[[[141.062754,39.937464],[141.062982,39.847033],[141.094796,39.933041],[141.072116,39.939099],[141.062754,39.937464]]]},"properties":{}},"extra":true},
    {"code":1121203,"id":"c064c3","name":"大更","original_name":"大更","name_kana":"おおぶけ","closed":false,"lat":39.913746,"lng":141.100808,"prefecture":3,"lines":[11212,99226],"attr":"heat","postal_code":"028-7111","address":"八幡平市大更","voronoi":{"type":"Feature","geometry":{"type":"Polygon","coordinates":[[[141.094796,39.933041],[141.062982,39.847033],[141.060066,39.828848],[141.062133,39.829723],[141.109307,39.861803],[141.132493,39.948771],[141.094796,39.933041]]]},"properties":{}},"extra":false}
  ],
  "closed_date":"1972-10-09",
  "extra":true
}