{
  "code":99224,
  "id":"2f7f44",
  "name":"下北交通大畑線",
  "name_kana":"しもきたこうつうおおはたせん",
  "station_size":8,
  "company_code":308,
  "closed":true,
  "station_list":[
    {"code":1120310,"id":"ea13e3","name":"下北","original_name":"下北","name_kana":"しもきた","closed":false,"lat":41.28288,"lng":141.18989,"prefecture":2,"lines":[11203,10202,99224],"attr":"heat","postal_code":"035-0061","address":"むつ市下北町","voronoi":{"type":"Feature","geometry":{"type":"Polygon","coordinates":[[[141.198768,41.27426],[141.190893,41.314063],[141.171974,41.324374],[141.178819,41.248482],[141.198768,41.27426]]]},"properties":{}},"extra":false},
    {"code":9922402,"id":"fba7f1","name":"海老川","original_name":"海老川","name_kana":"えびかわ","closed":true,"lat":41.285611,"lng":141.203694,"prefecture":2,"lines":[10202,99224],"postal_code":"035-0052","address":"青森県むつ市昭和町８","open_date":"1966-12-15","closed_date":"2001-04-01","voronoi":{"type":"Feature","geometry":{"type":"Polygon","coordinates":[[[141.218712,41.280592],[141.198768,41.27426],[141.190893,41.314063],[141.192599,41.313588],[141.218712,41.280592]]]},"properties":{}},"extra":true},
    {"code":9922403,"id":"2e35a2","name":"田名部","original_name":"田名部","name_kana":"たなぶ","closed":true,"lat":41.296361,"lng":141.217278,"prefecture":2,"lines":[10202,99224],"postal_code":"035-0034","address":"青森県むつ市田名部町１０","open_date":"1939-12-06","closed_date":"2001-04-01","voronoi":{"type":"Feature","geometry":{"type":"Polygon","coordinates":[[[141.251846,41.271372],[141.218712,41.280592],[141.192599,41.313588],[141.350284,41.3168],[141.251846,41.271372]]]},"properties":{}},"extra":true},
    {"code":9922404,"id":"a5b023","name":"樺山","original_name":"樺山","name_kana":"かばやま","closed":true,"lat":41.331806,"lng":141.216556,"prefecture":2,"lines":[10202,99224],"postal_code":"035-0021","address":"青森県むつ市大字田名部下平２７−２","open_date":"1939-12-06","closed_date":"2001-04-01","voronoi":{"type":"Feature","geometry":{"type":"Polygon","coordinates":[[[141.588095,41.447823],[141.166062,41.330668],[141.171974,41.324374],[141.190893,41.314063],[141.192599,41.313588],[141.350284,41.3168],[141.419025,41.338084],[141.761594,41.490801],[141.588095,41.447823]]]},"properties":{}},"extra":true},
    {"code":9922405,"id":"2db41f","name":"陸奥関根","original_name":"陸奥関根","name_kana":"むつせきね","closed":true,"lat":41.355722,"lng":141.209917,"prefecture":2,"lines":[10202,99224],"postal_code":"035-0022","address":"青森県むつ市大字関根北関根２７６","open_date":"1939-12-06","closed_date":"2001-04-01","voronoi":{"type":"Feature","geometry":{"type":"Polygon","coordinates":[[[141.179918,41.360425],[141.151957,41.339678],[141.166062,41.330668],[141.588095,41.447823],[141.179918,41.360425]]]},"properties":{}},"extra":true},
    {"code":9922406,"id":"cb04d6","name":"川代","original_name":"川代","name_kana":"かわだい","closed":true,"lat":41.377,"lng":141.205361,"prefecture":2,"lines":[10202,99224],"postal_code":"035-0022","address":"青森県むつ市大字関根川代７−７","open_date":"1939-12-06","closed_date":"2001-04-01","voronoi":{"type":"Feature","geometry":{"type":"Polygon","coordinates":[[[141.588095,41.447823],[141.179918,41.360425],[141.53411,41.91795],[141.586449,41.917482],[141.643174,41.914684],[141.654143,41.913901],[141.675746,41.900277],[141.849046,41.764157],[141.90274,41.707008],[141.97309,41.627821],[142.006161,41.588014],[141.761594,41.490801],[141.588095,41.447823]]]},"properties":{}},"extra":true},
    {"code":9922407,"id":"bffab3","name":"正津川","original_name":"正津川","name_kana":"しょうづかわ","closed":true,"lat":41.3905,"lng":141.184111,"prefecture":2,"lines":[10202,99224],"postal_code":"039-4402","address":"青森県むつ市大畑町正津川平８７−１０","open_date":"1939-12-06","closed_date":"2001-04-01","voronoi":{"type":"Feature","geometry":{"type":"Polygon","coordinates":[[[141.179918,41.360425],[141.151957,41.339678],[141.142363,41.341623],[141.47547,41.919641],[141.53411,41.91795],[141.179918,41.360425]]]},"properties":{}},"extra":true},
    {"code":9922408,"id":"d1ef11","name":"大畑(青森)","original_name":"大畑","name_kana":"おおはた","closed":true,"lat":41.40225,"lng":141.163722,"prefecture":2,"lines":[10202,99224],"postal_code":"039-4401","address":"青森県むつ市大畑町庚申堂６０","open_date":"1939-12-06","closed_date":"2001-04-01","voronoi":{"type":"Feature","geometry":{"type":"Polygon","coordinates":[[[141.142363,41.341623],[141.47547,41.919641],[141.428054,41.921934],[141.357086,41.912966],[141.289395,41.900116],[140.862294,41.478656],[140.795353,41.393352],[140.809635,41.354151],[140.814725,41.346864],[141.142363,41.341623]]]},"properties":{}},"extra":true}
  ],
  "closed_date":"2001-04-01",
  "extra":true
}