{
  "code":99220,
  "id":"5d8822",
  "name":"南部縦貫鉄道線",
  "name_kana":"なんぶじゅうかんてつどうせん",
  "station_size":11,
  "company_code":300,
  "closed":true,
  "station_list":[
    {"code":1120110,"id":"83ffd8","name":"野辺地","original_name":"野辺地","name_kana":"のへじ","closed":false,"lat":40.855142,"lng":141.119603,"prefecture":2,"lines":[11201,11203,99206,99220],"attr":"cool","postal_code":"039-3131","address":"上北郡野辺地町大字野辺地","voronoi":{"type":"Feature","geometry":{"type":"Polygon","coordinates":[[[141.102502,40.885292],[141.029807,40.807552],[141.150309,40.839176],[141.151951,40.840258],[141.102502,40.885292]]]},"properties":{}},"extra":false},
    {"code":9922002,"id":"70fc8e","name":"西千曳","original_name":"西千曳","name_kana":"にしちびき","closed":true,"lat":40.810189,"lng":141.1314,"prefecture":2,"lines":[99220],"attr":"unknown","postal_code":"039-2685","address":"青森県上北郡東北町字家ノ下タ４１","open_date":"1968-08-05","closed_date":"2002-08-01","voronoi":{"type":"Feature","geometry":{"type":"Polygon","coordinates":[[[140.968041,40.721324],[140.962502,40.719939],[140.9627,40.728147],[140.964309,40.74229],[140.967882,40.754195],[140.973941,40.766445],[140.987227,40.779153],[141.029807,40.807552],[141.150309,40.839176],[141.1402,40.799894],[141.129724,40.789362],[141.074325,40.763353],[140.968041,40.721324]]]},"properties":{}},"extra":false},
    {"code":9922003,"id":"63380e","name":"後平","original_name":"後平","name_kana":"うしろたい","closed":true,"lat":40.79115,"lng":141.150542,"prefecture":2,"lines":[99220],"attr":"unknown","postal_code":"039-2731","address":"青森県上北郡七戸町字後平１５０−１１０","open_date":"1963-04-01","closed_date":"2002-08-01","voronoi":{"type":"Feature","geometry":{"type":"Polygon","coordinates":[[[141.180149,40.776257],[141.177025,40.776603],[141.129724,40.789362],[141.1402,40.799894],[141.182963,40.792507],[141.180149,40.776257]]]},"properties":{}},"extra":false},
    {"code":9922004,"id":"ecb1c2","name":"坪","original_name":"坪","name_kana":"つぼ","closed":true,"lat":40.777347,"lng":141.146819,"prefecture":2,"lines":[99220],"attr":"unknown","postal_code":"039-2731","address":"青森県上北郡七戸町字後平１２６−２４","open_date":"1962-10-20","closed_date":"2002-08-01","voronoi":{"type":"Feature","geometry":{"type":"Polygon","coordinates":[[[141.074325,40.763353],[141.129724,40.789362],[141.177025,40.776603],[141.074325,40.763353]]]},"properties":{}},"extra":false},
    {"code":9922005,"id":"f7b136","name":"坪川","original_name":"坪川","name_kana":"つぼがわ","closed":true,"lat":40.768217,"lng":141.147997,"prefecture":2,"lines":[99220],"attr":"unknown","postal_code":"039-2733","address":"青森県上北郡七戸町字天間舘前川原３８","open_date":"1963-04-01","closed_date":"2002-08-01","voronoi":{"type":"Feature","geometry":{"type":"Polygon","coordinates":[[[141.177025,40.776603],[141.180149,40.776257],[141.181611,40.7684],[141.047103,40.731127],[140.968041,40.721324],[141.074325,40.763353],[141.177025,40.776603]]]},"properties":{}},"extra":false},
    {"code":9922006,"id":"e4ce5f","name":"道ノ上","original_name":"道ノ上","name_kana":"みちのかみ","closed":true,"lat":40.751256,"lng":141.152697,"prefecture":2,"lines":[99220],"attr":"unknown","postal_code":"039-2828","address":"青森県上北郡七戸町字森ヶ沢１９２−７","open_date":"1962-10-20","closed_date":"2002-08-01","voronoi":{"type":"Feature","geometry":{"type":"Polygon","coordinates":[[[141.047103,40.731127],[141.181611,40.7684],[141.183803,40.763851],[141.13266,40.734671],[141.047103,40.731127]]]},"properties":{}},"extra":false},
    {"code":9922007,"id":"881f4d","name":"天間林","original_name":"天間林","name_kana":"てんまばやし","closed":true,"lat":40.743481,"lng":141.157133,"prefecture":2,"lines":[99220],"attr":"unknown","postal_code":"039-2827","address":"青森県上北郡七戸町字森ノ上１３１−９","open_date":"1962-10-20","closed_date":"2002-08-01","voronoi":{"type":"Feature","geometry":{"type":"Polygon","coordinates":[[[141.183803,40.763851],[141.13266,40.734671],[141.151289,40.732206],[141.186471,40.759803],[141.183803,40.763851]]]},"properties":{}},"extra":false},
    {"code":9922008,"id":"2156da","name":"中野(青森)","original_name":"中野","name_kana":"なかの","closed":true,"lat":40.735197,"lng":141.163631,"prefecture":2,"lines":[99220],"attr":"unknown","postal_code":"039-2814","address":"青森県上北郡七戸町字道ノ下","open_date":"1962-10-20","closed_date":"2002-08-01","voronoi":{"type":"Feature","geometry":{"type":"Polygon","coordinates":[[[141.186471,40.759803],[141.151289,40.732206],[141.153762,40.73066],[141.170576,40.72514],[141.210086,40.73395],[141.186471,40.759803]]]},"properties":{}},"extra":false},
    {"code":9922009,"id":"137152","name":"営農大学校前","original_name":"営農大学校前","name_kana":"えいのうだいがっこうまえ","closed":true,"lat":40.721156,"lng":141.159022,"prefecture":2,"lines":[99220],"attr":"unknown","postal_code":"039-2501","address":"青森県上北郡七戸町字荒熊内６７−５５２","open_date":"1962-10-20","closed_date":"2002-08-01","voronoi":{"type":"Feature","geometry":{"type":"Polygon","coordinates":[[[141.153762,40.73066],[141.170576,40.72514],[141.15896,40.71141],[141.153762,40.73066]]]},"properties":{}},"extra":false},
    {"code":9922010,"id":"ff4bc5","name":"盛田牧場前","original_name":"盛田牧場前","name_kana":"もりたぼくじょうまえ","closed":true,"lat":40.713086,"lng":141.168561,"prefecture":2,"lines":[99220],"attr":"unknown","postal_code":"039-2504","address":"青森県上北郡七戸町字寒水６８−１","open_date":"1964-04-11","closed_date":"2002-08-01","voronoi":{"type":"Feature","geometry":{"type":"Polygon","coordinates":[[[141.215112,40.730626],[141.222828,40.693322],[141.156888,40.706916],[141.15896,40.71141],[141.170576,40.72514],[141.210086,40.73395],[141.215112,40.730626]]]},"properties":{}},"extra":false},
    {"code":9922011,"id":"bc9d10","name":"七戸","original_name":"七戸","name_kana":"しちのへ","closed":true,"lat":40.696633,"lng":141.165169,"prefecture":2,"lines":[99220],"attr":"unknown","postal_code":"039-2512","address":"青森県上北郡七戸町字笊田４８−１","open_date":"1962-10-20","closed_date":"2002-08-01","voronoi":{"type":"Feature","geometry":{"type":"Polygon","coordinates":[[[141.205315,40.670721],[141.219345,40.682454],[141.222925,40.685765],[141.224846,40.687791],[141.222828,40.693322],[141.156888,40.706916],[140.928437,40.596779],[140.915519,40.557783],[140.960047,40.506192],[141.205315,40.670721]]]},"properties":{}},"extra":false}
  ],
  "closed_date":"2002-08-01",
  "extra":false
}