{
  "code":99307,
  "id":386,
  "name":"埼玉高速鉄道",
  "name_kana":"さいたまこうそくてつどう",
  "name_formal":"埼玉高速鉄道線",
  "station_size":8,
  "company_code":121,
  "closed":false,
  "color":"#4682B4",
  "symbol":"SR",
  "station_list":[
    {"code":2800901,"id":5296,"name":"赤羽岩淵","original_name":"赤羽岩淵","name_kana":"あかばねいわぶち","closed":false,"lat":35.783417,"lng":139.722103,"prefecture":13,"numbering":["SR19"],"lines":[28009,99307],"attr":"cool","postal_code":"115-0045","address":"北区赤羽１-５２-８","voronoi":{"type":"Feature","geometry":{"type":"Polygon","coordinates":[[[139.722735,35.793383],[139.715274,35.79151],[139.713306,35.782511],[139.726774,35.779575],[139.731745,35.789116],[139.722735,35.793383]]]},"properties":{}},"extra":false},
    {"code":9930702,"id":6696,"name":"川口元郷","original_name":"川口元郷","name_kana":"かわぐちもとごう","closed":false,"lat":35.800187,"lng":139.730043,"prefecture":11,"numbering":["SR20"],"lines":[99307],"attr":"cool","postal_code":"332-0011","address":"川口市元郷１-２-１５","voronoi":{"type":"Feature","geometry":{"type":"Polygon","coordinates":[[[139.749081,35.791109],[139.749588,35.792887],[139.750369,35.800808],[139.75016,35.802332],[139.725141,35.811371],[139.722735,35.793383],[139.731745,35.789116],[139.749081,35.791109]]]},"properties":{}},"extra":false},
    {"code":9930703,"id":6697,"name":"南鳩ヶ谷","original_name":"南鳩ヶ谷","name_kana":"みなみはとがや","closed":false,"lat":35.816839,"lng":139.736059,"prefecture":11,"numbering":["SR21"],"lines":[99307],"attr":"cool","postal_code":"334-0013","address":"埼玉県川口市南鳩ヶ谷五丁目","voronoi":{"type":"Feature","geometry":{"type":"Polygon","coordinates":[[[139.75016,35.802332],[139.753099,35.811318],[139.753937,35.823967],[139.71987,35.823743],[139.720126,35.817597],[139.725141,35.811371],[139.75016,35.802332]]]},"properties":{}},"extra":false},
    {"code":9930704,"id":6698,"name":"鳩ヶ谷","original_name":"鳩ヶ谷","name_kana":"はとがや","closed":false,"lat":35.830859,"lng":139.735967,"prefecture":11,"numbering":["SR22"],"lines":[99307],"attr":"cool","postal_code":"334-0005","address":"埼玉県川口市大字里1650-1","voronoi":{"type":"Feature","geometry":{"type":"Polygon","coordinates":[[[139.713151,35.840727],[139.712482,35.840097],[139.712564,35.838814],[139.71987,35.823743],[139.753937,35.823967],[139.758402,35.833478],[139.713151,35.840727]]]},"properties":{}},"extra":false},
    {"code":9930705,"id":6699,"name":"新井宿","original_name":"新井宿","name_kana":"あらいじゅく","closed":false,"lat":35.842974,"lng":139.737908,"prefecture":11,"numbering":["SR23"],"lines":[99307],"attr":"heat","postal_code":"333-0826","address":"川口市新井宿１５-３","voronoi":{"type":"Feature","geometry":{"type":"Polygon","coordinates":[[[139.758402,35.833478],[139.713151,35.840727],[139.726561,35.861874],[139.736727,35.859928],[139.760701,35.836131],[139.758402,35.833478]]]},"properties":{}},"extra":false},
    {"code":9930706,"id":6700,"name":"戸塚安行","original_name":"戸塚安行","name_kana":"とづかあんぎょう","closed":false,"lat":35.858873,"lng":139.753689,"prefecture":11,"numbering":["SR24"],"lines":[99307],"attr":"heat","postal_code":"333-0808","address":"川口市長蔵新田３３１-１","voronoi":{"type":"Feature","geometry":{"type":"Polygon","coordinates":[[[139.736727,35.859928],[139.766343,35.877296],[139.76804,35.87537],[139.771826,35.866965],[139.774359,35.854902],[139.772735,35.840754],[139.760701,35.836131],[139.736727,35.859928]]]},"properties":{}},"extra":false},
    {"code":1130513,"id":1356,"name":"東川口","original_name":"東川口","name_kana":"ひがしかわぐち","closed":false,"lat":35.875246,"lng":139.744087,"prefecture":11,"numbering":["SR25"],"lines":[11305,99307],"attr":"eco","postal_code":"333-0811","address":"川口市戸塚１丁目","voronoi":{"type":"Feature","geometry":{"type":"Polygon","coordinates":[[[139.753541,35.900026],[139.723325,35.873309],[139.726561,35.861874],[139.736727,35.859928],[139.766343,35.877296],[139.763757,35.886166],[139.753541,35.900026]]]},"properties":{}},"extra":false},
    {"code":9930708,"id":6701,"name":"浦和美園","original_name":"浦和美園","name_kana":"うらわみその","closed":false,"lat":35.893677,"lng":139.72779,"prefecture":11,"numbering":["SR26"],"lines":[99307],"attr":"eco","postal_code":"336-0963","address":"さいたま市緑区大門字宮下３８８８","voronoi":{"type":"Feature","geometry":{"type":"Polygon","coordinates":[[[139.753541,35.900026],[139.723325,35.873309],[139.687417,35.90141],[139.695136,35.912565],[139.721819,35.928885],[139.731007,35.930944],[139.7364,35.931073],[139.745475,35.921022],[139.751927,35.910495],[139.753541,35.900026]]]},"properties":{}},"extra":false}
  ],
  "extra":false
}