{
  "code":99309,
  "id":"094058",
  "name":"つくばエクスプレス",
  "name_kana":"つくばえくすぷれす",
  "name_formal":"首都圏新都市鉄道つくばエクスプレス",
  "station_size":20,
  "company_code":123,
  "closed":false,
  "color":"#FF3540",
  "station_list":[
    {"code":1130222,"id":"41a869","name":"秋葉原","original_name":"秋葉原","name_kana":"あきはばら","closed":false,"lat":35.69862,"lng":139.77329,"prefecture":13,"numbering":["01"],"lines":[11302,11313,11332,28003,99309],"attr":"heat","postal_code":"101-0021","address":"東京都千代田区外神田一丁目17","open_date":"1890-11-01","voronoi":{"type":"Feature","geometry":{"type":"Polygon","coordinates":[[[139.77616,35.702122],[139.770812,35.700184],[139.771144,35.695571],[139.771453,35.695079],[139.771966,35.694896],[139.779176,35.700915],[139.77919,35.701047],[139.77616,35.702122]]]},"properties":{}},"extra":false},
    {"code":9930111,"id":"c26fbb","name":"新御徒町","original_name":"新御徒町","name_kana":"しんおかちまち","closed":false,"lat":35.707045,"lng":139.781958,"prefecture":13,"numbering":["02"],"lines":[99301,99309],"attr":"eco","postal_code":"111-0041","address":"台東区元浅草１-５-２","voronoi":{"type":"Feature","geometry":{"type":"Polygon","coordinates":[[[139.786406,35.708539],[139.778856,35.709673],[139.779428,35.70126],[139.785452,35.702803],[139.787041,35.706547],[139.786406,35.708539]]]},"properties":{}},"extra":false},
    {"code":9930903,"id":"e22ab5","name":"浅草(つくばエクスプレス)","original_name":"浅草","name_kana":"あさくさ","closed":false,"lat":35.713817,"lng":139.792389,"prefecture":13,"numbering":["03"],"lines":[99309],"attr":"heat","postal_code":"111-0035","address":"東京都台東区西浅草三丁目1-11","voronoi":{"type":"Feature","geometry":{"type":"Polygon","coordinates":[[[139.791629,35.721702],[139.786851,35.715011],[139.787234,35.713535],[139.794598,35.710732],[139.798369,35.722088],[139.791629,35.721702]]]},"properties":{}},"extra":false},
    {"code":1132004,"id":"a02091","name":"南千住","original_name":"南千住","name_kana":"みなみせんじゅ","closed":false,"lat":35.734033,"lng":139.7994,"prefecture":13,"numbering":["04"],"lines":[11320,28003,99309],"attr":"heat","postal_code":"116-0003","address":"荒川区南千住４丁目","voronoi":{"type":"Feature","geometry":{"type":"Polygon","coordinates":[[[139.804767,35.722639],[139.807791,35.725976],[139.809815,35.730125],[139.80987,35.733719],[139.806409,35.738031],[139.802971,35.739642],[139.794508,35.737157],[139.795871,35.731058],[139.800433,35.722871],[139.804767,35.722639]]]},"properties":{}},"extra":false},
    {"code":1132005,"id":"6a369b","name":"北千住","original_name":"北千住","name_kana":"きたせんじゅ","closed":false,"lat":35.749677,"lng":139.804872,"prefecture":13,"numbering":["05"],"lines":[11320,21002,28003,28005,99309],"attr":"cool","postal_code":"120-0026","address":"足立区千住旭町","voronoi":{"type":"Feature","geometry":{"type":"Polygon","coordinates":[[[139.793684,35.758701],[139.798792,35.760262],[139.803745,35.7588],[139.811828,35.751839],[139.808969,35.747963],[139.799453,35.747641],[139.798008,35.749225],[139.793684,35.758701]]]},"properties":{}},"extra":false},
    {"code":9930906,"id":"c96901","name":"青井","original_name":"青井","name_kana":"あおい","closed":false,"lat":35.771782,"lng":139.82038,"prefecture":13,"numbering":["06"],"lines":[99309],"attr":"heat","postal_code":"120-0012","address":"足立区青井三丁目","voronoi":{"type":"Feature","geometry":{"type":"Polygon","coordinates":[[[139.817005,35.765207],[139.809351,35.779066],[139.809368,35.77965],[139.824586,35.777993],[139.828359,35.769748],[139.817911,35.764678],[139.817005,35.765207]]]},"properties":{}},"extra":false},
    {"code":9930907,"id":"f045d4","name":"六町","original_name":"六町","name_kana":"ろくちょう","closed":false,"lat":35.784963,"lng":139.821816,"prefecture":13,"numbering":["07"],"lines":[99309],"attr":"heat","postal_code":"121-0073","address":"足立区六町四丁目","voronoi":{"type":"Feature","geometry":{"type":"Polygon","coordinates":[[[139.824586,35.777993],[139.836416,35.793401],[139.822598,35.807374],[139.80884,35.798038],[139.805502,35.787026],[139.809368,35.77965],[139.824586,35.777993]]]},"properties":{}},"extra":false},
    {"code":9930908,"id":"416e0b","name":"八潮","original_name":"八潮","name_kana":"やしお","closed":false,"lat":35.807905,"lng":139.845017,"prefecture":11,"numbering":["08"],"lines":[99309],"attr":"heat","postal_code":"340-0822","address":"八潮市大瀬８２６","voronoi":{"type":"Feature","geometry":{"type":"Polygon","coordinates":[[[139.835746,35.841537],[139.824408,35.818598],[139.822598,35.807374],[139.836416,35.793401],[139.850472,35.787474],[139.856389,35.78784],[139.870985,35.797539],[139.851913,35.83581],[139.843639,35.839774],[139.835746,35.841537]]]},"properties":{}},"extra":false},
    {"code":9930909,"id":"43a8ce","name":"三郷中央","original_name":"三郷中央","name_kana":"みさとちゅうおう","closed":false,"lat":35.824514,"lng":139.878344,"prefecture":11,"numbering":["09"],"lines":[99309],"attr":"heat","postal_code":"341-0032","address":"三郷市谷中","voronoi":{"type":"Feature","geometry":{"type":"Polygon","coordinates":[[[139.888854,35.804097],[139.896843,35.815117],[139.897925,35.818402],[139.891061,35.831356],[139.868468,35.840174],[139.851913,35.83581],[139.870985,35.797539],[139.875895,35.796836],[139.888854,35.804097]]]},"properties":{}},"extra":false},
    {"code":1130518,"id":"c50197","name":"南流山","original_name":"南流山","name_kana":"みなみながれやま","closed":false,"lat":35.838035,"lng":139.903865,"prefecture":12,"numbering":["10"],"lines":[11305,99309],"attr":"cool","postal_code":"270-0161","address":"流山市大字鰭ケ崎","voronoi":{"type":"Feature","geometry":{"type":"Polygon","coordinates":[[[139.909019,35.828297],[139.904303,35.821655],[139.897925,35.818402],[139.891061,35.831356],[139.895784,35.843232],[139.905201,35.8452],[139.909848,35.833626],[139.909019,35.828297]]]},"properties":{}},"extra":false},
    {"code":9930911,"id":"425cd2","name":"流山セントラルパーク","original_name":"流山セントラルパーク","name_kana":"ながれやませんとらるぱーく","closed":false,"lat":35.854552,"lng":139.915223,"prefecture":12,"numbering":["11"],"lines":[99309],"attr":"eco","postal_code":"270-0152","address":"流山市前平井","voronoi":{"type":"Feature","geometry":{"type":"Polygon","coordinates":[[[139.909973,35.86976],[139.928222,35.858628],[139.93215,35.850761],[139.926142,35.846186],[139.920143,35.845648],[139.909085,35.848982],[139.908255,35.852513],[139.909818,35.869774],[139.909973,35.86976]]]},"properties":{}},"extra":false},
    {"code":2100422,"id":"7fc77a","name":"流山おおたかの森","original_name":"流山おおたかの森","name_kana":"ながれやまおおたかのもり","closed":false,"lat":35.872051,"lng":139.925898,"prefecture":12,"numbering":["12"],"lines":[21004,99309],"attr":"heat","postal_code":"270-0121","address":"流山市西初石六丁目","voronoi":{"type":"Feature","geometry":{"type":"Polygon","coordinates":[[[139.935479,35.887234],[139.909973,35.86976],[139.928222,35.858628],[139.938413,35.883529],[139.935479,35.887234]]]},"properties":{}},"extra":false},
    {"code":9930913,"id":"7bdd17","name":"柏の葉キャンパス","original_name":"柏の葉キャンパス","name_kana":"かしわのはきゃんぱす","closed":false,"lat":35.89308,"lng":139.952454,"prefecture":12,"numbering":["13"],"lines":[99309],"attr":"cool","postal_code":"277-0871","address":"柏市若柴","voronoi":{"type":"Feature","geometry":{"type":"Polygon","coordinates":[[[139.938413,35.883529],[139.935479,35.887234],[139.931968,35.900298],[139.932783,35.90832],[139.975966,35.896013],[139.96918,35.882182],[139.956564,35.874516],[139.938413,35.883529]]]},"properties":{}},"extra":false},
    {"code":9930914,"id":"715d73","name":"柏たなか","original_name":"柏たなか","name_kana":"かしわたなか","closed":false,"lat":35.9109,"lng":139.957533,"prefecture":12,"numbering":["14"],"lines":[99309],"attr":"heat","postal_code":"277-0803","address":"柏市小青田","voronoi":{"type":"Feature","geometry":{"type":"Polygon","coordinates":[[[139.975966,35.896013],[139.932783,35.90832],[139.931748,35.911913],[139.934632,35.954411],[139.935478,35.95713],[139.957634,35.945809],[139.976096,35.929694],[139.988187,35.90658],[139.975966,35.896013]]]},"properties":{}},"extra":false},
    {"code":9930915,"id":"f55a06","name":"守谷","original_name":"守谷","name_kana":"もりや","closed":false,"lat":35.950626,"lng":139.992209,"prefecture":8,"numbering":["15"],"lines":[99309,99318],"attr":"heat","postal_code":"302-0115","address":"守谷市守谷甲２２１５-２","voronoi":{"type":"Feature","geometry":{"type":"Polygon","coordinates":[[[140.025034,35.962834],[140.016926,35.954366],[139.976096,35.929694],[139.957634,35.945809],[140.017986,35.970171],[140.025034,35.962834]]]},"properties":{}},"extra":false},
    {"code":9930916,"id":"a8a31d","name":"みらい平","original_name":"みらい平","name_kana":"みらいだいら","closed":false,"lat":35.99514,"lng":140.038555,"prefecture":8,"numbering":["16"],"lines":[99309],"attr":"heat","postal_code":"300-2416","address":"つくばみらい市東楢戸字細久保１７２２-１","voronoi":{"type":"Feature","geometry":{"type":"Polygon","coordinates":[[[140.080393,35.95998],[140.086091,35.966068],[140.090868,35.990763],[140.024336,36.024344],[140.022396,36.021943],[140.009286,35.994679],[140.013341,35.978671],[140.017986,35.970171],[140.025034,35.962834],[140.03151,35.960437],[140.042902,35.957817],[140.056367,35.957132],[140.06844,35.957685],[140.080393,35.95998]]]},"properties":{}},"extra":false},
    {"code":9930917,"id":"1ed1b1","name":"みどりの","original_name":"みどりの","name_kana":"みどりの","closed":false,"lat":36.03025,"lng":140.056276,"prefecture":8,"numbering":["17"],"lines":[99309],"attr":"eco","postal_code":"305-0875","address":"つくば市大字花島新田","voronoi":{"type":"Feature","geometry":{"type":"Polygon","coordinates":[[[140.099339,36.039843],[140.025842,36.047801],[140.024924,36.044268],[140.024336,36.024344],[140.090868,35.990763],[140.106377,36.014692],[140.109545,36.029232],[140.099339,36.039843]]]},"properties":{}},"extra":false},
    {"code":9930918,"id":"c1ec1c","name":"万博記念公園(茨城)","original_name":"万博記念公園","name_kana":"ばんぱくきねんこうえん","closed":false,"lat":36.058431,"lng":140.059327,"prefecture":8,"numbering":["18"],"lines":[99309],"attr":"eco","postal_code":"300-2655","address":"つくば市島名字白合４３８６","voronoi":{"type":"Feature","geometry":{"type":"Polygon","coordinates":[[[140.030916,36.108172],[140.031214,36.108605],[140.096957,36.044918],[140.099339,36.039843],[140.025842,36.047801],[140.022124,36.070699],[140.028664,36.103786],[140.030916,36.108172]]]},"properties":{}},"extra":false},
    {"code":9930919,"id":"b44f75","name":"研究学園","original_name":"研究学園","name_kana":"けんきゅうがくえん","closed":false,"lat":36.0821,"lng":140.082256,"prefecture":8,"numbering":["19"],"lines":[99309],"attr":"cool","postal_code":"305-0822","address":"つくば市苅間１","voronoi":{"type":"Feature","geometry":{"type":"Polygon","coordinates":[[[140.058909,36.131548],[140.039366,36.133786],[140.031214,36.108605],[140.096957,36.044918],[140.095932,36.117608],[140.058909,36.131548]]]},"properties":{}},"extra":false},
    {"code":9930920,"id":"8ee741","name":"つくば","original_name":"つくば","name_kana":"つくば","closed":false,"lat":36.0825,"lng":140.110604,"prefecture":8,"numbering":["20"],"lines":[99309],"attr":"cool","postal_code":"305-0031","address":"つくば市吾妻２-４-１","voronoi":{"type":"Feature","geometry":{"type":"Polygon","coordinates":[[[140.099339,36.039843],[140.096957,36.044918],[140.095932,36.117608],[140.100305,36.117702],[140.129196,36.1049],[140.134519,36.09916],[140.146069,36.075685],[140.147832,36.066717],[140.117307,36.034213],[140.109545,36.029232],[140.099339,36.039843]]]},"properties":{}},"extra":false}
  ],
  "extra":false
}