{
  "code":99302,
  "id":"5d6ae3",
  "name":"都営浅草線",
  "name_kana":"とえいあさくさせん",
  "station_size":20,
  "company_code":119,
  "closed":false,
  "color":"#E85298",
  "symbol":"A",
  "station_list":[
    {"code":9930201,"id":"0f4b79","name":"西馬込","original_name":"西馬込","name_kana":"にしまごめ","closed":false,"lat":35.586859,"lng":139.705942,"prefecture":13,"numbering":["A01"],"lines":[99302],"attr":"eco","postal_code":"143-0026","address":"大田区西馬込２-１-６","voronoi":{"type":"Feature","geometry":{"type":"Polygon","coordinates":[[[139.717941,35.577801],[139.717128,35.586612],[139.703102,35.595151],[139.69755,35.592231],[139.694064,35.588129],[139.694076,35.587954],[139.695958,35.58277],[139.69782,35.580822],[139.716372,35.57692],[139.717613,35.577435],[139.717941,35.577801]]]},"properties":{}},"extra":false},
    {"code":9930202,"id":"5fbf12","name":"馬込","original_name":"馬込","name_kana":"まごめ","closed":false,"lat":35.596435,"lng":139.711772,"prefecture":13,"numbering":["A02"],"lines":[99302],"attr":"eco","postal_code":"143-0021","address":"大田区北馬込２-３１-９","voronoi":{"type":"Feature","geometry":{"type":"Polygon","coordinates":[[[139.711435,35.601131],[139.715842,35.600772],[139.719988,35.592804],[139.717128,35.586612],[139.703102,35.595151],[139.703774,35.596773],[139.711435,35.601131]]]},"properties":{}},"extra":false},
    {"code":2600404,"id":"616a50","name":"中延","original_name":"中延","name_kana":"なかのぶ","closed":false,"lat":35.60571,"lng":139.712526,"prefecture":13,"numbering":["A03"],"lines":[26004,99302],"attr":"cool","postal_code":"142-0053","address":"品川区中延４-５-５","voronoi":{"type":"Feature","geometry":{"type":"Polygon","coordinates":[[[139.715842,35.600772],[139.717232,35.603899],[139.7149,35.608076],[139.708958,35.607625],[139.711435,35.601131],[139.715842,35.600772]]]},"properties":{}},"extra":false},
    {"code":9930204,"id":"a7e1ba","name":"戸越","original_name":"戸越","name_kana":"とごし","closed":false,"lat":35.614633,"lng":139.716495,"prefecture":13,"numbering":["A04"],"lines":[99302],"attr":"eco","postal_code":"142-0041","address":"品川区戸越３-４-１７","voronoi":{"type":"Feature","geometry":{"type":"Polygon","coordinates":[[[139.71865,35.619027],[139.713775,35.61288],[139.715534,35.611228],[139.72229,35.613174],[139.723408,35.615015],[139.723178,35.615551],[139.71865,35.619027]]]},"properties":{}},"extra":false},
    {"code":1130202,"id":"11eb04","name":"五反田","original_name":"五反田","name_kana":"ごたんだ","closed":false,"lat":35.625974,"lng":139.723822,"prefecture":13,"numbering":["A05"],"lines":[11302,26005,99302],"attr":"eco","postal_code":"141-0022","address":"東京都品川区東五反田一丁目26","open_date":"1911-10-15","voronoi":{"type":"Feature","geometry":{"type":"Polygon","coordinates":[[[139.72986,35.625649],[139.726151,35.622888],[139.719219,35.625644],[139.719459,35.629605],[139.722286,35.632466],[139.724184,35.632099],[139.72986,35.625649]]]},"properties":{}},"extra":false},
    {"code":9930206,"id":"df5dc1","name":"高輪台","original_name":"高輪台","name_kana":"たかなわだい","closed":false,"lat":35.631679,"lng":139.730305,"prefecture":13,"numbering":["A06"],"lines":[99302],"attr":"eco","postal_code":"108-0071","address":"港区白金台２-２６-７","voronoi":{"type":"Feature","geometry":{"type":"Polygon","coordinates":[[[139.733042,35.625425],[139.732797,35.625189],[139.72986,35.625649],[139.724184,35.632099],[139.732033,35.637349],[139.734108,35.636647],[139.73472,35.635799],[139.735657,35.633214],[139.733042,35.625425]]]},"properties":{}},"extra":false},
    {"code":2700101,"id":"283523","name":"泉岳寺","original_name":"泉岳寺","name_kana":"せんがくじ","closed":false,"lat":35.638692,"lng":139.74002,"prefecture":13,"numbering":["A07"],"lines":[27001,99302],"attr":"eco","postal_code":"108-0074","address":"港区高輪２-１６-３４","voronoi":{"type":"Feature","geometry":{"type":"Polygon","coordinates":[[[139.747157,35.638611],[139.73472,35.635799],[139.734108,35.636647],[139.74055,35.645697],[139.747157,35.638611]]]},"properties":{}},"extra":false},
    {"code":9930208,"id":"3361a8","name":"三田(東京)","original_name":"三田","name_kana":"みた","closed":false,"lat":35.64818,"lng":139.748775,"prefecture":13,"numbering":["A08"],"lines":[99302,99303],"attr":"cool","postal_code":"108-0014","address":"港区芝５-３４-１０","voronoi":{"type":"Feature","geometry":{"type":"Polygon","coordinates":[[[139.75415,35.646161],[139.75303,35.644574],[139.743256,35.649373],[139.746298,35.651661],[139.753762,35.650333],[139.75415,35.646161]]]},"properties":{}},"extra":false},
    {"code":9930121,"id":"f05b47","name":"大門(東京)","original_name":"大門","name_kana":"だいもん","closed":false,"lat":35.656785,"lng":139.75466,"prefecture":13,"numbering":["A09"],"lines":[99301,99302],"attr":"cool","postal_code":"105-0013","address":"港区浜松町１-２７-１２","voronoi":{"type":"Feature","geometry":{"type":"Polygon","coordinates":[[[139.758046,35.659902],[139.756398,35.661328],[139.75105,35.657556],[139.75388,35.652507],[139.758046,35.659902]]]},"properties":{}},"extra":false},
    {"code":1130102,"id":"c3891c","name":"新橋","original_name":"新橋","name_kana":"しんばし","closed":false,"lat":35.666195,"lng":139.758587,"prefecture":13,"numbering":["A10"],"lines":[11301,11302,11308,11332,28001,99302,99311],"attr":"heat","postal_code":"105-0004","address":"東京都港区新橋二丁目17","open_date":"1909-12-16","voronoi":{"type":"Feature","geometry":{"type":"Polygon","coordinates":[[[139.760001,35.670275],[139.759876,35.670299],[139.753924,35.665314],[139.756182,35.662118],[139.762858,35.667624],[139.760001,35.670275]]]},"properties":{}},"extra":false},
    {"code":2800313,"id":"291247","name":"東銀座","original_name":"東銀座","name_kana":"ひがしぎんざ","closed":false,"lat":35.669464,"lng":139.767253,"prefecture":13,"numbering":["A11"],"lines":[28003,99302],"attr":"heat","postal_code":"104-0061","address":"中央区銀座４-１２-１５","voronoi":{"type":"Feature","geometry":{"type":"Polygon","coordinates":[[[139.770082,35.672032],[139.766494,35.671879],[139.763139,35.667511],[139.763176,35.667469],[139.769477,35.667002],[139.770384,35.670598],[139.770173,35.671964],[139.770082,35.672032]]]},"properties":{}},"extra":false},
    {"code":9930212,"id":"f9f40b","name":"宝町(東京)","original_name":"宝町","name_kana":"たからちょう","closed":false,"lat":35.675461,"lng":139.771767,"prefecture":13,"numbering":["A12"],"lines":[99302],"attr":"cool","postal_code":"104-0031","address":"中央区京橋２-１３-１１","voronoi":{"type":"Feature","geometry":{"type":"Polygon","coordinates":[[[139.770082,35.672032],[139.769509,35.674468],[139.77307,35.678656],[139.775171,35.678101],[139.77454,35.673662],[139.770173,35.671964],[139.770082,35.672032]]]},"properties":{}},"extra":false},
    {"code":2800109,"id":"4996b7","name":"日本橋(東京)","original_name":"日本橋","name_kana":"にほんばし","closed":false,"lat":35.682078,"lng":139.773516,"prefecture":13,"numbering":["A13"],"lines":[28001,28004,99302],"attr":"heat","postal_code":"103-0027","address":"中央区日本橋１丁目","voronoi":{"type":"Feature","geometry":{"type":"Polygon","coordinates":[[[139.770053,35.684644],[139.769607,35.683917],[139.769904,35.680711],[139.77307,35.678656],[139.775171,35.678101],[139.775898,35.678509],[139.77792,35.684151],[139.77774,35.684525],[139.770053,35.684644]]]},"properties":{}},"extra":false},
    {"code":2800309,"id":"ab81cc","name":"人形町","original_name":"人形町","name_kana":"にんぎょうちょう","closed":false,"lat":35.686307,"lng":139.782285,"prefecture":13,"numbering":["A14"],"lines":[28003,99302],"attr":"eco","postal_code":"103-0013","address":"中央区日本橋人形町２-６-５","voronoi":{"type":"Feature","geometry":{"type":"Polygon","coordinates":[[[139.784734,35.688702],[139.785713,35.686101],[139.781833,35.68279],[139.77792,35.684151],[139.77774,35.684525],[139.777911,35.686394],[139.781274,35.689318],[139.783803,35.689107],[139.784734,35.688702]]]},"properties":{}},"extra":false},
    {"code":9930215,"id":"788b4f","name":"東日本橋","original_name":"東日本橋","name_kana":"ひがしにほんばし","closed":false,"lat":35.692126,"lng":139.784821,"prefecture":13,"numbering":["A15"],"lines":[99302],"attr":"heat","postal_code":"103-0004","address":"中央区東日本橋３-１１-８","voronoi":{"type":"Feature","geometry":{"type":"Polygon","coordinates":[[[139.784734,35.688702],[139.783803,35.689107],[139.783792,35.693122],[139.784625,35.694765],[139.788603,35.695062],[139.789461,35.693067],[139.784734,35.688702]]]},"properties":{}},"extra":false},
    {"code":1131320,"id":"5fd731","name":"浅草橋","original_name":"浅草橋","name_kana":"あさくさばし","closed":false,"lat":35.697403,"lng":139.784427,"prefecture":13,"numbering":["A16"],"lines":[11313,99302],"attr":"heat","postal_code":"111-0053","address":"台東区浅草橋１丁目","voronoi":{"type":"Feature","geometry":{"type":"Polygon","coordinates":[[[139.77919,35.701047],[139.779176,35.700915],[139.780007,35.697106],[139.784625,35.694765],[139.788603,35.695062],[139.78924,35.698579],[139.785452,35.702803],[139.779428,35.70126],[139.77919,35.701047]]]},"properties":{}},"extra":false},
    {"code":9930112,"id":"4e445c","name":"蔵前","original_name":"蔵前","name_kana":"くらまえ","closed":false,"lat":35.703236,"lng":139.790931,"prefecture":13,"numbering":["A17"],"lines":[99301,99302],"attr":"eco","postal_code":"111-0051","address":"台東区蔵前２-３-１","voronoi":{"type":"Feature","geometry":{"type":"Polygon","coordinates":[[[139.795722,35.706591],[139.798387,35.704347],[139.799363,35.701846],[139.78924,35.698579],[139.785452,35.702803],[139.787041,35.706547],[139.795722,35.706591]]]},"properties":{}},"extra":false},
    {"code":2100201,"id":"6e2d5c","name":"浅草(その他)","original_name":"浅草","name_kana":"あさくさ","closed":false,"lat":35.711883,"lng":139.798214,"prefecture":13,"numbering":["A18"],"lines":[21002,28001,99302],"attr":"heat","postal_code":"111-0033","address":"東京都台東区花川戸一丁目4-1","voronoi":{"type":"Feature","geometry":{"type":"Polygon","coordinates":[[[139.804411,35.716038],[139.805137,35.721596],[139.804767,35.722639],[139.800433,35.722871],[139.798369,35.722088],[139.794598,35.710732],[139.795722,35.706591],[139.798387,35.704347],[139.804411,35.716038]]]},"properties":{}},"extra":false},
    {"code":9930219,"id":"864287","name":"本所吾妻橋","original_name":"本所吾妻橋","name_kana":"ほんじょあづまばし","closed":false,"lat":35.70858,"lng":139.804624,"prefecture":13,"numbering":["A19"],"lines":[99302],"attr":"heat","postal_code":"130-0001","address":"墨田区吾妻橋３-７-１６","voronoi":{"type":"Feature","geometry":{"type":"Polygon","coordinates":[[[139.804411,35.716038],[139.798387,35.704347],[139.799363,35.701846],[139.803332,35.698343],[139.804057,35.698393],[139.809589,35.70286],[139.804411,35.716038]]]},"properties":{}},"extra":false},
    {"code":2300201,"id":"ed5340","name":"押上（スカイツリー前）","original_name":"押上（スカイツリー前）","name_kana":"おしあげ","closed":false,"lat":35.710702,"lng":139.812935,"prefecture":13,"numbering":["A20"],"lines":[21002,23002,28008,99302],"attr":"heat","postal_code":"131-0045","address":"墨田区押上一丁目","voronoi":{"type":"Feature","geometry":{"type":"Polygon","coordinates":[[[139.818361,35.712845],[139.810684,35.716526],[139.81166,35.70359],[139.819875,35.7043],[139.820108,35.704531],[139.82028,35.71109],[139.818361,35.712845]]]},"properties":{}},"extra":false}
  ],
  "extra":false
}