{
  "code":99316,
  "id":395,
  "name":"横浜市営地下鉄ブルーライン",
  "name_kana":"よこはましえいちかてつぶるーらいん",
  "name_formal":"横浜市高速鉄道1号線・3号線",
  "station_size":32,
  "company_code":130,
  "closed":false,
  "color":"#006BF0",
  "symbol":"B",
  "station_list":[
    {"code":2600316,"id":5082,"name":"あざみ野","original_name":"あざみ野","name_kana":"あざみの","closed":false,"lat":35.568645,"lng":139.553462,"prefecture":14,"numbering":["B32"],"lines":[26003,99316],"attr":"eco","postal_code":"225-0011","address":"横浜市青葉区あざみ野２-１-１","voronoi":{"type":"Feature","geometry":{"type":"Polygon","coordinates":[[[139.52442,35.576141],[139.53838,35.566408],[139.560377,35.562121],[139.562809,35.569145],[139.532253,35.58649],[139.527213,35.58183],[139.52592,35.580139],[139.52442,35.576141]]]},"properties":{}},"extra":false},
    {"code":9931602,"id":6786,"name":"中川(神奈川)","original_name":"中川","name_kana":"なかがわ","closed":false,"lat":35.562973,"lng":139.569846,"prefecture":14,"numbering":["B31"],"lines":[99316],"attr":"eco","postal_code":"224-0001","address":"横浜市都筑区中川１-１-１","voronoi":{"type":"Feature","geometry":{"type":"Polygon","coordinates":[[[139.568834,35.553403],[139.562784,35.551866],[139.560377,35.562121],[139.562809,35.569145],[139.566845,35.572328],[139.581668,35.569307],[139.581283,35.564755],[139.568834,35.553403]]]},"properties":{}},"extra":false},
    {"code":9931603,"id":6787,"name":"センター北","original_name":"センター北","name_kana":"せんたーきた","closed":false,"lat":35.55353,"lng":139.578457,"prefecture":14,"numbering":["B30"],"lines":[99316,99343],"attr":"eco","postal_code":"224-0003","address":"横浜市都筑区中川中央１-１-１","voronoi":{"type":"Feature","geometry":{"type":"Polygon","coordinates":[[[139.581283,35.564755],[139.568834,35.553403],[139.585074,35.545003],[139.590317,35.548233],[139.581283,35.564755]]]},"properties":{}},"extra":false},
    {"code":9931604,"id":6788,"name":"センター南","original_name":"センター南","name_kana":"せんたーみなみ","closed":false,"lat":35.545476,"lng":139.574291,"prefecture":14,"numbering":["B29"],"lines":[99316,99343],"attr":"eco","postal_code":"224-0032","address":"横浜市都筑区茅ケ崎中央１-１","voronoi":{"type":"Feature","geometry":{"type":"Polygon","coordinates":[[[139.57527,35.530203],[139.561682,35.549963],[139.562784,35.551866],[139.568834,35.553403],[139.585074,35.545003],[139.57527,35.530203]]]},"properties":{}},"extra":false},
    {"code":9931605,"id":6789,"name":"仲町台","original_name":"仲町台","name_kana":"なかまちだい","closed":false,"lat":35.535258,"lng":139.589715,"prefecture":14,"numbering":["B28"],"lines":[99316],"attr":"eco","postal_code":"224-0041","address":"横浜市都筑区仲町台１-１-１","voronoi":{"type":"Feature","geometry":{"type":"Polygon","coordinates":[[[139.598073,35.523147],[139.603664,35.539684],[139.592882,35.547981],[139.590317,35.548233],[139.585074,35.545003],[139.57527,35.530203],[139.575082,35.526191],[139.584029,35.517855],[139.598073,35.523147]]]},"properties":{}},"extra":false},
    {"code":9931606,"id":6790,"name":"新羽","original_name":"新羽","name_kana":"にっぱ","closed":false,"lat":35.527701,"lng":139.612065,"prefecture":14,"numbering":["B27"],"lines":[99316],"attr":"eco","postal_code":"223-0057","address":"横浜市港北区新羽町１２８５-１","voronoi":{"type":"Feature","geometry":{"type":"Polygon","coordinates":[[[139.620686,35.524222],[139.623257,35.532876],[139.621734,35.536656],[139.608979,35.541222],[139.603664,35.539684],[139.598073,35.523147],[139.599367,35.522318],[139.620686,35.524222]]]},"properties":{}},"extra":false},
    {"code":9931607,"id":6791,"name":"北新横浜","original_name":"北新横浜","name_kana":"きたしんよこはま","closed":false,"lat":35.519271,"lng":139.612818,"prefecture":14,"numbering":["B26"],"lines":[99316],"attr":"eco","postal_code":"223-0057","address":"横浜市港北区新羽町５３９-１","voronoi":{"type":"Feature","geometry":{"type":"Polygon","coordinates":[[[139.599367,35.522318],[139.620686,35.524222],[139.622237,35.515883],[139.622078,35.515593],[139.60887,35.510786],[139.599367,35.522318]]]},"properties":{}},"extra":false},
    {"code":100203,"id":1372,"name":"新横浜","original_name":"新横浜","name_kana":"しんよこはま","closed":false,"lat":35.506824,"lng":139.617348,"prefecture":14,"numbering":["B25"],"lines":[1002,11306,26009,29003,99316],"attr":"cool","postal_code":"222-0026","address":"横浜市港北区篠原町","voronoi":{"type":"Feature","geometry":{"type":"Polygon","coordinates":[[[139.607983,35.501673],[139.60887,35.510786],[139.622078,35.515593],[139.625085,35.502435],[139.624478,35.50124],[139.607983,35.501673]]]},"properties":{}},"extra":false},
    {"code":9931609,"id":6792,"name":"岸根公園","original_name":"岸根公園","name_kana":"きしねこうえん","closed":false,"lat":35.496038,"lng":139.617065,"prefecture":14,"numbering":["B24"],"lines":[99316],"attr":"eco","postal_code":"222-0026","address":"横浜市港北区篠原町１１２３","voronoi":{"type":"Feature","geometry":{"type":"Polygon","coordinates":[[[139.607983,35.501673],[139.607461,35.500951],[139.615547,35.48632],[139.618389,35.485992],[139.625153,35.49727],[139.624478,35.50124],[139.607983,35.501673]]]},"properties":{}},"extra":false},
    {"code":9931610,"id":6793,"name":"片倉町","original_name":"片倉町","name_kana":"かたくらちょう","closed":false,"lat":35.490205,"lng":139.606511,"prefecture":14,"numbering":["B23"],"lines":[99316],"attr":"eco","postal_code":"221-0865","address":"横浜市神奈川区片倉１-３３-７","voronoi":{"type":"Feature","geometry":{"type":"Polygon","coordinates":[[[139.615547,35.48632],[139.610112,35.483026],[139.597017,35.484095],[139.592073,35.495306],[139.607461,35.500951],[139.615547,35.48632]]]},"properties":{}},"extra":false},
    {"code":9931611,"id":6794,"name":"三ツ沢上町","original_name":"三ツ沢上町","name_kana":"みつざわかみちょう","closed":false,"lat":35.476526,"lng":139.605395,"prefecture":14,"numbering":["B22"],"lines":[99316],"attr":"eco","postal_code":"221-0856","address":"横浜市神奈川区三ツ沢上町５-９","voronoi":{"type":"Feature","geometry":{"type":"Polygon","coordinates":[[[139.610112,35.483026],[139.597017,35.484095],[139.594254,35.472705],[139.596217,35.469879],[139.604055,35.465245],[139.606262,35.464967],[139.610089,35.467689],[139.610112,35.483026]]]},"properties":{}},"extra":false},
    {"code":9931612,"id":6795,"name":"三ツ沢下町","original_name":"三ツ沢下町","name_kana":"みつざわしもちょう","closed":false,"lat":35.476512,"lng":139.61481,"prefecture":14,"numbering":["B21"],"lines":[99316],"attr":"eco","postal_code":"221-0852","address":"横浜市神奈川区三ツ沢下町２-１６","voronoi":{"type":"Feature","geometry":{"type":"Polygon","coordinates":[[[139.621143,35.481978],[139.619974,35.484405],[139.618389,35.485992],[139.615547,35.48632],[139.610112,35.483026],[139.610089,35.467689],[139.614755,35.468292],[139.619443,35.471878],[139.621143,35.481978]]]},"properties":{}},"extra":false},
    {"code":1130105,"id":1262,"name":"横浜","original_name":"横浜","name_kana":"よこはま","closed":false,"lat":35.466195,"lng":139.622704,"prefecture":14,"numbering":["B20"],"lines":[11301,11307,11308,11328,11332,11333,26001,27001,29001,99310,99316],"attr":"cool","postal_code":"220-0011","address":"横浜市西区高島２丁目","voronoi":{"type":"Feature","geometry":{"type":"Polygon","coordinates":[[[139.614755,35.468292],[139.621,35.462082],[139.622626,35.462303],[139.627428,35.466566],[139.622707,35.470872],[139.619443,35.471878],[139.614755,35.468292]]]},"properties":{}},"extra":false},
    {"code":9931614,"id":6796,"name":"高島町","original_name":"高島町","name_kana":"たかしまちょう","closed":false,"lat":35.458575,"lng":139.623743,"prefecture":14,"numbering":["B19"],"lines":[26001,99316],"attr":"eco","postal_code":"220-0022","address":"横浜市西区花咲町７-４１","voronoi":{"type":"Feature","geometry":{"type":"Polygon","coordinates":[[[139.62788,35.455387],[139.624281,35.451945],[139.620487,35.460108],[139.621,35.462082],[139.622626,35.462303],[139.628036,35.457846],[139.62788,35.455387]]]},"properties":{}},"extra":false},
    {"code":1130702,"id":1389,"name":"桜木町","original_name":"桜木町","name_kana":"さくらぎちょう","closed":false,"lat":35.451112,"lng":139.630881,"prefecture":14,"numbering":["B18"],"lines":[11307,26001,99316],"attr":"cool","postal_code":"231-0062","address":"横浜市中区桜木町１丁目","voronoi":{"type":"Feature","geometry":{"type":"Polygon","coordinates":[[[139.634155,35.454021],[139.62788,35.455387],[139.624281,35.451945],[139.624192,35.451761],[139.631838,35.446034],[139.632654,35.446221],[139.632726,35.446277],[139.634155,35.454021]]]},"properties":{}},"extra":false},
    {"code":1130703,"id":1390,"name":"関内","original_name":"関内","name_kana":"かんない","closed":false,"lat":35.443336,"lng":139.636984,"prefecture":14,"numbering":["B17"],"lines":[11307,99316],"attr":"cool","postal_code":"231-0017","address":"横浜市中区港町１丁目","voronoi":{"type":"Feature","geometry":{"type":"Polygon","coordinates":[[[139.63761,35.437986],[139.632654,35.446221],[139.632726,35.446277],[139.638619,35.446978],[139.641238,35.442752],[139.63761,35.437986]]]},"properties":{}},"extra":false},
    {"code":9931617,"id":6797,"name":"伊勢佐木長者町","original_name":"伊勢佐木長者町","name_kana":"いせざきちょうじゃまち","closed":false,"lat":35.441044,"lng":139.633176,"prefecture":14,"numbering":["B16"],"lines":[99316],"attr":"heat","postal_code":"231-0033","address":"横浜市中区長者町５-４８","voronoi":{"type":"Feature","geometry":{"type":"Polygon","coordinates":[[[139.632654,35.446221],[139.631838,35.446034],[139.628289,35.440902],[139.63372,35.428365],[139.633829,35.428377],[139.63584,35.43026],[139.63761,35.437986],[139.632654,35.446221]]]},"properties":{}},"extra":false},
    {"code":9931618,"id":6798,"name":"阪東橋","original_name":"阪東橋","name_kana":"ばんどうばし","closed":false,"lat":35.437434,"lng":139.624843,"prefecture":14,"numbering":["B15"],"lines":[99316],"attr":"heat","postal_code":"231-0058","address":"横浜市中区弥生町５-４８","voronoi":{"type":"Feature","geometry":{"type":"Polygon","coordinates":[[[139.621651,35.436455],[139.625426,35.424057],[139.63372,35.428365],[139.628289,35.440902],[139.626301,35.441357],[139.621651,35.436455]]]},"properties":{}},"extra":false},
    {"code":9931619,"id":6799,"name":"吉野町","original_name":"吉野町","name_kana":"よしのちょう","closed":false,"lat":35.435489,"lng":139.618455,"prefecture":14,"numbering":["B14"],"lines":[99316],"attr":"heat","postal_code":"232-0014","address":"横浜市南区吉野町３-７","voronoi":{"type":"Feature","geometry":{"type":"Polygon","coordinates":[[[139.621651,35.436455],[139.617205,35.440689],[139.614745,35.432029],[139.622066,35.421044],[139.625426,35.424057],[139.621651,35.436455]]]},"properties":{}},"extra":false},
    {"code":9931620,"id":6800,"name":"蒔田","original_name":"蒔田","name_kana":"まいた","closed":false,"lat":35.429935,"lng":139.610123,"prefecture":14,"numbering":["B13"],"lines":[99316],"attr":"heat","postal_code":"232-0016","address":"横浜市南区宮元町３-４６","voronoi":{"type":"Feature","geometry":{"type":"Polygon","coordinates":[[[139.604146,35.428983],[139.606941,35.435697],[139.614745,35.432029],[139.622066,35.421044],[139.619512,35.416332],[139.615461,35.415282],[139.604146,35.428983]]]},"properties":{}},"extra":false},
    {"code":9931621,"id":6801,"name":"弘明寺(横浜市交通局)","original_name":"弘明寺","name_kana":"ぐみょうじ","closed":false,"lat":35.423294,"lng":139.602081,"prefecture":14,"numbering":["B12"],"lines":[99316],"attr":"heat","postal_code":"232-0056","address":"横浜市南区通町四丁目114","voronoi":{"type":"Feature","geometry":{"type":"Polygon","coordinates":[[[139.610475,35.41191],[139.59802,35.416872],[139.600377,35.42846],[139.604146,35.428983],[139.615461,35.415282],[139.610475,35.41191]]]},"properties":{}},"extra":false},
    {"code":2700133,"id":5160,"name":"上大岡","original_name":"上大岡","name_kana":"かみおおおか","closed":false,"lat":35.409418,"lng":139.596552,"prefecture":14,"numbering":["B11"],"lines":[27001,99316],"attr":"heat","postal_code":"233-0002","address":"横浜市港南区上大岡西１-６-１","voronoi":{"type":"Feature","geometry":{"type":"Polygon","coordinates":[[[139.580678,35.41715],[139.582057,35.413052],[139.60153,35.400037],[139.607658,35.405599],[139.610475,35.41191],[139.59802,35.416872],[139.580678,35.41715]]]},"properties":{}},"extra":false},
    {"code":9931623,"id":6802,"name":"港南中央","original_name":"港南中央","name_kana":"こうなんちゅうおう","closed":false,"lat":35.401049,"lng":139.590958,"prefecture":14,"numbering":["B10"],"lines":[99316],"attr":"cool","postal_code":"233-0004","address":"横浜市港南区港南中央通１０-B-１","voronoi":{"type":"Feature","geometry":{"type":"Polygon","coordinates":[[[139.60153,35.400037],[139.598368,35.391099],[139.584712,35.387483],[139.581611,35.389248],[139.582057,35.413052],[139.60153,35.400037]]]},"properties":{}},"extra":false},
    {"code":9931624,"id":6803,"name":"上永谷","original_name":"上永谷","name_kana":"かみながや","closed":false,"lat":35.401391,"lng":139.572713,"prefecture":14,"numbering":["B09"],"lines":[99316],"attr":"cool","postal_code":"233-0013","address":"横浜市港南区丸山台１-１-１","voronoi":{"type":"Feature","geometry":{"type":"Polygon","coordinates":[[[139.581611,35.389248],[139.564596,35.386956],[139.567534,35.4174],[139.575998,35.422053],[139.580678,35.41715],[139.582057,35.413052],[139.581611,35.389248]]]},"properties":{}},"extra":false},
    {"code":9931625,"id":6804,"name":"下永谷","original_name":"下永谷","name_kana":"しもながや","closed":false,"lat":35.402677,"lng":139.559389,"prefecture":14,"numbering":["B08"],"lines":[99316],"attr":"cool","postal_code":"233-0015","address":"横浜市港南区日限山１-５８-２７","voronoi":{"type":"Feature","geometry":{"type":"Polygon","coordinates":[[[139.555463,35.416269],[139.555431,35.385099],[139.559714,35.383963],[139.564596,35.386956],[139.567534,35.4174],[139.555463,35.416269]]]},"properties":{}},"extra":false},
    {"code":9931626,"id":6805,"name":"舞岡","original_name":"舞岡","name_kana":"まいおか","closed":false,"lat":35.402685,"lng":139.551509,"prefecture":14,"numbering":["B07"],"lines":[99316],"attr":"cool","postal_code":"244-0813","address":"横浜市戸塚区舞岡町７７１","voronoi":{"type":"Feature","geometry":{"type":"Polygon","coordinates":[[[139.555463,35.416269],[139.5406,35.419107],[139.544995,35.385504],[139.555431,35.385099],[139.555463,35.416269]]]},"properties":{}},"extra":false},
    {"code":1130106,"id":1263,"name":"戸塚","original_name":"戸塚","name_kana":"とつか","closed":false,"lat":35.400432,"lng":139.534282,"prefecture":14,"numbering":["B06"],"lines":[11301,11308,11328,11333,99316],"attr":"cool","postal_code":"244-0003","address":"横浜市戸塚区戸塚町","voronoi":{"type":"Feature","geometry":{"type":"Polygon","coordinates":[[[139.528086,35.377259],[139.517637,35.377961],[139.532309,35.42132],[139.536069,35.422517],[139.5406,35.419107],[139.544995,35.385504],[139.528086,35.377259]]]},"properties":{}},"extra":false},
    {"code":9931628,"id":6806,"name":"踊場","original_name":"踊場","name_kana":"おどりば","closed":false,"lat":35.405922,"lng":139.518058,"prefecture":14,"numbering":["B05"],"lines":[99316],"attr":"cool","postal_code":"245-0014","address":"横浜市泉区中田南１-２-１","voronoi":{"type":"Feature","geometry":{"type":"Polygon","coordinates":[[[139.502689,35.377033],[139.502522,35.377389],[139.501537,35.391591],[139.525207,35.42212],[139.532309,35.42132],[139.517637,35.377961],[139.504855,35.374777],[139.502689,35.377033]]]},"properties":{}},"extra":false},
    {"code":9931629,"id":6807,"name":"中田(神奈川)","original_name":"中田","name_kana":"なかだ","closed":false,"lat":35.411161,"lng":139.511301,"prefecture":14,"numbering":["B04"],"lines":[99316],"attr":"cool","postal_code":"245-0014","address":"横浜市泉区中田南３-１-５","voronoi":{"type":"Feature","geometry":{"type":"Polygon","coordinates":[[[139.525207,35.42212],[139.521211,35.423606],[139.507866,35.420274],[139.500674,35.394757],[139.501537,35.391591],[139.525207,35.42212]]]},"properties":{}},"extra":false},
    {"code":9931630,"id":6808,"name":"立場","original_name":"立場","name_kana":"たてば","closed":false,"lat":35.414296,"lng":139.500177,"prefecture":14,"numbering":["B03"],"lines":[99316],"attr":"cool","postal_code":"245-0015","address":"横浜市泉区中田西１-１-３０","voronoi":{"type":"Feature","geometry":{"type":"Polygon","coordinates":[[[139.500674,35.394757],[139.493042,35.406766],[139.49422,35.42072],[139.501164,35.423033],[139.507866,35.420274],[139.500674,35.394757]]]},"properties":{}},"extra":false},
    {"code":9931631,"id":6809,"name":"下飯田","original_name":"下飯田","name_kana":"しもいいだ","closed":false,"lat":35.403503,"lng":139.483195,"prefecture":14,"numbering":["B02"],"lines":[99316],"attr":"cool","postal_code":"245-0017","address":"横浜市泉区下飯田町８２９-１","voronoi":{"type":"Feature","geometry":{"type":"Polygon","coordinates":[[[139.502522,35.377389],[139.477692,35.393149],[139.474689,35.400316],[139.489476,35.407989],[139.493042,35.406766],[139.500674,35.394757],[139.501537,35.391591],[139.502522,35.377389]]]},"properties":{}},"extra":false},
    {"code":2500210,"id":5031,"name":"湘南台","original_name":"湘南台","name_kana":"しょうなんだい","closed":false,"lat":35.396488,"lng":139.466451,"prefecture":14,"numbering":["B01"],"lines":[25002,29002,99316],"attr":"cool","postal_code":"252-0804","address":"藤沢市湘南台２-１５","voronoi":{"type":"Feature","geometry":{"type":"Polygon","coordinates":[[[139.423283,35.401526],[139.422456,35.394573],[139.422458,35.39446],[139.432288,35.378115],[139.477692,35.393149],[139.474689,35.400316],[139.472034,35.404986],[139.423283,35.401526]]]},"properties":{}},"extra":false}
  ],
  "extra":false
}