{
  "code":99327,
  "id":405,
  "name":"上信電鉄",
  "name_kana":"じょうしんでんてつ",
  "station_size":21,
  "company_code":140,
  "closed":false,
  "station_list":[
    {"code":100506,"id":1586,"name":"高崎","original_name":"高崎","name_kana":"たかさき","closed":false,"lat":36.322239,"lng":139.012354,"prefecture":10,"lines":[1005,1009,11318,11323,11337,11341,11342,99327],"attr":"eco","postal_code":"370-0849","address":"高崎市八島町","voronoi":{"type":"Feature","geometry":{"type":"Polygon","coordinates":[[[139.012673,36.334575],[138.987545,36.317453],[139.032241,36.317275],[139.034975,36.318072],[139.041385,36.328876],[139.012673,36.334575]]]},"properties":{}},"extra":false},
    {"code":9932702,"id":6907,"name":"南高崎","original_name":"南高崎","name_kana":"みなみたかさき","closed":false,"lat":36.31247,"lng":139.012315,"prefecture":10,"lines":[99327],"attr":"heat","postal_code":"370-0846","address":"高崎市下和田町３-７-６","voronoi":{"type":"Feature","geometry":{"type":"Polygon","coordinates":[[[138.974552,36.296025],[138.972376,36.297805],[138.979888,36.314184],[138.987545,36.317453],[139.032241,36.317275],[138.992624,36.294363],[138.98371,36.291498],[138.974552,36.296025]]]},"properties":{}},"extra":false},
    {"code":9932721,"id":9177,"name":"佐野のわたし","original_name":"佐野のわたし","name_kana":"さののわたし","closed":false,"lat":36.3024,"lng":139.018139,"prefecture":10,"lines":[99327],"attr":"heat","postal_code":"370-0857","address":"群馬県高崎市上佐野町字舟橋167-3","open_date":"2014-12-22","voronoi":{"type":"Feature","geometry":{"type":"Polygon","coordinates":[[[139.031049,36.297897],[138.992624,36.294363],[139.032241,36.317275],[139.034975,36.318072],[139.033686,36.299573],[139.031049,36.297897]]]},"properties":{}},"extra":false},
    {"code":9932703,"id":6908,"name":"根小屋","original_name":"根小屋","name_kana":"ねごや","closed":false,"lat":36.291114,"lng":139.019177,"prefecture":10,"lines":[99327],"attr":"heat","postal_code":"370-1214","address":"高崎市根小屋町２０４０-３","voronoi":{"type":"Feature","geometry":{"type":"Polygon","coordinates":[[[139.031049,36.297897],[138.992624,36.294363],[138.98371,36.291498],[138.991432,36.283847],[139.01649,36.275527],[139.031049,36.297897]]]},"properties":{}},"extra":false},
    {"code":9932704,"id":6909,"name":"高崎商科大学前","original_name":"高崎商科大学前","name_kana":"たかさきしょうかだいがくまえ","closed":false,"lat":36.284295,"lng":139.029654,"prefecture":10,"lines":[99327],"attr":"heat","postal_code":"370-1214","address":"高崎市根小屋町８８６-２","voronoi":{"type":"Feature","geometry":{"type":"Polygon","coordinates":[[[139.041223,36.29019],[139.031253,36.27764],[139.01697,36.2751],[139.01649,36.275527],[139.031049,36.297897],[139.033686,36.299573],[139.041223,36.29019]]]},"properties":{}},"extra":false},
    {"code":9932705,"id":6910,"name":"山名","original_name":"山名","name_kana":"やまな","closed":false,"lat":36.277587,"lng":139.038098,"prefecture":10,"lines":[99327],"attr":"heat","postal_code":"370-1213","address":"高崎市山名町１５１５-３","voronoi":{"type":"Feature","geometry":{"type":"Polygon","coordinates":[[[139.031253,36.27764],[139.041223,36.29019],[139.059317,36.281094],[139.06119,36.264712],[139.055747,36.255666],[139.031253,36.27764]]]},"properties":{}},"extra":false},
    {"code":9932706,"id":6911,"name":"西山名","original_name":"西山名","name_kana":"にしやまな","closed":false,"lat":36.270841,"lng":139.032046,"prefecture":10,"lines":[99327],"attr":"eco","postal_code":"370-1213","address":"高崎市山名町１２６１-２","voronoi":{"type":"Feature","geometry":{"type":"Polygon","coordinates":[[[139.031253,36.27764],[139.01697,36.2751],[139.037764,36.224899],[139.044629,36.227833],[139.055747,36.255666],[139.031253,36.27764]]]},"properties":{}},"extra":false},
    {"code":9932707,"id":6912,"name":"馬庭","original_name":"馬庭","name_kana":"まにわ","closed":false,"lat":36.261428,"lng":139.009321,"prefecture":10,"lines":[99327],"attr":"eco","postal_code":"370-2104","address":"群馬県高崎市吉井町馬庭191-1","voronoi":{"type":"Feature","geometry":{"type":"Polygon","coordinates":[[[139.031244,36.219704],[139.008301,36.205935],[138.991432,36.283847],[139.01649,36.275527],[139.01697,36.2751],[139.037764,36.224899],[139.031244,36.219704]]]},"properties":{}},"extra":false},
    {"code":9932708,"id":6913,"name":"吉井(群馬)","original_name":"吉井","name_kana":"よしい","closed":false,"lat":36.256036,"lng":138.984418,"prefecture":10,"lines":[99327],"attr":"eco","postal_code":"370-2132","address":"多野郡吉井町吉井２１９","voronoi":{"type":"Feature","geometry":{"type":"Polygon","coordinates":[[[138.991432,36.283847],[139.008301,36.205935],[138.976405,36.174874],[138.974552,36.296025],[138.98371,36.291498],[138.991432,36.283847]]]},"properties":{}},"extra":false},
    {"code":9932709,"id":6914,"name":"西吉井","original_name":"西吉井","name_kana":"にしよしい","closed":false,"lat":36.255753,"lng":138.965914,"prefecture":10,"lines":[99327],"attr":"eco","postal_code":"370-2127","address":"多野郡吉井町長根１３６７-３４","voronoi":{"type":"Feature","geometry":{"type":"Polygon","coordinates":[[[138.972376,36.297805],[138.959658,36.296488],[138.956741,36.150803],[138.976405,36.174874],[138.974552,36.296025],[138.972376,36.297805]]]},"properties":{}},"extra":false},
    {"code":9932710,"id":6915,"name":"上州新屋","original_name":"上州新屋","name_kana":"じょうしゅうにいや","closed":false,"lat":36.256036,"lng":138.951776,"prefecture":10,"lines":[99327],"attr":"eco","postal_code":"370-2216","address":"甘楽郡甘楽町金井３４３-４","voronoi":{"type":"Feature","geometry":{"type":"Polygon","coordinates":[[[138.9413,36.297761],[138.938423,36.125024],[138.956741,36.150803],[138.959658,36.296488],[138.9413,36.297761]]]},"properties":{}},"extra":false},
    {"code":9932711,"id":6916,"name":"上州福島","original_name":"上州福島","name_kana":"じょうしゅうふくしま","closed":false,"lat":36.256408,"lng":138.92944,"prefecture":10,"lines":[99327],"attr":"eco","postal_code":"370-2212","address":"甘楽郡甘楽町福島６６４-５","voronoi":{"type":"Feature","geometry":{"type":"Polygon","coordinates":[[[138.9413,36.297761],[138.941012,36.29786],[138.921319,36.293915],[138.901134,36.167794],[138.90176,36.155566],[138.910542,36.101004],[138.925747,36.103532],[138.938423,36.125024],[138.9413,36.297761]]]},"properties":{}},"extra":false},
    {"code":9932712,"id":6917,"name":"東富岡","original_name":"東富岡","name_kana":"ひがしとみおか","closed":false,"lat":36.260816,"lng":138.901898,"prefecture":10,"lines":[99327],"attr":"eco","postal_code":"370-2316","address":"富岡市富岡１９５５-２","voronoi":{"type":"Feature","geometry":{"type":"Polygon","coordinates":[[[138.895535,36.298454],[138.899961,36.173532],[138.901134,36.167794],[138.921319,36.293915],[138.895535,36.298454]]]},"properties":{}},"extra":false},
    {"code":9932713,"id":6918,"name":"上州富岡","original_name":"上州富岡","name_kana":"じょうしゅうとみおか","closed":false,"lat":36.26046,"lng":138.891851,"prefecture":10,"lines":[99327],"attr":"eco","postal_code":"370-2316","address":"富岡市富岡１５９９-３","voronoi":{"type":"Feature","geometry":{"type":"Polygon","coordinates":[[[138.895535,36.298454],[138.899961,36.173532],[138.888675,36.216083],[138.886205,36.29662],[138.889554,36.300346],[138.895535,36.298454]]]},"properties":{}},"extra":false},
    {"code":9932714,"id":6919,"name":"西富岡","original_name":"西富岡","name_kana":"にしとみおか","closed":false,"lat":36.260182,"lng":138.882786,"prefecture":10,"lines":[99327],"attr":"eco","postal_code":"370-2343","address":"富岡市七日市６７１-８","voronoi":{"type":"Feature","geometry":{"type":"Polygon","coordinates":[[[138.873802,36.285866],[138.884685,36.226639],[138.888675,36.216083],[138.886205,36.29662],[138.873802,36.285866]]]},"properties":{}},"extra":false},
    {"code":9932715,"id":6920,"name":"上州七日市","original_name":"上州七日市","name_kana":"じょうしゅうなのかいち","closed":false,"lat":36.258666,"lng":138.874536,"prefecture":10,"lines":[99327],"attr":"eco","postal_code":"370-2343","address":"富岡市七日市１６２５-１","voronoi":{"type":"Feature","geometry":{"type":"Polygon","coordinates":[[[138.873802,36.285866],[138.858446,36.276247],[138.884685,36.226639],[138.873802,36.285866]]]},"properties":{}},"extra":false},
    {"code":9932716,"id":6921,"name":"上州一ノ宮","original_name":"上州一ノ宮","name_kana":"じょうしゅういちのみや","closed":false,"lat":36.253053,"lng":138.863924,"prefecture":10,"lines":[99327],"attr":"eco","postal_code":"370-2452","address":"富岡市一ノ宮２２６-２","voronoi":{"type":"Feature","geometry":{"type":"Polygon","coordinates":[[[138.841851,36.271023],[138.90176,36.155566],[138.901134,36.167794],[138.899961,36.173532],[138.888675,36.216083],[138.884685,36.226639],[138.858446,36.276247],[138.841851,36.271023]]]},"properties":{}},"extra":false},
    {"code":9932717,"id":6922,"name":"神農原","original_name":"神農原","name_kana":"かのはら","closed":false,"lat":36.242629,"lng":138.843835,"prefecture":10,"lines":[99327],"attr":"cool","postal_code":"370-2455","address":"富岡市神農原６４７-２","voronoi":{"type":"Feature","geometry":{"type":"Polygon","coordinates":[[[138.90176,36.155566],[138.910542,36.101004],[138.891093,36.091721],[138.836311,36.189124],[138.824113,36.272873],[138.841851,36.271023],[138.90176,36.155566]]]},"properties":{}},"extra":false},
    {"code":9932718,"id":6923,"name":"南蛇井","original_name":"南蛇井","name_kana":"なんじゃい","closed":false,"lat":36.23826,"lng":138.813838,"prefecture":10,"lines":[99327],"attr":"cool","postal_code":"370-2464","address":"富岡市南蛇井４９６-２","voronoi":{"type":"Feature","geometry":{"type":"Polygon","coordinates":[[[138.78716,36.26947],[138.81803,36.276495],[138.824113,36.272873],[138.836311,36.189124],[138.823907,36.201252],[138.78716,36.26947]]]},"properties":{}},"extra":false},
    {"code":9932719,"id":6924,"name":"千平","original_name":"千平","name_kana":"せんだいら","closed":false,"lat":36.230021,"lng":138.798543,"prefecture":10,"lines":[99327],"attr":"cool","postal_code":"370-2464","address":"富岡市南蛇井乙２０３８","voronoi":{"type":"Feature","geometry":{"type":"Polygon","coordinates":[[[138.823907,36.201252],[138.727557,36.259751],[138.737513,36.265445],[138.764994,36.269235],[138.78716,36.26947],[138.823907,36.201252]]]},"properties":{}},"extra":false},
    {"code":9932720,"id":6925,"name":"下仁田","original_name":"下仁田","name_kana":"しもにた","closed":false,"lat":36.210484,"lng":138.786681,"prefecture":10,"lines":[99327],"attr":"cool","postal_code":"370-2601","address":"甘楽郡下仁田町下仁田甲３７４-４","voronoi":{"type":"Feature","geometry":{"type":"Polygon","coordinates":[[[138.679941,36.241256],[138.638971,36.194351],[138.63922,36.182654],[138.639633,36.178449],[138.647551,36.125077],[138.654949,36.104603],[138.703597,36.041704],[138.75367,35.986338],[138.891093,36.091721],[138.836311,36.189124],[138.823907,36.201252],[138.727557,36.259751],[138.679941,36.241256]]]},"properties":{}},"extra":false}
  ],
  "extra":false
}