{
  "code":99339,
  "id":"68edaa",
  "name":"箱根登山鉄道",
  "name_kana":"はこねとざんてつどう",
  "name_formal":"箱根登山鉄道鉄道線",
  "station_size":11,
  "company_code":151,
  "closed":false,
  "color":"#A14023",
  "symbol":"OH",
  "station_list":[
    {"code":100204,"id":"eaa3c7","name":"小田原","original_name":"小田原","name_kana":"おだわら","closed":false,"lat":35.256225,"lng":139.155772,"prefecture":14,"numbering":["OH47"],"lines":[1002,11301,25001,99314,99339],"attr":"heat","postal_code":"250-0011","address":"小田原市栄町１丁目","voronoi":{"type":"Feature","geometry":{"type":"Polygon","coordinates":[[[139.202833,35.215034],[139.151238,35.263276],[139.149383,35.263513],[139.138184,35.262575],[139.13824,35.262426],[139.159896,35.241657],[139.202833,35.215034]]]},"properties":{}},"extra":false},
    {"code":9933902,"id":"dec9a4","name":"箱根板橋","original_name":"箱根板橋","name_kana":"はこねいたばし","closed":false,"lat":35.245169,"lng":139.145169,"prefecture":14,"numbering":["OH48"],"lines":[99339],"attr":"heat","postal_code":"250-0034","address":"小田原市板橋字薮田１５０-２","voronoi":{"type":"Feature","geometry":{"type":"Polygon","coordinates":[[[139.13824,35.262426],[139.136907,35.242224],[139.159896,35.241657],[139.13824,35.262426]]]},"properties":{}},"extra":false},
    {"code":9933903,"id":"f1518f","name":"風祭","original_name":"風祭","name_kana":"かざまつり","closed":false,"lat":35.246229,"lng":139.129104,"prefecture":14,"numbering":["OH49"],"lines":[99339],"attr":"heat","postal_code":"250-0032","address":"小田原市風祭字中瀬２４０-２","voronoi":{"type":"Feature","geometry":{"type":"Polygon","coordinates":[[[139.105889,35.271973],[139.119743,35.270519],[139.130675,35.267895],[139.135913,35.264831],[139.138184,35.262575],[139.13824,35.262426],[139.136907,35.242224],[139.132522,35.232736],[139.105889,35.271973]]]},"properties":{}},"extra":false},
    {"code":9933904,"id":"9a66ec","name":"入生田","original_name":"入生田","name_kana":"いりうだ","closed":false,"lat":35.240894,"lng":139.121244,"prefecture":14,"numbering":["OH50"],"lines":[99339],"attr":"heat","postal_code":"250-0031","address":"小田原市入生田字松葉１９０-４","voronoi":{"type":"Feature","geometry":{"type":"Polygon","coordinates":[[[139.10265,35.272773],[139.099321,35.273207],[139.101742,35.262863],[139.120735,35.217571],[139.13165,35.222472],[139.132522,35.232736],[139.105889,35.271973],[139.10265,35.272773]]]},"properties":{}},"extra":false},
    {"code":9933905,"id":"0d124f","name":"箱根湯本","original_name":"箱根湯本","name_kana":"はこねゆもと","closed":false,"lat":35.233555,"lng":139.103743,"prefecture":14,"numbering":["OH51"],"lines":[99339],"attr":"heat","postal_code":"250-0311","address":"足柄下郡箱根町湯本白石下７０７-１","voronoi":{"type":"Feature","geometry":{"type":"Polygon","coordinates":[[[139.120735,35.217571],[139.101742,35.262863],[139.094508,35.190021],[139.096061,35.189993],[139.120735,35.217571]]]},"properties":{}},"extra":false},
    {"code":9933906,"id":"219127","name":"塔ノ沢","original_name":"塔ノ沢","name_kana":"とうのさわ","closed":false,"lat":35.234521,"lng":139.094016,"prefecture":14,"numbering":["OH52"],"lines":[99339],"attr":"cool","postal_code":"250-0315","address":"足柄下郡箱根町塔之澤恵ケ平４６-２","voronoi":{"type":"Feature","geometry":{"type":"Polygon","coordinates":[[[139.073977,35.188133],[139.092187,35.276771],[139.097794,35.274032],[139.099321,35.273207],[139.101742,35.262863],[139.094508,35.190021],[139.073977,35.188133]]]},"properties":{}},"extra":false},
    {"code":9933907,"id":"28d7c7","name":"大平台","original_name":"大平台","name_kana":"おおひらだい","closed":false,"lat":35.238664,"lng":139.073849,"prefecture":14,"numbering":["OH53"],"lines":[99339],"attr":"cool","postal_code":"250-0405","address":"足柄下郡箱根町大平台大向３５５","voronoi":{"type":"Feature","geometry":{"type":"Polygon","coordinates":[[[139.073977,35.188133],[139.058876,35.183513],[139.06172,35.217923],[139.080928,35.281755],[139.090471,35.278217],[139.092187,35.276771],[139.073977,35.188133]]]},"properties":{}},"extra":false},
    {"code":9933908,"id":"2260c1","name":"宮ノ下","original_name":"宮ノ下","name_kana":"みやのした","closed":false,"lat":35.241913,"lng":139.063052,"prefecture":14,"numbering":["OH54"],"lines":[99339],"attr":"cool","postal_code":"250-0404","address":"足柄下郡箱根町宮ノ下字蛇骨４０４-１１","voronoi":{"type":"Feature","geometry":{"type":"Polygon","coordinates":[[[139.07782,35.283391],[139.061467,35.256145],[139.057432,35.245483],[139.06172,35.217923],[139.080928,35.281755],[139.07782,35.283391]]]},"properties":{}},"extra":false},
    {"code":9933909,"id":"0e3989","name":"小涌谷","original_name":"小涌谷","name_kana":"こわきだに","closed":false,"lat":35.240374,"lng":139.053162,"prefecture":14,"numbering":["OH55"],"lines":[99339],"attr":"heat","postal_code":"250-0406","address":"足柄下郡箱根町小涌谷字四面塔４６６-６","voronoi":{"type":"Feature","geometry":{"type":"Polygon","coordinates":[[[139.026477,35.166666],[139.02495,35.166532],[138.994183,35.185745],[138.988459,35.215923],[139.024693,35.233217],[139.057432,35.245483],[139.06172,35.217923],[139.058876,35.183513],[139.026477,35.166666]]]},"properties":{}},"extra":false},
    {"code":9933910,"id":"785693","name":"彫刻の森","original_name":"彫刻の森","name_kana":"ちょうこくのもり","closed":false,"lat":35.246529,"lng":139.050856,"prefecture":14,"numbering":["OH56"],"lines":[99339],"attr":"eco","postal_code":"250-0407","address":"足柄下郡箱根町二ノ平字北畑１２０４-６","voronoi":{"type":"Feature","geometry":{"type":"Polygon","coordinates":[[[139.024693,35.233217],[139.057432,35.245483],[139.061467,35.256145],[139.024693,35.233217]]]},"properties":{}},"extra":false},
    {"code":9933911,"id":"036fb6","name":"強羅","original_name":"強羅","name_kana":"ごうら","closed":false,"lat":35.25085,"lng":139.048162,"prefecture":14,"numbering":["OH57"],"lines":[99339],"attr":"eco","postal_code":"250-0408","address":"足柄下郡箱根町強羅１３００-３２９","open_date":"1919-06-01","voronoi":{"type":"Feature","geometry":{"type":"Polygon","coordinates":[[[139.024693,35.233217],[138.988459,35.215923],[138.983367,35.234215],[138.983905,35.249839],[138.987635,35.267115],[138.989055,35.270411],[139.035086,35.308009],[139.046373,35.308978],[139.07782,35.283391],[139.061467,35.256145],[139.024693,35.233217]]]},"properties":{}},"extra":false}
  ],
  "extra":false
}