{
  "code":99346,
  "id":"be0228",
  "name":"上野懸垂線(上野動物園モノレール)",
  "name_kana":"うえのけんすいせん(うえのどうぶつえんものれーる)",
  "name_formal":"上野懸垂線",
  "station_size":2,
  "company_code":119,
  "closed":true,
  "station_list":[
    {"code":9934601,"id":"52db63","name":"東園(東京)","original_name":"東園","name_kana":"ひがしえん","closed":true,"lat":35.715833,"lng":139.770139,"prefecture":13,"lines":[99346],"attr":"unknown","postal_code":"110-0007","address":"東京都台東区上野公園９","closed_date":"2023-12-27","voronoi":{"type":"Feature","geometry":{"type":"Polygon","coordinates":[[[139.767581,35.715711],[139.772848,35.714273],[139.773597,35.714832],[139.773657,35.715036],[139.769196,35.720335],[139.767581,35.715711]]]},"properties":{}},"extra":false},
    {"code":9934602,"id":"c6395d","name":"西園","original_name":"西園","name_kana":"にしえん","closed":true,"lat":35.714306,"lng":139.769722,"prefecture":13,"lines":[99346],"attr":"unknown","postal_code":"110-0007","address":"東京都台東区上野公園３","closed_date":"2023-12-27","voronoi":{"type":"Feature","geometry":{"type":"Polygon","coordinates":[[[139.767581,35.715711],[139.764206,35.711275],[139.764343,35.711099],[139.77047,35.711295],[139.772848,35.714273],[139.767581,35.715711]]]},"properties":{}},"extra":false}
  ],
  "closed_date":"2023-12-27",
  "extra":false
}