{
  "code":99341,
  "id":"910e79",
  "name":"野岩鉄道会津鬼怒川線",
  "name_kana":"やがんてつどうあいづきぬがわせん",
  "station_size":9,
  "company_code":153,
  "closed":false,
  "station_list":[
    {"code":2100908,"id":"d81e99","name":"新藤原","original_name":"新藤原","name_kana":"しんふじわら","closed":false,"lat":36.852505,"lng":139.732963,"prefecture":9,"lines":[21009,99341],"attr":"heat","postal_code":"321-2521","address":"日光市藤原３１９-４","voronoi":{"type":"Feature","geometry":{"type":"Polygon","coordinates":[[[139.848746,36.934845],[139.848859,36.937734],[139.805933,36.936198],[139.748275,36.895355],[139.722646,36.851376],[139.761211,36.817544],[139.763517,36.816278],[139.777882,36.82085],[139.78528,36.82623],[139.818326,36.8619],[139.848746,36.934845]]]},"properties":{}},"extra":false},
    {"code":9934102,"id":"cb6bc3","name":"龍王峡","original_name":"龍王峡","name_kana":"りゅうおうきょう","closed":false,"lat":36.860909,"lng":139.718542,"prefecture":9,"lines":[99341],"attr":"cool","postal_code":"321-2521","address":"日光市藤原字イの原","voronoi":{"type":"Feature","geometry":{"type":"Polygon","coordinates":[[[139.743675,36.893235],[139.667168,36.844384],[139.685983,36.843406],[139.722646,36.851376],[139.748275,36.895355],[139.743675,36.893235]]]},"properties":{}},"extra":false},
    {"code":9934103,"id":"635a68","name":"川治温泉","original_name":"川治温泉","name_kana":"かわじおんせん","closed":false,"lat":36.884036,"lng":139.703775,"prefecture":9,"lines":[99341],"attr":"cool","postal_code":"321-2521","address":"日光市藤原字小網","voronoi":{"type":"Feature","geometry":{"type":"Polygon","coordinates":[[[139.660796,36.843058],[139.667168,36.844384],[139.743675,36.893235],[139.625062,36.882507],[139.579604,36.866968],[139.622501,36.840427],[139.625085,36.840512],[139.660796,36.843058]]]},"properties":{}},"extra":false},
    {"code":9934104,"id":"b32a64","name":"川治湯元","original_name":"川治湯元","name_kana":"かわじゆもと","closed":false,"lat":36.895126,"lng":139.702772,"prefecture":9,"lines":[99341],"attr":"cool","postal_code":"321-2611","address":"日光市川治温泉川治字コケイト","voronoi":{"type":"Feature","geometry":{"type":"Polygon","coordinates":[[[139.743675,36.893235],[139.625062,36.882507],[139.769569,36.943632],[139.805933,36.936198],[139.748275,36.895355],[139.743675,36.893235]]]},"properties":{}},"extra":false},
    {"code":9934105,"id":"62d8ce","name":"湯西川温泉","original_name":"湯西川温泉","name_kana":"ゆにしがわおんせん","closed":false,"lat":36.929482,"lng":139.68824,"prefecture":9,"lines":[99341],"attr":"eco","postal_code":"321-2603","address":"日光市西川字葛老","voronoi":{"type":"Feature","geometry":{"type":"Polygon","coordinates":[[[139.364061,37.003656],[139.346284,36.983832],[139.405441,36.932781],[139.579604,36.866968],[139.625062,36.882507],[139.769569,36.943632],[139.759552,36.948221],[139.364061,37.003656]]]},"properties":{}},"extra":false},
    {"code":9934106,"id":"45568a","name":"中三依温泉","original_name":"中三依温泉","name_kana":"なかみよりおんせん","closed":false,"lat":36.985843,"lng":139.69614,"prefecture":9,"lines":[99341],"attr":"eco","postal_code":"321-2803","address":"日光市中三依字君山樺地","voronoi":{"type":"Feature","geometry":{"type":"Polygon","coordinates":[[[139.364061,37.003656],[139.408874,37.063176],[139.653704,37.041996],[139.686633,37.02728],[139.759552,36.948221],[139.364061,37.003656]]]},"properties":{}},"extra":false},
    {"code":9934107,"id":"469371","name":"上三依塩原温泉口","original_name":"上三依塩原温泉口","name_kana":"かみみよりしおばらおんせんぐち","closed":false,"lat":37.014461,"lng":139.727168,"prefecture":9,"lines":[99341],"attr":"heat","postal_code":"321-2802","address":"日光市上三依字田代山８０４","voronoi":{"type":"Feature","geometry":{"type":"Polygon","coordinates":[[[139.894959,37.04802],[139.686633,37.02728],[139.759552,36.948221],[139.769569,36.943632],[139.805933,36.936198],[139.848859,36.937734],[139.855718,36.946996],[139.880217,36.995572],[139.894959,37.04802]]]},"properties":{}},"extra":false},
    {"code":9934108,"id":"0ae9c4","name":"男鹿高原","original_name":"男鹿高原","name_kana":"おじかこうげん","closed":false,"lat":37.04784,"lng":139.723845,"prefecture":9,"lines":[99341],"attr":"heat","postal_code":"321-2801","address":"日光市横川字越路","voronoi":{"type":"Feature","geometry":{"type":"Polygon","coordinates":[[[139.760695,37.089402],[139.653704,37.041996],[139.686633,37.02728],[139.894959,37.04802],[139.898492,37.05707],[139.850278,37.085882],[139.784956,37.091454],[139.760695,37.089402]]]},"properties":{}},"extra":false},
    {"code":9921621,"id":"593b96","name":"会津高原尾瀬口","original_name":"会津高原尾瀬口","name_kana":"あいづこうげんおぜぐち","closed":false,"lat":37.090026,"lng":139.705153,"prefecture":7,"lines":[99216,99341,11235],"attr":"heat","postal_code":"967-0015","address":"南会津郡南会津町滝原字羽根子","open_date":"1953-11-08","voronoi":{"type":"Feature","geometry":{"type":"Polygon","coordinates":[[[139.420026,37.085202],[139.408874,37.063176],[139.653704,37.041996],[139.760695,37.089402],[139.504534,37.181156],[139.494521,37.173508],[139.456041,37.139232],[139.420026,37.085202]]]},"properties":{}},"extra":false}
  ],
  "extra":false
}