{
  "code":99350,
  "id":607,
  "name":"湘南軌道",
  "name_kana":"しょうなんきどう",
  "station_size":8,
  "closed":true,
  "station_list":[
    {"code":2500139,"id":5015,"name":"秦野","original_name":"秦野","name_kana":"はだの","closed":false,"lat":35.370075,"lng":139.226009,"prefecture":14,"lines":[25001,99350],"attr":"heat","postal_code":"257-0034","address":"秦野市大秦町１丁目","voronoi":{"type":"Feature","geometry":{"type":"Polygon","coordinates":[[[139.229056,35.364012],[139.217743,35.35395],[139.203166,35.350599],[139.216917,35.495171],[139.226096,35.496563],[139.229926,35.478614],[139.229056,35.364012]]]},"properties":{}},"extra":false},
    {"code":5000097,"id":9187,"name":"台町","original_name":"台町","name_kana":"だいまち","closed":true,"lat":35.370028,"lng":139.232194,"prefecture":14,"lines":[99350],"attr":"unknown","postal_code":"257-0035","address":"神奈川県秦野市１１","voronoi":{"type":"Feature","geometry":{"type":"Polygon","coordinates":[[[139.229056,35.364012],[139.229926,35.478614],[139.24963,35.397659],[139.251848,35.369921],[139.229056,35.364012]]]},"properties":{}},"extra":false},
    {"code":5000098,"id":9188,"name":"大竹(神奈川)","original_name":"大竹","name_kana":"おおだけ","closed":true,"lat":35.360278,"lng":139.234722,"prefecture":14,"lines":[99350],"attr":"unknown","postal_code":"257-0012","address":"神奈川県秦野市","voronoi":{"type":"Feature","geometry":{"type":"Polygon","coordinates":[[[139.251848,35.369921],[139.259622,35.347871],[139.217743,35.35395],[139.229056,35.364012],[139.251848,35.369921]]]},"properties":{}},"extra":false},
    {"code":5000099,"id":9189,"name":"上井ノ口","original_name":"上井ノ口","name_kana":"かみいのくち","closed":true,"lat":35.343056,"lng":139.232222,"prefecture":14,"lines":[99350],"attr":"unknown","postal_code":"259-0151","address":"神奈川県足柄上郡中井町井ノ口","voronoi":{"type":"Feature","geometry":{"type":"Polygon","coordinates":[[[139.217743,35.35395],[139.203166,35.350599],[139.195788,35.339209],[139.196309,35.337519],[139.203022,35.329222],[139.262308,35.34439],[139.259622,35.347871],[139.217743,35.35395]]]},"properties":{}},"extra":false},
    {"code":5000100,"id":9190,"name":"下井ノ口","original_name":"下井ノ口","name_kana":"しもいのくち","closed":true,"lat":35.331111,"lng":139.235278,"prefecture":14,"lines":[99350],"attr":"unknown","postal_code":"259-0151","address":"神奈川県足柄上郡中井町井ノ口","voronoi":{"type":"Feature","geometry":{"type":"Polygon","coordinates":[[[139.262308,35.34439],[139.203022,35.329222],[139.212672,35.311053],[139.21313,35.310849],[139.266697,35.340636],[139.262308,35.34439]]]},"properties":{}},"extra":false},
    {"code":5000101,"id":9191,"name":"一色","original_name":"一色","name_kana":"いっしき","closed":true,"lat":35.318972,"lng":139.242028,"prefecture":14,"lines":[99350],"attr":"unknown","postal_code":"259-0151","address":"神奈川県足柄上郡中井町井ノ口","voronoi":{"type":"Feature","geometry":{"type":"Polygon","coordinates":[[[139.266697,35.340636],[139.21313,35.310849],[139.226798,35.300422],[139.276418,35.335395],[139.266697,35.340636]]]},"properties":{}},"extra":false},
    {"code":5000102,"id":9192,"name":"中里(神奈川)","original_name":"中里","name_kana":"なかざと","closed":true,"lat":35.308528,"lng":139.249389,"prefecture":14,"lines":[99350],"attr":"unknown","postal_code":"259-0131","address":"神奈川県中郡二宮町中里","voronoi":{"type":"Feature","geometry":{"type":"Polygon","coordinates":[[[139.280343,35.334068],[139.28047,35.331134],[139.253059,35.303512],[139.234944,35.2897],[139.226798,35.300422],[139.276418,35.335395],[139.280343,35.334068]]]},"properties":{}},"extra":false},
    {"code":5000103,"id":9193,"name":"二宮(湘南軌道)","original_name":"二宮","name_kana":"にのみや","closed":true,"lat":35.29988,"lng":139.258104,"prefecture":14,"lines":[99350],"attr":"unknown","postal_code":"259-0123","address":"中郡二宮町二宮","voronoi":{"type":"Feature","geometry":{"type":"Polygon","coordinates":[[[139.294301,35.264172],[139.253059,35.303512],[139.28047,35.331134],[139.294301,35.264172]]]},"properties":{}},"extra":false}
  ],
  "closed_date":"1937-08-25",
  "extra":false
}