{
  "code":99358,
  "id":"eb14f7",
  "name":"九十九里鐵道",
  "name_kana":"くじゅうくりてつどう",
  "station_size":7,
  "closed":true,
  "station_list":[
    {"code":1133103,"id":"42e397","name":"東金","original_name":"東金","name_kana":"とうがね","closed":false,"lat":35.560172,"lng":140.363743,"prefecture":12,"lines":[11331,99358],"attr":"cool","postal_code":"283-0802","address":"東金市東金","voronoi":{"type":"Feature","geometry":{"type":"Polygon","coordinates":[[[140.365243,35.594328],[140.326903,35.5936],[140.363208,35.536974],[140.376573,35.575696],[140.365243,35.594328]]]},"properties":{}},"extra":false},
    {"code":9935802,"id":"a26d2a","name":"堀上","original_name":"堀上","name_kana":"ほりあげ","closed":true,"lat":35.555563,"lng":140.377096,"prefecture":12,"lines":[99358],"postal_code":"283-0063","address":"千葉県東金市堀上３４５−２","closed_date":"1961-03-01","voronoi":{"type":"Feature","geometry":{"type":"Polygon","coordinates":[[[140.371075,35.507501],[140.363208,35.536974],[140.376573,35.575696],[140.393491,35.562401],[140.371075,35.507501]]]},"properties":{}},"extra":true},
    {"code":9935803,"id":"e69fd7","name":"家徳","original_name":"家徳","name_kana":"かとく","closed":true,"lat":35.546042,"lng":140.400414,"prefecture":12,"lines":[99358],"postal_code":"283-0062","address":"千葉県東金市家徳６５−１","closed_date":"1961-03-01","voronoi":{"type":"Feature","geometry":{"type":"Polygon","coordinates":[[[140.379888,35.476466],[140.414607,35.564988],[140.393491,35.562401],[140.371075,35.507501],[140.371043,35.492859],[140.376676,35.481142],[140.379888,35.476466]]]},"properties":{}},"extra":true},
    {"code":9935804,"id":"a12ca4","name":"荒生","original_name":"荒生","name_kana":"あらおい","closed":true,"lat":35.541445,"lng":140.412135,"prefecture":12,"lines":[99358],"postal_code":"283-0031","address":"千葉県東金市薄島１４９","closed_date":"1961-03-01","voronoi":{"type":"Feature","geometry":{"type":"Polygon","coordinates":[[[140.416477,35.508781],[140.402181,35.461329],[140.383252,35.470522],[140.379888,35.476466],[140.414607,35.564988],[140.426018,35.569693],[140.416477,35.508781]]]},"properties":{}},"extra":true},
    {"code":9935805,"id":"67fce5","name":"西","original_name":"西","name_kana":"にし","closed":true,"lat":35.538553,"lng":140.430598,"prefecture":12,"lines":[99358],"postal_code":"283-0104","address":"千葉県山武郡九十九里町片貝２７５４","closed_date":"1961-03-01","voronoi":{"type":"Feature","geometry":{"type":"Polygon","coordinates":[[[140.436264,35.578193],[140.456048,35.583987],[140.459014,35.583166],[140.446591,35.554732],[140.416477,35.508781],[140.426018,35.569693],[140.436264,35.578193]]]},"properties":{}},"extra":true},
    {"code":9935806,"id":"2eda58","name":"学校前(千葉)","original_name":"学校前","name_kana":"がっこうまえ","closed":true,"lat":35.533611,"lng":140.438139,"prefecture":12,"lines":[99358],"postal_code":"283-0104","address":"千葉県山武郡九十九里町片貝２７０７","closed_date":"1961-03-01","voronoi":{"type":"Feature","geometry":{"type":"Polygon","coordinates":[[[140.446591,35.554732],[140.416477,35.508781],[140.402181,35.461329],[140.423201,35.446287],[140.446591,35.554732]]]},"properties":{}},"extra":true},
    {"code":9935807,"id":"d8cdc6","name":"上総片貝","original_name":"上総片貝","name_kana":"かずさかたかい","closed":true,"lat":35.532005,"lng":140.445585,"prefecture":12,"lines":[99358],"postal_code":"283-0104","address":"千葉県山武郡九十九里町片貝３８２９","open_date":"1926-11-25","closed_date":"1961-03-01","voronoi":{"type":"Feature","geometry":{"type":"Polygon","coordinates":[[[140.602268,35.549722],[140.599122,35.551294],[140.531607,35.574791],[140.459014,35.583166],[140.446591,35.554732],[140.423201,35.446287],[140.432753,35.438809],[140.48804,35.410767],[140.597828,35.36996],[140.615679,35.364539],[140.766783,35.331841],[140.725368,35.43376],[140.645006,35.522433],[140.602268,35.549722]]]},"properties":{}},"extra":true}
  ],
  "closed_date":"1961-02-28",
  "extra":true
}