{
  "code":99409,
  "id":430,
  "name":"富山地鉄立山線",
  "name_kana":"とやまちてつたてやません",
  "station_size":14,
  "company_code":160,
  "closed":false,
  "color":"#009933",
  "symbol":"T",
  "station_list":[
    {"code":9940807,"id":7202,"name":"寺田(富山)","original_name":"寺田","name_kana":"てらだ","closed":false,"lat":36.698852,"lng":137.319145,"prefecture":16,"numbering":["T08"],"lines":[99408,99409],"attr":"eco","postal_code":"930-0208","address":"中新川郡立山町浦田","voronoi":{"type":"Feature","geometry":{"type":"Polygon","coordinates":[[[137.320917,36.716905],[137.308363,36.694049],[137.324161,36.691948],[137.320917,36.716905]]]},"properties":{}},"extra":false},
    {"code":9940902,"id":7233,"name":"稚子塚","original_name":"稚子塚","name_kana":"ちごづか","closed":false,"lat":36.686595,"lng":137.317515,"prefecture":16,"numbering":["T44"],"lines":[99409],"attr":"eco","postal_code":"930-0208","address":"中新川郡立山町浦田","voronoi":{"type":"Feature","geometry":{"type":"Polygon","coordinates":[[[137.296295,36.682387],[137.300952,36.689833],[137.308363,36.694049],[137.324161,36.691948],[137.335267,36.683829],[137.296295,36.682387]]]},"properties":{}},"extra":false},
    {"code":9940903,"id":7234,"name":"田添","original_name":"田添","name_kana":"たぞえ","closed":false,"lat":36.679759,"lng":137.317768,"prefecture":16,"numbering":["T45"],"lines":[99409],"attr":"eco","postal_code":"930-0219","address":"中新川郡立山町田添","voronoi":{"type":"Feature","geometry":{"type":"Polygon","coordinates":[[[137.343128,36.677699],[137.353127,36.667211],[137.353498,36.666614],[137.335222,36.667642],[137.292853,36.678445],[137.296295,36.682387],[137.335267,36.683829],[137.335687,36.683632],[137.343128,36.677699]]]},"properties":{}},"extra":false},
    {"code":9940904,"id":7235,"name":"五百石","original_name":"五百石","name_kana":"ごひゃくこく","closed":false,"lat":36.665361,"lng":137.314097,"prefecture":16,"numbering":["T46"],"lines":[99409],"attr":"eco","postal_code":"930-0221","address":"中新川郡立山町前沢","voronoi":{"type":"Feature","geometry":{"type":"Polygon","coordinates":[[[137.335222,36.667642],[137.284208,36.651806],[137.276189,36.662273],[137.283519,36.672712],[137.292853,36.678445],[137.335222,36.667642]]]},"properties":{}},"extra":false},
    {"code":9940905,"id":7236,"name":"榎町","original_name":"榎町","name_kana":"えのきまち","closed":false,"lat":36.657559,"lng":137.316519,"prefecture":16,"numbering":["T47"],"lines":[99409],"attr":"eco","postal_code":"930-0221","address":"中新川郡立山町前沢","voronoi":{"type":"Feature","geometry":{"type":"Polygon","coordinates":[[[137.353498,36.666614],[137.335222,36.667642],[137.284208,36.651806],[137.284959,36.650522],[137.286491,36.648873],[137.362787,36.658477],[137.353498,36.666614]]]},"properties":{}},"extra":false},
    {"code":9940906,"id":7237,"name":"下段","original_name":"下段","name_kana":"しただん","closed":false,"lat":36.647899,"lng":137.317735,"prefecture":16,"numbering":["T48"],"lines":[99409],"attr":"eco","postal_code":"930-0235","address":"中新川郡立山町榎","voronoi":{"type":"Feature","geometry":{"type":"Polygon","coordinates":[[[137.29382,36.637978],[137.286491,36.648873],[137.362787,36.658477],[137.378999,36.64705],[137.29382,36.637978]]]},"properties":{}},"extra":false},
    {"code":9940907,"id":7238,"name":"釜ヶ淵","original_name":"釜ヶ淵","name_kana":"かまがふち","closed":false,"lat":36.633317,"lng":137.319288,"prefecture":16,"numbering":["T49"],"lines":[99409],"attr":"eco","postal_code":"930-0241","address":"富山県中新川郡立山町道源寺","voronoi":{"type":"Feature","geometry":{"type":"Polygon","coordinates":[[[137.38283,36.637266],[137.38701,36.642736],[137.378999,36.64705],[137.29382,36.637978],[137.295147,36.633763],[137.303638,36.625262],[137.38283,36.637266]]]},"properties":{}},"extra":false},
    {"code":9940908,"id":7239,"name":"沢中山","original_name":"沢中山","name_kana":"さわなかやま","closed":false,"lat":36.622207,"lng":137.320972,"prefecture":16,"numbering":["T50"],"lines":[99409],"attr":"cool","postal_code":"930-1368","address":"中新川郡立山町岩峅寺","voronoi":{"type":"Feature","geometry":{"type":"Polygon","coordinates":[[[137.381531,36.635213],[137.38283,36.637266],[137.303638,36.625262],[137.303733,36.62507],[137.314393,36.615665],[137.356504,36.612505],[137.362843,36.614822],[137.381531,36.635213]]]},"properties":{}},"extra":false},
    {"code":9940909,"id":7240,"name":"岩峅寺","original_name":"岩峅寺","name_kana":"いわくらじ","closed":false,"lat":36.608214,"lng":137.319922,"prefecture":16,"numbering":["T51"],"lines":[99409,99410],"attr":"cool","postal_code":"930-1368","address":"中新川郡立山町岩峅寺","voronoi":{"type":"Feature","geometry":{"type":"Polygon","coordinates":[[[137.314116,36.586975],[137.314393,36.615665],[137.356504,36.612505],[137.314116,36.586975]]]},"properties":{}},"extra":false},
    {"code":9940910,"id":7241,"name":"横江","original_name":"横江","name_kana":"よこえ","closed":false,"lat":36.582175,"lng":137.335605,"prefecture":16,"numbering":["T52"],"lines":[99409],"attr":"cool","postal_code":"930-3277","address":"中新川郡立山町横江","voronoi":{"type":"Feature","geometry":{"type":"Polygon","coordinates":[[[137.362843,36.614822],[137.356504,36.612505],[137.314116,36.586975],[137.298369,36.570784],[137.284635,36.550748],[137.303712,36.512169],[137.317954,36.503022],[137.33651,36.495278],[137.362843,36.614822]]]},"properties":{}},"extra":false},
    {"code":9940911,"id":7242,"name":"千垣","original_name":"千垣","name_kana":"ちがき","closed":false,"lat":36.573752,"lng":137.373843,"prefecture":16,"numbering":["T53"],"lines":[99409],"attr":"cool","postal_code":"930-1408","address":"中新川郡立山町千垣","voronoi":{"type":"Feature","geometry":{"type":"Polygon","coordinates":[[[137.36632,36.473881],[137.33651,36.495278],[137.362843,36.614822],[137.381531,36.635213],[137.382244,36.621858],[137.36632,36.473881]]]},"properties":{}},"extra":false},
    {"code":9940912,"id":7243,"name":"有峰口","original_name":"有峰口","name_kana":"ありみねぐち","closed":false,"lat":36.573066,"lng":137.380218,"prefecture":16,"numbering":["T54"],"lines":[99409],"attr":"heat","postal_code":"930-1456","address":"富山市小見","voronoi":{"type":"Feature","geometry":{"type":"Polygon","coordinates":[[[137.388082,36.45718],[137.36632,36.473881],[137.382244,36.621858],[137.402883,36.449237],[137.388082,36.45718]]]},"properties":{}},"extra":false},
    {"code":9940913,"id":7244,"name":"本宮(富山)","original_name":"本宮","name_kana":"ほんぐう","closed":false,"lat":36.574919,"lng":137.395716,"prefecture":16,"numbering":["T55"],"lines":[99409],"attr":"heat","postal_code":"930-1455","address":"富山市本宮","voronoi":{"type":"Feature","geometry":{"type":"Polygon","coordinates":[[[137.402883,36.449237],[137.382244,36.621858],[137.381531,36.635213],[137.38283,36.637266],[137.38701,36.642736],[137.408689,36.649114],[137.446919,36.421961],[137.402883,36.449237]]]},"properties":{}},"extra":false},
    {"code":9940914,"id":7245,"name":"立山","original_name":"立山","name_kana":"たてやま","closed":false,"lat":36.583253,"lng":137.445234,"prefecture":16,"numbering":["T56"],"lines":[99409],"attr":"heat","postal_code":"930-1406","address":"中新川郡立山町芦峅寺ブナ坂","voronoi":{"type":"Feature","geometry":{"type":"Polygon","coordinates":[[[137.52413,36.69174],[137.521611,36.695176],[137.495339,36.710808],[137.49341,36.710365],[137.408689,36.649114],[137.446919,36.421961],[137.470049,36.402047],[137.582133,36.343304],[137.594635,36.354723],[137.594763,36.355024],[137.604133,36.379418],[137.634474,36.484678],[137.52413,36.69174]]]},"properties":{}},"extra":false}
  ],
  "extra":false
}