{
  "code":99401,
  "id":"a2ad55",
  "name":"富士急行",
  "name_kana":"ふじきゅうこう",
  "name_formal":"富士急行線",
  "station_size":18,
  "company_code":154,
  "closed":false,
  "symbol":"FJ",
  "station_list":[
    {"code":1131120,"id":"3c541f","name":"大月","original_name":"大月","name_kana":"おおつき","closed":false,"lat":35.613222,"lng":138.942729,"prefecture":19,"numbering":["FJ01"],"lines":[11311,99401],"attr":"heat","postal_code":"401-0013","address":"大月市大月１丁目","voronoi":{"type":"Feature","geometry":{"type":"Polygon","coordinates":[[[138.898062,35.793147],[138.918435,35.791034],[138.957521,35.760298],[138.9553,35.593651],[138.892657,35.667916],[138.876876,35.716855],[138.884166,35.761776],[138.898062,35.793147]]]},"properties":{}},"extra":false},
    {"code":9940102,"id":"618ea0","name":"上大月","original_name":"上大月","name_kana":"かみおおつき","closed":false,"lat":35.609341,"lng":138.938128,"prefecture":19,"numbering":["FJ02"],"lines":[99401],"attr":"heat","postal_code":"401-0013","address":"大月市大月２丁目","voronoi":{"type":"Feature","geometry":{"type":"Polygon","coordinates":[[[138.955441,35.592445],[138.907948,35.612946],[138.892657,35.667916],[138.9553,35.593651],[138.955441,35.592445]]]},"properties":{}},"extra":false},
    {"code":9940103,"id":"124342","name":"田野倉","original_name":"田野倉","name_kana":"たのくら","closed":false,"lat":35.593456,"lng":138.931271,"prefecture":19,"numbering":["FJ03"],"lines":[99401],"attr":"heat","postal_code":"402-0001","address":"都留市田野倉","voronoi":{"type":"Feature","geometry":{"type":"Polygon","coordinates":[[[138.955441,35.592445],[138.961561,35.580751],[138.911714,35.586422],[138.90753,35.588752],[138.907948,35.612946],[138.955441,35.592445]]]},"properties":{}},"extra":false},
    {"code":9940104,"id":"1302e8","name":"禾生","original_name":"禾生","name_kana":"かせい","closed":false,"lat":35.575175,"lng":138.929191,"prefecture":19,"numbering":["FJ04"],"lines":[99401],"attr":"heat","postal_code":"402-0004","address":"都留市古川渡","voronoi":{"type":"Feature","geometry":{"type":"Polygon","coordinates":[[[139.011188,35.490532],[139.012469,35.485899],[139.000033,35.479399],[138.952856,35.526825],[138.911714,35.586422],[138.961561,35.580751],[138.979302,35.562308],[139.011188,35.490532]]]},"properties":{}},"extra":false},
    {"code":9940105,"id":"2e6985","name":"赤坂(山梨)","original_name":"赤坂","name_kana":"あかさか","closed":false,"lat":35.566093,"lng":138.916035,"prefecture":19,"numbering":["FJ05"],"lines":[99401],"attr":"heat","postal_code":"402-0005","address":"都留市四日市場","voronoi":{"type":"Feature","geometry":{"type":"Polygon","coordinates":[[[138.9319,35.542395],[138.896532,35.576236],[138.90753,35.588752],[138.911714,35.586422],[138.952856,35.526825],[138.9319,35.542395]]]},"properties":{}},"extra":false},
    {"code":9940106,"id":"7be04c","name":"都留市","original_name":"都留市","name_kana":"つるし","closed":false,"lat":35.557199,"lng":138.907525,"prefecture":19,"numbering":["FJ06"],"lines":[99401],"attr":"heat","postal_code":"402-0056","address":"都留市つる１-１２-１","voronoi":{"type":"Feature","geometry":{"type":"Polygon","coordinates":[[[138.882098,35.564894],[138.880843,35.566267],[138.896532,35.576236],[138.9319,35.542395],[138.882656,35.564472],[138.882098,35.564894]]]},"properties":{}},"extra":false},
    {"code":9940107,"id":"0fee81","name":"谷村町","original_name":"谷村町","name_kana":"やむらまち","closed":false,"lat":35.550744,"lng":138.904631,"prefecture":19,"numbering":["FJ07"],"lines":[99401],"attr":"heat","postal_code":"402-0053","address":"都留市上谷１丁目","voronoi":{"type":"Feature","geometry":{"type":"Polygon","coordinates":[[[139.000033,35.479399],[138.996959,35.477169],[138.978943,35.46842],[138.882656,35.564472],[138.9319,35.542395],[138.952856,35.526825],[139.000033,35.479399]]]},"properties":{}},"extra":false},
    {"code":9940108,"id":"4684d0","name":"都留文科大学前","original_name":"都留文科大学前","name_kana":"つるぶんかだいがくまえ","closed":false,"lat":35.542531,"lng":138.896438,"prefecture":19,"numbering":["FJ08"],"lines":[99401],"attr":"heat","postal_code":"402-0054","address":"都留市田原２-６５４","voronoi":{"type":"Feature","geometry":{"type":"Polygon","coordinates":[[[138.978943,35.46842],[138.882656,35.564472],[138.882098,35.564894],[138.932013,35.442514],[138.978943,35.46842]]]},"properties":{}},"extra":false},
    {"code":9940109,"id":"98a5d6","name":"十日市場(山梨)","original_name":"十日市場","name_kana":"とおかいちば","closed":false,"lat":35.538881,"lng":138.887489,"prefecture":19,"numbering":["FJ09"],"lines":[99401],"attr":"heat","postal_code":"402-0031","address":"都留市十日市場","voronoi":{"type":"Feature","geometry":{"type":"Polygon","coordinates":[[[138.882098,35.564894],[138.880843,35.566267],[138.874819,35.565884],[138.89056,35.462481],[138.900105,35.435046],[138.904673,35.425754],[138.932013,35.442514],[138.882098,35.564894]]]},"properties":{}},"extra":false},
    {"code":9940110,"id":"dae996","name":"東桂","original_name":"東桂","name_kana":"ひがしかつら","closed":false,"lat":35.536334,"lng":138.870758,"prefecture":19,"numbering":["FJ10"],"lines":[99401],"attr":"heat","postal_code":"402-0034","address":"都留市桂町","voronoi":{"type":"Feature","geometry":{"type":"Polygon","coordinates":[[[138.874819,35.565884],[138.89056,35.462481],[138.841288,35.565616],[138.850059,35.571528],[138.874819,35.565884]]]},"properties":{}},"extra":false},
    {"code":9940111,"id":"5a67a3","name":"三つ峠","original_name":"三つ峠","name_kana":"みつとうげ","closed":false,"lat":35.524291,"lng":138.84555,"prefecture":19,"numbering":["FJ11"],"lines":[99401],"attr":"eco","postal_code":"403-0022","address":"南都留郡西桂町小沼","voronoi":{"type":"Feature","geometry":{"type":"Polygon","coordinates":[[[138.89056,35.462481],[138.900105,35.435046],[138.804033,35.556098],[138.841288,35.565616],[138.89056,35.462481]]]},"properties":{}},"extra":false},
    {"code":9940112,"id":"80fe64","name":"寿","original_name":"寿","name_kana":"ことぶき","closed":false,"lat":35.508442,"lng":138.82558,"prefecture":19,"numbering":["FJ12"],"lines":[99401],"attr":"eco","postal_code":"403-0001","address":"富士吉田市上暮地","voronoi":{"type":"Feature","geometry":{"type":"Polygon","coordinates":[[[138.884935,35.406806],[138.840167,35.460541],[138.794736,35.556061],[138.804033,35.556098],[138.900105,35.435046],[138.904673,35.425754],[138.890955,35.409943],[138.884935,35.406806]]]},"properties":{}},"extra":false},
    {"code":9940113,"id":"8aed41","name":"葭池温泉前","original_name":"葭池温泉前","name_kana":"よしいけおんせんまえ","closed":false,"lat":35.502084,"lng":138.812212,"prefecture":19,"numbering":["FJ13"],"lines":[99401],"attr":"eco","postal_code":"403-0004","address":"富士吉田市下吉田","voronoi":{"type":"Feature","geometry":{"type":"Polygon","coordinates":[[[138.817214,35.480991],[138.840167,35.460541],[138.794736,35.556061],[138.785459,35.557245],[138.786677,35.543544],[138.817214,35.480991]]]},"properties":{}},"extra":false},
    {"code":9940114,"id":"9637d4","name":"下吉田","original_name":"下吉田","name_kana":"しもよしだ","closed":false,"lat":35.497909,"lng":138.80366,"prefecture":19,"numbering":["FJ14"],"lines":[99401],"attr":"eco","postal_code":"403-0011","address":"富士吉田市新倉","voronoi":{"type":"Feature","geometry":{"type":"Polygon","coordinates":[[[138.817214,35.480991],[138.809385,35.485334],[138.786395,35.513121],[138.786677,35.543544],[138.817214,35.480991]]]},"properties":{}},"extra":false},
    {"code":9940115,"id":"65c6f8","name":"月江寺","original_name":"月江寺","name_kana":"げっこうじ","closed":false,"lat":35.493313,"lng":138.798105,"prefecture":19,"numbering":["FJ15"],"lines":[99401],"attr":"eco","postal_code":"403-0013","address":"富士吉田市緑ケ丘１丁目","voronoi":{"type":"Feature","geometry":{"type":"Polygon","coordinates":[[[138.785529,35.507971],[138.790375,35.490038],[138.809385,35.485334],[138.786395,35.513121],[138.785529,35.507971]]]},"properties":{}},"extra":false},
    {"code":9940116,"id":"d0f9c2","name":"富士山","original_name":"富士山","name_kana":"ふじさん","closed":false,"lat":35.483536,"lng":138.795686,"prefecture":19,"numbering":["FJ16"],"lines":[99401],"attr":"cool","postal_code":"403-0016","address":"富士吉田市松山","open_date":"1929-06-19","voronoi":{"type":"Feature","geometry":{"type":"Polygon","coordinates":[[[138.840167,35.460541],[138.884935,35.406806],[138.795007,35.338943],[138.768751,35.322382],[138.748592,35.325674],[138.729586,35.337584],[138.790375,35.490038],[138.809385,35.485334],[138.817214,35.480991],[138.840167,35.460541]]]},"properties":{}},"extra":false},
    {"code":9940117,"id":"7d78ab","name":"富士急ハイランド","original_name":"富士急ハイランド","name_kana":"ふじきゅうはいらんど","closed":false,"lat":35.488974,"lng":138.782048,"prefecture":19,"numbering":["FJ17"],"lines":[99401],"attr":"cool","postal_code":"401-0301","address":"南都留郡富士河口湖町船津字剣丸尾","voronoi":{"type":"Feature","geometry":{"type":"Polygon","coordinates":[[[138.684488,35.363935],[138.699283,35.354694],[138.729586,35.337584],[138.790375,35.490038],[138.785529,35.507971],[138.684488,35.363935]]]},"properties":{}},"extra":false},
    {"code":9940118,"id":"a918d7","name":"河口湖","original_name":"河口湖","name_kana":"かわぐちこ","closed":false,"lat":35.498231,"lng":138.768852,"prefecture":19,"numbering":["FJ18"],"lines":[99401],"attr":"cool","postal_code":"401-0301","address":"南都留郡富士河口湖町船津","voronoi":{"type":"Feature","geometry":{"type":"Polygon","coordinates":[[[138.786395,35.513121],[138.785529,35.507971],[138.684488,35.363935],[138.659341,35.377918],[138.637974,35.390944],[138.636751,35.395945],[138.634569,35.407862],[138.626641,35.471197],[138.643117,35.528547],[138.699077,35.575694],[138.761449,35.570046],[138.785459,35.557245],[138.786677,35.543544],[138.786395,35.513121]]]},"properties":{}},"extra":false}
  ],
  "extra":false
}