{
  "code":99403,
  "id":"75cde4",
  "name":"しなの鉄道",
  "name_kana":"しなのてつどう",
  "name_formal":"しなの鉄道線",
  "station_size":19,
  "company_code":156,
  "closed":false,
  "color":"#F0A401",
  "station_list":[
    {"code":100903,"id":"796e41","name":"軽井沢","original_name":"軽井沢","name_kana":"かるいざわ","closed":false,"lat":36.342889,"lng":138.635096,"prefecture":20,"lines":[1009,99403,11425],"attr":"cool","postal_code":"389-0102","address":"北佐久郡軽井沢町大字軽井沢１１７８番地","voronoi":{"type":"Feature","geometry":{"type":"Polygon","coordinates":[[[138.679941,36.241256],[138.638971,36.194351],[138.607621,36.226985],[138.604518,36.259283],[138.625369,36.445903],[138.669219,36.442781],[138.69295,36.435688],[138.679941,36.241256]]]},"properties":{}},"extra":false},
    {"code":9940302,"id":"4a710a","name":"中軽井沢","original_name":"中軽井沢","name_kana":"なかかるいざわ","closed":false,"lat":36.347576,"lng":138.593147,"prefecture":20,"lines":[99403,11425],"attr":"cool","postal_code":"389-0111","address":"北佐久郡軽井沢町長倉３０９１番地","voronoi":{"type":"Feature","geometry":{"type":"Polygon","coordinates":[[[138.625369,36.445903],[138.619179,36.447659],[138.615528,36.447882],[138.604669,36.447107],[138.602303,36.446572],[138.546764,36.425114],[138.604518,36.259283],[138.625369,36.445903]]]},"properties":{}},"extra":false},
    {"code":9940303,"id":"9f5408","name":"信濃追分","original_name":"信濃追分","name_kana":"しなのおいわけ","closed":false,"lat":36.335538,"lng":138.558582,"prefecture":20,"lines":[99403,11425],"attr":"cool","postal_code":"389-0115","address":"北佐久郡軽井沢町追分１０９２番地","voronoi":{"type":"Feature","geometry":{"type":"Polygon","coordinates":[[[138.607621,36.226985],[138.59814,36.231884],[138.553941,36.259034],[138.503732,36.417961],[138.546764,36.425114],[138.604518,36.259283],[138.607621,36.226985]]]},"properties":{}},"extra":false},
    {"code":9940304,"id":"af7cc8","name":"御代田","original_name":"御代田","name_kana":"みよた","closed":false,"lat":36.318986,"lng":138.50619,"prefecture":20,"lines":[99403,11425],"attr":"cool","postal_code":"389-0206","address":"北佐久郡御代田町大字御代田２４２２番地","voronoi":{"type":"Feature","geometry":{"type":"Polygon","coordinates":[[[138.553941,36.259034],[138.503732,36.417961],[138.472745,36.421585],[138.46844,36.372293],[138.482411,36.301947],[138.518785,36.274343],[138.550681,36.259641],[138.553941,36.259034]]]},"properties":{}},"extra":false},
    {"code":9940305,"id":"15e2c5","name":"平原","original_name":"平原","name_kana":"ひらはら","closed":false,"lat":36.308606,"lng":138.453926,"prefecture":20,"lines":[99403,11425],"attr":"heat","postal_code":"384-0092","address":"小諸市大字平原６０３番地","voronoi":{"type":"Feature","geometry":{"type":"Polygon","coordinates":[[[138.453242,36.33914],[138.447433,36.31099],[138.456964,36.299299],[138.46886,36.296573],[138.478618,36.299895],[138.482411,36.301947],[138.46844,36.372293],[138.460704,36.358373],[138.453242,36.33914]]]},"properties":{}},"extra":false},
    {"code":1140131,"id":"7856b9","name":"小諸","original_name":"小諸","name_kana":"こもろ","closed":false,"lat":36.326337,"lng":138.422021,"prefecture":20,"lines":[11401,99403,11425],"attr":"cool","postal_code":"384-0025","address":"小諸市相生町","voronoi":{"type":"Feature","geometry":{"type":"Polygon","coordinates":[[[138.372774,36.262455],[138.416169,36.41863],[138.443043,36.438539],[138.472745,36.421585],[138.46844,36.372293],[138.460704,36.358373],[138.372774,36.262455]]]},"properties":{}},"extra":false},
    {"code":9940307,"id":"03d0ea","name":"滋野","original_name":"滋野","name_kana":"しげの","closed":false,"lat":36.342586,"lng":138.363543,"prefecture":20,"lines":[99403,11425],"attr":"heat","postal_code":"389-0512","address":"東御市滋野乙９７７番地","voronoi":{"type":"Feature","geometry":{"type":"Polygon","coordinates":[[[138.365293,36.402709],[138.327437,36.293656],[138.345016,36.219091],[138.370421,36.256133],[138.372774,36.262455],[138.416169,36.41863],[138.365293,36.402709]]]},"properties":{}},"extra":false},
    {"code":9940308,"id":"cc31a2","name":"田中","original_name":"田中","name_kana":"たなか","closed":false,"lat":36.354433,"lng":138.329414,"prefecture":20,"lines":[99403,11425],"attr":"heat","postal_code":"389-0516","address":"東御市田中２７９番地","voronoi":{"type":"Feature","geometry":{"type":"Polygon","coordinates":[[[138.349407,36.402737],[138.327672,36.392762],[138.310391,36.355871],[138.309536,36.352441],[138.308724,36.329458],[138.308854,36.327313],[138.3099,36.323629],[138.310664,36.32208],[138.327437,36.293656],[138.365293,36.402709],[138.349407,36.402737]]]},"properties":{}},"extra":false},
    {"code":9940309,"id":"769aa9","name":"大屋","original_name":"大屋","name_kana":"おおや","closed":false,"lat":36.369566,"lng":138.297109,"prefecture":20,"lines":[99403,11425],"attr":"heat","postal_code":"386-0152","address":"上田市大字大屋４５４番地","voronoi":{"type":"Feature","geometry":{"type":"Polygon","coordinates":[[[138.31976,36.393184],[138.327672,36.392762],[138.310391,36.355871],[138.295889,36.365939],[138.301562,36.390085],[138.31976,36.393184]]]},"properties":{}},"extra":false},
    {"code":9940310,"id":"c37250","name":"信濃国分寺","original_name":"信濃国分寺","name_kana":"しなのこくぶんじ","closed":false,"lat":36.378592,"lng":138.273385,"prefecture":20,"lines":[99403],"attr":"eco","postal_code":"386-0016","address":"上田市大字国分字浦沖１２４６番地の５","voronoi":{"type":"Feature","geometry":{"type":"Polygon","coordinates":[[[138.263567,36.363137],[138.265632,36.362264],[138.282899,36.392144],[138.281254,36.392586],[138.27941,36.39166],[138.263567,36.363137]]]},"properties":{}},"extra":false},
    {"code":100905,"id":"f3b943","name":"上田","original_name":"上田","name_kana":"うえだ","closed":false,"lat":36.396579,"lng":138.249298,"prefecture":20,"lines":[1009,99403,99404,11425],"attr":"eco","postal_code":"386-0025","address":"上田市天神１丁目１８８７番地","voronoi":{"type":"Feature","geometry":{"type":"Polygon","coordinates":[[[138.252322,36.38443],[138.245021,36.396088],[138.253578,36.39771],[138.255707,36.389623],[138.252322,36.38443]]]},"properties":{}},"extra":false},
    {"code":9940312,"id":"aed65d","name":"西上田","original_name":"西上田","name_kana":"にしうえだ","closed":false,"lat":36.417318,"lng":138.20855,"prefecture":20,"lines":[99403,11425],"attr":"eco","postal_code":"386-0043","address":"上田市下塩尻屋敷３４１番地","voronoi":{"type":"Feature","geometry":{"type":"Polygon","coordinates":[[[138.204042,36.398641],[138.222028,36.407282],[138.227897,36.411494],[138.238479,36.462423],[138.237974,36.463578],[138.167222,36.401706],[138.172267,36.398902],[138.183571,36.393872],[138.204042,36.398641]]]},"properties":{}},"extra":false},
    {"code":9940313,"id":"501cfb","name":"テクノさかき","original_name":"テクノさかき","name_kana":"てくのさかき","closed":false,"lat":36.440584,"lng":138.188204,"prefecture":20,"lines":[99403],"attr":"eco","postal_code":"389-0603","address":"埴科郡坂城町大字南条字社宮神４９１０-５番地","voronoi":{"type":"Feature","geometry":{"type":"Polygon","coordinates":[[[138.150513,36.404229],[138.127932,36.411014],[138.131452,36.434079],[138.237382,36.468234],[138.237974,36.463578],[138.167222,36.401706],[138.150513,36.404229]]]},"properties":{}},"extra":false},
    {"code":9940314,"id":"92b766","name":"坂城","original_name":"坂城","name_kana":"さかき","closed":false,"lat":36.46195,"lng":138.181315,"prefecture":20,"lines":[99403,11425],"attr":"eco","postal_code":"389-0601","address":"埴科郡坂城町坂城","voronoi":{"type":"Feature","geometry":{"type":"Polygon","coordinates":[[[138.220173,36.508996],[138.203076,36.51025],[138.130975,36.444356],[138.131452,36.434079],[138.237382,36.468234],[138.240161,36.505771],[138.220173,36.508996]]]},"properties":{}},"extra":false},
    {"code":9940315,"id":"476c72","name":"戸倉","original_name":"戸倉","name_kana":"とぐら","closed":false,"lat":36.492913,"lng":138.153017,"prefecture":20,"lines":[99403],"attr":"eco","postal_code":"389-0804","address":"千曲市大字戸倉１４４５番地","voronoi":{"type":"Feature","geometry":{"type":"Polygon","coordinates":[[[138.118642,36.46985],[138.130975,36.444356],[138.203076,36.51025],[138.178609,36.522996],[138.120656,36.482186],[138.118642,36.46985]]]},"properties":{}},"extra":false},
    {"code":9940319,"id":"75ef20","name":"千曲","original_name":"千曲","name_kana":"ちくま","closed":false,"lat":36.509039,"lng":138.141661,"prefecture":20,"lines":[99403,11425],"attr":"eco","postal_code":"387-0016","address":"長野県千曲市大字寂蒔200","voronoi":{"type":"Feature","geometry":{"type":"Polygon","coordinates":[[[138.120656,36.482186],[138.116969,36.510044],[138.148332,36.528394],[138.177918,36.523618],[138.178609,36.522996],[138.120656,36.482186]]]},"properties":{}},"extra":false},
    {"code":9940316,"id":"ee8671","name":"屋代","original_name":"屋代","name_kana":"やしろ","closed":false,"lat":36.532062,"lng":138.128191,"prefecture":20,"lines":[99403,99406,11425,99448],"attr":"eco","postal_code":"387-0013","address":"千曲市大字小島３１３９番地","voronoi":{"type":"Feature","geometry":{"type":"Polygon","coordinates":[[[138.148332,36.528394],[138.14598,36.53118],[138.117686,36.541917],[138.10255,36.527105],[138.116969,36.510044],[138.148332,36.528394]]]},"properties":{}},"extra":false},
    {"code":9940317,"id":"285cb8","name":"屋代高校前","original_name":"屋代高校前","name_kana":"やしろこうこうまえ","closed":false,"lat":36.547853,"lng":138.132489,"prefecture":20,"lines":[99403],"attr":"eco","postal_code":"387-0007","address":"千曲市大字屋代字新田１４１１の３番地","voronoi":{"type":"Feature","geometry":{"type":"Polygon","coordinates":[[[138.11945,36.546027],[138.12312,36.564784],[138.139425,36.561687],[138.140541,36.544483],[138.11945,36.546027]]]},"properties":{}},"extra":false},
    {"code":1140301,"id":"6bd549","name":"篠ノ井","original_name":"篠ノ井","name_kana":"しののい","closed":false,"lat":36.5771,"lng":138.138046,"prefecture":20,"lines":[11403,11412,99403,11425],"attr":"cool","postal_code":"388-8007","address":"長野市篠ノ井布施高田","voronoi":{"type":"Feature","geometry":{"type":"Polygon","coordinates":[[[138.088442,36.607284],[138.12312,36.564784],[138.139425,36.561687],[138.147638,36.564608],[138.157894,36.580069],[138.088442,36.607284]]]},"properties":{}},"extra":false}
  ],
  "extra":false
}