{
  "code":99415,
  "id":435,
  "name":"富山地鉄富山港線",
  "name_kana":"とやまちてつとやまこうせん",
  "station_size":16,
  "company_code":160,
  "closed":false,
  "color":"#00008B",
  "symbol":"C",
  "station_list":[
    {"code":9941322,"id":9185,"name":"富山駅","original_name":"富山駅","name_kana":"とやまえき","closed":false,"lat":36.701479,"lng":137.212581,"prefecture":16,"numbering":["C15"],"lines":[99413,99415],"attr":"eco","postal_code":"930-0001","address":"富山県富山市明輪町1-227","open_date":"2015-03-14","voronoi":{"type":"Feature","geometry":{"type":"Polygon","coordinates":[[[137.211503,36.704501],[137.212651,36.702887],[137.213042,36.700913],[137.211847,36.700206],[137.20602,36.703153],[137.206788,36.709025],[137.211503,36.704501]]]},"properties":{}},"extra":false},
    {"code":9941503,"id":9379,"name":"オークスカナルパークホテル富山前","original_name":"オークスカナルパークホテル富山前","name_kana":"おーくすかなるぱーくほてるとやままえ","closed":false,"lat":36.703549,"lng":137.214567,"prefecture":16,"numbering":["C26"],"lines":[99415],"attr":"heat","postal_code":"930-0858","address":"富山県富山市牛島町１２-８","open_date":"2021-03-21","voronoi":{"type":"Feature","geometry":{"type":"Polygon","coordinates":[[[137.215597,36.712443],[137.21563,36.702303],[137.211503,36.704501],[137.206788,36.709025],[137.206742,36.711168],[137.212075,36.716382],[137.212959,36.715811],[137.215597,36.712443]]]},"properties":{}},"extra":false},
    {"code":9941502,"id":7308,"name":"富山駅北","original_name":"富山駅北","name_kana":"とやまえききた","closed":true,"lat":36.70249,"lng":137.214003,"prefecture":16,"lines":[99415],"attr":"unknown","postal_code":"930-0858","address":"富山市牛島町２４番３地先","voronoi":{"type":"Feature","geometry":{"type":"Polygon","coordinates":[[[137.214123,36.701627],[137.215836,36.701785],[137.21563,36.702303],[137.211503,36.704501],[137.212651,36.702887],[137.214123,36.701627]]]},"properties":{}},"extra":false},
    {"code":9941504,"id":7309,"name":"インテック本社前","original_name":"インテック本社前","name_kana":"いんてっくほんしゃまえ","closed":false,"lat":36.703556,"lng":137.216685,"prefecture":16,"numbering":["C27"],"lines":[99415],"attr":"heat","postal_code":"930-0856","address":"富山市牛島新町５番８地先","voronoi":{"type":"Feature","geometry":{"type":"Polygon","coordinates":[[[137.215597,36.712443],[137.21563,36.702303],[137.215836,36.701785],[137.216665,36.701039],[137.217699,36.700918],[137.219251,36.708771],[137.215597,36.712443]]]},"properties":{}},"extra":false},
    {"code":9941505,"id":9380,"name":"龍谷富山高校前（永楽町）","original_name":"龍谷富山高校前（永楽町）","name_kana":"りゅうこくとやまこうこうまえ","closed":false,"lat":36.702972,"lng":137.21964,"prefecture":16,"numbering":["C28"],"lines":[99415],"attr":"heat","postal_code":"930-0857","address":"富山県富山市奥田新町１３-５５","open_date":"2021-03-21","voronoi":{"type":"Feature","geometry":{"type":"Polygon","coordinates":[[[137.2219,36.701344],[137.22102,36.707745],[137.219251,36.708771],[137.217699,36.700918],[137.218306,36.700429],[137.2219,36.701344]]]},"properties":{}},"extra":false},
    {"code":9941506,"id":7310,"name":"奥田中学校前","original_name":"奥田中学校前","name_kana":"おくだちゅうがっこうまえ","closed":false,"lat":36.703522,"lng":137.223637,"prefecture":16,"numbering":["C29"],"lines":[99415],"attr":"heat","postal_code":"930-0853","address":"富山市永楽町３２番地","voronoi":{"type":"Feature","geometry":{"type":"Polygon","coordinates":[[[137.22102,36.707745],[137.2219,36.701344],[137.226171,36.698663],[137.233235,36.706426],[137.22102,36.707745]]]},"properties":{}},"extra":false},
    {"code":9941507,"id":7311,"name":"下奥井","original_name":"下奥井","name_kana":"しもおくい","closed":false,"lat":36.711311,"lng":137.224478,"prefecture":16,"numbering":["C30"],"lines":[99415,11423],"attr":"heat","postal_code":"930-0817","address":"富山市下奥井","voronoi":{"type":"Feature","geometry":{"type":"Polygon","coordinates":[[[137.215597,36.712443],[137.212959,36.715811],[137.232802,36.71503],[137.236111,36.708819],[137.234719,36.707108],[137.233235,36.706426],[137.22102,36.707745],[137.219251,36.708771],[137.215597,36.712443]]]},"properties":{}},"extra":false},
    {"code":9941508,"id":7312,"name":"粟島（大阪屋ショップ前）","original_name":"粟島（大阪屋ショップ前）","name_kana":"あわじま","closed":false,"lat":36.719391,"lng":137.224796,"prefecture":16,"numbering":["C31"],"lines":[99415],"attr":"heat","postal_code":"931-8314","address":"富山県富山市粟島町","voronoi":{"type":"Feature","geometry":{"type":"Polygon","coordinates":[[[137.232802,36.71503],[137.232634,36.720619],[137.212033,36.720981],[137.212075,36.716382],[137.212959,36.715811],[137.232802,36.71503]]]},"properties":{}},"extra":false},
    {"code":9941509,"id":7313,"name":"越中中島","original_name":"越中中島","name_kana":"えっちゅうなかじま","closed":false,"lat":36.722121,"lng":137.224844,"prefecture":16,"numbering":["C32"],"lines":[99415,11423],"attr":"heat","postal_code":"930-0801","address":"富山市中島３丁目","voronoi":{"type":"Feature","geometry":{"type":"Polygon","coordinates":[[[137.232634,36.720619],[137.23334,36.725526],[137.211152,36.728585],[137.212033,36.720981],[137.232634,36.720619]]]},"properties":{}},"extra":false},
    {"code":9941510,"id":7314,"name":"城川原","original_name":"城川原","name_kana":"じょうがわら","closed":false,"lat":36.731103,"lng":137.226082,"prefecture":16,"numbering":["C33"],"lines":[99415,11423],"attr":"heat","postal_code":"931-8325","address":"富山市城川原","voronoi":{"type":"Feature","geometry":{"type":"Polygon","coordinates":[[[137.20911,36.73541],[137.208952,36.733518],[137.211152,36.728585],[137.23334,36.725526],[137.238222,36.731803],[137.20911,36.73541]]]},"properties":{}},"extra":false},
    {"code":9941511,"id":7315,"name":"犬島新町","original_name":"犬島新町","name_kana":"いぬじましんまち","closed":false,"lat":36.735445,"lng":137.22662,"prefecture":16,"numbering":["C34"],"lines":[99415],"attr":"eco","postal_code":"931-8328","address":"富山市犬島新町１丁目１４番地","voronoi":{"type":"Feature","geometry":{"type":"Polygon","coordinates":[[[137.209087,36.73594],[137.210076,36.741035],[137.237991,36.737775],[137.239355,36.732815],[137.238222,36.731803],[137.20911,36.73541],[137.209087,36.73594]]]},"properties":{}},"extra":false},
    {"code":9941512,"id":7316,"name":"蓮町(馬場記念公園前)","original_name":"蓮町(馬場記念公園前)","name_kana":"はすまち（ばばきねんこうえんまえ）","closed":false,"lat":36.742663,"lng":137.227463,"prefecture":16,"numbering":["C35"],"lines":[99415,11423],"attr":"eco","postal_code":"931-8333","address":"富山県富山市蓮町1丁目2番地","voronoi":{"type":"Feature","geometry":{"type":"Polygon","coordinates":[[[137.210036,36.743284],[137.210076,36.741035],[137.237991,36.737775],[137.238282,36.7436],[137.211472,36.748927],[137.210944,36.747608],[137.210036,36.743284]]]},"properties":{}},"extra":false},
    {"code":9941513,"id":7317,"name":"萩浦小学校前","original_name":"萩浦小学校前","name_kana":"はぎうらしょうがっこうまえ","closed":false,"lat":36.748602,"lng":137.228643,"prefecture":16,"numbering":["C36"],"lines":[99415,11423],"attr":"eco","postal_code":"931-8345","address":"富山市西宮町6番地","voronoi":{"type":"Feature","geometry":{"type":"Polygon","coordinates":[[[137.213573,36.759076],[137.211472,36.748927],[137.238282,36.7436],[137.238823,36.745167],[137.213573,36.759076]]]},"properties":{}},"extra":false},
    {"code":9941514,"id":7318,"name":"東岩瀬","original_name":"東岩瀬","name_kana":"ひがしいわせ","closed":false,"lat":36.751935,"lng":137.230479,"prefecture":16,"numbering":["C37"],"lines":[99415,11423],"attr":"cool","postal_code":"931-8345","address":"富山市西宮","voronoi":{"type":"Feature","geometry":{"type":"Polygon","coordinates":[[[137.238823,36.745167],[137.213573,36.759076],[137.214035,36.763677],[137.223936,36.759823],[137.24107,36.74918],[137.238823,36.745167]]]},"properties":{}},"extra":false},
    {"code":9941515,"id":7319,"name":"競輪場前(富山)","original_name":"競輪場前","name_kana":"けいりんじょうまえ","closed":false,"lat":36.757454,"lng":137.233907,"prefecture":16,"numbering":["C38"],"lines":[99415,11423],"attr":"cool","postal_code":"931-8376","address":"富山市岩瀬池田町","voronoi":{"type":"Feature","geometry":{"type":"Polygon","coordinates":[[[137.223936,36.759823],[137.24107,36.74918],[137.250907,36.75851],[137.223936,36.759823]]]},"properties":{}},"extra":false},
    {"code":9941516,"id":7320,"name":"岩瀬浜","original_name":"岩瀬浜","name_kana":"いわせはま","closed":false,"lat":36.761212,"lng":137.23409,"prefecture":16,"numbering":["C39"],"lines":[99415,11423],"attr":"cool","postal_code":"931-8378","address":"富山市岩瀬天神町","voronoi":{"type":"Feature","geometry":{"type":"Polygon","coordinates":[[[137.278771,36.901402],[137.282007,36.892918],[137.282772,36.886915],[137.286491,36.834348],[137.286553,36.825875],[137.27246,36.774834],[137.250907,36.75851],[137.223936,36.759823],[137.214035,36.763677],[137.201462,36.847619],[137.196167,36.900749],[137.197086,36.923631],[137.202933,37.001054],[137.203735,37.001825],[137.277824,36.903371],[137.278771,36.901402]]]},"properties":{}},"extra":false}
  ],
  "extra":false
}