{
  "code":99424,
  "id":"9e5d4f",
  "name":"妙高はねうまライン",
  "name_kana":"みょうこうはねうまらいん",
  "station_size":10,
  "company_code":244,
  "closed":false,
  "color":"#35C98E",
  "station_list":[
    {"code":9942401,"id":"9a4d78","name":"妙高高原","original_name":"妙高高原","name_kana":"みょうこうこうげん","closed":false,"lat":36.872175,"lng":138.211953,"prefecture":15,"lines":[99427,99424,11426],"attr":"cool","postal_code":"949-2106","address":"妙高市田口","voronoi":{"type":"Feature","geometry":{"type":"Polygon","coordinates":[[[138.051618,36.935622],[138.057681,36.873066],[138.229228,36.834093],[138.283085,36.846572],[138.289148,36.880162],[138.289649,36.885871],[138.057119,36.941114],[138.051618,36.935622]]]},"properties":{}},"extra":false},
    {"code":9942402,"id":"a44730","name":"関山","original_name":"関山","name_kana":"せきやま","closed":false,"lat":36.933048,"lng":138.226415,"prefecture":15,"lines":[99424,11426],"attr":"cool","postal_code":"949-2141","address":"妙高市関山","voronoi":{"type":"Feature","geometry":{"type":"Polygon","coordinates":[[[138.302883,36.910362],[138.31068,36.934995],[138.312356,36.952036],[138.082288,36.977866],[138.057119,36.941114],[138.289649,36.885871],[138.302883,36.910362]]]},"properties":{}},"extra":false},
    {"code":9942403,"id":"4df71e","name":"二本木","original_name":"二本木","name_kana":"にほんぎ","closed":false,"lat":36.989608,"lng":138.232765,"prefecture":15,"lines":[99424,11426],"attr":"cool","postal_code":"949-2301","address":"上越市中郷区板橋","voronoi":{"type":"Feature","geometry":{"type":"Polygon","coordinates":[[[138.180801,37.046643],[138.183228,37.045688],[138.317402,36.96312],[138.312356,36.952036],[138.082288,36.977866],[138.08251,36.978375],[138.141796,37.052339],[138.157763,37.050818],[138.180801,37.046643]]]},"properties":{}},"extra":false},
    {"code":9942404,"id":"256ba4","name":"新井(新潟)","original_name":"新井","name_kana":"あらい","closed":false,"lat":37.026738,"lng":138.255614,"prefecture":15,"lines":[99424,11426],"attr":"cool","postal_code":"944-0044","address":"妙高市栄町","voronoi":{"type":"Feature","geometry":{"type":"Polygon","coordinates":[[[138.183228,37.045688],[138.317402,36.96312],[138.347029,37.000087],[138.356005,37.016614],[138.361166,37.031539],[138.183228,37.045688]]]},"properties":{}},"extra":false},
    {"code":9942405,"id":"e9b20c","name":"北新井","original_name":"北新井","name_kana":"きたあらい","closed":false,"lat":37.05296,"lng":138.257699,"prefecture":15,"lines":[99424,11426],"attr":"cool","postal_code":"944-0008","address":"妙高市柳井田町","voronoi":{"type":"Feature","geometry":{"type":"Polygon","coordinates":[[[138.183228,37.045688],[138.180801,37.046643],[138.334259,37.090378],[138.369714,37.04889],[138.361166,37.031539],[138.183228,37.045688]]]},"properties":{}},"extra":false},
    {"code":100908,"id":"64b8a9","name":"上越妙高","original_name":"上越妙高","name_kana":"じょうえつみょうこう","closed":false,"lat":37.081813,"lng":138.249476,"prefecture":15,"lines":[1009,99424,11426],"attr":"cool","postal_code":"943-0863","address":"上越市大字脇野田","voronoi":{"type":"Feature","geometry":{"type":"Polygon","coordinates":[[[138.326118,37.100947],[138.317525,37.110399],[138.316522,37.111308],[138.313504,37.113643],[138.29033,37.108471],[138.157763,37.050818],[138.180801,37.046643],[138.334259,37.090378],[138.332931,37.092644],[138.326118,37.100947]]]},"properties":{}},"extra":false},
    {"code":9942407,"id":"5450ba","name":"南高田","original_name":"南高田","name_kana":"みなみたかだ","closed":false,"lat":37.096766,"lng":138.242973,"prefecture":15,"lines":[99424,11426],"attr":"eco","postal_code":"943-0899","address":"上越市大字下中田","voronoi":{"type":"Feature","geometry":{"type":"Polygon","coordinates":[[[138.157763,37.050818],[138.141796,37.052339],[138.142028,37.05372],[138.152939,37.071166],[138.183101,37.102923],[138.29033,37.108471],[138.157763,37.050818]]]},"properties":{}},"extra":false},
    {"code":9942408,"id":"34e564","name":"高田(新潟)","original_name":"高田","name_kana":"たかだ","closed":false,"lat":37.115226,"lng":138.242018,"prefecture":15,"lines":[99424,11426],"attr":"heat","postal_code":"943-0831","address":"上越市仲町４丁目","voronoi":{"type":"Feature","geometry":{"type":"Polygon","coordinates":[[[138.29033,37.108471],[138.183101,37.102923],[138.196726,37.122607],[138.278114,37.140207],[138.285213,37.137506],[138.310271,37.117722],[138.313504,37.113643],[138.29033,37.108471]]]},"properties":{}},"extra":false},
    {"code":9942409,"id":"7a4de3","name":"春日山","original_name":"春日山","name_kana":"かすがやま","closed":false,"lat":37.148042,"lng":138.234922,"prefecture":15,"lines":[99424,11426],"attr":"heat","postal_code":"943-0805","address":"上越市大字木田","voronoi":{"type":"Feature","geometry":{"type":"Polygon","coordinates":[[[138.278114,37.140207],[138.196726,37.122607],[138.207718,37.169355],[138.268517,37.149253],[138.278114,37.140207]]]},"properties":{}},"extra":false},
    {"code":1140401,"id":"54830d","name":"直江津","original_name":"直江津","name_kana":"なおえつ","closed":false,"lat":37.170251,"lng":138.242265,"prefecture":15,"lines":[11404,11405,99423,99424,11426],"attr":"eco","postal_code":"942-0003","address":"上越市東町１丁目","voronoi":{"type":"Feature","geometry":{"type":"Polygon","coordinates":[[[138.253545,37.179503],[138.19364,37.291986],[138.207718,37.169355],[138.268517,37.149253],[138.253545,37.179503]]]},"properties":{}},"extra":false}
  ],
  "extra":false
}