{
  "code":99425,
  "id":599,
  "name":"あいの風とやま鉄道線",
  "name_kana":"あいのかぜとやまてつどうせん",
  "station_size":23,
  "company_code":245,
  "closed":false,
  "color":"#00A556",
  "station_list":[
    {"code":9942501,"id":2393,"name":"倶利伽羅","original_name":"倶利伽羅","name_kana":"くりから","closed":false,"lat":36.672489,"lng":136.791605,"prefecture":17,"lines":[99425,99426],"attr":"cool","postal_code":"929-0416","address":"河北郡津幡町字刈安","voronoi":{"type":"Feature","geometry":{"type":"Polygon","coordinates":[[[136.794885,36.743177],[136.828729,36.755259],[136.82873,36.710934],[136.823581,36.6409],[136.816065,36.612657],[136.808779,36.595565],[136.782628,36.575779],[136.766464,36.643169],[136.765156,36.715457],[136.767382,36.723182],[136.773321,36.729082],[136.794885,36.743177]]]},"properties":{}},"extra":false},
    {"code":9942502,"id":2394,"name":"石動","original_name":"石動","name_kana":"いするぎ","closed":false,"lat":36.672492,"lng":136.865859,"prefecture":16,"lines":[99425,99432],"attr":"heat","postal_code":"932-0053","address":"小矢部市石動町","voronoi":{"type":"Feature","geometry":{"type":"Polygon","coordinates":[[[136.911047,36.667991],[136.853762,36.77411],[136.833611,36.759942],[136.828729,36.755259],[136.82873,36.710934],[136.868993,36.662603],[136.906516,36.664788],[136.911047,36.667991]]]},"properties":{}},"extra":false},
    {"code":9942503,"id":2395,"name":"福岡","original_name":"福岡","name_kana":"ふくおか","closed":false,"lat":36.708239,"lng":136.932079,"prefecture":16,"lines":[99425],"attr":"heat","postal_code":"939-0116","address":"高岡市福岡町下蓑","voronoi":{"type":"Feature","geometry":{"type":"Polygon","coordinates":[[[136.951263,36.681708],[136.934967,36.66996],[136.91874,36.665086],[136.911047,36.667991],[136.853762,36.77411],[136.867149,36.794479],[136.882353,36.811723],[136.907587,36.801293],[136.958164,36.696661],[136.951263,36.681708]]]},"properties":{}},"extra":false},
    {"code":9942504,"id":2396,"name":"西高岡","original_name":"西高岡","name_kana":"にしたかおか","closed":false,"lat":36.724295,"lng":136.965295,"prefecture":16,"lines":[99425],"attr":"eco","postal_code":"933-0325","address":"高岡市立野","voronoi":{"type":"Feature","geometry":{"type":"Polygon","coordinates":[[[136.907587,36.801293],[136.942295,36.794292],[136.98432,36.717814],[136.977175,36.705509],[136.958164,36.696661],[136.907587,36.801293]]]},"properties":{}},"extra":false},
    {"code":9942505,"id":9327,"name":"高岡やぶなみ","original_name":"高岡やぶなみ","name_kana":"たかおかやぶなみ","closed":false,"lat":36.737348,"lng":136.989049,"prefecture":16,"lines":[99425],"attr":"eco","postal_code":"933-0844","address":"富山県高岡市羽広32-3","open_date":"2018-03-17","voronoi":{"type":"Feature","geometry":{"type":"Polygon","coordinates":[[[136.998083,36.726206],[136.988597,36.719159],[136.98432,36.717814],[136.942295,36.794292],[136.957765,36.794074],[136.983657,36.787353],[137.000466,36.743124],[137.002463,36.73669],[137.002546,36.736246],[136.998083,36.726206]]]},"properties":{}},"extra":false},
    {"code":9942506,"id":2397,"name":"高岡","original_name":"高岡","name_kana":"たかおか","closed":false,"lat":36.740948,"lng":137.015274,"prefecture":16,"lines":[11417,11418,99425],"attr":"eco","postal_code":"933-0021","address":"高岡市下関町","voronoi":{"type":"Feature","geometry":{"type":"Polygon","coordinates":[[[137.003038,36.736171],[137.03219,36.730194],[137.022647,36.743808],[137.021161,36.744338],[137.003038,36.736171]]]},"properties":{}},"extra":false},
    {"code":9942507,"id":2398,"name":"越中大門","original_name":"越中大門","name_kana":"えっちゅうだいもん","closed":false,"lat":36.733818,"lng":137.055904,"prefecture":16,"lines":[99425],"attr":"eco","postal_code":"939-0271","address":"射水市大島北野","voronoi":{"type":"Feature","geometry":{"type":"Polygon","coordinates":[[[137.053716,36.753746],[137.06509,36.755729],[137.070196,36.7561],[137.070251,36.756074],[137.0813,36.747328],[137.053832,36.668659],[137.04928,36.677437],[137.037931,36.70643],[137.034425,36.72868],[137.046861,36.750558],[137.053716,36.753746]]]},"properties":{}},"extra":false},
    {"code":9942508,"id":2399,"name":"小杉(あいの風とやま鉄道線)","original_name":"小杉","name_kana":"こすぎ","closed":false,"lat":36.720947,"lng":137.092767,"prefecture":16,"lines":[99425],"attr":"heat","postal_code":"939-0341","address":"富山県射水市三ケ4156-2","voronoi":{"type":"Feature","geometry":{"type":"Polygon","coordinates":[[[137.12306,36.736939],[137.108634,36.745579],[137.100156,36.748587],[137.099543,36.748725],[137.0813,36.747328],[137.053832,36.668659],[137.056737,36.652159],[137.115266,36.679046],[137.127535,36.693658],[137.128084,36.694634],[137.129156,36.731396],[137.12306,36.736939]]]},"properties":{}},"extra":false},
    {"code":9942509,"id":2400,"name":"呉羽","original_name":"呉羽","name_kana":"くれは","closed":false,"lat":36.718845,"lng":137.164874,"prefecture":16,"lines":[99425],"attr":"heat","postal_code":"930-0138","address":"富山市呉羽町","voronoi":{"type":"Feature","geometry":{"type":"Polygon","coordinates":[[[137.12919,36.731416],[137.129156,36.731396],[137.128084,36.694634],[137.15148,36.69696],[137.182115,36.716041],[137.182082,36.719648],[137.172128,36.737278],[137.161646,36.739384],[137.144636,36.73738],[137.12919,36.731416]]]},"properties":{}},"extra":false},
    {"code":100911,"id":2066,"name":"富山","original_name":"富山","name_kana":"とやま","closed":false,"lat":36.701612,"lng":137.213252,"prefecture":16,"lines":[1009,11405,11416,99425,11423],"attr":"eco","postal_code":"930-0001","address":"富山市明輪町","voronoi":{"type":"Feature","geometry":{"type":"Polygon","coordinates":[[[137.212651,36.702887],[137.213042,36.700913],[137.213471,36.700933],[137.214123,36.701627],[137.212651,36.702887]]]},"properties":{}},"extra":false},
    {"code":9942511,"id":9381,"name":"新富山口","original_name":"新富山口","name_kana":"しんとやまぐち","closed":false,"lat":36.719864,"lng":137.240531,"prefecture":16,"lines":[99425],"attr":"eco","postal_code":"930-0814","address":"富山県富山市下冨居１丁目１３-４６","open_date":"2022-03-12","voronoi":{"type":"Feature","geometry":{"type":"Polygon","coordinates":[[[137.23334,36.725526],[137.232634,36.720619],[137.232802,36.71503],[137.236111,36.708819],[137.246344,36.709],[137.259173,36.716551],[137.264477,36.723076],[137.239355,36.732815],[137.238222,36.731803],[137.23334,36.725526]]]},"properties":{}},"extra":false},
    {"code":9942512,"id":2067,"name":"東富山","original_name":"東富山","name_kana":"ひがしとやま","closed":false,"lat":36.741589,"lng":137.248953,"prefecture":16,"lines":[11405,99425],"attr":"eco","postal_code":"931-8303","address":"富山市米田","voronoi":{"type":"Feature","geometry":{"type":"Polygon","coordinates":[[[137.238282,36.7436],[137.237991,36.737775],[137.239355,36.732815],[137.264477,36.723076],[137.273963,36.72692],[137.274255,36.727239],[137.27246,36.774834],[137.250907,36.75851],[137.24107,36.74918],[137.238823,36.745167],[137.238282,36.7436]]]},"properties":{}},"extra":false},
    {"code":9942513,"id":2068,"name":"水橋","original_name":"水橋","name_kana":"みずはし","closed":false,"lat":36.743454,"lng":137.298404,"prefecture":16,"lines":[11405,99425],"attr":"eco","postal_code":"939-3524","address":"富山市水橋伊勢屋","voronoi":{"type":"Feature","geometry":{"type":"Polygon","coordinates":[[[137.27246,36.774834],[137.286553,36.825875],[137.30416,36.786403],[137.319599,36.740291],[137.320433,36.728497],[137.295872,36.72314],[137.274255,36.727239],[137.27246,36.774834]]]},"properties":{}},"extra":false},
    {"code":9942514,"id":2069,"name":"滑川","original_name":"滑川","name_kana":"なめりかわ","closed":false,"lat":36.769318,"lng":137.348666,"prefecture":16,"lines":[11405,99408,99425],"attr":"eco","postal_code":"936-0024","address":"滑川市辰野","voronoi":{"type":"Feature","geometry":{"type":"Polygon","coordinates":[[[137.36768,36.753512],[137.282772,36.886915],[137.286491,36.834348],[137.353827,36.754354],[137.357859,36.752854],[137.36768,36.753512]]]},"properties":{}},"extra":false},
    {"code":9942515,"id":2070,"name":"東滑川","original_name":"東滑川","name_kana":"ひがしなめりかわ","closed":false,"lat":36.787987,"lng":137.37805,"prefecture":16,"lines":[11405,99425],"attr":"eco","postal_code":"936-0002","address":"滑川市中村","voronoi":{"type":"Feature","geometry":{"type":"Polygon","coordinates":[[[137.404459,36.741088],[137.336886,36.844412],[137.351933,36.832076],[137.361346,36.822177],[137.409941,36.738268],[137.404459,36.741088]]]},"properties":{}},"extra":false},
    {"code":9942516,"id":2071,"name":"魚津","original_name":"魚津","name_kana":"うおづ","closed":false,"lat":36.82642,"lng":137.405693,"prefecture":16,"lines":[11405,99425],"attr":"eco","postal_code":"937-0067","address":"魚津市釈迦堂","voronoi":{"type":"Feature","geometry":{"type":"Polygon","coordinates":[[[137.470378,36.805782],[137.465979,36.811843],[137.412307,36.836996],[137.402159,36.821164],[137.48281,36.782611],[137.482005,36.785085],[137.481133,36.786791],[137.470378,36.805782]]]},"properties":{}},"extra":false},
    {"code":9942517,"id":2072,"name":"黒部","original_name":"黒部","name_kana":"くろべ","closed":false,"lat":36.869322,"lng":137.434393,"prefecture":16,"lines":[11405,99425],"attr":"cool","postal_code":"938-0042","address":"黒部市天神新","voronoi":{"type":"Feature","geometry":{"type":"Polygon","coordinates":[[[137.433623,36.851688],[137.423189,36.886119],[137.431341,36.887864],[137.449565,36.850676],[137.455553,36.832206],[137.433623,36.851688]]]},"properties":{}},"extra":false},
    {"code":9942518,"id":2073,"name":"生地","original_name":"生地","name_kana":"いくじ","closed":false,"lat":36.906031,"lng":137.426534,"prefecture":16,"lines":[11405,99425],"attr":"cool","postal_code":"938-0005","address":"黒部市吉田","voronoi":{"type":"Feature","geometry":{"type":"Polygon","coordinates":[[[137.309391,37.099658],[137.296353,37.093273],[137.246089,37.065716],[137.21022,37.023925],[137.203735,37.001825],[137.277824,36.903371],[137.330665,36.893825],[137.423189,36.886119],[137.431341,36.887864],[137.44567,36.895756],[137.45388,36.902138],[137.454306,36.902588],[137.309391,37.099658]]]},"properties":{}},"extra":false},
    {"code":9942519,"id":2074,"name":"西入善","original_name":"西入善","name_kana":"にしにゅうぜん","closed":false,"lat":36.930124,"lng":137.459298,"prefecture":16,"lines":[11405,99425],"attr":"eco","postal_code":"939-0663","address":"下新川郡入善町下飯野","voronoi":{"type":"Feature","geometry":{"type":"Polygon","coordinates":[[[137.309391,37.099658],[137.390073,37.148613],[137.415339,37.162471],[137.486786,36.908572],[137.474713,36.903871],[137.468325,36.902568],[137.454306,36.902588],[137.309391,37.099658]]]},"properties":{}},"extra":false},
    {"code":9942520,"id":2075,"name":"入善","original_name":"入善","name_kana":"にゅうぜん","closed":false,"lat":36.941296,"lng":137.499,"prefecture":16,"lines":[11405,99425],"attr":"eco","postal_code":"939-0626","address":"下新川郡入善町入膳","voronoi":{"type":"Feature","geometry":{"type":"Polygon","coordinates":[[[137.415339,37.162471],[137.486786,36.908572],[137.495388,36.906282],[137.503291,36.905625],[137.532313,36.908402],[137.534562,36.908991],[137.493974,37.127908],[137.470758,37.199498],[137.415339,37.162471]]]},"properties":{}},"extra":false},
    {"code":9942521,"id":2076,"name":"泊(富山)","original_name":"泊","name_kana":"とまり","closed":false,"lat":36.951897,"lng":137.556179,"prefecture":16,"lines":[11405,99425],"attr":"eco","postal_code":"939-0744","address":"下新川郡朝日町平柳","voronoi":{"type":"Feature","geometry":{"type":"Polygon","coordinates":[[[137.493974,37.127908],[137.534562,36.908991],[137.539096,36.907107],[137.547339,36.905029],[137.554178,36.903956],[137.608424,36.902593],[137.493974,37.127908]]]},"properties":{}},"extra":false},
    {"code":9942522,"id":2077,"name":"越中宮崎","original_name":"越中宮崎","name_kana":"えっちゅうみやざき","closed":false,"lat":36.973863,"lng":137.599423,"prefecture":16,"lines":[11405,99425],"attr":"eco","postal_code":"939-0703","address":"下新川郡朝日町宮崎","voronoi":{"type":"Feature","geometry":{"type":"Polygon","coordinates":[[[137.635911,36.891949],[137.608424,36.902593],[137.493974,37.127908],[137.470758,37.199498],[137.519253,37.248801],[137.584547,37.289361],[137.635911,36.891949]]]},"properties":{}},"extra":false},
    {"code":9942301,"id":2078,"name":"市振","original_name":"市振","name_kana":"いちぶり","closed":false,"lat":36.980448,"lng":137.650373,"prefecture":15,"lines":[11405,99423,99425],"attr":"cool","postal_code":"949-0111","address":"糸魚川市市振","voronoi":{"type":"Feature","geometry":{"type":"Polygon","coordinates":[[[137.730839,36.871205],[137.730957,36.871475],[137.601563,37.301958],[137.584547,37.289361],[137.635911,36.891949],[137.638878,36.889646],[137.663233,36.880147],[137.730839,36.871205]]]},"properties":{}},"extra":false}
  ],
  "extra":false
}