{
  "code":99432,
  "id":2089,
  "name":"加越鉄道",
  "name_kana":"かえつてつどう",
  "name_formal":"加越能鉄道加越線",
  "station_size":14,
  "closed":true,
  "station_list":[
    {"code":9942502,"id":2394,"name":"石動","original_name":"石動","name_kana":"いするぎ","closed":false,"lat":36.672492,"lng":136.865859,"prefecture":16,"lines":[99425,99432],"attr":"heat","postal_code":"932-0053","address":"小矢部市石動町","voronoi":{"type":"Feature","geometry":{"type":"Polygon","coordinates":[[[136.911047,36.667991],[136.853762,36.77411],[136.833611,36.759942],[136.828729,36.755259],[136.82873,36.710934],[136.868993,36.662603],[136.906516,36.664788],[136.911047,36.667991]]]},"properties":{}},"extra":false},
    {"code":9943202,"id":21006,"name":"南石動","original_name":"南石動","name_kana":"みなみいするぎ","closed":true,"lat":36.667472,"lng":136.859833,"prefecture":16,"lines":[99432],"postal_code":"932-0836","address":"富山県小矢部市埴生１３７６−４","closed_date":"1972-09-16","voronoi":{"type":"Feature","geometry":{"type":"Polygon","coordinates":[[[136.823581,36.6409],[136.82873,36.710934],[136.868993,36.662603],[136.823581,36.6409]]]},"properties":{}},"extra":true},
    {"code":9943203,"id":21007,"name":"四日町","original_name":"四日町","name_kana":"よっかまち","closed":true,"lat":36.652417,"lng":136.867028,"prefecture":16,"lines":[99432],"postal_code":"932-0121","address":"富山県小矢部市矢水町７４０−２０","open_date":"1934-07-01","closed_date":"1972-09-16","voronoi":{"type":"Feature","geometry":{"type":"Polygon","coordinates":[[[136.823581,36.6409],[136.816065,36.612657],[136.905875,36.664043],[136.906516,36.664788],[136.868993,36.662603],[136.823581,36.6409]]]},"properties":{}},"extra":true},
    {"code":9943204,"id":21008,"name":"薮波","original_name":"薮波","name_kana":"やぶなみ","closed":true,"lat":36.636444,"lng":136.876167,"prefecture":16,"lines":[99432],"postal_code":"932-0122","address":"富山県小矢部市浅地６４７","open_date":"1922-07-22","closed_date":"1972-09-16","voronoi":{"type":"Feature","geometry":{"type":"Polygon","coordinates":[[[136.816065,36.612657],[136.808779,36.595565],[136.861475,36.596889],[136.873021,36.601094],[136.905875,36.664043],[136.816065,36.612657]]]},"properties":{}},"extra":true},
    {"code":9943205,"id":21009,"name":"津沢","original_name":"津沢","name_kana":"つざわ","closed":true,"lat":36.623889,"lng":136.900222,"prefecture":16,"lines":[99432],"postal_code":"932-0113","address":"富山県小矢部市岩武８４２−１","open_date":"1922-07-22","closed_date":"1972-09-16","voronoi":{"type":"Feature","geometry":{"type":"Polygon","coordinates":[[[136.906516,36.664788],[136.911047,36.667991],[136.91874,36.665086],[136.924324,36.641284],[136.924182,36.640125],[136.897146,36.608747],[136.884565,36.600598],[136.873021,36.601094],[136.905875,36.664043],[136.906516,36.664788]]]},"properties":{}},"extra":true},
    {"code":9943206,"id":21010,"name":"本江(加越能鉄道)","original_name":"本江","name_kana":"ほんごう","closed":true,"lat":36.614028,"lng":136.911667,"prefecture":16,"lines":[99432],"postal_code":"939-1501","address":"富山県南砺市本江","open_date":"1933-05-15","closed_date":"1972-09-16","voronoi":{"type":"Feature","geometry":{"type":"Polygon","coordinates":[[[136.926954,36.620711],[136.923866,36.610458],[136.897146,36.608747],[136.924182,36.640125],[136.926954,36.620711]]]},"properties":{}},"extra":true},
    {"code":9943207,"id":21011,"name":"野尻(富山)","original_name":"野尻","name_kana":"のじり","closed":true,"lat":36.605361,"lng":136.912222,"prefecture":16,"lines":[99432],"postal_code":"939-1502","address":"富山県南砺市野尻９１５","open_date":"1969-04-01","closed_date":"1972-09-16","voronoi":{"type":"Feature","geometry":{"type":"Polygon","coordinates":[[[136.884565,36.600598],[136.897146,36.608747],[136.923866,36.610458],[136.924339,36.602033],[136.891391,36.597325],[136.884565,36.600598]]]},"properties":{}},"extra":true},
    {"code":9943208,"id":21012,"name":"柴田屋","original_name":"柴田屋","name_kana":"しばたや","closed":true,"lat":36.595444,"lng":136.913639,"prefecture":16,"lines":[99432],"postal_code":"939-1552","address":"富山県南砺市柴田屋１９５","open_date":"1926-08-15","closed_date":"1972-09-16","voronoi":{"type":"Feature","geometry":{"type":"Polygon","coordinates":[[[136.891391,36.597325],[136.924339,36.602033],[136.924887,36.600942],[136.910956,36.581715],[136.891391,36.597325]]]},"properties":{}},"extra":true},
    {"code":1141709,"id":2452,"name":"福野(富山)","original_name":"福野","name_kana":"ふくの","closed":false,"lat":36.588541,"lng":136.923166,"prefecture":16,"lines":[11417,99432],"attr":"eco","postal_code":"939-1571","address":"南砺市松原新","voronoi":{"type":"Feature","geometry":{"type":"Polygon","coordinates":[[[136.924887,36.600942],[136.910956,36.581715],[136.91934,36.564935],[136.934696,36.594005],[136.924887,36.600942]]]},"properties":{}},"extra":false},
    {"code":9943210,"id":21013,"name":"焼野","original_name":"焼野","name_kana":"やけの","closed":true,"lat":36.581401,"lng":136.936682,"prefecture":16,"lines":[99432],"postal_code":"939-1522","address":"富山県南砺市野新３９６","open_date":"1935-05-10","closed_date":"1972-09-16","voronoi":{"type":"Feature","geometry":{"type":"Polygon","coordinates":[[[136.934696,36.594005],[136.91934,36.564935],[136.921356,36.550422],[136.926149,36.547597],[136.952134,36.59447],[136.934696,36.594005]]]},"properties":{}},"extra":true},
    {"code":9943211,"id":21014,"name":"高瀬神社","original_name":"高瀬神社","name_kana":"たかせじんじゃ","closed":true,"lat":36.574441,"lng":136.949237,"prefecture":16,"lines":[99432],"postal_code":"932-0252","address":"富山県南砺市高瀬２３９","open_date":"1915-07-21","closed_date":"1972-09-16","voronoi":{"type":"Feature","geometry":{"type":"Polygon","coordinates":[[[136.947031,36.528652],[136.926149,36.547597],[136.952134,36.59447],[136.962079,36.598549],[136.963889,36.598785],[136.9641,36.597201],[136.964012,36.589454],[136.947031,36.528652]]]},"properties":{}},"extra":true},
    {"code":9943212,"id":21015,"name":"井波","original_name":"井波","name_kana":"いなみ","closed":true,"lat":36.568958,"lng":136.96887,"prefecture":16,"lines":[99432],"postal_code":"932-0226","address":"富山県南砺市北川","open_date":"1915-07-21","closed_date":"1972-09-16","voronoi":{"type":"Feature","geometry":{"type":"Polygon","coordinates":[[[136.947031,36.528652],[137.020332,36.423732],[137.044082,36.440689],[136.964012,36.589454],[136.947031,36.528652]]]},"properties":{}},"extra":true},
    {"code":9943213,"id":21016,"name":"東山見","original_name":"東山見","name_kana":"ひがしやまみ","closed":true,"lat":36.574111,"lng":136.978444,"prefecture":16,"lines":[99432],"postal_code":"932-0315","address":"富山県砺波市庄川町示野２３９","open_date":"1934-12-01","closed_date":"1972-09-16","voronoi":{"type":"Feature","geometry":{"type":"Polygon","coordinates":[[[136.964012,36.589454],[137.044082,36.440689],[137.044905,36.441232],[137.047599,36.444111],[137.068795,36.472718],[136.9641,36.597201],[136.964012,36.589454]]]},"properties":{}},"extra":true},
    {"code":9943214,"id":21017,"name":"庄川町","original_name":"庄川町","name_kana":"しょうがわまち","closed":true,"lat":36.579111,"lng":136.984389,"prefecture":16,"lines":[99432],"postal_code":"932-0314","address":"富山県砺波市庄川町青島８５１−７","open_date":"1915-07-21","closed_date":"1972-09-16","voronoi":{"type":"Feature","geometry":{"type":"Polygon","coordinates":[[[136.963889,36.598785],[136.976358,36.611704],[136.991202,36.619666],[137.049558,36.630427],[137.059999,36.602615],[137.070214,36.474524],[137.068795,36.472718],[136.9641,36.597201],[136.963889,36.598785]]]},"properties":{}},"extra":true}
  ],
  "closed_date":"1972-09-16",
  "extra":true
}