{
  "code":99430,
  "id":2086,
  "name":"蒲原鉄道",
  "name_kana":"かんばらてつどう",
  "name_formal":"蒲原鉄道線",
  "station_size":15,
  "closed":true,
  "station_list":[
    {"code":1140432,"id":2056,"name":"加茂(新潟)","original_name":"加茂","name_kana":"かも","closed":false,"lat":37.658806,"lng":139.048959,"prefecture":15,"lines":[11404,99430],"attr":"heat","postal_code":"959-1300","address":"加茂市加茂駅前","voronoi":{"type":"Feature","geometry":{"type":"Polygon","coordinates":[[[139.051019,37.61515],[139.01465,37.679271],[139.017188,37.685153],[139.019548,37.688128],[139.027404,37.685475],[139.058162,37.656932],[139.058242,37.625575],[139.057206,37.617971],[139.05586,37.613895],[139.051019,37.61515]]]},"properties":{}},"extra":false},
    {"code":9943002,"id":20935,"name":"陣ヶ峰","original_name":"陣ヶ峰","name_kana":"じんがみね","closed":true,"lat":37.66597,"lng":139.055607,"prefecture":15,"lines":[99430],"postal_code":"959-1326","address":"新潟県加茂市青海町１丁目１０-９","open_date":"1930-10-20","closed_date":"1985-04-01","voronoi":{"type":"Feature","geometry":{"type":"Polygon","coordinates":[[[139.027404,37.685475],[139.070615,37.67749],[139.058162,37.656932],[139.027404,37.685475]]]},"properties":{}},"extra":true},
    {"code":9943003,"id":20936,"name":"東加茂","original_name":"東加茂","name_kana":"ひがしかも","closed":true,"lat":37.658853,"lng":139.067356,"prefecture":15,"lines":[99430],"postal_code":"959-1333","address":"新潟県加茂市八幡２丁目５-１","open_date":"1930-07-22","closed_date":"1985-04-01","voronoi":{"type":"Feature","geometry":{"type":"Polygon","coordinates":[[[139.0814,37.67955],[139.058242,37.625575],[139.058162,37.656932],[139.070615,37.67749],[139.0814,37.67955]]]},"properties":{}},"extra":true},
    {"code":9943004,"id":20937,"name":"駒岡","original_name":"駒岡","name_kana":"こまおか","closed":true,"lat":37.655111,"lng":139.076078,"prefecture":15,"lines":[99430],"postal_code":"959-1334","address":"新潟県加茂市狭口","open_date":"1930-07-22","closed_date":"1985-04-01","voronoi":{"type":"Feature","geometry":{"type":"Polygon","coordinates":[[[139.106795,37.687801],[139.106663,37.682538],[139.057206,37.617971],[139.058242,37.625575],[139.0814,37.67955],[139.101786,37.687685],[139.106795,37.687801]]]},"properties":{}},"extra":true},
    {"code":9943005,"id":20938,"name":"狭口","original_name":"狭口","name_kana":"せばぐち","closed":true,"lat":37.645865,"lng":139.088149,"prefecture":15,"lines":[99430],"postal_code":"959-1334","address":"新潟県加茂市狭口９−１","open_date":"1930-07-22","closed_date":"1985-04-01","voronoi":{"type":"Feature","geometry":{"type":"Polygon","coordinates":[[[139.106663,37.682538],[139.107231,37.679042],[139.103962,37.649452],[139.059788,37.610413],[139.05586,37.613895],[139.057206,37.617971],[139.106663,37.682538]]]},"properties":{}},"extra":true},
    {"code":9943006,"id":20939,"name":"七谷","original_name":"七谷","name_kana":"ななたに","closed":true,"lat":37.6342,"lng":139.098458,"prefecture":15,"lines":[99430],"postal_code":"959-1336","address":"新潟県加茂市黒水３６−１","open_date":"1930-07-22","closed_date":"1985-04-01","voronoi":{"type":"Feature","geometry":{"type":"Polygon","coordinates":[[[139.165493,37.492297],[139.154678,37.49145],[139.059788,37.610413],[139.103962,37.649452],[139.136907,37.569459],[139.165493,37.492297]]]},"properties":{}},"extra":true},
    {"code":9943007,"id":20940,"name":"冬鳥越","original_name":"冬鳥越","name_kana":"ふゆどりごえ","closed":true,"lat":37.6425,"lng":139.118611,"prefecture":15,"lines":[99430],"postal_code":"959-1335","address":"新潟県加茂市長谷８７２","open_date":"1932-11-20","closed_date":"1985-04-01","voronoi":{"type":"Feature","geometry":{"type":"Polygon","coordinates":[[[139.103962,37.649452],[139.107231,37.679042],[139.116734,37.664312],[139.136907,37.569459],[139.103962,37.649452]]]},"properties":{}},"extra":true},
    {"code":9943008,"id":20941,"name":"土倉","original_name":"土倉","name_kana":"つちくら","closed":true,"lat":37.643624,"lng":139.123896,"prefecture":15,"lines":[99430],"postal_code":"959-1341","address":"新潟県加茂市下土倉５２５","open_date":"1930-07-22","closed_date":"1985-04-01","voronoi":{"type":"Feature","geometry":{"type":"Polygon","coordinates":[[[139.218915,37.504994],[139.202644,37.491987],[139.165493,37.492297],[139.136907,37.569459],[139.116734,37.664312],[139.150912,37.623461],[139.218915,37.504994]]]},"properties":{}},"extra":true},
    {"code":9943009,"id":20942,"name":"高松(新潟)","original_name":"高松","name_kana":"たかまつ","closed":true,"lat":37.653611,"lng":139.135833,"prefecture":15,"lines":[99430],"postal_code":"959-1747","address":"新潟県五泉市高松８７５","open_date":"1930-07-22","closed_date":"1985-04-01","voronoi":{"type":"Feature","geometry":{"type":"Polygon","coordinates":[[[139.150912,37.623461],[139.116734,37.664312],[139.107231,37.679042],[139.106663,37.682538],[139.106795,37.687801],[139.111815,37.692499],[139.137591,37.6684],[139.150912,37.623461]]]},"properties":{}},"extra":true},
    {"code":9943010,"id":20943,"name":"大蒲原","original_name":"大蒲原","name_kana":"おおかんばら","closed":true,"lat":37.656958,"lng":139.147125,"prefecture":15,"lines":[99430],"postal_code":"959-1743","address":"新潟県五泉市下大蒲原","open_date":"1930-07-22","closed_date":"1985-04-01","voronoi":{"type":"Feature","geometry":{"type":"Polygon","coordinates":[[[139.275934,37.591129],[139.223331,37.631089],[139.198901,37.646348],[139.137591,37.6684],[139.150912,37.623461],[139.218915,37.504994],[139.264217,37.535629],[139.288041,37.554442],[139.279343,37.584847],[139.275934,37.591129]]]},"properties":{}},"extra":true},
    {"code":9943011,"id":20944,"name":"寺田(新潟)","original_name":"寺田","name_kana":"てらだ","closed":true,"lat":37.671148,"lng":139.152229,"prefecture":15,"lines":[99430],"postal_code":"959-1742","address":"新潟県五泉市寺田１１５６","open_date":"1930-07-22","closed_date":"1985-04-01","voronoi":{"type":"Feature","geometry":{"type":"Polygon","coordinates":[[[139.198901,37.646348],[139.123729,37.709851],[139.121532,37.708251],[139.111815,37.692499],[139.137591,37.6684],[139.198901,37.646348]]]},"properties":{}},"extra":true},
    {"code":9943012,"id":20945,"name":"西村松","original_name":"西村松","name_kana":"にしむらまつ","closed":true,"lat":37.688219,"lng":139.16665,"prefecture":15,"lines":[99430],"postal_code":"959-1704","address":"新潟県五泉市村松甲コウ２３","open_date":"1930-07-22","closed_date":"1985-04-01","voronoi":{"type":"Feature","geometry":{"type":"Polygon","coordinates":[[[139.157055,37.711375],[139.131409,37.718842],[139.123729,37.709851],[139.198901,37.646348],[139.223331,37.631089],[139.157055,37.711375]]]},"properties":{}},"extra":true},
    {"code":9943013,"id":20946,"name":"村松","original_name":"村松","name_kana":"むらまつ","closed":true,"lat":37.697567,"lng":139.177974,"prefecture":15,"lines":[99430],"postal_code":"959-1704","address":"新潟県五泉市村松甲甲１３６４","open_date":"1923-10-20","closed_date":"1999-10-04","voronoi":{"type":"Feature","geometry":{"type":"Polygon","coordinates":[[[139.26601,37.621077],[139.275934,37.591129],[139.223331,37.631089],[139.157055,37.711375],[139.201369,37.711995],[139.264394,37.62441],[139.26601,37.621077]]]},"properties":{}},"extra":true},
    {"code":9943014,"id":20947,"name":"今泉(新潟)","original_name":"今泉","name_kana":"いまいずみ","closed":true,"lat":37.725763,"lng":139.17758,"prefecture":15,"lines":[99430],"postal_code":"959-1835","address":"新潟県五泉市今泉","open_date":"1923-10-20","closed_date":"1999-10-04","voronoi":{"type":"Feature","geometry":{"type":"Polygon","coordinates":[[[139.200299,37.724532],[139.201369,37.711995],[139.157055,37.711375],[139.131409,37.718842],[139.131947,37.72075],[139.165834,37.733359],[139.200299,37.724532]]]},"properties":{}},"extra":true},
    {"code":1122624,"id":1065,"name":"五泉","original_name":"五泉","name_kana":"ごせん","closed":false,"lat":37.734373,"lng":139.179785,"prefecture":15,"lines":[11226,99430],"attr":"heat","postal_code":"959-1823","address":"五泉市駅前１","voronoi":{"type":"Feature","geometry":{"type":"Polygon","coordinates":[[[139.165834,37.733359],[139.200299,37.724532],[139.204811,37.764847],[139.165834,37.733359]]]},"properties":{}},"extra":false}
  ],
  "closed_date":"1999-10-04",
  "extra":true
}