{
  "code":99431,
  "id":"8b72b2",
  "name":"新潟交通電車線",
  "name_kana":"にいがたこうつうでんしゃせん",
  "station_size":25,
  "closed":true,
  "station_list":[
    {"code":9943101,"id":"0ba0a6","name":"白山前","original_name":"白山前","name_kana":"はくさんまえ","closed":true,"lat":37.916021,"lng":139.037839,"prefecture":15,"lines":[99431],"postal_code":"951-8126","address":"新潟県新潟市中央区学校町通１番町５−１","open_date":"1933-07-28","closed_date":"1992-03-31","voronoi":{"type":"Feature","geometry":{"type":"Polygon","coordinates":[[[139.045722,37.891686],[138.983502,38.008704],[138.705902,38.63992],[138.772884,38.581549],[138.945981,38.422831],[139.073386,38.291643],[139.078602,38.285618],[139.084938,38.167157],[139.084752,38.133184],[139.045722,37.891686]]]},"properties":{}},"extra":true},
    {"code":9943102,"id":"1ee8aa","name":"東関屋","original_name":"東関屋","name_kana":"ひがしせきや","closed":true,"lat":37.902358,"lng":139.015563,"prefecture":15,"lines":[99431],"postal_code":"951-8142","address":"新潟県新潟市中央区関屋大川前１丁目２-３６","open_date":"1933-04-01","closed_date":"1999-04-05","voronoi":{"type":"Feature","geometry":{"type":"Polygon","coordinates":[[[139.008436,37.90329],[139.023935,37.905307],[139.035693,37.88744],[139.023573,37.889764],[139.014701,37.894608],[139.008436,37.90329]]]},"properties":{}},"extra":true},
    {"code":9943103,"id":"f2b0d9","name":"東青山(新潟)","original_name":"東青山","name_kana":"ひがしあおやま","closed":true,"lat":37.896232,"lng":139.007074,"prefecture":15,"lines":[99431],"postal_code":"950-2002","address":"新潟県新潟市西区青山２２５","open_date":"1980-09-26","closed_date":"1999-04-05","voronoi":{"type":"Feature","geometry":{"type":"Polygon","coordinates":[[[139.001765,37.891495],[139.006661,37.904743],[139.008436,37.90329],[139.014701,37.894608],[139.001765,37.891495]]]},"properties":{}},"extra":true},
    {"code":9943104,"id":"8f388b","name":"平島","original_name":"平島","name_kana":"へいじま","closed":true,"lat":37.889692,"lng":139.008648,"prefecture":15,"lines":[99431],"postal_code":"950-2004","address":"新潟県新潟市西区平島１３１５","open_date":"1933-04-01","closed_date":"1999-04-05","voronoi":{"type":"Feature","geometry":{"type":"Polygon","coordinates":[[[139.014701,37.894608],[139.001765,37.891495],[139.000002,37.889935],[139.000048,37.882096],[139.023573,37.889764],[139.014701,37.894608]]]},"properties":{}},"extra":true},
    {"code":9943105,"id":"62b543","name":"寺地","original_name":"寺地","name_kana":"てらじ","closed":true,"lat":37.881028,"lng":139.011472,"prefecture":15,"lines":[99431],"postal_code":"950-1106","address":"新潟県新潟市西区ときめき西４丁目８-８","open_date":"1967-10-01","closed_date":"1999-04-05","voronoi":{"type":"Feature","geometry":{"type":"Polygon","coordinates":[[[139.000048,37.882096],[138.998573,37.878633],[139.026712,37.875841],[139.048265,37.877559],[139.045879,37.881327],[139.035693,37.88744],[139.023573,37.889764],[139.000048,37.882096]]]},"properties":{}},"extra":true},
    {"code":9943106,"id":"080afd","name":"ときめき","original_name":"ときめき","name_kana":"ときめき","closed":true,"lat":37.87375,"lng":139.01075,"prefecture":15,"lines":[99431],"postal_code":"950-1106","address":"新潟県新潟市西区ときめき西１丁目１０-４","open_date":"1997-03-16","closed_date":"1999-04-05","voronoi":{"type":"Feature","geometry":{"type":"Polygon","coordinates":[[[138.991272,37.869695],[138.990489,37.86429],[139.026712,37.875841],[138.998573,37.878633],[138.991272,37.869695]]]},"properties":{}},"extra":true},
    {"code":9943107,"id":"02ef8a","name":"焼鮒","original_name":"焼鮒","name_kana":"やきふな","closed":true,"lat":37.868306,"lng":139.012486,"prefecture":15,"lines":[99431],"postal_code":"950-1101","address":"新潟県新潟市西区山田２３０５−５７９","open_date":"1933-04-01","closed_date":"1999-04-05","voronoi":{"type":"Feature","geometry":{"type":"Polygon","coordinates":[[[139.026712,37.875841],[139.048265,37.877559],[139.054194,37.871038],[138.999258,37.856562],[138.999105,37.856543],[138.988346,37.8566],[138.990489,37.86429],[139.026712,37.875841]]]},"properties":{}},"extra":true},
    {"code":9943108,"id":"d30abb","name":"越後大野","original_name":"越後大野","name_kana":"えちごおおの","closed":true,"lat":37.852861,"lng":139.016556,"prefecture":15,"lines":[99431],"postal_code":"950-1115","address":"新潟県新潟市西区鳥原６２７−２","open_date":"1933-04-01","closed_date":"1999-04-05","voronoi":{"type":"Feature","geometry":{"type":"Polygon","coordinates":[[[139.054194,37.871038],[138.999258,37.856562],[139.062107,37.833812],[139.065814,37.85181],[139.06324,37.861508],[139.060625,37.866244],[139.054194,37.871038]]]},"properties":{}},"extra":true},
    {"code":9943109,"id":"3b80d8","name":"黒埼中学前","original_name":"黒埼中学前","name_kana":"くろさきちゅうがくまえ","closed":true,"lat":37.848333,"lng":139.014917,"prefecture":15,"lines":[99431],"postal_code":"950-1111","address":"新潟県新潟市西区大野町２８２７−３","open_date":"1982-01-01","closed_date":"1999-04-05","voronoi":{"type":"Feature","geometry":{"type":"Polygon","coordinates":[[[138.999258,37.856562],[138.999105,37.856543],[139.055244,37.817698],[139.059175,37.816985],[139.059487,37.816979],[139.062107,37.833812],[138.999258,37.856562]]]},"properties":{}},"extra":true},
    {"code":9943110,"id":"b91c6c","name":"新大野","original_name":"新大野","name_kana":"しんおおの","closed":true,"lat":37.844639,"lng":139.012361,"prefecture":15,"lines":[99431],"postal_code":"950-1112","address":"新潟県新潟市西区金巻８６９−２","open_date":"1934-06-15","closed_date":"1999-04-05","voronoi":{"type":"Feature","geometry":{"type":"Polygon","coordinates":[[[138.999105,37.856543],[138.988346,37.8566],[138.984512,37.852305],[139.029033,37.824446],[139.041891,37.819515],[139.055244,37.817698],[138.999105,37.856543]]]},"properties":{}},"extra":true},
    {"code":9943111,"id":"b7dcf3","name":"木場(新潟)","original_name":"木場","name_kana":"きば","closed":true,"lat":37.830611,"lng":139.003583,"prefecture":15,"lines":[99431],"postal_code":"950-1122","address":"新潟県新潟市木場西区","open_date":"1933-04-01","closed_date":"1999-04-05","voronoi":{"type":"Feature","geometry":{"type":"Polygon","coordinates":[[[138.977514,37.847998],[138.984512,37.852305],[139.029033,37.824446],[138.963074,37.827398],[138.964982,37.832024],[138.977514,37.847998]]]},"properties":{}},"extra":true},
    {"code":9943112,"id":"c0dde4","name":"板井","original_name":"板井","name_kana":"いたい","closed":true,"lat":37.820579,"lng":139.003134,"prefecture":15,"lines":[99431],"postal_code":"950-1121","address":"新潟県新潟市西区板井３３８","open_date":"1933-04-01","closed_date":"1999-04-05","voronoi":{"type":"Feature","geometry":{"type":"Polygon","coordinates":[[[138.956591,37.808841],[138.962509,37.8264],[138.963074,37.827398],[139.029033,37.824446],[139.041891,37.819515],[138.958511,37.802307],[138.956591,37.808841]]]},"properties":{}},"extra":true},
    {"code":9943113,"id":"4f06da","name":"七穂","original_name":"七穂","name_kana":"ななほ","closed":true,"lat":37.803194,"lng":139.006722,"prefecture":15,"lines":[99431],"postal_code":"950-1255","address":"新潟県新潟市山王南区","open_date":"1937-11-22","closed_date":"1999-04-05","voronoi":{"type":"Feature","geometry":{"type":"Polygon","coordinates":[[[139.041891,37.819515],[138.958511,37.802307],[138.960515,37.782449],[139.050332,37.813042],[139.059175,37.816985],[139.055244,37.817698],[139.041891,37.819515]]]},"properties":{}},"extra":true},
    {"code":9943114,"id":"cce864","name":"吉江","original_name":"吉江","name_kana":"よしえ","closed":true,"lat":37.794222,"lng":139.009778,"prefecture":15,"lines":[99431],"postal_code":"950-1258","address":"新潟県新潟市南区吉江６２４","open_date":"1933-04-01","closed_date":"1999-04-05","voronoi":{"type":"Feature","geometry":{"type":"Polygon","coordinates":[[[138.960515,37.782449],[138.96052,37.781611],[139.002834,37.78549],[139.050332,37.813042],[138.960515,37.782449]]]},"properties":{}},"extra":true},
    {"code":9943115,"id":"096a5c","name":"味方中学前","original_name":"味方中学前","name_kana":"あじかたちゅうがくまえ","closed":true,"lat":37.787183,"lng":139.013861,"prefecture":15,"lines":[99431],"postal_code":"950-1261","address":"新潟県新潟市南区味方１１６０味方中学前駅跡地公園","open_date":"1953-04-01","closed_date":"1999-04-05","voronoi":{"type":"Feature","geometry":{"type":"Polygon","coordinates":[[[139.063626,37.80822],[139.059487,37.816979],[139.059175,37.816985],[139.050332,37.813042],[139.002834,37.78549],[139.05576,37.770163],[139.06571,37.7914],[139.066471,37.796681],[139.063626,37.80822]]]},"properties":{}},"extra":true},
    {"code":9943116,"id":"808baf","name":"味方","original_name":"味方","name_kana":"あじかた","closed":true,"lat":37.778167,"lng":139.01125,"prefecture":15,"lines":[99431],"postal_code":"950-1261","address":"新潟県新潟市南区味方","open_date":"1933-04-01","closed_date":"1999-04-05","voronoi":{"type":"Feature","geometry":{"type":"Polygon","coordinates":[[[139.055278,37.768774],[138.981965,37.77076],[138.959388,37.774235],[138.96052,37.781611],[139.002834,37.78549],[139.05576,37.770163],[139.055278,37.768774]]]},"properties":{}},"extra":true},
    {"code":9943117,"id":"289a7d","name":"白根","original_name":"白根","name_kana":"しろね","closed":true,"lat":37.761778,"lng":139.010806,"prefecture":15,"lines":[99431],"postal_code":"950-1262","address":"新潟県新潟市南区西白根１４４０−４","open_date":"1933-04-01","closed_date":"1999-04-05","voronoi":{"type":"Feature","geometry":{"type":"Polygon","coordinates":[[[138.981965,37.77076],[139.024203,37.751514],[139.046679,37.746341],[139.053387,37.756353],[139.055278,37.768774],[138.981965,37.77076]]]},"properties":{}},"extra":true},
    {"code":9943118,"id":"c76f11","name":"千日","original_name":"千日","name_kana":"せんにち","closed":true,"lat":37.754889,"lng":139.007667,"prefecture":15,"lines":[99431],"postal_code":"950-1262","address":"新潟県新潟市南区西白根１００９−３１","open_date":"1985-12-07","closed_date":"1999-04-05","voronoi":{"type":"Feature","geometry":{"type":"Polygon","coordinates":[[[139.024203,37.751514],[138.981965,37.77076],[138.959388,37.774235],[138.954119,37.761071],[138.978321,37.751514],[139.024203,37.751514]]]},"properties":{}},"extra":true},
    {"code":9943119,"id":"e74abd","name":"曲","original_name":"曲","name_kana":"まがり","closed":true,"lat":37.748139,"lng":139.007667,"prefecture":15,"lines":[99431],"postal_code":"950-1301","address":"新潟県新潟市南区下曲通３１６","open_date":"1934-10-20","closed_date":"1999-04-05","voronoi":{"type":"Feature","geometry":{"type":"Polygon","coordinates":[[[139.036643,37.723262],[139.034719,37.72139],[138.978321,37.751514],[139.024203,37.751514],[139.046679,37.746341],[139.036643,37.723262]]]},"properties":{}},"extra":true},
    {"code":9943120,"id":"f0cd4c","name":"月潟","original_name":"月潟","name_kana":"つきがた","closed":true,"lat":37.729,"lng":138.997444,"prefecture":15,"lines":[99431],"postal_code":"950-1304","address":"新潟県新潟市南区月潟２９１９","open_date":"1933-08-15","closed_date":"1999-04-05","voronoi":{"type":"Feature","geometry":{"type":"Polygon","coordinates":[[[139.034719,37.72139],[139.021702,37.698115],[138.946262,37.750559],[138.954119,37.761071],[138.978321,37.751514],[139.034719,37.72139]]]},"properties":{}},"extra":true},
    {"code":9943121,"id":"fe4790","name":"六分","original_name":"六分","name_kana":"ろくぶ","closed":true,"lat":37.710094,"lng":138.984301,"prefecture":15,"lines":[99431],"postal_code":"950-1322","address":"新潟県新潟市西蒲区六分８１３−１７","open_date":"1933-08-15","closed_date":"1993-08-01","voronoi":{"type":"Feature","geometry":{"type":"Polygon","coordinates":[[[138.939697,37.739098],[138.944636,37.749133],[138.946262,37.750559],[139.021702,37.698115],[139.019548,37.688128],[139.017188,37.685153],[138.96354,37.70693],[138.94216,37.734018],[138.939697,37.739098]]]},"properties":{}},"extra":true},
    {"code":9943122,"id":"f7730c","name":"新飯田","original_name":"新飯田","name_kana":"にいだ","closed":true,"lat":37.690191,"lng":138.976222,"prefecture":15,"lines":[99431],"postal_code":"950-1334","address":"新潟県新潟市西蒲区上小吉１５３５−５","open_date":"1933-08-15","closed_date":"1993-08-01","voronoi":{"type":"Feature","geometry":{"type":"Polygon","coordinates":[[[139.017188,37.685153],[138.96354,37.70693],[138.969715,37.66018],[138.971726,37.659473],[138.987557,37.658827],[139.01465,37.679271],[139.017188,37.685153]]]},"properties":{}},"extra":true},
    {"code":9943123,"id":"ef1bc6","name":"小中川","original_name":"小中川","name_kana":"こなかがわ","closed":true,"lat":37.687472,"lng":138.955639,"prefecture":15,"lines":[99431],"postal_code":"959-1214","address":"新潟県燕市新生町１１２９−１０","open_date":"1933-08-15","closed_date":"1993-08-01","voronoi":{"type":"Feature","geometry":{"type":"Polygon","coordinates":[[[138.966327,37.660157],[138.949521,37.667274],[138.946226,37.67179],[138.94216,37.734018],[138.96354,37.70693],[138.969715,37.66018],[138.966327,37.660157]]]},"properties":{}},"extra":true},
    {"code":9943124,"id":"bfe238","name":"灰方","original_name":"灰方","name_kana":"はいかた","closed":true,"lat":37.686114,"lng":138.934852,"prefecture":15,"lines":[99431],"postal_code":"959-1201","address":"新潟県燕市灰方２９２−２","open_date":"1933-08-15","closed_date":"1993-08-01","voronoi":{"type":"Feature","geometry":{"type":"Polygon","coordinates":[[[138.946226,37.67179],[138.922785,37.679941],[138.91448,37.713744],[138.915104,37.715808],[138.923289,37.728565],[138.939697,37.739098],[138.94216,37.734018],[138.946226,37.67179]]]},"properties":{}},"extra":true},
    {"code":1141005,"id":"30ccc2","name":"燕","original_name":"燕","name_kana":"つばめ","closed":false,"lat":37.667613,"lng":138.928419,"prefecture":15,"lines":[11410,99431],"attr":"heat","postal_code":"959-1253","address":"燕市本町２丁目","voronoi":{"type":"Feature","geometry":{"type":"Polygon","coordinates":[[[138.905634,37.641919],[138.903661,37.649878],[138.922785,37.679941],[138.946226,37.67179],[138.949521,37.667274],[138.905634,37.641919]]]},"properties":{}},"extra":false}
  ],
  "closed_date":"1999-04-05",
  "extra":true
}