{
  "code":99435,
  "id":"93bbbd",
  "name":"富山地鉄笹津線",
  "name_kana":"とやまちてつささづせん",
  "station_size":14,
  "company_code":160,
  "closed":true,
  "station_list":[
    {"code":9941005,"id":"e7eb8d","name":"南富山","original_name":"南富山","name_kana":"みなみとやま","closed":false,"lat":36.670406,"lng":137.2205,"prefecture":16,"lines":[99410,99435],"attr":"cool","postal_code":"939-8073","address":"富山市大町２１７-８","voronoi":{"type":"Feature","geometry":{"type":"Polygon","coordinates":[[[137.226712,36.671776],[137.222162,36.671747],[137.217868,36.668444],[137.221761,36.665077],[137.229509,36.668533],[137.226712,36.671776]]]},"properties":{}},"extra":false},
    {"code":9943502,"id":"b2491a","name":"日本繊維前","original_name":"日本繊維前","name_kana":"にほんせんいまえ","closed":true,"lat":36.665556,"lng":137.216306,"prefecture":16,"lines":[99435],"postal_code":"939-8075","address":"富山県富山市今泉３０−１","open_date":"1950-12-14","closed_date":"1975-04-01","voronoi":{"type":"Feature","geometry":{"type":"Polygon","coordinates":[[[137.217868,36.668444],[137.221761,36.665077],[137.219234,36.660723],[137.19227,36.670498],[137.194289,36.671939],[137.198111,36.673629],[137.205309,36.673461],[137.209793,36.67296],[137.213942,36.671737],[137.217868,36.668444]]]},"properties":{}},"extra":true},
    {"code":9943503,"id":"277ae6","name":"袋(富山)","original_name":"袋","name_kana":"ふくろ","closed":true,"lat":36.658889,"lng":137.213889,"prefecture":16,"lines":[99435],"postal_code":"939-8071","address":"富山県富山市上袋６４６−４","open_date":"1951-12-20","closed_date":"1975-04-01","voronoi":{"type":"Feature","geometry":{"type":"Polygon","coordinates":[[[137.219234,36.660723],[137.219984,36.655842],[137.186544,36.655254],[137.186787,36.657728],[137.192249,36.670488],[137.19227,36.670498],[137.219234,36.660723]]]},"properties":{}},"extra":true},
    {"code":9943504,"id":"f374eb","name":"赤田","original_name":"赤田","name_kana":"あかだ","closed":true,"lat":36.652583,"lng":137.214,"prefecture":16,"lines":[99435],"postal_code":"939-8064","address":"富山県富山市赤田７２１−３","open_date":"1950-09-01","closed_date":"1975-04-01","voronoi":{"type":"Feature","geometry":{"type":"Polygon","coordinates":[[[137.219984,36.655842],[137.186544,36.655254],[137.18513,36.648694],[137.222275,36.648694],[137.222062,36.653015],[137.219984,36.655842]]]},"properties":{}},"extra":true},
    {"code":9943505,"id":"8a4a1c","name":"上野(富山)","original_name":"上野","name_kana":"うわの","closed":true,"lat":36.644806,"lng":137.214,"prefecture":16,"lines":[99435],"postal_code":"939-8195","address":"富山県富山市上野４０","open_date":"1950-09-01","closed_date":"1975-04-01","voronoi":{"type":"Feature","geometry":{"type":"Polygon","coordinates":[[[137.224854,36.637683],[137.18272,36.642014],[137.18513,36.648694],[137.222275,36.648694],[137.223972,36.645502],[137.224776,36.642173],[137.224854,36.637683]]]},"properties":{}},"extra":true},
    {"code":9943506,"id":"a15cf3","name":"熊野","original_name":"熊野","name_kana":"くまの","closed":true,"lat":36.632917,"lng":137.212778,"prefecture":16,"lines":[99435],"postal_code":"939-8231","address":"富山県富山市下熊野７５−１","open_date":"1950-09-01","closed_date":"1975-04-01","voronoi":{"type":"Feature","geometry":{"type":"Polygon","coordinates":[[[137.228139,36.631607],[137.229219,36.621739],[137.17905,36.635861],[137.18272,36.642014],[137.224854,36.637683],[137.228139,36.631607]]]},"properties":{}},"extra":true},
    {"code":9943507,"id":"81e8c8","name":"伊豆ノ宮","original_name":"伊豆ノ宮","name_kana":"いずのみや","closed":true,"lat":36.620778,"lng":137.209361,"prefecture":16,"lines":[99435],"postal_code":"939-8178","address":"富山県富山市栗山２３９−４","open_date":"1950-09-01","closed_date":"1975-04-01","voronoi":{"type":"Feature","geometry":{"type":"Polygon","coordinates":[[[137.181604,36.61688],[137.171813,36.627693],[137.17905,36.635861],[137.229219,36.621739],[137.232478,36.614664],[137.181604,36.61688]]]},"properties":{}},"extra":true},
    {"code":9943508,"id":"1ac09f","name":"大久保町","original_name":"大久保町","name_kana":"おおくぼまち","closed":true,"lat":36.610583,"lng":137.208917,"prefecture":16,"lines":[99435],"postal_code":"939-2251","address":"富山県富山市下大久保１０７３−１２","open_date":"1950-09-01","closed_date":"1975-04-01","voronoi":{"type":"Feature","geometry":{"type":"Polygon","coordinates":[[[137.181604,36.61688],[137.188182,36.606217],[137.239954,36.604762],[137.232478,36.614664],[137.181604,36.61688]]]},"properties":{}},"extra":true},
    {"code":9943509,"id":"e62f86","name":"上大久保","original_name":"上大久保","name_kana":"かみおおくぼ","closed":true,"lat":36.600694,"lng":137.208639,"prefecture":16,"lines":[99435],"postal_code":"939-2252","address":"富山県富山市上大久保８６９","open_date":"1952-10-29","closed_date":"1975-04-01","voronoi":{"type":"Feature","geometry":{"type":"Polygon","coordinates":[[[137.239954,36.604762],[137.188182,36.606217],[137.191135,36.59722],[137.244858,36.594769],[137.240309,36.60442],[137.239954,36.604762]]]},"properties":{}},"extra":true},
    {"code":9943510,"id":"1004a3","name":"大沢野北口","original_name":"大沢野北口","name_kana":"おおさわのきたぐち","closed":true,"lat":36.592167,"lng":137.20825,"prefecture":16,"lines":[99435],"postal_code":"939-2252","address":"富山県富山市上大久保北新町６１１−９","open_date":"1952-08-15","closed_date":"1975-04-01","voronoi":{"type":"Feature","geometry":{"type":"Polygon","coordinates":[[[137.244858,36.594769],[137.191135,36.59722],[137.191768,36.588871],[137.242376,36.587553],[137.248714,36.588578],[137.244858,36.594769]]]},"properties":{}},"extra":true},
    {"code":9943511,"id":"18875e","name":"田村町","original_name":"田村町","name_kana":"たむらまち","closed":true,"lat":36.584722,"lng":137.208056,"prefecture":16,"lines":[99435],"postal_code":"939-2252","address":"富山県富山市上大久保１４９−１","open_date":"1952-08-15","closed_date":"1975-04-01","voronoi":{"type":"Feature","geometry":{"type":"Polygon","coordinates":[[[137.190655,36.581389],[137.21999,36.581389],[137.242376,36.587553],[137.191768,36.588871],[137.190655,36.581389]]]},"properties":{}},"extra":true},
    {"code":9943512,"id":"839419","name":"大沢野町八木山","original_name":"大沢野町八木山","name_kana":"おおさわのまちやきやま","closed":true,"lat":36.578056,"lng":137.208056,"prefecture":16,"lines":[99435],"postal_code":"939-2253","address":"富山県富山市八木山４６−１２","open_date":"1952-08-15","closed_date":"1975-04-01","voronoi":{"type":"Feature","geometry":{"type":"Polygon","coordinates":[[[137.197227,36.567712],[137.185009,36.565276],[137.190655,36.581389],[137.21999,36.581389],[137.197227,36.567712]]]},"properties":{}},"extra":true},
    {"code":9943513,"id":"c886e1","name":"敷紡前","original_name":"敷紡前","name_kana":"しきぼうまえ","closed":true,"lat":36.572417,"lng":137.211444,"prefecture":16,"lines":[99435],"postal_code":"939-2253","address":"富山県富山市八木山８１","open_date":"1953-02-01","closed_date":"1975-04-01","voronoi":{"type":"Feature","geometry":{"type":"Polygon","coordinates":[[[137.242376,36.587553],[137.248714,36.588578],[137.24961,36.587717],[137.263064,36.569404],[137.263554,36.568297],[137.260914,36.567239],[137.215155,36.56727],[137.197227,36.567712],[137.21999,36.581389],[137.242376,36.587553]]]},"properties":{}},"extra":true},
    {"code":9943514,"id":"f09cee","name":"地鉄笹津","original_name":"地鉄笹津","name_kana":"ちてつささづ","closed":true,"lat":36.562313,"lng":137.211195,"prefecture":16,"lines":[99435],"postal_code":"939-2223","address":"富山県富山市笹津４１３−２","open_date":"1934-10-25","closed_date":"1975-04-01","voronoi":{"type":"Feature","geometry":{"type":"Polygon","coordinates":[[[137.185009,36.565276],[137.197227,36.567712],[137.215155,36.56727],[137.184538,36.527003],[137.146895,36.507006],[137.153481,36.523499],[137.185009,36.565276]]]},"properties":{}},"extra":true}
  ],
  "closed_date":"1975-04-01",
  "extra":true
}