{
  "code":99445,
  "id":2108,
  "name":"福井鉄道南越線",
  "name_kana":"ふくいてつどうなんえつせん",
  "station_size":14,
  "company_code":168,
  "closed":true,
  "station_list":[
    {"code":9944501,"id":21193,"name":"社武生","original_name":"社武生","name_kana":"しゃたけふ","closed":true,"lat":35.903333,"lng":136.171417,"prefecture":18,"lines":[99445],"postal_code":"915-0073","address":"福井県越前市錦町７-１８","open_date":"1914-01-29","closed_date":"1981-04-01","voronoi":{"type":"Feature","geometry":{"type":"Polygon","coordinates":[[[136.180468,35.882918],[136.185021,35.899188],[136.178797,35.906608],[136.170981,35.904468],[136.174205,35.883901],[136.180468,35.882918]]]},"properties":{}},"extra":true},
    {"code":9944502,"id":21194,"name":"福武口","original_name":"福武口","name_kana":"ふくぶぐち","closed":true,"lat":35.905667,"lng":136.170778,"prefecture":18,"lines":[99445],"postal_code":"915-0072","address":"福井県越前市万代町６-１０","closed_date":"1981-04-01","voronoi":{"type":"Feature","geometry":{"type":"Polygon","coordinates":[[[136.167888,35.904295],[136.172765,35.907533],[136.178157,35.907658],[136.178797,35.906608],[136.170981,35.904468],[136.167888,35.904295]]]},"properties":{}},"extra":true},
    {"code":9944503,"id":21195,"name":"北府(南越線)","original_name":"北府","name_kana":"きたご","closed":true,"lat":35.909306,"lng":136.170694,"prefecture":18,"lines":[99445],"postal_code":"915-0072","address":"福井県越前市万代町１７-１","open_date":"1927-06-07","closed_date":"1981-04-01","voronoi":{"type":"Feature","geometry":{"type":"Polygon","coordinates":[[[136.168329,35.90818],[136.172765,35.907533],[136.178157,35.907658],[136.175565,35.91583],[136.169512,35.914229],[136.168329,35.90818]]]},"properties":{}},"extra":true},
    {"code":9944504,"id":21196,"name":"村国","original_name":"村国","name_kana":"むらくに","closed":true,"lat":35.913306,"lng":136.183306,"prefecture":18,"lines":[99445],"postal_code":"915-0084","address":"福井県越前市村国４丁目１７−３−１０","open_date":"1914-03-11","closed_date":"1981-04-01","voronoi":{"type":"Feature","geometry":{"type":"Polygon","coordinates":[[[136.175565,35.91583],[136.177077,35.919802],[136.18218,35.924939],[136.193256,35.926248],[136.188901,35.902597],[136.185021,35.899188],[136.178797,35.906608],[136.178157,35.907658],[136.175565,35.91583]]]},"properties":{}},"extra":true},
    {"code":9944505,"id":21197,"name":"塚町","original_name":"塚町","name_kana":"つかまち","closed":true,"lat":35.910611,"lng":136.197944,"prefecture":18,"lines":[99445],"postal_code":"915-0092","address":"福井県越前市塚町５２−２","open_date":"1914-01-29","closed_date":"1981-04-01","voronoi":{"type":"Feature","geometry":{"type":"Polygon","coordinates":[[[136.197251,35.903076],[136.188901,35.902597],[136.193256,35.926248],[136.195025,35.927435],[136.21107,35.93189],[136.197251,35.903076]]]},"properties":{}},"extra":true},
    {"code":9944506,"id":21198,"name":"北村","original_name":"北村","name_kana":"きたむら","closed":true,"lat":35.908333,"lng":136.202694,"prefecture":18,"lines":[99445],"postal_code":"915-0004","address":"福井県越前市北町１２−１６−１０","open_date":"1914-03-11","closed_date":"1981-04-01","voronoi":{"type":"Feature","geometry":{"type":"Polygon","coordinates":[[[136.212358,35.898432],[136.197251,35.903076],[136.21107,35.93189],[136.215247,35.933541],[136.218484,35.912909],[136.212358,35.898432]]]},"properties":{}},"extra":true},
    {"code":9944507,"id":21199,"name":"五分市","original_name":"五分市","name_kana":"ごぶいち","closed":true,"lat":35.898389,"lng":136.226194,"prefecture":18,"lines":[99445],"postal_code":"915-0021","address":"福井県北小山町越前市","open_date":"1914-01-29","closed_date":"1981-04-01","voronoi":{"type":"Feature","geometry":{"type":"Polygon","coordinates":[[[136.212358,35.898432],[136.215963,35.862126],[136.284156,35.828454],[136.237484,35.90186],[136.218484,35.912909],[136.212358,35.898432]]]},"properties":{}},"extra":true},
    {"code":9944508,"id":21200,"name":"粟田部","original_name":"粟田部","name_kana":"あわたべ","closed":true,"lat":35.913389,"lng":136.234917,"prefecture":18,"lines":[99445],"postal_code":"915-0242","address":"福井県越前市粟田部町７１−３","open_date":"1914-05-22","closed_date":"1981-04-01","voronoi":{"type":"Feature","geometry":{"type":"Polygon","coordinates":[[[136.234492,35.926886],[136.223841,35.931853],[136.215943,35.934611],[136.215247,35.933541],[136.218484,35.912909],[136.237484,35.90186],[136.240245,35.912294],[136.236804,35.924456],[136.234492,35.926886]]]},"properties":{}},"extra":true},
    {"code":9944509,"id":21201,"name":"岡本新","original_name":"岡本新","name_kana":"おかもとしん","closed":true,"lat":35.910611,"lng":136.245417,"prefecture":18,"lines":[99445],"postal_code":"915-0232","address":"福井県越前市新在家町１０−２","open_date":"1915-08-26","closed_date":"1971-09-01","voronoi":{"type":"Feature","geometry":{"type":"Polygon","coordinates":[[[136.404068,35.814826],[136.39289,35.835353],[136.343928,35.901966],[136.25813,35.91629],[136.240245,35.912294],[136.237484,35.90186],[136.284156,35.828454],[136.302776,35.816138],[136.311362,35.811946],[136.420768,35.775279],[136.418281,35.783883],[136.404068,35.814826]]]},"properties":{}},"extra":true},
    {"code":9944510,"id":21202,"name":"定友","original_name":"定友","name_kana":"さだとも","closed":true,"lat":35.916018,"lng":136.244209,"prefecture":18,"lines":[99445],"postal_code":"915-0242","address":"福井県越前市粟田部町３７−７","open_date":"1924-09-01","closed_date":"1971-09-01","voronoi":{"type":"Feature","geometry":{"type":"Polygon","coordinates":[[[136.236804,35.924456],[136.240245,35.912294],[136.25813,35.91629],[136.236804,35.924456]]]},"properties":{}},"extra":true},
    {"code":9944511,"id":21203,"name":"野岡","original_name":"野岡","name_kana":"のおか","closed":true,"lat":35.92579,"lng":136.247951,"prefecture":18,"lines":[99445],"postal_code":"915-0264","address":"福井県越前市野岡町２７−２","open_date":"1924-09-01","closed_date":"1971-09-01","voronoi":{"type":"Feature","geometry":{"type":"Polygon","coordinates":[[[136.234492,35.926886],[136.304066,35.94785],[136.309816,35.948838],[136.317487,35.944522],[136.343928,35.901966],[136.25813,35.91629],[136.236804,35.924456],[136.234492,35.926886]]]},"properties":{}},"extra":true},
    {"code":9944512,"id":21204,"name":"庄境","original_name":"庄境","name_kana":"しょうざかい","closed":true,"lat":35.935235,"lng":136.245105,"prefecture":18,"lines":[99445],"postal_code":"915-0252","address":"福井県越前市西庄境町７−７","open_date":"1924-09-01","closed_date":"1971-09-01","voronoi":{"type":"Feature","geometry":{"type":"Polygon","coordinates":[[[136.274552,35.945239],[136.223841,35.931853],[136.234492,35.926886],[136.304066,35.94785],[136.274552,35.945239]]]},"properties":{}},"extra":true},
    {"code":9944513,"id":21205,"name":"越前赤坂","original_name":"越前赤坂","name_kana":"えちぜんあかさか","closed":true,"lat":35.939406,"lng":136.244004,"prefecture":18,"lines":[99445],"postal_code":"915-0256","address":"福井県越前市赤坂町５０−８","open_date":"1924-09-01","closed_date":"1971-09-01","voronoi":{"type":"Feature","geometry":{"type":"Polygon","coordinates":[[[136.215943,35.934611],[136.216626,35.944148],[136.274552,35.945239],[136.223841,35.931853],[136.215943,35.934611]]]},"properties":{}},"extra":true},
    {"code":9944514,"id":21206,"name":"戸ノ口","original_name":"戸ノ口","name_kana":"とのくち","closed":true,"lat":35.949917,"lng":136.243806,"prefecture":18,"lines":[99445],"postal_code":"916-1115","address":"福井県鯖江市落井町５２−１０−１","open_date":"1924-09-01","closed_date":"1971-09-01","voronoi":{"type":"Feature","geometry":{"type":"Polygon","coordinates":[[[136.230489,35.980378],[136.216133,35.950206],[136.216284,35.947011],[136.216626,35.944148],[136.274552,35.945239],[136.304066,35.94785],[136.309816,35.948838],[136.277873,35.975687],[136.258889,35.983962],[136.243253,35.986123],[136.230489,35.980378]]]},"properties":{}},"extra":true}
  ],
  "closed_date":"1981-04-01",
  "extra":true
}