{
  "code":99449,
  "id":"4b3878",
  "name":"京福電鉄丸岡線",
  "name_kana":"けいふくでんてつまるおかせん",
  "station_size":7,
  "company_code":197,
  "closed":true,
  "station_list":[
    {"code":9944410,"id":"5dab5c","name":"本丸岡","original_name":"本丸岡","name_kana":"ほんまるおか","closed":true,"lat":36.149399,"lng":136.268164,"prefecture":18,"lines":[99444,99449],"postal_code":"910-0246","address":"福井県坂井市丸岡町西瓜屋","closed_date":"1969-09-18","voronoi":{"type":"Feature","geometry":{"type":"Polygon","coordinates":[[[136.278373,36.154222],[136.282413,36.152941],[136.263212,36.142961],[136.264171,36.152113],[136.278373,36.154222]]]},"properties":{}},"extra":true},
    {"code":9944902,"id":"53a57e","name":"一本田","original_name":"一本田","name_kana":"いっぽんてん","closed":true,"lat":36.150285,"lng":136.259702,"prefecture":18,"lines":[99449],"postal_code":"910-0254","address":"福井県坂井市丸岡町一本田１３−３","voronoi":{"type":"Feature","geometry":{"type":"Polygon","coordinates":[[[136.255955,36.130859],[136.253595,36.166315],[136.264171,36.152113],[136.263212,36.142961],[136.255955,36.130859]]]},"properties":{}},"extra":true},
    {"code":9944903,"id":"ac4f78","name":"舟寄","original_name":"舟寄","name_kana":"ふなよせ","closed":true,"lat":36.149617,"lng":136.249667,"prefecture":18,"lines":[99449],"postal_code":"910-0381","address":"福井県坂井市丸岡町舟寄１０８−１","voronoi":{"type":"Feature","geometry":{"type":"Polygon","coordinates":[[[136.253595,36.166315],[136.255955,36.130859],[136.253964,36.124014],[136.239895,36.13847],[136.243317,36.158265],[136.25237,36.169541],[136.25248,36.169443],[136.253595,36.166315]]]},"properties":{}},"extra":true},
    {"code":9944904,"id":"f6b047","name":"新福島(福井)","original_name":"新福島","name_kana":"しんふくしま","closed":true,"lat":36.152251,"lng":136.234433,"prefecture":18,"lines":[99449],"postal_code":"919-0516","address":"福井県坂井市坂井町福島３１","voronoi":{"type":"Feature","geometry":{"type":"Polygon","coordinates":[[[136.239895,36.13847],[136.224303,36.142458],[136.229688,36.157038],[136.243317,36.158265],[136.239895,36.13847]]]},"properties":{}},"extra":true},
    {"code":1141526,"id":"797679","name":"丸岡","original_name":"丸岡","name_kana":"まるおか","closed":false,"lat":36.162595,"lng":136.233502,"prefecture":18,"lines":[99455,99449],"attr":"eco","postal_code":"919-0522","address":"坂井市坂井町上新庄","voronoi":{"type":"Feature","geometry":{"type":"Polygon","coordinates":[[[136.25237,36.169541],[136.243317,36.158265],[136.229688,36.157038],[136.219857,36.173983],[136.220613,36.177095],[136.228295,36.186646],[136.236585,36.185298],[136.249651,36.178364],[136.25237,36.169541]]]},"properties":{}},"extra":false},
    {"code":9944906,"id":"7179f9","name":"東長田","original_name":"東長田","name_kana":"ひがしながた","closed":true,"lat":36.156485,"lng":136.222971,"prefecture":18,"lines":[99449],"postal_code":"919-0524","address":"福井県坂井市坂井町東長田１８−２８","voronoi":{"type":"Feature","geometry":{"type":"Polygon","coordinates":[[[136.220809,36.141757],[136.224303,36.142458],[136.229688,36.157038],[136.219857,36.173983],[136.213172,36.163957],[136.216279,36.146096],[136.220809,36.141757]]]},"properties":{}},"extra":true},
    {"code":9942012,"id":"bc5bbb","name":"西長田ゆりの里","original_name":"西長田ゆりの里","name_kana":"にしながたゆりのさと","closed":false,"lat":36.153615,"lng":136.206472,"prefecture":18,"lines":[99420,99449],"attr":"heat","postal_code":"919-0404","address":"坂井市春江町西長田２０字１１-２","voronoi":{"type":"Feature","geometry":{"type":"Polygon","coordinates":[[[136.144591,36.14749],[136.213172,36.163957],[136.216279,36.146096],[136.144591,36.14749]]]},"properties":{}},"extra":false}
  ],
  "closed_date":"1968-07-11",
  "extra":true
}