{
  "code":99444,
  "id":2106,
  "name":"京福電鉄永平寺線",
  "name_kana":"けいふくでんてつえいへいじせん",
  "station_size":21,
  "company_code":196,
  "closed":true,
  "station_list":[
    {"code":100916,"id":2373,"name":"芦原温泉","original_name":"芦原温泉","name_kana":"あわらおんせん","closed":false,"lat":36.214542,"lng":136.235069,"prefecture":18,"lines":[1009,99455,10404,99444],"attr":"eco","postal_code":"919-0600","address":"あわら市春宮１丁目","voronoi":{"type":"Feature","geometry":{"type":"Polygon","coordinates":[[[136.21738,36.233246],[136.218938,36.209903],[136.222496,36.197886],[136.251854,36.223111],[136.220606,36.248733],[136.21738,36.233246]]]},"properties":{}},"extra":false},
    {"code":9944402,"id":21170,"name":"菅野(福井)","original_name":"菅野","name_kana":"すがの","closed":true,"lat":36.207808,"lng":136.240855,"prefecture":18,"lines":[99444],"postal_code":"919-0602","address":"福井県あわら市菅野２９−２","closed_date":"1969-09-18","voronoi":{"type":"Feature","geometry":{"type":"Polygon","coordinates":[[[136.228295,36.186646],[136.236585,36.185298],[136.256639,36.220806],[136.251854,36.223111],[136.222496,36.197886],[136.222588,36.196636],[136.228295,36.186646]]]},"properties":{}},"extra":true},
    {"code":9944403,"id":21171,"name":"伊井","original_name":"伊井","name_kana":"いい","closed":true,"lat":36.200577,"lng":136.253658,"prefecture":18,"lines":[99444],"postal_code":"919-0603","address":"福井県矢地あわら市","closed_date":"1969-09-18","voronoi":{"type":"Feature","geometry":{"type":"Polygon","coordinates":[[[136.236585,36.185298],[136.256639,36.220806],[136.262116,36.22036],[136.255537,36.182887],[136.254821,36.181965],[136.249651,36.178364],[136.236585,36.185298]]]},"properties":{}},"extra":true},
    {"code":9944404,"id":21172,"name":"御簾ノ尾","original_name":"御簾ノ尾","name_kana":"みすのお","closed":true,"lat":36.198879,"lng":136.263329,"prefecture":18,"lines":[99444],"postal_code":"919-0747","address":"福井県あわら市御簾尾１５","closed_date":"1969-09-18","voronoi":{"type":"Feature","geometry":{"type":"Polygon","coordinates":[[[136.255537,36.182887],[136.263919,36.189008],[136.274448,36.222211],[136.262116,36.22036],[136.255537,36.182887]]]},"properties":{}},"extra":true},
    {"code":9944405,"id":21173,"name":"坪江","original_name":"坪江","name_kana":"つぼえ","closed":true,"lat":36.196735,"lng":136.27009,"prefecture":18,"lines":[99444],"postal_code":"919-0741","address":"福井県あわら市中川２０","closed_date":"1969-09-18","voronoi":{"type":"Feature","geometry":{"type":"Polygon","coordinates":[[[136.263919,36.189008],[136.274448,36.222211],[136.287231,36.225979],[136.322957,36.219408],[136.327172,36.213724],[136.327764,36.212822],[136.330699,36.207054],[136.263919,36.189008]]]},"properties":{}},"extra":true},
    {"code":9944406,"id":21174,"name":"瓜生","original_name":"瓜生","name_kana":"うりう","closed":true,"lat":36.185441,"lng":136.273142,"prefecture":18,"lines":[99444],"postal_code":"919-0742","address":"福井県あわら市瓜生１８−９−５","closed_date":"1969-09-18","voronoi":{"type":"Feature","geometry":{"type":"Polygon","coordinates":[[[136.254821,36.181965],[136.255537,36.182887],[136.263919,36.189008],[136.330699,36.207054],[136.348789,36.178579],[136.341019,36.173689],[136.324585,36.173944],[136.254821,36.181965]]]},"properties":{}},"extra":true},
    {"code":9944407,"id":21175,"name":"乗兼","original_name":"乗兼","name_kana":"のりかね","closed":true,"lat":36.174422,"lng":136.271875,"prefecture":18,"lines":[99444],"postal_code":"910-0272","address":"福井県坂井市丸岡町乗兼１４−３","closed_date":"1969-09-18","voronoi":{"type":"Feature","geometry":{"type":"Polygon","coordinates":[[[136.25248,36.169443],[136.258322,36.167971],[136.324585,36.173944],[136.254821,36.181965],[136.249651,36.178364],[136.25237,36.169541],[136.25248,36.169443]]]},"properties":{}},"extra":true},
    {"code":9944408,"id":21176,"name":"長畝","original_name":"長畝","name_kana":"のうね","closed":true,"lat":36.164048,"lng":136.27281,"prefecture":18,"lines":[99444],"postal_code":"910-0273","address":"福井県坂井市丸岡町長畝７２−５−３","closed_date":"1969-09-18","voronoi":{"type":"Feature","geometry":{"type":"Polygon","coordinates":[[[136.315453,36.156612],[136.296936,36.151902],[136.282413,36.152941],[136.278373,36.154222],[136.258322,36.167971],[136.324585,36.173944],[136.341019,36.173689],[136.331884,36.165712],[136.320678,36.158465],[136.315453,36.156612]]]},"properties":{}},"extra":true},
    {"code":9944409,"id":21177,"name":"丸岡口","original_name":"丸岡口","name_kana":"まるおかぐち","closed":true,"lat":36.155871,"lng":136.267203,"prefecture":18,"lines":[99444],"postal_code":"910-0263","address":"福井県坂井市丸岡町上田町２丁目２４","closed_date":"1969-09-18","voronoi":{"type":"Feature","geometry":{"type":"Polygon","coordinates":[[[136.258322,36.167971],[136.25248,36.169443],[136.253595,36.166315],[136.264171,36.152113],[136.278373,36.154222],[136.258322,36.167971]]]},"properties":{}},"extra":true},
    {"code":9944410,"id":21178,"name":"本丸岡","original_name":"本丸岡","name_kana":"ほんまるおか","closed":true,"lat":36.149399,"lng":136.268164,"prefecture":18,"lines":[99444,99449],"postal_code":"910-0246","address":"福井県坂井市丸岡町西瓜屋","closed_date":"1969-09-18","voronoi":{"type":"Feature","geometry":{"type":"Polygon","coordinates":[[[136.278373,36.154222],[136.282413,36.152941],[136.263212,36.142961],[136.264171,36.152113],[136.278373,36.154222]]]},"properties":{}},"extra":true},
    {"code":9944411,"id":21179,"name":"西瓜屋","original_name":"西瓜屋","name_kana":"にしうりや","closed":true,"lat":36.143314,"lng":136.271327,"prefecture":18,"lines":[99444],"postal_code":"910-0246","address":"福井県坂井市丸岡町西瓜屋１３−２０","closed_date":"1969-09-18","voronoi":{"type":"Feature","geometry":{"type":"Polygon","coordinates":[[[136.255955,36.130859],[136.253964,36.124014],[136.255132,36.120515],[136.296936,36.151902],[136.282413,36.152941],[136.263212,36.142961],[136.255955,36.130859]]]},"properties":{}},"extra":true},
    {"code":9944412,"id":21180,"name":"末政","original_name":"末政","name_kana":"すえまさ","closed":true,"lat":36.129706,"lng":136.281544,"prefecture":18,"lines":[99444],"postal_code":"910-0326","address":"福井県坂井市丸岡町末政１１−１４６","closed_date":"1969-09-18","voronoi":{"type":"Feature","geometry":{"type":"Polygon","coordinates":[[[136.262974,36.111656],[136.255222,36.113766],[136.255132,36.120515],[136.296936,36.151902],[136.315453,36.156612],[136.267834,36.111116],[136.262974,36.111656]]]},"properties":{}},"extra":true},
    {"code":9944413,"id":21181,"name":"油","original_name":"油","name_kana":"あぶら","closed":true,"lat":36.123964,"lng":136.28703,"prefecture":18,"lines":[99444],"postal_code":"910-0324","address":"福井県坂井市丸岡町油為頭９−１５","closed_date":"1969-09-18","voronoi":{"type":"Feature","geometry":{"type":"Polygon","coordinates":[[[136.315453,36.156612],[136.267834,36.111116],[136.279769,36.107638],[136.311032,36.142362],[136.320678,36.158465],[136.315453,36.156612]]]},"properties":{}},"extra":true},
    {"code":9944414,"id":21182,"name":"友末","original_name":"友末","name_kana":"ともすえ","closed":true,"lat":36.116567,"lng":136.295246,"prefecture":18,"lines":[99444],"postal_code":"910-0344","address":"福井県坂井市丸岡町友末１０","closed_date":"1969-09-18","voronoi":{"type":"Feature","geometry":{"type":"Polygon","coordinates":[[[136.279769,36.107638],[136.311032,36.142362],[136.297107,36.104902],[136.29366,36.103915],[136.281358,36.106556],[136.279769,36.107638]]]},"properties":{}},"extra":true},
    {"code":9944415,"id":21183,"name":"楽間","original_name":"楽間","name_kana":"らくま","closed":true,"lat":36.112519,"lng":136.306136,"prefecture":18,"lines":[99444],"postal_code":"910-0336","address":"福井県坂井市丸岡町楽間３","closed_date":"1969-09-18","voronoi":{"type":"Feature","geometry":{"type":"Polygon","coordinates":[[[136.331884,36.165712],[136.313159,36.106675],[136.303323,36.103412],[136.297107,36.104902],[136.311032,36.142362],[136.320678,36.158465],[136.331884,36.165712]]]},"properties":{}},"extra":true},
    {"code":9944416,"id":21184,"name":"鳴鹿","original_name":"鳴鹿","name_kana":"なるか","closed":true,"lat":36.107403,"lng":136.322266,"prefecture":18,"lines":[99444],"postal_code":"910-0331","address":"福井県坂井市丸岡町上久米田３−８５","closed_date":"1969-09-18","voronoi":{"type":"Feature","geometry":{"type":"Polygon","coordinates":[[[136.378883,36.167506],[136.348789,36.178579],[136.341019,36.173689],[136.331884,36.165712],[136.313159,36.106675],[136.319238,36.099561],[136.339187,36.107355],[136.347004,36.113934],[136.356415,36.125025],[136.378883,36.167506]]]},"properties":{}},"extra":true},
    {"code":9941912,"id":7365,"name":"永平寺口","original_name":"永平寺口","name_kana":"えいへいじぐち","closed":false,"lat":36.095849,"lng":136.32678,"prefecture":18,"lines":[99419,99444],"attr":"eco","postal_code":"910-1212","address":"吉田郡永平寺町東古市１字２３-４","voronoi":{"type":"Feature","geometry":{"type":"Polygon","coordinates":[[[136.318845,36.096366],[136.329362,36.089192],[136.339187,36.107355],[136.319238,36.099561],[136.318845,36.096366]]]},"properties":{}},"extra":false},
    {"code":9944418,"id":21185,"name":"諏訪間","original_name":"諏訪間","name_kana":"すわま","closed":true,"lat":36.089167,"lng":136.322222,"prefecture":18,"lines":[99444],"postal_code":"910-1222","address":"福井県吉田郡永平寺町諏訪間５−１","open_date":"1925-09-16","closed_date":"2002-10-21","voronoi":{"type":"Feature","geometry":{"type":"Polygon","coordinates":[[[136.329362,36.089192],[136.330223,36.081125],[136.309288,36.080285],[136.310541,36.085583],[136.318845,36.096366],[136.329362,36.089192]]]},"properties":{}},"extra":true},
    {"code":9944419,"id":21186,"name":"京善","original_name":"京善","name_kana":"きょうぜん","closed":true,"lat":36.072467,"lng":136.322892,"prefecture":18,"lines":[99444],"postal_code":"910-1225","address":"福井県吉田郡永平寺町京善１１−２３−１","open_date":"1925-09-16","closed_date":"2002-10-21","voronoi":{"type":"Feature","geometry":{"type":"Polygon","coordinates":[[[136.319379,36.048737],[136.291785,36.05118],[136.28954,36.053221],[136.300029,36.071182],[136.309288,36.080285],[136.330223,36.081125],[136.332442,36.079484],[136.319379,36.048737]]]},"properties":{}},"extra":true},
    {"code":9944420,"id":21187,"name":"市野々","original_name":"市野々","name_kana":"いちのの","closed":true,"lat":36.067739,"lng":136.334021,"prefecture":18,"lines":[99444],"postal_code":"910-1227","address":"福井県吉田郡永平寺町荒谷６−７","open_date":"1930-04-20","closed_date":"2002-10-21","voronoi":{"type":"Feature","geometry":{"type":"Polygon","coordinates":[[[136.319379,36.048737],[136.332442,36.079484],[136.337619,36.07896],[136.350074,36.07261],[136.33052,36.044758],[136.319379,36.048737]]]},"properties":{}},"extra":true},
    {"code":9944421,"id":21188,"name":"永平寺","original_name":"永平寺","name_kana":"えいへいじ","closed":true,"lat":36.055857,"lng":136.350946,"prefecture":18,"lines":[99444],"postal_code":"910-1228","address":"福井県吉田郡永平寺町志比28–2","open_date":"1925-09-16","closed_date":"2002-10-21","voronoi":{"type":"Feature","geometry":{"type":"Polygon","coordinates":[[[136.376898,36.036682],[136.342949,36.036559],[136.332938,36.042249],[136.33052,36.044758],[136.350074,36.07261],[136.351407,36.07287],[136.364813,36.068495],[136.378483,36.055394],[136.385718,36.042505],[136.376898,36.036682]]]},"properties":{}},"extra":true}
  ],
  "closed_date":"2002-10-21",
  "extra":true
}