{
  "code":99440,
  "id":2099,
  "name":"北陸鉄道山中線",
  "name_kana":"ほくりくてつどうやまなかせん",
  "station_size":11,
  "company_code":165,
  "closed":true,
  "station_list":[
    {"code":9944001,"id":21124,"name":"山中","original_name":"山中","name_kana":"やまなか","closed":true,"lat":36.249972,"lng":136.374722,"prefecture":17,"lines":[99440],"postal_code":"922-0114","address":"石川県加賀市山中温泉東町１丁目ト３６−１","open_date":"1899-10-08","closed_date":"1971-07-11","voronoi":{"type":"Feature","geometry":{"type":"Polygon","coordinates":[[[136.389641,36.166606],[136.378883,36.167506],[136.348789,36.178579],[136.330699,36.207054],[136.327764,36.212822],[136.361233,36.245894],[136.397,36.271361],[136.414427,36.265898],[136.43993,36.254829],[136.467708,36.236256],[136.506186,36.205413],[136.459759,36.181598],[136.421099,36.168447],[136.405256,36.166805],[136.389641,36.166606]]]},"properties":{}},"extra":true},
    {"code":9944002,"id":21125,"name":"新塚谷","original_name":"新塚谷","name_kana":"しんつかたに","closed":true,"lat":36.257306,"lng":136.3695,"prefecture":17,"lines":[99440],"postal_code":"922-0111","address":"石川県加賀市山中温泉塚谷町ロ５２","closed_date":"1971-07-11","voronoi":{"type":"Feature","geometry":{"type":"Polygon","coordinates":[[[136.397,36.271361],[136.361233,36.245894],[136.376756,36.276741],[136.380056,36.277228],[136.395516,36.272078],[136.397,36.271361]]]},"properties":{}},"extra":true},
    {"code":9944003,"id":21126,"name":"新家工業前","original_name":"新家工業前","name_kana":"あらやこうぎょうまえ","closed":true,"lat":36.259333,"lng":136.365472,"prefecture":17,"lines":[99440],"postal_code":"922-0106","address":"石川県加賀市山中温泉上原町ル１","closed_date":"1971-07-11","voronoi":{"type":"Feature","geometry":{"type":"Polygon","coordinates":[[[136.376756,36.276741],[136.361233,36.245894],[136.327764,36.212822],[136.327172,36.213724],[136.371051,36.272516],[136.374987,36.276674],[136.376756,36.276741]]]},"properties":{}},"extra":true},
    {"code":9944004,"id":21127,"name":"旭町(石川)","original_name":"旭町","name_kana":"あさひまち","closed":true,"lat":36.263417,"lng":136.36,"prefecture":17,"lines":[99440],"postal_code":"922-0104","address":"石川県加賀市山中温泉旭町ヌ１２−２１","closed_date":"1971-07-11","voronoi":{"type":"Feature","geometry":{"type":"Polygon","coordinates":[[[136.327172,36.213724],[136.322957,36.219408],[136.321861,36.240845],[136.371051,36.272516],[136.327172,36.213724]]]},"properties":{}},"extra":true},
    {"code":9944005,"id":21128,"name":"長谷田","original_name":"長谷田","name_kana":"はせだ","closed":true,"lat":36.266222,"lng":136.358194,"prefecture":17,"lines":[99440],"postal_code":"922-0103","address":"石川県加賀市山中温泉長谷田町ヘ５０−１","closed_date":"1971-07-11","voronoi":{"type":"Feature","geometry":{"type":"Polygon","coordinates":[[[136.371051,36.272516],[136.321861,36.240845],[136.321375,36.246308],[136.372602,36.277203],[136.374987,36.276674],[136.371051,36.272516]]]},"properties":{}},"extra":true},
    {"code":9944006,"id":21129,"name":"中田(石川)","original_name":"中田","name_kana":"なかだ","closed":true,"lat":36.269583,"lng":136.356167,"prefecture":17,"lines":[99440],"postal_code":"922-0101","address":"石川県加賀市山中温泉中田町ニ１９−２","closed_date":"1971-07-11","voronoi":{"type":"Feature","geometry":{"type":"Polygon","coordinates":[[[136.372602,36.277203],[136.321375,36.246308],[136.320136,36.255383],[136.332211,36.262803],[136.371989,36.277412],[136.372602,36.277203]]]},"properties":{}},"extra":true},
    {"code":9944007,"id":21130,"name":"二天","original_name":"二天","name_kana":"にてん","closed":true,"lat":36.273139,"lng":136.354861,"prefecture":17,"lines":[99440],"postal_code":"922-0101","address":"石川県加賀市山中温泉中田町ト１４１","closed_date":"1971-07-11","voronoi":{"type":"Feature","geometry":{"type":"Polygon","coordinates":[[[136.332211,36.262803],[136.357618,36.281217],[136.36766,36.27942],[136.371989,36.277412],[136.332211,36.262803]]]},"properties":{}},"extra":true},
    {"code":9944008,"id":21131,"name":"河南","original_name":"河南","name_kana":"かわみなみ","closed":true,"lat":36.281111,"lng":136.349083,"prefecture":17,"lines":[99440,99441],"postal_code":"922-0277","address":"石川県加賀市河南町ワ４０","open_date":"1899-10-08","closed_date":"1971-07-11","voronoi":{"type":"Feature","geometry":{"type":"Polygon","coordinates":[[[136.317208,36.264487],[136.320136,36.255383],[136.332211,36.262803],[136.357618,36.281217],[136.348646,36.290305],[136.322324,36.27378],[136.317208,36.264487]]]},"properties":{}},"extra":true},
    {"code":9944009,"id":21132,"name":"黒瀬","original_name":"黒瀬","name_kana":"くろせ","closed":true,"lat":36.294694,"lng":136.340556,"prefecture":17,"lines":[99440],"postal_code":"922-0823","address":"石川県加賀市黒瀬町１８４−５","closed_date":"1971-07-11","voronoi":{"type":"Feature","geometry":{"type":"Polygon","coordinates":[[[136.352807,36.304845],[136.348646,36.290305],[136.322324,36.27378],[136.323972,36.281512],[136.341892,36.308972],[136.352807,36.304845]]]},"properties":{}},"extra":true},
    {"code":9944010,"id":21133,"name":"帝国繊維前","original_name":"帝国繊維前","name_kana":"ていこくせんいまえ","closed":true,"lat":36.302,"lng":136.329361,"prefecture":17,"lines":[99440],"postal_code":"922-0821","address":"石川県加賀市南郷町１３３−１","open_date":"1925-08-10","closed_date":"1971-07-11","voronoi":{"type":"Feature","geometry":{"type":"Polygon","coordinates":[[[136.323972,36.281512],[136.317889,36.336097],[136.341892,36.308972],[136.323972,36.281512]]]},"properties":{}},"extra":true},
    {"code":1141530,"id":2376,"name":"大聖寺","original_name":"大聖寺","name_kana":"だいしょうじ","closed":false,"lat":36.300311,"lng":136.314205,"prefecture":17,"lines":[99426,99455,99440],"attr":"cool","postal_code":"922-0842","address":"加賀市熊坂町","voronoi":{"type":"Feature","geometry":{"type":"Polygon","coordinates":[[[136.017411,36.71656],[136.293254,36.380051],[136.317889,36.336097],[136.323972,36.281512],[136.322324,36.27378],[136.317208,36.264487],[136.184498,36.370217],[136.156498,36.413954],[136.017411,36.71656]]]},"properties":{}},"extra":false}
  ],
  "closed_date":"1971-07-11",
  "extra":true
}