{
  "code":99448,
  "id":2114,
  "name":"長野電鉄河東線",
  "name_kana":"ながのでんてつかとうせん",
  "station_size":26,
  "company_code":158,
  "closed":true,
  "station_list":[
    {"code":9940316,"id":7132,"name":"屋代","original_name":"屋代","name_kana":"やしろ","closed":false,"lat":36.532062,"lng":138.128191,"prefecture":20,"lines":[99403,99406,11425,99448],"attr":"eco","postal_code":"387-0013","address":"千曲市大字小島３１３９番地","voronoi":{"type":"Feature","geometry":{"type":"Polygon","coordinates":[[[138.148332,36.528394],[138.14598,36.53118],[138.117686,36.541917],[138.10255,36.527105],[138.116969,36.510044],[138.148332,36.528394]]]},"properties":{}},"extra":false},
    {"code":9940602,"id":7172,"name":"東屋代","original_name":"東屋代","name_kana":"ひがしやしろ","closed":true,"lat":36.542321,"lng":138.132084,"prefecture":20,"lines":[99406,99448],"attr":"unknown","postal_code":"387-0007","address":"千曲市屋代郷津７７８-４","closed_date":"2012-04-01","voronoi":{"type":"Feature","geometry":{"type":"Polygon","coordinates":[[[138.140541,36.544483],[138.11945,36.546027],[138.117686,36.541917],[138.14598,36.53118],[138.140541,36.544483]]]},"properties":{}},"extra":false},
    {"code":9940603,"id":7173,"name":"雨宮","original_name":"雨宮","name_kana":"あめのみや","closed":true,"lat":36.548865,"lng":138.14809,"prefecture":20,"lines":[99406,99448],"attr":"unknown","postal_code":"387-0001","address":"千曲市雨宮７６３-２","closed_date":"2012-04-01","voronoi":{"type":"Feature","geometry":{"type":"Polygon","coordinates":[[[138.176472,36.528362],[138.177918,36.523618],[138.148332,36.528394],[138.14598,36.53118],[138.140541,36.544483],[138.139425,36.561687],[138.147638,36.564608],[138.176472,36.528362]]]},"properties":{}},"extra":false},
    {"code":9940604,"id":7174,"name":"岩野","original_name":"岩野","name_kana":"いわの","closed":true,"lat":36.560628,"lng":138.162877,"prefecture":20,"lines":[99406,99448],"attr":"unknown","postal_code":"381-1234","address":"長野市松代町岩野山裏１８-２","closed_date":"2012-04-01","voronoi":{"type":"Feature","geometry":{"type":"Polygon","coordinates":[[[138.172924,36.587574],[138.175199,36.584713],[138.176472,36.528362],[138.147638,36.564608],[138.157894,36.580069],[138.172924,36.587574]]]},"properties":{}},"extra":false},
    {"code":9940605,"id":7175,"name":"象山口","original_name":"象山口","name_kana":"ぞうざんぐち","closed":true,"lat":36.561209,"lng":138.188596,"prefecture":20,"lines":[99406,99448],"attr":"unknown","postal_code":"381-1233","address":"長野市松代町清野河原新田２０４１","closed_date":"2012-04-01","voronoi":{"type":"Feature","geometry":{"type":"Polygon","coordinates":[[[138.220173,36.508996],[138.184981,36.580534],[138.175199,36.584713],[138.176472,36.528362],[138.177918,36.523618],[138.178609,36.522996],[138.203076,36.51025],[138.220173,36.508996]]]},"properties":{}},"extra":false},
    {"code":9940606,"id":7176,"name":"松代","original_name":"松代","name_kana":"まつしろ","closed":true,"lat":36.565876,"lng":138.198083,"prefecture":20,"lines":[99406,99448],"attr":"unknown","postal_code":"381-0000","address":"長野市松代町殿町７０","closed_date":"2012-04-01","voronoi":{"type":"Feature","geometry":{"type":"Polygon","coordinates":[[[138.271168,36.531721],[138.244429,36.559011],[138.221523,36.575701],[138.184981,36.580534],[138.220173,36.508996],[138.240161,36.505771],[138.271168,36.531721]]]},"properties":{}},"extra":false},
    {"code":9940607,"id":7177,"name":"金井山","original_name":"金井山","name_kana":"かないやま","closed":true,"lat":36.591282,"lng":138.201443,"prefecture":20,"lines":[99406,99448],"attr":"unknown","postal_code":"381-1214","address":"長野市松代町柴新引４６２-２","closed_date":"2012-04-01","voronoi":{"type":"Feature","geometry":{"type":"Polygon","coordinates":[[[138.221523,36.575701],[138.184981,36.580534],[138.175199,36.584713],[138.172924,36.587574],[138.173713,36.597516],[138.178056,36.607149],[138.185826,36.615054],[138.202554,36.619022],[138.221523,36.575701]]]},"properties":{}},"extra":false},
    {"code":9940608,"id":7178,"name":"大室","original_name":"大室","name_kana":"おおむろ","closed":true,"lat":36.601024,"lng":138.223692,"prefecture":20,"lines":[99406,99448],"attr":"unknown","postal_code":"381-1211","address":"長野市松代町大室村北７２５-１","closed_date":"2012-04-01","voronoi":{"type":"Feature","geometry":{"type":"Polygon","coordinates":[[[138.244429,36.559011],[138.221523,36.575701],[138.202554,36.619022],[138.219654,36.633011],[138.222126,36.633056],[138.244429,36.559011]]]},"properties":{}},"extra":false},
    {"code":9940609,"id":7179,"name":"信濃川田","original_name":"信濃川田","name_kana":"しなのかわだ","closed":true,"lat":36.605488,"lng":138.238512,"prefecture":20,"lines":[99406,99448],"attr":"unknown","postal_code":"381-0103","address":"長野市若穂川田町下３１８０-２","closed_date":"2012-04-01","voronoi":{"type":"Feature","geometry":{"type":"Polygon","coordinates":[[[138.239213,36.62589],[138.230481,36.635294],[138.222126,36.633056],[138.244429,36.559011],[138.271168,36.531721],[138.273455,36.532527],[138.239213,36.62589]]]},"properties":{}},"extra":false},
    {"code":9940610,"id":7180,"name":"若穂","original_name":"若穂","name_kana":"わかほ","closed":true,"lat":36.610779,"lng":138.252938,"prefecture":20,"lines":[99406,99448],"attr":"unknown","postal_code":"381-0101","address":"長野市若穂綿内田中７４８５","closed_date":"2012-04-01","voronoi":{"type":"Feature","geometry":{"type":"Polygon","coordinates":[[[138.288248,36.603005],[138.239213,36.62589],[138.273455,36.532527],[138.31715,36.543373],[138.337643,36.55321],[138.288248,36.603005]]]},"properties":{}},"extra":false},
    {"code":9940611,"id":7181,"name":"綿内","original_name":"綿内","name_kana":"わたうち","closed":true,"lat":36.625075,"lng":138.25961,"prefecture":20,"lines":[99406,99448],"attr":"unknown","postal_code":"381-0101","address":"長野市若穂綿内高野６４７２-２","closed_date":"2012-04-01","voronoi":{"type":"Feature","geometry":{"type":"Polygon","coordinates":[[[138.262233,36.644367],[138.288248,36.603005],[138.239213,36.62589],[138.230481,36.635294],[138.232711,36.637359],[138.255094,36.644126],[138.262233,36.644367]]]},"properties":{}},"extra":false},
    {"code":9940612,"id":7182,"name":"井上","original_name":"井上","name_kana":"いのうえ","closed":true,"lat":36.638376,"lng":138.280758,"prefecture":20,"lines":[99406,99448],"attr":"unknown","postal_code":"382-0045","address":"須坂市井上双六１７４０-４","closed_date":"2012-04-01","voronoi":{"type":"Feature","geometry":{"type":"Polygon","coordinates":[[[138.29823,36.64032],[138.361782,36.559504],[138.337643,36.55321],[138.288248,36.603005],[138.262233,36.644367],[138.266337,36.648041],[138.28143,36.648909],[138.29823,36.64032]]]},"properties":{}},"extra":false},
    {"code":9940513,"id":7160,"name":"須坂","original_name":"須坂","name_kana":"すざか","closed":false,"lat":36.656841,"lng":138.304239,"prefecture":20,"lines":[99405,99406,99448],"attr":"heat","postal_code":"382-0000","address":"須坂市須坂宗石１２８８-２","voronoi":{"type":"Feature","geometry":{"type":"Polygon","coordinates":[[[138.362359,36.655922],[138.295779,36.669789],[138.29823,36.64032],[138.361782,36.559504],[138.403462,36.564638],[138.427727,36.602733],[138.362359,36.655922]]]},"properties":{}},"extra":false},
    {"code":9940514,"id":7161,"name":"北須坂","original_name":"北須坂","name_kana":"きたすざか","closed":false,"lat":36.678283,"lng":138.308705,"prefecture":20,"lines":[99405,99448],"attr":"heat","postal_code":"382-0071","address":"須坂市小河原町北山道北沖２１２９-４","voronoi":{"type":"Feature","geometry":{"type":"Polygon","coordinates":[[[138.326318,36.685546],[138.289925,36.692709],[138.283191,36.685582],[138.290669,36.674103],[138.295779,36.669789],[138.362359,36.655922],[138.346089,36.675308],[138.326318,36.685546]]]},"properties":{}},"extra":false},
    {"code":9940515,"id":7162,"name":"小布施","original_name":"小布施","name_kana":"おぶせ","closed":false,"lat":36.698942,"lng":138.312771,"prefecture":20,"lines":[99405,99448],"attr":"heat","postal_code":"381-0201","address":"上高井郡小布施町小布施親木１４９７-２","voronoi":{"type":"Feature","geometry":{"type":"Polygon","coordinates":[[[138.289925,36.692709],[138.292717,36.701852],[138.309646,36.715052],[138.309886,36.715095],[138.326318,36.685546],[138.289925,36.692709]]]},"properties":{}},"extra":false},
    {"code":9940516,"id":7163,"name":"都住","original_name":"都住","name_kana":"つすみ","closed":false,"lat":36.704122,"lng":138.322086,"prefecture":20,"lines":[99405,99448],"attr":"heat","postal_code":"381-0208","address":"上高井郡小布施町都住宮上４７２-４","voronoi":{"type":"Feature","geometry":{"type":"Polygon","coordinates":[[[138.326318,36.685546],[138.309886,36.715095],[138.330294,36.726398],[138.346089,36.675308],[138.326318,36.685546]]]},"properties":{}},"extra":false},
    {"code":9940517,"id":7164,"name":"桜沢(長野)","original_name":"桜沢","name_kana":"さくらさわ","closed":false,"lat":36.712641,"lng":138.349642,"prefecture":20,"lines":[99405,99448],"attr":"heat","postal_code":"383-0043","address":"中野市三ツ和大日前１４９７-１","voronoi":{"type":"Feature","geometry":{"type":"Polygon","coordinates":[[[138.427727,36.602733],[138.362359,36.655922],[138.346089,36.675308],[138.330294,36.726398],[138.332722,36.731952],[138.338332,36.736048],[138.405515,36.674871],[138.434776,36.609087],[138.427727,36.602733]]]},"properties":{}},"extra":false},
    {"code":9940518,"id":7165,"name":"延徳","original_name":"延徳","name_kana":"えんとく","closed":false,"lat":36.726973,"lng":138.362693,"prefecture":20,"lines":[99405,99448],"attr":"heat","postal_code":"383-0035","address":"中野市篠井堰向２２９-２","voronoi":{"type":"Feature","geometry":{"type":"Polygon","coordinates":[[[138.378089,36.734092],[138.390293,36.728125],[138.390822,36.727077],[138.405515,36.674871],[138.338332,36.736048],[138.340058,36.738813],[138.378089,36.734092]]]},"properties":{}},"extra":false},
    {"code":9940519,"id":7166,"name":"信州中野","original_name":"信州中野","name_kana":"しんしゅうなかの","closed":false,"lat":36.74476,"lng":138.364901,"prefecture":20,"lines":[99405,99448],"attr":"heat","postal_code":"383-0021","address":"中野市西１-１","voronoi":{"type":"Feature","geometry":{"type":"Polygon","coordinates":[[[138.341954,36.74819],[138.340058,36.738813],[138.378089,36.734092],[138.367152,36.751559],[138.341954,36.74819]]]},"properties":{}},"extra":false},
    {"code":9944820,"id":21254,"name":"中野北","original_name":"中野北","name_kana":"なかのきた","closed":true,"lat":36.757528,"lng":138.363194,"prefecture":20,"lines":[99448],"postal_code":"383-0064","address":"長野県中野市新井５６２−１","open_date":"1961-01-11","closed_date":"2002-03-31","voronoi":{"type":"Feature","geometry":{"type":"Polygon","coordinates":[[[138.377428,36.767996],[138.377225,36.769751],[138.343377,36.763566],[138.341288,36.756319],[138.341954,36.74819],[138.367152,36.751559],[138.377428,36.767996]]]},"properties":{}},"extra":true},
    {"code":9944821,"id":21255,"name":"四ヶ郷","original_name":"四ヶ郷","name_kana":"しかごう","closed":true,"lat":36.776222,"lng":138.359778,"prefecture":20,"lines":[99448],"postal_code":"383-0063","address":"長野県中野市間長瀬５００","open_date":"1925-07-12","closed_date":"2002-03-31","voronoi":{"type":"Feature","geometry":{"type":"Polygon","coordinates":[[[138.338953,36.785855],[138.343377,36.763566],[138.377225,36.769751],[138.380606,36.7773],[138.338953,36.785855]]]},"properties":{}},"extra":true},
    {"code":9944822,"id":21256,"name":"赤岩(長野)","original_name":"赤岩","name_kana":"あかいわ","closed":true,"lat":36.7865,"lng":138.361889,"prefecture":20,"lines":[99448],"postal_code":"383-0004","address":"長野県中野市赤岩","open_date":"1925-07-12","closed_date":"2002-03-31","voronoi":{"type":"Feature","geometry":{"type":"Polygon","coordinates":[[[138.341317,36.789563],[138.338106,36.787717],[138.338953,36.785855],[138.380606,36.7773],[138.398165,36.799225],[138.341317,36.789563]]]},"properties":{}},"extra":true},
    {"code":9944823,"id":21257,"name":"柳沢(長野)","original_name":"柳沢","name_kana":"やなぎさわ","closed":true,"lat":36.79925,"lng":138.359722,"prefecture":20,"lines":[99448],"postal_code":"383-0003","address":"長野県中野市柳沢６１２−１","open_date":"1925-07-12","closed_date":"2002-03-31","voronoi":{"type":"Feature","geometry":{"type":"Polygon","coordinates":[[[138.341317,36.789563],[138.359757,36.810044],[138.408179,36.809234],[138.40318,36.803681],[138.398165,36.799225],[138.341317,36.789563]]]},"properties":{}},"extra":true},
    {"code":9944824,"id":21258,"name":"田上(長野)","original_name":"田上","name_kana":"たがみ","closed":true,"lat":36.820833,"lng":138.360083,"prefecture":20,"lines":[99448],"postal_code":"383-0002","address":"長野県中野市田上８９５","open_date":"1926-03-01","closed_date":"2002-03-31","voronoi":{"type":"Feature","geometry":{"type":"Polygon","coordinates":[[[138.336084,36.831943],[138.359757,36.810044],[138.408179,36.809234],[138.409606,36.810248],[138.390394,36.822729],[138.358082,36.833189],[138.336084,36.831943]]]},"properties":{}},"extra":true},
    {"code":9944825,"id":21259,"name":"信濃安田","original_name":"信濃安田","name_kana":"しなのやすだ","closed":true,"lat":36.842028,"lng":138.366944,"prefecture":20,"lines":[99448],"postal_code":"389-2234","address":"長野県飯山市木島２１","open_date":"1925-07-12","closed_date":"2002-03-31","voronoi":{"type":"Feature","geometry":{"type":"Polygon","coordinates":[[[138.358082,36.833189],[138.365753,36.850504],[138.370024,36.851313],[138.390394,36.822729],[138.358082,36.833189]]]},"properties":{}},"extra":true},
    {"code":9944826,"id":21260,"name":"木島","original_name":"木島","name_kana":"きじま","closed":true,"lat":36.851194,"lng":138.379806,"prefecture":20,"lines":[99448],"postal_code":"389-2234","address":"長野県飯山市木島１０１６−２","open_date":"1925-07-12","closed_date":"2002-03-31","voronoi":{"type":"Feature","geometry":{"type":"Polygon","coordinates":[[[138.451318,36.870896],[138.451871,36.870785],[138.521631,36.839135],[138.409606,36.810248],[138.390394,36.822729],[138.370024,36.851313],[138.377973,36.86801],[138.451318,36.870896]]]},"properties":{}},"extra":true}
  ],
  "closed_date":"2012-04-01",
  "extra":true
}