{
  "code":99447,
  "id":"90cef5",
  "name":"上田丸子電鉄丸子線",
  "name_kana":"うえだまるこでんてつまるこせん",
  "station_size":16,
  "company_code":157,
  "closed":true,
  "station_list":[
    {"code":9944701,"id":"f8d47a","name":"上田東","original_name":"上田東","name_kana":"うえだひがし","closed":true,"lat":36.398833,"lng":138.257861,"prefecture":20,"lines":[99447],"postal_code":"386-0012","address":"長野県上田市中央２丁目１８-２６","open_date":"1925-08-01","closed_date":"1969-04-20","voronoi":{"type":"Feature","geometry":{"type":"Polygon","coordinates":[[[138.252925,36.402617],[138.257046,36.404129],[138.263136,36.39947],[138.258451,36.391143],[138.255707,36.389623],[138.253578,36.39771],[138.252743,36.402138],[138.252905,36.402585],[138.252925,36.402617]]]},"properties":{}},"extra":true},
    {"code":9944702,"id":"2b61e6","name":"染屋","original_name":"染屋","name_kana":"そめや","closed":true,"lat":36.39463,"lng":138.26533,"prefecture":20,"lines":[99447],"postal_code":"386-0018","address":"長野県上田市常田３丁目５-５６","open_date":"1925-08-01","closed_date":"1969-04-20","voronoi":{"type":"Feature","geometry":{"type":"Polygon","coordinates":[[[138.263136,36.39947],[138.258451,36.391143],[138.274837,36.389778],[138.27941,36.39166],[138.281254,36.392586],[138.272808,36.402304],[138.263136,36.39947]]]},"properties":{}},"extra":true},
    {"code":9944703,"id":"c14aac","name":"上堀(長野)","original_name":"上堀","name_kana":"うわぼり","closed":true,"lat":36.386566,"lng":138.264658,"prefecture":20,"lines":[99447],"postal_code":"386-0017","address":"長野県上田市踏入２丁目１８-２６","open_date":"1925-08-01","closed_date":"1969-04-20","voronoi":{"type":"Feature","geometry":{"type":"Polygon","coordinates":[[[138.252015,36.367236],[138.247853,36.367774],[138.252322,36.38443],[138.255707,36.389623],[138.258451,36.391143],[138.274837,36.389778],[138.252015,36.367236]]]},"properties":{}},"extra":true},
    {"code":9944704,"id":"518e2d","name":"八日堂","original_name":"八日堂","name_kana":"ようかどう","closed":true,"lat":36.379639,"lng":138.2715,"prefecture":20,"lines":[99447],"postal_code":"386-0016","address":"長野県上田市国分１２０１−７","open_date":"1925-08-01","closed_date":"1969-04-20","voronoi":{"type":"Feature","geometry":{"type":"Polygon","coordinates":[[[138.252015,36.367236],[138.263567,36.363137],[138.27941,36.39166],[138.274837,36.389778],[138.252015,36.367236]]]},"properties":{}},"extra":true},
    {"code":9944705,"id":"d3fe03","name":"神川","original_name":"神川","name_kana":"かんがわ","closed":true,"lat":36.377134,"lng":138.275908,"prefecture":20,"lines":[99447],"postal_code":"386-0016","address":"長野県上田市国分１２９９","closed_date":"1969-04-20","voronoi":{"type":"Feature","geometry":{"type":"Polygon","coordinates":[[[138.286618,36.390947],[138.284806,36.391809],[138.282899,36.392144],[138.265632,36.362264],[138.269104,36.360454],[138.270043,36.360615],[138.27035,36.360727],[138.286618,36.390947]]]},"properties":{}},"extra":true},
    {"code":9944706,"id":"1d4823","name":"岩下","original_name":"岩下","name_kana":"いわした","closed":true,"lat":36.374401,"lng":138.280985,"prefecture":20,"lines":[99447],"postal_code":"386-0153","address":"長野県上田市岩下１００","open_date":"1925-08-01","closed_date":"1969-04-20","voronoi":{"type":"Feature","geometry":{"type":"Polygon","coordinates":[[[138.282626,36.364219],[138.290296,36.389898],[138.286618,36.390947],[138.27035,36.360727],[138.279913,36.362489],[138.281926,36.36345],[138.282626,36.364219]]]},"properties":{}},"extra":true},
    {"code":9944707,"id":"b0033c","name":"東特前","original_name":"東特前","name_kana":"とうとくまえ","closed":true,"lat":36.371833,"lng":138.289583,"prefecture":20,"lines":[99447],"postal_code":"386-0152","address":"長野県上田市大屋３５１","closed_date":"1969-04-20","voronoi":{"type":"Feature","geometry":{"type":"Polygon","coordinates":[[[138.290296,36.389898],[138.282626,36.364219],[138.292154,36.368043],[138.298813,36.389665],[138.290296,36.389898]]]},"properties":{}},"extra":true},
    {"code":9944708,"id":"51bb21","name":"電鉄大屋","original_name":"電鉄大屋","name_kana":"でんてつおおや","closed":true,"lat":36.36973,"lng":138.296411,"prefecture":20,"lines":[99447],"postal_code":"386-0152","address":"長野県上田市大屋４５６−２","open_date":"1918-11-21","closed_date":"1969-04-20","voronoi":{"type":"Feature","geometry":{"type":"Polygon","coordinates":[[[138.295889,36.365939],[138.292154,36.368043],[138.298813,36.389665],[138.301562,36.390085],[138.295889,36.365939]]]},"properties":{}},"extra":true},
    {"code":9944709,"id":"72d55e","name":"信濃石井","original_name":"信濃石井","name_kana":"しなのいしい","closed":true,"lat":36.363528,"lng":138.292917,"prefecture":20,"lines":[99447],"postal_code":"386-0407","address":"長野県上田市長瀬２９２６","open_date":"1918-11-21","closed_date":"1969-04-20","voronoi":{"type":"Feature","geometry":{"type":"Polygon","coordinates":[[[138.292154,36.368043],[138.295889,36.365939],[138.310391,36.355871],[138.309536,36.352441],[138.281926,36.36345],[138.282626,36.364219],[138.292154,36.368043]]]},"properties":{}},"extra":true},
    {"code":9944710,"id":"4d3cd5","name":"下長瀬","original_name":"下長瀬","name_kana":"しもながせ","closed":true,"lat":36.355831,"lng":138.289848,"prefecture":20,"lines":[99447],"postal_code":"386-0407","address":"長野県上田市長瀬２６１６−６","open_date":"1956-03-12","closed_date":"1969-04-20","voronoi":{"type":"Feature","geometry":{"type":"Polygon","coordinates":[[[138.309536,36.352441],[138.308724,36.329458],[138.279913,36.362489],[138.281926,36.36345],[138.309536,36.352441]]]},"properties":{}},"extra":true},
    {"code":9944711,"id":"e01b59","name":"長瀬(長野)","original_name":"長瀬","name_kana":"ながせ","closed":true,"lat":36.351742,"lng":138.28516,"prefecture":20,"lines":[99447],"postal_code":"386-0407","address":"長野県上田市長瀬２４９２−５","open_date":"1956-03-12","closed_date":"1969-04-20","voronoi":{"type":"Feature","geometry":{"type":"Polygon","coordinates":[[[138.270043,36.360615],[138.308582,36.327493],[138.308854,36.327313],[138.308724,36.329458],[138.279913,36.362489],[138.27035,36.360727],[138.270043,36.360615]]]},"properties":{}},"extra":true},
    {"code":9944712,"id":"fbb72e","name":"上長瀬","original_name":"上長瀬","name_kana":"かみながせ","closed":true,"lat":36.347004,"lng":138.281088,"prefecture":20,"lines":[99447],"postal_code":"386-0407","address":"長野県上田市長瀬３５４２","open_date":"1934-04-15","closed_date":"1969-04-20","voronoi":{"type":"Feature","geometry":{"type":"Polygon","coordinates":[[[138.270043,36.360615],[138.269104,36.360454],[138.269869,36.350538],[138.270908,36.347684],[138.308582,36.327493],[138.270043,36.360615]]]},"properties":{}},"extra":true},
    {"code":9944713,"id":"b680d5","name":"丸子鐘紡","original_name":"丸子鐘紡","name_kana":"まるこかねぼう","closed":true,"lat":36.339583,"lng":138.277111,"prefecture":20,"lines":[99447],"postal_code":"386-0406","address":"長野県上田市下丸子","open_date":"1918-11-21","closed_date":"1969-04-20","voronoi":{"type":"Feature","geometry":{"type":"Polygon","coordinates":[[[138.308854,36.327313],[138.3099,36.323629],[138.296434,36.327378],[138.271138,36.338691],[138.271009,36.338831],[138.270471,36.341963],[138.270908,36.347684],[138.308582,36.327493],[138.308854,36.327313]]]},"properties":{}},"extra":true},
    {"code":9944714,"id":"a2a6f7","name":"中丸子","original_name":"中丸子","name_kana":"なかまるこ","closed":true,"lat":36.333644,"lng":138.274455,"prefecture":20,"lines":[99447],"postal_code":"386-0405","address":"長野県上田市中丸子１２１１","open_date":"1918-11-21","closed_date":"1969-04-20","voronoi":{"type":"Feature","geometry":{"type":"Polygon","coordinates":[[[138.271138,36.338691],[138.272526,36.330984],[138.273073,36.330403],[138.296434,36.327378],[138.271138,36.338691]]]},"properties":{}},"extra":true},
    {"code":9944715,"id":"ab4d4f","name":"上丸子","original_name":"上丸子","name_kana":"かみまるこ","closed":true,"lat":36.326916,"lng":138.273584,"prefecture":20,"lines":[99447],"postal_code":"386-0404","address":"長野県上田市上丸子４２２","open_date":"1918-11-21","closed_date":"1969-04-20","voronoi":{"type":"Feature","geometry":{"type":"Polygon","coordinates":[[[138.27052,36.326158],[138.273073,36.330403],[138.296434,36.327378],[138.3099,36.323629],[138.310664,36.32208],[138.272175,36.32418],[138.27052,36.326158]]]},"properties":{}},"extra":true},
    {"code":9944716,"id":"0045d1","name":"丸子町","original_name":"丸子町","name_kana":"まるこまち","closed":true,"lat":36.321306,"lng":138.273278,"prefecture":20,"lines":[99447],"postal_code":"386-0404","address":"長野県上田市上丸子１０２３−１","open_date":"1918-11-21","closed_date":"1969-04-20","voronoi":{"type":"Feature","geometry":{"type":"Polygon","coordinates":[[[138.201892,36.179905],[138.272175,36.32418],[138.310664,36.32208],[138.327437,36.293656],[138.345016,36.219091],[138.339944,36.196487],[138.33436,36.182848],[138.286892,36.131331],[138.201892,36.179905]]]},"properties":{}},"extra":true}
  ],
  "closed_date":"1969-04-20",
  "extra":true
}