{
  "code":99450,
  "id":2084,
  "name":"越後交通栃尾線",
  "name_kana":"えちごこうつうとちおせん",
  "station_size":24,
  "closed":true,
  "station_list":[
    {"code":9945001,"id":20972,"name":"悠久山","original_name":"悠久山","name_kana":"ゆうきゅうざん","closed":true,"lat":37.434646,"lng":138.876844,"prefecture":15,"lines":[99450],"postal_code":"940-0827","address":"新潟県長岡市悠久町４丁目１１９６−１","open_date":"1924-05-01","closed_date":"1973-04-16","voronoi":{"type":"Feature","geometry":{"type":"Polygon","coordinates":[[[138.875918,37.38895],[138.872814,37.448907],[138.876775,37.449896],[138.889309,37.447238],[138.911822,37.435036],[138.961248,37.394996],[138.940235,37.369088],[138.925842,37.35721],[138.875918,37.38895]]]},"properties":{}},"extra":true},
    {"code":9945002,"id":20973,"name":"長倉","original_name":"長倉","name_kana":"ながくら","closed":true,"lat":37.434306,"lng":138.870278,"prefecture":15,"lines":[99450],"postal_code":"940-0829","address":"新潟県長岡市長倉２丁目２８７−３","open_date":"1924-05-01","closed_date":"1973-04-16","voronoi":{"type":"Feature","geometry":{"type":"Polygon","coordinates":[[[138.867755,37.443338],[138.859524,37.417605],[138.869687,37.392308],[138.875918,37.38895],[138.872814,37.448907],[138.871555,37.448881],[138.869142,37.44583],[138.867755,37.443338]]]},"properties":{}},"extra":true},
    {"code":9945003,"id":20974,"name":"土合口","original_name":"土合口","name_kana":"どあいぐち","closed":true,"lat":37.437447,"lng":138.860459,"prefecture":15,"lines":[99450],"postal_code":"940-0042","address":"新潟県長岡市前田３丁目９-１６くすりのならい","open_date":"1953-07-15","closed_date":"1973-04-16","voronoi":{"type":"Feature","geometry":{"type":"Polygon","coordinates":[[[138.84795,37.433003],[138.859524,37.417605],[138.867755,37.443338],[138.84795,37.433003]]]},"properties":{}},"extra":true},
    {"code":9945004,"id":20975,"name":"大学前(新潟)","original_name":"大学前","name_kana":"だいがくまえ","closed":true,"lat":37.440722,"lng":138.85875,"prefecture":15,"lines":[99450],"postal_code":"940-0041","address":"新潟県長岡市学校町１丁目９-２０","open_date":"1924-05-01","closed_date":"1973-04-16","voronoi":{"type":"Feature","geometry":{"type":"Polygon","coordinates":[[[138.867755,37.443338],[138.84795,37.433003],[138.844672,37.43629],[138.850192,37.440059],[138.869142,37.44583],[138.867755,37.443338]]]},"properties":{}},"extra":true},
    {"code":9945005,"id":20976,"name":"高校前(新潟)","original_name":"高校前","name_kana":"こうこうまえ","closed":true,"lat":37.444278,"lng":138.857667,"prefecture":15,"lines":[99450],"postal_code":"940-0046","address":"新潟県長岡市四郎丸４丁目９-２","open_date":"1953-07-15","closed_date":"1973-04-16","voronoi":{"type":"Feature","geometry":{"type":"Polygon","coordinates":[[[138.869142,37.44583],[138.850192,37.440059],[138.858341,37.448744],[138.866325,37.450224],[138.86916,37.450384],[138.871555,37.448881],[138.869142,37.44583]]]},"properties":{}},"extra":true},
    {"code":100510,"id":1938,"name":"長岡","original_name":"長岡","name_kana":"ながおか","closed":false,"lat":37.447787,"lng":138.853927,"prefecture":15,"lines":[1005,11342,11404,99450],"attr":"heat","postal_code":"940-0061","address":"長岡市城内町２丁目","voronoi":{"type":"Feature","geometry":{"type":"Polygon","coordinates":[[[138.835664,37.458884],[138.839633,37.438995],[138.844672,37.43629],[138.850192,37.440059],[138.858341,37.448744],[138.835664,37.458884]]]},"properties":{}},"extra":false},
    {"code":9945007,"id":20977,"name":"袋町(新潟)","original_name":"袋町","name_kana":"ふくろまち","closed":true,"lat":37.452671,"lng":138.856111,"prefecture":15,"lines":[99450],"postal_code":"940-0034","address":"新潟県長岡市福住３丁目４-２","open_date":"1938-05-01","closed_date":"1975-04-01","voronoi":{"type":"Feature","geometry":{"type":"Polygon","coordinates":[[[138.834536,37.462262],[138.835664,37.458884],[138.858341,37.448744],[138.866325,37.450224],[138.834536,37.462262]]]},"properties":{}},"extra":true},
    {"code":9945008,"id":20978,"name":"東神田","original_name":"東神田","name_kana":"ひがしかんだ","closed":true,"lat":37.455156,"lng":138.857052,"prefecture":15,"lines":[99450],"postal_code":"940-0054","address":"新潟県長岡市稽古町１６２６−１","open_date":"1955-05-15","closed_date":"1975-04-01","voronoi":{"type":"Feature","geometry":{"type":"Polygon","coordinates":[[[138.832605,37.467113],[138.834536,37.462262],[138.866325,37.450224],[138.86916,37.450384],[138.867296,37.453241],[138.832605,37.467113]]]},"properties":{}},"extra":true},
    {"code":9945009,"id":20979,"name":"下長岡","original_name":"下長岡","name_kana":"しもながおか","closed":true,"lat":37.458917,"lng":138.858556,"prefecture":15,"lines":[99450],"postal_code":"940-0036","address":"新潟県長岡市愛宕３丁目７-２４越後交通工業","open_date":"1915-06-05","closed_date":"1975-04-01","voronoi":{"type":"Feature","geometry":{"type":"Polygon","coordinates":[[[138.832605,37.467113],[138.828748,37.475032],[138.828231,37.476669],[138.863508,37.462653],[138.867296,37.453241],[138.832605,37.467113]]]},"properties":{}},"extra":true},
    {"code":9945010,"id":20980,"name":"下新保","original_name":"下新保","name_kana":"しもにいぼ","closed":true,"lat":37.463389,"lng":138.869667,"prefecture":15,"lines":[99450],"postal_code":"940-0875","address":"新潟県長岡市新保１丁目８-３５","open_date":"1916-09-09","closed_date":"1975-04-01","voronoi":{"type":"Feature","geometry":{"type":"Polygon","coordinates":[[[138.863508,37.462653],[138.867296,37.453241],[138.86916,37.450384],[138.871555,37.448881],[138.872814,37.448907],[138.876775,37.449896],[138.875861,37.479181],[138.863508,37.462653]]]},"properties":{}},"extra":true},
    {"code":9945011,"id":20981,"name":"小曽根","original_name":"小曽根","name_kana":"こぞね","closed":true,"lat":37.463806,"lng":138.883028,"prefecture":15,"lines":[99450],"postal_code":"940-0883","address":"新潟県長岡市小曽根町４７３−４","open_date":"1915-06-28","closed_date":"1975-04-01","voronoi":{"type":"Feature","geometry":{"type":"Polygon","coordinates":[[[138.886525,37.484463],[138.877022,37.483989],[138.875861,37.479181],[138.876775,37.449896],[138.889309,37.447238],[138.886525,37.484463]]]},"properties":{}},"extra":true},
    {"code":9945012,"id":20982,"name":"宮下(新潟)","original_name":"宮下","name_kana":"みやした","closed":true,"lat":37.464556,"lng":138.893056,"prefecture":15,"lines":[99450],"postal_code":"940-0882","address":"新潟県長岡市宮下町","open_date":"1915-08-29","closed_date":"1975-04-01","voronoi":{"type":"Feature","geometry":{"type":"Polygon","coordinates":[[[138.911822,37.435036],[138.889309,37.447238],[138.886525,37.484463],[138.891374,37.485922],[138.911822,37.435036]]]},"properties":{}},"extra":true},
    {"code":9945013,"id":20983,"name":"浦瀬","original_name":"浦瀬","name_kana":"うらせ","closed":true,"lat":37.469333,"lng":138.904944,"prefecture":15,"lines":[99450],"postal_code":"940-0805","address":"新潟県長岡市浦瀬町１２９３−２","open_date":"1915-02-14","closed_date":"1975-04-01","voronoi":{"type":"Feature","geometry":{"type":"Polygon","coordinates":[[[138.955887,37.432409],[138.894984,37.48837],[138.891374,37.485922],[138.911822,37.435036],[138.961248,37.394996],[138.961821,37.395429],[138.955887,37.432409]]]},"properties":{}},"extra":true},
    {"code":9945014,"id":20984,"name":"加津保","original_name":"加津保","name_kana":"かつぼ","closed":true,"lat":37.480053,"lng":138.914794,"prefecture":15,"lines":[99450],"postal_code":"940-0803","address":"新潟県長岡市加津保町６０５−１","open_date":"1915-06-28","closed_date":"1975-04-01","voronoi":{"type":"Feature","geometry":{"type":"Polygon","coordinates":[[[138.894984,37.48837],[138.898932,37.493791],[138.91485,37.491785],[138.955042,37.451988],[138.955887,37.432409],[138.894984,37.48837]]]},"properties":{}},"extra":true},
    {"code":9945015,"id":20985,"name":"椿沢","original_name":"椿沢","name_kana":"つばきざわ","closed":true,"lat":37.491957,"lng":138.926581,"prefecture":15,"lines":[99450],"postal_code":"954-0037","address":"新潟県見附市椿澤町１８００","open_date":"1915-06-28","closed_date":"1975-04-01","voronoi":{"type":"Feature","geometry":{"type":"Polygon","coordinates":[[[138.957558,37.471472],[138.955042,37.451988],[138.91485,37.491785],[138.931129,37.504676],[138.945335,37.498172],[138.953965,37.481809],[138.957558,37.471472]]]},"properties":{}},"extra":true},
    {"code":9945016,"id":20986,"name":"耳取","original_name":"耳取","name_kana":"みみとり","closed":true,"lat":37.503164,"lng":138.917706,"prefecture":15,"lines":[99450],"postal_code":"954-0043","address":"新潟県見附市耳取町７７５-甲","open_date":"1915-06-28","closed_date":"1975-04-01","voronoi":{"type":"Feature","geometry":{"type":"Polygon","coordinates":[[[138.898932,37.493791],[138.899799,37.514926],[138.92971,37.506824],[138.931129,37.504676],[138.91485,37.491785],[138.898932,37.493791]]]},"properties":{}},"extra":true},
    {"code":9945017,"id":20987,"name":"名木野","original_name":"名木野","name_kana":"なぎの","closed":true,"lat":37.516042,"lng":138.921194,"prefecture":15,"lines":[99450],"postal_code":"954-0046","address":"新潟県見附市双葉町６-１４","open_date":"1953-06-11","closed_date":"1975-04-01","voronoi":{"type":"Feature","geometry":{"type":"Polygon","coordinates":[[[138.898816,37.5184],[138.905856,37.523201],[138.929442,37.518246],[138.92971,37.506824],[138.899799,37.514926],[138.898816,37.5184]]]},"properties":{}},"extra":true},
    {"code":9945018,"id":20988,"name":"上見附","original_name":"上見附","name_kana":"かみみつけ","closed":true,"lat":37.523583,"lng":138.922778,"prefecture":15,"lines":[99450],"postal_code":"954-0056","address":"新潟県見附市南本町２丁目７-４","open_date":"1915-02-14","closed_date":"1975-04-01","voronoi":{"type":"Feature","geometry":{"type":"Polygon","coordinates":[[[138.905856,37.523201],[138.929442,37.518246],[138.941829,37.544234],[138.94213,37.546374],[138.928566,37.54794],[138.905856,37.523201]]]},"properties":{}},"extra":true},
    {"code":9945019,"id":20989,"name":"明晶","original_name":"明晶","name_kana":"みょうしょう","closed":true,"lat":37.51643,"lng":138.937785,"prefecture":15,"lines":[99450],"postal_code":"954-0033","address":"新潟県見附市明晶町１７２４","open_date":"1915-06-28","closed_date":"1973-04-16","voronoi":{"type":"Feature","geometry":{"type":"Polygon","coordinates":[[[138.945335,37.498172],[138.931129,37.504676],[138.92971,37.506824],[138.929442,37.518246],[138.941829,37.544234],[138.947811,37.50733],[138.945335,37.498172]]]},"properties":{}},"extra":true},
    {"code":9945020,"id":20990,"name":"本明","original_name":"本明","name_kana":"ほんみょう","closed":true,"lat":37.519131,"lng":138.954449,"prefecture":15,"lines":[99450],"postal_code":"954-0032","address":"新潟県見附市本明町４９９−１","open_date":"1915-06-28","closed_date":"1973-04-16","voronoi":{"type":"Feature","geometry":{"type":"Polygon","coordinates":[[[138.972099,37.525177],[138.947811,37.50733],[138.941829,37.544234],[138.94213,37.546374],[138.968801,37.559237],[138.975278,37.560244],[138.988832,37.551554],[138.9915,37.548221],[138.972099,37.525177]]]},"properties":{}},"extra":true},
    {"code":9945021,"id":20991,"name":"太田(新潟)","original_name":"太田","name_kana":"おおだ","closed":true,"lat":37.510139,"lng":138.961056,"prefecture":15,"lines":[99450],"postal_code":"954-0031","address":"新潟県見附市太田町６４９−１","open_date":"1915-02-14","closed_date":"1973-04-16","voronoi":{"type":"Feature","geometry":{"type":"Polygon","coordinates":[[[138.972099,37.525177],[138.947811,37.50733],[138.945335,37.498172],[138.953965,37.481809],[138.972099,37.525177]]]},"properties":{}},"extra":true},
    {"code":9945022,"id":20992,"name":"上北谷","original_name":"上北谷","name_kana":"かみきただに","closed":true,"lat":37.506754,"lng":138.969151,"prefecture":15,"lines":[99450],"postal_code":"954-0026","address":"新潟県見附市神保町２９４−７","open_date":"1915-06-28","closed_date":"1973-04-16","voronoi":{"type":"Feature","geometry":{"type":"Polygon","coordinates":[[[138.9915,37.548221],[138.972099,37.525177],[138.953965,37.481809],[138.957558,37.471472],[138.980789,37.494937],[138.995663,37.544783],[138.9915,37.548221]]]},"properties":{}},"extra":true},
    {"code":9945023,"id":20993,"name":"楡原(新潟)","original_name":"楡原","name_kana":"にればら","closed":true,"lat":37.498444,"lng":138.997,"prefecture":15,"lines":[99450],"postal_code":"940-0203","address":"新潟県長岡市楡原１９３９","open_date":"1916-01-14","closed_date":"1973-04-16","voronoi":{"type":"Feature","geometry":{"type":"Polygon","coordinates":[[[138.980789,37.494937],[139.098098,37.46154],[139.133518,37.479041],[139.143682,37.487105],[138.995663,37.544783],[138.980789,37.494937]]]},"properties":{}},"extra":true},
    {"code":9945024,"id":20994,"name":"栃尾","original_name":"栃尾","name_kana":"とちお","closed":true,"lat":37.483417,"lng":138.992722,"prefecture":15,"lines":[99450],"postal_code":"940-0205","address":"新潟県長岡市栄町２丁目４-４３","open_date":"1915-02-14","closed_date":"1973-04-16","voronoi":{"type":"Feature","geometry":{"type":"Polygon","coordinates":[[[138.955887,37.432409],[138.955042,37.451988],[138.957558,37.471472],[138.980789,37.494937],[139.098098,37.46154],[139.01257,37.411247],[138.982825,37.39862],[138.961821,37.395429],[138.955887,37.432409]]]},"properties":{}},"extra":true}
  ],
  "closed_date":"1975-04-01",
  "extra":true
}