{
  "code":99455,
  "id":632,
  "name":"ハピラインふくい線",
  "name_kana":"はぴらいんふくいせん",
  "name_formal":"ハピラインふくい線",
  "station_size":19,
  "closed":false,
  "station_list":[
    {"code":100919,"id":2358,"name":"敦賀","original_name":"敦賀","name_kana":"つるが","closed":false,"lat":35.644767,"lng":136.076488,"prefecture":18,"lines":[1009,11415,11422,99455],"attr":"heat","postal_code":"914-0055","address":"敦賀市鉄輪町１丁目","voronoi":{"type":"Feature","geometry":{"type":"Polygon","coordinates":[[[135.997787,35.727776],[135.997816,35.727692],[136.047106,35.6395],[136.090406,35.625438],[136.113206,35.637646],[136.067128,35.699589],[135.997787,35.727776]]]},"properties":{}},"extra":false},
    {"code":1141513,"id":2359,"name":"南今庄","original_name":"南今庄","name_kana":"みなみいまじょう","closed":false,"lat":35.757424,"lng":136.184723,"prefecture":18,"lines":[99455],"attr":"heat","postal_code":"919-0132","address":"南条郡南越前町南今庄","voronoi":{"type":"Feature","geometry":{"type":"Polygon","coordinates":[[[136.196412,35.678726],[136.286293,35.676767],[136.174192,35.781886],[136.160709,35.709251],[136.161296,35.707554],[136.196412,35.678726]]]},"properties":{}},"extra":false},
    {"code":1141514,"id":2360,"name":"今庄","original_name":"今庄","name_kana":"いまじょう","closed":false,"lat":35.772947,"lng":136.199279,"prefecture":18,"lines":[99455],"attr":"heat","postal_code":"919-0131","address":"南条郡南越前町今庄","voronoi":{"type":"Feature","geometry":{"type":"Polygon","coordinates":[[[136.311362,35.811946],[136.173823,35.783479],[136.174192,35.781886],[136.286293,35.676767],[136.352978,35.669812],[136.395454,35.667468],[136.427824,35.765296],[136.420768,35.775279],[136.311362,35.811946]]]},"properties":{}},"extra":false},
    {"code":1141515,"id":2361,"name":"湯尾","original_name":"湯尾","name_kana":"ゆのお","closed":false,"lat":35.803251,"lng":136.193007,"prefecture":18,"lines":[99455],"attr":"heat","postal_code":"919-0101","address":"南条郡南越前町湯尾","voronoi":{"type":"Feature","geometry":{"type":"Polygon","coordinates":[[[136.137898,35.816743],[136.141468,35.818296],[136.302776,35.816138],[136.311362,35.811946],[136.173823,35.783479],[136.137898,35.816743]]]},"properties":{}},"extra":false},
    {"code":1141516,"id":2362,"name":"南条","original_name":"南条","name_kana":"なんじょう","closed":false,"lat":35.831956,"lng":136.193391,"prefecture":18,"lines":[99455],"attr":"cool","postal_code":"919-0224","address":"南条郡南越前町西大道","voronoi":{"type":"Feature","geometry":{"type":"Polygon","coordinates":[[[136.302776,35.816138],[136.141468,35.818296],[136.197494,35.863694],[136.215963,35.862126],[136.284156,35.828454],[136.302776,35.816138]]]},"properties":{}},"extra":false},
    {"code":1141517,"id":2363,"name":"王子保","original_name":"王子保","name_kana":"おうしお","closed":false,"lat":35.866259,"lng":136.165595,"prefecture":18,"lines":[99455],"attr":"cool","postal_code":"915-0857","address":"越前市四郎丸町","voronoi":{"type":"Feature","geometry":{"type":"Polygon","coordinates":[[[136.081515,35.822201],[136.062223,35.829909],[136.081111,35.856133],[136.093862,35.869499],[136.121232,35.889176],[136.140459,35.888752],[136.174205,35.883901],[136.180468,35.882918],[136.197494,35.863694],[136.141468,35.818296],[136.137898,35.816743],[136.081515,35.822201]]]},"properties":{}},"extra":false},
    {"code":1141518,"id":2364,"name":"武生","original_name":"武生","name_kana":"たけふ","closed":false,"lat":35.903254,"lng":136.170913,"prefecture":18,"lines":[99455],"attr":"cool","postal_code":"915-0071","address":"越前市府中１丁目","voronoi":{"type":"Feature","geometry":{"type":"Polygon","coordinates":[[[136.174205,35.883901],[136.140459,35.888752],[136.163612,35.903434],[136.167888,35.904295],[136.170981,35.904468],[136.174205,35.883901]]]},"properties":{}},"extra":false},
    {"code":1141519,"id":2365,"name":"鯖江","original_name":"鯖江","name_kana":"さばえ","closed":false,"lat":35.943355,"lng":136.188852,"prefecture":18,"lines":[99455,99428],"attr":"cool","postal_code":"916-0053","address":"鯖江市日の出町","voronoi":{"type":"Feature","geometry":{"type":"Polygon","coordinates":[[[136.215943,35.934611],[136.215247,35.933541],[136.21107,35.93189],[136.195025,35.927435],[136.183754,35.941091],[136.185497,35.945133],[136.216284,35.947011],[136.216626,35.944148],[136.215943,35.934611]]]},"properties":{}},"extra":false},
    {"code":1141520,"id":2366,"name":"北鯖江","original_name":"北鯖江","name_kana":"きたさばえ","closed":false,"lat":35.971496,"lng":136.198452,"prefecture":18,"lines":[99455],"attr":"cool","postal_code":"916-0038","address":"鯖江市下河端町","voronoi":{"type":"Feature","geometry":{"type":"Polygon","coordinates":[[[136.215678,35.985467],[136.219432,35.985494],[136.230489,35.980378],[136.216133,35.950206],[136.199979,35.956778],[136.194887,35.960149],[136.189895,35.968441],[136.190275,35.973543],[136.196632,35.980452],[136.215678,35.985467]]]},"properties":{}},"extra":false},
    {"code":1141521,"id":2367,"name":"大土呂","original_name":"大土呂","name_kana":"おおどろ","closed":false,"lat":36.010546,"lng":136.216519,"prefecture":18,"lines":[99455],"attr":"cool","postal_code":"919-0326","address":"福井市半田町","voronoi":{"type":"Feature","geometry":{"type":"Polygon","coordinates":[[[136.237451,36.007064],[136.243253,35.986123],[136.230489,35.980378],[136.219432,35.985494],[136.212034,35.997396],[136.209402,36.007575],[136.212125,36.015865],[136.22032,36.02083],[136.225938,36.022134],[136.237451,36.007064]]]},"properties":{}},"extra":false},
    {"code":1141522,"id":2368,"name":"越前花堂","original_name":"越前花堂","name_kana":"えちぜんはなんどう","closed":false,"lat":36.038771,"lng":136.218073,"prefecture":18,"lines":[11421,99455],"attr":"cool","postal_code":"918-8014","address":"福井市花堂中１丁目１番","voronoi":{"type":"Feature","geometry":{"type":"Polygon","coordinates":[[[136.214768,36.037225],[136.226088,36.027897],[136.235165,36.046333],[136.219681,36.044068],[136.214768,36.037225]]]},"properties":{}},"extra":false},
    {"code":100917,"id":2369,"name":"福井(福井)","original_name":"福井","name_kana":"ふくい","closed":false,"lat":36.062057,"lng":136.223516,"prefecture":18,"lines":[1009,11421,99455,99419,99420],"attr":"cool","postal_code":"910-0006","address":"福井市中央１丁目","voronoi":{"type":"Feature","geometry":{"type":"Polygon","coordinates":[[[136.222532,36.054546],[136.223437,36.053634],[136.235933,36.047194],[136.237971,36.048161],[136.222977,36.06589],[136.222532,36.054546]]]},"properties":{}},"extra":false},
    {"code":1141524,"id":2370,"name":"森田","original_name":"森田","name_kana":"もりた","closed":false,"lat":36.109381,"lng":136.222516,"prefecture":18,"lines":[99455],"attr":"heat","postal_code":"910-0151","address":"福井市栄町","voronoi":{"type":"Feature","geometry":{"type":"Polygon","coordinates":[[[136.250829,36.108709],[136.237516,36.095484],[136.222207,36.092476],[136.216996,36.097785],[136.210993,36.110795],[136.217799,36.121536],[136.252399,36.111008],[136.252362,36.11093],[136.250829,36.108709]]]},"properties":{}},"extra":false},
    {"code":1141525,"id":2371,"name":"春江","original_name":"春江","name_kana":"はるえ","closed":false,"lat":36.129004,"lng":136.228487,"prefecture":18,"lines":[99455],"attr":"heat","postal_code":"919-0449","address":"坂井市春江町中筋","voronoi":{"type":"Feature","geometry":{"type":"Polygon","coordinates":[[[136.217799,36.121536],[136.216589,36.124951],[136.217548,36.134456],[136.220809,36.141757],[136.224303,36.142458],[136.239895,36.13847],[136.253964,36.124014],[136.255132,36.120515],[136.255222,36.113766],[136.252399,36.111008],[136.217799,36.121536]]]},"properties":{}},"extra":false},
    {"code":1141526,"id":2372,"name":"丸岡","original_name":"丸岡","name_kana":"まるおか","closed":false,"lat":36.162595,"lng":136.233502,"prefecture":18,"lines":[99455,99449],"attr":"eco","postal_code":"919-0522","address":"坂井市坂井町上新庄","voronoi":{"type":"Feature","geometry":{"type":"Polygon","coordinates":[[[136.25237,36.169541],[136.243317,36.158265],[136.229688,36.157038],[136.219857,36.173983],[136.220613,36.177095],[136.228295,36.186646],[136.236585,36.185298],[136.249651,36.178364],[136.25237,36.169541]]]},"properties":{}},"extra":false},
    {"code":100916,"id":2373,"name":"芦原温泉","original_name":"芦原温泉","name_kana":"あわらおんせん","closed":false,"lat":36.214542,"lng":136.235069,"prefecture":18,"lines":[1009,99455,10404,99444],"attr":"eco","postal_code":"919-0600","address":"あわら市春宮１丁目","voronoi":{"type":"Feature","geometry":{"type":"Polygon","coordinates":[[[136.21738,36.233246],[136.218938,36.209903],[136.222496,36.197886],[136.251854,36.223111],[136.220606,36.248733],[136.21738,36.233246]]]},"properties":{}},"extra":false},
    {"code":1141528,"id":2374,"name":"細呂木","original_name":"細呂木","name_kana":"ほそろぎ","closed":false,"lat":36.24125,"lng":136.256968,"prefecture":18,"lines":[99455],"attr":"eco","postal_code":"919-0805","address":"あわら市滝","voronoi":{"type":"Feature","geometry":{"type":"Polygon","coordinates":[[[136.274448,36.222211],[136.287231,36.225979],[136.188977,36.359355],[136.220606,36.248733],[136.251854,36.223111],[136.256639,36.220806],[136.262116,36.22036],[136.274448,36.222211]]]},"properties":{}},"extra":false},
    {"code":1141529,"id":2375,"name":"牛ノ谷","original_name":"牛ノ谷","name_kana":"うしのや","closed":false,"lat":36.259409,"lng":136.281618,"prefecture":18,"lines":[99455],"attr":"eco","postal_code":"919-0721","address":"あわら市牛ノ谷","voronoi":{"type":"Feature","geometry":{"type":"Polygon","coordinates":[[[136.320136,36.255383],[136.321375,36.246308],[136.321861,36.240845],[136.322957,36.219408],[136.287231,36.225979],[136.188977,36.359355],[136.184498,36.370217],[136.317208,36.264487],[136.320136,36.255383]]]},"properties":{}},"extra":false},
    {"code":1141530,"id":2376,"name":"大聖寺","original_name":"大聖寺","name_kana":"だいしょうじ","closed":false,"lat":36.300311,"lng":136.314205,"prefecture":17,"lines":[99426,99455,99440],"attr":"cool","postal_code":"922-0842","address":"加賀市熊坂町","voronoi":{"type":"Feature","geometry":{"type":"Polygon","coordinates":[[[136.017411,36.71656],[136.293254,36.380051],[136.317889,36.336097],[136.323972,36.281512],[136.322324,36.27378],[136.317208,36.264487],[136.184498,36.370217],[136.156498,36.413954],[136.017411,36.71656]]]},"properties":{}},"extra":false}
  ],
  "extra":false
}