{
  "code":99452,
  "id":"29c5da",
  "name":"北陸鉄道粟津線",
  "name_kana":"ほくりくてつどうあわづせん",
  "station_size":10,
  "company_code":165,
  "closed":true,
  "station_list":[
    {"code":9944104,"id":"2e56cc","name":"宇和野","original_name":"宇和野","name_kana":"うわの","closed":true,"lat":36.300528,"lng":136.371028,"prefecture":17,"lines":[99441,99452],"postal_code":"922-0322","address":"石川県加賀市上野町タ４６−４","open_date":"1911-03-05","closed_date":"1971-07-11","voronoi":{"type":"Feature","geometry":{"type":"Polygon","coordinates":[[[136.357056,36.3068],[136.376361,36.288672],[136.377622,36.30403],[136.361295,36.311178],[136.357056,36.3068]]]},"properties":{}},"extra":true},
    {"code":9945202,"id":"af14de","name":"二ッ屋","original_name":"二ッ屋","name_kana":"ふたつや","closed":true,"lat":36.2995,"lng":136.383556,"prefecture":17,"lines":[99452],"postal_code":"922-0321","address":"石川県加賀市森町ル２","open_date":"1927-01-01","closed_date":"1962-11-23","voronoi":{"type":"Feature","geometry":{"type":"Polygon","coordinates":[[[136.384834,36.308838],[136.395516,36.272078],[136.380056,36.277228],[136.376361,36.288672],[136.377622,36.30403],[136.384834,36.308838]]]},"properties":{}},"extra":true},
    {"code":9945203,"id":"d2deb8","name":"勅使","original_name":"勅使","name_kana":"ちょくし","closed":true,"lat":36.301639,"lng":136.390917,"prefecture":17,"lines":[99452],"postal_code":"922-0313","address":"石川県加賀市勅使町ヲ９０","open_date":"1914-11-01","closed_date":"1962-11-23","voronoi":{"type":"Feature","geometry":{"type":"Polygon","coordinates":[[[136.397,36.271361],[136.414427,36.265898],[136.390121,36.313037],[136.384992,36.309088],[136.384834,36.308838],[136.395516,36.272078],[136.397,36.271361]]]},"properties":{}},"extra":true},
    {"code":9945204,"id":"3c0d78","name":"栄谷","original_name":"栄谷","name_kana":"さかえだに","closed":true,"lat":36.305778,"lng":136.398944,"prefecture":17,"lines":[99452],"postal_code":"922-0312","address":"石川県加賀市宇谷町ナ２５","open_date":"1915-06-15","closed_date":"1962-11-23","voronoi":{"type":"Feature","geometry":{"type":"Polygon","coordinates":[[[136.400592,36.323854],[136.393133,36.318442],[136.390121,36.313037],[136.414427,36.265898],[136.43993,36.254829],[136.401926,36.324792],[136.400592,36.323854]]]},"properties":{}},"extra":true},
    {"code":9945205,"id":"ae8786","name":"那谷寺","original_name":"那谷寺","name_kana":"なたでら","closed":true,"lat":36.316944,"lng":136.4195,"prefecture":17,"lines":[99452],"postal_code":"923-0336","address":"石川県小松市那谷町レ５","open_date":"1914-11-01","closed_date":"1962-11-23","voronoi":{"type":"Feature","geometry":{"type":"Polygon","coordinates":[[[136.401926,36.324792],[136.43993,36.254829],[136.467708,36.236256],[136.421308,36.331775],[136.40589,36.337378],[136.401926,36.324792]]]},"properties":{}},"extra":true},
    {"code":9945206,"id":"a47665","name":"馬場(石川)","original_name":"馬場","name_kana":"ばんば","closed":true,"lat":36.324028,"lng":136.434083,"prefecture":17,"lines":[99452],"postal_code":"923-0333","address":"石川県小松市馬場町い２２","open_date":"1915-06-15","closed_date":"1962-11-23","voronoi":{"type":"Feature","geometry":{"type":"Polygon","coordinates":[[[136.425918,36.33283],[136.421308,36.331775],[136.467708,36.236256],[136.506186,36.205413],[136.516733,36.206739],[136.435884,36.331382],[136.425918,36.33283]]]},"properties":{}},"extra":true},
    {"code":9945207,"id":"e60fec","name":"粟津温泉","original_name":"粟津温泉","name_kana":"あわづおんせん","closed":true,"lat":36.330028,"lng":136.443333,"prefecture":17,"lines":[99452],"postal_code":"923-0326","address":"石川県小松市粟津町ロ２４−１１","open_date":"1911-03-05","closed_date":"1962-11-23","voronoi":{"type":"Feature","geometry":{"type":"Polygon","coordinates":[[[136.489898,36.350411],[136.502839,36.340724],[136.533703,36.310785],[136.538977,36.283916],[136.531027,36.208319],[136.525863,36.207532],[136.516733,36.206739],[136.435884,36.331382],[136.471781,36.359899],[136.479779,36.356227],[136.485894,36.35295],[136.489898,36.350411]]]},"properties":{}},"extra":true},
    {"code":9945208,"id":"4485bb","name":"林(石川)","original_name":"林","name_kana":"はやし","closed":true,"lat":36.338944,"lng":136.43625,"prefecture":17,"lines":[99452],"postal_code":"923-0344","address":"石川県小松市林町ほ２７−１","closed_date":"1962-11-23","voronoi":{"type":"Feature","geometry":{"type":"Polygon","coordinates":[[[136.425918,36.33283],[136.444151,36.355973],[136.459622,36.365947],[136.468308,36.362119],[136.471781,36.359899],[136.435884,36.331382],[136.425918,36.33283]]]},"properties":{}},"extra":true},
    {"code":9945209,"id":"2fdbdf","name":"下粟津","original_name":"下粟津","name_kana":"しもあわづ","closed":true,"lat":36.344306,"lng":136.429444,"prefecture":17,"lines":[99452],"postal_code":"923-0304","address":"石川県小松市下粟津町ア","closed_date":"1962-11-23","voronoi":{"type":"Feature","geometry":{"type":"Polygon","coordinates":[[[136.421308,36.331775],[136.425918,36.33283],[136.444151,36.355973],[136.425401,36.349346],[136.404811,36.34053],[136.40589,36.337378],[136.421308,36.331775]]]},"properties":{}},"extra":true},
    {"code":9945210,"id":"555586","name":"新粟津","original_name":"新粟津","name_kana":"しんあわづ","closed":true,"lat":36.355807,"lng":136.425379,"prefecture":17,"lines":[99452],"postal_code":"923-0302","address":"石川県小松市符津町ウ８４−１０","open_date":"1916-02-16","closed_date":"1962-11-23","voronoi":{"type":"Feature","geometry":{"type":"Polygon","coordinates":[[[136.459622,36.365947],[136.45501,36.36983],[136.422702,36.388872],[136.425401,36.349346],[136.444151,36.355973],[136.459622,36.365947]]]},"properties":{}},"extra":true}
  ],
  "closed_date":"1962-11-23",
  "extra":true
}