{
  "code":99454,
  "id":2113,
  "name":"上田丸子電鉄西丸子線",
  "name_kana":"うえだまるこでんてつにしまるこせん",
  "station_size":13,
  "company_code":157,
  "closed":true,
  "station_list":[
    {"code":9940409,"id":7142,"name":"下之郷","original_name":"下之郷","name_kana":"しものごう","closed":false,"lat":36.363249,"lng":138.217227,"prefecture":20,"lines":[99404,99454],"attr":"eco","postal_code":"386-1211","address":"上田市大字下之郷５１７-３","voronoi":{"type":"Feature","geometry":{"type":"Polygon","coordinates":[[[138.236616,36.370895],[138.22991,36.370775],[138.21097,36.36593],[138.210977,36.363293],[138.227815,36.358161],[138.232742,36.361454],[138.240452,36.368421],[138.236616,36.370895]]]},"properties":{}},"extra":false},
    {"code":9945402,"id":21242,"name":"宮前(長野)","original_name":"宮前","name_kana":"みやまえ","closed":true,"lat":36.323277,"lng":138.269232,"prefecture":20,"lines":[99454],"postal_code":"386-0404","address":"長野県上田市上丸子１６００","open_date":"1938-02-10","closed_date":"1963-11-01","voronoi":{"type":"Feature","geometry":{"type":"Polygon","coordinates":[[[138.201892,36.179905],[138.199256,36.181362],[138.176583,36.197986],[138.177786,36.202313],[138.211532,36.269156],[138.223255,36.289794],[138.243926,36.323029],[138.260125,36.32707],[138.27052,36.326158],[138.272175,36.32418],[138.201892,36.179905]]]},"properties":{}},"extra":true},
    {"code":9945403,"id":21243,"name":"石神","original_name":"石神","name_kana":"いしがみ","closed":true,"lat":36.32922,"lng":138.269753,"prefecture":20,"lines":[99454],"postal_code":"386-0404","address":"長野県上田市上丸子１７１７","open_date":"1926-08-12","closed_date":"1963-11-01","voronoi":{"type":"Feature","geometry":{"type":"Polygon","coordinates":[[[138.272526,36.330984],[138.266585,36.331045],[138.260125,36.32707],[138.27052,36.326158],[138.273073,36.330403],[138.272526,36.330984]]]},"properties":{}},"extra":true},
    {"code":9945404,"id":21244,"name":"東塩田","original_name":"東塩田","name_kana":"ひがししおだ","closed":true,"lat":36.332804,"lng":138.26979,"prefecture":20,"lines":[99454],"postal_code":"386-0405","address":"長野県上田市中丸子１４４０−３","open_date":"1926-08-12","closed_date":"1963-11-01","voronoi":{"type":"Feature","geometry":{"type":"Polygon","coordinates":[[[138.272526,36.330984],[138.266585,36.331045],[138.270777,36.338595],[138.271009,36.338831],[138.271138,36.338691],[138.272526,36.330984]]]},"properties":{}},"extra":true},
    {"code":9945405,"id":21245,"name":"富士山(長野)","original_name":"富士山","name_kana":"ふじやま","closed":true,"lat":36.334695,"lng":138.266384,"prefecture":20,"lines":[99454],"postal_code":"386-0412","address":"長野県上田市御嶽堂５１１−４","open_date":"1926-08-12","closed_date":"1963-11-01","voronoi":{"type":"Feature","geometry":{"type":"Polygon","coordinates":[[[138.270777,36.338595],[138.244877,36.32588],[138.243926,36.323029],[138.260125,36.32707],[138.266585,36.331045],[138.270777,36.338595]]]},"properties":{}},"extra":true},
    {"code":9945406,"id":21246,"name":"馬場(長野)","original_name":"馬場","name_kana":"ばっぱ","closed":true,"lat":36.337504,"lng":138.265005,"prefecture":20,"lines":[99454],"postal_code":"386-0412","address":"長野県上田市御嶽堂５８６","open_date":"1926-08-12","closed_date":"1963-11-01","voronoi":{"type":"Feature","geometry":{"type":"Polygon","coordinates":[[[138.271009,36.338831],[138.270777,36.338595],[138.244877,36.32588],[138.245831,36.32955],[138.249212,36.332006],[138.270471,36.341963],[138.271009,36.338831]]]},"properties":{}},"extra":true},
    {"code":9945407,"id":21247,"name":"依田(長野)","original_name":"依田","name_kana":"よだ","closed":true,"lat":36.340619,"lng":138.263546,"prefecture":20,"lines":[99454],"postal_code":"386-0412","address":"長野県上田市御嶽堂１３４０","open_date":"1926-08-12","closed_date":"1963-11-01","voronoi":{"type":"Feature","geometry":{"type":"Polygon","coordinates":[[[138.249212,36.332006],[138.269869,36.350538],[138.270908,36.347684],[138.270471,36.341963],[138.249212,36.332006]]]},"properties":{}},"extra":true},
    {"code":9945408,"id":21248,"name":"御岳堂(長野)","original_name":"御岳堂","name_kana":"みたけどう","closed":true,"lat":36.345325,"lng":138.259324,"prefecture":20,"lines":[99454],"postal_code":"386-0411","address":"長野県上田市生田４２０７","open_date":"1926-08-12","closed_date":"1963-11-01","voronoi":{"type":"Feature","geometry":{"type":"Polygon","coordinates":[[[138.263567,36.363137],[138.265632,36.362264],[138.269104,36.360454],[138.269869,36.350538],[138.249212,36.332006],[138.245831,36.32955],[138.246565,36.36732],[138.247853,36.367774],[138.252015,36.367236],[138.263567,36.363137]]]},"properties":{}},"extra":true},
    {"code":9945409,"id":21249,"name":"上組","original_name":"上組","name_kana":"かみぐみ","closed":true,"lat":36.345837,"lng":138.232961,"prefecture":20,"lines":[99454],"postal_code":"386-1212","address":"長野県上田市富士山３６４１","open_date":"1926-08-12","closed_date":"1963-11-01","voronoi":{"type":"Feature","geometry":{"type":"Polygon","coordinates":[[[138.223255,36.289794],[138.243926,36.323029],[138.244877,36.32588],[138.245831,36.32955],[138.246565,36.36732],[138.241619,36.368354],[138.240452,36.368421],[138.232742,36.361454],[138.223255,36.289794]]]},"properties":{}},"extra":true},
    {"code":9945410,"id":21250,"name":"川端(長野)","original_name":"川端","name_kana":"かわばた","closed":true,"lat":36.346432,"lng":138.228467,"prefecture":20,"lines":[99454],"postal_code":"386-1212","address":"長野県上田市富士山３３２０","open_date":"1926-08-12","closed_date":"1963-11-01","voronoi":{"type":"Feature","geometry":{"type":"Polygon","coordinates":[[[138.223255,36.289794],[138.211532,36.269156],[138.225704,36.353387],[138.227707,36.358062],[138.227815,36.358161],[138.232742,36.361454],[138.223255,36.289794]]]},"properties":{}},"extra":true},
    {"code":9945411,"id":21251,"name":"寿町","original_name":"寿町","name_kana":"ことぶきちょう","closed":true,"lat":36.347719,"lng":138.220818,"prefecture":20,"lines":[99454],"postal_code":"386-1213","address":"長野県上田市古安曽１１１６","open_date":"1926-08-12","closed_date":"1963-11-01","voronoi":{"type":"Feature","geometry":{"type":"Polygon","coordinates":[[[138.188058,36.309712],[138.18737,36.3068],[138.177786,36.202313],[138.211532,36.269156],[138.225704,36.353387],[138.197063,36.332882],[138.191896,36.321944],[138.188058,36.309712]]]},"properties":{}},"extra":true},
    {"code":9945412,"id":21252,"name":"河原町(長野)","original_name":"河原町","name_kana":"かわらまち","closed":true,"lat":36.350588,"lng":138.218764,"prefecture":20,"lines":[99454],"postal_code":"386-1213","address":"長野県上田市古安曽２０８６−２","open_date":"1926-08-12","closed_date":"1963-11-01","voronoi":{"type":"Feature","geometry":{"type":"Polygon","coordinates":[[[138.207814,36.352528],[138.227707,36.358062],[138.225704,36.353387],[138.197063,36.332882],[138.197226,36.333291],[138.205897,36.350397],[138.207814,36.352528]]]},"properties":{}},"extra":true},
    {"code":9945413,"id":21253,"name":"西丸子","original_name":"西丸子","name_kana":"にしまるこ","closed":true,"lat":36.359844,"lng":138.216189,"prefecture":20,"lines":[99454],"postal_code":"386-1211","address":"長野県上田市下之郷５６４","open_date":"1926-08-12","closed_date":"1963-11-01","voronoi":{"type":"Feature","geometry":{"type":"Polygon","coordinates":[[[138.210977,36.363293],[138.207814,36.352528],[138.227707,36.358062],[138.227815,36.358161],[138.210977,36.363293]]]},"properties":{}},"extra":true}
  ],
  "closed_date":"1963-11-01",
  "extra":true
}