{
  "code":99506,
  "id":"5e10ba",
  "name":"遠州鉄道",
  "name_kana":"えんしゅうてつどう",
  "name_formal":"遠州鉄道鉄道線",
  "station_size":18,
  "company_code":173,
  "closed":false,
  "station_list":[
    {"code":9950601,"id":"d3314a","name":"新浜松","original_name":"新浜松","name_kana":"しんはままつ","closed":false,"lat":34.703402,"lng":137.732456,"prefecture":22,"numbering":["01"],"lines":[99506],"attr":"heat","postal_code":"430-0933","address":"浜松市中区鍛冶町４","voronoi":{"type":"Feature","geometry":{"type":"Polygon","coordinates":[[[137.733255,34.705382],[137.704023,34.708172],[137.817374,34.261365],[137.815309,34.298121],[137.733255,34.705382]]]},"properties":{}},"extra":false},
    {"code":9950602,"id":"60125c","name":"第一通り","original_name":"第一通り","name_kana":"だいいちどおり","closed":false,"lat":34.707477,"lng":137.732845,"prefecture":22,"numbering":["02"],"lines":[99506],"attr":"heat","postal_code":"430-0944","address":"浜松市中区田町２３０-２８","voronoi":{"type":"Feature","geometry":{"type":"Polygon","coordinates":[[[137.70237,34.713168],[137.704023,34.708172],[137.733255,34.705382],[137.738768,34.708304],[137.70237,34.713168]]]},"properties":{}},"extra":false},
    {"code":9950603,"id":"57c80b","name":"遠州病院","original_name":"遠州病院","name_kana":"えんしゅうびょういん","closed":false,"lat":34.710657,"lng":137.73327,"prefecture":22,"numbering":["03"],"lines":[99506],"attr":"heat","postal_code":"430-0916","address":"浜松市中区早馬町２-２１","voronoi":{"type":"Feature","geometry":{"type":"Polygon","coordinates":[[[137.70237,34.713168],[137.695638,34.73046],[137.744597,34.709582],[137.738768,34.708304],[137.70237,34.713168]]]},"properties":{}},"extra":false},
    {"code":9950604,"id":"c14825","name":"八幡(静岡)","original_name":"八幡","name_kana":"はちまん","closed":false,"lat":34.717012,"lng":137.73598,"prefecture":22,"numbering":["04"],"lines":[99506],"attr":"heat","postal_code":"430-0918","address":"浜松市中区八幡町１３９-４","voronoi":{"type":"Feature","geometry":{"type":"Polygon","coordinates":[[[137.757604,34.713685],[137.692792,34.736313],[137.695638,34.73046],[137.744597,34.709582],[137.757601,34.708374],[137.757604,34.713685]]]},"properties":{}},"extra":false},
    {"code":9950605,"id":"135637","name":"助信","original_name":"助信","name_kana":"すけのぶ","closed":false,"lat":34.724539,"lng":137.738608,"prefecture":22,"numbering":["05"],"lines":[99506],"attr":"heat","postal_code":"430-0911","address":"浜松市中区新津町２８-４","voronoi":{"type":"Feature","geometry":{"type":"Polygon","coordinates":[[[137.687782,34.74473],[137.692792,34.736313],[137.757604,34.713685],[137.759335,34.723005],[137.687782,34.74473]]]},"properties":{}},"extra":false},
    {"code":9950606,"id":"9c1af4","name":"曳馬","original_name":"曳馬","name_kana":"ひくま","closed":false,"lat":34.733254,"lng":137.741254,"prefecture":22,"numbering":["06"],"lines":[99506],"attr":"heat","postal_code":"430-0901","address":"浜松市中区曳馬４-２０-３","open_date":"1909-12-06","voronoi":{"type":"Feature","geometry":{"type":"Polygon","coordinates":[[[137.759335,34.723005],[137.687782,34.74473],[137.682244,34.752481],[137.68994,34.759839],[137.692489,34.761671],[137.761721,34.728579],[137.759335,34.723005]]]},"properties":{}},"extra":false},
    {"code":9950607,"id":"45849f","name":"上島","original_name":"上島","name_kana":"かみじま","closed":false,"lat":34.74157,"lng":137.745229,"prefecture":22,"numbering":["07"],"lines":[99506],"attr":"heat","postal_code":"433-8122","address":"浜松市中区上島３-４０-１","open_date":"1909-12-06","voronoi":{"type":"Feature","geometry":{"type":"Polygon","coordinates":[[[137.725578,34.76922],[137.762365,34.729469],[137.761721,34.728579],[137.692489,34.761671],[137.700394,34.768395],[137.716837,34.775953],[137.725578,34.76922]]]},"properties":{}},"extra":false},
    {"code":9950608,"id":"c8b8bd","name":"自動車学校前","original_name":"自動車学校前","name_kana":"じどうしゃがっこうまえ","closed":false,"lat":34.747489,"lng":137.751625,"prefecture":22,"numbering":["08"],"lines":[99506],"attr":"heat","postal_code":"431-3122","address":"浜松市東区有玉南町１７３９","voronoi":{"type":"Feature","geometry":{"type":"Polygon","coordinates":[[[137.725578,34.76922],[137.762365,34.729469],[137.774675,34.740613],[137.725578,34.76922]]]},"properties":{}},"extra":false},
    {"code":9950609,"id":"203326","name":"さぎの宮","original_name":"さぎの宮","name_kana":"さぎのみや","closed":false,"lat":34.757275,"lng":137.757327,"prefecture":22,"numbering":["09"],"lines":[99506],"attr":"heat","postal_code":"431-3113","address":"浜松市東区大瀬町４１７-２","voronoi":{"type":"Feature","geometry":{"type":"Polygon","coordinates":[[[137.716837,34.775953],[137.725578,34.76922],[137.774675,34.740613],[137.78734,34.747499],[137.72527,34.782431],[137.716837,34.775953]]]},"properties":{}},"extra":false},
    {"code":9950610,"id":"4b70fa","name":"積志","original_name":"積志","name_kana":"せきし","closed":false,"lat":34.768082,"lng":137.763409,"prefecture":22,"numbering":["10"],"lines":[99506],"attr":"cool","postal_code":"431-3114","address":"浜松市東区積志町８１４","voronoi":{"type":"Feature","geometry":{"type":"Polygon","coordinates":[[[137.744306,34.799639],[137.750961,34.793706],[137.789003,34.748014],[137.78734,34.747499],[137.72527,34.782431],[137.738941,34.796727],[137.740277,34.79773],[137.744306,34.799639]]]},"properties":{}},"extra":false},
    {"code":9950611,"id":"a5b2ae","name":"遠州西ヶ崎","original_name":"遠州西ヶ崎","name_kana":"えんしゅうにしがさき","closed":false,"lat":34.776821,"lng":137.773905,"prefecture":22,"numbering":["11"],"lines":[99506],"attr":"cool","postal_code":"431-3115","address":"浜松市東区西ヶ崎町686-1","voronoi":{"type":"Feature","geometry":{"type":"Polygon","coordinates":[[[137.815696,34.757801],[137.803843,34.749335],[137.789003,34.748014],[137.750961,34.793706],[137.806789,34.764205],[137.815696,34.757801]]]},"properties":{}},"extra":false},
    {"code":9950612,"id":"559de2","name":"遠州小松","original_name":"遠州小松","name_kana":"えんしゅうこまつ","closed":false,"lat":34.784264,"lng":137.777838,"prefecture":22,"numbering":["12"],"lines":[99506],"attr":"cool","postal_code":"434-0042","address":"浜松市浜北区小松４５００-１","voronoi":{"type":"Feature","geometry":{"type":"Polygon","coordinates":[[[137.761264,34.806034],[137.750223,34.80505],[137.744306,34.799639],[137.750961,34.793706],[137.806789,34.764205],[137.761264,34.806034]]]},"properties":{}},"extra":false},
    {"code":9950613,"id":"569c5a","name":"浜北","original_name":"浜北","name_kana":"はまきた","closed":false,"lat":34.791358,"lng":137.784356,"prefecture":22,"numbering":["13"],"lines":[99506],"attr":"cool","postal_code":"434-0037","address":"浜松市浜北区沼５４-１","voronoi":{"type":"Feature","geometry":{"type":"Polygon","coordinates":[[[137.769849,34.808371],[137.761264,34.806034],[137.806789,34.764205],[137.815696,34.757801],[137.82728,34.76303],[137.769849,34.808371]]]},"properties":{}},"extra":false},
    {"code":9950614,"id":"958305","name":"美薗中央公園","original_name":"美薗中央公園","name_kana":"みそのちゅうおうこうえん","closed":false,"lat":34.798208,"lng":137.789764,"prefecture":22,"numbering":["14"],"lines":[99506],"attr":"cool","postal_code":"434-0038","address":"浜松市浜北区貴布祢４８７-３","voronoi":{"type":"Feature","geometry":{"type":"Polygon","coordinates":[[[137.769849,34.808371],[137.82728,34.76303],[137.839635,34.767387],[137.842997,34.769771],[137.840646,34.776031],[137.777232,34.812049],[137.769849,34.808371]]]},"properties":{}},"extra":false},
    {"code":9950615,"id":"8a83fd","name":"遠州小林","original_name":"遠州小林","name_kana":"えんしゅうこばやし","closed":false,"lat":34.808374,"lng":137.795538,"prefecture":22,"numbering":["15"],"lines":[99506],"attr":"cool","postal_code":"434-0014","address":"浜松市浜北区本沢合８７１-７","voronoi":{"type":"Feature","geometry":{"type":"Polygon","coordinates":[[[137.825783,34.810219],[137.835765,34.794855],[137.840646,34.776031],[137.777232,34.812049],[137.783882,34.818636],[137.825783,34.810219]]]},"properties":{}},"extra":false},
    {"code":9950616,"id":"00f9ea","name":"遠州芝本","original_name":"遠州芝本","name_kana":"えんしゅうしばもと","closed":false,"lat":34.823601,"lng":137.798597,"prefecture":22,"numbering":["16"],"lines":[99506],"attr":"eco","postal_code":"434-0015","address":"浜松市浜北区於呂３０６１-２","voronoi":{"type":"Feature","geometry":{"type":"Polygon","coordinates":[[[137.825783,34.810219],[137.783882,34.818636],[137.786046,34.826562],[137.794582,34.83023],[137.821278,34.82395],[137.825783,34.810219]]]},"properties":{}},"extra":false},
    {"code":9950617,"id":"c47a0c","name":"遠州岩水寺","original_name":"遠州岩水寺","name_kana":"えんしゅうがんすいじ","closed":false,"lat":34.834373,"lng":137.801131,"prefecture":22,"numbering":["17"],"lines":[99506],"attr":"eco","postal_code":"434-0015","address":"浜松市浜北区於呂２８１９-３","voronoi":{"type":"Feature","geometry":{"type":"Polygon","coordinates":[[[137.794582,34.83023],[137.799644,34.843287],[137.819482,34.832304],[137.820911,34.829139],[137.821278,34.82395],[137.794582,34.83023]]]},"properties":{}},"extra":false},
    {"code":9950518,"id":"79a480","name":"西鹿島","original_name":"西鹿島","name_kana":"にしかじま","closed":false,"lat":34.846758,"lng":137.807988,"prefecture":22,"numbering":["18"],"lines":[99505,99506,10505],"attr":"eco","postal_code":"431-3312","address":"浜松市天竜区二俣町南鹿島","voronoi":{"type":"Feature","geometry":{"type":"Polygon","coordinates":[[[137.799644,34.843287],[137.78888,34.861659],[137.81607,34.850935],[137.818993,34.848084],[137.819482,34.832304],[137.799644,34.843287]]]},"properties":{}},"extra":false}
  ],
  "extra":false
}