{
  "code":99504,
  "id":"687bce",
  "name":"静岡鉄道静岡清水線",
  "name_kana":"しずおかてつどうしずおかしみずせん",
  "station_size":15,
  "company_code":171,
  "closed":false,
  "symbol":"S",
  "station_list":[
    {"code":9950401,"id":"dc079b","name":"新静岡","original_name":"新静岡","name_kana":"しんしずおか","closed":false,"lat":34.975823,"lng":138.387423,"prefecture":22,"numbering":["S01"],"lines":[99504],"attr":"eco","postal_code":"420-0839","address":"静岡市葵区鷹匠１-１-１","voronoi":{"type":"Feature","geometry":{"type":"Polygon","coordinates":[[[138.331964,35.113517],[138.366218,35.047675],[138.389965,34.974267],[138.363102,34.966863],[138.259241,35.036559],[138.268533,35.054228],[138.287508,35.075664],[138.305259,35.094731],[138.331964,35.113517]]]},"properties":{}},"extra":false},
    {"code":9950402,"id":"96ecb6","name":"日吉町","original_name":"日吉町","name_kana":"ひよしちょう","closed":false,"lat":34.977017,"lng":138.391114,"prefecture":22,"numbering":["S02"],"lines":[99504],"attr":"eco","postal_code":"420-0839","address":"静岡市葵区鷹匠２","voronoi":{"type":"Feature","geometry":{"type":"Polygon","coordinates":[[[138.366218,35.047675],[138.380415,35.022031],[138.395174,34.971816],[138.389965,34.974267],[138.366218,35.047675]]]},"properties":{}},"extra":false},
    {"code":9950403,"id":"1a34f7","name":"音羽町","original_name":"音羽町","name_kana":"おとわちょう","closed":false,"lat":34.978387,"lng":138.395775,"prefecture":22,"numbering":["S03"],"lines":[99504],"attr":"eco","postal_code":"420-0834","address":"静岡市葵区音羽町","voronoi":{"type":"Feature","geometry":{"type":"Polygon","coordinates":[[[138.395174,34.971816],[138.380415,35.022031],[138.394189,34.999969],[138.39816,34.988289],[138.39816,34.968638],[138.395174,34.971816]]]},"properties":{}},"extra":false},
    {"code":9950404,"id":"2632b4","name":"春日町","original_name":"春日町","name_kana":"かすがちょう","closed":false,"lat":34.978387,"lng":138.400544,"prefecture":22,"numbering":["S04"],"lines":[99504],"attr":"eco","postal_code":"420-0823","address":"静岡市葵区春日２","voronoi":{"type":"Feature","geometry":{"type":"Polygon","coordinates":[[[138.435862,34.928679],[138.39816,34.988289],[138.39816,34.968638],[138.427919,34.915949],[138.452576,34.898084],[138.435862,34.928679]]]},"properties":{}},"extra":false},
    {"code":9950405,"id":"1ee2ad","name":"柚木(静岡鉄道)","original_name":"柚木","name_kana":"ゆのき","closed":false,"lat":34.981891,"lng":138.406084,"prefecture":22,"numbering":["S05"],"lines":[99504],"attr":"eco","postal_code":"420-0822","address":"静岡市葵区宮前町","voronoi":{"type":"Feature","geometry":{"type":"Polygon","coordinates":[[[138.40803,34.986857],[138.394189,34.999969],[138.39816,34.988289],[138.435862,34.928679],[138.40803,34.986857]]]},"properties":{}},"extra":false},
    {"code":9950406,"id":"5cee3e","name":"長沼(静岡)","original_name":"長沼","name_kana":"ながぬま","closed":false,"lat":34.989069,"lng":138.412884,"prefecture":22,"numbering":["S06"],"lines":[99504],"attr":"eco","postal_code":"420-0813","address":"静岡市葵区長沼１","voronoi":{"type":"Feature","geometry":{"type":"Polygon","coordinates":[[[138.4182,34.987482],[138.34205,35.122183],[138.331964,35.113517],[138.366218,35.047675],[138.380415,35.022031],[138.394189,34.999969],[138.40803,34.986857],[138.4182,34.987482]]]},"properties":{}},"extra":false},
    {"code":9950407,"id":"88e6dd","name":"古庄","original_name":"古庄","name_kana":"ふるしょう","closed":false,"lat":34.992855,"lng":138.419581,"prefecture":22,"numbering":["S07"],"lines":[99504],"attr":"eco","postal_code":"420-0812","address":"静岡市葵区古庄","voronoi":{"type":"Feature","geometry":{"type":"Polygon","coordinates":[[[138.425429,34.981334],[138.4182,34.987482],[138.34205,35.122183],[138.36583,35.143696],[138.423841,35.01348],[138.425429,34.981334]]]},"properties":{}},"extra":false},
    {"code":9950408,"id":"94a2d7","name":"県総合運動場","original_name":"県総合運動場","name_kana":"けんそうごううんどうじょう","closed":false,"lat":34.993375,"lng":138.430113,"prefecture":22,"numbering":["S08"],"lines":[99504],"attr":"eco","postal_code":"422-8008","address":"静岡市駿河区栗原","voronoi":{"type":"Feature","geometry":{"type":"Polygon","coordinates":[[[138.466056,34.933564],[138.426516,35.01012],[138.423841,35.01348],[138.425429,34.981334],[138.463799,34.901015],[138.466056,34.933564]]]},"properties":{}},"extra":false},
    {"code":9950409,"id":"4f05f4","name":"県立美術館前","original_name":"県立美術館前","name_kana":"けんりつびじゅつかんまえ","closed":false,"lat":34.997494,"lng":138.438088,"prefecture":22,"numbering":["S09"],"lines":[99504],"attr":"cool","postal_code":"424-0888","address":"静岡市清水区中之郷２","voronoi":{"type":"Feature","geometry":{"type":"Polygon","coordinates":[[[138.466056,34.933564],[138.426516,35.01012],[138.455107,34.989119],[138.4682,34.971035],[138.468861,34.954441],[138.466056,34.933564]]]},"properties":{}},"extra":false},
    {"code":1150116,"id":"1d3f30","name":"草薙","original_name":"草薙","name_kana":"くさなぎ","closed":false,"lat":35.002854,"lng":138.442025,"prefecture":22,"numbering":["S10"],"lines":[11501,99504],"attr":"cool","postal_code":"424-0886","address":"静岡市清水区草薙","voronoi":{"type":"Feature","geometry":{"type":"Polygon","coordinates":[[[138.423841,35.01348],[138.36583,35.143696],[138.367112,35.145049],[138.381053,35.142258],[138.455107,34.989119],[138.426516,35.01012],[138.423841,35.01348]]]},"properties":{}},"extra":false},
    {"code":9950411,"id":"0368dc","name":"御門台","original_name":"御門台","name_kana":"みかどだい","closed":false,"lat":35.007902,"lng":138.452464,"prefecture":22,"numbering":["S11"],"lines":[99504],"attr":"cool","postal_code":"424-0066","address":"静岡市清水区七ツ新屋","voronoi":{"type":"Feature","geometry":{"type":"Polygon","coordinates":[[[138.391594,35.140563],[138.381053,35.142258],[138.455107,34.989119],[138.4682,34.971035],[138.470102,34.981291],[138.391594,35.140563]]]},"properties":{}},"extra":false},
    {"code":9950412,"id":"bd7a97","name":"狐ヶ崎","original_name":"狐ヶ崎","name_kana":"きつねがさき","closed":false,"lat":35.011488,"lng":138.459739,"prefecture":22,"numbering":["S12"],"lines":[99504],"attr":"cool","postal_code":"424-0871","address":"静岡市清水区上原","voronoi":{"type":"Feature","geometry":{"type":"Polygon","coordinates":[[[138.470102,34.981291],[138.391594,35.140563],[138.421711,35.136574],[138.433631,35.118536],[138.466404,35.037108],[138.471169,34.984613],[138.470102,34.981291]]]},"properties":{}},"extra":false},
    {"code":9950413,"id":"5da020","name":"桜橋(静岡)","original_name":"桜橋","name_kana":"さくらばし","closed":false,"lat":35.013107,"lng":138.477573,"prefecture":22,"numbering":["S13"],"lines":[99504],"attr":"heat","postal_code":"424-0842","address":"静岡市清水区春日１","voronoi":{"type":"Feature","geometry":{"type":"Polygon","coordinates":[[[138.471169,34.984613],[138.466404,35.037108],[138.470439,35.032578],[138.483977,35.004568],[138.482832,35.000867],[138.471169,34.984613]]]},"properties":{}},"extra":false},
    {"code":9950414,"id":"a56db4","name":"入江岡","original_name":"入江岡","name_kana":"いりえおか","closed":false,"lat":35.014891,"lng":138.481264,"prefecture":22,"numbering":["S14"],"lines":[99504],"attr":"heat","postal_code":"424-0834","address":"静岡市清水区浜田町","voronoi":{"type":"Feature","geometry":{"type":"Polygon","coordinates":[[[138.470439,35.032578],[138.483977,35.004568],[138.486631,35.009506],[138.482508,35.021466],[138.470439,35.032578]]]},"properties":{}},"extra":false},
    {"code":9950415,"id":"573d06","name":"新清水","original_name":"新清水","name_kana":"しんしみず","closed":false,"lat":35.017054,"lng":138.487539,"prefecture":22,"numbering":["S15"],"lines":[99504],"attr":"heat","postal_code":"424-0821","address":"静岡市清水区相生町２-２８","voronoi":{"type":"Feature","geometry":{"type":"Polygon","coordinates":[[[138.486631,35.009506],[138.482508,35.021466],[138.498204,35.01787],[138.486631,35.009506]]]},"properties":{}},"extra":false}
  ],
  "extra":false
}