{
  "code":99509,
  "id":451,
  "name":"西名古屋港線(あおなみ線)",
  "name_kana":"にしなごやこうせん",
  "name_formal":"西名古屋港線",
  "station_size":11,
  "company_code":175,
  "closed":false,
  "symbol":"AN",
  "station_list":[
    {"code":100213,"id":2203,"name":"名古屋","original_name":"名古屋","name_kana":"なごや","closed":false,"lat":35.170694,"lng":136.881637,"prefecture":23,"numbering":["AN01"],"lines":[1002,11411,11502,11508,99509,99513,99517],"attr":"eco","postal_code":"450-0002","address":"名古屋市中村区名駅１丁目４番","voronoi":{"type":"Feature","geometry":{"type":"Polygon","coordinates":[[[136.885066,35.173783],[136.884327,35.177775],[136.876328,35.172061],[136.878345,35.166492],[136.879908,35.166183],[136.880203,35.166189],[136.883645,35.171269],[136.885066,35.173783]]]},"properties":{}},"extra":false},
    {"code":9950902,"id":7556,"name":"ささしまライブ","original_name":"ささしまライブ","name_kana":"ささしまらいぶ","closed":false,"lat":35.161745,"lng":136.881815,"prefecture":23,"numbering":["AN02"],"lines":[99509],"attr":"cool","postal_code":"453-0872","address":"名古屋市中村区平池町４丁目５１番１","voronoi":{"type":"Feature","geometry":{"type":"Polygon","coordinates":[[[136.88481,35.164927],[136.890112,35.163252],[136.889936,35.160424],[136.882092,35.154888],[136.879908,35.166183],[136.880203,35.166189],[136.88481,35.164927]]]},"properties":{}},"extra":false},
    {"code":9950903,"id":7557,"name":"小本","original_name":"小本","name_kana":"こもと","closed":false,"lat":35.14921,"lng":136.861331,"prefecture":23,"numbering":["AN03"],"lines":[99509],"attr":"cool","postal_code":"454-0828","address":"名古屋市中川区小本１丁目１９番１６号","voronoi":{"type":"Feature","geometry":{"type":"Polygon","coordinates":[[[136.871473,35.144974],[136.857623,35.144456],[136.858149,35.154045],[136.858219,35.154097],[136.871473,35.144974]]]},"properties":{}},"extra":false},
    {"code":9950904,"id":7558,"name":"荒子","original_name":"荒子","name_kana":"あらこ","closed":false,"lat":35.139992,"lng":136.861676,"prefecture":23,"numbering":["AN04"],"lines":[99509],"attr":"cool","postal_code":"454-0874","address":"名古屋市中川区吉良町１３８番２","voronoi":{"type":"Feature","geometry":{"type":"Polygon","coordinates":[[[136.857116,35.144074],[136.857953,35.135806],[136.87731,35.136028],[136.877336,35.136074],[136.877719,35.137729],[136.876631,35.142298],[136.871928,35.144896],[136.871473,35.144974],[136.857623,35.144456],[136.857116,35.144074]]]},"properties":{}},"extra":false},
    {"code":9950905,"id":7559,"name":"南荒子","original_name":"南荒子","name_kana":"みなみあらこ","closed":false,"lat":35.131707,"lng":136.861771,"prefecture":23,"numbering":["AN05"],"lines":[99509],"attr":"cool","postal_code":"454-0876","address":"名古屋市中川区若山町２丁目５９番２","voronoi":{"type":"Feature","geometry":{"type":"Polygon","coordinates":[[[136.87731,35.136028],[136.875081,35.12755],[136.85189,35.129052],[136.857953,35.135806],[136.87731,35.136028]]]},"properties":{}},"extra":false},
    {"code":9950906,"id":7560,"name":"中島(愛知)","original_name":"中島","name_kana":"なかじま","closed":false,"lat":35.125144,"lng":136.861346,"prefecture":23,"numbering":["AN06"],"lines":[99509],"attr":"cool","postal_code":"454-0865","address":"名古屋市中川区掛入町３丁目２４番","voronoi":{"type":"Feature","geometry":{"type":"Polygon","coordinates":[[[136.874967,35.121533],[136.837383,35.116601],[136.839962,35.122346],[136.85189,35.129052],[136.875081,35.12755],[136.874967,35.121533]]]},"properties":{}},"extra":false},
    {"code":9950907,"id":7561,"name":"港北","original_name":"港北","name_kana":"こうほく","closed":false,"lat":35.114529,"lng":136.862739,"prefecture":23,"numbering":["AN07"],"lines":[99509],"attr":"heat","postal_code":"455-0074","address":"名古屋市港区正保町５丁目３番１","voronoi":{"type":"Feature","geometry":{"type":"Polygon","coordinates":[[[136.874967,35.121533],[136.875344,35.120562],[136.875018,35.11354],[136.872716,35.107828],[136.835325,35.113801],[136.837383,35.116601],[136.874967,35.121533]]]},"properties":{}},"extra":false},
    {"code":9950908,"id":7562,"name":"荒子川公園","original_name":"荒子川公園","name_kana":"あらこがわこうえん","closed":false,"lat":35.104569,"lng":136.861148,"prefecture":23,"numbering":["AN08"],"lines":[99509],"attr":"heat","postal_code":"455-0066","address":"名古屋市港区寛政町５丁目３９番１","voronoi":{"type":"Feature","geometry":{"type":"Polygon","coordinates":[[[136.828453,35.107373],[136.823555,35.098064],[136.838995,35.094371],[136.871563,35.09946],[136.87286,35.104931],[136.872716,35.107828],[136.835325,35.113801],[136.828453,35.107373]]]},"properties":{}},"extra":false},
    {"code":9950909,"id":7563,"name":"稲永","original_name":"稲永","name_kana":"いなえい","closed":false,"lat":35.091418,"lng":136.863203,"prefecture":23,"numbering":["AN09"],"lines":[99509],"attr":"heat","postal_code":"455-0842","address":"名古屋市港区稲永一丁目１番４９号","voronoi":{"type":"Feature","geometry":{"type":"Polygon","coordinates":[[[136.871914,35.098576],[136.874568,35.074418],[136.838995,35.094371],[136.871563,35.09946],[136.871914,35.098576]]]},"properties":{}},"extra":false},
    {"code":9950910,"id":7564,"name":"野跡","original_name":"野跡","name_kana":"のせき","closed":false,"lat":35.075253,"lng":136.854136,"prefecture":23,"numbering":["AN10"],"lines":[99509],"attr":"eco","postal_code":"455-0845","address":"名古屋市港区野跡二丁目４番３２号","voronoi":{"type":"Feature","geometry":{"type":"Polygon","coordinates":[[[136.88113,35.062892],[136.877254,35.057041],[136.796975,35.072586],[136.810572,35.087559],[136.823555,35.098064],[136.838995,35.094371],[136.874568,35.074418],[136.881193,35.064301],[136.88113,35.062892]]]},"properties":{}},"extra":false},
    {"code":9950911,"id":7565,"name":"金城ふ頭","original_name":"金城ふ頭","name_kana":"きんじょうふとう","closed":false,"lat":35.048775,"lng":136.849009,"prefecture":23,"numbering":["AN11"],"lines":[99509],"attr":"eco","postal_code":"455-0848","address":"名古屋市港区金城ふ頭三丁目２番","voronoi":{"type":"Feature","geometry":{"type":"Polygon","coordinates":[[[136.837189,35.016324],[136.819474,35.014098],[136.792153,35.014564],[136.762729,35.020255],[136.764168,35.034289],[136.777679,35.05269],[136.795294,35.071447],[136.796975,35.072586],[136.877254,35.057041],[136.876528,35.050416],[136.873267,35.038322],[136.867631,35.029737],[136.86187,35.024274],[136.856661,35.021434],[136.837189,35.016324]]]},"properties":{}},"extra":false}
  ],
  "extra":false
}