{
  "code":99513,
  "id":"8785c7",
  "name":"名古屋市営地下鉄東山線",
  "name_kana":"なごやしえいちかてつひがしやません",
  "station_size":22,
  "company_code":179,
  "closed":false,
  "color":"#FFB700",
  "symbol":"H",
  "station_list":[
    {"code":9951301,"id":"5c9e3a","name":"高畑","original_name":"高畑","name_kana":"たかばた","closed":false,"lat":35.139161,"lng":136.853466,"prefecture":23,"numbering":["H01"],"lines":[99513],"attr":"eco","postal_code":"454-0911","address":"名古屋市中川区高畑２-１５１","voronoi":{"type":"Feature","geometry":{"type":"Polygon","coordinates":[[[136.85189,35.129052],[136.839962,35.122346],[136.840769,35.142578],[136.854748,35.144299],[136.857116,35.144074],[136.857953,35.135806],[136.85189,35.129052]]]},"properties":{}},"extra":false},
    {"code":1150802,"id":"efce45","name":"八田","original_name":"八田","name_kana":"はった","closed":false,"lat":35.148973,"lng":136.852258,"prefecture":23,"numbering":["H02"],"lines":[11508,99513],"attr":"heat","postal_code":"454-0877","address":"名古屋市中川区八田町字下長田","voronoi":{"type":"Feature","geometry":{"type":"Polygon","coordinates":[[[136.835289,35.157802],[136.852038,35.154009],[136.854748,35.144299],[136.840769,35.142578],[136.835289,35.157802]]]},"properties":{}},"extra":false},
    {"code":9951303,"id":"61bc90","name":"岩塚","original_name":"岩塚","name_kana":"いわつか","closed":false,"lat":35.158459,"lng":136.854406,"prefecture":23,"numbering":["H03"],"lines":[99513],"attr":"eco","postal_code":"453-0862","address":"名古屋市中村区岩塚町字向田３７-１","voronoi":{"type":"Feature","geometry":{"type":"Polygon","coordinates":[[[136.830455,35.164828],[136.835289,35.157802],[136.852038,35.154009],[136.858149,35.154045],[136.858219,35.154097],[136.863146,35.162561],[136.830455,35.164828]]]},"properties":{}},"extra":false},
    {"code":9951304,"id":"f5c607","name":"中村公園","original_name":"中村公園","name_kana":"なかむらこうえん","closed":false,"lat":35.16783,"lng":136.855056,"prefecture":23,"numbering":["H04"],"lines":[99513],"attr":"eco","postal_code":"453-0834","address":"名古屋市中村区豊国通１-３","voronoi":{"type":"Feature","geometry":{"type":"Polygon","coordinates":[[[136.850657,35.18145],[136.84037,35.180318],[136.838182,35.179692],[136.827143,35.168088],[136.830455,35.164828],[136.863146,35.162561],[136.863337,35.162674],[136.863404,35.162764],[136.850657,35.18145]]]},"properties":{}},"extra":false},
    {"code":9951305,"id":"19e63b","name":"中村日赤","original_name":"中村日赤","name_kana":"なかむらにっせき","closed":false,"lat":35.172385,"lng":136.861733,"prefecture":23,"numbering":["H05"],"lines":[99513],"attr":"eco","postal_code":"453-0046","address":"名古屋市中村区道下町３-３５","voronoi":{"type":"Feature","geometry":{"type":"Polygon","coordinates":[[[136.854078,35.18288],[136.850657,35.18145],[136.863404,35.162764],[136.864695,35.163472],[136.867833,35.17096],[136.856407,35.183105],[136.854078,35.18288]]]},"properties":{}},"extra":false},
    {"code":9951306,"id":"afa72f","name":"本陣","original_name":"本陣","name_kana":"ほんじん","closed":false,"lat":35.177135,"lng":136.866782,"prefecture":23,"numbering":["H06"],"lines":[99513],"attr":"eco","postal_code":"453-0044","address":"名古屋市中村区鳥居通２-３６","voronoi":{"type":"Feature","geometry":{"type":"Polygon","coordinates":[[[136.867833,35.17096],[136.856407,35.183105],[136.861701,35.185281],[136.866037,35.184123],[136.871716,35.178689],[136.871912,35.173677],[136.867833,35.17096]]]},"properties":{}},"extra":false},
    {"code":9951307,"id":"516849","name":"亀島","original_name":"亀島","name_kana":"かめじま","closed":false,"lat":35.177526,"lng":136.876756,"prefecture":23,"numbering":["H07"],"lines":[99513],"attr":"eco","postal_code":"453-0013","address":"名古屋市中村区亀島１-２-２","voronoi":{"type":"Feature","geometry":{"type":"Polygon","coordinates":[[[136.8846,35.178415],[136.884327,35.177775],[136.876328,35.172061],[136.871912,35.173677],[136.871716,35.178689],[136.881685,35.184685],[136.8846,35.178415]]]},"properties":{}},"extra":false},
    {"code":100213,"id":"91ffc2","name":"名古屋","original_name":"名古屋","name_kana":"なごや","closed":false,"lat":35.170694,"lng":136.881637,"prefecture":23,"numbering":["H08"],"lines":[1002,11411,11502,11508,99509,99513,99517],"attr":"eco","postal_code":"450-0002","address":"名古屋市中村区名駅１丁目４番","voronoi":{"type":"Feature","geometry":{"type":"Polygon","coordinates":[[[136.885066,35.173783],[136.884327,35.177775],[136.876328,35.172061],[136.878345,35.166492],[136.879908,35.166183],[136.880203,35.166189],[136.883645,35.171269],[136.885066,35.173783]]]},"properties":{}},"extra":false},
    {"code":9951309,"id":"48857f","name":"伏見(愛知)","original_name":"伏見","name_kana":"ふしみ","closed":false,"lat":35.169273,"lng":136.897427,"prefecture":23,"numbering":["H09"],"lines":[99513,99516],"attr":"eco","postal_code":"460-0003","address":"名古屋市中区錦２-１６-２４","voronoi":{"type":"Feature","geometry":{"type":"Polygon","coordinates":[[[136.90257,35.171987],[136.902972,35.166032],[136.902682,35.165419],[136.89118,35.164435],[136.893485,35.170938],[136.90257,35.171987]]]},"properties":{}},"extra":false},
    {"code":9951310,"id":"38c388","name":"栄(愛知)","original_name":"栄","name_kana":"さかえ","closed":false,"lat":35.16999,"lng":136.908031,"prefecture":23,"numbering":["H10"],"lines":[99513,99514],"attr":"eco","postal_code":"460-0008","address":"名古屋市中区栄３-５-１２","voronoi":{"type":"Feature","geometry":{"type":"Polygon","coordinates":[[[136.910416,35.167182],[136.902972,35.166032],[136.90257,35.171987],[136.902595,35.172068],[136.907487,35.171907],[136.910416,35.167182]]]},"properties":{}},"extra":false},
    {"code":9951311,"id":"245e63","name":"新栄町(愛知)","original_name":"新栄町","name_kana":"しんさかえまち","closed":false,"lat":35.170729,"lng":136.920377,"prefecture":23,"numbering":["H11"],"lines":[99513],"attr":"eco","postal_code":"461-0004","address":"名古屋市東区葵１-１９-２３","voronoi":{"type":"Feature","geometry":{"type":"Polygon","coordinates":[[[136.925077,35.162305],[136.916647,35.164037],[136.914718,35.1672],[136.914711,35.167714],[136.922816,35.179193],[136.925513,35.170295],[136.925077,35.162305]]]},"properties":{}},"extra":false},
    {"code":1141104,"id":"1be191","name":"千種","original_name":"千種","name_kana":"ちくさ","closed":false,"lat":35.170168,"lng":136.930665,"prefecture":23,"numbering":["H12"],"lines":[11411,99513],"attr":"heat","postal_code":"464-0075","address":"名古屋市千種区内山町３丁目","voronoi":{"type":"Feature","geometry":{"type":"Polygon","coordinates":[[[136.933802,35.164801],[136.925887,35.161525],[136.925077,35.162305],[136.925513,35.170295],[136.934115,35.173185],[136.933802,35.164801]]]},"properties":{}},"extra":false},
    {"code":9951313,"id":"667c9f","name":"今池(愛知)","original_name":"今池","name_kana":"いまいけ","closed":false,"lat":35.169919,"lng":136.937331,"prefecture":23,"numbering":["H13"],"lines":[99513,99517],"attr":"heat","postal_code":"464-0850","address":"名古屋市千種区今池５-１","voronoi":{"type":"Feature","geometry":{"type":"Polygon","coordinates":[[[136.937585,35.180716],[136.940162,35.180736],[136.944435,35.179106],[136.940635,35.163601],[136.933802,35.164801],[136.934115,35.173185],[136.937585,35.180716]]]},"properties":{}},"extra":false},
    {"code":9951314,"id":"0426e3","name":"池下","original_name":"池下","name_kana":"いけした","closed":false,"lat":35.167675,"lng":136.946486,"prefecture":23,"numbering":["H14"],"lines":[99513],"attr":"heat","postal_code":"464-0841","address":"名古屋市千種区覚王山通７-１１","voronoi":{"type":"Feature","geometry":{"type":"Polygon","coordinates":[[[136.945191,35.157906],[136.940635,35.163601],[136.944435,35.179106],[136.947427,35.179266],[136.951729,35.177741],[136.948745,35.158323],[136.945191,35.157906]]]},"properties":{}},"extra":false},
    {"code":9951315,"id":"24c922","name":"覚王山","original_name":"覚王山","name_kana":"かくおうざん","closed":false,"lat":35.166565,"lng":136.953708,"prefecture":23,"numbering":["H15"],"lines":[99513],"attr":"heat","postal_code":"464-0821","address":"名古屋市千種区末盛通１-７","voronoi":{"type":"Feature","geometry":{"type":"Polygon","coordinates":[[[136.960121,35.170941],[136.956135,35.156258],[136.948745,35.158323],[136.951729,35.177741],[136.953484,35.177718],[136.956759,35.176167],[136.960121,35.170941]]]},"properties":{}},"extra":false},
    {"code":9951316,"id":"3ea271","name":"本山(愛知)","original_name":"本山","name_kana":"もとやま","closed":false,"lat":35.163923,"lng":136.963441,"prefecture":23,"numbering":["H16"],"lines":[99513,99514],"attr":"heat","postal_code":"464-0821","address":"名古屋市千種区末盛通５-１３-３","voronoi":{"type":"Feature","geometry":{"type":"Polygon","coordinates":[[[136.960121,35.170941],[136.956135,35.156258],[136.956174,35.156221],[136.967291,35.159833],[136.970255,35.167892],[136.960121,35.170941]]]},"properties":{}},"extra":false},
    {"code":9951317,"id":"0c1a6a","name":"東山公園(愛知)","original_name":"東山公園","name_kana":"ひがしやまこうえん","closed":false,"lat":35.160454,"lng":136.972873,"prefecture":23,"numbering":["H17"],"lines":[99513],"attr":"heat","postal_code":"464-0807","address":"名古屋市千種区東山通５-１","voronoi":{"type":"Feature","geometry":{"type":"Polygon","coordinates":[[[136.977471,35.170932],[136.98121,35.147442],[136.979727,35.147196],[136.967291,35.159833],[136.970255,35.167892],[136.977471,35.170932]]]},"properties":{}},"extra":false},
    {"code":9951318,"id":"1a2e32","name":"星ヶ丘(愛知)","original_name":"星ヶ丘","name_kana":"ほしがおか","closed":false,"lat":35.162399,"lng":136.985095,"prefecture":23,"numbering":["H18"],"lines":[99513],"attr":"heat","postal_code":"464-0026","address":"名古屋市千種区井上町85-1","voronoi":{"type":"Feature","geometry":{"type":"Polygon","coordinates":[[[136.977471,35.170932],[136.98121,35.147442],[136.988234,35.145668],[136.997763,35.146455],[137.000239,35.147248],[136.98308,35.179117],[136.977471,35.170932]]]},"properties":{}},"extra":false},
    {"code":9951319,"id":"0bd5fa","name":"一社","original_name":"一社","name_kana":"いっしゃ","closed":false,"lat":35.168231,"lng":136.995927,"prefecture":23,"numbering":["H19"],"lines":[99513],"attr":"cool","postal_code":"465-0093","address":"名古屋市名東区一社２-１","voronoi":{"type":"Feature","geometry":{"type":"Polygon","coordinates":[[[137.000239,35.147248],[136.98308,35.179117],[136.983988,35.183051],[136.988573,35.185941],[136.99366,35.187071],[137.01257,35.148192],[137.009367,35.147418],[137.000239,35.147248]]]},"properties":{}},"extra":false},
    {"code":9951320,"id":"f81546","name":"上社","original_name":"上社","name_kana":"かみやしろ","closed":false,"lat":35.173656,"lng":137.007081,"prefecture":23,"numbering":["H20"],"lines":[99513],"attr":"cool","postal_code":"465-0025","address":"名古屋市名東区上社１-８０３","voronoi":{"type":"Feature","geometry":{"type":"Polygon","coordinates":[[[136.99366,35.187071],[137.01257,35.148192],[137.016397,35.148178],[137.017651,35.148438],[137.005461,35.191472],[136.995805,35.188391],[136.99366,35.187071]]]},"properties":{}},"extra":false},
    {"code":9951321,"id":"a949ef","name":"本郷(愛知)","original_name":"本郷","name_kana":"ほんごう","closed":false,"lat":35.175453,"lng":137.013425,"prefecture":23,"numbering":["H21"],"lines":[99513],"attr":"cool","postal_code":"465-0024","address":"名古屋市名東区本郷２-１５３","voronoi":{"type":"Feature","geometry":{"type":"Polygon","coordinates":[[[137.021923,35.148796],[137.017651,35.148438],[137.005461,35.191472],[137.006792,35.192188],[137.025028,35.169502],[137.021923,35.148796]]]},"properties":{}},"extra":false},
    {"code":9951201,"id":"59c2e7","name":"藤が丘(愛知)","original_name":"藤が丘","name_kana":"ふじがおか","closed":false,"lat":35.182113,"lng":137.02171,"prefecture":23,"numbering":["H22"],"lines":[99512,99513],"attr":"eco","postal_code":"465-0032","address":"名古屋市名東区藤が丘１６３","voronoi":{"type":"Feature","geometry":{"type":"Polygon","coordinates":[[[137.025297,35.169923],[137.025028,35.169502],[137.006792,35.192188],[137.008164,35.193584],[137.02062,35.198132],[137.030632,35.198758],[137.034186,35.197251],[137.025297,35.169923]]]},"properties":{}},"extra":false}
  ],
  "extra":false
}