{
  "code":99520,
  "id":"b41c8d",
  "name":"豊橋鉄道渥美線",
  "name_kana":"とよはしてつどうあつみせん",
  "station_size":16,
  "company_code":181,
  "closed":false,
  "station_list":[
    {"code":9952001,"id":"90b04d","name":"新豊橋","original_name":"新豊橋","name_kana":"しんとよはし","closed":false,"lat":34.762272,"lng":137.383375,"prefecture":23,"numbering":["1"],"lines":[99520],"attr":"eco","postal_code":"440-0075","address":"豊橋市花田町字西宿４１","voronoi":{"type":"Feature","geometry":{"type":"Polygon","coordinates":[[[137.379713,34.754303],[137.382946,34.763029],[137.38434,34.76324],[137.386166,34.758697],[137.379713,34.754303]]]},"properties":{}},"extra":false},
    {"code":9952002,"id":"0885d9","name":"柳生橋","original_name":"柳生橋","name_kana":"やぎゅうばし","closed":false,"lat":34.75479,"lng":137.38847,"prefecture":23,"numbering":["2"],"lines":[99520],"attr":"eco","postal_code":"440-0877","address":"豊橋市南松山町１５４","voronoi":{"type":"Feature","geometry":{"type":"Polygon","coordinates":[[[137.386166,34.758697],[137.387223,34.759044],[137.396761,34.757846],[137.402195,34.752052],[137.403006,34.750856],[137.377528,34.752558],[137.379713,34.754303],[137.386166,34.758697]]]},"properties":{}},"extra":false},
    {"code":9952003,"id":"0f4b83","name":"小池","original_name":"小池","name_kana":"こいけ","closed":false,"lat":34.748891,"lng":137.388076,"prefecture":23,"numbering":["3"],"lines":[99520],"attr":"eco","postal_code":"441-8042","address":"豊橋市小池町字原下","voronoi":{"type":"Feature","geometry":{"type":"Polygon","coordinates":[[[137.371877,34.75013],[137.377528,34.752558],[137.403006,34.750856],[137.406437,34.747484],[137.40717,34.746598],[137.409573,34.737988],[137.371877,34.75013]]]},"properties":{}},"extra":false},
    {"code":9952004,"id":"3c277c","name":"愛知大学前","original_name":"愛知大学前","name_kana":"あいちだいがくまえ","closed":false,"lat":34.741682,"lng":137.385754,"prefecture":23,"numbering":["4"],"lines":[99520],"attr":"eco","postal_code":"441-8108","address":"豊橋市町畑町","voronoi":{"type":"Feature","geometry":{"type":"Polygon","coordinates":[[[137.36366,34.739974],[137.344297,34.74538],[137.371877,34.75013],[137.409573,34.737988],[137.409794,34.737508],[137.36366,34.739974]]]},"properties":{}},"extra":false},
    {"code":9952005,"id":"78cd1a","name":"南栄","original_name":"南栄","name_kana":"みなみさかえ","closed":false,"lat":34.73592,"lng":137.385446,"prefecture":23,"numbering":["5"],"lines":[99520],"attr":"eco","postal_code":"441-8107","address":"豊橋市南栄町字空池４６","voronoi":{"type":"Feature","geometry":{"type":"Polygon","coordinates":[[[137.409794,34.737508],[137.36366,34.739974],[137.410182,34.72015],[137.412595,34.732924],[137.409794,34.737508]]]},"properties":{}},"extra":false},
    {"code":9952006,"id":"f0a3d2","name":"高師","original_name":"高師","name_kana":"たかし","closed":false,"lat":34.727068,"lng":137.381674,"prefecture":23,"numbering":["6"],"lines":[99520],"attr":"eco","postal_code":"441-8156","address":"豊橋市高師町字北新切","voronoi":{"type":"Feature","geometry":{"type":"Polygon","coordinates":[[[137.36539,34.725538],[137.347454,34.735219],[137.333821,34.744509],[137.33972,34.745438],[137.344297,34.74538],[137.36366,34.739974],[137.410182,34.72015],[137.410124,34.717498],[137.36539,34.725538]]]},"properties":{}},"extra":false},
    {"code":9952007,"id":"489d6b","name":"芦原","original_name":"芦原","name_kana":"あしはら","closed":false,"lat":34.718433,"lng":137.380122,"prefecture":23,"numbering":["7"],"lines":[99520],"attr":"eco","postal_code":"441-8155","address":"豊橋市芦原町字東","voronoi":{"type":"Feature","geometry":{"type":"Polygon","coordinates":[[[137.36539,34.725538],[137.415117,34.677658],[137.410124,34.717498],[137.36539,34.725538]]]},"properties":{}},"extra":false},
    {"code":9952008,"id":"721489","name":"植田(豊橋鉄道)","original_name":"植田","name_kana":"うえた","closed":false,"lat":34.711085,"lng":137.373047,"prefecture":23,"numbering":["8"],"lines":[99520],"attr":"eco","postal_code":"441-8134","address":"愛知県豊橋市植田町中畑","voronoi":{"type":"Feature","geometry":{"type":"Polygon","coordinates":[[[137.347454,34.735219],[137.412106,34.660228],[137.420841,34.652034],[137.415117,34.677658],[137.36539,34.725538],[137.347454,34.735219]]]},"properties":{}},"extra":false},
    {"code":9952009,"id":"a9697b","name":"向ヶ丘","original_name":"向ヶ丘","name_kana":"むこうがおか","closed":false,"lat":34.706351,"lng":137.367556,"prefecture":23,"numbering":["9"],"lines":[99520],"attr":"heat","postal_code":"441-8134","address":"愛知県豊橋市植田町西蛤沢","voronoi":{"type":"Feature","geometry":{"type":"Polygon","coordinates":[[[137.333821,34.744509],[137.331726,34.744704],[137.343488,34.717667],[137.412106,34.660228],[137.347454,34.735219],[137.333821,34.744509]]]},"properties":{}},"extra":false},
    {"code":9952010,"id":"8848c9","name":"大清水","original_name":"大清水","name_kana":"おおしみず","closed":false,"lat":34.695966,"lng":137.358863,"prefecture":23,"numbering":["10"],"lines":[99520],"attr":"heat","postal_code":"441-8133","address":"豊橋市大清水町字大清水３-１２２","voronoi":{"type":"Feature","geometry":{"type":"Polygon","coordinates":[[[137.343488,34.717667],[137.412106,34.660228],[137.420841,34.652034],[137.452637,34.566688],[137.462509,34.521192],[137.461539,34.40065],[137.418752,34.496114],[137.352974,34.656117],[137.343488,34.717667]]]},"properties":{}},"extra":false},
    {"code":9952011,"id":"79b9db","name":"老津","original_name":"老津","name_kana":"おいつ","closed":false,"lat":34.692344,"lng":137.33536,"prefecture":23,"numbering":["11"],"lines":[99520],"attr":"heat","postal_code":"441-3301","address":"豊橋市老津町字西高縄","voronoi":{"type":"Feature","geometry":{"type":"Polygon","coordinates":[[[137.352974,34.656117],[137.281789,34.742421],[137.293483,34.747395],[137.310869,34.750122],[137.324861,34.747832],[137.325619,34.747531],[137.331726,34.744704],[137.343488,34.717667],[137.352974,34.656117]]]},"properties":{}},"extra":false},
    {"code":9952012,"id":"64fa21","name":"杉山","original_name":"杉山","name_kana":"すぎやま","closed":false,"lat":34.680301,"lng":137.320759,"prefecture":23,"numbering":["12"],"lines":[99520],"attr":"heat","postal_code":"441-3302","address":"豊橋市杉山町字前屋敷","voronoi":{"type":"Feature","geometry":{"type":"Polygon","coordinates":[[[137.280299,34.742004],[137.281789,34.742421],[137.352974,34.656117],[137.418752,34.496114],[137.28264,34.733702],[137.280299,34.742004]]]},"properties":{}},"extra":false},
    {"code":9952013,"id":"525ba6","name":"やぐま台","original_name":"やぐま台","name_kana":"やぐまだい","closed":false,"lat":34.673809,"lng":137.309427,"prefecture":23,"numbering":["13"],"lines":[99520],"attr":"heat","postal_code":"441-3412","address":"田原市谷熊町字鳥郷","voronoi":{"type":"Feature","geometry":{"type":"Polygon","coordinates":[[[137.461539,34.40065],[137.473807,34.245089],[137.287759,34.704788],[137.28264,34.733702],[137.418752,34.496114],[137.461539,34.40065]]]},"properties":{}},"extra":false},
    {"code":9952014,"id":"abdc64","name":"豊島","original_name":"豊島","name_kana":"としま","closed":false,"lat":34.667459,"lng":137.293737,"prefecture":23,"numbering":["14"],"lines":[99520],"attr":"cool","postal_code":"441-3417","address":"田原市豊島町字奥谷","voronoi":{"type":"Feature","geometry":{"type":"Polygon","coordinates":[[[137.50208,33.910613],[137.496521,34.01198],[137.473807,34.245089],[137.287759,34.704788],[137.282861,34.607988],[137.292874,34.186822],[137.50208,33.910613]]]},"properties":{}},"extra":false},
    {"code":9952015,"id":"757e6d","name":"神戸(愛知)","original_name":"神戸","name_kana":"かんべ","closed":false,"lat":34.668253,"lng":137.278044,"prefecture":23,"numbering":["15"],"lines":[99520],"attr":"cool","postal_code":"441-3415","address":"田原市神戸町字大坪","voronoi":{"type":"Feature","geometry":{"type":"Polygon","coordinates":[[[137.287759,34.704788],[137.282861,34.607988],[137.261953,34.742604],[137.280299,34.742004],[137.28264,34.733702],[137.287759,34.704788]]]},"properties":{}},"extra":false},
    {"code":9952016,"id":"8cf9c1","name":"三河田原","original_name":"三河田原","name_kana":"みかわたはら","closed":false,"lat":34.666875,"lng":137.269172,"prefecture":23,"numbering":["16"],"lines":[99520],"attr":"cool","postal_code":"441-3421","address":"田原市田原町字東大浜１６","voronoi":{"type":"Feature","geometry":{"type":"Polygon","coordinates":[[[137.282861,34.607988],[137.261953,34.742604],[137.259397,34.742839],[137.239681,34.74006],[137.178048,34.694742],[137.147796,34.668327],[137.116089,34.636437],[137.10498,34.623352],[137.083152,34.594985],[137.062183,34.56231],[137.103314,34.46928],[137.17314,34.33678],[137.292874,34.186822],[137.282861,34.607988]]]},"properties":{}},"extra":false}
  ],
  "extra":false
}