{
  "code":99525,
  "id":466,
  "name":"長良川鉄道越美南線",
  "name_kana":"ながらがわてつどうえつみなんせん",
  "station_size":38,
  "company_code":184,
  "closed":false,
  "station_list":[
    {"code":1141608,"id":2408,"name":"美濃太田","original_name":"美濃太田","name_kana":"みのおおた","closed":false,"lat":35.445617,"lng":137.019467,"prefecture":21,"lines":[11416,11507,99525,10502],"attr":"eco","postal_code":"505-0041","address":"美濃加茂市太田町立石","voronoi":{"type":"Feature","geometry":{"type":"Polygon","coordinates":[[[137.032851,35.45297],[137.032364,35.444461],[137.0226,35.431737],[137.006971,35.432304],[137.019347,35.485382],[137.032851,35.45297]]]},"properties":{}},"extra":false},
    {"code":9952502,"id":7719,"name":"前平公園","original_name":"前平公園","name_kana":"まえひらこうえん","closed":false,"lat":35.449771,"lng":137.001652,"prefecture":21,"lines":[99525],"attr":"cool","postal_code":"505-0041","address":"美濃加茂市太田町宮前","voronoi":{"type":"Feature","geometry":{"type":"Polygon","coordinates":[[[137.018211,35.492309],[136.984864,35.442719],[136.998803,35.427963],[137.006971,35.432304],[137.019347,35.485382],[137.018211,35.492309]]]},"properties":{}},"extra":false},
    {"code":9952503,"id":7720,"name":"加茂野","original_name":"加茂野","name_kana":"かもの","closed":false,"lat":35.460927,"lng":136.985062,"prefecture":21,"lines":[99525,10502],"attr":"cool","postal_code":"505-0053","address":"美濃加茂市加茂野町木野西河折","voronoi":{"type":"Feature","geometry":{"type":"Polygon","coordinates":[[[137.014025,35.507762],[136.959535,35.448723],[136.984864,35.442719],[137.018211,35.492309],[137.018343,35.494582],[137.014025,35.507762]]]},"properties":{}},"extra":false},
    {"code":9952504,"id":7721,"name":"富加","original_name":"富加","name_kana":"とみか","closed":false,"lat":35.475144,"lng":136.969658,"prefecture":21,"lines":[99525,10502],"attr":"cool","postal_code":"501-3303","address":"加茂郡富加町羽生字古熊野","voronoi":{"type":"Feature","geometry":{"type":"Polygon","coordinates":[[[137.009538,35.543447],[137.014025,35.507762],[136.959535,35.448723],[136.953242,35.447793],[136.963756,35.523299],[136.971404,35.531336],[136.972307,35.531968],[136.990772,35.539356],[137.009538,35.543447]]]},"properties":{}},"extra":false},
    {"code":9952505,"id":7722,"name":"関富岡","original_name":"関富岡","name_kana":"せきとみおか","closed":false,"lat":35.478588,"lng":136.944923,"prefecture":21,"lines":[99525],"attr":"cool","postal_code":"501-3911","address":"関市肥田瀬字屋敷田","voronoi":{"type":"Feature","geometry":{"type":"Polygon","coordinates":[[[136.954878,35.517858],[136.963756,35.523299],[136.953242,35.447793],[136.939234,35.439225],[136.933511,35.440125],[136.93905,35.504172],[136.954878,35.517858]]]},"properties":{}},"extra":false},
    {"code":9952506,"id":7723,"name":"関口","original_name":"関口","name_kana":"せきぐち","closed":false,"lat":35.479976,"lng":136.928872,"prefecture":21,"lines":[99525,10502],"attr":"cool","postal_code":"501-3826","address":"関市関口町１丁目","voronoi":{"type":"Feature","geometry":{"type":"Polygon","coordinates":[[[136.933511,35.440125],[136.931249,35.44002],[136.925513,35.440554],[136.912502,35.443371],[136.923218,35.488854],[136.926721,35.49447],[136.937341,35.503448],[136.93905,35.504172],[136.933511,35.440125]]]},"properties":{}},"extra":false},
    {"code":9952507,"id":7724,"name":"せきてらす前","original_name":"せきてらす前","name_kana":"せきてらすまえ","closed":false,"lat":35.483434,"lng":136.914195,"prefecture":21,"lines":[99525],"attr":"cool","postal_code":"501-3873","address":"関市日ノ出町字古町","voronoi":{"type":"Feature","geometry":{"type":"Polygon","coordinates":[[[136.912502,35.443371],[136.908614,35.443465],[136.89893,35.445057],[136.902604,35.478495],[136.914836,35.487027],[136.923218,35.488854],[136.912502,35.443371]]]},"properties":{}},"extra":false},
    {"code":9952508,"id":7725,"name":"関(岐阜)","original_name":"関","name_kana":"せき","closed":false,"lat":35.490027,"lng":136.912758,"prefecture":21,"lines":[99525,30028,10502],"attr":"cool","postal_code":"501-3881","address":"関市元重町","voronoi":{"type":"Feature","geometry":{"type":"Polygon","coordinates":[[[136.923218,35.488854],[136.914836,35.487027],[136.903117,35.494547],[136.926721,35.49447],[136.923218,35.488854]]]},"properties":{}},"extra":false},
    {"code":9952509,"id":7726,"name":"関市役所前","original_name":"関市役所前","name_kana":"せきしやくしょまえ","closed":false,"lat":35.499004,"lng":136.912787,"prefecture":21,"lines":[99525],"attr":"eco","postal_code":"501-3217","address":"関市下有知字境松東","voronoi":{"type":"Feature","geometry":{"type":"Polygon","coordinates":[[[136.9002,35.496102],[136.901018,35.494833],[136.903117,35.494547],[136.926721,35.49447],[136.937341,35.503448],[136.917896,35.505826],[136.9002,35.496102]]]},"properties":{}},"extra":false},
    {"code":9952510,"id":7727,"name":"関下有知","original_name":"関下有知","name_kana":"せきしもうち","closed":false,"lat":35.513679,"lng":136.914582,"prefecture":21,"lines":[99525],"attr":"eco","postal_code":"501-3217","address":"関市下有知走り下り","voronoi":{"type":"Feature","geometry":{"type":"Polygon","coordinates":[[[136.937341,35.503448],[136.917896,35.505826],[136.910771,35.510168],[136.914451,35.520275],[136.954878,35.517858],[136.93905,35.504172],[136.937341,35.503448]]]},"properties":{}},"extra":false},
    {"code":9952511,"id":7728,"name":"松森","original_name":"松森","name_kana":"まつもり","closed":false,"lat":35.526808,"lng":136.915367,"prefecture":21,"lines":[99525],"attr":"eco","postal_code":"501-3753","address":"美濃市松森字八幡前","voronoi":{"type":"Feature","geometry":{"type":"Polygon","coordinates":[[[136.960371,35.532659],[136.916116,35.533205],[136.911939,35.521423],[136.914451,35.520275],[136.954878,35.517858],[136.963756,35.523299],[136.971404,35.531336],[136.960371,35.532659]]]},"properties":{}},"extra":false},
    {"code":9952512,"id":7729,"name":"美濃市","original_name":"美濃市","name_kana":"みのし","closed":false,"lat":35.539618,"lng":136.915525,"prefecture":21,"lines":[99525,10502],"attr":"eco","postal_code":"501-3732","address":"美濃市広岡町","voronoi":{"type":"Feature","geometry":{"type":"Polygon","coordinates":[[[136.909739,35.534742],[136.916116,35.533205],[136.960371,35.532659],[136.917454,35.544118],[136.909739,35.534742]]]},"properties":{}},"extra":false},
    {"code":9952513,"id":7730,"name":"梅山","original_name":"梅山","name_kana":"うめやま","closed":false,"lat":35.548981,"lng":136.918025,"prefecture":21,"lines":[99525],"attr":"eco","postal_code":"501-3700","address":"美濃市藤岡","voronoi":{"type":"Feature","geometry":{"type":"Polygon","coordinates":[[[136.960371,35.532659],[136.917454,35.544118],[136.781791,35.626277],[136.782188,35.629692],[136.844182,35.607619],[136.972307,35.531968],[136.971404,35.531336],[136.960371,35.532659]]]},"properties":{}},"extra":false},
    {"code":9952514,"id":7731,"name":"湯の洞温泉口","original_name":"湯の洞温泉口","name_kana":"ゆのほらおんせんぐち","closed":false,"lat":35.571281,"lng":136.931192,"prefecture":21,"lines":[99525,10502],"attr":"eco","postal_code":"501-3704","address":"美濃市保木脇字神明下","voronoi":{"type":"Feature","geometry":{"type":"Polygon","coordinates":[[[136.926569,35.588966],[136.918085,35.592307],[136.844182,35.607619],[136.972307,35.531968],[136.990772,35.539356],[136.926569,35.588966]]]},"properties":{}},"extra":false},
    {"code":9952515,"id":7732,"name":"洲原","original_name":"洲原","name_kana":"すはら","closed":false,"lat":35.588954,"lng":136.944848,"prefecture":21,"lines":[99525,10502],"attr":"eco","postal_code":"501-3706","address":"美濃市須原字鐘寿場","voronoi":{"type":"Feature","geometry":{"type":"Polygon","coordinates":[[[137.014815,35.549678],[137.009538,35.543447],[136.990772,35.539356],[136.926569,35.588966],[136.977333,35.603678],[137.038132,35.594531],[137.014815,35.549678]]]},"properties":{}},"extra":false},
    {"code":9952516,"id":7733,"name":"母野","original_name":"母野","name_kana":"はんの","closed":false,"lat":35.59875,"lng":136.942009,"prefecture":21,"lines":[99525,10502],"attr":"heat","postal_code":"501-4101","address":"郡上市美並町上田字境目","voronoi":{"type":"Feature","geometry":{"type":"Polygon","coordinates":[[[136.977333,35.603678],[136.926569,35.588966],[136.918085,35.592307],[136.952452,35.608231],[136.970476,35.605745],[136.977333,35.603678]]]},"properties":{}},"extra":false},
    {"code":9952517,"id":7734,"name":"木尾","original_name":"木尾","name_kana":"こんの","closed":false,"lat":35.606394,"lng":136.938467,"prefecture":21,"lines":[99525],"attr":"heat","postal_code":"501-4101","address":"郡上市美並町上田字堀畑","voronoi":{"type":"Feature","geometry":{"type":"Polygon","coordinates":[[[136.781671,35.636289],[136.781328,35.659647],[136.781814,35.673179],[136.782132,35.676751],[136.789199,35.677786],[136.84089,35.660801],[136.952452,35.608231],[136.918085,35.592307],[136.844182,35.607619],[136.782188,35.629692],[136.781671,35.636289]]]},"properties":{}},"extra":false},
    {"code":9952518,"id":7735,"name":"八坂(岐阜)","original_name":"八坂","name_kana":"やさか","closed":false,"lat":35.620186,"lng":136.944966,"prefecture":21,"lines":[99525,10502],"attr":"heat","postal_code":"501-4101","address":"郡上市美並町上田字髭畑","voronoi":{"type":"Feature","geometry":{"type":"Polygon","coordinates":[[[136.937602,35.631834],[136.970476,35.605745],[136.952452,35.608231],[136.84089,35.660801],[136.855726,35.657026],[136.937602,35.631834]]]},"properties":{}},"extra":false},
    {"code":9952519,"id":7736,"name":"みなみ子宝温泉","original_name":"みなみ子宝温泉","name_kana":"みなみこだからおんせん","closed":false,"lat":35.627308,"lng":136.950618,"prefecture":21,"lines":[99525],"attr":"heat","postal_code":"501-4107","address":"郡上市美並町大原字石橋２６６９番地１","voronoi":{"type":"Feature","geometry":{"type":"Polygon","coordinates":[[[136.937602,35.631834],[136.970476,35.605745],[136.977333,35.603678],[137.038132,35.594531],[137.042711,35.600098],[137.056072,35.626195],[137.02775,35.632671],[137.000614,35.634211],[136.937602,35.631834]]]},"properties":{}},"extra":false},
    {"code":9952520,"id":7737,"name":"大矢","original_name":"大矢","name_kana":"おおや","closed":false,"lat":35.637327,"lng":136.95024,"prefecture":21,"lines":[99525,10502],"attr":"heat","postal_code":"501-4107","address":"郡上市美並町大原字湊","voronoi":{"type":"Feature","geometry":{"type":"Polygon","coordinates":[[[136.937602,35.631834],[136.855726,35.657026],[137.000614,35.634211],[136.937602,35.631834]]]},"properties":{}},"extra":false},
    {"code":9952521,"id":7738,"name":"福野(岐阜)","original_name":"福野","name_kana":"ふくの","closed":false,"lat":35.646726,"lng":136.95172,"prefecture":21,"lines":[99525,10502],"attr":"heat","postal_code":"501-4106","address":"郡上市美並町白山字山際","voronoi":{"type":"Feature","geometry":{"type":"Polygon","coordinates":[[[136.789199,35.677786],[136.789415,35.677847],[136.847459,35.67895],[137.00182,35.642163],[137.02775,35.632671],[137.000614,35.634211],[136.855726,35.657026],[136.84089,35.660801],[136.789199,35.677786]]]},"properties":{}},"extra":false},
    {"code":9952522,"id":7739,"name":"美並苅安","original_name":"美並苅安","name_kana":"みなみかりやす","closed":false,"lat":35.660686,"lng":136.955047,"prefecture":21,"lines":[99525,10502],"attr":"heat","postal_code":"501-4106","address":"郡上市美並町白山字桑下","voronoi":{"type":"Feature","geometry":{"type":"Polygon","coordinates":[[[136.925802,35.683103],[137.00182,35.642163],[136.847459,35.67895],[136.919101,35.685041],[136.925802,35.683103]]]},"properties":{}},"extra":false},
    {"code":9952523,"id":7740,"name":"赤池(岐阜)","original_name":"赤池","name_kana":"あかいけ","closed":false,"lat":35.671021,"lng":136.960613,"prefecture":21,"lines":[99525,10502],"attr":"heat","postal_code":"501-4103","address":"郡上市美並町山田","voronoi":{"type":"Feature","geometry":{"type":"Polygon","coordinates":[[[136.925802,35.683103],[137.00182,35.642163],[137.02775,35.632671],[137.056072,35.626195],[137.060969,35.63216],[137.062466,35.666401],[136.925802,35.683103]]]},"properties":{}},"extra":false},
    {"code":9952524,"id":7741,"name":"深戸","original_name":"深戸","name_kana":"ふかど","closed":false,"lat":35.686445,"lng":136.962498,"prefecture":21,"lines":[99525,10502],"attr":"heat","postal_code":"501-4105","address":"郡上市美並町三戸字下中島","voronoi":{"type":"Feature","geometry":{"type":"Polygon","coordinates":[[[136.919101,35.685041],[136.925802,35.683103],[137.062466,35.666401],[137.072077,35.746144],[137.049522,35.739986],[136.919101,35.685041]]]},"properties":{}},"extra":false},
    {"code":9952525,"id":7742,"name":"相生(岐阜)","original_name":"相生","name_kana":"あいおい","closed":false,"lat":35.715114,"lng":136.95042,"prefecture":21,"lines":[99525,10502],"attr":"heat","postal_code":"501-4236","address":"郡上市八幡町相生字御花屋敷","voronoi":{"type":"Feature","geometry":{"type":"Polygon","coordinates":[[[136.919101,35.685041],[136.847459,35.67895],[136.789415,35.677847],[136.859064,35.714337],[136.875885,35.720159],[137.049522,35.739986],[136.919101,35.685041]]]},"properties":{}},"extra":false},
    {"code":9952526,"id":7743,"name":"郡上八幡","original_name":"郡上八幡","name_kana":"ぐじょうはちまん","closed":false,"lat":35.741877,"lng":136.947364,"prefecture":21,"lines":[99525,10502],"attr":"heat","postal_code":"501-4224","address":"郡上市八幡町城南町字中島","voronoi":{"type":"Feature","geometry":{"type":"Polygon","coordinates":[[[137.075212,35.754672],[137.078836,35.811586],[137.069767,35.829754],[136.875885,35.720159],[137.049522,35.739986],[137.072077,35.746144],[137.075212,35.754672]]]},"properties":{}},"extra":false},
    {"code":9952527,"id":7744,"name":"自然園前","original_name":"自然園前","name_kana":"しぜんえんまえ","closed":false,"lat":35.7702,"lng":136.931354,"prefecture":21,"lines":[99525],"attr":"heat","postal_code":"501-4233","address":"郡上市八幡町瀬取字藤薮","voronoi":{"type":"Feature","geometry":{"type":"Polygon","coordinates":[[[137.043462,35.888086],[137.060242,35.85546],[137.069767,35.829754],[136.875885,35.720159],[136.859064,35.714337],[136.967134,35.827246],[137.043462,35.888086]]]},"properties":{}},"extra":false},
    {"code":9952528,"id":7745,"name":"山田(岐阜)","original_name":"山田","name_kana":"やまだ","closed":false,"lat":35.789003,"lng":136.911709,"prefecture":21,"lines":[99525,10502],"attr":"heat","postal_code":"501-4606","address":"郡上市大和町河辺字長池","voronoi":{"type":"Feature","geometry":{"type":"Polygon","coordinates":[[[136.789415,35.677847],[136.859064,35.714337],[136.967134,35.827246],[136.84928,35.767432],[136.763588,35.712408],[136.782132,35.676751],[136.789199,35.677786],[136.789415,35.677847]]]},"properties":{}},"extra":false},
    {"code":9952529,"id":7746,"name":"徳永","original_name":"徳永","name_kana":"とくなが","closed":false,"lat":35.805087,"lng":136.903546,"prefecture":21,"lines":[99525,10502],"attr":"heat","postal_code":"501-4607","address":"郡上市大和町徳永字ノゾエ","voronoi":{"type":"Feature","geometry":{"type":"Polygon","coordinates":[[[137.032626,35.918966],[136.994649,35.891821],[136.84928,35.767432],[136.967134,35.827246],[137.043462,35.888086],[137.032626,35.918966]]]},"properties":{}},"extra":false},
    {"code":9952530,"id":7747,"name":"郡上大和","original_name":"郡上大和","name_kana":"ぐじょうやまと","closed":false,"lat":35.815224,"lng":136.894872,"prefecture":21,"lines":[99525,10502],"attr":"heat","postal_code":"501-4612","address":"郡上市大和町剣字小倉","voronoi":{"type":"Feature","geometry":{"type":"Polygon","coordinates":[[[136.994649,35.891821],[136.748899,35.735165],[136.763588,35.712408],[136.84928,35.767432],[136.994649,35.891821]]]},"properties":{}},"extra":false},
    {"code":9952531,"id":7748,"name":"万場","original_name":"万場","name_kana":"まんば","closed":false,"lat":35.833702,"lng":136.883093,"prefecture":21,"lines":[99525,10502],"attr":"heat","postal_code":"501-4611","address":"郡上市大和町万場字会津","voronoi":{"type":"Feature","geometry":{"type":"Polygon","coordinates":[[[137.030315,35.928611],[137.032626,35.918966],[136.994649,35.891821],[136.748899,35.735165],[136.741317,35.74537],[136.823376,35.805416],[137.030315,35.928611]]]},"properties":{}},"extra":false},
    {"code":9952532,"id":7749,"name":"上万場","original_name":"上万場","name_kana":"かみまんば","closed":false,"lat":35.844429,"lng":136.876707,"prefecture":21,"lines":[99525],"attr":"heat","postal_code":"501-4611","address":"郡上市大和町万場字杵棚","voronoi":{"type":"Feature","geometry":{"type":"Polygon","coordinates":[[[136.823376,35.805416],[137.030315,35.928611],[137.030253,35.928921],[136.907471,35.880116],[136.823376,35.805416]]]},"properties":{}},"extra":false},
    {"code":9952533,"id":7750,"name":"大中","original_name":"大中","name_kana":"おおなか","closed":false,"lat":35.853775,"lng":136.868405,"prefecture":21,"lines":[99525,10502],"attr":"heat","postal_code":"501-5124","address":"郡上市白鳥町大島字芝添","voronoi":{"type":"Feature","geometry":{"type":"Polygon","coordinates":[[[136.741317,35.74537],[136.734174,35.753621],[136.741341,35.782865],[136.884456,35.874355],[136.907471,35.880116],[136.823376,35.805416],[136.741317,35.74537]]]},"properties":{}},"extra":false},
    {"code":9952534,"id":7751,"name":"大島(岐阜)","original_name":"大島","name_kana":"おおしま","closed":false,"lat":35.868426,"lng":136.859039,"prefecture":21,"lines":[99525,10502],"attr":"heat","postal_code":"501-5124","address":"郡上市白鳥町大島字蒲会津","voronoi":{"type":"Feature","geometry":{"type":"Polygon","coordinates":[[[136.741341,35.782865],[136.752808,35.845687],[136.811063,35.87604],[136.822573,35.88021],[136.884456,35.874355],[136.741341,35.782865]]]},"properties":{}},"extra":false},
    {"code":9952535,"id":7752,"name":"美濃白鳥","original_name":"美濃白鳥","name_kana":"みのしろとり","closed":false,"lat":35.884946,"lng":136.860602,"prefecture":21,"lines":[99525,10502],"attr":"heat","postal_code":"501-5121","address":"郡上市白鳥町白鳥字大栗","voronoi":{"type":"Feature","geometry":{"type":"Polygon","coordinates":[[[136.822573,35.88021],[137.024303,36.00833],[137.030253,35.928921],[136.907471,35.880116],[136.884456,35.874355],[136.822573,35.88021]]]},"properties":{}},"extra":false},
    {"code":9952536,"id":7753,"name":"白鳥高原","original_name":"白鳥高原","name_kana":"しろとりこうげん","closed":false,"lat":35.912617,"lng":136.843028,"prefecture":21,"lines":[99525,10502],"attr":"heat","postal_code":"501-5103","address":"郡上市白鳥町二日町字清水垣内","voronoi":{"type":"Feature","geometry":{"type":"Polygon","coordinates":[[[137.024303,36.00833],[137.024513,36.048358],[137.019088,36.060847],[136.845828,35.928474],[136.811063,35.87604],[136.822573,35.88021],[137.024303,36.00833]]]},"properties":{}},"extra":false},
    {"code":9952537,"id":7754,"name":"白山長滝","original_name":"白山長滝","name_kana":"はくさんながたき","closed":false,"lat":35.919722,"lng":136.832312,"prefecture":21,"lines":[99525],"attr":"heat","postal_code":"501-5104","address":"郡上市白鳥町長滝字大門","voronoi":{"type":"Feature","geometry":{"type":"Polygon","coordinates":[[[136.811063,35.87604],[136.752808,35.845687],[136.747586,35.904254],[136.845828,35.928474],[136.811063,35.87604]]]},"properties":{}},"extra":false},
    {"code":9952538,"id":7755,"name":"北濃","original_name":"北濃","name_kana":"ほくのう","closed":false,"lat":35.92994,"lng":136.829793,"prefecture":21,"lines":[99525,10502],"attr":"heat","postal_code":"501-5102","address":"郡上市白鳥町歩岐島字中河原","voronoi":{"type":"Feature","geometry":{"type":"Polygon","coordinates":[[[136.727619,36.036322],[136.741501,36.122277],[136.875463,36.188579],[136.95073,36.130957],[137.016235,36.068371],[137.019088,36.060847],[136.845828,35.928474],[136.747586,35.904254],[136.727619,36.036322]]]},"properties":{}},"extra":false}
  ],
  "extra":false
}