{
  "code":99524,
  "id":"36da0f",
  "name":"明知鉄道",
  "name_kana":"あけちてつどう",
  "name_formal":"明知鉄道明知線",
  "station_size":11,
  "company_code":183,
  "closed":false,
  "station_list":[
    {"code":1141118,"id":"39017f","name":"恵那","original_name":"恵那","name_kana":"えな","closed":false,"lat":35.455063,"lng":137.407764,"prefecture":21,"lines":[11411,99524,10501],"attr":"eco","postal_code":"509-7201","address":"恵那市大井町神ノ木","voronoi":{"type":"Feature","geometry":{"type":"Polygon","coordinates":[[[137.353213,35.533358],[137.393097,35.408539],[137.396097,35.409531],[137.402276,35.412237],[137.426796,35.471164],[137.405576,35.508481],[137.393238,35.515386],[137.353213,35.533358]]]},"properties":{}},"extra":false},
    {"code":9952402,"id":"2d1757","name":"東野(岐阜)","original_name":"東野","name_kana":"ひがしの","closed":false,"lat":35.446315,"lng":137.428788,"prefecture":21,"lines":[99524,10501],"attr":"cool","postal_code":"509-7202","address":"岐阜県恵那市東野","open_date":"1933-05-24","voronoi":{"type":"Feature","geometry":{"type":"Polygon","coordinates":[[[137.402276,35.412237],[137.431411,35.416516],[137.459732,35.449611],[137.426796,35.471164],[137.402276,35.412237]]]},"properties":{}},"extra":false},
    {"code":9952403,"id":"4b69a8","name":"飯沼","original_name":"飯沼","name_kana":"いいぬま","closed":false,"lat":35.418529,"lng":137.461257,"prefecture":21,"lines":[99524],"attr":"eco","postal_code":"509-7322","address":"岐阜県中津川市飯沼","open_date":"1991-10-28","voronoi":{"type":"Feature","geometry":{"type":"Polygon","coordinates":[[[137.43747,35.411912],[137.431411,35.416516],[137.459732,35.449611],[137.490539,35.455134],[137.619251,35.389686],[137.43747,35.411912]]]},"properties":{}},"extra":false},
    {"code":9952404,"id":"4a2701","name":"阿木","original_name":"阿木","name_kana":"あぎ","closed":false,"lat":35.399759,"lng":137.458962,"prefecture":21,"lines":[99524,10501],"attr":"eco","postal_code":"509-7321","address":"岐阜県中津川市阿木","open_date":"1933-05-24","voronoi":{"type":"Feature","geometry":{"type":"Polygon","coordinates":[[[137.459578,35.374009],[137.43747,35.411912],[137.619251,35.389686],[137.634741,35.382925],[137.634885,35.36326],[137.629738,35.288494],[137.585473,35.273676],[137.459578,35.374009]]]},"properties":{}},"extra":false},
    {"code":9952405,"id":"15933e","name":"飯羽間","original_name":"飯羽間","name_kana":"いいばま","closed":false,"lat":35.387222,"lng":137.437468,"prefecture":21,"lines":[99524,10501],"attr":"heat","postal_code":"509-7401","address":"岐阜県恵那市岩村町飯羽間","open_date":"1959-01-10","voronoi":{"type":"Feature","geometry":{"type":"Polygon","coordinates":[[[137.459578,35.374009],[137.44592,35.376336],[137.396097,35.409531],[137.402276,35.412237],[137.431411,35.416516],[137.43747,35.411912],[137.459578,35.374009]]]},"properties":{}},"extra":false},
    {"code":9952406,"id":"0cef1e","name":"極楽","original_name":"極楽","name_kana":"ごくらく","closed":false,"lat":35.379944,"lng":137.432619,"prefecture":21,"lines":[99524],"attr":"heat","postal_code":"509-7401","address":"岐阜県恵那市岩村町飯羽間大坪２３４２","open_date":"2008-12-25","voronoi":{"type":"Feature","geometry":{"type":"Polygon","coordinates":[[[137.387355,35.400771],[137.393097,35.408539],[137.396097,35.409531],[137.44592,35.376336],[137.415844,35.371665],[137.387355,35.400771]]]},"properties":{}},"extra":false},
    {"code":9952407,"id":"6214fb","name":"岩村","original_name":"岩村","name_kana":"いわむら","closed":false,"lat":35.368864,"lng":137.43434,"prefecture":21,"lines":[99524,10501],"attr":"heat","postal_code":"509-7403","address":"岐阜県恵那市岩村町","open_date":"1934-01-26","voronoi":{"type":"Feature","geometry":{"type":"Polygon","coordinates":[[[137.459578,35.374009],[137.44592,35.376336],[137.415844,35.371665],[137.445498,35.31333],[137.454115,35.305095],[137.530208,35.248074],[137.585473,35.273676],[137.459578,35.374009]]]},"properties":{}},"extra":false},
    {"code":9952408,"id":"d1e1f1","name":"花白温泉","original_name":"花白温泉","name_kana":"はなしろおんせん","closed":false,"lat":35.355071,"lng":137.407207,"prefecture":21,"lines":[99524,10501],"attr":"heat","postal_code":"509-7602","address":"岐阜県恵那市山岡町馬場山田９９６","open_date":"1967-11-15","voronoi":{"type":"Feature","geometry":{"type":"Polygon","coordinates":[[[137.445498,35.31333],[137.410184,35.332199],[137.382215,35.397481],[137.387355,35.400771],[137.415844,35.371665],[137.445498,35.31333]]]},"properties":{}},"extra":false},
    {"code":9952409,"id":"846b65","name":"山岡","original_name":"山岡","name_kana":"やまおか","closed":false,"lat":35.350132,"lng":137.395679,"prefecture":21,"lines":[99524,10501],"attr":"heat","postal_code":"509-7608","address":"岐阜県恵那市山岡町田沢","open_date":"1934-06-24","voronoi":{"type":"Feature","geometry":{"type":"Polygon","coordinates":[[[137.410184,35.332199],[137.329636,35.349822],[137.352117,35.383253],[137.382215,35.397481],[137.410184,35.332199]]]},"properties":{}},"extra":false},
    {"code":9952410,"id":"981d05","name":"野志","original_name":"野志","name_kana":"のし","closed":false,"lat":35.321962,"lng":137.389516,"prefecture":21,"lines":[99524],"attr":"heat","postal_code":"509-7701","address":"岐阜県恵那市明智町野志５９１","open_date":"1994-12-15","voronoi":{"type":"Feature","geometry":{"type":"Polygon","coordinates":[[[137.454115,35.305095],[137.313495,35.324301],[137.318681,35.339437],[137.329636,35.349822],[137.410184,35.332199],[137.445498,35.31333],[137.454115,35.305095]]]},"properties":{}},"extra":false},
    {"code":9952411,"id":"f7a959","name":"明智(明知鉄道)","original_name":"明智","name_kana":"あけち","closed":false,"lat":35.306169,"lng":137.387359,"prefecture":21,"lines":[99524,10501],"attr":"heat","postal_code":"509-7731","address":"岐阜県恵那市明智町４４３−４","open_date":"1934-06-24","voronoi":{"type":"Feature","geometry":{"type":"Polygon","coordinates":[[[137.454115,35.305095],[137.313495,35.324301],[137.3086,35.313772],[137.300353,35.25867],[137.297749,35.235672],[137.398827,35.14364],[137.420519,35.157421],[137.530208,35.248074],[137.454115,35.305095]]]},"properties":{}},"extra":false}
  ],
  "extra":false
}