{
  "code":99523,
  "id":"0de921",
  "name":"ゆとりーとライン",
  "name_kana":"ゆとりーとらいん",
  "name_formal":"ガイドウェイバス志段味線",
  "station_size":9,
  "company_code":182,
  "closed":false,
  "color":"#3C459A",
  "symbol":"Y",
  "station_list":[
    {"code":1141105,"id":"86e45d","name":"大曽根","original_name":"大曽根","name_kana":"おおぞね","closed":false,"lat":35.191508,"lng":136.937161,"prefecture":23,"numbering":["Y01"],"lines":[11411,30012,99514,99523],"attr":"eco","postal_code":"461-0022","address":"名古屋市東区東大曽根町","voronoi":{"type":"Feature","geometry":{"type":"Polygon","coordinates":[[[136.937255,35.200025],[136.932482,35.192071],[136.937283,35.180844],[136.937585,35.180716],[136.940162,35.180736],[136.941729,35.196259],[136.940541,35.202028],[136.937255,35.200025]]]},"properties":{}},"extra":false},
    {"code":9951401,"id":"c56fc8","name":"ナゴヤドーム前矢田","original_name":"ナゴヤドーム前矢田","name_kana":"なごやどーむまえやだ","closed":false,"lat":35.190691,"lng":136.945255,"prefecture":23,"numbering":["Y02"],"lines":[99514,99523],"attr":"eco","postal_code":"461-0043","address":"名古屋市東区大幸１-１","voronoi":{"type":"Feature","geometry":{"type":"Polygon","coordinates":[[[136.941729,35.196259],[136.940162,35.180736],[136.944435,35.179106],[136.947427,35.179266],[136.949591,35.189602],[136.941729,35.196259]]]},"properties":{}},"extra":false},
    {"code":9951428,"id":"5cf164","name":"砂田橋","original_name":"砂田橋","name_kana":"すなだばし","closed":false,"lat":35.188861,"lng":136.953999,"prefecture":23,"numbering":["Y03"],"lines":[99514,99523],"attr":"heat","postal_code":"461-0043","address":"名古屋市東区大幸４-１６","voronoi":{"type":"Feature","geometry":{"type":"Polygon","coordinates":[[[136.954026,35.193544],[136.960026,35.190426],[136.953484,35.177718],[136.951729,35.177741],[136.947427,35.179266],[136.949591,35.189602],[136.952931,35.193881],[136.954026,35.193544]]]},"properties":{}},"extra":false},
    {"code":9952304,"id":"f36118","name":"守山(愛知)","original_name":"守山","name_kana":"もりやま","closed":false,"lat":35.197431,"lng":136.956639,"prefecture":23,"numbering":["Y04"],"lines":[99523],"attr":"eco","postal_code":"463-0067","address":"名古屋市守山区守山１-９","voronoi":{"type":"Feature","geometry":{"type":"Polygon","coordinates":[[[136.954026,35.193544],[136.952931,35.193881],[136.950294,35.200126],[136.960234,35.199916],[136.954026,35.193544]]]},"properties":{}},"extra":false},
    {"code":9952305,"id":"04c1b6","name":"金屋","original_name":"金屋","name_kana":"かなや","closed":false,"lat":35.202551,"lng":136.956747,"prefecture":23,"numbering":["Y05"],"lines":[99523],"attr":"eco","postal_code":"463-0072","address":"名古屋市守山区金屋２-２４３","open_date":"2001-03-23","voronoi":{"type":"Feature","geometry":{"type":"Polygon","coordinates":[[[136.956805,35.208227],[136.950074,35.200348],[136.950294,35.200126],[136.960234,35.199916],[136.961003,35.20005],[136.963396,35.203779],[136.956805,35.208227]]]},"properties":{}},"extra":false},
    {"code":9952306,"id":"f21e97","name":"川宮","original_name":"川宮","name_kana":"かわみや","closed":false,"lat":35.210405,"lng":136.962047,"prefecture":23,"numbering":["Y06"],"lines":[99523],"attr":"heat","postal_code":"463-0081","address":"名古屋市守山区川宮町７８番地","voronoi":{"type":"Feature","geometry":{"type":"Polygon","coordinates":[[[136.96924,35.205758],[136.968661,35.204977],[136.963396,35.203779],[136.956805,35.208227],[136.953837,35.218531],[136.960472,35.2205],[136.96924,35.205758]]]},"properties":{}},"extra":false},
    {"code":9952307,"id":"47feed","name":"川村(愛知)","original_name":"川村","name_kana":"かわむら","closed":false,"lat":35.214297,"lng":136.968591,"prefecture":23,"numbering":["Y07"],"lines":[99523],"attr":"heat","postal_code":"463-0098","address":"名古屋市守山区川北町３２２-２","voronoi":{"type":"Feature","geometry":{"type":"Polygon","coordinates":[[[136.96924,35.205758],[136.960472,35.2205],[136.971076,35.228906],[136.97479,35.208587],[136.96924,35.205758]]]},"properties":{}},"extra":false},
    {"code":9952308,"id":"7d41e6","name":"白沢渓谷","original_name":"白沢渓谷","name_kana":"しらさわけいこく","closed":false,"lat":35.216121,"lng":136.978569,"prefecture":23,"numbering":["Y08"],"lines":[99523],"attr":"heat","postal_code":"463-0005","address":"名古屋市守山区大字川字東山１８０７番地","voronoi":{"type":"Feature","geometry":{"type":"Polygon","coordinates":[[[136.971076,35.228906],[136.97479,35.208587],[136.979684,35.207726],[136.984351,35.211607],[136.972308,35.23091],[136.971076,35.228906]]]},"properties":{}},"extra":false},
    {"code":9952309,"id":"c2fb3b","name":"小幡緑地","original_name":"小幡緑地","name_kana":"おばたりょくち","closed":false,"lat":35.218785,"lng":136.982839,"prefecture":23,"numbering":["Y09"],"lines":[99523],"attr":"cool","postal_code":"463-0004","address":"名古屋市守山区大字吉根字松洞３３８６-７","voronoi":{"type":"Feature","geometry":{"type":"Polygon","coordinates":[[[136.999503,35.224186],[137.000884,35.229258],[136.972804,35.232104],[136.972308,35.23091],[136.984351,35.211607],[136.990465,35.213794],[136.999503,35.224186]]]},"properties":{}},"extra":false}
  ],
  "extra":false
}