{
  "code":99536,
  "id":"45da87",
  "name":"桃花台新交通",
  "name_kana":"とうかだいしんこうつう",
  "name_formal":"桃花台新交通桃花台線",
  "station_size":7,
  "closed":true,
  "station_list":[
    {"code":3001808,"id":"15ac6b","name":"小牧","original_name":"小牧","name_kana":"こまき","closed":false,"lat":35.28915,"lng":136.928461,"prefecture":23,"lines":[30018,99536],"attr":"heat","postal_code":"485-0029","address":"小牧市中央１丁目","voronoi":{"type":"Feature","geometry":{"type":"Polygon","coordinates":[[[136.90547,35.312481],[136.905423,35.312457],[136.905014,35.311647],[136.906515,35.306558],[136.925284,35.285728],[136.944118,35.283736],[136.941509,35.287195],[136.90547,35.312481]]]},"properties":{}},"extra":false},
    {"code":9953602,"id":"814c0a","name":"小牧原(桃花台新交通)","original_name":"小牧原","name_kana":"こまきはら","closed":true,"lat":35.298799,"lng":136.935231,"prefecture":23,"lines":[99536],"postal_code":"485-0012","address":"愛知県小牧市小牧原新田１８８５−１","open_date":"1991-03-25","closed_date":"2006-10-01","voronoi":{"type":"Feature","geometry":{"type":"Polygon","coordinates":[[[136.90547,35.312481],[136.905886,35.312798],[136.93957,35.297658],[136.941509,35.287195],[136.90547,35.312481]]]},"properties":{}},"extra":true},
    {"code":9953603,"id":"309f75","name":"東田中(愛知)","original_name":"東田中","name_kana":"ひがしたなか","closed":true,"lat":35.300278,"lng":136.943212,"prefecture":23,"lines":[99536],"postal_code":"485-0826","address":"愛知県小牧市東田中","open_date":"1991-03-25","closed_date":"2006-10-01","voronoi":{"type":"Feature","geometry":{"type":"Polygon","coordinates":[[[136.939455,35.304047],[136.93957,35.297658],[136.941509,35.287195],[136.944118,35.283736],[136.945787,35.282339],[136.949638,35.280727],[136.952769,35.308338],[136.939455,35.304047]]]},"properties":{}},"extra":true},
    {"code":9953604,"id":"86e563","name":"上末","original_name":"上末","name_kana":"かみすえ","closed":true,"lat":35.298343,"lng":136.960278,"prefecture":23,"lines":[99536],"postal_code":"485-0822","address":"愛知県小牧市上末７５１−２","open_date":"1991-03-25","closed_date":"2006-10-01","voronoi":{"type":"Feature","geometry":{"type":"Polygon","coordinates":[[[136.973787,35.282963],[136.961926,35.316541],[136.953014,35.308785],[136.952769,35.308338],[136.949638,35.280727],[136.960971,35.268411],[136.962254,35.26733],[136.963687,35.266612],[136.972665,35.270683],[136.973787,35.282963]]]},"properties":{}},"extra":true},
    {"code":9953605,"id":"ffe5aa","name":"桃花台西","original_name":"桃花台西","name_kana":"とうかだいにし","closed":true,"lat":35.303416,"lng":136.974639,"prefecture":23,"lines":[99536],"postal_code":"485-0814","address":"愛知県小牧市古雅３丁目９８−５５","open_date":"1991-03-25","closed_date":"2006-10-01","voronoi":{"type":"Feature","geometry":{"type":"Polygon","coordinates":[[[136.974784,35.284915],[136.987976,35.338711],[136.984756,35.337228],[136.961956,35.316608],[136.961926,35.316541],[136.973787,35.282963],[136.974784,35.284915]]]},"properties":{}},"extra":true},
    {"code":9953606,"id":"21103a","name":"桃花台センター","original_name":"桃花台センター","name_kana":"とうかだいせんたー","closed":true,"lat":35.30125,"lng":136.983472,"prefecture":23,"lines":[99536],"postal_code":"485-0814","address":"愛知県小牧市古雅１丁目","open_date":"1991-03-25","closed_date":"2006-10-01","voronoi":{"type":"Feature","geometry":{"type":"Polygon","coordinates":[[[137.019858,35.346981],[137.023851,35.345933],[137.026153,35.343406],[136.974784,35.284915],[136.987976,35.338711],[137.000147,35.346213],[137.019858,35.346981]]]},"properties":{}},"extra":true},
    {"code":9953607,"id":"2bced9","name":"桃花台東","original_name":"桃花台東","name_kana":"とうかだいひがし","closed":true,"lat":35.295639,"lng":136.989861,"prefecture":23,"lines":[99536],"postal_code":"485-0812","address":"愛知県小牧市城山３丁目","open_date":"1991-03-25","closed_date":"2006-10-01","voronoi":{"type":"Feature","geometry":{"type":"Polygon","coordinates":[[[137.03695,35.333128],[137.042644,35.324476],[137.020593,35.286498],[136.987193,35.269423],[136.972665,35.270683],[136.973787,35.282963],[136.974784,35.284915],[137.026153,35.343406],[137.03695,35.333128]]]},"properties":{}},"extra":true}
  ],
  "closed_date":"2006-10-01",
  "extra":true
}