{
  "code":99533,
  "id":"fefdda",
  "name":"北恵那鉄道",
  "name_kana":"きたえなてつどう",
  "station_size":13,
  "closed":true,
  "station_list":[
    {"code":9953301,"id":"8258d4","name":"中津町","original_name":"中津町","name_kana":"なかつまち","closed":true,"lat":35.502805,"lng":137.502797,"prefecture":21,"lines":[99533],"postal_code":"508-0022","address":"岐阜県中津川市北野町２-１２","open_date":"1924-08-05","closed_date":"1978-09-18","voronoi":{"type":"Feature","geometry":{"type":"Polygon","coordinates":[[[137.514193,35.516673],[137.506698,35.514344],[137.492436,35.501285],[137.526011,35.502246],[137.514193,35.516673]]]},"properties":{}},"extra":true},
    {"code":9953302,"id":"d4ec29","name":"恵那峡口","original_name":"恵那峡口","name_kana":"えなきょうぐち","closed":true,"lat":35.511472,"lng":137.494861,"prefecture":21,"lines":[99533],"postal_code":"508-0111","address":"岐阜県中津川市瀬戸９９２−２","open_date":"1925-05-01","closed_date":"1978-09-18","voronoi":{"type":"Feature","geometry":{"type":"Polygon","coordinates":[[[137.492436,35.501285],[137.506698,35.514344],[137.486888,35.518402],[137.473659,35.493932],[137.476596,35.489872],[137.492436,35.501285]]]},"properties":{}},"extra":true},
    {"code":9953303,"id":"5df5be","name":"山之田川","original_name":"山之田川","name_kana":"やまのたがわ","closed":true,"lat":35.521639,"lng":137.496944,"prefecture":21,"lines":[99533],"postal_code":"508-0111","address":"岐阜県中津川市瀬戸１６２０","open_date":"1926-08-15","closed_date":"1978-09-18","voronoi":{"type":"Feature","geometry":{"type":"Polygon","coordinates":[[[137.506698,35.514344],[137.486888,35.518402],[137.486207,35.556523],[137.491094,35.562818],[137.510681,35.550096],[137.514193,35.516673],[137.506698,35.514344]]]},"properties":{}},"extra":true},
    {"code":9953304,"id":"b58289","name":"苗木","original_name":"苗木","name_kana":"なえぎ","closed":true,"lat":35.521278,"lng":137.476722,"prefecture":21,"lines":[99533],"postal_code":"508-0101","address":"岐阜県中津川市苗木３４７２−２２","open_date":"1924-08-05","closed_date":"1978-09-18","voronoi":{"type":"Feature","geometry":{"type":"Polygon","coordinates":[[[137.463759,35.500146],[137.483258,35.554374],[137.486207,35.556523],[137.486888,35.518402],[137.473659,35.493932],[137.463759,35.500146]]]},"properties":{}},"extra":true},
    {"code":9953305,"id":"f49d1f","name":"上苗木","original_name":"上苗木","name_kana":"かみなえぎ","closed":true,"lat":35.524694,"lng":137.467222,"prefecture":21,"lines":[99533],"postal_code":"508-0101","address":"岐阜県中津川市苗木２００９","open_date":"1929-09-19","closed_date":"1978-09-18","voronoi":{"type":"Feature","geometry":{"type":"Polygon","coordinates":[[[137.472274,35.548659],[137.444924,35.507139],[137.463759,35.500146],[137.483258,35.554374],[137.472274,35.548659]]]},"properties":{}},"extra":true},
    {"code":9953306,"id":"d38b15","name":"並松","original_name":"並松","name_kana":"なみまつ","closed":true,"lat":35.534556,"lng":137.45225,"prefecture":21,"lines":[99533],"postal_code":"508-0101","address":"岐阜県中津川市苗木４８−４３２","open_date":"1924-08-05","closed_date":"1978-09-18","voronoi":{"type":"Feature","geometry":{"type":"Polygon","coordinates":[[[137.444924,35.507139],[137.472274,35.548659],[137.471168,35.548542],[137.393238,35.515386],[137.405576,35.508481],[137.444924,35.507139]]]},"properties":{}},"extra":true},
    {"code":9953307,"id":"a611f0","name":"関戸","original_name":"関戸","name_kana":"せきど","closed":true,"lat":35.544611,"lng":137.447972,"prefecture":21,"lines":[99533],"postal_code":"508-0203","address":"岐阜県中津川市福岡","open_date":"1961-09-13","closed_date":"1978-09-18","voronoi":{"type":"Feature","geometry":{"type":"Polygon","coordinates":[[[137.393238,35.515386],[137.353213,35.533358],[137.321588,35.561167],[137.386552,35.559551],[137.471168,35.548542],[137.393238,35.515386]]]},"properties":{}},"extra":true},
    {"code":9953308,"id":"546ba6","name":"美濃福岡","original_name":"美濃福岡","name_kana":"みのふくおか","closed":true,"lat":35.558278,"lng":137.44975,"prefecture":21,"lines":[99533],"postal_code":"508-0203","address":"岐阜県中津川市福岡１０８１−１２","open_date":"1924-08-05","closed_date":"1978-09-18","voronoi":{"type":"Feature","geometry":{"type":"Polygon","coordinates":[[[137.386552,35.559551],[137.471168,35.548542],[137.472274,35.548659],[137.483258,35.554374],[137.486207,35.556523],[137.491094,35.562818],[137.490565,35.565519],[137.482137,35.567633],[137.386552,35.559551]]]},"properties":{}},"extra":true},
    {"code":9953309,"id":"b13b6e","name":"栗本","original_name":"栗本","name_kana":"くりもと","closed":true,"lat":35.571417,"lng":137.448639,"prefecture":21,"lines":[99533],"postal_code":"508-0203","address":"岐阜県中津川市福岡１０−１","open_date":"1949-05-26","closed_date":"1978-09-18","voronoi":{"type":"Feature","geometry":{"type":"Polygon","coordinates":[[[137.411727,35.601006],[137.317161,35.589684],[137.316414,35.564829],[137.321588,35.561167],[137.386552,35.559551],[137.482137,35.567633],[137.411727,35.601006]]]},"properties":{}},"extra":true},
    {"code":9953310,"id":"e8dab7","name":"美濃下野","original_name":"美濃下野","name_kana":"みのしもの","closed":true,"lat":35.591167,"lng":137.458,"prefecture":21,"lines":[99533],"postal_code":"508-0201","address":"岐阜県中津川市田瀬６３５−１３","open_date":"1924-08-05","closed_date":"1978-09-18","voronoi":{"type":"Feature","geometry":{"type":"Polygon","coordinates":[[[137.434209,35.60772],[137.498862,35.601302],[137.490565,35.565519],[137.482137,35.567633],[137.411727,35.601006],[137.423995,35.605515],[137.434209,35.60772]]]},"properties":{}},"extra":true},
    {"code":9953311,"id":"191bfd","name":"田瀬","original_name":"田瀬","name_kana":"たせ","closed":true,"lat":35.619272,"lng":137.46079,"prefecture":21,"lines":[99533],"postal_code":"508-0201","address":"岐阜県中津川市田瀬１０１９−８","open_date":"1924-08-05","closed_date":"1978-09-18","voronoi":{"type":"Feature","geometry":{"type":"Polygon","coordinates":[[[137.529331,35.691397],[137.434209,35.60772],[137.498862,35.601302],[137.510223,35.61903],[137.53137,35.679173],[137.529331,35.691397]]]},"properties":{}},"extra":true},
    {"code":9953312,"id":"88bd79","name":"稲荷橋","original_name":"稲荷橋","name_kana":"いなりばし","closed":true,"lat":35.632611,"lng":137.449056,"prefecture":21,"lines":[99533],"postal_code":"508-0351","address":"岐阜県中津川市付知町稲荷８５７６","open_date":"1928-05-01","closed_date":"1978-09-18","voronoi":{"type":"Feature","geometry":{"type":"Polygon","coordinates":[[[137.529331,35.691397],[137.434209,35.60772],[137.423995,35.605515],[137.522238,35.747072],[137.526653,35.726641],[137.529331,35.691397]]]},"properties":{}},"extra":true},
    {"code":9953313,"id":"6af2e2","name":"下付知","original_name":"下付知","name_kana":"しもつけち","closed":true,"lat":35.638472,"lng":137.440611,"prefecture":21,"lines":[99533],"postal_code":"508-0351","address":"岐阜県中津川市付知町野尻","open_date":"1924-08-05","closed_date":"1978-09-18","voronoi":{"type":"Feature","geometry":{"type":"Polygon","coordinates":[[[137.411727,35.601006],[137.317161,35.589684],[137.312396,35.610301],[137.311439,35.657162],[137.330904,35.710728],[137.449997,35.854057],[137.461776,35.860979],[137.467681,35.863464],[137.507563,35.814327],[137.51158,35.807355],[137.522238,35.747072],[137.423995,35.605515],[137.411727,35.601006]]]},"properties":{}},"extra":true}
  ],
  "closed_date":"1978-09-18",
  "extra":true
}