{
  "code":99530,
  "id":"68703b",
  "name":"伊勢鉄道",
  "name_kana":"いせてつどう",
  "name_formal":"伊勢鉄道伊勢線",
  "station_size":10,
  "company_code":187,
  "closed":false,
  "station_list":[
    {"code":1150814,"id":"e55b33","name":"河原田","original_name":"河原田","name_kana":"かわらだ","closed":false,"lat":34.910684,"lng":136.598527,"prefecture":24,"numbering":["3"],"lines":[11508,99530],"attr":"eco","postal_code":"510-0874","address":"四日市市河原田町","voronoi":{"type":"Feature","geometry":{"type":"Polygon","coordinates":[[[136.581237,34.909129],[136.584748,34.900766],[136.596777,34.893708],[136.605173,34.891224],[136.606204,34.891999],[136.613827,34.903122],[136.609758,34.922511],[136.608854,34.923472],[136.605376,34.92312],[136.594292,34.919303],[136.581237,34.909129]]]},"properties":{}},"extra":false},
    {"code":9953002,"id":"61fbf7","name":"鈴鹿","original_name":"鈴鹿","name_kana":"すずか","closed":false,"lat":34.878513,"lng":136.589009,"prefecture":24,"numbering":["4"],"lines":[99530],"attr":"eco","postal_code":"513-0035","address":"鈴鹿市矢橋町１丁目１１","voronoi":{"type":"Feature","geometry":{"type":"Polygon","coordinates":[[[136.605281,34.887401],[136.582027,34.86478],[136.575929,34.869722],[136.596777,34.893708],[136.605173,34.891224],[136.605281,34.887401]]]},"properties":{}},"extra":false},
    {"code":9953003,"id":"7239d1","name":"玉垣","original_name":"玉垣","name_kana":"たまがき","closed":false,"lat":34.855104,"lng":136.570038,"prefecture":24,"numbering":["5"],"lines":[99530],"attr":"eco","postal_code":"513-0817","address":"鈴鹿市桜島町１丁目２０","voronoi":{"type":"Feature","geometry":{"type":"Polygon","coordinates":[[[136.574673,34.870279],[136.555751,34.864464],[136.552007,34.859296],[136.571231,34.838932],[136.575716,34.84068],[136.589169,34.852996],[136.589172,34.853406],[136.582027,34.86478],[136.575929,34.869722],[136.574673,34.870279]]]},"properties":{}},"extra":false},
    {"code":9953004,"id":"9e9024","name":"鈴鹿サーキット稲生","original_name":"鈴鹿サーキット稲生","name_kana":"すずかさーきっといのう","closed":false,"lat":34.841053,"lng":136.555154,"prefecture":24,"numbering":["6"],"lines":[99530],"attr":"eco","postal_code":"510-0201","address":"鈴鹿市稲生町西３丁目８","voronoi":{"type":"Feature","geometry":{"type":"Polygon","coordinates":[[[136.527621,34.850172],[136.560018,34.825866],[136.565251,34.828391],[136.571231,34.838932],[136.552007,34.859296],[136.527621,34.850172]]]},"properties":{}},"extra":false},
    {"code":9953005,"id":"24282e","name":"徳田(三重)","original_name":"徳田","name_kana":"とくだ","closed":false,"lat":34.826288,"lng":136.544077,"prefecture":24,"numbering":["7"],"lines":[99530],"attr":"eco","postal_code":"510-0251","address":"鈴鹿市徳田町","voronoi":{"type":"Feature","geometry":{"type":"Polygon","coordinates":[[[136.527621,34.850172],[136.520513,34.849928],[136.508948,34.835781],[136.511604,34.82159],[136.555856,34.818318],[136.560018,34.825866],[136.527621,34.850172]]]},"properties":{}},"extra":false},
    {"code":9953006,"id":"a7a9c7","name":"中瀬古","original_name":"中瀬古","name_kana":"なかせこ","closed":false,"lat":34.812167,"lng":136.543033,"prefecture":24,"numbering":["8"],"lines":[99530],"attr":"cool","postal_code":"510-0259","address":"鈴鹿市中瀬古町字杉山","voronoi":{"type":"Feature","geometry":{"type":"Polygon","coordinates":[[[136.550278,34.805959],[136.511154,34.807764],[136.511604,34.82159],[136.555856,34.818318],[136.555973,34.811449],[136.550278,34.805959]]]},"properties":{}},"extra":false},
    {"code":9953007,"id":"01c546","name":"伊勢上野","original_name":"伊勢上野","name_kana":"いせうえの","closed":false,"lat":34.800444,"lng":136.542492,"prefecture":24,"numbering":["9"],"lines":[99530],"attr":"cool","postal_code":"510-0304","address":"津市河芸町上野","voronoi":{"type":"Feature","geometry":{"type":"Polygon","coordinates":[[[136.511154,34.807764],[136.510787,34.806094],[136.533915,34.792403],[136.548441,34.79305],[136.550278,34.805959],[136.511154,34.807764]]]},"properties":{}},"extra":false},
    {"code":9953008,"id":"94a847","name":"河芸","original_name":"河芸","name_kana":"かわげ","closed":false,"lat":34.781015,"lng":136.53099,"prefecture":24,"numbering":["10"],"lines":[99530],"attr":"cool","postal_code":"510-0314","address":"津市河芸町浜田","voronoi":{"type":"Feature","geometry":{"type":"Polygon","coordinates":[[[136.533915,34.792403],[136.539168,34.776946],[136.517095,34.773642],[136.511399,34.77846],[136.502685,34.793565],[136.510787,34.806094],[136.533915,34.792403]]]},"properties":{}},"extra":false},
    {"code":9953009,"id":"bd757e","name":"東一身田","original_name":"東一身田","name_kana":"ひがしいしんでん","closed":false,"lat":34.758717,"lng":136.512126,"prefecture":24,"numbering":["11"],"lines":[99530],"attr":"heat","postal_code":"514-0111","address":"津市一身田平野","voronoi":{"type":"Feature","geometry":{"type":"Polygon","coordinates":[[[136.502372,34.750141],[136.511399,34.77846],[136.517095,34.773642],[136.521728,34.765722],[136.50936,34.751074],[136.502372,34.750141]]]},"properties":{}},"extra":false},
    {"code":1151004,"id":"e0a200","name":"津","original_name":"津","name_kana":"つ","closed":false,"lat":34.73422,"lng":136.510486,"prefecture":24,"numbering":["12"],"lines":[11510,31027,99530],"attr":"heat","postal_code":"514-0009","address":"津市羽所町","voronoi":{"type":"Feature","geometry":{"type":"Polygon","coordinates":[[[136.480313,34.738926],[136.495931,34.745],[136.584938,34.714054],[136.602277,34.70356],[136.58635,34.703067],[136.520836,34.716197],[136.480313,34.738926]]]},"properties":{}},"extra":false}
  ],
  "extra":false
}