{
  "code":99537,
  "id":"5d4377",
  "name":"豊橋鉄道田口線",
  "name_kana":"とよはしてつどうたぐちせん",
  "station_size":11,
  "company_code":181,
  "closed":true,
  "station_list":[
    {"code":1141319,"id":"377bd1","name":"本長篠","original_name":"本長篠","name_kana":"ほんながしの","closed":false,"lat":34.932664,"lng":137.576848,"prefecture":23,"lines":[11413,99537],"attr":"cool","postal_code":"441-1634","address":"新城市長篠","voronoi":{"type":"Feature","geometry":{"type":"Polygon","coordinates":[[[137.586795,34.946563],[137.565471,34.939008],[137.604692,34.869381],[137.625196,34.876409],[137.632578,34.880828],[137.634479,34.88223],[137.586795,34.946563]]]},"properties":{}},"extra":false},
    {"code":9953702,"id":"818cad","name":"三河大草","original_name":"三河大草","name_kana":"みかわおおくさ","closed":true,"lat":34.951099,"lng":137.570316,"prefecture":23,"lines":[99537],"postal_code":"441-1636","address":"愛知県新城市富保西谷下２１","open_date":"1930-04-13","closed_date":"1968-09-01","voronoi":{"type":"Feature","geometry":{"type":"Polygon","coordinates":[[[137.565471,34.939008],[137.559937,34.940179],[137.541014,34.959734],[137.586414,34.959833],[137.586795,34.946563],[137.565471,34.939008]]]},"properties":{}},"extra":true},
    {"code":9953703,"id":"26765a","name":"鳳来寺","original_name":"鳳来寺","name_kana":"ほうらいじ","closed":true,"lat":34.968497,"lng":137.570278,"prefecture":23,"lines":[99537],"postal_code":"441-1944","address":"愛知県新城市門谷笠川１７−１","open_date":"1929-05-22","closed_date":"1968-09-01","voronoi":{"type":"Feature","geometry":{"type":"Polygon","coordinates":[[[137.590653,34.990664],[137.535962,34.96258],[137.541014,34.959734],[137.586414,34.959833],[137.59162,34.97018],[137.590653,34.990664]]]},"properties":{}},"extra":true},
    {"code":9953704,"id":"555e05","name":"玖老勢","original_name":"玖老勢","name_kana":"くろぜ","closed":true,"lat":34.987021,"lng":137.560766,"prefecture":23,"lines":[99537],"postal_code":"441-1945","address":"愛知県新城市玖老勢野林２４−１０","open_date":"1929-05-22","closed_date":"1968-09-01","voronoi":{"type":"Feature","geometry":{"type":"Polygon","coordinates":[[[137.590653,34.990664],[137.590807,34.991152],[137.590471,35.004065],[137.495475,34.97413],[137.502994,34.969587],[137.535962,34.96258],[137.590653,34.990664]]]},"properties":{}},"extra":true},
    {"code":9953705,"id":"22a499","name":"三河大石","original_name":"三河大石","name_kana":"みかわおおいし","closed":true,"lat":35.001,"lng":137.556361,"prefecture":23,"lines":[99537],"postal_code":"441-1946","address":"愛知県新城市副川土林２４−６","open_date":"1929-05-22","closed_date":"1968-09-01","voronoi":{"type":"Feature","geometry":{"type":"Polygon","coordinates":[[[137.495475,34.97413],[137.590471,35.004065],[137.592105,35.012579],[137.489259,35.007817],[137.453114,34.996668],[137.482351,34.980201],[137.495475,34.97413]]]},"properties":{}},"extra":true},
    {"code":9953706,"id":"c206f6","name":"三河海老","original_name":"三河海老","name_kana":"みかわえび","closed":true,"lat":35.020806,"lng":137.555444,"prefecture":23,"lines":[99537],"postal_code":"441-1943","address":"愛知県新城市海老千原田２５","open_date":"1929-05-22","closed_date":"1968-09-01","voronoi":{"type":"Feature","geometry":{"type":"Polygon","coordinates":[[[137.592105,35.012579],[137.489259,35.007817],[137.530278,35.027466],[137.598186,35.024956],[137.592105,35.012579]]]},"properties":{}},"extra":true},
    {"code":9953707,"id":"f135c9","name":"滝上","original_name":"滝上","name_kana":"たきうえ","closed":true,"lat":35.03225,"lng":137.555867,"prefecture":23,"lines":[99537],"postal_code":"441-1943","address":"愛知県新城市海老池貝津２８−１４","open_date":"1949-08-03","closed_date":"1968-09-01","voronoi":{"type":"Feature","geometry":{"type":"Polygon","coordinates":[[[137.530278,35.027466],[137.598186,35.024956],[137.619387,35.056595],[137.557739,35.049154],[137.530278,35.027466]]]},"properties":{}},"extra":true},
    {"code":9953708,"id":"52e227","name":"田峯","original_name":"田峯","name_kana":"だみね","closed":true,"lat":35.05125,"lng":137.540861,"prefecture":23,"lines":[99537],"postal_code":"441-2221","address":"愛知県北設楽郡設楽町田峯竹桑田５","open_date":"1930-12-10","closed_date":"1968-09-01","voronoi":{"type":"Feature","geometry":{"type":"Polygon","coordinates":[[[137.547095,35.057621],[137.378212,35.060503],[137.368834,35.028233],[137.369796,35.026526],[137.389459,35.016904],[137.391091,35.016269],[137.450415,34.997373],[137.453114,34.996668],[137.489259,35.007817],[137.530278,35.027466],[137.557739,35.049154],[137.547095,35.057621]]]},"properties":{}},"extra":true},
    {"code":9953709,"id":"db3f94","name":"長原前","original_name":"長原前","name_kana":"ながらまえ","closed":true,"lat":35.0642,"lng":137.541082,"prefecture":23,"lines":[99537],"postal_code":"441-2221","address":"愛知県北設楽郡設楽町田峯長原２７","open_date":"1950-10-01","closed_date":"1968-09-01","voronoi":{"type":"Feature","geometry":{"type":"Polygon","coordinates":[[[137.378212,35.060503],[137.398827,35.14364],[137.420519,35.157421],[137.544832,35.083998],[137.547095,35.057621],[137.378212,35.060503]]]},"properties":{}},"extra":true},
    {"code":9953710,"id":"3849b4","name":"清崎","original_name":"清崎","name_kana":"きよさき","closed":true,"lat":35.065128,"lng":137.551899,"prefecture":23,"lines":[99537],"postal_code":"441-2302","address":"愛知県北設楽郡清崎岩井設楽町","open_date":"1930-12-10","closed_date":"1968-09-01","voronoi":{"type":"Feature","geometry":{"type":"Polygon","coordinates":[[[137.619387,35.056595],[137.622789,35.059667],[137.624525,35.062736],[137.544832,35.083998],[137.547095,35.057621],[137.557739,35.049154],[137.619387,35.056595]]]},"properties":{}},"extra":true},
    {"code":9953711,"id":"55b17c","name":"三河田口","original_name":"三河田口","name_kana":"みかわたぐち","closed":true,"lat":35.09684,"lng":137.56036,"prefecture":23,"lines":[99537],"postal_code":"441-2301","address":"愛知県北設楽郡設楽町田口４","open_date":"1932-12-22","closed_date":"1968-09-01","voronoi":{"type":"Feature","geometry":{"type":"Polygon","coordinates":[[[137.667431,35.131574],[137.678407,35.174058],[137.646627,35.261684],[137.629979,35.288275],[137.629738,35.288494],[137.585473,35.273676],[137.530208,35.248074],[137.420519,35.157421],[137.544832,35.083998],[137.624525,35.062736],[137.643928,35.083876],[137.663608,35.122925],[137.667431,35.131574]]]},"properties":{}},"extra":true}
  ],
  "closed_date":"1968-09-01",
  "extra":true
}