{
  "code":99603,
  "id":"ddcf8a",
  "name":"近江鉄道八日市線",
  "name_kana":"おうみてつどうようかいちせん",
  "station_size":7,
  "company_code":190,
  "closed":false,
  "color":"#4BC560",
  "station_list":[
    {"code":9960112,"id":"b0f2fd","name":"八日市","original_name":"八日市","name_kana":"ようかいち","closed":false,"lat":35.114264,"lng":136.194582,"prefecture":25,"lines":[99601,99603],"attr":"eco","postal_code":"527-0011","address":"東近江市八日市浜野町４８５","voronoi":{"type":"Feature","geometry":{"type":"Polygon","coordinates":[[[136.312019,35.112361],[136.296994,35.116927],[136.18158,35.125881],[136.185225,35.119034],[136.208819,35.098259],[136.252722,35.081721],[136.264275,35.081536],[136.304129,35.086902],[136.334618,35.094333],[136.312019,35.112361]]]},"properties":{}},"extra":false},
    {"code":9960302,"id":"4142a0","name":"新八日市","original_name":"新八日市","name_kana":"しんようかいち","closed":false,"lat":35.110356,"lng":136.191141,"prefecture":25,"lines":[99603],"attr":"eco","postal_code":"527-0018","address":"東近江市八日市清水２-１３７-２","voronoi":{"type":"Feature","geometry":{"type":"Polygon","coordinates":[[[136.185225,35.119034],[136.189115,35.103048],[136.208819,35.098259],[136.185225,35.119034]]]},"properties":{}},"extra":false},
    {"code":9960303,"id":"c9e0c3","name":"太郎坊宮前","original_name":"太郎坊宮前","name_kana":"たろぼうぐうまえ","closed":false,"lat":35.108608,"lng":136.183958,"prefecture":25,"lines":[99603],"attr":"eco","postal_code":"527-0091","address":"東近江市小脇町７５３-５","voronoi":{"type":"Feature","geometry":{"type":"Polygon","coordinates":[[[136.18158,35.125881],[136.168085,35.132067],[136.176533,35.099556],[136.189115,35.103048],[136.185225,35.119034],[136.18158,35.125881]]]},"properties":{}},"extra":false},
    {"code":9960304,"id":"f260f6","name":"市辺","original_name":"市辺","name_kana":"いちのべ","closed":false,"lat":35.103848,"lng":136.165641,"prefecture":25,"lines":[99603],"attr":"cool","postal_code":"527-0074","address":"東近江市市辺町２８０１","voronoi":{"type":"Feature","geometry":{"type":"Polygon","coordinates":[[[136.165396,35.134677],[136.145503,35.075363],[136.167182,35.086345],[136.175082,35.095687],[136.176533,35.099556],[136.168085,35.132067],[136.165396,35.134677]]]},"properties":{}},"extra":false},
    {"code":9960305,"id":"289dfd","name":"平田(滋賀)","original_name":"平田","name_kana":"ひらた","closed":false,"lat":35.11023,"lng":136.146612,"prefecture":25,"lines":[99603],"attr":"cool","postal_code":"527-0087","address":"東近江市平田町１２１-２","voronoi":{"type":"Feature","geometry":{"type":"Polygon","coordinates":[[[136.165396,35.134677],[136.145503,35.075363],[136.120892,35.051939],[136.143047,35.127564],[136.164565,35.136317],[136.165396,35.134677]]]},"properties":{}},"extra":false},
    {"code":9960306,"id":"1ca386","name":"武佐(滋賀)","original_name":"武佐","name_kana":"むさ","closed":false,"lat":35.114894,"lng":136.130692,"prefecture":25,"lines":[99603],"attr":"heat","postal_code":"523-0013","address":"近江八幡市長光寺町５５-３","voronoi":{"type":"Feature","geometry":{"type":"Polygon","coordinates":[[[136.107115,35.084748],[136.119826,35.129929],[136.143047,35.127564],[136.120892,35.051939],[136.120744,35.051757],[136.115271,35.054073],[136.107115,35.084748]]]},"properties":{}},"extra":false},
    {"code":1160108,"id":"fd5319","name":"近江八幡","original_name":"近江八幡","name_kana":"おうみはちまん","closed":false,"lat":35.122765,"lng":136.102715,"prefecture":25,"lines":[11601,99603],"attr":"cool","postal_code":"523-0891","address":"近江八幡市鷹飼町","voronoi":{"type":"Feature","geometry":{"type":"Polygon","coordinates":[[[136.107115,35.084748],[136.034098,35.180926],[136.038968,35.187762],[136.05786,35.19951],[136.070783,35.206569],[136.119826,35.129929],[136.107115,35.084748]]]},"properties":{}},"extra":false}
  ],
  "extra":false
}