{
  "code":99611,
  "id":483,
  "name":"京都市営地下鉄東西線",
  "name_kana":"きょうとしえいちかてつとうざいせん",
  "station_size":17,
  "company_code":195,
  "closed":false,
  "color":"#FF4500",
  "symbol":"T",
  "station_list":[
    {"code":1161806,"id":3058,"name":"六地蔵(JR)","original_name":"六地蔵","name_kana":"ろくじぞう","closed":false,"lat":34.932843,"lng":135.797335,"prefecture":26,"numbering":["T01"],"lines":[11618,99611],"attr":"heat","postal_code":"612-8007","address":"京都市伏見区桃山町因幡2","voronoi":{"type":"Feature","geometry":{"type":"Polygon","coordinates":[[[135.798602,34.928999],[135.795933,34.929491],[135.793107,34.943221],[135.807545,34.930776],[135.798602,34.928999]]]},"properties":{}},"extra":false},
    {"code":9961102,"id":7942,"name":"石田(京都)","original_name":"石田","name_kana":"いしだ","closed":false,"lat":34.940569,"lng":135.803995,"prefecture":26,"numbering":["T02"],"lines":[99611],"attr":"eco","postal_code":"601-1434","address":"京都市伏見区石田森南町","voronoi":{"type":"Feature","geometry":{"type":"Polygon","coordinates":[[[135.792823,34.955355],[135.790428,34.946564],[135.793107,34.943221],[135.807545,34.930776],[135.820644,34.9265],[135.836395,34.926313],[135.792823,34.955355]]]},"properties":{}},"extra":false},
    {"code":9961103,"id":7943,"name":"醍醐(京都)","original_name":"醍醐","name_kana":"だいご","closed":false,"lat":34.950732,"lng":135.810769,"prefecture":26,"numbering":["T03"],"lines":[99611],"attr":"eco","postal_code":"601-1375","address":"京都市伏見区醍醐高畑町","voronoi":{"type":"Feature","geometry":{"type":"Polygon","coordinates":[[[135.863794,34.921177],[135.859513,34.945392],[135.857494,34.947407],[135.792527,34.959576],[135.792823,34.955355],[135.836395,34.926313],[135.863794,34.921177]]]},"properties":{}},"extra":false},
    {"code":9961104,"id":7944,"name":"小野(京都)","original_name":"小野","name_kana":"おの","closed":false,"lat":34.961218,"lng":135.812733,"prefecture":26,"numbering":["T04"],"lines":[99611],"attr":"eco","postal_code":"607-8258","address":"京都市山科区小野西浦","voronoi":{"type":"Feature","geometry":{"type":"Polygon","coordinates":[[[135.857494,34.947407],[135.792527,34.959576],[135.791519,34.962462],[135.792578,34.970495],[135.842464,34.962113],[135.852059,34.954243],[135.857494,34.947407]]]},"properties":{}},"extra":false},
    {"code":9961105,"id":7945,"name":"椥辻","original_name":"椥辻","name_kana":"なぎつじ","closed":false,"lat":34.972675,"lng":135.814658,"prefecture":26,"numbering":["T05"],"lines":[99611],"attr":"eco","postal_code":"607-8162","address":"京都市山科区椥辻草海道町","voronoi":{"type":"Feature","geometry":{"type":"Polygon","coordinates":[[[135.792385,34.975673],[135.792316,34.972441],[135.792578,34.970495],[135.842464,34.962113],[135.83307,34.973559],[135.800879,34.980386],[135.792456,34.975716],[135.792385,34.975673]]]},"properties":{}},"extra":false},
    {"code":9961106,"id":7946,"name":"東野(京都)","original_name":"東野","name_kana":"ひがしの","closed":false,"lat":34.981841,"lng":135.816602,"prefecture":26,"numbering":["T06"],"lines":[99611],"attr":"eco","postal_code":"607-8156","address":"京都市山科区東野片下り町","voronoi":{"type":"Feature","geometry":{"type":"Polygon","coordinates":[[[135.820318,34.986858],[135.83035,34.979486],[135.83307,34.973559],[135.800879,34.980386],[135.807354,34.987154],[135.820318,34.986858]]]},"properties":{}},"extra":false},
    {"code":1160119,"id":2759,"name":"山科","original_name":"山科","name_kana":"やましな","closed":false,"lat":34.992636,"lng":135.816647,"prefecture":26,"numbering":["T07"],"lines":[11601,11605,99611],"attr":"heat","postal_code":"607-8009","address":"京都市山科区安朱北屋敷町","voronoi":{"type":"Feature","geometry":{"type":"Polygon","coordinates":[[[135.819835,35.028467],[135.820904,35.02729],[135.823482,35.023961],[135.820445,34.993504],[135.808014,34.989589],[135.815318,35.020718],[135.819835,35.028467]]]},"properties":{}},"extra":false},
    {"code":3300706,"id":6058,"name":"御陵","original_name":"御陵","name_kana":"みささぎ","closed":false,"lat":34.996158,"lng":135.801637,"prefecture":26,"numbering":["T08"],"lines":[33007,99611],"attr":"heat","postal_code":"607-8424","address":"京都市山科区御陵原西町１７-４","voronoi":{"type":"Feature","geometry":{"type":"Polygon","coordinates":[[[135.807808,35.013505],[135.792456,34.975716],[135.800879,34.980386],[135.807354,34.987154],[135.808014,34.989589],[135.815318,35.020718],[135.807808,35.013505]]]},"properties":{}},"extra":false},
    {"code":9961109,"id":7947,"name":"蹴上","original_name":"蹴上","name_kana":"けあげ","closed":false,"lat":35.008037,"lng":135.790227,"prefecture":26,"numbering":["T09"],"lines":[99611],"attr":"heat","postal_code":"605-0044","address":"京都市東山区東小物座町","voronoi":{"type":"Feature","geometry":{"type":"Polygon","coordinates":[[[135.807808,35.013505],[135.815318,35.020718],[135.819835,35.028467],[135.819811,35.028548],[135.813217,35.028036],[135.805165,35.026512],[135.784508,35.002883],[135.784474,35.002647],[135.802081,35.00847],[135.807808,35.013505]]]},"properties":{}},"extra":false},
    {"code":9961110,"id":7948,"name":"東山(京都)","original_name":"東山","name_kana":"ひがしやま","closed":false,"lat":35.009425,"lng":135.780448,"prefecture":26,"numbering":["T10"],"lines":[99611],"attr":"heat","postal_code":"605-0022","address":"京都市東山区大井手町","voronoi":{"type":"Feature","geometry":{"type":"Polygon","coordinates":[[[135.784508,35.002883],[135.784474,35.002647],[135.781721,34.998394],[135.779348,35.001906],[135.779783,35.016922],[135.784886,35.022047],[135.784929,35.022046],[135.784508,35.002883]]]},"properties":{}},"extra":false},
    {"code":9961111,"id":7949,"name":"三条京阪","original_name":"三条京阪","name_kana":"さんじょうけいはん","closed":false,"lat":35.009278,"lng":135.773773,"prefecture":26,"numbering":["T11"],"lines":[99611],"attr":"heat","postal_code":"605-0009","address":"京都市東山区大橋町","voronoi":{"type":"Feature","geometry":{"type":"Polygon","coordinates":[[[135.776044,35.013959],[135.772571,35.013334],[135.77302,35.009227],[135.775558,35.005611],[135.776392,35.005341],[135.776044,35.013959]]]},"properties":{}},"extra":false},
    {"code":9961112,"id":7950,"name":"京都市役所前","original_name":"京都市役所前","name_kana":"きょうとしやくしょまえ","closed":false,"lat":35.011003,"lng":135.768829,"prefecture":26,"numbering":["T12"],"lines":[99611],"attr":"heat","postal_code":"604-0084","address":"京都市中京区下丸屋町","voronoi":{"type":"Feature","geometry":{"type":"Polygon","coordinates":[[[135.765937,35.016714],[135.764083,35.013611],[135.764434,35.006971],[135.769082,35.007378],[135.772348,35.013334],[135.765937,35.016714]]]},"properties":{}},"extra":false},
    {"code":9961008,"id":7936,"name":"烏丸御池","original_name":"烏丸御池","name_kana":"からすまおいけ","closed":false,"lat":35.010517,"lng":135.759638,"prefecture":26,"numbering":["T13"],"lines":[99610,99611],"attr":"eco","postal_code":"604-8171","address":"京都市中京区虎屋町","voronoi":{"type":"Feature","geometry":{"type":"Polygon","coordinates":[[[135.754495,35.007468],[135.755395,35.013465],[135.764083,35.013611],[135.764434,35.006971],[135.764257,35.006713],[135.754495,35.007468]]]},"properties":{}},"extra":false},
    {"code":9961114,"id":7951,"name":"二条城前","original_name":"二条城前","name_kana":"にじょうじょうまえ","closed":false,"lat":35.011892,"lng":135.750473,"prefecture":26,"numbering":["T14"],"lines":[99611],"attr":"eco","postal_code":"604-8301","address":"京都市中京区二条城町","voronoi":{"type":"Feature","geometry":{"type":"Polygon","coordinates":[[[135.755395,35.013465],[135.750357,35.023259],[135.745417,35.025668],[135.744699,35.02476],[135.746403,35.008403],[135.753908,35.006852],[135.754495,35.007468],[135.755395,35.013465]]]},"properties":{}},"extra":false},
    {"code":1161403,"id":2955,"name":"二条","original_name":"二条","name_kana":"にじょう","closed":false,"lat":35.010978,"lng":135.741701,"prefecture":26,"numbering":["T15"],"lines":[11614,99611],"attr":"heat","postal_code":"604-8415","address":"京都市中京区西ノ京栂尾町","voronoi":{"type":"Feature","geometry":{"type":"Polygon","coordinates":[[[135.744772,35.006847],[135.740413,35.0031],[135.738306,35.005749],[135.736441,35.01128],[135.736443,35.015007],[135.741235,35.022471],[135.744699,35.02476],[135.746403,35.008403],[135.744772,35.006847]]]},"properties":{}},"extra":false},
    {"code":9961116,"id":7952,"name":"西大路御池","original_name":"西大路御池","name_kana":"にしおおじおいけ","closed":false,"lat":35.010983,"lng":135.731181,"prefecture":26,"numbering":["T16"],"lines":[99611],"attr":"cool","postal_code":"604-0000","address":"京都市中京区西ノ京","voronoi":{"type":"Feature","geometry":{"type":"Polygon","coordinates":[[[135.736441,35.01128],[135.736443,35.015007],[135.725703,35.014117],[135.727789,35.007803],[135.736441,35.01128]]]},"properties":{}},"extra":false},
    {"code":9961117,"id":7953,"name":"太秦天神川","original_name":"太秦天神川","name_kana":"うずまさてんじんがわ","closed":false,"lat":35.010816,"lng":135.716085,"prefecture":26,"numbering":["T17"],"lines":[99611],"attr":"cool","postal_code":"616-0000","address":"京都市右京区太秦","voronoi":{"type":"Feature","geometry":{"type":"Polygon","coordinates":[[[135.714698,35.011821],[135.718556,35.006516],[135.721119,35.013837],[135.715821,35.015047],[135.714698,35.011821]]]},"properties":{}},"extra":false}
  ],
  "extra":false
}