{
  "code":99614,
  "id":486,
  "name":"北大阪急行線",
  "name_kana":"きたおおさかきゅうこうせん",
  "station_size":7,
  "company_code":197,
  "closed":false,
  "color":"#E5171F",
  "symbol":"M",
  "station_list":[
    {"code":9961407,"id":20132,"name":"万国博中央口","original_name":"万国博中央口","name_kana":"ばんこくはくちゅうおうぐち","closed":true,"lat":34.807526,"lng":135.532127,"prefecture":27,"lines":[99614],"postal_code":"565-0826","address":"大阪府吹田市千里万博公園１０","open_date":"1970-02-24","closed_date":"1970-09-14","voronoi":{"type":"Feature","geometry":{"type":"Polygon","coordinates":[[[135.528785,34.812558],[135.537048,34.793742],[135.540295,34.79767],[135.533821,34.813534],[135.528785,34.812558]]]},"properties":{}},"extra":true},
    {"code":9961406,"id":9410,"name":"箕面萱野","original_name":"箕面萱野","name_kana":"みのおかやの","closed":false,"lat":34.831649,"lng":135.488976,"prefecture":27,"numbering":["M06"],"lines":[99614],"attr":"eco","postal_code":"562-0034","address":"大阪府箕面市西宿１丁目１４","open_date":"2024-03-23","voronoi":{"type":"Feature","geometry":{"type":"Polygon","coordinates":[[[135.507375,34.839537],[135.501239,34.828006],[135.478214,34.825202],[135.477728,34.826575],[135.484105,34.874686],[135.507198,34.841799],[135.507375,34.839537]]]},"properties":{}},"extra":false},
    {"code":9961405,"id":9409,"name":"箕面船場阪大前","original_name":"箕面船場阪大前","name_kana":"みのおせんばはんだいまえ","closed":false,"lat":34.821526,"lng":135.490209,"prefecture":27,"numbering":["M07"],"lines":[99614],"attr":"eco","postal_code":"562-0035","address":"大阪府箕面市船場東３丁目１-１５ニチメンインフィニティ商品センター","open_date":"2024-03-23","voronoi":{"type":"Feature","geometry":{"type":"Polygon","coordinates":[[[135.501239,34.828006],[135.478214,34.825202],[135.477601,34.817359],[135.48407,34.811857],[135.500449,34.818039],[135.501239,34.828006]]]},"properties":{}},"extra":false},
    {"code":9961404,"id":7974,"name":"千里中央","original_name":"千里中央","name_kana":"せんりちゅうおう","closed":false,"lat":34.808655,"lng":135.495067,"prefecture":27,"numbering":["M08"],"lines":[99614,99626],"attr":"eco","postal_code":"560-0082","address":"豊中市新千里東町１-５-４","voronoi":{"type":"Feature","geometry":{"type":"Polygon","coordinates":[[[135.48407,34.811857],[135.486756,34.799939],[135.504119,34.802371],[135.504592,34.802771],[135.506124,34.809921],[135.500449,34.818039],[135.48407,34.811857]]]},"properties":{}},"extra":false},
    {"code":9961403,"id":7975,"name":"桃山台","original_name":"桃山台","name_kana":"ももやまだい","closed":false,"lat":34.793842,"lng":135.497142,"prefecture":27,"numbering":["M09"],"lines":[99614],"attr":"eco","postal_code":"565-0854","address":"吹田市桃山台５-１-１","voronoi":{"type":"Feature","geometry":{"type":"Polygon","coordinates":[[[135.49739,34.784192],[135.481421,34.785753],[135.48069,34.787326],[135.486756,34.799939],[135.504119,34.802371],[135.502191,34.786867],[135.49739,34.784192]]]},"properties":{}},"extra":false},
    {"code":9961402,"id":7976,"name":"緑地公園","original_name":"緑地公園","name_kana":"りょくちこうえん","closed":false,"lat":34.774772,"lng":135.495278,"prefecture":27,"numbering":["M10"],"lines":[99614],"attr":"heat","postal_code":"561-0871","address":"豊中市東寺内町１８-１","voronoi":{"type":"Feature","geometry":{"type":"Polygon","coordinates":[[[135.481421,34.785753],[135.480599,34.779812],[135.481127,34.77588],[135.487046,34.76572],[135.498673,34.767047],[135.501295,34.774562],[135.49739,34.784192],[135.481421,34.785753]]]},"properties":{}},"extra":false},
    {"code":9961401,"id":7977,"name":"江坂","original_name":"江坂","name_kana":"えさか","closed":false,"lat":34.758755,"lng":135.497106,"prefecture":27,"numbering":["M11"],"lines":[99614,99618],"attr":"heat","postal_code":"564-0051","address":"吹田市豊津町９","voronoi":{"type":"Feature","geometry":{"type":"Polygon","coordinates":[[[135.498673,34.767047],[135.487046,34.76572],[135.485289,34.756666],[135.488101,34.749315],[135.488339,34.749161],[135.501847,34.750221],[135.50571,34.756257],[135.501412,34.765024],[135.498673,34.767047]]]},"properties":{}},"extra":false}
  ],
  "extra":false
}