{
  "code":99610,
  "id":"2bd021",
  "name":"京都市営地下鉄烏丸線",
  "name_kana":"きょうとしえいちかてつからすません",
  "station_size":15,
  "company_code":195,
  "closed":false,
  "color":"#3CB371",
  "symbol":"K",
  "station_list":[
    {"code":9961001,"id":"30dc62","name":"国際会館","original_name":"国際会館","name_kana":"こくさいかいかん","closed":false,"lat":35.062942,"lng":135.785216,"prefecture":26,"numbering":["K01"],"lines":[99610],"attr":"eco","postal_code":"606-0001","address":"京都市左京区岩倉大鷺町","voronoi":{"type":"Feature","geometry":{"type":"Polygon","coordinates":[[[135.785455,35.055619],[135.789967,35.062219],[135.787814,35.066754],[135.781604,35.067805],[135.775532,35.061344],[135.784199,35.055121],[135.785455,35.055619]]]},"properties":{}},"extra":false},
    {"code":9961002,"id":"38191d","name":"松ヶ崎(京都)","original_name":"松ヶ崎","name_kana":"まつがさき","closed":false,"lat":35.051657,"lng":135.777114,"prefecture":26,"numbering":["K02"],"lines":[99610],"attr":"eco","postal_code":"606-0915","address":"京都市左京区松ヶ崎六ノ坪町","voronoi":{"type":"Feature","geometry":{"type":"Polygon","coordinates":[[[135.775532,35.061344],[135.771378,35.061218],[135.772074,35.041462],[135.776588,35.042624],[135.779645,35.04431],[135.783576,35.049774],[135.784199,35.055121],[135.775532,35.061344]]]},"properties":{}},"extra":false},
    {"code":9961003,"id":"0bab67","name":"北山(京都)","original_name":"北山","name_kana":"きたやま","closed":false,"lat":35.051277,"lng":135.766329,"prefecture":26,"numbering":["K03"],"lines":[99610],"attr":"eco","postal_code":"603-8053","address":"京都市北区上賀茂岩ケ垣内町","voronoi":{"type":"Feature","geometry":{"type":"Polygon","coordinates":[[[135.771378,35.061218],[135.772074,35.041462],[135.771702,35.041118],[135.770167,35.040678],[135.767534,35.041995],[135.74926,35.064222],[135.750181,35.064237],[135.770089,35.061881],[135.771378,35.061218]]]},"properties":{}},"extra":false},
    {"code":9961004,"id":"7b8b7c","name":"北大路","original_name":"北大路","name_kana":"きたおおじ","closed":false,"lat":35.044972,"lng":135.75866,"prefecture":26,"numbering":["K04"],"lines":[99610],"attr":"eco","postal_code":"603-8142","address":"京都市北区小山北上総町","voronoi":{"type":"Feature","geometry":{"type":"Polygon","coordinates":[[[135.74926,35.064222],[135.72491,35.069583],[135.729287,35.060684],[135.742594,35.03961],[135.767534,35.041995],[135.74926,35.064222]]]},"properties":{}},"extra":false},
    {"code":9961005,"id":"2a755c","name":"鞍馬口","original_name":"鞍馬口","name_kana":"くらまぐち","closed":false,"lat":35.03739,"lng":135.759385,"prefecture":26,"numbering":["K05"],"lines":[99610],"attr":"eco","postal_code":"602-0894","address":"京都市上京区上御霊中町","voronoi":{"type":"Feature","geometry":{"type":"Polygon","coordinates":[[[135.767534,35.041995],[135.742594,35.03961],[135.744633,35.033779],[135.766103,35.033779],[135.770167,35.040678],[135.767534,35.041995]]]},"properties":{}},"extra":false},
    {"code":9961006,"id":"14d87e","name":"今出川","original_name":"今出川","name_kana":"いまでがわ","closed":false,"lat":35.030168,"lng":135.759385,"prefecture":26,"numbering":["K06"],"lines":[99610],"attr":"eco","postal_code":"602-0032","address":"京都市上京区岡松町","voronoi":{"type":"Feature","geometry":{"type":"Polygon","coordinates":[[[135.76571,35.023735],[135.76541,35.023427],[135.750357,35.023259],[135.745417,35.025668],[135.744633,35.033779],[135.766103,35.033779],[135.76571,35.023735]]]},"properties":{}},"extra":false},
    {"code":9961007,"id":"1c36fd","name":"丸太町","original_name":"丸太町","name_kana":"まるたまち","closed":false,"lat":35.016554,"lng":135.759537,"prefecture":26,"numbering":["K07"],"lines":[99610],"attr":"eco","postal_code":"606-0000","address":"京都市左京区丸太町橋東詰","voronoi":{"type":"Feature","geometry":{"type":"Polygon","coordinates":[[[135.76541,35.023427],[135.750357,35.023259],[135.755395,35.013465],[135.764083,35.013611],[135.765937,35.016714],[135.76541,35.023427]]]},"properties":{}},"extra":false},
    {"code":9961008,"id":"46691f","name":"烏丸御池","original_name":"烏丸御池","name_kana":"からすまおいけ","closed":false,"lat":35.010517,"lng":135.759638,"prefecture":26,"numbering":["K08"],"lines":[99610,99611],"attr":"eco","postal_code":"604-8171","address":"京都市中京区虎屋町","voronoi":{"type":"Feature","geometry":{"type":"Polygon","coordinates":[[[135.754495,35.007468],[135.755395,35.013465],[135.764083,35.013611],[135.764434,35.006971],[135.764257,35.006713],[135.754495,35.007468]]]},"properties":{}},"extra":false},
    {"code":9961009,"id":"025411","name":"四条","original_name":"四条","name_kana":"しじょう","closed":false,"lat":35.002353,"lng":135.759623,"prefecture":26,"numbering":["K09"],"lines":[99610],"attr":"heat","postal_code":"605-0000","address":"京都市東山区四条大橋東詰","voronoi":{"type":"Feature","geometry":{"type":"Polygon","coordinates":[[[135.763862,34.99884],[135.75371,34.998749],[135.753953,35.000884],[135.764274,35.004936],[135.764944,35.000262],[135.763862,34.99884]]]},"properties":{}},"extra":false},
    {"code":9961010,"id":"dee72f","name":"五条(京都)","original_name":"五条","name_kana":"ごじょう","closed":false,"lat":34.995252,"lng":135.759687,"prefecture":26,"numbering":["K10"],"lines":[99610],"attr":"heat","postal_code":"605-0846","address":"京都市東山区五条大橋東詰","voronoi":{"type":"Feature","geometry":{"type":"Polygon","coordinates":[[[135.761906,34.989727],[135.751517,34.991785],[135.751072,34.99292],[135.751044,34.994958],[135.753697,34.998732],[135.75371,34.998749],[135.763862,34.99884],[135.764166,34.992836],[135.761906,34.989727]]]},"properties":{}},"extra":false},
    {"code":100216,"id":"deedbe","name":"京都","original_name":"京都","name_kana":"きょうと","closed":false,"lat":34.985465,"lng":135.757748,"prefecture":26,"numbering":["K11"],"lines":[1002,11601,11602,11605,11614,11618,31025,99610],"attr":"heat","postal_code":"600-8216","address":"京都市下京区烏丸通塩小路下ル東塩小路町","voronoi":{"type":"Feature","geometry":{"type":"Polygon","coordinates":[[[135.761906,34.989727],[135.751517,34.991785],[135.750463,34.987145],[135.756369,34.981564],[135.763899,34.983817],[135.764023,34.984183],[135.761906,34.989727]]]},"properties":{}},"extra":false},
    {"code":9961012,"id":"5e475e","name":"九条(京都)","original_name":"九条","name_kana":"くじょう","closed":false,"lat":34.979062,"lng":135.759664,"prefecture":26,"numbering":["K12"],"lines":[99610],"attr":"heat","postal_code":"601-8041","address":"京都市南区東九条南烏丸町","voronoi":{"type":"Feature","geometry":{"type":"Polygon","coordinates":[[[135.755775,34.976897],[135.756369,34.981564],[135.763899,34.983817],[135.765371,34.97737],[135.764435,34.975587],[135.756661,34.975633],[135.755775,34.976897]]]},"properties":{}},"extra":false},
    {"code":9961013,"id":"77d0f0","name":"十条(京都市交通局)","original_name":"十条","name_kana":"じゅうじょう","closed":false,"lat":34.972168,"lng":135.759623,"prefecture":26,"numbering":["K13"],"lines":[99610],"attr":"cool","postal_code":"601-8033","address":"京都市南区東九条南石田町","voronoi":{"type":"Feature","geometry":{"type":"Polygon","coordinates":[[[135.757009,34.967771],[135.75515,34.969621],[135.756661,34.975633],[135.764435,34.975587],[135.764936,34.97203],[135.763062,34.96638],[135.757009,34.967771]]]},"properties":{}},"extra":false},
    {"code":9961014,"id":"a8ed16","name":"くいな橋","original_name":"くいな橋","name_kana":"くいなばし","closed":false,"lat":34.962674,"lng":135.757441,"prefecture":26,"numbering":["K14"],"lines":[99610],"attr":"cool","postal_code":"612-8415","address":"京都市伏見区竹田中島町","voronoi":{"type":"Feature","geometry":{"type":"Polygon","coordinates":[[[135.753317,34.960546],[135.757009,34.967771],[135.763062,34.96638],[135.76355,34.965463],[135.764166,34.960485],[135.763145,34.958277],[135.753317,34.960546]]]},"properties":{}},"extra":false},
    {"code":3102505,"id":"1e4e3d","name":"竹田(京都)","original_name":"竹田","name_kana":"たけだ","closed":false,"lat":34.956825,"lng":135.756091,"prefecture":26,"numbering":["K15","B05"],"lines":[31025,99610],"attr":"heat","postal_code":"612-8421","address":"京都市伏見区竹田桶ノ井町","voronoi":{"type":"Feature","geometry":{"type":"Polygon","coordinates":[[[135.753317,34.960546],[135.733107,34.952116],[135.733675,34.938879],[135.763131,34.953614],[135.763145,34.958277],[135.753317,34.960546]]]},"properties":{}},"extra":false}
  ],
  "extra":false
}