{
  "code":99626,
  "id":498,
  "name":"大阪モノレール線",
  "name_kana":"おおさかものれーるせん",
  "station_size":14,
  "company_code":201,
  "closed":false,
  "color":"#111986",
  "station_list":[
    {"code":9962601,"id":8094,"name":"大阪空港","original_name":"大阪空港","name_kana":"おおさかくうこう","closed":false,"lat":34.791598,"lng":135.441821,"prefecture":27,"numbering":["11"],"lines":[99626],"attr":"cool","postal_code":"560-0036","address":"豊中市蛍池西町３-５５１","voronoi":{"type":"Feature","geometry":{"type":"Polygon","coordinates":[[[135.442875,34.800098],[135.433079,34.802254],[135.428601,34.791922],[135.438736,34.773282],[135.441687,34.77122],[135.446222,34.771947],[135.449482,34.777948],[135.450087,34.780764],[135.442875,34.800098]]]},"properties":{}},"extra":false},
    {"code":3400210,"id":6091,"name":"蛍池","original_name":"蛍池","name_kana":"ほたるがいけ","closed":false,"lat":34.794365,"lng":135.449238,"prefecture":27,"numbering":["12"],"lines":[34002,99626],"attr":"heat","postal_code":"560-0033","address":"豊中市蛍池中町３-１","voronoi":{"type":"Feature","geometry":{"type":"Polygon","coordinates":[[[135.450909,34.802267],[135.442875,34.800098],[135.450087,34.780764],[135.456776,34.792826],[135.450909,34.802267]]]},"properties":{}},"extra":false},
    {"code":9962603,"id":8095,"name":"柴原阪大前","original_name":"柴原阪大前","name_kana":"しばはらはんだいまえ","closed":false,"lat":34.800266,"lng":135.458734,"prefecture":27,"numbering":["13"],"lines":[99626],"attr":"cool","postal_code":"560-0055","address":"豊中市柴原町４-１１５-１","voronoi":{"type":"Feature","geometry":{"type":"Polygon","coordinates":[[[135.468637,34.795869],[135.465805,34.807808],[135.455025,34.809093],[135.450909,34.802267],[135.456776,34.792826],[135.468637,34.795869]]]},"properties":{}},"extra":false},
    {"code":9962604,"id":8096,"name":"少路","original_name":"少路","name_kana":"しょうじ","closed":false,"lat":34.804246,"lng":135.47551,"prefecture":27,"numbering":["14"],"lines":[99626],"attr":"cool","postal_code":"560-0004","address":"豊中市少路１","voronoi":{"type":"Feature","geometry":{"type":"Polygon","coordinates":[[[135.468637,34.795869],[135.465805,34.807808],[135.471123,34.81408],[135.477601,34.817359],[135.48407,34.811857],[135.486756,34.799939],[135.48069,34.787326],[135.478093,34.788394],[135.468637,34.795869]]]},"properties":{}},"extra":false},
    {"code":9961404,"id":7974,"name":"千里中央","original_name":"千里中央","name_kana":"せんりちゅうおう","closed":false,"lat":34.808655,"lng":135.495067,"prefecture":27,"numbering":["15"],"lines":[99614,99626],"attr":"eco","postal_code":"560-0082","address":"豊中市新千里東町１-５-４","voronoi":{"type":"Feature","geometry":{"type":"Polygon","coordinates":[[[135.48407,34.811857],[135.486756,34.799939],[135.504119,34.802371],[135.504592,34.802771],[135.506124,34.809921],[135.500449,34.818039],[135.48407,34.811857]]]},"properties":{}},"extra":false},
    {"code":3400802,"id":6143,"name":"山田(大阪)","original_name":"山田","name_kana":"やまだ","closed":false,"lat":34.804237,"lng":135.515692,"prefecture":27,"numbering":["16"],"lines":[34008,99626],"attr":"eco","postal_code":"565-0824","address":"吹田市山田西４-５５７","voronoi":{"type":"Feature","geometry":{"type":"Polygon","coordinates":[[[135.520178,34.81404],[135.506124,34.809921],[135.504592,34.802771],[135.525468,34.790612],[135.521784,34.812425],[135.520178,34.81404]]]},"properties":{}},"extra":false},
    {"code":9962607,"id":8097,"name":"万博記念公園(大阪)","original_name":"万博記念公園","name_kana":"ばんぱくきねんこうえん","closed":false,"lat":34.806692,"lng":135.530228,"prefecture":27,"numbering":["17"],"lines":[99626,99627],"attr":"cool","postal_code":"565-0826","address":"吹田市千里万博公園内","voronoi":{"type":"Feature","geometry":{"type":"Polygon","coordinates":[[[135.521784,34.812425],[135.525468,34.790612],[135.526981,34.788346],[135.535519,34.791599],[135.537048,34.793742],[135.528785,34.812558],[135.521784,34.812425]]]},"properties":{}},"extra":false},
    {"code":9962608,"id":8098,"name":"宇野辺","original_name":"宇野辺","name_kana":"うのべ","closed":false,"lat":34.808,"lng":135.554406,"prefecture":27,"numbering":["18"],"lines":[99626],"attr":"eco","postal_code":"567-0042","address":"茨木市宇野辺１","voronoi":{"type":"Feature","geometry":{"type":"Polygon","coordinates":[[[135.545516,34.801057],[135.548824,34.821739],[135.561356,34.808176],[135.556592,34.799114],[135.545516,34.801057]]]},"properties":{}},"extra":false},
    {"code":3400318,"id":6117,"name":"南茨木","original_name":"南茨木","name_kana":"みなみいばらき","closed":false,"lat":34.802351,"lng":135.565152,"prefecture":27,"numbering":["19"],"lines":[34003,99626],"attr":"cool","postal_code":"567-0876","address":"茨木市天王２-１-１３","voronoi":{"type":"Feature","geometry":{"type":"Polygon","coordinates":[[[135.582717,34.800174],[135.558099,34.797219],[135.556592,34.799114],[135.561356,34.808176],[135.569514,34.810143],[135.582717,34.800174]]]},"properties":{}},"extra":false},
    {"code":9962610,"id":8099,"name":"沢良宜","original_name":"沢良宜","name_kana":"さわらぎ","closed":false,"lat":34.793902,"lng":135.566166,"prefecture":27,"numbering":["20"],"lines":[99626],"attr":"eco","postal_code":"567-0866","address":"茨木市高浜町１９４-４","voronoi":{"type":"Feature","geometry":{"type":"Polygon","coordinates":[[[135.558099,34.797219],[135.559,34.791718],[135.561438,34.787667],[135.581845,34.78087],[135.595088,34.781987],[135.598353,34.787911],[135.598542,34.789223],[135.598283,34.793519],[135.582717,34.800174],[135.558099,34.797219]]]},"properties":{}},"extra":false},
    {"code":9962611,"id":8100,"name":"摂津","original_name":"摂津","name_kana":"せっつ","closed":false,"lat":34.779842,"lng":135.561483,"prefecture":27,"numbering":["21"],"lines":[99626],"attr":"heat","postal_code":"566-0035","address":"摂津市鶴野１-１１６-１","voronoi":{"type":"Feature","geometry":{"type":"Polygon","coordinates":[[[135.556562,34.768465],[135.556005,34.768865],[135.553421,34.778184],[135.561438,34.787667],[135.581845,34.78087],[135.556562,34.768465]]]},"properties":{}},"extra":false},
    {"code":9962612,"id":8101,"name":"南摂津","original_name":"南摂津","name_kana":"みなみせっつ","closed":false,"lat":34.765394,"lng":135.568572,"prefecture":27,"numbering":["22"],"lines":[99626],"attr":"heat","postal_code":"566-0074","address":"摂津市東一津屋１２０１-３","voronoi":{"type":"Feature","geometry":{"type":"Polygon","coordinates":[[[135.56444,34.751988],[135.594754,34.770402],[135.595088,34.781987],[135.581845,34.78087],[135.556562,34.768465],[135.560452,34.752675],[135.56444,34.751988]]]},"properties":{}},"extra":false},
    {"code":9961901,"id":8020,"name":"大日","original_name":"大日","name_kana":"だいにち","closed":false,"lat":34.749476,"lng":135.578241,"prefecture":27,"numbering":["23"],"lines":[99619,99626],"attr":"heat","postal_code":"570-0003","address":"守口市大日町２-１","voronoi":{"type":"Feature","geometry":{"type":"Polygon","coordinates":[[[135.595805,34.766284],[135.595858,34.767155],[135.594754,34.770402],[135.56444,34.751988],[135.570265,34.744702],[135.578994,34.743022],[135.58579,34.745997],[135.593103,34.756152],[135.595805,34.766284]]]},"properties":{}},"extra":false},
    {"code":3300128,"id":6010,"name":"門真市","original_name":"門真市","name_kana":"かどまし","closed":false,"lat":34.73809,"lng":135.583224,"prefecture":27,"numbering":["24"],"lines":[33001,99626],"attr":"heat","postal_code":"571-0048","address":"門真市新橋町３６-７","voronoi":{"type":"Feature","geometry":{"type":"Polygon","coordinates":[[[135.58579,34.745997],[135.578994,34.743022],[135.580969,34.724505],[135.581003,34.724502],[135.589752,34.728309],[135.58579,34.745997]]]},"properties":{}},"extra":false}
  ],
  "extra":false
}