{
  "code":99623,
  "id":"69ee4e",
  "name":"OsakaMetro堺筋線",
  "name_kana":"おおさかめとろさかいすじせん",
  "name_formal":"高速電気軌道第6号線",
  "station_size":10,
  "company_code":249,
  "closed":false,
  "color":"#814721",
  "symbol":"K",
  "station_list":[
    {"code":3400811,"id":"217d16","name":"天神橋筋六丁目","original_name":"天神橋筋六丁目","name_kana":"てんじんばしすじろくちょうめ","closed":false,"lat":34.710265,"lng":135.510757,"prefecture":27,"numbering":["K11"],"lines":[34008,99619,99623],"attr":"cool","postal_code":"530-0022","address":"大阪市北区浪花町１４-２８","voronoi":{"type":"Feature","geometry":{"type":"Polygon","coordinates":[[[135.516564,34.708995],[135.51852,34.712761],[135.519011,34.719038],[135.507245,34.719505],[135.504291,34.717346],[135.504124,34.714849],[135.508951,34.707025],[135.509447,34.707028],[135.516564,34.708995]]]},"properties":{}},"extra":false},
    {"code":9962302,"id":"764e08","name":"扇町(大阪)","original_name":"扇町","name_kana":"おうぎまち","closed":false,"lat":34.703809,"lng":135.5108,"prefecture":27,"numbering":["K12"],"lines":[99623],"attr":"heat","postal_code":"530-0041","address":"大阪市北区天神橋４-８-３","voronoi":{"type":"Feature","geometry":{"type":"Polygon","coordinates":[[[135.513876,34.701331],[135.512669,34.700833],[135.505721,34.700517],[135.505612,34.700953],[135.508951,34.707025],[135.509447,34.707028],[135.513876,34.701331]]]},"properties":{}},"extra":false},
    {"code":9961911,"id":"ba73ad","name":"南森町","original_name":"南森町","name_kana":"みなみもりまち","closed":false,"lat":34.697699,"lng":135.511078,"prefecture":27,"numbering":["K13"],"lines":[99619,99623],"attr":"heat","postal_code":"530-0054","address":"大阪市北区南森町２-１-４","voronoi":{"type":"Feature","geometry":{"type":"Polygon","coordinates":[[[135.511667,34.692796],[135.512669,34.700833],[135.505721,34.700517],[135.505171,34.698638],[135.510978,34.693292],[135.511667,34.692796]]]},"properties":{}},"extra":false},
    {"code":3300139,"id":"41d964","name":"北浜(大阪)","original_name":"北浜","name_kana":"きたはま","closed":false,"lat":34.691799,"lng":135.50683,"prefecture":27,"numbering":["K14"],"lines":[33001,99623],"attr":"cool","postal_code":"541-0041","address":"大阪市中央区北浜１-８-１６","voronoi":{"type":"Feature","geometry":{"type":"Polygon","coordinates":[[[135.503564,34.686806],[135.504189,34.691736],[135.510978,34.693292],[135.511667,34.692796],[135.511967,34.692442],[135.511058,34.686868],[135.503564,34.686806]]]},"properties":{}},"extra":false},
    {"code":9962108,"id":"2f44e2","name":"堺筋本町","original_name":"堺筋本町","name_kana":"さかいすじほんまち","closed":false,"lat":34.681867,"lng":135.506912,"prefecture":27,"numbering":["K15"],"lines":[99621,99623],"attr":"eco","postal_code":"541-0055","address":"大阪市中央区船場中央１-４-１６","voronoi":{"type":"Feature","geometry":{"type":"Polygon","coordinates":[[[135.512065,34.685692],[135.511058,34.686868],[135.503564,34.686806],[135.502987,34.686519],[135.502923,34.67911],[135.503567,34.678492],[135.509001,34.678074],[135.512088,34.680758],[135.512065,34.685692]]]},"properties":{}},"extra":false},
    {"code":9962306,"id":"24f1be","name":"長堀橋","original_name":"長堀橋","name_kana":"ながほりばし","closed":false,"lat":34.674645,"lng":135.506357,"prefecture":27,"numbering":["K16"],"lines":[99623,99624],"attr":"cool","postal_code":"542-0082","address":"大阪市中央区島之内１-１８-９","voronoi":{"type":"Feature","geometry":{"type":"Polygon","coordinates":[[[135.509001,34.678074],[135.503567,34.678492],[135.503111,34.671005],[135.505309,34.670852],[135.509963,34.671024],[135.509001,34.678074]]]},"properties":{}},"extra":false},
    {"code":9962207,"id":"d74337","name":"日本橋(大阪)","original_name":"日本橋","name_kana":"にっぽんばし","closed":false,"lat":34.667146,"lng":135.506635,"prefecture":27,"numbering":["K17"],"lines":[99622,99623],"attr":"cool","postal_code":"542-0073","address":"大阪市中央区日本橋１-５-１２","voronoi":{"type":"Feature","geometry":{"type":"Polygon","coordinates":[[[135.50819,34.66093],[135.507691,34.660974],[135.505309,34.670852],[135.509963,34.671024],[135.511218,34.670146],[135.511218,34.663567],[135.50819,34.66093]]]},"properties":{}},"extra":false},
    {"code":9962308,"id":"c3a4ad","name":"恵美須町","original_name":"恵美須町","name_kana":"えびすちょう","closed":false,"lat":34.65508,"lng":135.505575,"prefecture":27,"numbering":["K18"],"lines":[99623,99629],"attr":"cool","postal_code":"556-0005","address":"大阪市浪速区日本橋５-５-１５","voronoi":{"type":"Feature","geometry":{"type":"Polygon","coordinates":[[[135.50819,34.66093],[135.511232,34.653398],[135.509134,34.65118],[135.50563,34.65183],[135.503518,34.652682],[135.503611,34.659261],[135.507625,34.660975],[135.507691,34.660974],[135.50819,34.66093]]]},"properties":{}},"extra":false},
    {"code":9961812,"id":"422405","name":"動物園前","original_name":"動物園前","name_kana":"どうぶつえんまえ","closed":false,"lat":34.648815,"lng":135.504413,"prefecture":27,"numbering":["K19"],"lines":[99618,99623],"attr":"cool","postal_code":"557-0002","address":"大阪市西成区太子１-６-１２","voronoi":{"type":"Feature","geometry":{"type":"Polygon","coordinates":[[[135.502843,34.647615],[135.502955,34.64754],[135.508798,34.648132],[135.509134,34.65118],[135.50563,34.65183],[135.502843,34.647615]]]},"properties":{}},"extra":false},
    {"code":3200103,"id":"0d8697","name":"天下茶屋","original_name":"天下茶屋","name_kana":"てんがちゃや","closed":false,"lat":34.636847,"lng":135.496673,"prefecture":27,"numbering":["K20"],"lines":[32001,32007,99623,32010],"attr":"cool","postal_code":"557-0041","address":"大阪市西成区岸里１-１-１０","voronoi":{"type":"Feature","geometry":{"type":"Polygon","coordinates":[[[135.49298,34.638209],[135.496723,34.633953],[135.4983,34.635054],[135.49861,34.638335],[135.497342,34.640612],[135.493573,34.640594],[135.49298,34.638209]]]},"properties":{}},"extra":false}
  ],
  "extra":false
}