{
  "code":99621,
  "id":493,
  "name":"OsakaMetro中央線",
  "name_kana":"おおさかめとろちゅうおうせん",
  "name_formal":"高速電気軌道第4号線",
  "station_size":15,
  "company_code":249,
  "closed":false,
  "color":"#019A66",
  "symbol":"C",
  "station_list":[
    {"code":9962101,"id":9415,"name":"夢洲","original_name":"夢洲","name_kana":"ゆめしま","closed":false,"lat":34.652361,"lng":135.389944,"prefecture":27,"numbering":["C09"],"lines":[99621],"attr":"cool","postal_code":"554-0044","address":"大阪府大阪市此花区夢洲中１丁目","open_date":"2025-01-19","voronoi":{"type":"Feature","geometry":{"type":"Polygon","coordinates":[[[135.313236,34.605069],[135.316668,34.568658],[135.356839,34.573156],[135.398513,34.641215],[135.408989,34.666129],[135.406804,34.675631],[135.386432,34.679808],[135.328639,34.6631],[135.313236,34.605069]]]},"properties":{}},"extra":false},
    {"code":9962102,"id":8052,"name":"コスモスクエア","original_name":"コスモスクエア","name_kana":"こすもすくえあ","closed":false,"lat":34.642888,"lng":135.412472,"prefecture":27,"numbering":["C10"],"lines":[99621,99625],"attr":"cool","postal_code":"559-0034","address":"大阪市住之江区南港北１-３０-２１","voronoi":{"type":"Feature","geometry":{"type":"Polygon","coordinates":[[[135.425419,34.644376],[135.418644,34.640569],[135.398513,34.641215],[135.408989,34.666129],[135.420328,34.654503],[135.425419,34.644376]]]},"properties":{}},"extra":false},
    {"code":9962103,"id":8053,"name":"大阪港","original_name":"大阪港","name_kana":"おおさかこう","closed":false,"lat":34.65388,"lng":135.434336,"prefecture":27,"numbering":["C11"],"lines":[99621],"attr":"cool","postal_code":"552-0021","address":"大阪市港区築港３-５-９","voronoi":{"type":"Feature","geometry":{"type":"Polygon","coordinates":[[[135.451219,34.637927],[135.426311,34.643614],[135.425419,34.644376],[135.420328,34.654503],[135.439968,34.659782],[135.440543,34.659602],[135.451219,34.637927]]]},"properties":{}},"extra":false},
    {"code":9962104,"id":8054,"name":"朝潮橋","original_name":"朝潮橋","name_kana":"あさしおばし","closed":false,"lat":34.661035,"lng":135.448863,"prefecture":27,"numbering":["C12"],"lines":[99621],"attr":"cool","postal_code":"552-0005","address":"大阪市港区田中３-１-４","voronoi":{"type":"Feature","geometry":{"type":"Polygon","coordinates":[[[135.464643,34.650654],[135.452778,34.669775],[135.445381,34.666822],[135.440543,34.659602],[135.451219,34.637927],[135.452448,34.637121],[135.458037,34.636777],[135.459558,34.637926],[135.464565,34.650233],[135.464643,34.650654]]]},"properties":{}},"extra":false},
    {"code":1162306,"id":3077,"name":"弁天町","original_name":"弁天町","name_kana":"べんてんちょう","closed":false,"lat":34.669403,"lng":135.462348,"prefecture":27,"numbering":["C13"],"lines":[11623,99621],"attr":"heat","postal_code":"552-0001","address":"大阪市港区波除３丁目","voronoi":{"type":"Feature","geometry":{"type":"Polygon","coordinates":[[[135.46026,34.677482],[135.46717,34.675177],[135.470572,34.664879],[135.468736,34.65643],[135.464643,34.650654],[135.452778,34.669775],[135.454077,34.675737],[135.46026,34.677482]]]},"properties":{}},"extra":false},
    {"code":3500208,"id":6189,"name":"九条(大阪)","original_name":"九条","name_kana":"くじょう","closed":false,"lat":34.673412,"lng":135.474483,"prefecture":27,"numbering":["C14"],"lines":[35002,99621],"attr":"eco","postal_code":"550-0027","address":"大阪市西区九条２-３-２","voronoi":{"type":"Feature","geometry":{"type":"Polygon","coordinates":[[[135.477848,34.681168],[135.474477,34.681245],[135.46717,34.675177],[135.470572,34.664879],[135.470827,34.665057],[135.477613,34.673319],[135.48008,34.677901],[135.477848,34.681168]]]},"properties":{}},"extra":false},
    {"code":9962107,"id":8055,"name":"阿波座","original_name":"阿波座","name_kana":"あわざ","closed":false,"lat":34.681483,"lng":135.486297,"prefecture":27,"numbering":["C15"],"lines":[99621,99622],"attr":"cool","postal_code":"550-0005","address":"大阪市西区西本町３-１-２３","voronoi":{"type":"Feature","geometry":{"type":"Polygon","coordinates":[[[135.480744,34.677475],[135.48008,34.677901],[135.477848,34.681168],[135.478422,34.682036],[135.482388,34.686971],[135.49179,34.685961],[135.492514,34.685221],[135.492639,34.681719],[135.490295,34.678895],[135.480744,34.677475]]]},"properties":{}},"extra":false},
    {"code":9961808,"id":8009,"name":"本町","original_name":"本町","name_kana":"ほんまち","closed":false,"lat":34.681936,"lng":135.498982,"prefecture":27,"numbering":["C16"],"lines":[99618,99620,99621],"attr":"eco","postal_code":"541-0055","address":"大阪市中央区船場中央４-１-６","voronoi":{"type":"Feature","geometry":{"type":"Polygon","coordinates":[[[135.496667,34.678366],[135.497662,34.678086],[135.502923,34.67911],[135.502987,34.686519],[135.499986,34.687279],[135.492514,34.685221],[135.492639,34.681719],[135.496667,34.678366]]]},"properties":{}},"extra":false},
    {"code":9962109,"id":8056,"name":"堺筋本町","original_name":"堺筋本町","name_kana":"さかいすじほんまち","closed":false,"lat":34.681867,"lng":135.506912,"prefecture":27,"numbering":["C17"],"lines":[99621,99623],"attr":"eco","postal_code":"541-0055","address":"大阪市中央区船場中央１-４-１６","voronoi":{"type":"Feature","geometry":{"type":"Polygon","coordinates":[[[135.512065,34.685692],[135.511058,34.686868],[135.503564,34.686806],[135.502987,34.686519],[135.502923,34.67911],[135.503567,34.678492],[135.509001,34.678074],[135.512088,34.680758],[135.512065,34.685692]]]},"properties":{}},"extra":false},
    {"code":9961913,"id":8030,"name":"谷町四丁目","original_name":"谷町四丁目","name_kana":"たにまちよんちょうめ","closed":false,"lat":34.681914,"lng":135.517253,"prefecture":27,"numbering":["C18"],"lines":[99619,99621],"attr":"eco","postal_code":"540-0012","address":"大阪市中央区谷町４-４-２１","voronoi":{"type":"Feature","geometry":{"type":"Polygon","coordinates":[[[135.512065,34.685692],[135.52369,34.686562],[135.524058,34.686315],[135.525887,34.684091],[135.525366,34.678277],[135.525229,34.678021],[135.515104,34.678515],[135.512088,34.680758],[135.512065,34.685692]]]},"properties":{}},"extra":false},
    {"code":1162315,"id":3084,"name":"森ノ宮","original_name":"森ノ宮","name_kana":"もりのみや","closed":false,"lat":34.680412,"lng":135.533996,"prefecture":27,"numbering":["C19"],"lines":[11623,99621,99624],"attr":"heat","postal_code":"540-0003","address":"大阪市中央区森ノ宮中央１丁目","voronoi":{"type":"Feature","geometry":{"type":"Polygon","coordinates":[[[135.525366,34.678277],[135.525887,34.684091],[135.528,34.684867],[135.539509,34.684182],[135.53976,34.675977],[135.525366,34.678277]]]},"properties":{}},"extra":false},
    {"code":9962112,"id":8057,"name":"緑橋","original_name":"緑橋","name_kana":"みどりばし","closed":false,"lat":34.680756,"lng":135.545242,"prefecture":27,"numbering":["C20"],"lines":[99621,99652],"attr":"eco","postal_code":"537-0021","address":"大阪市東成区東中本１-１４-１７","voronoi":{"type":"Feature","geometry":{"type":"Polygon","coordinates":[[[135.54934,34.674321],[135.550548,34.675145],[135.552188,34.686908],[135.541328,34.686685],[135.539509,34.684182],[135.53976,34.675977],[135.540305,34.675042],[135.54934,34.674321]]]},"properties":{}},"extra":false},
    {"code":9962113,"id":8058,"name":"深江橋","original_name":"深江橋","name_kana":"ふかえばし","closed":false,"lat":34.67909,"lng":135.557186,"prefecture":27,"numbering":["C21"],"lines":[99621],"attr":"eco","postal_code":"537-0001","address":"大阪市東成区深江北１-１-２１","voronoi":{"type":"Feature","geometry":{"type":"Polygon","coordinates":[[[135.564655,34.673408],[135.561106,34.67191],[135.550548,34.675145],[135.552188,34.686908],[135.553557,34.688128],[135.564808,34.680501],[135.564655,34.673408]]]},"properties":{}},"extra":false},
    {"code":9962114,"id":8059,"name":"高井田(OsakaMetro)","original_name":"高井田","name_kana":"たかいだ","closed":false,"lat":34.678747,"lng":135.573113,"prefecture":27,"numbering":["C22"],"lines":[99621],"attr":"eco","postal_code":"582-0015","address":"大阪府柏原市高井田687-3","voronoi":{"type":"Feature","geometry":{"type":"Polygon","coordinates":[[[135.572951,34.688185],[135.572579,34.671738],[135.576071,34.671525],[135.577639,34.671532],[135.582516,34.674294],[135.582516,34.682399],[135.572951,34.688185]]]},"properties":{}},"extra":false},
    {"code":3102301,"id":5815,"name":"長田(大阪)","original_name":"長田","name_kana":"ながた","closed":false,"lat":34.678747,"lng":135.591919,"prefecture":27,"numbering":["C23"],"lines":[31023,99621],"attr":"heat","postal_code":"577-0013","address":"東大阪市長田中２-２１-２","voronoi":{"type":"Feature","geometry":{"type":"Polygon","coordinates":[[[135.582516,34.682399],[135.582516,34.674294],[135.585713,34.672045],[135.598335,34.669992],[135.598499,34.687737],[135.591901,34.689627],[135.582516,34.682399]]]},"properties":{}},"extra":false}
  ],
  "extra":false
}