{
  "code":99629,
  "id":"1ff203",
  "name":"阪堺電軌阪堺線",
  "name_kana":"はんかいでんきはんかいせん",
  "station_size":31,
  "company_code":202,
  "closed":false,
  "symbol":"HN",
  "station_list":[
    {"code":9962308,"id":"c3a4ad","name":"恵美須町","original_name":"恵美須町","name_kana":"えびすちょう","closed":false,"lat":34.65508,"lng":135.505575,"prefecture":27,"numbering":["HN51"],"lines":[99623,99629],"attr":"cool","postal_code":"556-0005","address":"大阪市浪速区日本橋５-５-１５","voronoi":{"type":"Feature","geometry":{"type":"Polygon","coordinates":[[[135.50819,34.66093],[135.511232,34.653397],[135.509133,34.65118],[135.50563,34.65183],[135.503518,34.652682],[135.503611,34.659261],[135.507625,34.660975],[135.507691,34.660974],[135.50819,34.66093]]]},"properties":{}},"extra":false},
    {"code":9962902,"id":"84d9c0","name":"新今宮駅前","original_name":"新今宮駅前","name_kana":"しんいまみやえきまえ","closed":false,"lat":34.649529,"lng":135.503333,"prefecture":27,"numbering":["HN52"],"lines":[99629],"attr":"cool","postal_code":"557-0004","address":"大阪市西成区萩之茶屋１-１-６","open_date":"1911-12-01","voronoi":{"type":"Feature","geometry":{"type":"Polygon","coordinates":[[[135.503518,34.652682],[135.50563,34.65183],[135.502843,34.647615],[135.501677,34.647918],[135.502934,34.652495],[135.503518,34.652682]]]},"properties":{}},"extra":false},
    {"code":9962903,"id":"362d51","name":"今池(大阪)","original_name":"今池","name_kana":"いまいけ","closed":false,"lat":34.645704,"lng":135.502339,"prefecture":27,"numbering":["HN53"],"lines":[99629],"attr":"cool","postal_code":"557-0004","address":"大阪市西成区萩之茶屋２-２-７","voronoi":{"type":"Feature","geometry":{"type":"Polygon","coordinates":[[[135.502843,34.647615],[135.501677,34.647918],[135.500608,34.647614],[135.500647,34.646223],[135.504356,34.643626],[135.504461,34.6436],[135.502955,34.64754],[135.502843,34.647615]]]},"properties":{}},"extra":false},
    {"code":9962904,"id":"4c2876","name":"今船","original_name":"今船","name_kana":"いまふね","closed":false,"lat":34.642702,"lng":135.501611,"prefecture":27,"numbering":["HN54"],"lines":[99629],"attr":"cool","postal_code":"557-0003","address":"大阪市西成区天下茶屋北２","voronoi":{"type":"Feature","geometry":{"type":"Polygon","coordinates":[[[135.506443,34.639889],[135.498448,34.641523],[135.498911,34.642904],[135.499947,34.643839],[135.504356,34.643626],[135.504461,34.6436],[135.506772,34.641797],[135.506722,34.640207],[135.506443,34.639889]]]},"properties":{}},"extra":false},
    {"code":9962905,"id":"9e0b15","name":"松田町","original_name":"松田町","name_kana":"まつだちょう","closed":false,"lat":34.639197,"lng":135.500895,"prefecture":27,"numbering":["HN55"],"lines":[99629],"attr":"cool","postal_code":"557-0003","address":"大阪市西成区天下茶屋北２-１","voronoi":{"type":"Feature","geometry":{"type":"Polygon","coordinates":[[[135.498448,34.641523],[135.497342,34.640612],[135.49861,34.638335],[135.505125,34.636732],[135.506443,34.639889],[135.498448,34.641523]]]},"properties":{}},"extra":false},
    {"code":9962906,"id":"c82dba","name":"北天下茶屋","original_name":"北天下茶屋","name_kana":"きたてんがちゃや","closed":false,"lat":34.636511,"lng":135.500234,"prefecture":27,"numbering":["HN56"],"lines":[99629],"attr":"cool","postal_code":"557-0014","address":"大阪市西成区天下茶屋３-３-２１","voronoi":{"type":"Feature","geometry":{"type":"Polygon","coordinates":[[[135.503992,34.633773],[135.4983,34.635054],[135.49861,34.638335],[135.505125,34.636732],[135.505039,34.635944],[135.503992,34.633773]]]},"properties":{}},"extra":false},
    {"code":9962907,"id":"73e19a","name":"聖天坂","original_name":"聖天坂","name_kana":"しょうてんさか","closed":false,"lat":34.632909,"lng":135.499423,"prefecture":27,"numbering":["HN57"],"lines":[99629],"attr":"cool","postal_code":"557-0042","address":"大阪市西成区岸里東１-５-２５","voronoi":{"type":"Feature","geometry":{"type":"Polygon","coordinates":[[[135.503905,34.631651],[135.503992,34.633773],[135.4983,34.635054],[135.496723,34.633953],[135.496289,34.632304],[135.502128,34.629773],[135.503905,34.631651]]]},"properties":{}},"extra":false},
    {"code":9962908,"id":"3cc117","name":"天神ノ森","original_name":"天神ノ森","name_kana":"てんじんのもり","closed":false,"lat":34.629603,"lng":135.49799,"prefecture":27,"numbering":["HN58"],"lines":[99629],"attr":"cool","postal_code":"557-0042","address":"大阪市西成区岸里東２-４-２０","voronoi":{"type":"Feature","geometry":{"type":"Polygon","coordinates":[[[135.496289,34.632304],[135.495284,34.631432],[135.496284,34.628687],[135.499796,34.626116],[135.501477,34.627726],[135.502128,34.629773],[135.496289,34.632304]]]},"properties":{}},"extra":false},
    {"code":9962909,"id":"4dbdf2","name":"東玉出","original_name":"東玉出","name_kana":"ひがしたまで","closed":false,"lat":34.626784,"lng":135.495926,"prefecture":27,"numbering":["HN59"],"lines":[99629],"attr":"cool","postal_code":"557-0043","address":"大阪市西成区玉出東２-２-３３","voronoi":{"type":"Feature","geometry":{"type":"Polygon","coordinates":[[[135.493505,34.625852],[135.496284,34.628687],[135.499796,34.626116],[135.499754,34.626],[135.49702,34.624477],[135.493505,34.625852]]]},"properties":{}},"extra":false},
    {"code":9962910,"id":"d6b384","name":"塚西","original_name":"塚西","name_kana":"つかにし","closed":false,"lat":34.623524,"lng":135.494651,"prefecture":27,"numbering":["HN60"],"lines":[99629],"attr":"cool","postal_code":"558-0051","address":"大阪市住吉区東粉浜１","voronoi":{"type":"Feature","geometry":{"type":"Polygon","coordinates":[[[135.495619,34.620063],[135.492865,34.621117],[135.492262,34.621452],[135.492867,34.625816],[135.493505,34.625852],[135.49702,34.624477],[135.495619,34.620063]]]},"properties":{}},"extra":false},
    {"code":9962911,"id":"83726e","name":"東粉浜","original_name":"東粉浜","name_kana":"ひがしこはま","closed":false,"lat":34.618133,"lng":135.492588,"prefecture":27,"numbering":["HN61"],"lines":[99629],"attr":"cool","postal_code":"558-0051","address":"大阪市住吉区東粉浜２","voronoi":{"type":"Feature","geometry":{"type":"Polygon","coordinates":[[[135.491739,34.616404],[135.492865,34.621117],[135.495619,34.620063],[135.495948,34.619608],[135.495915,34.61917],[135.494204,34.615903],[135.491739,34.616404]]]},"properties":{}},"extra":false},
    {"code":9962810,"id":"cf6ec9","name":"住吉(大阪)","original_name":"住吉","name_kana":"すみよし","closed":false,"lat":34.61448,"lng":135.491846,"prefecture":27,"numbering":["HN10"],"lines":[99628,99629],"attr":"cool","postal_code":"558-0045","address":"大阪市住吉区住吉２","voronoi":{"type":"Feature","geometry":{"type":"Polygon","coordinates":[[[135.494727,34.613942],[135.494204,34.615903],[135.491739,34.616404],[135.488469,34.616333],[135.49182,34.613197],[135.494403,34.612366],[135.494727,34.613942]]]},"properties":{}},"extra":false},
    {"code":9962913,"id":"2287f1","name":"住吉鳥居前","original_name":"住吉鳥居前","name_kana":"すみよしとりいまえ","closed":false,"lat":34.612139,"lng":135.491093,"prefecture":27,"numbering":["HN12"],"lines":[99629],"attr":"cool","postal_code":"558-0045","address":"大阪市住吉区住吉２","voronoi":{"type":"Feature","geometry":{"type":"Polygon","coordinates":[[[135.4946,34.611262],[135.490222,34.611003],[135.490684,34.612535],[135.49182,34.613197],[135.494403,34.612366],[135.4946,34.611262]]]},"properties":{}},"extra":false},
    {"code":9962914,"id":"2c3cd6","name":"細井川","original_name":"細井川","name_kana":"ほそいがわ","closed":false,"lat":34.609978,"lng":135.491221,"prefecture":27,"numbering":["HN13"],"lines":[99629],"attr":"cool","postal_code":"558-0043","address":"大阪市住吉区墨江１","voronoi":{"type":"Feature","geometry":{"type":"Polygon","coordinates":[[[135.4946,34.611262],[135.490222,34.611003],[135.487018,34.60957],[135.488272,34.60843],[135.493472,34.607173],[135.495274,34.609971],[135.4946,34.611262]]]},"properties":{}},"extra":false},
    {"code":9962915,"id":"2efeab","name":"安立町","original_name":"安立町","name_kana":"あんりゅうまち","closed":false,"lat":34.605706,"lng":135.490188,"prefecture":27,"numbering":["HN14"],"lines":[99629],"attr":"cool","postal_code":"558-0043","address":"大阪市住吉区墨江３-１１５","voronoi":{"type":"Feature","geometry":{"type":"Polygon","coordinates":[[[135.493805,34.603271],[135.493472,34.607173],[135.488272,34.60843],[135.488861,34.603208],[135.492905,34.602179],[135.493805,34.603271]]]},"properties":{}},"extra":false},
    {"code":9962916,"id":"0f4dd6","name":"我孫子道","original_name":"我孫子道","name_kana":"あびこみち","closed":false,"lat":34.600379,"lng":135.488833,"prefecture":27,"numbering":["HN15"],"lines":[99629],"attr":"cool","postal_code":"558-0033","address":"大阪市住吉区清水丘３-８２","voronoi":{"type":"Feature","geometry":{"type":"Polygon","coordinates":[[[135.488861,34.603208],[135.480865,34.600276],[135.481153,34.59998],[135.492753,34.595738],[135.492905,34.602179],[135.488861,34.603208]]]},"properties":{}},"extra":false},
    {"code":9962917,"id":"947cd3","name":"大和川","original_name":"大和川","name_kana":"やまとがわ","closed":false,"lat":34.594721,"lng":135.486764,"prefecture":27,"numbering":["HN16"],"lines":[99629],"attr":"heat","postal_code":"590-0001","address":"堺市堺区遠里小野町１丁","voronoi":{"type":"Feature","geometry":{"type":"Polygon","coordinates":[[[135.488459,34.591677],[135.483682,34.59346],[135.481153,34.59998],[135.492753,34.595738],[135.493008,34.595265],[135.488459,34.591677]]]},"properties":{}},"extra":false},
    {"code":9962918,"id":"d4b832","name":"高須神社","original_name":"高須神社","name_kana":"たかすじんしゃ","closed":false,"lat":34.590488,"lng":135.485184,"prefecture":27,"numbering":["HN17"],"lines":[99629],"attr":"heat","postal_code":"590-0003","address":"堺市堺区高須町１丁","voronoi":{"type":"Feature","geometry":{"type":"Polygon","coordinates":[[[135.482525,34.590526],[135.483682,34.59346],[135.488459,34.591677],[135.487443,34.586598],[135.482525,34.590526]]]},"properties":{}},"extra":false},
    {"code":9962919,"id":"0b88c2","name":"綾ノ町","original_name":"綾ノ町","name_kana":"あやのちょう","closed":false,"lat":34.587941,"lng":135.48315,"prefecture":27,"numbering":["HN18"],"lines":[99629],"attr":"heat","postal_code":"590-0931","address":"堺市堺区錦之町西１丁","voronoi":{"type":"Feature","geometry":{"type":"Polygon","coordinates":[[[135.479677,34.588836],[135.485564,34.582141],[135.488151,34.582551],[135.487443,34.586598],[135.482525,34.590526],[135.479677,34.588836]]]},"properties":{}},"extra":false},
    {"code":9962920,"id":"7ce02e","name":"神明町","original_name":"神明町","name_kana":"しんめいちょう","closed":false,"lat":34.585277,"lng":135.48012,"prefecture":27,"numbering":["HN19"],"lines":[99629],"attr":"heat","postal_code":"590-0000","address":"堺市堺区神明町西１丁","voronoi":{"type":"Feature","geometry":{"type":"Polygon","coordinates":[[[135.474053,34.589184],[135.479677,34.588836],[135.485564,34.582141],[135.483085,34.580837],[135.474053,34.589184]]]},"properties":{}},"extra":false},
    {"code":9962921,"id":"59dc4d","name":"妙国寺前","original_name":"妙国寺前","name_kana":"みょうこくじまえ","closed":false,"lat":34.583444,"lng":135.478426,"prefecture":27,"numbering":["HN20"],"lines":[99629],"attr":"heat","postal_code":"590-0936","address":"堺市堺区宿屋町東１丁","voronoi":{"type":"Feature","geometry":{"type":"Polygon","coordinates":[[[135.483085,34.580837],[135.474053,34.589184],[135.472538,34.589548],[135.472978,34.586687],[135.481156,34.579146],[135.483085,34.580837]]]},"properties":{}},"extra":false},
    {"code":9962922,"id":"6c2af4","name":"花田口","original_name":"花田口","name_kana":"はなたぐち","closed":false,"lat":34.581519,"lng":135.476651,"prefecture":27,"numbering":["HN21"],"lines":[99629],"attr":"heat","postal_code":"590-0943","address":"堺市堺区車之町東１丁","voronoi":{"type":"Feature","geometry":{"type":"Polygon","coordinates":[[[135.472978,34.586687],[135.472769,34.582933],[135.47949,34.576661],[135.481156,34.579146],[135.472978,34.586687]]]},"properties":{}},"extra":false},
    {"code":9962923,"id":"0cb3e3","name":"大小路","original_name":"大小路","name_kana":"おおしょうじ","closed":false,"lat":34.579158,"lng":135.474448,"prefecture":27,"numbering":["HN22"],"lines":[99629],"attr":"heat","postal_code":"590-0946","address":"堺市堺区熊野町東１丁","voronoi":{"type":"Feature","geometry":{"type":"Polygon","coordinates":[[[135.478378,34.573064],[135.471163,34.579666],[135.472769,34.582933],[135.47949,34.576661],[135.478378,34.573064]]]},"properties":{}},"extra":false},
    {"code":9962924,"id":"ffcd4e","name":"宿院","original_name":"宿院","name_kana":"しゅくいん","closed":false,"lat":34.576439,"lng":135.47196,"prefecture":27,"numbering":["HN23"],"lines":[99629],"attr":"heat","postal_code":"590-0954","address":"堺市堺区大町東１丁","voronoi":{"type":"Feature","geometry":{"type":"Polygon","coordinates":[[[135.478162,34.567999],[135.467795,34.57771],[135.471163,34.579666],[135.478378,34.573064],[135.478162,34.567999]]]},"properties":{}},"extra":false},
    {"code":9962925,"id":"cdd97d","name":"寺地町","original_name":"寺地町","name_kana":"てらぢちょう","closed":false,"lat":34.573637,"lng":135.469335,"prefecture":27,"numbering":["HN24"],"lines":[99629],"attr":"heat","postal_code":"590-0962","address":"堺市堺区寺地町東１丁","voronoi":{"type":"Feature","geometry":{"type":"Polygon","coordinates":[[[135.478162,34.567999],[135.478555,34.565238],[135.477305,34.563638],[135.463155,34.576522],[135.462871,34.577366],[135.467795,34.57771],[135.478162,34.567999]]]},"properties":{}},"extra":false},
    {"code":9962926,"id":"ba418c","name":"御陵前","original_name":"御陵前","name_kana":"ごりょうまえ","closed":false,"lat":34.570639,"lng":135.466605,"prefecture":27,"numbering":["HN25"],"lines":[99629],"attr":"heat","postal_code":"590-0965","address":"堺市堺区南旅篭町東１丁","voronoi":{"type":"Feature","geometry":{"type":"Polygon","coordinates":[[[135.463155,34.576522],[135.477305,34.563638],[135.476611,34.562381],[135.474153,34.561054],[135.463336,34.568537],[135.463155,34.576522]]]},"properties":{}},"extra":false},
    {"code":9962927,"id":"ba6f90","name":"東湊","original_name":"東湊","name_kana":"ひがしみなと","closed":false,"lat":34.564737,"lng":135.462522,"prefecture":27,"numbering":["HN26"],"lines":[99629],"attr":"eco","postal_code":"590-0827","address":"堺市堺区春日通１丁２","voronoi":{"type":"Feature","geometry":{"type":"Polygon","coordinates":[[[135.474153,34.561054],[135.463336,34.568537],[135.456722,34.565609],[135.468943,34.555757],[135.474153,34.561054]]]},"properties":{}},"extra":false},
    {"code":9962931,"id":"67d0f7","name":"石津北","original_name":"石津北","name_kana":"いしづきた","closed":false,"lat":34.560126,"lng":135.458805,"prefecture":27,"numbering":["HN27"],"lines":[99629],"attr":"eco","postal_code":"592-8334","address":"大阪府堺市西区浜寺石津町中1丁","open_date":"2015-02-01","voronoi":{"type":"Feature","geometry":{"type":"Polygon","coordinates":[[[135.456722,34.565609],[135.455189,34.565782],[135.456172,34.558397],[135.464509,34.551755],[135.467627,34.553382],[135.468943,34.555757],[135.456722,34.565609]]]},"properties":{}},"extra":false},
    {"code":9962928,"id":"f2775f","name":"石津(大阪)","original_name":"石津","name_kana":"いしづ","closed":false,"lat":34.555444,"lng":135.455075,"prefecture":27,"numbering":["HN28"],"lines":[99629],"attr":"eco","postal_code":"592-8334","address":"堺市西区浜寺石津町中４丁１-１４","voronoi":{"type":"Feature","geometry":{"type":"Polygon","coordinates":[[[135.459742,34.547034],[135.464509,34.551755],[135.456172,34.558397],[135.450753,34.555783],[135.452526,34.552919],[135.459742,34.547034]]]},"properties":{}},"extra":false},
    {"code":9962929,"id":"756a8e","name":"船尾(大阪)","original_name":"船尾","name_kana":"ふなお","closed":false,"lat":34.549914,"lng":135.450565,"prefecture":27,"numbering":["HN29"],"lines":[99629],"attr":"eco","postal_code":"592-8348","address":"堺市西区浜寺諏訪森町中２丁","voronoi":{"type":"Feature","geometry":{"type":"Polygon","coordinates":[[[135.459742,34.547034],[135.452526,34.552919],[135.445191,34.547225],[135.454611,34.540777],[135.457605,34.542118],[135.459742,34.547034]]]},"properties":{}},"extra":false},
    {"code":9962930,"id":"b22a44","name":"浜寺駅前","original_name":"浜寺駅前","name_kana":"はまでらえきまえ","closed":false,"lat":34.541418,"lng":135.44316,"prefecture":27,"numbering":["HN31"],"lines":[99629],"attr":"eco","postal_code":"592-8346","address":"堺市西区浜寺公園町２丁","voronoi":{"type":"Feature","geometry":{"type":"Polygon","coordinates":[[[135.443521,34.538196],[135.444626,34.547467],[135.397128,34.574871],[135.387807,34.574285],[135.429936,34.540499],[135.440656,34.538346],[135.443521,34.538196]]]},"properties":{}},"extra":false}
  ],
  "extra":false
}