{
  "code":99624,
  "id":"8c17ef",
  "name":"OsakaMetro長堀鶴見緑地線",
  "name_kana":"おおさかめとろながほりつるみりょくちせん",
  "name_formal":"高速電気軌道第7号線",
  "station_size":17,
  "company_code":249,
  "closed":false,
  "color":"#A9CC51",
  "symbol":"N",
  "station_list":[
    {"code":1162305,"id":"15780f","name":"大正(大阪)","original_name":"大正","name_kana":"たいしょう","closed":false,"lat":34.665582,"lng":135.479932,"prefecture":27,"numbering":["N11"],"lines":[11623,99624],"attr":"heat","postal_code":"551-0002","address":"大阪市大正区三軒家東１丁目","voronoi":{"type":"Feature","geometry":{"type":"Polygon","coordinates":[[[135.482443,34.668446],[135.483917,34.663977],[135.480776,34.659929],[135.468736,34.65643],[135.470572,34.664879],[135.470827,34.665057],[135.479898,34.668192],[135.482443,34.668446]]]},"properties":{}},"extra":false},
    {"code":9962402,"id":"5a86d9","name":"ドーム前千代崎","original_name":"ドーム前千代崎","name_kana":"どーむまえちよざき","closed":false,"lat":34.670757,"lng":135.479415,"prefecture":27,"numbering":["N12"],"lines":[99624],"attr":"cool","postal_code":"550-0023","address":"大阪市西区千代崎３-北２-８","voronoi":{"type":"Feature","geometry":{"type":"Polygon","coordinates":[[[135.48008,34.677901],[135.477613,34.673319],[135.479898,34.668192],[135.482443,34.668446],[135.484002,34.671821],[135.480744,34.677475],[135.48008,34.677901]]]},"properties":{}},"extra":false},
    {"code":9962204,"id":"e50668","name":"西長堀","original_name":"西長堀","name_kana":"にしながほり","closed":false,"lat":34.675256,"lng":135.487223,"prefecture":27,"numbering":["N13"],"lines":[99622,99624],"attr":"cool","postal_code":"550-0014","address":"大阪市西区北堀江３-１２-２０","voronoi":{"type":"Feature","geometry":{"type":"Polygon","coordinates":[[[135.480744,34.677475],[135.484002,34.671821],[135.486486,34.671476],[135.490485,34.672422],[135.490295,34.678895],[135.480744,34.677475]]]},"properties":{}},"extra":false},
    {"code":9962404,"id":"d52357","name":"西大橋","original_name":"西大橋","name_kana":"にしおおはし","closed":false,"lat":34.675442,"lng":135.493575,"prefecture":27,"numbering":["N14"],"lines":[99624],"attr":"cool","postal_code":"550-0013","address":"大阪市西区新町１-２８-１１","voronoi":{"type":"Feature","geometry":{"type":"Polygon","coordinates":[[[135.490485,34.672422],[135.490295,34.678895],[135.492639,34.681719],[135.496667,34.678366],[135.493518,34.670771],[135.493059,34.670684],[135.490485,34.672422]]]},"properties":{}},"extra":false},
    {"code":9961809,"id":"dbd674","name":"心斎橋","original_name":"心斎橋","name_kana":"しんさいばし","closed":false,"lat":34.675012,"lng":135.50033,"prefecture":27,"numbering":["N15"],"lines":[99618,99624],"attr":"eco","postal_code":"542-0085","address":"大阪市中央区心斎橋筋１-８-１６","voronoi":{"type":"Feature","geometry":{"type":"Polygon","coordinates":[[[135.497662,34.678086],[135.502923,34.67911],[135.503567,34.678492],[135.503111,34.671005],[135.502589,34.67065],[135.502479,34.670651],[135.499433,34.671108],[135.497662,34.678086]]]},"properties":{}},"extra":false},
    {"code":9962306,"id":"24f1be","name":"長堀橋","original_name":"長堀橋","name_kana":"ながほりばし","closed":false,"lat":34.674645,"lng":135.506357,"prefecture":27,"numbering":["N16"],"lines":[99623,99624],"attr":"cool","postal_code":"542-0082","address":"大阪市中央区島之内１-１８-９","voronoi":{"type":"Feature","geometry":{"type":"Polygon","coordinates":[[[135.509001,34.678074],[135.503567,34.678492],[135.503111,34.671005],[135.505309,34.670852],[135.509963,34.671024],[135.509001,34.678074]]]},"properties":{}},"extra":false},
    {"code":9962407,"id":"f50ab6","name":"松屋町","original_name":"松屋町","name_kana":"まつやまち","closed":false,"lat":34.675479,"lng":135.512467,"prefecture":27,"numbering":["N17"],"lines":[99624],"attr":"cool","postal_code":"542-0067","address":"大阪市中央区松屋町３-２７","voronoi":{"type":"Feature","geometry":{"type":"Polygon","coordinates":[[[135.509001,34.678074],[135.512088,34.680758],[135.515104,34.678515],[135.514207,34.671342],[135.511218,34.670146],[135.509963,34.671024],[135.509001,34.678074]]]},"properties":{}},"extra":false},
    {"code":9961914,"id":"9f3929","name":"谷町六丁目","original_name":"谷町六丁目","name_kana":"たにまちろくちょうめ","closed":false,"lat":34.674923,"lng":135.516912,"prefecture":27,"numbering":["N18"],"lines":[99619,99624],"attr":"heat","postal_code":"542-0012","address":"大阪市中央区谷町６-９-１","voronoi":{"type":"Feature","geometry":{"type":"Polygon","coordinates":[[[135.524815,34.67317],[135.525229,34.678021],[135.515104,34.678515],[135.514207,34.671342],[135.520062,34.670505],[135.524815,34.67317]]]},"properties":{}},"extra":false},
    {"code":1162316,"id":"be305d","name":"玉造","original_name":"玉造","name_kana":"たまつくり","closed":false,"lat":34.673559,"lng":135.532901,"prefecture":27,"numbering":["N19"],"lines":[11623,99624],"attr":"cool","postal_code":"543-0014","address":"大阪市天王寺区玉造元町","voronoi":{"type":"Feature","geometry":{"type":"Polygon","coordinates":[[[135.53976,34.675977],[135.525366,34.678277],[135.525229,34.678021],[135.524815,34.67317],[135.526341,34.671139],[135.537056,34.667563],[135.540305,34.675042],[135.53976,34.675977]]]},"properties":{}},"extra":false},
    {"code":1162315,"id":"f4f805","name":"森ノ宮","original_name":"森ノ宮","name_kana":"もりのみや","closed":false,"lat":34.680412,"lng":135.533996,"prefecture":27,"numbering":["N20"],"lines":[11623,99621,99624],"attr":"heat","postal_code":"540-0003","address":"大阪市中央区森ノ宮中央１丁目","voronoi":{"type":"Feature","geometry":{"type":"Polygon","coordinates":[[[135.525366,34.678277],[135.525887,34.684091],[135.528,34.684867],[135.539509,34.684182],[135.53976,34.675977],[135.525366,34.678277]]]},"properties":{}},"extra":false},
    {"code":9962411,"id":"2fe2f8","name":"大阪ビジネスパーク","original_name":"大阪ビジネスパーク","name_kana":"おおさかびじねすぱーく","closed":false,"lat":34.692144,"lng":135.529688,"prefecture":27,"numbering":["N21"],"lines":[99624],"attr":"eco","postal_code":"540-0001","address":"大阪市中央区城見１-３-１３","voronoi":{"type":"Feature","geometry":{"type":"Polygon","coordinates":[[[135.529536,34.696943],[135.524058,34.686315],[135.525887,34.684091],[135.528,34.684867],[135.533516,34.692287],[135.529536,34.696943]]]},"properties":{}},"extra":false},
    {"code":1161724,"id":"d1f089","name":"京橋(大阪)","original_name":"京橋","name_kana":"きょうばし","closed":false,"lat":34.696047,"lng":135.534253,"prefecture":27,"numbering":["N22"],"lines":[11617,11623,11625,33001,99624],"attr":"cool","postal_code":"536-0015","address":"大阪市城東区新喜多一丁目2-31","voronoi":{"type":"Feature","geometry":{"type":"Polygon","coordinates":[[[135.539028,34.692456],[135.54088,34.698523],[135.540419,34.699958],[135.536755,34.70233],[135.53191,34.703789],[135.528586,34.701634],[135.529536,34.696943],[135.533516,34.692287],[135.539028,34.692456]]]},"properties":{}},"extra":false},
    {"code":9962413,"id":"71febe","name":"蒲生四丁目","original_name":"蒲生四丁目","name_kana":"がもうよんちょうめ","closed":false,"lat":34.700368,"lng":135.547709,"prefecture":27,"numbering":["N23"],"lines":[99624,99652],"attr":"heat","postal_code":"536-0004","address":"大阪市城東区今福西３-１-３５","voronoi":{"type":"Feature","geometry":{"type":"Polygon","coordinates":[[[135.553167,34.706807],[135.554828,34.693541],[135.54088,34.698523],[135.540419,34.699958],[135.542517,34.701881],[135.549961,34.706608],[135.553167,34.706807]]]},"properties":{}},"extra":false},
    {"code":9962414,"id":"26f1f0","name":"今福鶴見","original_name":"今福鶴見","name_kana":"いまふくつるみ","closed":false,"lat":34.701913,"lng":135.560044,"prefecture":27,"numbering":["N24"],"lines":[99624],"attr":"heat","postal_code":"536-0002","address":"大阪市城東区今福東２-１４-１５","voronoi":{"type":"Feature","geometry":{"type":"Polygon","coordinates":[[[135.554905,34.693415],[135.554828,34.693541],[135.553167,34.706807],[135.554036,34.707879],[135.565541,34.709393],[135.567209,34.696312],[135.554905,34.693415]]]},"properties":{}},"extra":false},
    {"code":9962415,"id":"57751d","name":"横堤","original_name":"横堤","name_kana":"よこづつみ","closed":false,"lat":34.703532,"lng":135.57274,"prefecture":27,"numbering":["N25"],"lines":[99624],"attr":"heat","postal_code":"538-0052","address":"大阪市鶴見区横堤５-３-３１","voronoi":{"type":"Feature","geometry":{"type":"Polygon","coordinates":[[[135.569546,34.714352],[135.565541,34.709393],[135.567209,34.696312],[135.571528,34.693669],[135.58178,34.701649],[135.569546,34.714352]]]},"properties":{}},"extra":false},
    {"code":9962416,"id":"d3d0d4","name":"鶴見緑地","original_name":"鶴見緑地","name_kana":"つるみりょくち","closed":false,"lat":34.710754,"lng":135.580239,"prefecture":27,"numbering":["N26"],"lines":[99624],"attr":"heat","postal_code":"538-0036","address":"大阪市鶴見区緑地公園１-５５","voronoi":{"type":"Feature","geometry":{"type":"Polygon","coordinates":[[[135.569546,34.714352],[135.569588,34.714559],[135.574567,34.723459],[135.580969,34.724505],[135.581003,34.724502],[135.590053,34.706403],[135.587032,34.701978],[135.58178,34.701649],[135.569546,34.714352]]]},"properties":{}},"extra":false},
    {"code":9962417,"id":"a1ab3e","name":"門真南","original_name":"門真南","name_kana":"かどまみなみ","closed":false,"lat":34.716865,"lng":135.59246,"prefecture":27,"numbering":["N27"],"lines":[99624],"attr":"heat","postal_code":"571-0015","address":"門真市大字三ツ島５２２-３","voronoi":{"type":"Feature","geometry":{"type":"Polygon","coordinates":[[[135.600504,34.728763],[135.611678,34.724393],[135.606877,34.711276],[135.590053,34.706403],[135.581003,34.724502],[135.589752,34.728309],[135.600504,34.728763]]]},"properties":{}},"extra":false}
  ],
  "extra":false
}