{
  "code":99627,
  "id":499,
  "name":"大阪モノレール彩都線",
  "name_kana":"おおさかものれーるさいとせん",
  "name_formal":"国際文化公園都市線",
  "station_size":5,
  "company_code":201,
  "closed":false,
  "color":"#111986",
  "station_list":[
    {"code":9962607,"id":8097,"name":"万博記念公園(大阪)","original_name":"万博記念公園","name_kana":"ばんぱくきねんこうえん","closed":false,"lat":34.806692,"lng":135.530228,"prefecture":27,"numbering":["17"],"lines":[99626,99627],"attr":"cool","postal_code":"565-0826","address":"吹田市千里万博公園内","voronoi":{"type":"Feature","geometry":{"type":"Polygon","coordinates":[[[135.521784,34.812425],[135.525468,34.790612],[135.526981,34.788346],[135.535519,34.791599],[135.537048,34.793742],[135.528785,34.812558],[135.521784,34.812425]]]},"properties":{}},"extra":false},
    {"code":9962702,"id":8102,"name":"公園東口","original_name":"公園東口","name_kana":"こうえんひがしぐち","closed":false,"lat":34.810427,"lng":135.539235,"prefecture":27,"numbering":["51"],"lines":[99627],"attr":"cool","postal_code":"565-0826","address":"吹田市千里万博公園７８-４","voronoi":{"type":"Feature","geometry":{"type":"Polygon","coordinates":[[[135.547335,34.829034],[135.533821,34.813534],[135.540295,34.79767],[135.545516,34.801057],[135.548824,34.821739],[135.547335,34.829034]]]},"properties":{}},"extra":false},
    {"code":9962703,"id":8103,"name":"阪大病院前","original_name":"阪大病院前","name_kana":"はんだいびょういんまえ","closed":false,"lat":34.818474,"lng":135.530005,"prefecture":27,"numbering":["52"],"lines":[99627],"attr":"cool","postal_code":"567-0047","address":"茨木市美穂ケ丘４５９５-１","voronoi":{"type":"Feature","geometry":{"type":"Polygon","coordinates":[[[135.520178,34.81404],[135.520993,34.825063],[135.547474,34.830359],[135.547335,34.829034],[135.533821,34.813534],[135.528785,34.812558],[135.521784,34.812425],[135.520178,34.81404]]]},"properties":{}},"extra":false},
    {"code":9962704,"id":8104,"name":"豊川(大阪)","original_name":"豊川","name_kana":"とよかわ","closed":false,"lat":34.834611,"lng":135.526778,"prefecture":27,"numbering":["53"],"lines":[99627],"attr":"heat","postal_code":"567-0057","address":"茨木市豊川４丁目","voronoi":{"type":"Feature","geometry":{"type":"Polygon","coordinates":[[[135.547474,34.830359],[135.553389,34.841055],[135.554502,34.850514],[135.507198,34.841799],[135.507375,34.839537],[135.520993,34.825063],[135.547474,34.830359]]]},"properties":{}},"extra":false},
    {"code":9962705,"id":8105,"name":"彩都西","original_name":"彩都西","name_kana":"さいとにし","closed":false,"lat":34.855492,"lng":135.522931,"prefecture":27,"numbering":["54"],"lines":[99627],"attr":"heat","postal_code":"567-0085","address":"茨木市彩都あさぎ１丁目","voronoi":{"type":"Feature","geometry":{"type":"Polygon","coordinates":[[[135.507198,34.841799],[135.554502,34.850514],[135.564036,34.869968],[135.57221,34.902376],[135.573361,34.927593],[135.566894,34.930903],[135.527997,34.945337],[135.481774,34.880735],[135.484105,34.874686],[135.507198,34.841799]]]},"properties":{}},"extra":false}
  ],
  "extra":false
}