{
  "code":99635,
  "id":"257ee2",
  "name":"神鉄粟生線",
  "name_kana":"しんてつあおせん",
  "station_size":20,
  "company_code":204,
  "closed":false,
  "color":"#0000FF",
  "symbol":"KB",
  "station_list":[
    {"code":9963206,"id":"e68f65","name":"鈴蘭台","original_name":"鈴蘭台","name_kana":"すずらんだい","closed":false,"lat":34.723662,"lng":135.145867,"prefecture":28,"numbering":["KB06"],"lines":[99632,99635],"attr":"cool","postal_code":"651-1111","address":"神戸市北区鈴蘭台北町１-７-１７","voronoi":{"type":"Feature","geometry":{"type":"Polygon","coordinates":[[[135.173323,34.722302],[135.170323,34.713624],[135.165505,34.708034],[135.162657,34.705943],[135.137268,34.708912],[135.138723,34.716179],[135.146962,34.732341],[135.173323,34.722302]]]},"properties":{}},"extra":false},
    {"code":9963502,"id":"9c69d5","name":"鈴蘭台西口","original_name":"鈴蘭台西口","name_kana":"すずらんだいにしぐち","closed":false,"lat":34.726356,"lng":135.140582,"prefecture":28,"numbering":["KB41"],"lines":[99635],"attr":"heat","postal_code":"651-1113","address":"神戸市北区鈴蘭台南町３-１２-１５","voronoi":{"type":"Feature","geometry":{"type":"Polygon","coordinates":[[[135.146962,34.732341],[135.136364,34.741446],[135.138723,34.716179],[135.146962,34.732341]]]},"properties":{}},"extra":false},
    {"code":9963503,"id":"9153b6","name":"西鈴蘭台","original_name":"西鈴蘭台","name_kana":"にしすずらんだい","closed":false,"lat":34.725836,"lng":135.135013,"prefecture":28,"numbering":["KB42"],"lines":[99635],"attr":"heat","postal_code":"651-1131","address":"神戸市北区北五葉１-１-１","voronoi":{"type":"Feature","geometry":{"type":"Polygon","coordinates":[[[135.137268,34.708912],[135.116955,34.704503],[135.132944,34.745662],[135.136364,34.741446],[135.138723,34.716179],[135.137268,34.708912]]]},"properties":{}},"extra":false},
    {"code":9963504,"id":"db655b","name":"藍那","original_name":"藍那","name_kana":"あいな","closed":false,"lat":34.732432,"lng":135.118033,"prefecture":28,"numbering":["KB43"],"lines":[99635],"attr":"heat","postal_code":"651-1104","address":"神戸市北区山田町藍那清水２６-２","voronoi":{"type":"Feature","geometry":{"type":"Polygon","coordinates":[[[135.092811,34.711855],[135.109763,34.70441],[135.11548,34.703608],[135.116955,34.704503],[135.132944,34.745662],[135.132718,34.746738],[135.128604,34.757271],[135.117441,34.774361],[135.092811,34.711855]]]},"properties":{}},"extra":false},
    {"code":9963505,"id":"9ef5dc","name":"木津(兵庫)","original_name":"木津","name_kana":"きづ","closed":false,"lat":34.744106,"lng":135.088406,"prefecture":28,"numbering":["KB44"],"lines":[99635],"attr":"heat","postal_code":"651-2222","address":"神戸市西区押部谷町木津字勝田９６４-３","voronoi":{"type":"Feature","geometry":{"type":"Polygon","coordinates":[[[135.092811,34.711855],[135.089373,34.711519],[135.07218,34.71499],[135.09972,34.82764],[135.104579,34.841545],[135.117441,34.774361],[135.092811,34.711855]]]},"properties":{}},"extra":false},
    {"code":9963506,"id":"c2d5f8","name":"木幡(兵庫)","original_name":"木幡","name_kana":"こばた","closed":false,"lat":34.748308,"lng":135.071218,"prefecture":28,"numbering":["KB45"],"lines":[99635],"attr":"heat","postal_code":"651-2222","address":"神戸市西区押部谷町木津字居垣内５４-２","voronoi":{"type":"Feature","geometry":{"type":"Polygon","coordinates":[[[135.066057,34.714565],[135.061509,34.715485],[135.059613,34.716423],[135.050701,34.723875],[135.09972,34.82764],[135.07218,34.71499],[135.066057,34.714565]]]},"properties":{}},"extra":false},
    {"code":9963507,"id":"ceb7a2","name":"栄(兵庫)","original_name":"栄","name_kana":"さかえ","closed":false,"lat":34.75524,"lng":135.056544,"prefecture":28,"numbering":["KB46"],"lines":[99635],"attr":"heat","postal_code":"651-2211","address":"神戸市西区押部谷町栄字北万覚２５１-１","voronoi":{"type":"Feature","geometry":{"type":"Polygon","coordinates":[[[135.104579,34.841545],[135.09972,34.82764],[135.050701,34.723875],[135.0482,34.72505],[135.045696,34.727797],[135.05034,34.786215],[135.074914,34.840951],[135.088081,34.858873],[135.104482,34.845377],[135.104513,34.845349],[135.104579,34.841545]]]},"properties":{}},"extra":false},
    {"code":9963508,"id":"2fc3bb","name":"押部谷","original_name":"押部谷","name_kana":"おしべだに","closed":false,"lat":34.756609,"lng":135.03932,"prefecture":28,"numbering":["KB47"],"lines":[99635],"attr":"heat","postal_code":"651-2213","address":"神戸市西区押部谷町福住字岡本５０１-３","voronoi":{"type":"Feature","geometry":{"type":"Polygon","coordinates":[[[135.05034,34.786215],[135.045696,34.727797],[135.021002,34.742421],[135.042599,34.777007],[135.05034,34.786215]]]},"properties":{}},"extra":false},
    {"code":9963509,"id":"cceac2","name":"緑が丘(兵庫)","original_name":"緑が丘","name_kana":"みどりがおか","closed":false,"lat":34.765108,"lng":135.02571,"prefecture":28,"numbering":["KB48"],"lines":[99635],"attr":"heat","postal_code":"673-0541","address":"三木市志染町広野字大廻西乙５８２-１４","voronoi":{"type":"Feature","geometry":{"type":"Polygon","coordinates":[[[134.997761,34.754062],[134.991741,34.747778],[135.021002,34.742421],[135.042599,34.777007],[134.997761,34.754062]]]},"properties":{}},"extra":false},
    {"code":9963510,"id":"940eab","name":"広野ゴルフ場前","original_name":"広野ゴルフ場前","name_kana":"ひろのごるふじょうまえ","closed":false,"lat":34.770269,"lng":135.023069,"prefecture":28,"numbering":["KB49"],"lines":[99635],"attr":"heat","postal_code":"673-0541","address":"三木市志染町広野字宮ノ南乙５７７-１５","voronoi":{"type":"Feature","geometry":{"type":"Polygon","coordinates":[[[134.997761,34.754062],[135.042599,34.777007],[135.05034,34.786215],[135.074914,34.840951],[135.045958,34.815231],[134.997761,34.754062]]]},"properties":{}},"extra":false},
    {"code":9963511,"id":"2f6998","name":"志染","original_name":"志染","name_kana":"しじみ","closed":false,"lat":34.782459,"lng":135.007598,"prefecture":28,"numbering":["KB50"],"lines":[99635],"attr":"heat","postal_code":"673-0551","address":"三木市志染町西自由が丘１-８３６","voronoi":{"type":"Feature","geometry":{"type":"Polygon","coordinates":[[[134.976128,34.745354],[134.979334,34.756002],[134.99008,34.782504],[135.045958,34.815231],[134.997761,34.754062],[134.991741,34.747778],[134.976128,34.745354]]]},"properties":{}},"extra":false},
    {"code":9963512,"id":"46fd74","name":"恵比須","original_name":"恵比須","name_kana":"えびす","closed":false,"lat":34.797805,"lng":134.99861,"prefecture":28,"numbering":["KB51"],"lines":[99635],"attr":"eco","postal_code":"673-0413","address":"三木市大塚２-１-５６","voronoi":{"type":"Feature","geometry":{"type":"Polygon","coordinates":[[[135.074914,34.840951],[135.045958,34.815231],[134.99008,34.782504],[134.990054,34.78268],[135.007049,34.858078],[135.016466,34.88153],[135.022777,34.883455],[135.058801,34.8921],[135.08403,34.865571],[135.088081,34.858873],[135.074914,34.840951]]]},"properties":{}},"extra":false},
    {"code":9963513,"id":"dceb72","name":"三木上の丸","original_name":"三木上の丸","name_kana":"みきうえのまる","closed":false,"lat":34.800013,"lng":134.988814,"prefecture":28,"numbering":["KB52"],"lines":[99635],"attr":"eco","postal_code":"673-0431","address":"三木市本町１-３-８","voronoi":{"type":"Feature","geometry":{"type":"Polygon","coordinates":[[[134.984774,34.813616],[135.007049,34.858078],[134.990054,34.78268],[134.985342,34.792682],[134.984774,34.813616]]]},"properties":{}},"extra":false},
    {"code":9963514,"id":"38ba02","name":"三木(神戸電鉄)","original_name":"三木","name_kana":"みき","closed":false,"lat":34.799814,"lng":134.981477,"prefecture":28,"numbering":["KB53"],"lines":[99635],"attr":"eco","postal_code":"673-0403","address":"兵庫県三木市末広一丁目1-35","voronoi":{"type":"Feature","geometry":{"type":"Polygon","coordinates":[[[134.974012,34.801494],[134.985342,34.792682],[134.984774,34.813616],[134.974012,34.801494]]]},"properties":{}},"extra":false},
    {"code":9963515,"id":"058ea9","name":"大村(兵庫)","original_name":"大村","name_kana":"おおむら","closed":false,"lat":34.808707,"lng":134.97146,"prefecture":28,"numbering":["KB54"],"lines":[99635],"attr":"eco","postal_code":"673-0404","address":"三木市大村字谷後８４５-４","voronoi":{"type":"Feature","geometry":{"type":"Polygon","coordinates":[[[134.967696,34.801418],[134.958142,34.806857],[134.957163,34.808267],[134.986595,34.862525],[135.001149,34.878282],[135.004789,34.88007],[135.016466,34.88153],[135.007049,34.858078],[134.984774,34.813616],[134.974012,34.801494],[134.972956,34.801041],[134.967696,34.801418]]]},"properties":{}},"extra":false},
    {"code":9963516,"id":"b7c0c2","name":"樫山","original_name":"樫山","name_kana":"かしやま","closed":false,"lat":34.820491,"lng":134.949736,"prefecture":28,"numbering":["KB55"],"lines":[99635],"attr":"eco","postal_code":"675-1325","address":"小野市樫山町字腰掛１４７６-３","voronoi":{"type":"Feature","geometry":{"type":"Polygon","coordinates":[[[134.941455,34.814773],[134.941924,34.807672],[134.942799,34.807131],[134.957163,34.808267],[134.986595,34.862525],[134.965866,34.848276],[134.941455,34.814773]]]},"properties":{}},"extra":false},
    {"code":9963517,"id":"f6c695","name":"市場(神戸電鉄)","original_name":"市場","name_kana":"いちば","closed":false,"lat":34.824408,"lng":134.94436,"prefecture":28,"numbering":["KB56"],"lines":[99635],"attr":"eco","postal_code":"675-1326","address":"兵庫県小野市池尻町字尾ノカチ410-2","voronoi":{"type":"Feature","geometry":{"type":"Polygon","coordinates":[[[134.941455,34.814773],[134.934463,34.831183],[134.965866,34.848276],[134.941455,34.814773]]]},"properties":{}},"extra":false},
    {"code":9963518,"id":"fcf3a0","name":"小野(兵庫)","original_name":"小野","name_kana":"おの","closed":false,"lat":34.843172,"lng":134.934146,"prefecture":28,"numbering":["KB57"],"lines":[99635],"attr":"cool","postal_code":"675-1331","address":"小野市神明町字西畑ケ２３５-３","voronoi":{"type":"Feature","geometry":{"type":"Polygon","coordinates":[[[134.924428,34.841463],[134.935958,34.864899],[134.956235,34.873127],[135.001149,34.878282],[134.986595,34.862525],[134.965866,34.848276],[134.934463,34.831183],[134.930537,34.831455],[134.924428,34.841463]]]},"properties":{}},"extra":false},
    {"code":9963519,"id":"f0bbd5","name":"葉多","original_name":"葉多","name_kana":"はた","closed":false,"lat":34.850204,"lng":134.919852,"prefecture":28,"numbering":["KB58"],"lines":[99635],"attr":"cool","postal_code":"675-1377","address":"小野市葉多町字家ケ内５７８-２","voronoi":{"type":"Feature","geometry":{"type":"Polygon","coordinates":[[[134.935958,34.864899],[134.921891,34.864738],[134.907808,34.84285],[134.924428,34.841463],[134.935958,34.864899]]]},"properties":{}},"extra":false},
    {"code":1163207,"id":"62aae2","name":"粟生","original_name":"粟生","name_kana":"あお","closed":false,"lat":34.856859,"lng":134.909509,"prefecture":28,"numbering":["KB59"],"lines":[11632,99635,99643,10602],"attr":"eco","postal_code":"675-1358","address":"小野市粟生町","voronoi":{"type":"Feature","geometry":{"type":"Polygon","coordinates":[[[134.889899,34.835953],[134.907808,34.84285],[134.921891,34.864738],[134.896476,34.876114],[134.889899,34.835953]]]},"properties":{}},"extra":false}
  ],
  "extra":false
}