{
  "code":99658,
  "id":"d7c000",
  "name":"加悦鉄道",
  "name_kana":"かやてつどう",
  "station_size":7,
  "closed":true,
  "station_list":[
    {"code":9960910,"id":"f576e0","name":"与謝野","original_name":"与謝野","name_kana":"よさの","closed":false,"lat":35.543516,"lng":135.126469,"prefecture":26,"lines":[99609,99654,99658,11620],"attr":"heat","postal_code":"629-2302","address":"与謝郡与謝野町下山田","voronoi":{"type":"Feature","geometry":{"type":"Polygon","coordinates":[[[135.142241,35.500109],[135.108539,35.559892],[135.129937,35.579308],[135.148664,35.51157],[135.142241,35.500109]]]},"properties":{}},"extra":false},
    {"code":9965802,"id":"3c5de0","name":"水戸谷","original_name":"水戸谷","name_kana":"みとだに","closed":true,"lat":35.536074,"lng":135.113268,"prefecture":26,"lines":[99658],"postal_code":"629-2301","address":"京都府与謝郡与謝野町上山田５３５","open_date":"1926-12-05","closed_date":"1985-05-01","voronoi":{"type":"Feature","geometry":{"type":"Polygon","coordinates":[[[135.095491,35.554072],[135.108539,35.559892],[135.142241,35.500109],[135.141743,35.498726],[135.132855,35.503715],[135.120699,35.512991],[135.118251,35.515228],[135.095491,35.554072]]]},"properties":{}},"extra":true},
    {"code":9965803,"id":"51eaab","name":"丹後四辻","original_name":"丹後四辻","name_kana":"たんごよつつじ","closed":true,"lat":35.529766,"lng":135.102502,"prefecture":26,"lines":[99658],"postal_code":"629-2312","address":"京都府与謝郡与謝野町四辻７１５−７","open_date":"1926-12-05","closed_date":"1985-05-01","voronoi":{"type":"Feature","geometry":{"type":"Polygon","coordinates":[[[135.095491,35.554072],[135.070172,35.549717],[135.10979,35.519264],[135.118251,35.515228],[135.095491,35.554072]]]},"properties":{}},"extra":true},
    {"code":9965804,"id":"7a3d37","name":"加悦谷高校前","original_name":"加悦谷高校前","name_kana":"かやだにこうこうまえ","closed":true,"lat":35.523606,"lng":135.097767,"prefecture":26,"lines":[99658],"postal_code":"629-2313","address":"京都府与謝郡与謝野町三河内７３０−１","open_date":"1970-04-08","closed_date":"1985-05-01","voronoi":{"type":"Feature","geometry":{"type":"Polygon","coordinates":[[[134.994657,35.535055],[134.999258,35.544893],[135.070172,35.549717],[135.10979,35.519264],[134.994657,35.535055]]]},"properties":{}},"extra":true},
    {"code":9965805,"id":"0618cc","name":"三河内口","original_name":"三河内口","name_kana":"みごうちぐち","closed":true,"lat":35.51832,"lng":135.097042,"prefecture":26,"lines":[99658],"postal_code":"629-2313","address":"京都府与謝郡与謝野町三河内２３５","open_date":"1930-12-05","closed_date":"1985-05-01","voronoi":{"type":"Feature","geometry":{"type":"Polygon","coordinates":[[[134.994657,35.535055],[134.992217,35.530168],[135.120699,35.512991],[135.118251,35.515228],[135.10979,35.519264],[134.994657,35.535055]]]},"properties":{}},"extra":true},
    {"code":9965806,"id":"cad786","name":"丹後三河内","original_name":"丹後三河内","name_kana":"たんごみごうち","closed":true,"lat":35.514064,"lng":135.096473,"prefecture":26,"lines":[99658],"postal_code":"629-2313","address":"京都府与謝郡与謝野町三河内２３−６","open_date":"1926-12-05","closed_date":"1985-05-01","voronoi":{"type":"Feature","geometry":{"type":"Polygon","coordinates":[[[134.988742,35.523551],[134.992217,35.530168],[135.120699,35.512991],[135.132855,35.503715],[134.988742,35.523551]]]},"properties":{}},"extra":true},
    {"code":9965807,"id":"f81bf7","name":"加悦","original_name":"加悦","name_kana":"かや","closed":true,"lat":35.50358,"lng":135.09503,"prefecture":26,"lines":[99658],"postal_code":"629-2403","address":"京都府与謝郡与謝野町加悦","open_date":"1926-12-05","closed_date":"1985-05-01","voronoi":{"type":"Feature","geometry":{"type":"Polygon","coordinates":[[[135.125588,35.466872],[135.09063,35.435986],[135.08183,35.430174],[135.073711,35.42815],[135.030908,35.423194],[135.023231,35.424153],[134.999769,35.436436],[134.96067,35.47591],[134.988742,35.523551],[135.132855,35.503715],[135.141743,35.498726],[135.141801,35.497792],[135.125588,35.466872]]]},"properties":{}},"extra":true}
  ],
  "closed_date":"1985-05-01",
  "extra":true
}