{
  "code":99651,
  "id":520,
  "name":"わかやま電鉄貴志川線",
  "name_kana":"わかやまでんてつきしがわせん",
  "name_formal":"和歌山電鐵貴志川線",
  "station_size":14,
  "company_code":214,
  "closed":false,
  "station_list":[
    {"code":1162635,"id":3132,"name":"和歌山","original_name":"和歌山","name_kana":"わかやま","closed":false,"lat":34.232436,"lng":135.191454,"prefecture":30,"numbering":["01"],"lines":[11626,11636,11639,11640,99651],"attr":"cool","postal_code":"640-8331","address":"和歌山市美園町","voronoi":{"type":"Feature","geometry":{"type":"Polygon","coordinates":[[[135.178013,34.228343],[135.177587,34.225884],[135.197701,34.231357],[135.202149,34.238996],[135.186396,34.237142],[135.178013,34.228343]]]},"properties":{}},"extra":false},
    {"code":9965102,"id":8305,"name":"田中口","original_name":"田中口","name_kana":"たなかぐち","closed":false,"lat":34.227262,"lng":135.192862,"prefecture":30,"numbering":["02"],"lines":[99651],"attr":"heat","postal_code":"640-8331","address":"和歌山市美園町５-９３","voronoi":{"type":"Feature","geometry":{"type":"Polygon","coordinates":[[[135.177004,34.224272],[135.177587,34.225884],[135.197701,34.231357],[135.196551,34.218705],[135.177004,34.224272]]]},"properties":{}},"extra":false},
    {"code":9965103,"id":8306,"name":"日前宮","original_name":"日前宮","name_kana":"にちぜんぐう","closed":false,"lat":34.226457,"lng":135.201722,"prefecture":30,"numbering":["03"],"lines":[99651],"attr":"heat","postal_code":"640-8316","address":"和歌山市有家８８","voronoi":{"type":"Feature","geometry":{"type":"Polygon","coordinates":[[[135.210379,34.243555],[135.2214,34.224055],[135.197182,34.218086],[135.196551,34.218705],[135.197701,34.231357],[135.202149,34.238996],[135.208968,34.243767],[135.210379,34.243555]]]},"properties":{}},"extra":false},
    {"code":9965104,"id":8307,"name":"神前(和歌山)","original_name":"神前","name_kana":"こうざき","closed":false,"lat":34.212784,"lng":135.205092,"prefecture":30,"numbering":["04"],"lines":[99651],"attr":"heat","postal_code":"640-8314","address":"和歌山県和歌山市神前","voronoi":{"type":"Feature","geometry":{"type":"Polygon","coordinates":[[[135.196752,34.20631],[135.215023,34.213473],[135.221927,34.223618],[135.2214,34.224055],[135.197182,34.218086],[135.196752,34.20631]]]},"properties":{}},"extra":false},
    {"code":9965105,"id":8308,"name":"竈山","original_name":"竈山","name_kana":"かまやま","closed":false,"lat":34.207229,"lng":135.20727,"prefecture":30,"numbering":["05"],"lines":[99651],"attr":"heat","postal_code":"641-0004","address":"和歌山市和田１１９３","voronoi":{"type":"Feature","geometry":{"type":"Polygon","coordinates":[[[135.215023,34.213473],[135.196752,34.20631],[135.194712,34.200214],[135.20613,34.188701],[135.207581,34.188816],[135.215023,34.213473]]]},"properties":{}},"extra":false},
    {"code":9965106,"id":8309,"name":"交通センター前","original_name":"交通センター前","name_kana":"こうつうせんたーまえ","closed":false,"lat":34.203982,"lng":135.218027,"prefecture":30,"numbering":["06"],"lines":[99651],"attr":"heat","postal_code":"640-8313","address":"和歌山市西２２-１","voronoi":{"type":"Feature","geometry":{"type":"Polygon","coordinates":[[[135.220394,34.185802],[135.207581,34.188816],[135.215023,34.213473],[135.221927,34.223618],[135.222829,34.223347],[135.220394,34.185802]]]},"properties":{}},"extra":false},
    {"code":9965107,"id":8310,"name":"岡崎前","original_name":"岡崎前","name_kana":"おかざきまえ","closed":false,"lat":34.203524,"lng":135.22509,"prefecture":30,"numbering":["07"],"lines":[99651],"attr":"heat","postal_code":"640-0341","address":"和歌山市相坂５７８","voronoi":{"type":"Feature","geometry":{"type":"Polygon","coordinates":[[[135.230088,34.181412],[135.220394,34.185802],[135.222829,34.223347],[135.230829,34.222435],[135.230088,34.181412]]]},"properties":{}},"extra":false},
    {"code":9965108,"id":8311,"name":"吉礼","original_name":"吉礼","name_kana":"きれ","closed":false,"lat":34.203329,"lng":135.235882,"prefecture":30,"numbering":["08"],"lines":[99651],"attr":"cool","postal_code":"640-0351","address":"和歌山市吉礼６１","voronoi":{"type":"Feature","geometry":{"type":"Polygon","coordinates":[[[135.230088,34.181412],[135.230829,34.222435],[135.237034,34.223456],[135.242844,34.221972],[135.244931,34.180742],[135.239759,34.177924],[135.234212,34.178175],[135.230088,34.181412]]]},"properties":{}},"extra":false},
    {"code":9965109,"id":8312,"name":"伊太祈曽","original_name":"伊太祈曽","name_kana":"いだきそ","closed":false,"lat":34.204127,"lng":135.251653,"prefecture":30,"numbering":["09"],"lines":[99651],"attr":"cool","postal_code":"640-0361","address":"和歌山市伊太祈曽７３","voronoi":{"type":"Feature","geometry":{"type":"Polygon","coordinates":[[[135.253837,34.223722],[135.242844,34.221972],[135.244931,34.180742],[135.260353,34.183362],[135.253837,34.223722]]]},"properties":{}},"extra":false},
    {"code":9965110,"id":8313,"name":"山東","original_name":"山東","name_kana":"さんどう","closed":false,"lat":34.20581,"lng":135.262077,"prefecture":30,"numbering":["10"],"lines":[99651],"attr":"cool","postal_code":"640-0302","address":"和歌山県和歌山市永山","voronoi":{"type":"Feature","geometry":{"type":"Polygon","coordinates":[[[135.2727,34.185169],[135.274504,34.223001],[135.274208,34.225305],[135.256809,34.225081],[135.253837,34.223722],[135.260353,34.183362],[135.264984,34.183045],[135.2727,34.185169]]]},"properties":{}},"extra":false},
    {"code":9965111,"id":8314,"name":"大池遊園","original_name":"大池遊園","name_kana":"おいけゆうえん","closed":false,"lat":34.204706,"lng":135.285239,"prefecture":30,"numbering":["11"],"lines":[99651],"attr":"cool","postal_code":"640-0416","address":"紀の川市貴志川町長山２８０","voronoi":{"type":"Feature","geometry":{"type":"Polygon","coordinates":[[[135.288231,34.18405],[135.292461,34.185044],[135.299831,34.18745],[135.301906,34.188493],[135.301364,34.191498],[135.274504,34.223001],[135.2727,34.185169],[135.277592,34.183898],[135.2824,34.183513],[135.288231,34.18405]]]},"properties":{}},"extra":false},
    {"code":9965112,"id":8315,"name":"西山口","original_name":"西山口","name_kana":"にしやまぐち","closed":false,"lat":34.209508,"lng":135.290871,"prefecture":30,"numbering":["12"],"lines":[99651],"attr":"eco","postal_code":"640-0416","address":"紀の川市貴志川町長山５３","voronoi":{"type":"Feature","geometry":{"type":"Polygon","coordinates":[[[135.301364,34.191498],[135.274504,34.223001],[135.274208,34.225305],[135.275828,34.226662],[135.289998,34.228018],[135.301364,34.197004],[135.301364,34.191498]]]},"properties":{}},"extra":false},
    {"code":9965113,"id":8316,"name":"甘露寺前","original_name":"甘露寺前","name_kana":"かんろじまえ","closed":false,"lat":34.213327,"lng":135.301292,"prefecture":30,"numbering":["13"],"lines":[99651],"attr":"eco","postal_code":"640-0415","address":"紀の川市貴志川町長原５８０","voronoi":{"type":"Feature","geometry":{"type":"Polygon","coordinates":[[[135.312903,34.22893],[135.300473,34.23244],[135.289998,34.228018],[135.301364,34.197004],[135.312903,34.22893]]]},"properties":{}},"extra":false},
    {"code":9965114,"id":8317,"name":"貴志","original_name":"貴志","name_kana":"きし","closed":false,"lat":34.209509,"lng":135.311855,"prefecture":30,"numbering":["14"],"lines":[99651],"attr":"eco","postal_code":"640-0413","address":"紀の川市貴志川町神戸８０３","voronoi":{"type":"Feature","geometry":{"type":"Polygon","coordinates":[[[135.301906,34.188493],[135.328419,34.184352],[135.331495,34.184077],[135.38776,34.189948],[135.386264,34.191978],[135.358233,34.218347],[135.342523,34.226847],[135.330939,34.229248],[135.312903,34.22893],[135.301364,34.197004],[135.301364,34.191498],[135.301906,34.188493]]]},"properties":{}},"extra":false}
  ],
  "extra":false
}