{
  "code":99663,
  "id":2154,
  "name":"有田鉄道",
  "name_kana":"ありだてつどう",
  "name_formal":"有田鉄道線",
  "station_size":5,
  "closed":true,
  "station_list":[
    {"code":1163943,"id":3338,"name":"藤並","original_name":"藤並","name_kana":"ふじなみ","closed":false,"lat":34.057807,"lng":135.197043,"prefecture":30,"lines":[11639,99663],"attr":"cool","postal_code":"643-0033","address":"有田郡有田川町明王寺","voronoi":{"type":"Feature","geometry":{"type":"Polygon","coordinates":[[[135.210449,34.057002],[135.225973,34.023951],[135.227289,34.019156],[135.173821,34.054842],[135.186311,34.071666],[135.210449,34.057002]]]},"properties":{}},"extra":false},
    {"code":9966302,"id":21481,"name":"田殿口","original_name":"田殿口","name_kana":"たどのぐち","closed":true,"lat":34.068528,"lng":135.203556,"prefecture":30,"lines":[99663],"postal_code":"643-0031","address":"和歌山県有田郡有田川町野田４６４−７","open_date":"1914-05-28","closed_date":"2003-01-01","voronoi":{"type":"Feature","geometry":{"type":"Polygon","coordinates":[[[135.186311,34.071666],[135.195574,34.104795],[135.2128,34.10719],[135.210449,34.057002],[135.186311,34.071666]]]},"properties":{}},"extra":true},
    {"code":9966303,"id":21482,"name":"下津野","original_name":"下津野","name_kana":"しもつの","closed":true,"lat":34.067833,"lng":135.218389,"prefecture":30,"lines":[99663],"postal_code":"643-0021","address":"和歌山県有田郡有田川町下津野２７６","open_date":"1916-07-01","closed_date":"2003-01-01","voronoi":{"type":"Feature","geometry":{"type":"Polygon","coordinates":[[[135.222745,34.110552],[135.2128,34.10719],[135.210449,34.057002],[135.225973,34.023951],[135.225973,34.110275],[135.222745,34.110552]]]},"properties":{}},"extra":true},
    {"code":9966304,"id":21483,"name":"御霊","original_name":"御霊","name_kana":"ごりょう","closed":true,"lat":34.067833,"lng":135.233556,"prefecture":30,"lines":[99663],"postal_code":"643-0811","address":"和歌山県有田郡有田川町庄３００−２","open_date":"1916-07-01","closed_date":"2003-01-01","voronoi":{"type":"Feature","geometry":{"type":"Polygon","coordinates":[[[135.231874,34.012252],[135.227289,34.019156],[135.225973,34.023951],[135.225973,34.110275],[135.227406,34.110406],[135.24459,34.110395],[135.248305,34.109601],[135.231874,34.012252]]]},"properties":{}},"extra":true},
    {"code":9966305,"id":21484,"name":"金屋口","original_name":"金屋口","name_kana":"かなやぐち","closed":true,"lat":34.065306,"lng":135.248528,"prefecture":30,"lines":[99663],"postal_code":"643-0801","address":"和歌山県有田郡有田川町徳田１７８","open_date":"1916-07-01","closed_date":"2003-01-01","voronoi":{"type":"Feature","geometry":{"type":"Polygon","coordinates":[[[135.28078,34.108357],[135.248305,34.109601],[135.231874,34.012252],[135.249501,33.975694],[135.35905,33.948482],[135.398617,33.94499],[135.473395,33.964003],[135.289759,34.105052],[135.289101,34.105495],[135.28078,34.108357]]]},"properties":{}},"extra":true}
  ],
  "closed_date":"2003-01-01",
  "extra":true
}