{
  "code":99703,
  "id":524,
  "name":"一畑電車大社線",
  "name_kana":"いちばたでんしゃたいしゃせん",
  "station_size":5,
  "company_code":216,
  "closed":false,
  "station_list":[
    {"code":9970205,"id":8336,"name":"川跡","original_name":"川跡","name_kana":"かわと","closed":false,"lat":35.395127,"lng":132.776411,"prefecture":32,"numbering":["5"],"lines":[99702,99703],"attr":"eco","postal_code":"693-0014","address":"出雲市武志町１０２７-１","voronoi":{"type":"Feature","geometry":{"type":"Polygon","coordinates":[[[132.755966,35.430189],[132.760817,35.397781],[132.790271,35.384716],[132.791597,35.388352],[132.755966,35.430189]]]},"properties":{}},"extra":false},
    {"code":9970302,"id":8354,"name":"高浜(島根)","original_name":"高浜","name_kana":"たかはま","closed":false,"lat":35.390677,"lng":132.746684,"prefecture":32,"numbering":["23"],"lines":[99703],"attr":"heat","postal_code":"693-0064","address":"出雲市里方町７９３-３","voronoi":{"type":"Feature","geometry":{"type":"Polygon","coordinates":[[[132.751958,35.375803],[132.758653,35.378314],[132.758873,35.378469],[132.760817,35.397781],[132.755966,35.430189],[132.739923,35.477622],[132.73687,35.484777],[132.729006,35.500313],[132.737351,35.371637],[132.737845,35.371174],[132.751958,35.375803]]]},"properties":{}},"extra":false},
    {"code":9970303,"id":8355,"name":"遙堪","original_name":"遙堪","name_kana":"ようかん","closed":false,"lat":35.389312,"lng":132.725637,"prefecture":32,"numbering":["24"],"lines":[99703],"attr":"heat","postal_code":"693-0057","address":"島根県出雲市常松町","voronoi":{"type":"Feature","geometry":{"type":"Polygon","coordinates":[[[132.716999,35.377292],[132.716665,35.488949],[132.720166,35.522869],[132.729006,35.500313],[132.737351,35.371637],[132.718188,35.376174],[132.716999,35.377292]]]},"properties":{}},"extra":false},
    {"code":9970304,"id":8356,"name":"浜山公園北口","original_name":"浜山公園北口","name_kana":"はまやまこうえんきたぐち","closed":false,"lat":35.38926,"lng":132.70829,"prefecture":32,"numbering":["25"],"lines":[99703],"attr":"eco","postal_code":"699-0732","address":"出雲市大社町入南","voronoi":{"type":"Feature","geometry":{"type":"Polygon","coordinates":[[[132.698419,35.393903],[132.700464,35.379437],[132.716999,35.377292],[132.716665,35.488949],[132.698419,35.393903]]]},"properties":{}},"extra":false},
    {"code":9970305,"id":8357,"name":"出雲大社前","original_name":"出雲大社前","name_kana":"いずもたいしゃまえ","closed":false,"lat":35.393245,"lng":132.687531,"prefecture":32,"numbering":["26"],"lines":[99703],"attr":"eco","postal_code":"699-0711","address":"出雲市大社町杵築南","voronoi":{"type":"Feature","geometry":{"type":"Polygon","coordinates":[[[132.720166,35.522869],[132.703185,35.595479],[132.700776,35.603877],[125.175761,50.188013],[118.596175,56.870206],[125.706289,45.026409],[128.73784,40.000168],[132.156869,35.794151],[132.231156,35.712818],[132.414822,35.519139],[132.587263,35.376819],[132.617761,35.360709],[132.698419,35.393903],[132.716665,35.488949],[132.720166,35.522869]]]},"properties":{}},"extra":false}
  ],
  "extra":false
}