{
  "code":99708,
  "id":"de9367",
  "name":"スカイレールサービス",
  "name_kana":"すかいれーるさーびす",
  "name_formal":"広島短距離交通瀬野線",
  "station_size":3,
  "company_code":220,
  "closed":true,
  "station_list":[
    {"code":9970801,"id":"f5403f","name":"みどり口","original_name":"みどり口","name_kana":"みどりぐち","closed":true,"lat":34.422294,"lng":132.596248,"prefecture":34,"lines":[99708],"attr":"unknown","postal_code":"739-0311","address":"広島市安芸区瀬野一丁目","closed_date":"2024-05-01","voronoi":{"type":"Feature","geometry":{"type":"Polygon","coordinates":[[[132.582484,34.417399],[132.589477,34.423389],[132.598763,34.425865],[132.589606,34.410848],[132.582484,34.417399]]]},"properties":{}},"extra":false},
    {"code":9970802,"id":"264750","name":"みどり中街","original_name":"みどり中街","name_kana":"みどりなかまち","closed":true,"lat":34.42771,"lng":132.594804,"prefecture":34,"lines":[99708],"attr":"unknown","postal_code":"739-0313","address":"広島市安芸区瀬野西一丁目","closed_date":"2024-05-01","voronoi":{"type":"Feature","geometry":{"type":"Polygon","coordinates":[[[132.636032,34.464913],[132.623629,34.467011],[132.608133,34.462855],[132.589477,34.423389],[132.598763,34.425865],[132.640759,34.440089],[132.636032,34.464913]]]},"properties":{}},"extra":false},
    {"code":9970803,"id":"e3d579","name":"みどり中央","original_name":"みどり中央","name_kana":"みどりちゅうおう","closed":true,"lat":34.430248,"lng":132.589435,"prefecture":34,"lines":[99708],"attr":"unknown","postal_code":"739-0313","address":"広島市安芸区瀬野西四丁目","closed_date":"2024-05-01","voronoi":{"type":"Feature","geometry":{"type":"Polygon","coordinates":[[[132.542761,34.433131],[132.542432,34.43335],[132.585563,34.458679],[132.608133,34.462855],[132.589477,34.423389],[132.582484,34.417399],[132.542761,34.433131]]]},"properties":{}},"extra":false}
  ],
  "closed_date":"2024-05-01",
  "extra":false
}