{
  "code":99706,
  "id":527,
  "name":"岡山電軌東山本線",
  "name_kana":"おかやまでんきひがしやません",
  "station_size":10,
  "company_code":219,
  "closed":false,
  "color":"#0000FF",
  "station_list":[
    {"code":9970601,"id":8390,"name":"岡山駅前","original_name":"岡山駅前","name_kana":"おかやまえきまえ","closed":false,"lat":34.665458,"lng":133.9201,"prefecture":33,"lines":[99706,99707],"attr":"eco","postal_code":"700-0023","address":"岡山市駅前町１-１","voronoi":{"type":"Feature","geometry":{"type":"Polygon","coordinates":[[[133.921769,34.661188],[133.921396,34.668892],[133.913295,34.657634],[133.916132,34.656159],[133.918336,34.657667],[133.920614,34.659692],[133.921769,34.661188]]]},"properties":{}},"extra":false},
    {"code":9970602,"id":8381,"name":"西川緑道公園","original_name":"西川緑道公園","name_kana":"にしがわりょくどうこうえん","closed":false,"lat":34.665599,"lng":133.923018,"prefecture":33,"lines":[99706,99707],"attr":"eco","postal_code":"700-0815","address":"岡山市野田屋町１-１","voronoi":{"type":"Feature","geometry":{"type":"Polygon","coordinates":[[[133.922898,34.675786],[133.921396,34.668892],[133.921769,34.661188],[133.922327,34.661562],[133.92429,34.663721],[133.92412,34.675499],[133.922898,34.675786]]]},"properties":{}},"extra":false},
    {"code":9970603,"id":8382,"name":"柳川","original_name":"柳川","name_kana":"やながわ","closed":false,"lat":34.665635,"lng":133.925507,"prefecture":33,"lines":[99706,99707],"attr":"eco","postal_code":"700-0826","address":"岡山市磨屋町２-１","voronoi":{"type":"Feature","geometry":{"type":"Polygon","coordinates":[[[133.92412,34.675499],[133.92429,34.663721],[133.927623,34.66458],[133.927712,34.675117],[133.92412,34.675499]]]},"properties":{}},"extra":false},
    {"code":9970604,"id":8383,"name":"城下(岡山)","original_name":"城下","name_kana":"しろした","closed":false,"lat":34.665599,"lng":133.929756,"prefecture":33,"lines":[99706],"attr":"eco","postal_code":"700-0822","address":"岡山市表町１-３","voronoi":{"type":"Feature","geometry":{"type":"Polygon","coordinates":[[[133.927712,34.675117],[133.927623,34.66458],[133.928391,34.663679],[133.938336,34.666095],[133.940517,34.668272],[133.928925,34.675256],[133.927712,34.675117]]]},"properties":{}},"extra":false},
    {"code":9970605,"id":8384,"name":"県庁通り","original_name":"県庁通り","name_kana":"けんちょうどおり","closed":false,"lat":34.662599,"lng":133.930485,"prefecture":33,"lines":[99706],"attr":"eco","postal_code":"700-0823","address":"岡山市丸の内１-１５","voronoi":{"type":"Feature","geometry":{"type":"Polygon","coordinates":[[[133.933738,34.660568],[133.928922,34.660517],[133.928375,34.66169],[133.928391,34.663679],[133.938336,34.666095],[133.937705,34.665183],[133.933738,34.660568]]]},"properties":{}},"extra":false},
    {"code":9970606,"id":8385,"name":"西大寺町・岡山芸術創造劇場ハレノワ前","original_name":"西大寺町・岡山芸術創造劇場ハレノワ前","name_kana":"さいだいじちょう・おかやまげいじゅつそうぞうげきじょうはれのわまえ","closed":false,"lat":34.658469,"lng":133.930528,"prefecture":33,"lines":[99706],"attr":"heat","postal_code":"700-0822","address":"岡山市表町３-９","voronoi":{"type":"Feature","geometry":{"type":"Polygon","coordinates":[[[133.93229,34.652209],[133.929348,34.655386],[133.928395,34.657452],[133.928413,34.65954],[133.928922,34.660517],[133.933738,34.660568],[133.932526,34.652044],[133.93229,34.652209]]]},"properties":{}},"extra":false},
    {"code":9970607,"id":8386,"name":"小橋","original_name":"小橋","name_kana":"こばし","closed":false,"lat":34.657657,"lng":133.936236,"prefecture":33,"lines":[99706],"attr":"heat","postal_code":"703-8293","address":"岡山市小橋町１-１","voronoi":{"type":"Feature","geometry":{"type":"Polygon","coordinates":[[[133.933738,34.660568],[133.932526,34.652044],[133.933661,34.65006],[133.936869,34.655768],[133.937705,34.665183],[133.933738,34.660568]]]},"properties":{}},"extra":false},
    {"code":9970608,"id":8387,"name":"中納言","original_name":"中納言","name_kana":"ちゅうなごん","closed":false,"lat":34.657516,"lng":133.937824,"prefecture":33,"lines":[99706],"attr":"heat","postal_code":"703-8293","address":"岡山市小橋町１-２","voronoi":{"type":"Feature","geometry":{"type":"Polygon","coordinates":[[[133.936869,34.655768],[133.940763,34.658711],[133.943225,34.668269],[133.940517,34.668272],[133.938336,34.666095],[133.937705,34.665183],[133.936869,34.655768]]]},"properties":{}},"extra":false},
    {"code":9970609,"id":8388,"name":"門田屋敷","original_name":"門田屋敷","name_kana":"かどたやしき","closed":false,"lat":34.65621,"lng":133.938811,"prefecture":33,"lines":[99706],"attr":"cool","postal_code":"703-8275","address":"岡山市門田屋敷２-１","voronoi":{"type":"Feature","geometry":{"type":"Polygon","coordinates":[[[133.939651,34.633376],[133.939437,34.633439],[133.933661,34.65006],[133.936869,34.655768],[133.940763,34.658711],[133.940986,34.633512],[133.939651,34.633376]]]},"properties":{}},"extra":false},
    {"code":9970610,"id":8389,"name":"東山・おかでんミュージアム駅","original_name":"東山・おかでんミュージアム駅","name_kana":"ひがしやま・おかでんみゅーじあむえき","closed":false,"lat":34.656245,"lng":133.942759,"prefecture":33,"lines":[99706],"attr":"cool","postal_code":"703-8291","address":"岡山市徳吉町２-１０","voronoi":{"type":"Feature","geometry":{"type":"Polygon","coordinates":[[[133.974988,34.636031],[133.954508,34.633712],[133.940986,34.633512],[133.940763,34.658711],[133.943225,34.668269],[133.950092,34.669748],[133.975341,34.655649],[133.975342,34.655647],[133.978172,34.636535],[133.974988,34.636031]]]},"properties":{}},"extra":false}
  ],
  "extra":false
}