{
  "code":99709,
  "id":530,
  "name":"アストラムライン",
  "name_kana":"あすとらむらいん",
  "name_formal":"広島高速交通広島新交通1号線",
  "station_size":22,
  "company_code":221,
  "closed":false,
  "color":"#FFD400",
  "station_list":[
    {"code":9970901,"id":8400,"name":"本通","original_name":"本通","name_kana":"ほんどおり","closed":false,"lat":34.393377,"lng":132.457003,"prefecture":34,"lines":[99709,99710,99712,99715],"attr":"heat","postal_code":"730-0035","address":"広島市中区本通６-３０","voronoi":{"type":"Feature","geometry":{"type":"Polygon","coordinates":[[[132.459189,34.393156],[132.457314,34.394422],[132.45511,34.394382],[132.454047,34.393205],[132.459814,34.391127],[132.459189,34.393156]]]},"properties":{}},"extra":false},
    {"code":9970902,"id":8401,"name":"県庁前(広島)","original_name":"県庁前","name_kana":"けんちょうまえ","closed":false,"lat":34.396863,"lng":132.458231,"prefecture":34,"lines":[99709],"attr":"heat","postal_code":"730-0011","address":"広島市中区基町１０-９０","voronoi":{"type":"Feature","geometry":{"type":"Polygon","coordinates":[[[132.459734,34.395926],[132.457778,34.395997],[132.455881,34.397702],[132.455282,34.401398],[132.46068,34.400967],[132.461124,34.399922],[132.461426,34.397873],[132.459734,34.395926]]]},"properties":{}},"extra":false},
    {"code":9970903,"id":8402,"name":"城北","original_name":"城北","name_kana":"じょうほく","closed":false,"lat":34.405407,"lng":132.458914,"prefecture":34,"lines":[99709],"attr":"heat","postal_code":"730-0005","address":"広島市中区西白島町２５-８０","voronoi":{"type":"Feature","geometry":{"type":"Polygon","coordinates":[[[132.46068,34.400967],[132.461842,34.402316],[132.462257,34.405281],[132.455913,34.409937],[132.454616,34.407278],[132.454139,34.40431],[132.454434,34.401856],[132.455282,34.401398],[132.46068,34.400967]]]},"properties":{}},"extra":false},
    {"code":1161130,"id":9180,"name":"新白島","original_name":"新白島","name_kana":"しんはくしま","closed":false,"lat":34.408432,"lng":132.461134,"prefecture":34,"lines":[11611,11717,99709],"attr":"cool","postal_code":"730-0005","address":"広島市中区西白島町154-1","voronoi":{"type":"Feature","geometry":{"type":"Polygon","coordinates":[[[132.455913,34.409937],[132.462257,34.405281],[132.464762,34.408054],[132.456392,34.412987],[132.455942,34.410223],[132.455913,34.409937]]]},"properties":{}},"extra":false},
    {"code":9970904,"id":8403,"name":"白島(広島高速交通)","original_name":"白島","name_kana":"はくしま","closed":false,"lat":34.411045,"lng":132.462674,"prefecture":34,"lines":[99709],"attr":"heat","postal_code":"730-0001","address":"広島県広島市中区白島北町2","voronoi":{"type":"Feature","geometry":{"type":"Polygon","coordinates":[[[132.456146,34.416439],[132.456392,34.412987],[132.464762,34.408054],[132.472391,34.411347],[132.456146,34.416439]]]},"properties":{}},"extra":false},
    {"code":9970905,"id":8404,"name":"牛田(広島)","original_name":"牛田","name_kana":"うした","closed":false,"lat":34.417142,"lng":132.464585,"prefecture":34,"lines":[99709],"attr":"heat","postal_code":"732-0068","address":"広島市東区牛田新町２-４-４４","voronoi":{"type":"Feature","geometry":{"type":"Polygon","coordinates":[[[132.478083,34.411762],[132.472391,34.411347],[132.456146,34.416439],[132.455987,34.416761],[132.456009,34.41949],[132.462311,34.424269],[132.48278,34.414387],[132.478083,34.411762]]]},"properties":{}},"extra":false},
    {"code":9970906,"id":8405,"name":"不動院前","original_name":"不動院前","name_kana":"ふどういんまえ","closed":false,"lat":34.426921,"lng":132.469306,"prefecture":34,"lines":[99709],"attr":"heat","postal_code":"732-0068","address":"広島市東区牛田新町３-３-１２","voronoi":{"type":"Feature","geometry":{"type":"Polygon","coordinates":[[[132.462311,34.424269],[132.48278,34.414387],[132.485284,34.414921],[132.487933,34.417653],[132.482151,34.428907],[132.463966,34.432099],[132.463123,34.431625],[132.462311,34.424269]]]},"properties":{}},"extra":false},
    {"code":9970907,"id":8406,"name":"祇園新橋北","original_name":"祇園新橋北","name_kana":"ぎおんしんばしきた","closed":false,"lat":34.435148,"lng":132.47075,"prefecture":34,"lines":[99709],"attr":"heat","postal_code":"731-0113","address":"広島市安佐南区西原４-４３-２８","voronoi":{"type":"Feature","geometry":{"type":"Polygon","coordinates":[[[132.482151,34.428907],[132.463966,34.432099],[132.468559,34.441296],[132.481246,34.435001],[132.482151,34.428907]]]},"properties":{}},"extra":false},
    {"code":9970908,"id":8407,"name":"西原(広島)","original_name":"西原","name_kana":"にしはら","closed":false,"lat":34.44327,"lng":132.47478,"prefecture":34,"lines":[99709],"attr":"heat","postal_code":"731-0113","address":"広島市安佐南区西原８-３４-１","voronoi":{"type":"Feature","geometry":{"type":"Polygon","coordinates":[[[132.481246,34.435001],[132.468559,34.441296],[132.467842,34.443576],[132.473,34.448339],[132.484429,34.445323],[132.481246,34.435001]]]},"properties":{}},"extra":false},
    {"code":9970909,"id":8408,"name":"中筋","original_name":"中筋","name_kana":"なかすじ","closed":false,"lat":34.451869,"lng":132.477049,"prefecture":34,"lines":[99709],"attr":"heat","postal_code":"731-0122","address":"広島市安佐南区中筋２-６-１７","voronoi":{"type":"Feature","geometry":{"type":"Polygon","coordinates":[[[132.490219,34.451333],[132.485842,34.458078],[132.472206,34.453598],[132.473,34.448339],[132.484429,34.445323],[132.490219,34.451333]]]},"properties":{}},"extra":false},
    {"code":9970910,"id":8409,"name":"古市(広島)","original_name":"古市","name_kana":"ふるいち","closed":false,"lat":34.457863,"lng":132.47508,"prefecture":34,"lines":[99709],"attr":"heat","postal_code":"731-0121","address":"広島市安佐南区中須１-１-１６","voronoi":{"type":"Feature","geometry":{"type":"Polygon","coordinates":[[[132.472206,34.453598],[132.470032,34.455666],[132.47522,34.462681],[132.484746,34.461915],[132.485842,34.458078],[132.472206,34.453598]]]},"properties":{}},"extra":false},
    {"code":1171706,"id":3682,"name":"大町(広島)","original_name":"大町","name_kana":"おおまち","closed":false,"lat":34.461136,"lng":132.470655,"prefecture":34,"lines":[11717,99709],"attr":"heat","postal_code":"731-0124","address":"広島市安佐南区大町東２丁目","voronoi":{"type":"Feature","geometry":{"type":"Polygon","coordinates":[[[132.459314,34.458256],[132.470032,34.455666],[132.47522,34.462681],[132.469215,34.467615],[132.459314,34.458256]]]},"properties":{}},"extra":false},
    {"code":9970912,"id":8410,"name":"毘沙門台","original_name":"毘沙門台","name_kana":"びしゃもんだい","closed":false,"lat":34.469417,"lng":132.462827,"prefecture":34,"lines":[99709],"attr":"cool","postal_code":"731-0152","address":"広島市安佐南区毘沙門台１-７-４５","voronoi":{"type":"Feature","geometry":{"type":"Polygon","coordinates":[[[132.469215,34.467615],[132.470776,34.477994],[132.468616,34.490396],[132.447782,34.455046],[132.459314,34.458256],[132.469215,34.467615]]]},"properties":{}},"extra":false},
    {"code":9970913,"id":8411,"name":"安東","original_name":"安東","name_kana":"やすひがし","closed":false,"lat":34.475169,"lng":132.453067,"prefecture":34,"lines":[99709],"attr":"cool","postal_code":"731-0153","address":"広島市安佐南区安東２-１０-１","voronoi":{"type":"Feature","geometry":{"type":"Polygon","coordinates":[[[132.447478,34.45486],[132.450481,34.499463],[132.455395,34.49876],[132.468643,34.490697],[132.468616,34.490396],[132.447782,34.455046],[132.447478,34.45486]]]},"properties":{}},"extra":false},
    {"code":9970914,"id":8412,"name":"上安","original_name":"上安","name_kana":"かみやす","closed":false,"lat":34.475735,"lng":132.444662,"prefecture":34,"lines":[99709],"attr":"cool","postal_code":"731-0154","address":"広島市安佐南区上安２-３０-１０","voronoi":{"type":"Feature","geometry":{"type":"Polygon","coordinates":[[[132.438824,34.503267],[132.443474,34.452678],[132.446942,34.454363],[132.447478,34.45486],[132.450481,34.499463],[132.438824,34.503267]]]},"properties":{}},"extra":false},
    {"code":9970915,"id":8413,"name":"高取","original_name":"高取","name_kana":"たかとり","closed":false,"lat":34.475132,"lng":132.438102,"prefecture":34,"lines":[99709],"attr":"cool","postal_code":"731-0144","address":"広島市安佐南区高取北１-４-２８","voronoi":{"type":"Feature","geometry":{"type":"Polygon","coordinates":[[[132.438455,34.503438],[132.425209,34.503141],[132.441447,34.451306],[132.443474,34.452678],[132.438824,34.503267],[132.438455,34.503438]]]},"properties":{}},"extra":false},
    {"code":9970916,"id":8414,"name":"長楽寺","original_name":"長楽寺","name_kana":"ちょうらくじ","closed":false,"lat":34.472782,"lng":132.4306,"prefecture":34,"lines":[99709],"attr":"cool","postal_code":"731-0143","address":"広島市安佐南区長楽寺１-２８-３７","voronoi":{"type":"Feature","geometry":{"type":"Polygon","coordinates":[[[132.441447,34.451306],[132.425209,34.503141],[132.420028,34.503689],[132.41717,34.502642],[132.430065,34.452037],[132.433824,34.44513],[132.436642,34.446746],[132.441447,34.451306]]]},"properties":{}},"extra":false},
    {"code":9970917,"id":8415,"name":"伴","original_name":"伴","name_kana":"とも","closed":false,"lat":34.469996,"lng":132.419667,"prefecture":34,"lines":[99709],"attr":"cool","postal_code":"731-3161","address":"広島市安佐南区沼田町大字伴８６６９-４","voronoi":{"type":"Feature","geometry":{"type":"Polygon","coordinates":[[[132.386091,34.497051],[132.41717,34.502642],[132.430065,34.452037],[132.386091,34.497051]]]},"properties":{}},"extra":false},
    {"code":9970918,"id":8416,"name":"大原(広島)","original_name":"大原","name_kana":"おおばら","closed":false,"lat":34.462852,"lng":132.412354,"prefecture":34,"lines":[99709],"attr":"eco","postal_code":"731-3161","address":"広島市安佐南区沼田町大字伴５８１５-１１","voronoi":{"type":"Feature","geometry":{"type":"Polygon","coordinates":[[[132.433824,34.44513],[132.43101,34.441561],[132.422534,34.445386],[132.371577,34.496191],[132.386091,34.497051],[132.430065,34.452037],[132.433824,34.44513]]]},"properties":{}},"extra":false},
    {"code":9970919,"id":8417,"name":"伴中央","original_name":"伴中央","name_kana":"ともちゅうおう","closed":false,"lat":34.455514,"lng":132.405038,"prefecture":34,"lines":[99709],"attr":"eco","postal_code":"731-3161","address":"広島市安佐南区沼田町大字伴４２１９-１１","voronoi":{"type":"Feature","geometry":{"type":"Polygon","coordinates":[[[132.363162,34.496522],[132.371577,34.496191],[132.422534,34.445386],[132.361562,34.455525],[132.31261,34.467558],[132.320091,34.472487],[132.363162,34.496522]]]},"properties":{}},"extra":false},
    {"code":9970920,"id":8418,"name":"大塚(広島)","original_name":"大塚","name_kana":"おおづか","closed":false,"lat":34.441466,"lng":132.402702,"prefecture":34,"lines":[99709],"attr":"eco","postal_code":"731-3167","address":"広島市安佐南区大塚西三丁目21","voronoi":{"type":"Feature","geometry":{"type":"Polygon","coordinates":[[[132.424564,34.428476],[132.361562,34.455525],[132.422534,34.445386],[132.43101,34.441561],[132.430483,34.439412],[132.424564,34.428476]]]},"properties":{}},"extra":false},
    {"code":9970921,"id":8419,"name":"広域公園前","original_name":"広域公園前","name_kana":"こういきこうえんまえ","closed":false,"lat":34.43538,"lng":132.400089,"prefecture":34,"lines":[99709],"attr":"eco","postal_code":"731-3167","address":"広島市安佐南区大塚西４-４-８","voronoi":{"type":"Feature","geometry":{"type":"Polygon","coordinates":[[[132.361562,34.455525],[132.31261,34.467558],[132.295542,34.458861],[132.332189,34.429497],[132.350618,34.417029],[132.353601,34.415392],[132.362086,34.411387],[132.367283,34.409414],[132.38362,34.407182],[132.392594,34.407821],[132.400666,34.409679],[132.405358,34.411428],[132.409889,34.413527],[132.4224,34.42282],[132.424564,34.428476],[132.361562,34.455525]]]},"properties":{}},"extra":false}
  ],
  "extra":false
}