{
  "code":99712,
  "id":"318129",
  "name":"広電３系統(己斐線)",
  "name_kana":"ひろでんさんけいとう(こいせん)",
  "name_formal":"広電３号線",
  "station_size":18,
  "company_code":222,
  "closed":false,
  "color":"#000080",
  "station_list":[
    {"code":9971016,"id":"85fad4","name":"広電本社前","original_name":"広電本社前","name_kana":"ひろでんほんしゃまえ","closed":false,"lat":34.377375,"lng":132.45821,"prefecture":34,"numbering":["U7"],"lines":[99710,99712,99715],"attr":"heat","postal_code":"730-0052","address":"広島市中区千田町３","voronoi":{"type":"Feature","geometry":{"type":"Polygon","coordinates":[[[132.448038,34.373277],[132.448474,34.369262],[132.46203,34.378468],[132.46203,34.380691],[132.461559,34.382118],[132.448038,34.373277]]]},"properties":{}},"extra":false},
    {"code":9971015,"id":"5cb433","name":"日赤病院前","original_name":"日赤病院前","name_kana":"にっせきびょういんまえ","closed":false,"lat":34.380952,"lng":132.455871,"prefecture":34,"numbering":["U6"],"lines":[99710,99712,99715],"attr":"heat","postal_code":"730-0052","address":"広島市中区千田町１","voronoi":{"type":"Feature","geometry":{"type":"Polygon","coordinates":[[[132.448038,34.373277],[132.44795,34.373559],[132.447835,34.37663],[132.457183,34.383995],[132.461425,34.385215],[132.461711,34.385232],[132.461734,34.385107],[132.461559,34.382118],[132.448038,34.373277]]]},"properties":{}},"extra":false},
    {"code":9971014,"id":"116a82","name":"鷹野橋","original_name":"鷹野橋","name_kana":"たかのばし","closed":false,"lat":34.383431,"lng":132.453918,"prefecture":34,"numbering":["U5"],"lines":[99710,99712,99715],"attr":"cool","postal_code":"730-0052","address":"広島市中区千田町１","voronoi":{"type":"Feature","geometry":{"type":"Polygon","coordinates":[[[132.449069,34.385777],[132.448289,34.384565],[132.44759,34.380856],[132.447669,34.377404],[132.447835,34.37663],[132.457183,34.383995],[132.449069,34.385777]]]},"properties":{}},"extra":false},
    {"code":9971013,"id":"8fddb4","name":"市役所前(広島)","original_name":"市役所前","name_kana":"しやくしょまえ","closed":false,"lat":34.385875,"lng":132.454455,"prefecture":34,"numbering":["U4"],"lines":[99710,99712,99715],"attr":"cool","postal_code":"730-0051","address":"広島市中区大手町４","voronoi":{"type":"Feature","geometry":{"type":"Polygon","coordinates":[[[132.457183,34.383995],[132.449069,34.385777],[132.450158,34.388877],[132.461425,34.385215],[132.457183,34.383995]]]},"properties":{}},"extra":false},
    {"code":9971012,"id":"ae895e","name":"中電前","original_name":"中電前","name_kana":"ちゅうでんまえ","closed":false,"lat":34.388779,"lng":132.455399,"prefecture":34,"numbering":["U3"],"lines":[99710,99712,99715],"attr":"cool","postal_code":"730-0051","address":"広島市中区大手町３","voronoi":{"type":"Feature","geometry":{"type":"Polygon","coordinates":[[[132.461711,34.385232],[132.462326,34.386716],[132.462239,34.3869],[132.461499,34.388056],[132.450913,34.391639],[132.450659,34.391486],[132.450242,34.390857],[132.450158,34.388877],[132.461425,34.385215],[132.461711,34.385232]]]},"properties":{}},"extra":false},
    {"code":9971011,"id":"3f3a08","name":"袋町","original_name":"袋町","name_kana":"ふくろまち","closed":false,"lat":34.391187,"lng":132.456214,"prefecture":34,"numbering":["U2"],"lines":[99710,99712,99715],"attr":"cool","postal_code":"730-0051","address":"広島市中区大手町２","voronoi":{"type":"Feature","geometry":{"type":"Polygon","coordinates":[[[132.459814,34.391127],[132.460912,34.389616],[132.461499,34.388056],[132.450913,34.391639],[132.451137,34.391862],[132.454047,34.393205],[132.459814,34.391127]]]},"properties":{}},"extra":false},
    {"code":9970901,"id":"fafc81","name":"本通","original_name":"本通","name_kana":"ほんどおり","closed":false,"lat":34.393377,"lng":132.457003,"prefecture":34,"numbering":["U1"],"lines":[99709,99710,99712,99715],"attr":"heat","postal_code":"730-0035","address":"広島市中区本通６-３０","voronoi":{"type":"Feature","geometry":{"type":"Polygon","coordinates":[[[132.459189,34.393156],[132.457314,34.394422],[132.45511,34.394382],[132.454047,34.393205],[132.459814,34.391127],[132.459189,34.393156]]]},"properties":{}},"extra":false},
    {"code":9971110,"id":"27ea6b","name":"紙屋町西","original_name":"紙屋町西","name_kana":"かみやちょうにし","closed":false,"lat":34.395455,"lng":132.456965,"prefecture":34,"numbering":["M9"],"lines":[99711,99712,99714,99715],"attr":"cool","postal_code":"730-0031","address":"広島市中区紙屋町","voronoi":{"type":"Feature","geometry":{"type":"Polygon","coordinates":[[[132.457778,34.395997],[132.455881,34.397702],[132.45511,34.394382],[132.457314,34.394422],[132.457778,34.395997]]]},"properties":{}},"extra":false},
    {"code":9971111,"id":"9ca2ba","name":"原爆ドーム前","original_name":"原爆ドーム前","name_kana":"げんばくどーむまえ","closed":false,"lat":34.396163,"lng":132.453918,"prefecture":34,"numbering":["M10"],"lines":[99711,99712,99714,99715],"attr":"cool","postal_code":"730-0051","address":"広島市中区大手町１","voronoi":{"type":"Feature","geometry":{"type":"Polygon","coordinates":[[[132.455881,34.397702],[132.45511,34.394382],[132.454047,34.393205],[132.451137,34.391862],[132.453249,34.40117],[132.454434,34.401856],[132.455282,34.401398],[132.455881,34.397702]]]},"properties":{}},"extra":false},
    {"code":9971112,"id":"c76b9e","name":"本川町","original_name":"本川町","name_kana":"ほんかわちょう","closed":false,"lat":34.396942,"lng":132.450485,"prefecture":34,"numbering":["M11"],"lines":[99711,99712,99714,99715],"attr":"cool","postal_code":"730-0802","address":"広島市中区本川町１","voronoi":{"type":"Feature","geometry":{"type":"Polygon","coordinates":[[[132.453249,34.40117],[132.451137,34.391862],[132.450913,34.391639],[132.450659,34.391486],[132.448569,34.39555],[132.449065,34.3989],[132.453025,34.401132],[132.453249,34.40117]]]},"properties":{}},"extra":false},
    {"code":9971113,"id":"b08eac","name":"十日市町","original_name":"十日市町","name_kana":"とうかいちまち","closed":false,"lat":34.397438,"lng":132.447138,"prefecture":34,"numbering":["M12"],"lines":[99711,99712,99714,99715,99716],"attr":"cool","postal_code":"730-0805","address":"広島市中区十日市町１","voronoi":{"type":"Feature","geometry":{"type":"Polygon","coordinates":[[[132.44503,34.396645],[132.448569,34.39555],[132.449065,34.3989],[132.442379,34.400688],[132.443084,34.398607],[132.44503,34.396645]]]},"properties":{}},"extra":false},
    {"code":9971114,"id":"41e3ec","name":"土橋(広島)","original_name":"土橋","name_kana":"どばし","closed":false,"lat":34.3948,"lng":132.446322,"prefecture":34,"numbering":["M13"],"lines":[99711,99712,99714,99716],"attr":"cool","postal_code":"730-0853","address":"広島市中区堺町２","voronoi":{"type":"Feature","geometry":{"type":"Polygon","coordinates":[[[132.44503,34.396645],[132.448569,34.39555],[132.450659,34.391486],[132.450242,34.390857],[132.445595,34.392018],[132.44503,34.396645]]]},"properties":{}},"extra":false},
    {"code":9971115,"id":"46f23f","name":"小網町","original_name":"小網町","name_kana":"こあみちょう","closed":false,"lat":34.394543,"lng":132.44422,"prefecture":34,"numbering":["M14"],"lines":[99711,99712],"attr":"cool","postal_code":"730-0855","address":"広島市中区小網町","voronoi":{"type":"Feature","geometry":{"type":"Polygon","coordinates":[[[132.44503,34.396645],[132.443084,34.398607],[132.441774,34.39151],[132.445595,34.392018],[132.44503,34.396645]]]},"properties":{}},"extra":false},
    {"code":9971116,"id":"b11c25","name":"天満町","original_name":"天満町","name_kana":"てんまちょう","closed":false,"lat":34.395216,"lng":132.440572,"prefecture":34,"numbering":["M15"],"lines":[99711,99712],"attr":"cool","postal_code":"733-0031","address":"広島市西区観音町","voronoi":{"type":"Feature","geometry":{"type":"Polygon","coordinates":[[[132.439173,34.393227],[132.440143,34.390324],[132.441774,34.39151],[132.443084,34.398607],[132.442379,34.400688],[132.440601,34.402959],[132.439173,34.393227]]]},"properties":{}},"extra":false},
    {"code":9971117,"id":"045a08","name":"観音町(広島)","original_name":"観音町","name_kana":"かんおんまち","closed":false,"lat":34.395534,"lng":132.438405,"prefecture":34,"numbering":["M16"],"lines":[99711,99712],"attr":"heat","postal_code":"733-0031","address":"広島市西区観音町","voronoi":{"type":"Feature","geometry":{"type":"Polygon","coordinates":[[[132.436018,34.396356],[132.434986,34.404824],[132.435967,34.409273],[132.436435,34.40908],[132.4387,34.406263],[132.440601,34.402959],[132.439173,34.393227],[132.436018,34.396356]]]},"properties":{}},"extra":false},
    {"code":9971118,"id":"c6d365","name":"西観音町","original_name":"西観音町","name_kana":"にしかんおんまち","closed":false,"lat":34.393976,"lng":132.43686,"prefecture":34,"numbering":["M17"],"lines":[99711,99712],"attr":"heat","postal_code":"733-0037","address":"広島市西区西観音町","voronoi":{"type":"Feature","geometry":{"type":"Polygon","coordinates":[[[132.436018,34.396356],[132.432511,34.386061],[132.432884,34.386134],[132.436585,34.387599],[132.43986,34.389844],[132.440143,34.390324],[132.439173,34.393227],[132.436018,34.396356]]]},"properties":{}},"extra":false},
    {"code":9971119,"id":"3445d8","name":"福島町","original_name":"福島町","name_kana":"ふくしまちょう","closed":false,"lat":34.394985,"lng":132.433898,"prefecture":34,"numbering":["M18"],"lines":[99711,99712],"attr":"heat","postal_code":"733-0024","address":"広島市西区福島町２","voronoi":{"type":"Feature","geometry":{"type":"Polygon","coordinates":[[[132.42811,34.388769],[132.432506,34.399668],[132.434986,34.404824],[132.436018,34.396356],[132.432511,34.386061],[132.429016,34.384725],[132.42811,34.388769]]]},"properties":{}},"extra":false},
    {"code":9971120,"id":"269fb2","name":"広電西広島（己斐）","original_name":"広電西広島（己斐）","name_kana":"ひろでんにしひろしま(こい)","closed":false,"lat":34.397261,"lng":132.428255,"prefecture":34,"numbering":["M19"],"lines":[99711,99712],"attr":"eco","postal_code":"733-0812","address":"広島市西区己斐本町一丁目","voronoi":{"type":"Feature","geometry":{"type":"Polygon","coordinates":[[[132.423696,34.395409],[132.42811,34.388769],[132.432506,34.399668],[132.423696,34.395409]]]},"properties":{}},"extra":false}
  ],
  "extra":false
}