{
  "code":99711,
  "id":"562a04",
  "name":"広電２系統(宮島線)",
  "name_kana":"ひろでんにけいとう(みやじません)",
  "name_formal":"広電２号線(宮島線)",
  "station_size":41,
  "company_code":222,
  "closed":false,
  "color":"#EE0000",
  "station_list":[
    {"code":9971001,"id":"da83b7","name":"広島駅","original_name":"広島駅","name_kana":"ひろしまえき","closed":false,"lat":34.396296,"lng":132.475403,"prefecture":34,"numbering":["M1"],"lines":[99710,99711,99713,99714],"attr":"heat","postal_code":"732-0822","address":"広島市南区松原町","voronoi":{"type":"Feature","geometry":{"type":"Polygon","coordinates":[[[132.472956,34.395034],[132.474046,34.394916],[132.477559,34.39653],[132.470376,34.397717],[132.470475,34.39748],[132.472956,34.395034]]]},"properties":{}},"extra":false},
    {"code":9971002,"id":"99731b","name":"猿猴橋町","original_name":"猿猴橋町","name_kana":"えんこうばしちょう","closed":false,"lat":34.395047,"lng":132.475977,"prefecture":34,"numbering":["M2"],"lines":[99710,99711,99713,99714],"attr":"cool","postal_code":"732-0823","address":"広島市南区猿猴橋町","voronoi":{"type":"Feature","geometry":{"type":"Polygon","coordinates":[[[132.478837,34.392477],[132.474046,34.394916],[132.477559,34.39653],[132.482449,34.397313],[132.478837,34.392477]]]},"properties":{}},"extra":false},
    {"code":9971003,"id":"500f85","name":"的場町","original_name":"的場町","name_kana":"まとばちょう","closed":false,"lat":34.393277,"lng":132.475076,"prefecture":34,"numbering":["M3"],"lines":[99710,99711,99713,99714],"attr":"cool","postal_code":"732-0824","address":"広島市南区的場町１","voronoi":{"type":"Feature","geometry":{"type":"Polygon","coordinates":[[[132.478837,34.392477],[132.474046,34.394916],[132.472956,34.395034],[132.473569,34.392131],[132.478087,34.390603],[132.478837,34.392477]]]},"properties":{}},"extra":false},
    {"code":9971004,"id":"26f8c7","name":"稲荷町(広島)","original_name":"稲荷町","name_kana":"いなりまち","closed":false,"lat":34.392569,"lng":132.471728,"prefecture":34,"numbering":["M4"],"lines":[99710,99711,99714],"attr":"cool","postal_code":"732-0827","address":"広島市南区稲荷町","voronoi":{"type":"Feature","geometry":{"type":"Polygon","coordinates":[[[132.471294,34.389775],[132.469382,34.390022],[132.470475,34.39748],[132.472956,34.395034],[132.473569,34.392131],[132.471294,34.389775]]]},"properties":{}},"extra":false},
    {"code":9971005,"id":"799db5","name":"銀山町","original_name":"銀山町","name_kana":"かなやまちょう","closed":false,"lat":34.393135,"lng":132.467866,"prefecture":34,"numbering":["M5"],"lines":[99710,99711,99714],"attr":"cool","postal_code":"730-0022","address":"広島市中区銀山町","voronoi":{"type":"Feature","geometry":{"type":"Polygon","coordinates":[[[132.469382,34.390022],[132.465997,34.3883],[132.466706,34.395735],[132.469577,34.397625],[132.47028,34.397889],[132.470376,34.397717],[132.470475,34.39748],[132.469382,34.390022]]]},"properties":{}},"extra":false},
    {"code":9971006,"id":"c74e14","name":"胡町","original_name":"胡町","name_kana":"えびすちょう","closed":false,"lat":34.393401,"lng":132.465076,"prefecture":34,"numbering":["M6"],"lines":[99710,99711,99714],"attr":"cool","postal_code":"730-0021","address":"広島市中区胡町","voronoi":{"type":"Feature","geometry":{"type":"Polygon","coordinates":[[[132.465997,34.3883],[132.466706,34.395735],[132.46482,34.395607],[132.462239,34.3869],[132.462326,34.386716],[132.465506,34.387848],[132.465997,34.3883]]]},"properties":{}},"extra":false},
    {"code":9971007,"id":"e0dfd4","name":"八丁堀(広島)","original_name":"八丁堀","name_kana":"はっちょうぼり","closed":false,"lat":34.393897,"lng":132.463403,"prefecture":34,"numbering":["M7"],"lines":[99710,99711,99714,99717],"attr":"cool","postal_code":"730-0021","address":"広島市中区胡町","voronoi":{"type":"Feature","geometry":{"type":"Polygon","coordinates":[[[132.460912,34.389616],[132.461499,34.388056],[132.462239,34.3869],[132.46482,34.395607],[132.462698,34.396348],[132.460912,34.389616]]]},"properties":{}},"extra":false},
    {"code":9971008,"id":"e4a8ad","name":"立町","original_name":"立町","name_kana":"たてまち","closed":false,"lat":34.394569,"lng":132.460871,"prefecture":34,"numbering":["M8"],"lines":[99710,99711,99714],"attr":"cool","postal_code":"730-0032","address":"広島市中区立町","voronoi":{"type":"Feature","geometry":{"type":"Polygon","coordinates":[[[132.460912,34.389616],[132.462698,34.396348],[132.461426,34.397873],[132.459734,34.395926],[132.459189,34.393156],[132.459814,34.391127],[132.460912,34.389616]]]},"properties":{}},"extra":false},
    {"code":9971009,"id":"db8f16","name":"紙屋町東","original_name":"紙屋町東","name_kana":"かみやちょうひがし","closed":false,"lat":34.395101,"lng":132.458167,"prefecture":34,"numbering":["M9"],"lines":[99710,99711,99714],"attr":"cool","postal_code":"730-0031","address":"広島市中区紙屋町","voronoi":{"type":"Feature","geometry":{"type":"Polygon","coordinates":[[[132.459189,34.393156],[132.457314,34.394422],[132.457778,34.395997],[132.459734,34.395926],[132.459189,34.393156]]]},"properties":{}},"extra":false},
    {"code":9971110,"id":"27ea6b","name":"紙屋町西","original_name":"紙屋町西","name_kana":"かみやちょうにし","closed":false,"lat":34.395455,"lng":132.456965,"prefecture":34,"numbering":["M9"],"lines":[99711,99712,99714,99715],"attr":"cool","postal_code":"730-0031","address":"広島市中区紙屋町","voronoi":{"type":"Feature","geometry":{"type":"Polygon","coordinates":[[[132.457778,34.395997],[132.455881,34.397702],[132.45511,34.394382],[132.457314,34.394422],[132.457778,34.395997]]]},"properties":{}},"extra":false},
    {"code":9971111,"id":"9ca2ba","name":"原爆ドーム前","original_name":"原爆ドーム前","name_kana":"げんばくどーむまえ","closed":false,"lat":34.396163,"lng":132.453918,"prefecture":34,"numbering":["M10"],"lines":[99711,99712,99714,99715],"attr":"cool","postal_code":"730-0051","address":"広島市中区大手町１","voronoi":{"type":"Feature","geometry":{"type":"Polygon","coordinates":[[[132.455881,34.397702],[132.45511,34.394382],[132.454047,34.393205],[132.451137,34.391862],[132.453249,34.40117],[132.454434,34.401856],[132.455282,34.401398],[132.455881,34.397702]]]},"properties":{}},"extra":false},
    {"code":9971112,"id":"c76b9e","name":"本川町","original_name":"本川町","name_kana":"ほんかわちょう","closed":false,"lat":34.396942,"lng":132.450485,"prefecture":34,"numbering":["M11"],"lines":[99711,99712,99714,99715],"attr":"cool","postal_code":"730-0802","address":"広島市中区本川町１","voronoi":{"type":"Feature","geometry":{"type":"Polygon","coordinates":[[[132.453249,34.40117],[132.451137,34.391862],[132.450913,34.391639],[132.450659,34.391486],[132.448569,34.39555],[132.449065,34.3989],[132.453025,34.401132],[132.453249,34.40117]]]},"properties":{}},"extra":false},
    {"code":9971113,"id":"b08eac","name":"十日市町","original_name":"十日市町","name_kana":"とうかいちまち","closed":false,"lat":34.397438,"lng":132.447138,"prefecture":34,"numbering":["M12"],"lines":[99711,99712,99714,99715,99716],"attr":"cool","postal_code":"730-0805","address":"広島市中区十日市町１","voronoi":{"type":"Feature","geometry":{"type":"Polygon","coordinates":[[[132.44503,34.396645],[132.448569,34.39555],[132.449065,34.3989],[132.442379,34.400688],[132.443084,34.398607],[132.44503,34.396645]]]},"properties":{}},"extra":false},
    {"code":9971114,"id":"41e3ec","name":"土橋(広島)","original_name":"土橋","name_kana":"どばし","closed":false,"lat":34.3948,"lng":132.446322,"prefecture":34,"numbering":["M13"],"lines":[99711,99712,99714,99716],"attr":"cool","postal_code":"730-0853","address":"広島市中区堺町２","voronoi":{"type":"Feature","geometry":{"type":"Polygon","coordinates":[[[132.44503,34.396645],[132.448569,34.39555],[132.450659,34.391486],[132.450242,34.390857],[132.445595,34.392018],[132.44503,34.396645]]]},"properties":{}},"extra":false},
    {"code":9971115,"id":"46f23f","name":"小網町","original_name":"小網町","name_kana":"こあみちょう","closed":false,"lat":34.394543,"lng":132.44422,"prefecture":34,"numbering":["M14"],"lines":[99711,99712],"attr":"cool","postal_code":"730-0855","address":"広島市中区小網町","voronoi":{"type":"Feature","geometry":{"type":"Polygon","coordinates":[[[132.44503,34.396645],[132.443084,34.398607],[132.441774,34.39151],[132.445595,34.392018],[132.44503,34.396645]]]},"properties":{}},"extra":false},
    {"code":9971116,"id":"b11c25","name":"天満町","original_name":"天満町","name_kana":"てんまちょう","closed":false,"lat":34.395216,"lng":132.440572,"prefecture":34,"numbering":["M15"],"lines":[99711,99712],"attr":"cool","postal_code":"733-0031","address":"広島市西区観音町","voronoi":{"type":"Feature","geometry":{"type":"Polygon","coordinates":[[[132.439173,34.393227],[132.440143,34.390324],[132.441774,34.39151],[132.443084,34.398607],[132.442379,34.400688],[132.440601,34.402959],[132.439173,34.393227]]]},"properties":{}},"extra":false},
    {"code":9971117,"id":"045a08","name":"観音町(広島)","original_name":"観音町","name_kana":"かんおんまち","closed":false,"lat":34.395534,"lng":132.438405,"prefecture":34,"numbering":["M16"],"lines":[99711,99712],"attr":"heat","postal_code":"733-0031","address":"広島市西区観音町","voronoi":{"type":"Feature","geometry":{"type":"Polygon","coordinates":[[[132.436018,34.396356],[132.434986,34.404824],[132.435967,34.409273],[132.436435,34.40908],[132.4387,34.406263],[132.440601,34.402959],[132.439173,34.393227],[132.436018,34.396356]]]},"properties":{}},"extra":false},
    {"code":9971118,"id":"c6d365","name":"西観音町","original_name":"西観音町","name_kana":"にしかんおんまち","closed":false,"lat":34.393976,"lng":132.43686,"prefecture":34,"numbering":["M17"],"lines":[99711,99712],"attr":"heat","postal_code":"733-0037","address":"広島市西区西観音町","voronoi":{"type":"Feature","geometry":{"type":"Polygon","coordinates":[[[132.436018,34.396356],[132.432511,34.386061],[132.432884,34.386134],[132.436585,34.387599],[132.43986,34.389844],[132.440143,34.390324],[132.439173,34.393227],[132.436018,34.396356]]]},"properties":{}},"extra":false},
    {"code":9971119,"id":"3445d8","name":"福島町","original_name":"福島町","name_kana":"ふくしまちょう","closed":false,"lat":34.394985,"lng":132.433898,"prefecture":34,"numbering":["M18"],"lines":[99711,99712],"attr":"heat","postal_code":"733-0024","address":"広島市西区福島町２","voronoi":{"type":"Feature","geometry":{"type":"Polygon","coordinates":[[[132.42811,34.388769],[132.432506,34.399668],[132.434986,34.404824],[132.436018,34.396356],[132.432511,34.386061],[132.429016,34.384725],[132.42811,34.388769]]]},"properties":{}},"extra":false},
    {"code":9971120,"id":"269fb2","name":"広電西広島（己斐）","original_name":"広電西広島（己斐）","name_kana":"ひろでんにしひろしま(こい)","closed":false,"lat":34.397261,"lng":132.428255,"prefecture":34,"numbering":["M19"],"lines":[99711,99712],"attr":"eco","postal_code":"733-0812","address":"広島市西区己斐本町一丁目","voronoi":{"type":"Feature","geometry":{"type":"Polygon","coordinates":[[[132.423696,34.395409],[132.42811,34.388769],[132.432506,34.399668],[132.423696,34.395409]]]},"properties":{}},"extra":false},
    {"code":9971121,"id":"352e05","name":"東高須","original_name":"東高須","name_kana":"ひがしたかす","closed":false,"lat":34.391922,"lng":132.420224,"prefecture":34,"numbering":["M20"],"lines":[99711],"attr":"heat","postal_code":"733-0871","address":"広島市西区高須１-５３４-４","voronoi":{"type":"Feature","geometry":{"type":"Polygon","coordinates":[[[132.427611,34.382386],[132.425515,34.380268],[132.405358,34.411428],[132.409889,34.413527],[132.423696,34.395409],[132.42811,34.388769],[132.429016,34.384725],[132.427611,34.382386]]]},"properties":{}},"extra":false},
    {"code":9971122,"id":"911f4a","name":"高須(広島)","original_name":"高須","name_kana":"たかす","closed":false,"lat":34.389872,"lng":132.417055,"prefecture":34,"numbering":["M21"],"lines":[99711],"attr":"heat","postal_code":"733-0871","address":"広島市西区高須１-４５０-１０","voronoi":{"type":"Feature","geometry":{"type":"Polygon","coordinates":[[[132.405358,34.411428],[132.400666,34.409679],[132.421808,34.376003],[132.424729,34.379194],[132.425515,34.380268],[132.405358,34.411428]]]},"properties":{}},"extra":false},
    {"code":9971123,"id":"beb257","name":"古江","original_name":"古江","name_kana":"ふるえ","closed":false,"lat":34.386311,"lng":132.411383,"prefecture":34,"numbering":["M22"],"lines":[99711],"attr":"heat","postal_code":"733-0872","address":"広島市西区古江東町９７７-６","voronoi":{"type":"Feature","geometry":{"type":"Polygon","coordinates":[[[132.400666,34.409679],[132.392594,34.407821],[132.417508,34.368326],[132.421808,34.376003],[132.400666,34.409679]]]},"properties":{}},"extra":false},
    {"code":9971124,"id":"342886","name":"草津(広島)","original_name":"草津","name_kana":"くさつ","closed":false,"lat":34.3816,"lng":132.403915,"prefecture":34,"numbering":["M23"],"lines":[99711],"attr":"heat","postal_code":"733-0861","address":"広島市西区草津東３-２４３-１","voronoi":{"type":"Feature","geometry":{"type":"Polygon","coordinates":[[[132.4148,34.358767],[132.383841,34.40674],[132.38362,34.407182],[132.392594,34.407821],[132.417508,34.368326],[132.4148,34.358767]]]},"properties":{}},"extra":false},
    {"code":9971125,"id":"6fdf2b","name":"草津南","original_name":"草津南","name_kana":"くさつみなみ","closed":false,"lat":34.378092,"lng":132.398479,"prefecture":34,"numbering":["M24"],"lines":[99711],"attr":"heat","postal_code":"733-0863","address":"広島市西区草津南３-１８４８","voronoi":{"type":"Feature","geometry":{"type":"Polygon","coordinates":[[[132.411572,34.337103],[132.4148,34.358767],[132.383841,34.40674],[132.395191,34.376873],[132.411572,34.337103]]]},"properties":{}},"extra":false},
    {"code":9971126,"id":"6ba663","name":"商工センター入口","original_name":"商工センター入口","name_kana":"しょうこうせんたーいりぐち","closed":false,"lat":34.375423,"lng":132.391999,"prefecture":34,"numbering":["M25"],"lines":[99711],"attr":"heat","postal_code":"733-0842","address":"広島市西区井口１-８２６-３３","voronoi":{"type":"Feature","geometry":{"type":"Polygon","coordinates":[[[132.3886,34.374096],[132.395191,34.376873],[132.411572,34.337103],[132.411467,34.335524],[132.3886,34.374096]]]},"properties":{}},"extra":false},
    {"code":9971127,"id":"994226","name":"井口(広島)","original_name":"井口","name_kana":"いのくち","closed":false,"lat":34.371751,"lng":132.385805,"prefecture":34,"numbering":["M26"],"lines":[99711],"attr":"heat","postal_code":"733-0842","address":"広島市西区井口２-７９９-１４","voronoi":{"type":"Feature","geometry":{"type":"Polygon","coordinates":[[[132.411467,34.335524],[132.411555,34.329603],[132.402888,34.297949],[132.369179,34.404964],[132.3886,34.374096],[132.411467,34.335524]]]},"properties":{}},"extra":false},
    {"code":9971128,"id":"fb7594","name":"修大協創中高前","original_name":"修大協創中高前","name_kana":"しゅうだいきょうそうちゅうこうまえ","closed":false,"lat":34.368218,"lng":132.374589,"prefecture":34,"numbering":["M27"],"lines":[99711],"attr":"heat","postal_code":"733-0842","address":"広島市西区井口４-２３-１","voronoi":{"type":"Feature","geometry":{"type":"Polygon","coordinates":[[[132.398896,34.27714],[132.402888,34.297949],[132.369179,34.404964],[132.367283,34.409414],[132.362086,34.411387],[132.371106,34.367735],[132.393813,34.283962],[132.398896,34.27714]]]},"properties":{}},"extra":false},
    {"code":9971129,"id":"9dfbec","name":"広電五日市","original_name":"広電五日市","name_kana":"ひろでんいつかいち","closed":false,"lat":34.366393,"lng":132.367856,"prefecture":34,"numbering":["M28"],"lines":[99711],"attr":"eco","postal_code":"731-5133","address":"広島市佐伯区旭園２-７２０-９","voronoi":{"type":"Feature","geometry":{"type":"Polygon","coordinates":[[[132.364834,34.365582],[132.371106,34.367735],[132.393813,34.283962],[132.373589,34.308936],[132.364834,34.365582]]]},"properties":{}},"extra":false},
    {"code":9971130,"id":"21e3a8","name":"佐伯区役所前","original_name":"佐伯区役所前","name_kana":"さえきくやくしょまえ","closed":false,"lat":34.365443,"lng":132.361709,"prefecture":34,"numbering":["M29"],"lines":[99711],"attr":"eco","postal_code":"731-5135","address":"広島市佐伯区海老園２-４-６","voronoi":{"type":"Feature","geometry":{"type":"Polygon","coordinates":[[[132.36283,34.320849],[132.361723,34.324052],[132.350618,34.417029],[132.353601,34.415392],[132.364834,34.365582],[132.373589,34.308936],[132.36283,34.320849]]]},"properties":{}},"extra":false},
    {"code":9971131,"id":"3ca3ab","name":"楽々園","original_name":"楽々園","name_kana":"らくらくえん","closed":false,"lat":34.364282,"lng":132.351988,"prefecture":34,"numbering":["M30"],"lines":[99711],"attr":"eco","postal_code":"731-5136","address":"広島市佐伯区楽々園２-５４７-３","voronoi":{"type":"Feature","geometry":{"type":"Polygon","coordinates":[[[132.350618,34.417029],[132.332189,34.429497],[132.349732,34.348794],[132.361723,34.324052],[132.350618,34.417029]]]},"properties":{}},"extra":false},
    {"code":9971132,"id":"54144e","name":"山陽女学園前","original_name":"山陽女学園前","name_kana":"さんようじょがくえんまえ","closed":false,"lat":34.361948,"lng":132.341251,"prefecture":34,"numbering":["M31"],"lines":[99711],"attr":"eco","postal_code":"738-0001","address":"廿日市市佐方岩戸山１４００-４","voronoi":{"type":"Feature","geometry":{"type":"Polygon","coordinates":[[[132.28882,34.458749],[132.295542,34.458861],[132.332189,34.429497],[132.349732,34.348794],[132.339334,34.358695],[132.271022,34.45165],[132.287324,34.458564],[132.28882,34.458749]]]},"properties":{}},"extra":false},
    {"code":9971133,"id":"38e23a","name":"広電廿日市","original_name":"広電廿日市","name_kana":"ひろでんはつかいち","closed":false,"lat":34.356621,"lng":132.336179,"prefecture":34,"numbering":["M32"],"lines":[99711],"attr":"eco","postal_code":"738-0013","address":"廿日市市廿日市２-１-２５","voronoi":{"type":"Feature","geometry":{"type":"Polygon","coordinates":[[[132.349732,34.348794],[132.339334,34.358695],[132.332369,34.355705],[132.343681,34.336508],[132.350982,34.327769],[132.36283,34.320849],[132.361723,34.324052],[132.349732,34.348794]]]},"properties":{}},"extra":false},
    {"code":9971134,"id":"0f7a68","name":"廿日市市役所前（平良）","original_name":"廿日市市役所前（平良）","name_kana":"はつかいちしやくしょまえ(へら)","closed":false,"lat":34.352816,"lng":132.329722,"prefecture":34,"numbering":["M33"],"lines":[99711],"attr":"eco","postal_code":"738-0024","address":"廿日市市新宮一丁目","voronoi":{"type":"Feature","geometry":{"type":"Polygon","coordinates":[[[132.343681,34.336508],[132.325725,34.351615],[132.251118,34.444102],[132.256104,34.445854],[132.332369,34.355705],[132.343681,34.336508]]]},"properties":{}},"extra":false},
    {"code":9971135,"id":"09f79d","name":"宮内(広島)","original_name":"宮内","name_kana":"みやうち","closed":false,"lat":34.347472,"lng":132.325226,"prefecture":34,"numbering":["M34"],"lines":[99711],"attr":"eco","postal_code":"738-0033","address":"廿日市市串戸２-２３０-３","voronoi":{"type":"Feature","geometry":{"type":"Polygon","coordinates":[[[132.343015,34.330292],[132.323818,34.345713],[132.325725,34.351615],[132.343681,34.336508],[132.350982,34.327769],[132.343015,34.330292]]]},"properties":{}},"extra":false},
    {"code":9971136,"id":"969130","name":"ＪＡ広島病院前","original_name":"ＪＡ広島病院前","name_kana":"じぇいえいひろしまびょういんまえ","closed":false,"lat":34.343959,"lng":132.322404,"prefecture":34,"numbering":["M35"],"lines":[99711],"attr":"eco","postal_code":"738-0042","address":"廿日市市地御前１-９９６４","voronoi":{"type":"Feature","geometry":{"type":"Polygon","coordinates":[[[132.323818,34.345713],[132.312212,34.349487],[132.334381,34.332183],[132.343015,34.330292],[132.323818,34.345713]]]},"properties":{}},"extra":false},
    {"code":9971137,"id":"842dfa","name":"地御前","original_name":"地御前","name_kana":"じごぜん","closed":false,"lat":34.340942,"lng":132.320049,"prefecture":34,"numbering":["M36"],"lines":[99711],"attr":"eco","postal_code":"738-0042","address":"廿日市市地御前５-２５７９-２","voronoi":{"type":"Feature","geometry":{"type":"Polygon","coordinates":[[[132.287995,34.341601],[132.308777,34.334787],[132.334381,34.332183],[132.312212,34.349487],[132.184436,34.416041],[132.199006,34.402081],[132.248136,34.364546],[132.257895,34.358677],[132.287995,34.341601]]]},"properties":{}},"extra":false},
    {"code":9971138,"id":"fffd97","name":"阿品東","original_name":"阿品東","name_kana":"あじなひがし","closed":false,"lat":34.326488,"lng":132.318579,"prefecture":34,"numbering":["M37"],"lines":[99711],"attr":"eco","postal_code":"738-0054","address":"廿日市市阿品１-２０７０-１１","voronoi":{"type":"Feature","geometry":{"type":"Polygon","coordinates":[[[132.350982,34.327769],[132.36283,34.320849],[132.373589,34.308936],[132.393813,34.283962],[132.398896,34.27714],[132.403596,34.252694],[132.317134,34.323857],[132.308777,34.334787],[132.334381,34.332183],[132.343015,34.330292],[132.350982,34.327769]]]},"properties":{}},"extra":false},
    {"code":9971139,"id":"6f0266","name":"広電阿品","original_name":"広電阿品","name_kana":"ひろでんあじな","closed":false,"lat":34.321933,"lng":132.31483,"prefecture":34,"numbering":["M38"],"lines":[99711],"attr":"eco","postal_code":"738-0054","address":"廿日市市阿品３-２５３３-３","voronoi":{"type":"Feature","geometry":{"type":"Polygon","coordinates":[[[132.30879,34.319655],[132.317134,34.323857],[132.403596,34.252694],[132.404058,34.250593],[132.398142,34.229934],[132.314853,34.311722],[132.30879,34.319655]]]},"properties":{}},"extra":false},
    {"code":9971140,"id":"276a04","name":"宮島ボートレース場","original_name":"宮島ボートレース場","name_kana":"みやじまぼーとれーすじょう","closed":false,"lat":34.314425,"lng":132.305006,"prefecture":34,"lines":[99711],"attr":"eco","postal_code":"739-0411","address":"廿日市市宮島口一丁目","voronoi":{"type":"Feature","geometry":{"type":"Polygon","coordinates":[[[132.304007,34.313096],[132.257895,34.358677],[132.287995,34.341601],[132.30879,34.319655],[132.314853,34.311722],[132.304007,34.313096]]]},"properties":{}},"extra":false},
    {"code":9971141,"id":"0b3db7","name":"広電宮島口","original_name":"広電宮島口","name_kana":"ひろでんみやじまぐち","closed":false,"lat":34.311559,"lng":132.304643,"prefecture":34,"numbering":["M39"],"lines":[99711],"attr":"eco","postal_code":"739-0411","address":"廿日市市宮島口１-１２-３４","voronoi":{"type":"Feature","geometry":{"type":"Polygon","coordinates":[[[132.314853,34.311722],[132.398142,34.229934],[132.386267,34.176912],[132.300834,34.301218],[132.304007,34.313096],[132.314853,34.311722]]]},"properties":{}},"extra":false}
  ],
  "extra":false
}