{
  "code":99713,
  "id":534,
  "name":"広電５系統(比治山線)",
  "name_kana":"ひろでんごけいとう(ひじやません)",
  "name_formal":"広電５号線(皆実線)",
  "station_size":17,
  "company_code":222,
  "closed":false,
  "color":"#00CC00",
  "station_list":[
    {"code":9971001,"id":8486,"name":"広島駅","original_name":"広島駅","name_kana":"ひろしまえき","closed":false,"lat":34.396803,"lng":132.475138,"prefecture":34,"numbering":["M01"],"lines":[99710,99711,99713,99714,99730,99731,99732,99733],"attr":"heat","postal_code":"732-0822","address":"広島市南区松原町","voronoi":{"type":"Feature","geometry":{"type":"Polygon","coordinates":[[[132.470605,34.399519],[132.471019,34.4002],[132.476455,34.396354],[132.473755,34.395064],[132.472946,34.395078],[132.469973,34.397473],[132.469977,34.397517],[132.470605,34.399519]]]},"properties":{}},"extra":false},
    {"code":9971004,"id":8423,"name":"稲荷町(広島)","original_name":"稲荷町","name_kana":"いなりまち","closed":false,"lat":34.392569,"lng":132.471728,"prefecture":34,"numbering":["M02"],"lines":[99710,99711,99713,99714,99730,99731,99733],"attr":"cool","postal_code":"732-0827","address":"広島市南区稲荷町","voronoi":{"type":"Feature","geometry":{"type":"Polygon","coordinates":[[[132.469973,34.397473],[132.472946,34.395078],[132.47357,34.392129],[132.472649,34.391179],[132.46917,34.391838],[132.469931,34.397417],[132.469973,34.397473]]]},"properties":{}},"extra":false},
    {"code":9971303,"id":9418,"name":"松川町","original_name":"松川町","name_kana":"まつかわちょう","closed":false,"lat":34.390222,"lng":132.471283,"prefecture":34,"numbering":["H01"],"lines":[99713],"attr":"eco","postal_code":"732-0826","address":"広島県広島市南区松川町３-２４","open_date":"2025-08-03","voronoi":{"type":"Feature","geometry":{"type":"Polygon","coordinates":[[[132.472727,34.388457],[132.467174,34.388928],[132.46917,34.391838],[132.472649,34.391179],[132.472727,34.388457]]]},"properties":{}},"extra":false},
    {"code":9971305,"id":8482,"name":"比治山下","original_name":"比治山下","name_kana":"ひじやました","closed":false,"lat":34.38696,"lng":132.471006,"prefecture":34,"numbering":["H02"],"lines":[99713,99732],"attr":"eco","postal_code":"732-0817","address":"広島市南区比治山町","voronoi":{"type":"Feature","geometry":{"type":"Polygon","coordinates":[[[132.465518,34.387843],[132.47358,34.38276],[132.474478,34.383444],[132.475149,34.386239],[132.472727,34.388457],[132.467174,34.388928],[132.465518,34.387843]]]},"properties":{}},"extra":false},
    {"code":9971306,"id":8483,"name":"比治山橋","original_name":"比治山橋","name_kana":"ひじやまばし","closed":false,"lat":34.383272,"lng":132.468681,"prefecture":34,"numbering":["H03"],"lines":[99713],"attr":"eco","postal_code":"732-0816","address":"広島市南区比治山本町","voronoi":{"type":"Feature","geometry":{"type":"Polygon","coordinates":[[[132.462326,34.386716],[132.461711,34.385232],[132.461734,34.385107],[132.47199,34.37956],[132.47358,34.38276],[132.465518,34.387843],[132.465466,34.387834],[132.462326,34.386716]]]},"properties":{}},"extra":false},
    {"code":9971307,"id":8484,"name":"南区役所前","original_name":"南区役所前","name_kana":"みなみくやくしょまえ","closed":false,"lat":34.380297,"lng":132.467072,"prefecture":34,"numbering":["H04"],"lines":[99713],"attr":"eco","postal_code":"732-0816","address":"広島市南区比治山本町","voronoi":{"type":"Feature","geometry":{"type":"Polygon","coordinates":[[[132.461559,34.382118],[132.461734,34.385107],[132.47199,34.37956],[132.471659,34.376673],[132.47165,34.376664],[132.46203,34.380691],[132.461559,34.382118]]]},"properties":{}},"extra":false},
    {"code":9971308,"id":8485,"name":"皆実町二丁目","original_name":"皆実町二丁目","name_kana":"みなみまちにちょうめ","closed":false,"lat":34.377375,"lng":132.465849,"prefecture":34,"numbering":["H05"],"lines":[99713],"attr":"eco","postal_code":"734-0007","address":"広島市南区皆実町２","voronoi":{"type":"Feature","geometry":{"type":"Polygon","coordinates":[[[132.470001,34.373662],[132.47165,34.376664],[132.46203,34.380691],[132.46203,34.378468],[132.462543,34.376907],[132.470001,34.373662]]]},"properties":{}},"extra":false},
    {"code":9971018,"id":8436,"name":"皆実町六丁目","original_name":"皆実町六丁目","name_kana":"みなみまちろくちょうめ","closed":false,"lat":34.374169,"lng":132.464454,"prefecture":34,"numbering":["U09"],"lines":[99710,99713,99715],"attr":"heat","postal_code":"734-0007","address":"広島市南区皆実町６","voronoi":{"type":"Feature","geometry":{"type":"Polygon","coordinates":[[[132.461558,34.37276],[132.462543,34.376907],[132.470001,34.373662],[132.469913,34.373188],[132.461558,34.37276]]]},"properties":{}},"extra":false},
    {"code":9971019,"id":8437,"name":"広大附属学校前","original_name":"広大附属学校前","name_kana":"ひろだいふぞくがっこうまえ","closed":false,"lat":34.371654,"lng":132.464583,"prefecture":34,"numbering":["U10"],"lines":[99710,99713,99715],"attr":"heat","postal_code":"734-0007","address":"広島市南区皆実町６","voronoi":{"type":"Feature","geometry":{"type":"Polygon","coordinates":[[[132.470032,34.370596],[132.459386,34.369811],[132.461558,34.37276],[132.469913,34.373188],[132.470032,34.370596]]]},"properties":{}},"extra":false},
    {"code":9971020,"id":8438,"name":"県病院前","original_name":"県病院前","name_kana":"けんびょういんまえ","closed":false,"lat":34.36875,"lng":132.464797,"prefecture":34,"numbering":["U11"],"lines":[99710,99713,99715],"attr":"heat","postal_code":"734-0004","address":"広島市南区宇品神田１","voronoi":{"type":"Feature","geometry":{"type":"Polygon","coordinates":[[[132.470032,34.370596],[132.459386,34.369811],[132.457395,34.368238],[132.469524,34.366934],[132.470036,34.370582],[132.470032,34.370596]]]},"properties":{}},"extra":false},
    {"code":9971021,"id":8439,"name":"宇品二丁目","original_name":"宇品二丁目","name_kana":"うじなにちょうめ","closed":false,"lat":34.366164,"lng":132.464519,"prefecture":34,"numbering":["U12"],"lines":[99710,99713,99715],"attr":"heat","postal_code":"734-0004","address":"広島市南区宇品神田２","voronoi":{"type":"Feature","geometry":{"type":"Polygon","coordinates":[[[132.469524,34.366934],[132.469771,34.364896],[132.452909,34.365831],[132.457395,34.368238],[132.469524,34.366934]]]},"properties":{}},"extra":false},
    {"code":9971022,"id":8440,"name":"宇品三丁目","original_name":"宇品三丁目","name_kana":"うじなさんちょうめ","closed":false,"lat":34.364216,"lng":132.464411,"prefecture":34,"numbering":["U13"],"lines":[99710,99713,99715],"attr":"heat","postal_code":"734-0004","address":"広島市南区宇品神田３","voronoi":{"type":"Feature","geometry":{"type":"Polygon","coordinates":[[[132.451455,34.365202],[132.452909,34.365831],[132.469771,34.364896],[132.470873,34.361356],[132.453721,34.363377],[132.451455,34.365202]]]},"properties":{}},"extra":false},
    {"code":9971023,"id":8441,"name":"宇品四丁目","original_name":"宇品四丁目","name_kana":"うじなよんちょうめ","closed":false,"lat":34.360076,"lng":132.463923,"prefecture":34,"numbering":["U14"],"lines":[99710,99713,99715],"attr":"eco","postal_code":"734-0004","address":"広島市南区宇品神田５","voronoi":{"type":"Feature","geometry":{"type":"Polygon","coordinates":[[[132.45842,34.359493],[132.468386,34.35878],[132.471812,34.359987],[132.470873,34.361356],[132.453721,34.363377],[132.45455,34.362389],[132.45842,34.359493]]]},"properties":{}},"extra":false},
    {"code":9971024,"id":8442,"name":"宇品五丁目","original_name":"宇品五丁目","name_kana":"うじなごちょうめ","closed":false,"lat":34.358132,"lng":132.463784,"prefecture":34,"numbering":["U15"],"lines":[99710,99713,99715],"attr":"eco","postal_code":"734-0004","address":"広島市南区宇品神田５","voronoi":{"type":"Feature","geometry":{"type":"Polygon","coordinates":[[[132.464363,34.356313],[132.468386,34.35878],[132.45842,34.359493],[132.460632,34.357124],[132.464363,34.356313]]]},"properties":{}},"extra":false},
    {"code":9971025,"id":8443,"name":"海岸通","original_name":"海岸通","name_kana":"かいがんどおり","closed":false,"lat":34.354898,"lng":132.463081,"prefecture":34,"numbering":["U16"],"lines":[99710,99713,99715],"attr":"eco","postal_code":"734-0011","address":"広島市南区宇品海岸３","voronoi":{"type":"Feature","geometry":{"type":"Polygon","coordinates":[[[132.464363,34.356313],[132.460632,34.357124],[132.46485,34.338917],[132.464363,34.356313]]]},"properties":{}},"extra":false},
    {"code":9971026,"id":8444,"name":"元宇品口","original_name":"元宇品口","name_kana":"もとうじなぐち","closed":false,"lat":34.354048,"lng":132.459412,"prefecture":34,"numbering":["U17"],"lines":[99710,99713,99715],"attr":"eco","postal_code":"734-0011","address":"広島市南区宇品海岸１","voronoi":{"type":"Feature","geometry":{"type":"Polygon","coordinates":[[[132.46485,34.338917],[132.467155,34.323176],[132.4667,34.322658],[132.45455,34.362389],[132.45842,34.359493],[132.460632,34.357124],[132.46485,34.338917]]]},"properties":{}},"extra":false},
    {"code":9971027,"id":8445,"name":"広島港（宇品）","original_name":"広島港（宇品）","name_kana":"ひろしまこう(うじな)","closed":false,"lat":34.352755,"lng":132.455184,"prefecture":34,"numbering":["U18"],"lines":[99710,99713,99715],"attr":"eco","postal_code":"734-0011","address":"広島市南区宇品海岸一丁目","voronoi":{"type":"Feature","geometry":{"type":"Polygon","coordinates":[[[132.451455,34.365202],[132.448806,34.365721],[132.411555,34.329603],[132.402888,34.297949],[132.398896,34.27714],[132.403596,34.252694],[132.404058,34.250593],[132.407592,34.253072],[132.434148,34.280087],[132.4667,34.322658],[132.45455,34.362389],[132.453721,34.363377],[132.451455,34.365202]]]},"properties":{}},"extra":false}
  ],
  "extra":false
}