{
  "code":99719,
  "id":613,
  "name":"下津井電鉄",
  "name_kana":"しもついでんてつ",
  "station_size":15,
  "company_code":303,
  "closed":true,
  "station_list":[
    {"code":9971901,"id":9224,"name":"下津井","original_name":"下津井","name_kana":"しもつい","closed":true,"lat":34.439,"lng":133.789556,"prefecture":33,"lines":[99719],"attr":"unknown","postal_code":"711-0927","address":"岡山県倉敷市下津井４丁目４-２４","open_date":"1914-03-15","closed_date":"1991-01-01","voronoi":{"type":"Feature","geometry":{"type":"Polygon","coordinates":[[[133.672244,34.374607],[133.645,34.383413],[133.655923,34.408382],[133.6586,34.412814],[133.747697,34.471598],[133.754064,34.470028],[133.794108,34.449187],[133.798933,34.425013],[133.802095,34.372722],[133.758138,34.36473],[133.751294,34.364574],[133.705802,34.368142],[133.672244,34.374607]]]},"properties":{}},"extra":false},
    {"code":9971902,"id":9225,"name":"東下津井","original_name":"東下津井","name_kana":"ひがししもつい","closed":true,"lat":34.441528,"lng":133.802222,"prefecture":33,"lines":[99719],"attr":"unknown","postal_code":"711-0926","address":"岡山県倉敷市下津井吹上１丁目９-７","open_date":"1914-03-15","closed_date":"1991-01-01","voronoi":{"type":"Feature","geometry":{"type":"Polygon","coordinates":[[[133.798933,34.425013],[133.794108,34.449187],[133.795116,34.449326],[133.801033,34.448698],[133.805614,34.444319],[133.798933,34.425013]]]},"properties":{}},"extra":false},
    {"code":9971903,"id":9226,"name":"鷲羽山","original_name":"鷲羽山","name_kana":"わしうざん","closed":true,"lat":34.440028,"lng":133.806556,"prefecture":33,"lines":[99719],"attr":"unknown","postal_code":"711-0925","address":"岡山県倉敷市下津井田之浦２丁目１１","open_date":"1931-05-01","closed_date":"1991-01-01","voronoi":{"type":"Feature","geometry":{"type":"Polygon","coordinates":[[[133.879133,34.428362],[133.805614,34.444319],[133.798933,34.425013],[133.802095,34.372722],[133.824954,34.37394],[133.872147,34.392641],[133.887601,34.402207],[133.880838,34.423901],[133.879133,34.428362]]]},"properties":{}},"extra":false},
    {"code":9971904,"id":9227,"name":"琴海","original_name":"琴海","name_kana":"きんかい","closed":true,"lat":34.447833,"lng":133.80825,"prefecture":33,"lines":[99719],"attr":"unknown","postal_code":"711-0923","address":"岡山県倉敷市児島阿津２丁目１２-７","open_date":"1914-03-15","closed_date":"1991-01-01","voronoi":{"type":"Feature","geometry":{"type":"Polygon","coordinates":[[[133.869785,34.457474],[133.812398,34.455478],[133.801033,34.448698],[133.805614,34.444319],[133.879133,34.428362],[133.869785,34.457474]]]},"properties":{}},"extra":false},
    {"code":9971905,"id":9228,"name":"阿津","original_name":"阿津","name_kana":"あつ","closed":true,"lat":34.45546,"lng":133.8037,"prefecture":33,"lines":[99719],"attr":"unknown","postal_code":"711-0923","address":"岡山県倉敷市児島阿津２丁目２-１５","open_date":"1949-06-20","closed_date":"1991-01-01","voronoi":{"type":"Feature","geometry":{"type":"Polygon","coordinates":[[[133.801033,34.448698],[133.795116,34.449326],[133.804209,34.459963],[133.812398,34.455478],[133.801033,34.448698]]]},"properties":{}},"extra":false},
    {"code":9971906,"id":9229,"name":"備前赤崎","original_name":"備前赤崎","name_kana":"びぜんあかさき","closed":true,"lat":34.45876,"lng":133.79984,"prefecture":33,"lines":[99719],"attr":"unknown","postal_code":"711-0931","address":"岡山県倉敷市児島赤崎１丁目１０-１０","open_date":"1914-03-15","closed_date":"1991-01-01","voronoi":{"type":"Feature","geometry":{"type":"Polygon","coordinates":[[[133.754064,34.470028],[133.794108,34.449187],[133.795116,34.449326],[133.804209,34.459963],[133.802933,34.462445],[133.775702,34.469958],[133.754064,34.470028]]]},"properties":{}},"extra":false},
    {"code":9971907,"id":9230,"name":"児島(下津井電鉄)","original_name":"児島","name_kana":"こじま","closed":true,"lat":34.467194,"lng":133.802167,"prefecture":33,"lines":[99719],"attr":"unknown","postal_code":"711-0913","address":"岡山県倉敷市児島味野３丁目３-６８","open_date":"1914-03-15","closed_date":"1991-01-01","voronoi":{"type":"Feature","geometry":{"type":"Polygon","coordinates":[[[133.802933,34.462445],[133.775702,34.469958],[133.813734,34.47617],[133.802933,34.462445]]]},"properties":{}},"extra":false},
    {"code":9971908,"id":9231,"name":"児島小川","original_name":"児島小川","name_kana":"こじまおがわ","closed":true,"lat":34.480999,"lng":133.799912,"prefecture":33,"lines":[99719],"attr":"unknown","postal_code":"711-0911","address":"岡山県倉敷市児島小川７丁目１-３４","open_date":"1913-11-11","closed_date":"1972-04-01","voronoi":{"type":"Feature","geometry":{"type":"Polygon","coordinates":[[[133.754064,34.470028],[133.747697,34.471598],[133.750787,34.476444],[133.807566,34.485982],[133.813891,34.476238],[133.813734,34.47617],[133.775702,34.469958],[133.754064,34.470028]]]},"properties":{}},"extra":false},
    {"code":9971909,"id":9232,"name":"柳田(岡山)","original_name":"柳田","name_kana":"やないだ","closed":true,"lat":34.48819,"lng":133.798704,"prefecture":33,"lines":[99719],"attr":"unknown","postal_code":"711-0936","address":"岡山県倉敷市児島柳田町８７３−２","open_date":"1952-04-19","closed_date":"1972-04-01","voronoi":{"type":"Feature","geometry":{"type":"Polygon","coordinates":[[[133.807566,34.485982],[133.750787,34.476444],[133.762493,34.498194],[133.768816,34.507062],[133.774976,34.507179],[133.806724,34.491037],[133.807566,34.485982]]]},"properties":{}},"extra":false},
    {"code":9971910,"id":9233,"name":"稗田","original_name":"稗田","name_kana":"ひえだ","closed":true,"lat":34.499194,"lng":133.804299,"prefecture":33,"lines":[99719],"attr":"unknown","postal_code":"711-0937","address":"岡山県倉敷市児島稗田町４０１４−５","open_date":"1913-11-11","closed_date":"1972-04-01","voronoi":{"type":"Feature","geometry":{"type":"Polygon","coordinates":[[[133.774976,34.507179],[133.811184,34.515413],[133.820379,34.509135],[133.806724,34.491037],[133.774976,34.507179]]]},"properties":{}},"extra":false},
    {"code":9971911,"id":9234,"name":"福田","original_name":"福田","name_kana":"ふくだ","closed":true,"lat":34.52706,"lng":133.797962,"prefecture":33,"lines":[99719],"attr":"unknown","postal_code":"710-0145","address":"岡山県倉敷市福江８１７−１","open_date":"1913-11-11","closed_date":"1972-04-01","voronoi":{"type":"Feature","geometry":{"type":"Polygon","coordinates":[[[133.810803,34.530107],[133.811184,34.515413],[133.774976,34.507179],[133.768816,34.507062],[133.76931,34.520345],[133.76989,34.524915],[133.771138,34.531017],[133.777321,34.549039],[133.783295,34.557456],[133.787321,34.55531],[133.810803,34.530107]]]},"properties":{}},"extra":false},
    {"code":9971912,"id":9235,"name":"林(岡山)","original_name":"林","name_kana":"はやし","closed":true,"lat":34.542701,"lng":133.814749,"prefecture":33,"lines":[99719],"attr":"unknown","postal_code":"710-0142","address":"岡山県倉敷市林４６３","open_date":"1913-11-11","closed_date":"1972-04-01","voronoi":{"type":"Feature","geometry":{"type":"Polygon","coordinates":[[[133.819904,34.549214],[133.807919,34.553245],[133.787321,34.55531],[133.810803,34.530107],[133.826183,34.53939],[133.819904,34.549214]]]},"properties":{}},"extra":false},
    {"code":9971913,"id":9236,"name":"藤戸","original_name":"藤戸","name_kana":"ふじと","closed":true,"lat":34.557518,"lng":133.819733,"prefecture":33,"lines":[99719],"attr":"unknown","postal_code":"710-0133","address":"岡山県倉敷市藤戸町藤戸１０８８−３","open_date":"1950-02-10","closed_date":"1972-04-01","voronoi":{"type":"Feature","geometry":{"type":"Polygon","coordinates":[[[133.827397,34.565774],[133.807919,34.553245],[133.819904,34.549214],[133.830158,34.562508],[133.830925,34.564653],[133.827397,34.565774]]]},"properties":{}},"extra":false},
    {"code":9971914,"id":9237,"name":"天城","original_name":"天城","name_kana":"あまき","closed":true,"lat":34.562224,"lng":133.816706,"prefecture":33,"lines":[99719],"attr":"unknown","postal_code":"710-0132","address":"岡山県倉敷市藤戸町天城２３９３−９","open_date":"1913-11-11","closed_date":"1972-04-01","voronoi":{"type":"Feature","geometry":{"type":"Polygon","coordinates":[[[133.783098,34.571234],[133.793873,34.585582],[133.794476,34.586355],[133.827397,34.565774],[133.807919,34.553245],[133.787321,34.55531],[133.783295,34.557456],[133.783098,34.571234]]]},"properties":{}},"extra":false},
    {"code":1170908,"id":3575,"name":"茶屋町","original_name":"茶屋町","name_kana":"ちゃやまち","closed":false,"lat":34.57694,"lng":133.825906,"prefecture":33,"lines":[11709,11710,99719],"attr":"eco","postal_code":"710-1101","address":"倉敷市茶屋町","voronoi":{"type":"Feature","geometry":{"type":"Polygon","coordinates":[[[133.830925,34.564653],[133.856453,34.57402],[133.857278,34.574915],[133.849732,34.581472],[133.795493,34.588792],[133.794476,34.586355],[133.827397,34.565774],[133.830925,34.564653]]]},"properties":{}},"extra":false}
  ],
  "closed_date":"1991-01-01",
  "extra":false
}