{
  "code":99710,
  "id":"5ee658",
  "name":"広電１系統(宇品線)",
  "name_kana":"ひろでんいちけいとう(うじなせん)",
  "name_formal":"広電１号線(宇品線)",
  "station_size":27,
  "company_code":222,
  "closed":false,
  "station_list":[
    {"code":9971001,"id":"da83b7","name":"広島駅","original_name":"広島駅","name_kana":"ひろしまえき","closed":false,"lat":34.396296,"lng":132.475403,"prefecture":34,"numbering":["M1"],"lines":[99710,99711,99713,99714],"attr":"heat","postal_code":"732-0822","address":"広島市南区松原町","voronoi":{"type":"Feature","geometry":{"type":"Polygon","coordinates":[[[132.472956,34.395034],[132.474046,34.394916],[132.477559,34.39653],[132.470376,34.397717],[132.470475,34.39748],[132.472956,34.395034]]]},"properties":{}},"extra":false},
    {"code":9971002,"id":"99731b","name":"猿猴橋町","original_name":"猿猴橋町","name_kana":"えんこうばしちょう","closed":false,"lat":34.395047,"lng":132.475977,"prefecture":34,"numbering":["M2"],"lines":[99710,99711,99713,99714],"attr":"cool","postal_code":"732-0823","address":"広島市南区猿猴橋町","voronoi":{"type":"Feature","geometry":{"type":"Polygon","coordinates":[[[132.478837,34.392477],[132.474046,34.394916],[132.477559,34.39653],[132.482449,34.397313],[132.478837,34.392477]]]},"properties":{}},"extra":false},
    {"code":9971003,"id":"500f85","name":"的場町","original_name":"的場町","name_kana":"まとばちょう","closed":false,"lat":34.393277,"lng":132.475076,"prefecture":34,"numbering":["M3"],"lines":[99710,99711,99713,99714],"attr":"cool","postal_code":"732-0824","address":"広島市南区的場町１","voronoi":{"type":"Feature","geometry":{"type":"Polygon","coordinates":[[[132.478837,34.392477],[132.474046,34.394916],[132.472956,34.395034],[132.47357,34.392129],[132.478085,34.390598],[132.478837,34.392477]]]},"properties":{}},"extra":false},
    {"code":9971004,"id":"26f8c7","name":"稲荷町(広島)","original_name":"稲荷町","name_kana":"いなりまち","closed":false,"lat":34.392569,"lng":132.471728,"prefecture":34,"numbering":["M4"],"lines":[99710,99711,99714],"attr":"cool","postal_code":"732-0827","address":"広島市南区稲荷町","voronoi":{"type":"Feature","geometry":{"type":"Polygon","coordinates":[[[132.469382,34.39002],[132.470475,34.39748],[132.472956,34.395034],[132.47357,34.392129],[132.471288,34.389775],[132.469382,34.39002]]]},"properties":{}},"extra":false},
    {"code":9971005,"id":"799db5","name":"銀山町","original_name":"銀山町","name_kana":"かなやまちょう","closed":false,"lat":34.393135,"lng":132.467866,"prefecture":34,"numbering":["M5"],"lines":[99710,99711,99714],"attr":"cool","postal_code":"730-0022","address":"広島市中区銀山町","voronoi":{"type":"Feature","geometry":{"type":"Polygon","coordinates":[[[132.469382,34.39002],[132.465997,34.388299],[132.466706,34.395735],[132.469577,34.397625],[132.47028,34.397889],[132.470376,34.397717],[132.470475,34.39748],[132.469382,34.39002]]]},"properties":{}},"extra":false},
    {"code":9971006,"id":"c74e14","name":"胡町","original_name":"胡町","name_kana":"えびすちょう","closed":false,"lat":34.393401,"lng":132.465076,"prefecture":34,"numbering":["M6"],"lines":[99710,99711,99714],"attr":"cool","postal_code":"730-0021","address":"広島市中区胡町","voronoi":{"type":"Feature","geometry":{"type":"Polygon","coordinates":[[[132.465997,34.388299],[132.466706,34.395735],[132.46482,34.395607],[132.462239,34.3869],[132.462326,34.386716],[132.465508,34.387849],[132.465997,34.388299]]]},"properties":{}},"extra":false},
    {"code":9971007,"id":"e0dfd4","name":"八丁堀(広島)","original_name":"八丁堀","name_kana":"はっちょうぼり","closed":false,"lat":34.393897,"lng":132.463403,"prefecture":34,"numbering":["M7"],"lines":[99710,99711,99714,99717],"attr":"cool","postal_code":"730-0021","address":"広島市中区胡町","voronoi":{"type":"Feature","geometry":{"type":"Polygon","coordinates":[[[132.460912,34.389616],[132.461499,34.388056],[132.462239,34.3869],[132.46482,34.395607],[132.462698,34.396348],[132.460912,34.389616]]]},"properties":{}},"extra":false},
    {"code":9971008,"id":"e4a8ad","name":"立町","original_name":"立町","name_kana":"たてまち","closed":false,"lat":34.394569,"lng":132.460871,"prefecture":34,"numbering":["M8"],"lines":[99710,99711,99714],"attr":"cool","postal_code":"730-0032","address":"広島市中区立町","voronoi":{"type":"Feature","geometry":{"type":"Polygon","coordinates":[[[132.460912,34.389616],[132.462698,34.396348],[132.461426,34.397873],[132.459734,34.395926],[132.459189,34.393156],[132.459814,34.391127],[132.460912,34.389616]]]},"properties":{}},"extra":false},
    {"code":9971009,"id":"db8f16","name":"紙屋町東","original_name":"紙屋町東","name_kana":"かみやちょうひがし","closed":false,"lat":34.395101,"lng":132.458167,"prefecture":34,"numbering":["M9"],"lines":[99710,99711,99714],"attr":"cool","postal_code":"730-0031","address":"広島市中区紙屋町","voronoi":{"type":"Feature","geometry":{"type":"Polygon","coordinates":[[[132.459189,34.393156],[132.457314,34.394422],[132.457778,34.395997],[132.459734,34.395926],[132.459189,34.393156]]]},"properties":{}},"extra":false},
    {"code":9970901,"id":"fafc81","name":"本通","original_name":"本通","name_kana":"ほんどおり","closed":false,"lat":34.393377,"lng":132.457003,"prefecture":34,"numbering":["U1"],"lines":[99709,99710,99712,99715],"attr":"heat","postal_code":"730-0035","address":"広島市中区本通６-３０","voronoi":{"type":"Feature","geometry":{"type":"Polygon","coordinates":[[[132.459189,34.393156],[132.457314,34.394422],[132.45511,34.394382],[132.454047,34.393205],[132.459814,34.391127],[132.459189,34.393156]]]},"properties":{}},"extra":false},
    {"code":9971011,"id":"3f3a08","name":"袋町","original_name":"袋町","name_kana":"ふくろまち","closed":false,"lat":34.391187,"lng":132.456214,"prefecture":34,"numbering":["U2"],"lines":[99710,99712,99715],"attr":"cool","postal_code":"730-0051","address":"広島市中区大手町２","voronoi":{"type":"Feature","geometry":{"type":"Polygon","coordinates":[[[132.459814,34.391127],[132.460912,34.389616],[132.461499,34.388056],[132.450913,34.391639],[132.451137,34.391862],[132.454047,34.393205],[132.459814,34.391127]]]},"properties":{}},"extra":false},
    {"code":9971012,"id":"ae895e","name":"中電前","original_name":"中電前","name_kana":"ちゅうでんまえ","closed":false,"lat":34.388779,"lng":132.455399,"prefecture":34,"numbering":["U3"],"lines":[99710,99712,99715],"attr":"cool","postal_code":"730-0051","address":"広島市中区大手町３","voronoi":{"type":"Feature","geometry":{"type":"Polygon","coordinates":[[[132.461711,34.385232],[132.462326,34.386716],[132.462239,34.3869],[132.461499,34.388056],[132.450913,34.391639],[132.450659,34.391486],[132.450242,34.390857],[132.450158,34.388877],[132.461425,34.385215],[132.461711,34.385232]]]},"properties":{}},"extra":false},
    {"code":9971013,"id":"8fddb4","name":"市役所前(広島)","original_name":"市役所前","name_kana":"しやくしょまえ","closed":false,"lat":34.385875,"lng":132.454455,"prefecture":34,"numbering":["U4"],"lines":[99710,99712,99715],"attr":"cool","postal_code":"730-0051","address":"広島市中区大手町４","voronoi":{"type":"Feature","geometry":{"type":"Polygon","coordinates":[[[132.457183,34.383995],[132.449069,34.385777],[132.450158,34.388877],[132.461425,34.385215],[132.457183,34.383995]]]},"properties":{}},"extra":false},
    {"code":9971014,"id":"116a82","name":"鷹野橋","original_name":"鷹野橋","name_kana":"たかのばし","closed":false,"lat":34.383431,"lng":132.453918,"prefecture":34,"numbering":["U5"],"lines":[99710,99712,99715],"attr":"cool","postal_code":"730-0052","address":"広島市中区千田町１","voronoi":{"type":"Feature","geometry":{"type":"Polygon","coordinates":[[[132.449069,34.385777],[132.448289,34.384565],[132.44759,34.380856],[132.447669,34.377404],[132.447835,34.37663],[132.457183,34.383995],[132.449069,34.385777]]]},"properties":{}},"extra":false},
    {"code":9971015,"id":"5cb433","name":"日赤病院前","original_name":"日赤病院前","name_kana":"にっせきびょういんまえ","closed":false,"lat":34.380952,"lng":132.455871,"prefecture":34,"numbering":["U6"],"lines":[99710,99712,99715],"attr":"heat","postal_code":"730-0052","address":"広島市中区千田町１","voronoi":{"type":"Feature","geometry":{"type":"Polygon","coordinates":[[[132.448038,34.373277],[132.44795,34.373559],[132.447835,34.37663],[132.457183,34.383995],[132.461425,34.385215],[132.461711,34.385232],[132.461734,34.385107],[132.461559,34.382118],[132.448038,34.373277]]]},"properties":{}},"extra":false},
    {"code":9971016,"id":"85fad4","name":"広電本社前","original_name":"広電本社前","name_kana":"ひろでんほんしゃまえ","closed":false,"lat":34.377375,"lng":132.45821,"prefecture":34,"numbering":["U7"],"lines":[99710,99712,99715],"attr":"heat","postal_code":"730-0052","address":"広島市中区千田町３","voronoi":{"type":"Feature","geometry":{"type":"Polygon","coordinates":[[[132.448038,34.373277],[132.448474,34.369262],[132.46203,34.378468],[132.46203,34.380691],[132.461559,34.382118],[132.448038,34.373277]]]},"properties":{}},"extra":false},
    {"code":9971017,"id":"2c4c0f","name":"御幸橋","original_name":"御幸橋","name_kana":"みゆきばし","closed":false,"lat":34.375321,"lng":132.459605,"prefecture":34,"numbering":["U8"],"lines":[99710,99715],"attr":"heat","postal_code":"730-0052","address":"広島市中区千田町３","voronoi":{"type":"Feature","geometry":{"type":"Polygon","coordinates":[[[132.46203,34.378468],[132.448474,34.369262],[132.448482,34.368427],[132.448806,34.365721],[132.451455,34.365202],[132.452909,34.365831],[132.457395,34.368238],[132.459386,34.369811],[132.461558,34.37276],[132.462543,34.376907],[132.46203,34.378468]]]},"properties":{}},"extra":false},
    {"code":9971018,"id":"9171e7","name":"皆実町六丁目","original_name":"皆実町六丁目","name_kana":"みなみまちろくちょうめ","closed":false,"lat":34.374169,"lng":132.464454,"prefecture":34,"numbering":["U9"],"lines":[99710,99713,99715],"attr":"heat","postal_code":"734-0007","address":"広島市南区皆実町６","voronoi":{"type":"Feature","geometry":{"type":"Polygon","coordinates":[[[132.461558,34.37276],[132.462543,34.376907],[132.470001,34.373662],[132.469913,34.373188],[132.461558,34.37276]]]},"properties":{}},"extra":false},
    {"code":9971019,"id":"9bbb73","name":"広大附属学校前","original_name":"広大附属学校前","name_kana":"ひろだいふぞくがっこうまえ","closed":false,"lat":34.371654,"lng":132.464583,"prefecture":34,"numbering":["U10"],"lines":[99710,99713,99715],"attr":"heat","postal_code":"734-0007","address":"広島市南区皆実町６","voronoi":{"type":"Feature","geometry":{"type":"Polygon","coordinates":[[[132.470032,34.370596],[132.459386,34.369811],[132.461558,34.37276],[132.469913,34.373188],[132.470032,34.370596]]]},"properties":{}},"extra":false},
    {"code":9971020,"id":"e0fe8b","name":"県病院前","original_name":"県病院前","name_kana":"けんびょういんまえ","closed":false,"lat":34.36875,"lng":132.464797,"prefecture":34,"numbering":["U11"],"lines":[99710,99713,99715],"attr":"heat","postal_code":"734-0004","address":"広島市南区宇品神田１","voronoi":{"type":"Feature","geometry":{"type":"Polygon","coordinates":[[[132.470032,34.370596],[132.459386,34.369811],[132.457395,34.368238],[132.469524,34.366934],[132.470036,34.370582],[132.470032,34.370596]]]},"properties":{}},"extra":false},
    {"code":9971021,"id":"12da79","name":"宇品二丁目","original_name":"宇品二丁目","name_kana":"うじなにちょうめ","closed":false,"lat":34.366164,"lng":132.464519,"prefecture":34,"numbering":["U12"],"lines":[99710,99713,99715],"attr":"heat","postal_code":"734-0004","address":"広島市南区宇品神田２","voronoi":{"type":"Feature","geometry":{"type":"Polygon","coordinates":[[[132.469524,34.366934],[132.469771,34.364896],[132.452909,34.365831],[132.457395,34.368238],[132.469524,34.366934]]]},"properties":{}},"extra":false},
    {"code":9971022,"id":"d1cffc","name":"宇品三丁目","original_name":"宇品三丁目","name_kana":"うじなさんちょうめ","closed":false,"lat":34.364216,"lng":132.464411,"prefecture":34,"numbering":["U13"],"lines":[99710,99713,99715],"attr":"heat","postal_code":"734-0004","address":"広島市南区宇品神田３","voronoi":{"type":"Feature","geometry":{"type":"Polygon","coordinates":[[[132.451455,34.365202],[132.452909,34.365831],[132.469771,34.364896],[132.470873,34.361356],[132.453721,34.363377],[132.451455,34.365202]]]},"properties":{}},"extra":false},
    {"code":9971023,"id":"4b6d16","name":"宇品四丁目","original_name":"宇品四丁目","name_kana":"うじなよんちょうめ","closed":false,"lat":34.360076,"lng":132.463923,"prefecture":34,"numbering":["U14"],"lines":[99710,99713,99715],"attr":"eco","postal_code":"734-0004","address":"広島市南区宇品神田５","voronoi":{"type":"Feature","geometry":{"type":"Polygon","coordinates":[[[132.45842,34.359493],[132.468386,34.35878],[132.471812,34.359987],[132.470873,34.361356],[132.453721,34.363377],[132.45455,34.362389],[132.45842,34.359493]]]},"properties":{}},"extra":false},
    {"code":9971024,"id":"2cabb5","name":"宇品五丁目","original_name":"宇品五丁目","name_kana":"うじなごちょうめ","closed":false,"lat":34.358132,"lng":132.463784,"prefecture":34,"numbering":["U15"],"lines":[99710,99713,99715],"attr":"eco","postal_code":"734-0004","address":"広島市南区宇品神田５","voronoi":{"type":"Feature","geometry":{"type":"Polygon","coordinates":[[[132.464363,34.356313],[132.468386,34.35878],[132.45842,34.359493],[132.460632,34.357124],[132.464363,34.356313]]]},"properties":{}},"extra":false},
    {"code":9971025,"id":"de9100","name":"海岸通","original_name":"海岸通","name_kana":"かいがんどおり","closed":false,"lat":34.354898,"lng":132.463081,"prefecture":34,"numbering":["U16"],"lines":[99710,99713,99715],"attr":"eco","postal_code":"734-0011","address":"広島市南区宇品海岸３","voronoi":{"type":"Feature","geometry":{"type":"Polygon","coordinates":[[[132.464363,34.356313],[132.460632,34.357124],[132.46485,34.338917],[132.464363,34.356313]]]},"properties":{}},"extra":false},
    {"code":9971026,"id":"182e47","name":"元宇品口","original_name":"元宇品口","name_kana":"もとうじなぐち","closed":false,"lat":34.354048,"lng":132.459412,"prefecture":34,"numbering":["U17"],"lines":[99710,99713,99715],"attr":"eco","postal_code":"734-0011","address":"広島市南区宇品海岸１","voronoi":{"type":"Feature","geometry":{"type":"Polygon","coordinates":[[[132.46485,34.338917],[132.467155,34.323176],[132.4667,34.322658],[132.45455,34.362389],[132.45842,34.359493],[132.460632,34.357124],[132.46485,34.338917]]]},"properties":{}},"extra":false},
    {"code":9971027,"id":"7fd37a","name":"広島港（宇品）","original_name":"広島港（宇品）","name_kana":"ひろしまこう(うじな)","closed":false,"lat":34.352755,"lng":132.455184,"prefecture":34,"numbering":["U18"],"lines":[99710,99713,99715],"attr":"eco","postal_code":"734-0011","address":"広島市南区宇品海岸一丁目","voronoi":{"type":"Feature","geometry":{"type":"Polygon","coordinates":[[[132.451455,34.365202],[132.448806,34.365721],[132.411555,34.329603],[132.402888,34.297949],[132.398896,34.27714],[132.403596,34.252694],[132.404058,34.250593],[132.407592,34.253072],[132.434148,34.280087],[132.4667,34.322658],[132.45455,34.362389],[132.453721,34.363377],[132.451455,34.365202]]]},"properties":{}},"extra":false}
  ],
  "extra":false
}