{
  "code":99714,
  "id":535,
  "name":"広電６系統(江波線)",
  "name_kana":"ひろでんろくけいとう(えばせん)",
  "name_formal":"広電６号線(江波線)",
  "station_size":18,
  "company_code":222,
  "closed":false,
  "color":"#FFD700",
  "station_list":[
    {"code":9971001,"id":8486,"name":"広島駅","original_name":"広島駅","name_kana":"ひろしまえき","closed":false,"lat":34.396803,"lng":132.475138,"prefecture":34,"numbering":["M01"],"lines":[99710,99711,99713,99714,99730,99731,99732,99733],"attr":"heat","postal_code":"732-0822","address":"広島市南区松原町","voronoi":{"type":"Feature","geometry":{"type":"Polygon","coordinates":[[[132.470605,34.399519],[132.471019,34.4002],[132.476455,34.396354],[132.473755,34.395064],[132.472946,34.395078],[132.469973,34.397473],[132.469977,34.397517],[132.470605,34.399519]]]},"properties":{}},"extra":false},
    {"code":9971004,"id":8423,"name":"稲荷町(広島)","original_name":"稲荷町","name_kana":"いなりまち","closed":false,"lat":34.392569,"lng":132.471728,"prefecture":34,"numbering":["M02"],"lines":[99710,99711,99713,99714,99730,99731,99733],"attr":"cool","postal_code":"732-0827","address":"広島市南区稲荷町","voronoi":{"type":"Feature","geometry":{"type":"Polygon","coordinates":[[[132.469973,34.397473],[132.472946,34.395078],[132.47357,34.392129],[132.472649,34.391179],[132.46917,34.391838],[132.469931,34.397417],[132.469973,34.397473]]]},"properties":{}},"extra":false},
    {"code":9971005,"id":8424,"name":"銀山町","original_name":"銀山町","name_kana":"かなやまちょう","closed":false,"lat":34.393227,"lng":132.466901,"prefecture":34,"numbering":["M03"],"lines":[99710,99711,99714],"attr":"cool","postal_code":"730-0022","address":"広島市中区銀山町","voronoi":{"type":"Feature","geometry":{"type":"Polygon","coordinates":[[[132.465466,34.387834],[132.465518,34.387843],[132.467174,34.388928],[132.46917,34.391838],[132.469931,34.397417],[132.466216,34.395701],[132.465466,34.387834]]]},"properties":{}},"extra":false},
    {"code":9971006,"id":8425,"name":"胡町","original_name":"胡町","name_kana":"えびすちょう","closed":false,"lat":34.393401,"lng":132.465076,"prefecture":34,"numbering":["M04"],"lines":[99710,99711,99714],"attr":"cool","postal_code":"730-0021","address":"広島市中区胡町","voronoi":{"type":"Feature","geometry":{"type":"Polygon","coordinates":[[[132.465466,34.387834],[132.462326,34.386716],[132.462239,34.3869],[132.46482,34.395607],[132.466216,34.395701],[132.465466,34.387834]]]},"properties":{}},"extra":false},
    {"code":9971007,"id":8426,"name":"八丁堀(広島)","original_name":"八丁堀","name_kana":"はっちょうぼり","closed":false,"lat":34.393897,"lng":132.463403,"prefecture":34,"numbering":["M05"],"lines":[99710,99711,99714,99717],"attr":"cool","postal_code":"730-0021","address":"広島市中区胡町","voronoi":{"type":"Feature","geometry":{"type":"Polygon","coordinates":[[[132.460912,34.389616],[132.461499,34.388056],[132.462239,34.3869],[132.46482,34.395607],[132.462698,34.396348],[132.460912,34.389616]]]},"properties":{}},"extra":false},
    {"code":9971008,"id":8427,"name":"立町","original_name":"立町","name_kana":"たてまち","closed":false,"lat":34.394569,"lng":132.460871,"prefecture":34,"numbering":["M06"],"lines":[99710,99711,99714],"attr":"cool","postal_code":"730-0032","address":"広島市中区立町","voronoi":{"type":"Feature","geometry":{"type":"Polygon","coordinates":[[[132.460912,34.389616],[132.462698,34.396348],[132.461426,34.397873],[132.459734,34.395926],[132.459189,34.393156],[132.459814,34.391127],[132.460912,34.389616]]]},"properties":{}},"extra":false},
    {"code":9971009,"id":8428,"name":"紙屋町東","original_name":"紙屋町東","name_kana":"かみやちょうひがし","closed":false,"lat":34.395101,"lng":132.458167,"prefecture":34,"numbering":["M07"],"lines":[99710,99711,99714],"attr":"cool","postal_code":"730-0031","address":"広島市中区紙屋町","voronoi":{"type":"Feature","geometry":{"type":"Polygon","coordinates":[[[132.459189,34.393156],[132.457314,34.394422],[132.457778,34.395997],[132.459734,34.395926],[132.459189,34.393156]]]},"properties":{}},"extra":false},
    {"code":9971110,"id":8447,"name":"紙屋町西","original_name":"紙屋町西","name_kana":"かみやちょうにし","closed":false,"lat":34.395455,"lng":132.456965,"prefecture":34,"numbering":["M08"],"lines":[99711,99712,99714,99715],"attr":"cool","postal_code":"730-0031","address":"広島市中区紙屋町","voronoi":{"type":"Feature","geometry":{"type":"Polygon","coordinates":[[[132.457778,34.395997],[132.455881,34.397702],[132.45511,34.394382],[132.457314,34.394422],[132.457778,34.395997]]]},"properties":{}},"extra":false},
    {"code":9971111,"id":8448,"name":"原爆ドーム前","original_name":"原爆ドーム前","name_kana":"げんばくどーむまえ","closed":false,"lat":34.396163,"lng":132.453918,"prefecture":34,"numbering":["M09"],"lines":[99711,99712,99714,99715],"attr":"cool","postal_code":"730-0051","address":"広島市中区大手町１","voronoi":{"type":"Feature","geometry":{"type":"Polygon","coordinates":[[[132.455881,34.397702],[132.45511,34.394382],[132.454047,34.393205],[132.451137,34.391862],[132.453249,34.40117],[132.454434,34.401856],[132.455282,34.401398],[132.455881,34.397702]]]},"properties":{}},"extra":false},
    {"code":9971112,"id":8449,"name":"本川町","original_name":"本川町","name_kana":"ほんかわちょう","closed":false,"lat":34.396942,"lng":132.450485,"prefecture":34,"numbering":["M10"],"lines":[99711,99712,99714,99715],"attr":"cool","postal_code":"730-0802","address":"広島市中区本川町１","voronoi":{"type":"Feature","geometry":{"type":"Polygon","coordinates":[[[132.453249,34.40117],[132.451137,34.391862],[132.450913,34.391639],[132.450659,34.391486],[132.448569,34.39555],[132.449065,34.3989],[132.453025,34.401132],[132.453249,34.40117]]]},"properties":{}},"extra":false},
    {"code":9971113,"id":8450,"name":"十日市町","original_name":"十日市町","name_kana":"とうかいちまち","closed":false,"lat":34.397438,"lng":132.447138,"prefecture":34,"numbering":["M11"],"lines":[99711,99712,99714,99715,99716],"attr":"cool","postal_code":"730-0805","address":"広島市中区十日市町１","voronoi":{"type":"Feature","geometry":{"type":"Polygon","coordinates":[[[132.44503,34.396645],[132.448569,34.39555],[132.449065,34.3989],[132.442379,34.400688],[132.443084,34.398607],[132.44503,34.396645]]]},"properties":{}},"extra":false},
    {"code":9971114,"id":8451,"name":"土橋(広島)","original_name":"土橋","name_kana":"どばし","closed":false,"lat":34.3948,"lng":132.446322,"prefecture":34,"numbering":["M12"],"lines":[99711,99712,99714,99716],"attr":"cool","postal_code":"730-0853","address":"広島市中区堺町２","voronoi":{"type":"Feature","geometry":{"type":"Polygon","coordinates":[[[132.44503,34.396645],[132.448569,34.39555],[132.450659,34.391486],[132.450242,34.390857],[132.445595,34.392018],[132.44503,34.396645]]]},"properties":{}},"extra":false},
    {"code":9971415,"id":8487,"name":"舟入町","original_name":"舟入町","name_kana":"ふないりまち","closed":false,"lat":34.389222,"lng":132.444928,"prefecture":34,"numbering":["E01"],"lines":[99714,99716],"attr":"heat","postal_code":"730-0841","address":"広島市中区舟入町","voronoi":{"type":"Feature","geometry":{"type":"Polygon","coordinates":[[[132.445595,34.392018],[132.450242,34.390857],[132.450158,34.388877],[132.449069,34.385777],[132.448289,34.384565],[132.43986,34.389844],[132.440143,34.390324],[132.441774,34.39151],[132.445595,34.392018]]]},"properties":{}},"extra":false},
    {"code":9971416,"id":8488,"name":"舟入本町","original_name":"舟入本町","name_kana":"ふないりほんまち","closed":false,"lat":34.385556,"lng":132.442632,"prefecture":34,"numbering":["E02"],"lines":[99714,99716],"attr":"heat","postal_code":"730-0843","address":"広島市中区舟入本町","voronoi":{"type":"Feature","geometry":{"type":"Polygon","coordinates":[[[132.436585,34.387599],[132.44759,34.380856],[132.448289,34.384565],[132.43986,34.389844],[132.436585,34.387599]]]},"properties":{}},"extra":false},
    {"code":9971417,"id":8489,"name":"舟入幸町","original_name":"舟入幸町","name_kana":"ふないりさいわいちょう","closed":false,"lat":34.383139,"lng":132.441151,"prefecture":34,"numbering":["E03"],"lines":[99714,99716],"attr":"heat","postal_code":"730-0844","address":"広島市中区舟入幸町","voronoi":{"type":"Feature","geometry":{"type":"Polygon","coordinates":[[[132.44759,34.380856],[132.447669,34.377404],[132.432884,34.386134],[132.436585,34.387599],[132.44759,34.380856]]]},"properties":{}},"extra":false},
    {"code":9971418,"id":8490,"name":"舟入川口町","original_name":"舟入川口町","name_kana":"ふないりかわぐちちょう","closed":false,"lat":34.380341,"lng":132.439499,"prefecture":34,"numbering":["E04"],"lines":[99714,99716],"attr":"heat","postal_code":"730-0847","address":"広島市中区舟入南１","voronoi":{"type":"Feature","geometry":{"type":"Polygon","coordinates":[[[132.447835,34.37663],[132.447669,34.377404],[132.432884,34.386134],[132.432511,34.386061],[132.429016,34.384725],[132.427611,34.382386],[132.44795,34.373559],[132.447835,34.37663]]]},"properties":{}},"extra":false},
    {"code":9971419,"id":8491,"name":"舟入南","original_name":"舟入南","name_kana":"ふないりみなみ","closed":false,"lat":34.375099,"lng":132.437224,"prefecture":34,"numbering":["E05"],"lines":[99714,99716],"attr":"cool","postal_code":"730-0847","address":"広島市中区舟入南５","voronoi":{"type":"Feature","geometry":{"type":"Polygon","coordinates":[[[132.448474,34.369262],[132.448482,34.368427],[132.424729,34.379194],[132.425515,34.380268],[132.427611,34.382386],[132.44795,34.373559],[132.448038,34.373277],[132.448474,34.369262]]]},"properties":{}},"extra":false},
    {"code":9971420,"id":8492,"name":"江波(広島)","original_name":"江波","name_kana":"えば","closed":false,"lat":34.372496,"lng":132.436044,"prefecture":34,"numbering":["E06"],"lines":[99714,99716],"attr":"cool","postal_code":"730-0832","address":"広島市中区江波東１","voronoi":{"type":"Feature","geometry":{"type":"Polygon","coordinates":[[[132.417508,34.368326],[132.421808,34.376003],[132.424729,34.379194],[132.448482,34.368427],[132.448806,34.365721],[132.411555,34.329603],[132.411467,34.335524],[132.411572,34.337103],[132.4148,34.358767],[132.417508,34.368326]]]},"properties":{}},"extra":false}
  ],
  "extra":false
}