{
  "code":99726,
  "id":"802d27",
  "name":"尾道鉄道",
  "name_kana":"おのみちてつどう",
  "name_formal":"尾道鉄道線",
  "station_size":17,
  "closed":true,
  "station_list":[
    {"code":1161018,"id":"7b0a3f","name":"尾道","original_name":"尾道","name_kana":"おのみち","closed":false,"lat":34.404826,"lng":133.192884,"prefecture":34,"lines":[11610,99726],"attr":"cool","postal_code":"722-0036","address":"尾道市東御所町","voronoi":{"type":"Feature","geometry":{"type":"Polygon","coordinates":[[[133.199272,34.414287],[133.191528,34.407807],[133.178404,34.261533],[133.206968,34.171843],[133.362936,34.219324],[133.213716,34.418958],[133.211095,34.418592],[133.203162,34.416264],[133.199272,34.414287]]]},"properties":{}},"extra":false},
    {"code":9972602,"id":"160a33","name":"西尾道","original_name":"西尾道","name_kana":"にしおのみち","closed":true,"lat":34.405115,"lng":133.189663,"prefecture":34,"lines":[99726],"postal_code":"722-0038","address":"広島県尾道市天満町５-１７","open_date":"1925-11-01","closed_date":"1964-08-01","voronoi":{"type":"Feature","geometry":{"type":"Polygon","coordinates":[[[133.158406,34.321969],[133.146858,34.399662],[133.191528,34.407807],[133.178404,34.261533],[133.158406,34.321969]]]},"properties":{}},"extra":true},
    {"code":9972603,"id":"40a46e","name":"地方事務所裏","original_name":"地方事務所裏","name_kana":"ちほうじむしょうら","closed":true,"lat":34.409667,"lng":133.188833,"prefecture":34,"lines":[99726],"postal_code":"722-0026","address":"広島県尾道市栗原西１丁目８-２４","open_date":"1933-07-01","closed_date":"1964-08-01","voronoi":{"type":"Feature","geometry":{"type":"Polygon","coordinates":[[[133.145966,34.404034],[133.146858,34.399662],[133.191528,34.407807],[133.199272,34.414287],[133.145966,34.404034]]]},"properties":{}},"extra":true},
    {"code":9972604,"id":"14a616","name":"青山病院前","original_name":"青山病院前","name_kana":"あおやまびょういんまえ","closed":true,"lat":34.414705,"lng":133.187864,"prefecture":34,"lines":[99726],"postal_code":"722-0026","address":"広島県尾道市栗原西２丁目８-１","open_date":"1933-07-01","closed_date":"1964-08-01","voronoi":{"type":"Feature","geometry":{"type":"Polygon","coordinates":[[[133.199272,34.414287],[133.145966,34.404034],[133.142068,34.418654],[133.146844,34.420957],[133.203162,34.416264],[133.199272,34.414287]]]},"properties":{}},"extra":true},
    {"code":9972605,"id":"396937","name":"宮ノ前(広島)","original_name":"宮ノ前","name_kana":"みやのまえ","closed":true,"lat":34.420333,"lng":133.188333,"prefecture":34,"lines":[99726],"postal_code":"722-0023","address":"広島県尾道市東則末町３-１３","open_date":"1926-01-07","closed_date":"1964-08-01","voronoi":{"type":"Feature","geometry":{"type":"Polygon","coordinates":[[[133.203162,34.416264],[133.146844,34.420957],[133.162171,34.429679],[133.211095,34.418592],[133.203162,34.416264]]]},"properties":{}},"extra":true},
    {"code":9972606,"id":"778a04","name":"栗原","original_name":"栗原","name_kana":"くりはら","closed":true,"lat":34.426833,"lng":133.189806,"prefecture":34,"lines":[99726],"postal_code":"722-0022","address":"広島県尾道市栗原町８５２２","open_date":"1925-11-01","closed_date":"1964-08-01","voronoi":{"type":"Feature","geometry":{"type":"Polygon","coordinates":[[[133.166346,34.432121],[133.212607,34.424893],[133.213716,34.418958],[133.211095,34.418592],[133.162171,34.429679],[133.163946,34.430994],[133.166346,34.432121]]]},"properties":{}},"extra":true},
    {"code":9972607,"id":"b2a909","name":"尾道高校下","original_name":"尾道高校下","name_kana":"おのみちこうこうした","closed":true,"lat":34.434722,"lng":133.191083,"prefecture":34,"lines":[99726],"postal_code":"722-0022","address":"広島県尾道市栗原町９６９９","open_date":"1933-07-01","closed_date":"1964-08-01","voronoi":{"type":"Feature","geometry":{"type":"Polygon","coordinates":[[[133.172283,34.435411],[133.181877,34.442457],[133.206801,34.429693],[133.172283,34.435411]]]},"properties":{}},"extra":true},
    {"code":9972608,"id":"ae0ff4","name":"三美園","original_name":"三美園","name_kana":"さんびえん","closed":true,"lat":34.439508,"lng":133.193534,"prefecture":34,"lines":[99726],"postal_code":"722-0215","address":"広島県尾道市美ノ郷町三成３０７５","open_date":"1953-03-15","closed_date":"1964-08-01","voronoi":{"type":"Feature","geometry":{"type":"Polygon","coordinates":[[[133.181877,34.442457],[133.185071,34.446159],[133.186374,34.446428],[133.214148,34.444134],[133.212268,34.427834],[133.206801,34.429693],[133.181877,34.442457]]]},"properties":{}},"extra":true},
    {"code":9972609,"id":"3f771d","name":"三成","original_name":"三成","name_kana":"みなり","closed":true,"lat":34.452079,"lng":133.194572,"prefecture":34,"lines":[99726],"postal_code":"722-0215","address":"広島県尾道市美ノ郷町三成１１７０","open_date":"1925-11-01","closed_date":"1964-08-01","voronoi":{"type":"Feature","geometry":{"type":"Polygon","coordinates":[[[133.186374,34.446428],[133.214148,34.444134],[133.226927,34.472906],[133.227347,34.49689],[133.186374,34.446428]]]},"properties":{}},"extra":true},
    {"code":9972610,"id":"0c14fc","name":"木梨口","original_name":"木梨口","name_kana":"きなしぐち","closed":true,"lat":34.455611,"lng":133.190222,"prefecture":34,"lines":[99726],"postal_code":"722-0215","address":"広島県尾道市美ノ郷町三成８６９−３","open_date":"1932-04-01","closed_date":"1964-08-01","voronoi":{"type":"Feature","geometry":{"type":"Polygon","coordinates":[[[133.186374,34.446428],[133.227347,34.49689],[133.227587,34.500409],[133.207771,34.503432],[133.195535,34.492097],[133.184726,34.448334],[133.185071,34.446159],[133.186374,34.446428]]]},"properties":{}},"extra":true},
    {"code":9972611,"id":"6e904b","name":"遊亀橋","original_name":"遊亀橋","name_kana":"ゆうきばし","closed":true,"lat":34.457333,"lng":133.18325,"prefecture":34,"lines":[99726],"postal_code":"722-0213","address":"広島県尾道市美ノ郷町白江","open_date":"1933-07-01","closed_date":"1964-08-01","voronoi":{"type":"Feature","geometry":{"type":"Polygon","coordinates":[[[133.174998,34.472395],[133.175219,34.463436],[133.184726,34.448334],[133.195535,34.492097],[133.177557,34.478439],[133.174998,34.472395]]]},"properties":{}},"extra":true},
    {"code":9972612,"id":"efe421","name":"木頃本郷","original_name":"木頃本郷","name_kana":"きごろほんごう","closed":true,"lat":34.453556,"lng":133.17725,"prefecture":34,"lines":[99726],"postal_code":"722-0212","address":"広島県尾道市美ノ郷町本郷１２４５−２７","open_date":"1925-11-01","closed_date":"1964-08-01","voronoi":{"type":"Feature","geometry":{"type":"Polygon","coordinates":[[[133.184726,34.448334],[133.175219,34.463436],[133.163946,34.430994],[133.166346,34.432121],[133.172283,34.435411],[133.181877,34.442457],[133.185071,34.446159],[133.184726,34.448334]]]},"properties":{}},"extra":true},
    {"code":9972613,"id":"82bf7b","name":"石畦","original_name":"石畦","name_kana":"いしぐろ","closed":true,"lat":34.456944,"lng":133.1675,"prefecture":34,"lines":[99726],"postal_code":"722-0232","address":"広島県尾道市木ノ庄町木門田７５５","open_date":"1925-11-01","closed_date":"1964-08-01","voronoi":{"type":"Feature","geometry":{"type":"Polygon","coordinates":[[[133.175219,34.463436],[133.174998,34.472395],[133.12752,34.432902],[133.142068,34.418654],[133.146844,34.420957],[133.162171,34.429679],[133.163946,34.430994],[133.175219,34.463436]]]},"properties":{}},"extra":true},
    {"code":9972614,"id":"4d5afc","name":"西校上","original_name":"西校上","name_kana":"にしこううえ","closed":true,"lat":34.467836,"lng":133.15844,"prefecture":34,"lines":[99726],"postal_code":"722-0232","address":"広島県尾道市木ノ庄町木門田１４９６","closed_date":"1957-02-01","voronoi":{"type":"Feature","geometry":{"type":"Polygon","coordinates":[[[133.148573,34.478852],[133.104041,34.452859],[133.111771,34.444205],[133.12752,34.432902],[133.174998,34.472395],[133.177557,34.478439],[133.148573,34.478852]]]},"properties":{}},"extra":true},
    {"code":9972615,"id":"e6d3db","name":"畑","original_name":"畑","name_kana":"はたけ","closed":true,"lat":34.489583,"lng":133.15875,"prefecture":34,"lines":[99726],"postal_code":"722-0231","address":"広島県尾道市木ノ庄町畑１２９０−１","open_date":"1926-04-28","closed_date":"1957-02-01","voronoi":{"type":"Feature","geometry":{"type":"Polygon","coordinates":[[[133.207771,34.503432],[133.195535,34.492097],[133.177557,34.478439],[133.148573,34.478852],[133.153033,34.499147],[133.186997,34.518366],[133.207771,34.503432]]]},"properties":{}},"extra":true},
    {"code":9972616,"id":"e7ae80","name":"諸原","original_name":"諸原","name_kana":"もろはら","closed":true,"lat":34.492861,"lng":133.143833,"prefecture":34,"lines":[99726],"postal_code":"722-0311","address":"広島県尾道市御調町市５５０","open_date":"1926-04-28","closed_date":"1957-02-01","voronoi":{"type":"Feature","geometry":{"type":"Polygon","coordinates":[[[133.153033,34.499147],[133.023195,34.530939],[133.043563,34.492654],[133.104041,34.452859],[133.148573,34.478852],[133.153033,34.499147]]]},"properties":{}},"extra":true},
    {"code":9972617,"id":"3f1cd0","name":"市","original_name":"市","name_kana":"いち","closed":true,"lat":34.508972,"lng":133.147778,"prefecture":34,"lines":[99726],"postal_code":"722-0311","address":"広島県尾道市御調町市３０３","open_date":"1926-04-28","closed_date":"1957-02-01","voronoi":{"type":"Feature","geometry":{"type":"Polygon","coordinates":[[[133.163675,34.547946],[133.186997,34.518366],[133.153033,34.499147],[133.023195,34.530939],[133.020185,34.535799],[133.042917,34.542861],[133.150726,34.550971],[133.163675,34.547946]]]},"properties":{}},"extra":true}
  ],
  "closed_date":"1964-08-01",
  "extra":true
}