{
  "code":99729,
  "id":2168,
  "name":"長門鉄道",
  "name_kana":"ながとてつどう",
  "station_size":10,
  "closed":true,
  "station_list":[
    {"code":1161232,"id":2947,"name":"小月","original_name":"小月","name_kana":"おづき","closed":false,"lat":34.067907,"lng":131.033038,"prefecture":35,"lines":[11612,99729],"attr":"heat","postal_code":"750-1143","address":"下関市小月駅前１丁目","voronoi":{"type":"Feature","geometry":{"type":"Polygon","coordinates":[[[131.063607,34.069044],[131.047303,34.022197],[130.971342,34.074557],[130.968755,34.089177],[130.968775,34.09042],[130.973099,34.099119],[130.991976,34.098201],[131.029618,34.094051],[131.063607,34.069044]]]},"properties":{}},"extra":false},
    {"code":9972902,"id":21611,"name":"下大野","original_name":"下大野","name_kana":"しもおおの","closed":true,"lat":34.098567,"lng":131.055595,"prefecture":35,"lines":[99729],"postal_code":"750-0312","address":"山口県下関市菊川町大字下大野２７２−１","open_date":"1918-10-07","closed_date":"1956-05-01","voronoi":{"type":"Feature","geometry":{"type":"Polygon","coordinates":[[[131.029618,34.094051],[131.036299,34.099639],[131.101713,34.128374],[131.106683,34.096314],[131.063607,34.069044],[131.029618,34.094051]]]},"properties":{}},"extra":true},
    {"code":9972903,"id":21612,"name":"上大野","original_name":"上大野","name_kana":"かみおおの","closed":true,"lat":34.114575,"lng":131.048563,"prefecture":35,"lines":[99729],"postal_code":"750-0311","address":"山口県下関市菊川町大字上大野","open_date":"1918-10-07","closed_date":"1956-05-01","voronoi":{"type":"Feature","geometry":{"type":"Polygon","coordinates":[[[131.072053,34.138239],[131.048083,34.127144],[131.036299,34.099639],[131.101713,34.128374],[131.10176,34.136162],[131.08226,34.139704],[131.072053,34.138239]]]},"properties":{}},"extra":true},
    {"code":9972904,"id":21613,"name":"田部","original_name":"田部","name_kana":"たべ","closed":true,"lat":34.118821,"lng":131.038652,"prefecture":35,"lines":[99729],"postal_code":"750-0313","address":"山口県下関市菊川町大字田部５９０−６","open_date":"1918-10-07","closed_date":"1956-05-01","voronoi":{"type":"Feature","geometry":{"type":"Polygon","coordinates":[[[130.991976,34.098201],[131.047947,34.127145],[131.048083,34.127144],[131.036299,34.099639],[131.029618,34.094051],[130.991976,34.098201]]]},"properties":{}},"extra":true},
    {"code":9972905,"id":21614,"name":"岡枝","original_name":"岡枝","name_kana":"おかえだ","closed":true,"lat":34.124371,"lng":131.035782,"prefecture":35,"lines":[99729],"postal_code":"750-0317","address":"山口県下関市菊川町大字下岡枝３４２−３","open_date":"1918-10-07","closed_date":"1956-05-01","voronoi":{"type":"Feature","geometry":{"type":"Polygon","coordinates":[[[130.980329,34.143232],[130.973307,34.106089],[130.973099,34.099119],[130.991976,34.098201],[131.047947,34.127145],[130.981126,34.145101],[130.980329,34.143232]]]},"properties":{}},"extra":true},
    {"code":9972906,"id":21615,"name":"込堂","original_name":"込堂","name_kana":"こみどう","closed":true,"lat":34.135643,"lng":131.038811,"prefecture":35,"lines":[99729],"postal_code":"750-0317","address":"山口県下関市菊川町大字下岡枝８８４−３","open_date":"1918-10-07","closed_date":"1956-05-01","voronoi":{"type":"Feature","geometry":{"type":"Polygon","coordinates":[[[130.981126,34.145101],[131.047947,34.127145],[131.048083,34.127144],[131.072053,34.138239],[130.984876,34.157097],[130.981126,34.145101]]]},"properties":{}},"extra":true},
    {"code":9972907,"id":21616,"name":"西中山","original_name":"西中山","name_kana":"にしなかやま","closed":true,"lat":34.154342,"lng":131.042856,"prefecture":35,"lines":[99729],"postal_code":"750-0301","address":"山口県下関市菊川町大字西中山","open_date":"1918-10-07","closed_date":"1956-05-01","voronoi":{"type":"Feature","geometry":{"type":"Polygon","coordinates":[[[131.072053,34.138239],[130.984876,34.157097],[130.988495,34.183252],[130.999444,34.205224],[131.005822,34.201255],[131.08226,34.139704],[131.072053,34.138239]]]},"properties":{}},"extra":true},
    {"code":9972908,"id":21617,"name":"石町","original_name":"石町","name_kana":"いしまち","closed":true,"lat":34.175079,"lng":131.059554,"prefecture":35,"lines":[99729],"postal_code":"750-0454","address":"山口県下関市豊田町大字西長野２１","open_date":"1918-10-07","closed_date":"1956-05-01","voronoi":{"type":"Feature","geometry":{"type":"Polygon","coordinates":[[[131.112446,34.164471],[131.005822,34.201255],[131.08226,34.139704],[131.10176,34.136162],[131.104471,34.140378],[131.113208,34.164062],[131.112446,34.164471]]]},"properties":{}},"extra":true},
    {"code":9972909,"id":21618,"name":"阿座上","original_name":"阿座上","name_kana":"あざかみ","closed":true,"lat":34.188732,"lng":131.064264,"prefecture":35,"lines":[99729],"postal_code":"750-0451","address":"山口県下関市豊田町大字阿座上１９９−１","open_date":"1928-04-25","closed_date":"1956-05-01","voronoi":{"type":"Feature","geometry":{"type":"Polygon","coordinates":[[[131.005822,34.201255],[130.999444,34.205224],[131.004021,34.234572],[131.008354,34.239942],[131.112446,34.164471],[131.005822,34.201255]]]},"properties":{}},"extra":true},
    {"code":9972910,"id":21619,"name":"西市","original_name":"西市","name_kana":"にしいち","closed":true,"lat":34.202723,"lng":131.074408,"prefecture":35,"lines":[99729],"postal_code":"750-0424","address":"山口県下関市豊田町大字矢田１７６","open_date":"1918-10-07","closed_date":"1956-05-01","voronoi":{"type":"Feature","geometry":{"type":"Polygon","coordinates":[[[131.134611,34.245577],[131.119973,34.173074],[131.113208,34.164062],[131.112446,34.164471],[131.008354,34.239942],[131.036286,34.284018],[131.041693,34.286052],[131.09307,34.29116],[131.129295,34.264204],[131.130154,34.263239],[131.134611,34.245577]]]},"properties":{}},"extra":true}
  ],
  "closed_date":"1956-05-01",
  "extra":true
}