{
  "code":99721,
  "id":2159,
  "name":"一畑電気鉄道立久恵線",
  "name_kana":"いちばたでんきてつどうたちくえせん",
  "station_size":11,
  "closed":true,
  "station_list":[
    {"code":1170113,"id":3367,"name":"出雲市","original_name":"出雲市","name_kana":"いずもし","closed":false,"lat":35.360694,"lng":132.756518,"prefecture":32,"lines":[11701,11726,99721],"attr":"cool","postal_code":"693-0001","address":"出雲市今市町","voronoi":{"type":"Feature","geometry":{"type":"Polygon","coordinates":[[[132.75649,35.348819],[132.737822,35.369001],[132.737845,35.371174],[132.751958,35.375803],[132.760862,35.350235],[132.75649,35.348819]]]},"properties":{}},"extra":false},
    {"code":9972102,"id":21515,"name":"古志町","original_name":"古志町","name_kana":"こしまち","closed":true,"lat":35.349715,"lng":132.744648,"prefecture":32,"lines":[99721],"postal_code":"693-0021","address":"島根県出雲市塩冶町４１２−１０","open_date":"1932-12-12","closed_date":"1965-02-18","voronoi":{"type":"Feature","geometry":{"type":"Polygon","coordinates":[[[132.743836,35.326123],[132.743827,35.326116],[132.728939,35.348935],[132.737822,35.369001],[132.75649,35.348819],[132.743836,35.326123]]]},"properties":{}},"extra":true},
    {"code":9972103,"id":21516,"name":"馬木不動前","original_name":"馬木不動前","name_kana":"まきふどうまえ","closed":true,"lat":35.339217,"lng":132.763478,"prefecture":32,"lines":[99721],"postal_code":"693-0211","address":"島根県出雲市馬木北町１９","open_date":"1932-12-12","closed_date":"1965-02-18","voronoi":{"type":"Feature","geometry":{"type":"Polygon","coordinates":[[[132.760862,35.350235],[132.764195,35.351104],[132.781796,35.349086],[132.760171,35.328291],[132.743836,35.326123],[132.75649,35.348819],[132.760862,35.350235]]]},"properties":{}},"extra":true},
    {"code":9972104,"id":21517,"name":"朝山","original_name":"朝山","name_kana":"あさやま","closed":true,"lat":35.331168,"lng":132.771218,"prefecture":32,"lines":[99721],"postal_code":"693-0213","address":"島根県出雲市朝山町２１４","open_date":"1932-12-12","closed_date":"1965-02-18","voronoi":{"type":"Feature","geometry":{"type":"Polygon","coordinates":[[[132.803585,35.347652],[132.783218,35.349312],[132.781796,35.349086],[132.760171,35.328291],[132.832777,35.299367],[132.839355,35.322919],[132.803585,35.347652]]]},"properties":{}},"extra":true},
    {"code":9972105,"id":21518,"name":"桜(島根)","original_name":"桜","name_kana":"さくら","closed":true,"lat":35.318607,"lng":132.766214,"prefecture":32,"lines":[99721],"postal_code":"693-0214","address":"島根県出雲市所原町２４９−４","open_date":"1933-10-15","closed_date":"1965-02-18","voronoi":{"type":"Feature","geometry":{"type":"Polygon","coordinates":[[[132.832719,35.299037],[132.750165,35.316089],[132.741638,35.320151],[132.743827,35.326116],[132.743836,35.326123],[132.760171,35.328291],[132.832777,35.299367],[132.832719,35.299037]]]},"properties":{}},"extra":true},
    {"code":9972106,"id":21519,"name":"所原","original_name":"所原","name_kana":"ところはら","closed":true,"lat":35.307419,"lng":132.763903,"prefecture":32,"lines":[99721],"postal_code":"693-0214","address":"島根県出雲市所原町１６６６−１","open_date":"1932-12-12","closed_date":"1965-02-18","voronoi":{"type":"Feature","geometry":{"type":"Polygon","coordinates":[[[132.750165,35.316089],[132.826935,35.236436],[132.832719,35.299037],[132.750165,35.316089]]]},"properties":{}},"extra":true},
    {"code":9972107,"id":21520,"name":"殿森","original_name":"殿森","name_kana":"とのもり","closed":true,"lat":35.302041,"lng":132.758323,"prefecture":32,"lines":[99721],"postal_code":"693-0214","address":"島根県出雲市所原町","open_date":"1955-03-24","closed_date":"1965-02-18","voronoi":{"type":"Feature","geometry":{"type":"Polygon","coordinates":[[[132.826935,35.236436],[132.825126,35.201203],[132.757669,35.274253],[132.740119,35.318466],[132.741638,35.320151],[132.750165,35.316089],[132.826935,35.236436]]]},"properties":{}},"extra":true},
    {"code":9972108,"id":21521,"name":"立久恵峡","original_name":"立久恵峡","name_kana":"たちくえきょう","closed":true,"lat":35.294028,"lng":132.738136,"prefecture":32,"lines":[99721],"postal_code":"693-0216","address":"島根県出雲市乙立町５２７１","open_date":"1932-12-12","closed_date":"1965-02-18","voronoi":{"type":"Feature","geometry":{"type":"Polygon","coordinates":[[[132.719212,35.308374],[132.735321,35.284335],[132.757669,35.274253],[132.740119,35.318466],[132.721576,35.311094],[132.719212,35.308374]]]},"properties":{}},"extra":true},
    {"code":9972109,"id":21522,"name":"乙立","original_name":"乙立","name_kana":"おつたち","closed":true,"lat":35.285417,"lng":132.725286,"prefecture":32,"lines":[99721],"postal_code":"693-0216","address":"島根県出雲市乙立町３１１８","open_date":"1932-12-12","closed_date":"1965-02-18","voronoi":{"type":"Feature","geometry":{"type":"Polygon","coordinates":[[[132.689703,35.279772],[132.711454,35.272829],[132.735321,35.284335],[132.719212,35.308374],[132.703594,35.299359],[132.689703,35.279772]]]},"properties":{}},"extra":true},
    {"code":9972110,"id":21523,"name":"向名","original_name":"向名","name_kana":"むかいみょう","closed":true,"lat":35.27581,"lng":132.729917,"prefecture":32,"lines":[99721],"postal_code":"693-0216","address":"島根県出雲市乙立町２４９５","open_date":"1933-04-01","closed_date":"1965-02-18","voronoi":{"type":"Feature","geometry":{"type":"Polygon","coordinates":[[[132.711454,35.272829],[132.735321,35.284335],[132.757669,35.274253],[132.825126,35.201203],[132.825816,35.194911],[132.711454,35.272829]]]},"properties":{}},"extra":true},
    {"code":9972111,"id":21524,"name":"出雲須佐","original_name":"出雲須佐","name_kana":"いづもすさ","closed":true,"lat":35.254556,"lng":132.715436,"prefecture":32,"lines":[99721],"postal_code":"693-0506","address":"島根県出雲市佐田町反邊１６１４","open_date":"1932-12-12","closed_date":"1965-02-18","voronoi":{"type":"Feature","geometry":{"type":"Polygon","coordinates":[[[132.839386,35.107516],[132.835971,35.090151],[132.649235,35.166829],[132.638877,35.173797],[132.673337,35.271092],[132.689703,35.279772],[132.711454,35.272829],[132.825816,35.194911],[132.834713,35.15355],[132.839386,35.107516]]]},"properties":{}},"extra":true}
  ],
  "closed_date":"1965-02-18",
  "extra":true
}