{
  "code":99723,
  "id":2161,
  "name":"岡山臨港鉄道",
  "name_kana":"おかやまりんこうてつどう",
  "station_size":8,
  "closed":true,
  "station_list":[
    {"code":1170902,"id":3569,"name":"大元","original_name":"大元","name_kana":"おおもと","closed":false,"lat":34.647571,"lng":133.910795,"prefecture":33,"lines":[11709,99723],"attr":"heat","postal_code":"700-0923","address":"岡山市大元駅前","voronoi":{"type":"Feature","geometry":{"type":"Polygon","coordinates":[[[133.916026,34.656342],[133.914643,34.657084],[133.908969,34.6594],[133.898915,34.6543],[133.896973,34.645177],[133.903996,34.640411],[133.92024,34.642565],[133.917021,34.654293],[133.916381,34.655728],[133.916026,34.656342]]]},"properties":{}},"extra":false},
    {"code":9972302,"id":21532,"name":"岡南新保","original_name":"岡南新保","name_kana":"こうなんしんぽう","closed":true,"lat":34.63527,"lng":133.912426,"prefecture":33,"lines":[99723],"postal_code":"700-0945","address":"岡山県岡山市南区新保２９６−８","open_date":"1951-10-20","closed_date":"1984-12-30","voronoi":{"type":"Feature","geometry":{"type":"Polygon","coordinates":[[[133.92024,34.642565],[133.903996,34.640411],[133.907078,34.630269],[133.930953,34.632813],[133.931634,34.63328],[133.92024,34.642565]]]},"properties":{}},"extra":true},
    {"code":9972303,"id":21533,"name":"岡南泉田","original_name":"岡南泉田","name_kana":"こうなんいずみた","closed":true,"lat":34.626507,"lng":133.91336,"prefecture":33,"lines":[99723],"postal_code":"700-0944","address":"岡山県岡山市南区泉田１丁目８-５０","open_date":"1951-08-01","closed_date":"1984-12-30","voronoi":{"type":"Feature","geometry":{"type":"Polygon","coordinates":[[[133.930953,34.632813],[133.900368,34.598765],[133.897759,34.60479],[133.907078,34.630269],[133.930953,34.632813]]]},"properties":{}},"extra":true},
    {"code":9972304,"id":21534,"name":"岡南福田","original_name":"岡南福田","name_kana":"こうなんふくだ","closed":true,"lat":34.614647,"lng":133.926563,"prefecture":33,"lines":[99723],"postal_code":"702-8026","address":"岡山県岡山市南区浦安本町５","open_date":"1951-08-01","closed_date":"1984-12-30","voronoi":{"type":"Feature","geometry":{"type":"Polygon","coordinates":[[[133.924652,34.573205],[133.905213,34.574866],[133.903022,34.575746],[133.900368,34.598765],[133.930953,34.632813],[133.931634,34.63328],[133.939437,34.633439],[133.939651,34.633376],[133.927164,34.578023],[133.924652,34.573205]]]},"properties":{}},"extra":true},
    {"code":9972305,"id":21535,"name":"並木町","original_name":"並木町","name_kana":"なみきちょう","closed":true,"lat":34.610842,"lng":133.94343,"prefecture":33,"lines":[99723],"postal_code":"702-8058","address":"岡山県岡山市南区並木町２丁目１１-６０","open_date":"1951-08-01","closed_date":"1984-12-30","voronoi":{"type":"Feature","geometry":{"type":"Polygon","coordinates":[[[133.934431,34.58633],[133.927164,34.578023],[133.939651,34.633376],[133.940986,34.633512],[133.954508,34.633712],[133.942117,34.600094],[133.934431,34.58633]]]},"properties":{}},"extra":true},
    {"code":9972306,"id":21536,"name":"岡南元町","original_name":"岡南元町","name_kana":"こうなんもとまち","closed":true,"lat":34.609123,"lng":133.948094,"prefecture":33,"lines":[99723],"postal_code":"702-8047","address":"岡山県岡山市南区若葉町２８-３８","open_date":"1968-10-01","closed_date":"1984-12-30","voronoi":{"type":"Feature","geometry":{"type":"Polygon","coordinates":[[[133.942117,34.600094],[133.974988,34.636031],[133.954508,34.633712],[133.942117,34.600094]]]},"properties":{}},"extra":true},
    {"code":9972307,"id":21537,"name":"南岡山","original_name":"南岡山","name_kana":"みなみおかやま","closed":true,"lat":34.60685,"lng":133.950579,"prefecture":33,"lines":[99723],"postal_code":"702-8051","address":"岡山県岡山市南区築港元町５-１３","open_date":"1947-02-17","closed_date":"1984-12-30","voronoi":{"type":"Feature","geometry":{"type":"Polygon","coordinates":[[[133.934431,34.58633],[133.985899,34.629206],[133.978172,34.636535],[133.974988,34.636031],[133.942117,34.600094],[133.934431,34.58633]]]},"properties":{}},"extra":true},
    {"code":9972308,"id":21538,"name":"岡山港","original_name":"岡山港","name_kana":"おかやまこう","closed":true,"lat":34.598505,"lng":133.957531,"prefecture":33,"lines":[99723],"postal_code":"702-8051","address":"岡山県岡山市南区築港元町１０-１１","open_date":"1951-08-01","closed_date":"1984-12-30","voronoi":{"type":"Feature","geometry":{"type":"Polygon","coordinates":[[[133.934431,34.58633],[133.985899,34.629206],[134.01484,34.608166],[134.052557,34.560847],[134.062577,34.542816],[134.025075,34.544202],[133.953473,34.556716],[133.924652,34.573205],[133.927164,34.578023],[133.934431,34.58633]]]},"properties":{}},"extra":true}
  ],
  "closed_date":"1984-12-30",
  "extra":true
}