{
  "code":99808,
  "id":"459afe",
  "name":"伊予鉄道１系統(環状線)",
  "name_kana":"いよてつどういちけいとう(かんじょうせん)",
  "name_formal":"伊予鉄道１系統",
  "station_size":21,
  "company_code":226,
  "closed":false,
  "color":"#006600",
  "station_list":[
    {"code":9980801,"id":"ebdcbd","name":"松山市駅","original_name":"松山市駅","name_kana":"まつやましえき","closed":false,"lat":33.836148,"lng":132.762587,"prefecture":38,"numbering":["01"],"lines":[99808,99809,99810,99812],"attr":"eco","postal_code":"790-0012","address":"松山市湊町５","voronoi":{"type":"Feature","geometry":{"type":"Polygon","coordinates":[[[132.765956,33.833712],[132.760407,33.837163],[132.76357,33.838116],[132.767461,33.835817],[132.765956,33.833712]]]},"properties":{}},"extra":false},
    {"code":9980802,"id":"81ccc2","name":"南堀端","original_name":"南堀端","name_kana":"みなみほりばた","closed":false,"lat":33.839213,"lng":132.761664,"prefecture":38,"numbering":["02"],"lines":[99808,99809,99810,99811,99812],"attr":"cool","postal_code":"790-0006","address":"松山市南堀端町","voronoi":{"type":"Feature","geometry":{"type":"Polygon","coordinates":[[[132.762421,33.843199],[132.761408,33.842718],[132.76017,33.839686],[132.759367,33.836983],[132.760407,33.837163],[132.76357,33.838116],[132.762421,33.843199]]]},"properties":{}},"extra":false},
    {"code":9980803,"id":"29e264","name":"西堀端","original_name":"西堀端","name_kana":"にしほりばた","closed":false,"lat":33.840105,"lng":132.75866,"prefecture":38,"numbering":["03"],"lines":[99808,99809,99811],"attr":"cool","postal_code":"790-0067","address":"松山市大手町１","voronoi":{"type":"Feature","geometry":{"type":"Polygon","coordinates":[[[132.756902,33.840952],[132.757421,33.836466],[132.758384,33.836182],[132.759367,33.836983],[132.76017,33.839686],[132.756902,33.840952]]]},"properties":{}},"extra":false},
    {"code":9980609,"id":"015dd9","name":"大手町(愛媛)","original_name":"大手町","name_kana":"おおてまち","closed":false,"lat":33.839726,"lng":132.755384,"prefecture":38,"numbering":["04"],"lines":[99806,99808,99809,99811],"attr":"cool","postal_code":"790-0067","address":"松山市大手町２","voronoi":{"type":"Feature","geometry":{"type":"Polygon","coordinates":[[[132.756902,33.840952],[132.757421,33.836466],[132.753048,33.835776],[132.753182,33.838264],[132.754507,33.842165],[132.756004,33.843143],[132.756538,33.842801],[132.756902,33.840952]]]},"properties":{}},"extra":false},
    {"code":9980805,"id":"fd4757","name":"JR松山駅前","original_name":"JR松山駅前","name_kana":"じぇいあーるまつやまえきまえ","closed":false,"lat":33.840765,"lng":132.752326,"prefecture":38,"numbering":["05"],"lines":[99808,99809,99811],"attr":"cool","postal_code":"790-0067","address":"松山市大手町２","voronoi":{"type":"Feature","geometry":{"type":"Polygon","coordinates":[[[132.750215,33.84257],[132.753182,33.838264],[132.754507,33.842165],[132.750215,33.84257]]]},"properties":{}},"extra":false},
    {"code":9980806,"id":"682ac6","name":"宮田町","original_name":"宮田町","name_kana":"みやたちょう","closed":false,"lat":33.843948,"lng":132.752626,"prefecture":38,"numbering":["06"],"lines":[99808,99809],"attr":"cool","postal_code":"790-0066","address":"松山市宮田町","voronoi":{"type":"Feature","geometry":{"type":"Polygon","coordinates":[[[132.750215,33.84257],[132.74492,33.844528],[132.749238,33.849043],[132.75587,33.843852],[132.756004,33.843143],[132.754507,33.842165],[132.750215,33.84257]]]},"properties":{}},"extra":false},
    {"code":9980608,"id":"9e01b0","name":"古町","original_name":"古町","name_kana":"こまち","closed":false,"lat":33.846978,"lng":132.754998,"prefecture":38,"numbering":["07"],"lines":[99806,99808,99809],"attr":"cool","postal_code":"790-0807","address":"松山市平和通６","voronoi":{"type":"Feature","geometry":{"type":"Polygon","coordinates":[[[132.757148,33.846518],[132.75587,33.843852],[132.749238,33.849043],[132.750068,33.850792],[132.756451,33.849151],[132.757148,33.846518]]]},"properties":{}},"extra":false},
    {"code":9980808,"id":"c16861","name":"萱町６丁目","original_name":"萱町６丁目","name_kana":"かやまちろくちょうめ","closed":false,"lat":33.851756,"lng":132.756226,"prefecture":38,"numbering":["08"],"lines":[99808,99809],"attr":"eco","postal_code":"790-0813","address":"松山市萱町６","voronoi":{"type":"Feature","geometry":{"type":"Polygon","coordinates":[[[132.75704,33.849552],[132.757732,33.852114],[132.750462,33.861633],[132.750068,33.850792],[132.756451,33.849151],[132.75704,33.849552]]]},"properties":{}},"extra":false},
    {"code":9980809,"id":"7084ee","name":"本町６丁目","original_name":"本町６丁目","name_kana":"ほんまちろくちょうめ","closed":false,"lat":33.853472,"lng":132.758473,"prefecture":38,"numbering":["09"],"lines":[99808,99809,99812],"attr":"eco","postal_code":"790-0811","address":"松山市本町６","voronoi":{"type":"Feature","geometry":{"type":"Polygon","coordinates":[[[132.749594,33.871511],[132.759515,33.876409],[132.75963,33.852411],[132.757732,33.852114],[132.750462,33.861633],[132.749594,33.871511]]]},"properties":{}},"extra":false},
    {"code":9980810,"id":"5073d3","name":"木屋町","original_name":"木屋町","name_kana":"きやちょう","closed":false,"lat":33.853483,"lng":132.760776,"prefecture":38,"numbering":["10"],"lines":[99808,99809],"attr":"eco","postal_code":"790-0821","address":"松山市木屋町３","voronoi":{"type":"Feature","geometry":{"type":"Polygon","coordinates":[[[132.759515,33.876409],[132.75963,33.852411],[132.76061,33.851637],[132.771746,33.86197],[132.774898,33.868785],[132.776574,33.882193],[132.767643,33.880942],[132.759515,33.876409]]]},"properties":{}},"extra":false},
    {"code":9980811,"id":"a009bd","name":"高砂町","original_name":"高砂町","name_kana":"たかさごちょう","closed":false,"lat":33.851664,"lng":132.762464,"prefecture":38,"numbering":["11"],"lines":[99808,99809],"attr":"eco","postal_code":"790-0822","address":"松山市高砂町２","voronoi":{"type":"Feature","geometry":{"type":"Polygon","coordinates":[[[132.771355,33.860877],[132.771746,33.86197],[132.76061,33.851637],[132.760981,33.849469],[132.76145,33.849001],[132.767766,33.853914],[132.771355,33.860877]]]},"properties":{}},"extra":false},
    {"code":9980812,"id":"c7f44f","name":"清水町","original_name":"清水町","name_kana":"しみずまち","closed":false,"lat":33.849328,"lng":132.764281,"prefecture":38,"numbering":["12"],"lines":[99808,99809],"attr":"heat","postal_code":"790-0823","address":"松山市清水町２","voronoi":{"type":"Feature","geometry":{"type":"Polygon","coordinates":[[[132.76145,33.849001],[132.762032,33.846628],[132.763495,33.844737],[132.765885,33.845339],[132.767766,33.853914],[132.76145,33.849001]]]},"properties":{}},"extra":false},
    {"code":9980813,"id":"c5cf5f","name":"鉄砲町","original_name":"鉄砲町","name_kana":"てっぽうちょう","closed":false,"lat":33.84829,"lng":132.769011,"prefecture":38,"numbering":["13"],"lines":[99808,99809],"attr":"heat","postal_code":"790-0827","address":"松山市鉄砲町","voronoi":{"type":"Feature","geometry":{"type":"Polygon","coordinates":[[[132.765885,33.845339],[132.768077,33.844536],[132.770522,33.844825],[132.771355,33.860877],[132.767766,33.853914],[132.765885,33.845339]]]},"properties":{}},"extra":false},
    {"code":9980814,"id":"7d0110","name":"赤十字病院前","original_name":"赤十字病院前","name_kana":"せきじゅうじびょういんまえ","closed":false,"lat":33.848115,"lng":132.772383,"prefecture":38,"numbering":["14"],"lines":[99808,99809],"attr":"heat","postal_code":"790-0826","address":"松山市文京町","voronoi":{"type":"Feature","geometry":{"type":"Polygon","coordinates":[[[132.774898,33.868785],[132.776302,33.861395],[132.772917,33.845552],[132.771597,33.844438],[132.770522,33.844825],[132.771355,33.860877],[132.771746,33.86197],[132.774898,33.868785]]]},"properties":{}},"extra":false},
    {"code":9980815,"id":"ac9998","name":"平和通１丁目","original_name":"平和通１丁目","name_kana":"へいわどおりいっちょうめ","closed":false,"lat":33.847673,"lng":132.774452,"prefecture":38,"numbering":["15"],"lines":[99808,99809],"attr":"heat","postal_code":"790-0807","address":"松山市平和通１","voronoi":{"type":"Feature","geometry":{"type":"Polygon","coordinates":[[[132.777587,33.856645],[132.777253,33.849758],[132.773711,33.845785],[132.772917,33.845552],[132.776302,33.861395],[132.777587,33.856645]]]},"properties":{}},"extra":false},
    {"code":9980816,"id":"edbbd3","name":"上一万","original_name":"上一万","name_kana":"かみいちまん","closed":false,"lat":33.846737,"lng":132.775502,"prefecture":38,"numbering":["16"],"lines":[99808,99809,99810,99811],"attr":"heat","postal_code":"790-0804","address":"松山市中一万町","voronoi":{"type":"Feature","geometry":{"type":"Polygon","coordinates":[[[132.773711,33.845785],[132.777253,33.849758],[132.777916,33.845494],[132.773711,33.845785]]]},"properties":{}},"extra":false},
    {"code":9980817,"id":"08078e","name":"警察署前","original_name":"警察署前","name_kana":"けいさつしょまえ","closed":false,"lat":33.844596,"lng":132.775354,"prefecture":38,"numbering":["17"],"lines":[99808,99809,99810,99811],"attr":"heat","postal_code":"790-0878","address":"松山市勝山町２","voronoi":{"type":"Feature","geometry":{"type":"Polygon","coordinates":[[[132.773711,33.845785],[132.772917,33.845552],[132.771597,33.844438],[132.772057,33.843715],[132.779954,33.842249],[132.777916,33.845494],[132.773711,33.845785]]]},"properties":{}},"extra":false},
    {"code":9980818,"id":"c04691","name":"勝山町","original_name":"勝山町","name_kana":"かつやまちょう","closed":false,"lat":33.841709,"lng":132.774818,"prefecture":38,"numbering":["18"],"lines":[99808,99809,99810,99811],"attr":"heat","postal_code":"790-0878","address":"松山市勝山町２","voronoi":{"type":"Feature","geometry":{"type":"Polygon","coordinates":[[[132.786387,33.835494],[132.784586,33.838171],[132.779954,33.842249],[132.772057,33.843715],[132.772997,33.83603],[132.775973,33.834465],[132.777049,33.83432],[132.783832,33.833606],[132.786387,33.835494]]]},"properties":{}},"extra":false},
    {"code":9980819,"id":"7359f8","name":"大街道","original_name":"大街道","name_kana":"おおかいどう","closed":false,"lat":33.841103,"lng":132.769861,"prefecture":38,"numbering":["19"],"lines":[99808,99809,99810,99811],"attr":"cool","postal_code":"790-0004","address":"松山市大街道","voronoi":{"type":"Feature","geometry":{"type":"Polygon","coordinates":[[[132.768154,33.837026],[132.768077,33.844536],[132.770522,33.844825],[132.771597,33.844438],[132.772057,33.843715],[132.772997,33.83603],[132.76833,33.836274],[132.768154,33.837026]]]},"properties":{}},"extra":false},
    {"code":9980820,"id":"2cfdf2","name":"県庁前(愛媛)","original_name":"県庁前","name_kana":"けんちょうまえ","closed":false,"lat":33.841067,"lng":132.766364,"prefecture":38,"numbering":["20"],"lines":[99808,99809,99810,99811],"attr":"cool","postal_code":"790-0001","address":"松山市一番町","voronoi":{"type":"Feature","geometry":{"type":"Polygon","coordinates":[[[132.763057,33.843928],[132.763495,33.844737],[132.765885,33.845339],[132.768077,33.844536],[132.768154,33.837026],[132.763057,33.843928]]]},"properties":{}},"extra":false},
    {"code":9980821,"id":"6e67fe","name":"市役所前(愛媛)","original_name":"市役所前","name_kana":"しやくしょまえ","closed":false,"lat":33.839926,"lng":132.764819,"prefecture":38,"numbering":["21"],"lines":[99808,99809,99810,99811],"attr":"cool","postal_code":"790-0002","address":"松山市二番町","voronoi":{"type":"Feature","geometry":{"type":"Polygon","coordinates":[[[132.768154,33.837026],[132.76833,33.836274],[132.767461,33.835817],[132.76357,33.838116],[132.762421,33.843199],[132.763057,33.843928],[132.768154,33.837026]]]},"properties":{}},"extra":false}
  ],
  "extra":false
}