{
  "code":99817,
  "id":"c93cae",
  "name":"とさでん交通後免線",
  "name_kana":"とさでんこうつうごめんせん",
  "name_formal":"土佐電鉄ごめん線",
  "station_size":33,
  "company_code":228,
  "closed":false,
  "station_list":[
    {"code":9981602,"id":"93812f","name":"後免町","original_name":"後免町","name_kana":"ごめんまち","closed":false,"lat":33.574397,"lng":133.650628,"prefecture":39,"lines":[99816,99817,99821],"attr":"heat","postal_code":"783-0000","address":"南国市大よう甲１２１２-１","voronoi":{"type":"Feature","geometry":{"type":"Polygon","coordinates":[[[133.661883,33.579411],[133.654317,33.538145],[133.646828,33.508601],[133.649289,33.578134],[133.654894,33.584086],[133.661883,33.579411]]]},"properties":{}},"extra":false},
    {"code":9981702,"id":"a58924","name":"後免東町","original_name":"後免東町","name_kana":"ごめんひがしまち","closed":false,"lat":33.574501,"lng":133.64769,"prefecture":39,"lines":[99817],"attr":"eco","postal_code":"783-0011","address":"南国市後免町東町","voronoi":{"type":"Feature","geometry":{"type":"Polygon","coordinates":[[[133.63641,33.542155],[133.633244,33.525893],[133.632714,33.50113],[133.637267,33.470013],[133.637538,33.468805],[133.637827,33.469443],[133.646828,33.508601],[133.649289,33.578134],[133.648227,33.577639],[133.643518,33.568778],[133.63641,33.542155]]]},"properties":{}},"extra":false},
    {"code":9981703,"id":"58855f","name":"後免中町","original_name":"後免中町","name_kana":"ごめんなかまち","closed":false,"lat":33.575438,"lng":133.645927,"prefecture":39,"lines":[99817],"attr":"eco","postal_code":"783-0011","address":"南国市後免町２","voronoi":{"type":"Feature","geometry":{"type":"Polygon","coordinates":[[[133.643518,33.568778],[133.644529,33.577203],[133.648227,33.577639],[133.643518,33.568778]]]},"properties":{}},"extra":false},
    {"code":9981704,"id":"a83666","name":"後免西町","original_name":"後免西町","name_kana":"ごめんにしまち","closed":false,"lat":33.575819,"lng":133.642753,"prefecture":39,"lines":[99817],"attr":"eco","postal_code":"783-0001","address":"南国市日吉町１","voronoi":{"type":"Feature","geometry":{"type":"Polygon","coordinates":[[[133.644529,33.577203],[133.640895,33.580095],[133.63641,33.542155],[133.643518,33.568778],[133.644529,33.577203]]]},"properties":{}},"extra":false},
    {"code":9981705,"id":"fc98c9","name":"東工業前","original_name":"東工業前","name_kana":"ひがしこうぎょうまえ","closed":false,"lat":33.57637,"lng":133.638092,"prefecture":39,"lines":[99817],"attr":"eco","postal_code":"783-0006","address":"南国市篠原字北大窪","voronoi":{"type":"Feature","geometry":{"type":"Polygon","coordinates":[[[133.640895,33.580095],[133.63641,33.542155],[133.633244,33.525893],[133.632302,33.538391],[133.638393,33.586523],[133.640895,33.580095]]]},"properties":{}},"extra":false},
    {"code":9981706,"id":"0b7fcb","name":"住吉通","original_name":"住吉通","name_kana":"すみよしどおり","closed":false,"lat":33.576615,"lng":133.636156,"prefecture":39,"lines":[99817],"attr":"eco","postal_code":"783-0000","address":"南国市東野","voronoi":{"type":"Feature","geometry":{"type":"Polygon","coordinates":[[[133.632302,33.538391],[133.632193,33.53947],[133.631716,33.554358],[133.635484,33.596837],[133.638393,33.586523],[133.632302,33.538391]]]},"properties":{}},"extra":false},
    {"code":9981707,"id":"886911","name":"篠原(高知)","original_name":"篠原","name_kana":"しのはら","closed":false,"lat":33.577049,"lng":133.631263,"prefecture":39,"lines":[99817],"attr":"eco","postal_code":"783-0000","address":"南国市若宮","voronoi":{"type":"Feature","geometry":{"type":"Polygon","coordinates":[[[133.620387,33.639965],[133.632897,33.613584],[133.635484,33.596837],[133.631716,33.554358],[133.620517,33.63356],[133.620387,33.639965]]]},"properties":{}},"extra":false},
    {"code":9981708,"id":"19275f","name":"小篭通","original_name":"小篭通","name_kana":"こごめどおり","closed":false,"lat":33.576285,"lng":133.62586,"prefecture":39,"lines":[99817],"attr":"eco","postal_code":"783-0000","address":"南国市南小籠","voronoi":{"type":"Feature","geometry":{"type":"Polygon","coordinates":[[[133.619386,33.592055],[133.620517,33.63356],[133.631716,33.554358],[133.632193,33.53947],[133.619386,33.592055]]]},"properties":{}},"extra":false},
    {"code":9981709,"id":"9dce04","name":"長崎(高知)","original_name":"長崎","name_kana":"ながさき","closed":false,"lat":33.575074,"lng":133.620888,"prefecture":39,"lines":[99817],"attr":"eco","postal_code":"780-0000","address":"高知市大津字長崎","voronoi":{"type":"Feature","geometry":{"type":"Polygon","coordinates":[[[133.632302,33.538391],[133.633244,33.525893],[133.632714,33.50113],[133.62855,33.513478],[133.618105,33.584934],[133.619386,33.592055],[133.632193,33.53947],[133.632302,33.538391]]]},"properties":{}},"extra":false},
    {"code":9981710,"id":"80f83b","name":"明見橋","original_name":"明見橋","name_kana":"みょうけんばし","closed":false,"lat":33.57469,"lng":133.618261,"prefecture":39,"lines":[99817],"attr":"eco","postal_code":"780-0000","address":"高知市大津字長崎","voronoi":{"type":"Feature","geometry":{"type":"Polygon","coordinates":[[[133.614965,33.551086],[133.616099,33.578624],[133.618105,33.584934],[133.62855,33.513478],[133.614965,33.551086]]]},"properties":{}},"extra":false},
    {"code":9981711,"id":"f85081","name":"一条橋","original_name":"一条橋","name_kana":"いちじょうばし","closed":false,"lat":33.574881,"lng":133.613621,"prefecture":39,"lines":[99817],"attr":"eco","postal_code":"780-0000","address":"高知市大津字長崎","voronoi":{"type":"Feature","geometry":{"type":"Polygon","coordinates":[[[133.616099,33.578624],[133.613396,33.576256],[133.61256,33.559845],[133.613185,33.554828],[133.614965,33.551086],[133.616099,33.578624]]]},"properties":{}},"extra":false},
    {"code":9981712,"id":"dc678d","name":"清和学園前","original_name":"清和学園前","name_kana":"せいわがくえんまえ","closed":false,"lat":33.574911,"lng":133.613032,"prefecture":39,"lines":[99817],"attr":"eco","postal_code":"780-0000","address":"高知市大津字長崎","voronoi":{"type":"Feature","geometry":{"type":"Polygon","coordinates":[[[133.610428,33.574611],[133.61256,33.559845],[133.613396,33.576256],[133.610428,33.574611]]]},"properties":{}},"extra":false},
    {"code":9981713,"id":"c3959f","name":"領石通","original_name":"領石通","name_kana":"りょうせきどおり","closed":false,"lat":33.574162,"lng":133.607845,"prefecture":39,"lines":[99817],"attr":"eco","postal_code":"780-0000","address":"高知市大津字関","voronoi":{"type":"Feature","geometry":{"type":"Polygon","coordinates":[[[133.613185,33.554828],[133.61256,33.559845],[133.610428,33.574611],[133.604718,33.584247],[133.606921,33.565016],[133.607996,33.562579],[133.613185,33.554828]]]},"properties":{}},"extra":false},
    {"code":9981714,"id":"29058b","name":"北浦(高知)","original_name":"北浦","name_kana":"きたうら","closed":false,"lat":33.573716,"lng":133.603952,"prefecture":39,"lines":[99817],"attr":"eco","postal_code":"780-0000","address":"高知市大津字北浦","voronoi":{"type":"Feature","geometry":{"type":"Polygon","coordinates":[[[133.597599,33.577788],[133.600211,33.596657],[133.604718,33.584247],[133.606921,33.565016],[133.597599,33.577788]]]},"properties":{}},"extra":false},
    {"code":9981715,"id":"79e658","name":"舟戸","original_name":"舟戸","name_kana":"ふなと","closed":false,"lat":33.570496,"lng":133.59954,"prefecture":39,"lines":[99817],"attr":"eco","postal_code":"780-0000","address":"高知市大津字舟戸","voronoi":{"type":"Feature","geometry":{"type":"Polygon","coordinates":[[[133.594324,33.571505],[133.594206,33.571691],[133.597599,33.577788],[133.606921,33.565016],[133.607996,33.562579],[133.594324,33.571505]]]},"properties":{}},"extra":false},
    {"code":9981716,"id":"21dcd4","name":"鹿児","original_name":"鹿児","name_kana":"かこ","closed":false,"lat":33.567135,"lng":133.597346,"prefecture":39,"lines":[99817],"attr":"eco","postal_code":"780-0000","address":"高知市大津字鹿児","voronoi":{"type":"Feature","geometry":{"type":"Polygon","coordinates":[[[133.62855,33.513478],[133.632714,33.50113],[133.637267,33.470013],[133.622953,33.498529],[133.602631,33.542027],[133.596756,33.557884],[133.594324,33.571505],[133.607996,33.562579],[133.613185,33.554828],[133.614965,33.551086],[133.62855,33.513478]]]},"properties":{}},"extra":false},
    {"code":9981717,"id":"7e1bca","name":"田辺島通","original_name":"田辺島通","name_kana":"たべしまどおり","closed":false,"lat":33.566359,"lng":133.593,"prefecture":39,"lines":[99817],"attr":"heat","postal_code":"780-0000","address":"高知市大津字田辺島","voronoi":{"type":"Feature","geometry":{"type":"Polygon","coordinates":[[[133.594324,33.571505],[133.596756,33.557884],[133.588502,33.570072],[133.594206,33.571691],[133.594324,33.571505]]]},"properties":{}},"extra":false},
    {"code":9981718,"id":"f55fdf","name":"東新木","original_name":"東新木","name_kana":"ひがししんぎ","closed":false,"lat":33.564517,"lng":133.59028,"prefecture":39,"lines":[99817],"attr":"heat","postal_code":"781-8123","address":"高知市高須字六塩田","voronoi":{"type":"Feature","geometry":{"type":"Polygon","coordinates":[[[133.584051,33.570112],[133.602631,33.542027],[133.596756,33.557884],[133.588502,33.570072],[133.584051,33.570112]]]},"properties":{}},"extra":false},
    {"code":9981719,"id":"aa896d","name":"新木(高知)","original_name":"新木","name_kana":"しんぎ","closed":false,"lat":33.562191,"lng":133.586764,"prefecture":39,"lines":[99817],"attr":"heat","postal_code":"781-8103","address":"高知市高須字新木","voronoi":{"type":"Feature","geometry":{"type":"Polygon","coordinates":[[[133.602631,33.542027],[133.622953,33.498529],[133.57997,33.569424],[133.582112,33.570635],[133.584051,33.570112],[133.602631,33.542027]]]},"properties":{}},"extra":false},
    {"code":9981720,"id":"faf34e","name":"介良通","original_name":"介良通","name_kana":"けらどおり","closed":false,"lat":33.560055,"lng":133.583241,"prefecture":39,"lines":[99817],"attr":"heat","postal_code":"781-8123","address":"高知市高須字高須","voronoi":{"type":"Feature","geometry":{"type":"Polygon","coordinates":[[[133.589065,33.517447],[133.579523,33.569283],[133.57997,33.569424],[133.622953,33.498529],[133.637267,33.470013],[133.637538,33.468805],[133.635021,33.445897],[133.589065,33.517447]]]},"properties":{}},"extra":false},
    {"code":9981721,"id":"445795","name":"文珠通","original_name":"文珠通","name_kana":"もんじゅどおり","closed":false,"lat":33.559336,"lng":133.579335,"prefecture":39,"lines":[99817],"attr":"heat","postal_code":"781-8123","address":"高知市高須字高須","voronoi":{"type":"Feature","geometry":{"type":"Polygon","coordinates":[[[133.578061,33.569129],[133.578306,33.549676],[133.579027,33.543293],[133.581835,33.527635],[133.589065,33.517447],[133.579523,33.569283],[133.578061,33.569129]]]},"properties":{}},"extra":false},
    {"code":9981722,"id":"04ffba","name":"高須(高知)","original_name":"高須","name_kana":"たかす","closed":false,"lat":33.559307,"lng":133.577034,"prefecture":39,"lines":[99817],"attr":"heat","postal_code":"781-8123","address":"高知市高須字高須","voronoi":{"type":"Feature","geometry":{"type":"Polygon","coordinates":[[[133.578306,33.549676],[133.573714,33.569182],[133.578061,33.569129],[133.578306,33.549676]]]},"properties":{}},"extra":false},
    {"code":9981723,"id":"c6e3f1","name":"県立美術館通","original_name":"県立美術館通","name_kana":"けんりつびじゅつかんどおり","closed":false,"lat":33.558863,"lng":133.575148,"prefecture":39,"lines":[99817],"attr":"heat","postal_code":"781-8122","address":"高知市高須新町１","voronoi":{"type":"Feature","geometry":{"type":"Polygon","coordinates":[[[133.570655,33.569506],[133.573714,33.569182],[133.578306,33.549676],[133.579027,33.543293],[133.570655,33.569506]]]},"properties":{}},"extra":false},
    {"code":9981724,"id":"b6659a","name":"西高須","original_name":"西高須","name_kana":"にしたかす","closed":false,"lat":33.558229,"lng":133.573163,"prefecture":39,"lines":[99817],"attr":"heat","postal_code":"781-8123","address":"高知市高須","voronoi":{"type":"Feature","geometry":{"type":"Polygon","coordinates":[[[133.579027,33.543293],[133.581835,33.527635],[133.580168,33.529553],[133.568669,33.565667],[133.568333,33.569365],[133.569038,33.569826],[133.570655,33.569506],[133.579027,33.543293]]]},"properties":{}},"extra":false},
    {"code":9981725,"id":"c1e9a4","name":"葛島橋東詰","original_name":"葛島橋東詰","name_kana":"かずらしまばしひがしづめ","closed":false,"lat":33.557,"lng":133.569303,"prefecture":39,"lines":[99817],"attr":"cool","postal_code":"781-8123","address":"高知市高須字万島","voronoi":{"type":"Feature","geometry":{"type":"Polygon","coordinates":[[[133.565542,33.544203],[133.568669,33.565667],[133.580168,33.529553],[133.565542,33.544203]]]},"properties":{}},"extra":false},
    {"code":9981726,"id":"5d4fae","name":"知寄町三丁目","original_name":"知寄町三丁目","name_kana":"ちよりちょうさんちょうめ","closed":false,"lat":33.557541,"lng":133.565589,"prefecture":39,"lines":[99817],"attr":"cool","postal_code":"781-0806","address":"高知市知寄町三丁目","voronoi":{"type":"Feature","geometry":{"type":"Polygon","coordinates":[[[133.564495,33.568339],[133.562523,33.546475],[133.565542,33.544203],[133.568669,33.565667],[133.568333,33.569365],[133.564495,33.568339]]]},"properties":{}},"extra":false},
    {"code":9981727,"id":"762601","name":"知寄町","original_name":"知寄町","name_kana":"ちよりちょう","closed":false,"lat":33.557911,"lng":133.561486,"prefecture":39,"lines":[99817],"attr":"cool","postal_code":"781-0806","address":"高知市知寄町二丁目","voronoi":{"type":"Feature","geometry":{"type":"Polygon","coordinates":[[[133.562523,33.546475],[133.561804,33.546835],[133.559991,33.547912],[133.561447,33.568125],[133.564495,33.568339],[133.562523,33.546475]]]},"properties":{}},"extra":false},
    {"code":9981728,"id":"9eac31","name":"知寄町二丁目","original_name":"知寄町二丁目","name_kana":"ちよりちょうにちょうめ","closed":false,"lat":33.558022,"lng":133.559945,"prefecture":39,"lines":[99817],"attr":"cool","postal_code":"781-0806","address":"高知市知寄町二丁目","voronoi":{"type":"Feature","geometry":{"type":"Polygon","coordinates":[[[133.559991,33.547912],[133.561447,33.568125],[133.559761,33.568134],[133.557438,33.549508],[133.558645,33.548578],[133.559991,33.547912]]]},"properties":{}},"extra":false},
    {"code":9981729,"id":"0c93d3","name":"知寄町一丁目","original_name":"知寄町一丁目","name_kana":"ちよりちょういっちょうめ","closed":false,"lat":33.558377,"lng":133.557099,"prefecture":39,"lines":[99817],"attr":"cool","postal_code":"781-0806","address":"高知市知寄町一丁目","voronoi":{"type":"Feature","geometry":{"type":"Polygon","coordinates":[[[133.557438,33.549508],[133.559761,33.568134],[133.556094,33.56868],[133.554712,33.551161],[133.555795,33.550392],[133.557438,33.549508]]]},"properties":{}},"extra":false},
    {"code":9981730,"id":"737005","name":"宝永町","original_name":"宝永町","name_kana":"ほうえいちょう","closed":false,"lat":33.558662,"lng":133.553486,"prefecture":39,"lines":[99817],"attr":"cool","postal_code":"780-0818","address":"高知市宝永町","voronoi":{"type":"Feature","geometry":{"type":"Polygon","coordinates":[[[133.552321,33.567249],[133.551441,33.566183],[133.550469,33.553872],[133.551533,33.55297],[133.553454,33.551659],[133.554712,33.551161],[133.556094,33.56868],[133.554142,33.569335],[133.552321,33.567249]]]},"properties":{}},"extra":false},
    {"code":9981731,"id":"62ff9f","name":"菜園場町","original_name":"菜園場町","name_kana":"さえんばちょう","closed":false,"lat":33.559076,"lng":133.548241,"prefecture":39,"lines":[99817],"attr":"cool","postal_code":"780-0823","address":"高知市菜園場町","voronoi":{"type":"Feature","geometry":{"type":"Polygon","coordinates":[[[133.545992,33.556492],[133.546302,33.561588],[133.546924,33.562624],[133.549198,33.564851],[133.551441,33.566183],[133.550469,33.553872],[133.5486,33.554289],[133.545992,33.556492]]]},"properties":{}},"extra":false},
    {"code":9981732,"id":"a54479","name":"デンテツターミナルビル前","original_name":"デンテツターミナルビル前","name_kana":"でんてつたーみなるびるまえ","closed":false,"lat":33.559329,"lng":133.544073,"prefecture":39,"lines":[99817],"attr":"cool","postal_code":"780-0822","address":"高知市はりまや町１","voronoi":{"type":"Feature","geometry":{"type":"Polygon","coordinates":[[[133.542822,33.556638],[133.545992,33.556492],[133.546302,33.561588],[133.543335,33.56063],[133.542822,33.556638]]]},"properties":{}},"extra":false},
    {"code":9981733,"id":"7e4b0d","name":"はりまや橋","original_name":"はりまや橋","name_kana":"はりまやばし","closed":false,"lat":33.559558,"lng":133.542292,"prefecture":39,"lines":[99817,99818,99819],"attr":"cool","postal_code":"780-0822","address":"高知市はりまや町１","voronoi":{"type":"Feature","geometry":{"type":"Polygon","coordinates":[[[133.540759,33.561517],[133.540766,33.556089],[133.542822,33.556638],[133.543335,33.56063],[133.540759,33.561517]]]},"properties":{}},"extra":false}
  ],
  "extra":false
}