{
  "code":99811,
  "id":550,
  "name":"伊予鉄道５系統(松山駅前線)",
  "name_kana":"いよてつどうごけいとう(まつやまえきまえせん)",
  "name_formal":"伊予鉄道５系統",
  "station_size":13,
  "company_code":226,
  "closed":false,
  "color":"#0000FF",
  "station_list":[
    {"code":9980805,"id":8627,"name":"JR松山駅前","original_name":"JR松山駅前","name_kana":"じぇいあーるまつやまえきまえ","closed":false,"lat":33.840765,"lng":132.752326,"prefecture":38,"numbering":["05"],"lines":[99808,99809,99811],"attr":"cool","postal_code":"790-0067","address":"松山市大手町２","voronoi":{"type":"Feature","geometry":{"type":"Polygon","coordinates":[[[132.750215,33.84257],[132.753182,33.838264],[132.754507,33.842165],[132.750215,33.84257]]]},"properties":{}},"extra":false},
    {"code":9980609,"id":8587,"name":"大手町(愛媛)","original_name":"大手町","name_kana":"おおてまち","closed":false,"lat":33.839726,"lng":132.755384,"prefecture":38,"numbering":["04"],"lines":[99806,99808,99809,99811],"attr":"cool","postal_code":"790-0067","address":"松山市大手町２","voronoi":{"type":"Feature","geometry":{"type":"Polygon","coordinates":[[[132.756902,33.840952],[132.757421,33.836466],[132.753048,33.835776],[132.753182,33.838264],[132.754507,33.842165],[132.756004,33.843143],[132.756538,33.842801],[132.756902,33.840952]]]},"properties":{}},"extra":false},
    {"code":9980803,"id":8604,"name":"西堀端","original_name":"西堀端","name_kana":"にしほりばた","closed":false,"lat":33.840105,"lng":132.75866,"prefecture":38,"numbering":["03"],"lines":[99808,99809,99811],"attr":"cool","postal_code":"790-0067","address":"松山市大手町１","voronoi":{"type":"Feature","geometry":{"type":"Polygon","coordinates":[[[132.756902,33.840952],[132.757421,33.836466],[132.758384,33.836182],[132.759367,33.836983],[132.76017,33.839686],[132.756902,33.840952]]]},"properties":{}},"extra":false},
    {"code":9980802,"id":8603,"name":"南堀端","original_name":"南堀端","name_kana":"みなみほりばた","closed":false,"lat":33.839213,"lng":132.761664,"prefecture":38,"numbering":["02"],"lines":[99808,99809,99810,99811,99812],"attr":"cool","postal_code":"790-0006","address":"松山市南堀端町","voronoi":{"type":"Feature","geometry":{"type":"Polygon","coordinates":[[[132.762421,33.843199],[132.761408,33.842718],[132.76017,33.839686],[132.759367,33.836983],[132.760407,33.837163],[132.76357,33.838116],[132.762421,33.843199]]]},"properties":{}},"extra":false},
    {"code":9980821,"id":8620,"name":"市役所前(愛媛)","original_name":"市役所前","name_kana":"しやくしょまえ","closed":false,"lat":33.839926,"lng":132.764819,"prefecture":38,"numbering":["21"],"lines":[99808,99809,99810,99811],"attr":"cool","postal_code":"790-0002","address":"松山市二番町","voronoi":{"type":"Feature","geometry":{"type":"Polygon","coordinates":[[[132.768154,33.837026],[132.76833,33.836274],[132.767461,33.835817],[132.76357,33.838116],[132.762421,33.843199],[132.763057,33.843928],[132.768154,33.837026]]]},"properties":{}},"extra":false},
    {"code":9980820,"id":8619,"name":"県庁前(愛媛)","original_name":"県庁前","name_kana":"けんちょうまえ","closed":false,"lat":33.841067,"lng":132.766364,"prefecture":38,"numbering":["20"],"lines":[99808,99809,99810,99811],"attr":"cool","postal_code":"790-0001","address":"松山市一番町","voronoi":{"type":"Feature","geometry":{"type":"Polygon","coordinates":[[[132.763057,33.843928],[132.763495,33.844737],[132.765885,33.845339],[132.768077,33.844536],[132.768154,33.837026],[132.763057,33.843928]]]},"properties":{}},"extra":false},
    {"code":9980819,"id":8618,"name":"大街道","original_name":"大街道","name_kana":"おおかいどう","closed":false,"lat":33.841103,"lng":132.769861,"prefecture":38,"numbering":["19"],"lines":[99808,99809,99810,99811],"attr":"cool","postal_code":"790-0004","address":"松山市大街道","voronoi":{"type":"Feature","geometry":{"type":"Polygon","coordinates":[[[132.768154,33.837026],[132.768077,33.844536],[132.770522,33.844825],[132.771597,33.844438],[132.772057,33.843715],[132.772997,33.83603],[132.76833,33.836274],[132.768154,33.837026]]]},"properties":{}},"extra":false},
    {"code":9980818,"id":8617,"name":"勝山町","original_name":"勝山町","name_kana":"かつやまちょう","closed":false,"lat":33.841709,"lng":132.774818,"prefecture":38,"numbering":["18"],"lines":[99808,99809,99810,99811],"attr":"heat","postal_code":"790-0878","address":"松山市勝山町２","voronoi":{"type":"Feature","geometry":{"type":"Polygon","coordinates":[[[132.786387,33.835494],[132.784586,33.838171],[132.779954,33.842249],[132.772057,33.843715],[132.772997,33.83603],[132.775973,33.834465],[132.777049,33.83432],[132.783832,33.833606],[132.786387,33.835494]]]},"properties":{}},"extra":false},
    {"code":9980817,"id":8616,"name":"警察署前","original_name":"警察署前","name_kana":"けいさつしょまえ","closed":false,"lat":33.844596,"lng":132.775354,"prefecture":38,"numbering":["17"],"lines":[99808,99809,99810,99811],"attr":"heat","postal_code":"790-0878","address":"松山市勝山町２","voronoi":{"type":"Feature","geometry":{"type":"Polygon","coordinates":[[[132.773711,33.845785],[132.772917,33.845552],[132.771597,33.844438],[132.772057,33.843715],[132.779954,33.842249],[132.777916,33.845494],[132.773711,33.845785]]]},"properties":{}},"extra":false},
    {"code":9980816,"id":8615,"name":"上一万","original_name":"上一万","name_kana":"かみいちまん","closed":false,"lat":33.846737,"lng":132.775502,"prefecture":38,"numbering":["16"],"lines":[99808,99809,99810,99811],"attr":"heat","postal_code":"790-0804","address":"松山市中一万町","voronoi":{"type":"Feature","geometry":{"type":"Polygon","coordinates":[[[132.773711,33.845785],[132.777253,33.849758],[132.777916,33.845494],[132.773711,33.845785]]]},"properties":{}},"extra":false},
    {"code":9981009,"id":8624,"name":"南町","original_name":"南町","name_kana":"みなみまち","closed":false,"lat":33.847412,"lng":132.779839,"prefecture":38,"numbering":["22"],"lines":[99810,99811],"attr":"eco","postal_code":"790-0856","address":"松山市南町２","voronoi":{"type":"Feature","geometry":{"type":"Polygon","coordinates":[[[132.779954,33.842249],[132.777916,33.845494],[132.777253,33.849758],[132.777587,33.856645],[132.78213,33.849267],[132.784586,33.838171],[132.779954,33.842249]]]},"properties":{}},"extra":false},
    {"code":9981010,"id":8625,"name":"道後公園","original_name":"道後公園","name_kana":"どうごこうえん","closed":false,"lat":33.848552,"lng":132.784989,"prefecture":38,"numbering":["23"],"lines":[99810,99811],"attr":"eco","postal_code":"790-0843","address":"松山市道後町１","voronoi":{"type":"Feature","geometry":{"type":"Polygon","coordinates":[[[132.817032,33.845688],[132.79946,33.837481],[132.786387,33.835494],[132.784586,33.838171],[132.78213,33.849267],[132.827164,33.853291],[132.820893,33.848012],[132.817032,33.845688]]]},"properties":{}},"extra":false},
    {"code":9981011,"id":8626,"name":"道後温泉","original_name":"道後温泉","name_kana":"どうごおんせん","closed":false,"lat":33.850477,"lng":132.784817,"prefecture":38,"numbering":["24"],"lines":[99810,99811],"attr":"cool","postal_code":"790-0843","address":"松山市道後町１","voronoi":{"type":"Feature","geometry":{"type":"Polygon","coordinates":[[[132.776574,33.882193],[132.774898,33.868785],[132.776302,33.861395],[132.777587,33.856645],[132.78213,33.849267],[132.827164,33.853291],[132.836481,33.860778],[132.864535,33.890181],[132.874704,33.911658],[132.819046,33.903088],[132.806231,33.899088],[132.776574,33.882193]]]},"properties":{}},"extra":false}
  ],
  "extra":false
}