{
  "code":99815,
  "id":"4325cf",
  "name":"土佐くろしお鉄道宿毛線",
  "name_kana":"とさくろしおてつどうすくもせん",
  "station_size":8,
  "company_code":227,
  "closed":false,
  "symbol":"TK",
  "station_list":[
    {"code":9981415,"id":"6d4913","name":"中村","original_name":"中村","name_kana":"なかむら","closed":false,"lat":32.984641,"lng":132.943927,"prefecture":39,"numbering":["TK40"],"lines":[99814,99815,11809],"attr":"eco","postal_code":"787-0014","address":"四万十市駅前町","voronoi":{"type":"Feature","geometry":{"type":"Polygon","coordinates":[[[132.908436,33.097467],[132.908687,33.097429],[132.950681,33.022961],[132.964773,32.791607],[132.908436,33.097467]]]},"properties":{}},"extra":false},
    {"code":9981502,"id":"0c8e39","name":"具同","original_name":"具同","name_kana":"ぐどう","closed":false,"lat":32.9794,"lng":132.915473,"prefecture":39,"numbering":["TK41"],"lines":[99815],"attr":"eco","postal_code":"787-0019","address":"四万十市具同","voronoi":{"type":"Feature","geometry":{"type":"Polygon","coordinates":[[[132.901547,32.846648],[132.897827,33.099077],[132.901643,33.099363],[132.908436,33.097467],[132.964773,32.791607],[133.047352,32.185502],[132.901547,32.846648]]]},"properties":{}},"extra":false},
    {"code":9981503,"id":"2e6c8e","name":"国見(高知)","original_name":"国見","name_kana":"くにみ","closed":false,"lat":32.978932,"lng":132.883716,"prefecture":39,"numbering":["TK42"],"lines":[99815],"attr":"cool","postal_code":"787-0667","address":"四万十市国見","voronoi":{"type":"Feature","geometry":{"type":"Polygon","coordinates":[[[132.822425,33.072975],[132.901547,32.846648],[132.897827,33.099077],[132.876481,33.10029],[132.822425,33.072975]]]},"properties":{}},"extra":false},
    {"code":9981504,"id":"595103","name":"有岡","original_name":"有岡","name_kana":"ありおか","closed":false,"lat":32.961229,"lng":132.833077,"prefecture":39,"numbering":["TK43"],"lines":[99815],"attr":"cool","postal_code":"787-0771","address":"四万十市有岡","voronoi":{"type":"Feature","geometry":{"type":"Polygon","coordinates":[[[132.901547,32.846648],[132.822425,33.072975],[132.800308,33.067876],[132.876101,32.586997],[133.214898,31.304138],[133.047352,32.185502],[132.901547,32.846648]]]},"properties":{}},"extra":false},
    {"code":9981505,"id":"4c7a2f","name":"工業団地","original_name":"工業団地","name_kana":"こうぎょうだんち","closed":false,"lat":32.95632,"lng":132.801931,"prefecture":39,"numbering":["TK44"],"lines":[99815],"attr":"heat","postal_code":"788-0000","address":"宿毛市平田町字扇","voronoi":{"type":"Feature","geometry":{"type":"Polygon","coordinates":[[[132.787602,33.066795],[132.815365,32.783296],[132.876101,32.586997],[132.800308,33.067876],[132.787602,33.066795]]]},"properties":{}},"extra":false},
    {"code":9981506,"id":"82edca","name":"平田(高知)","original_name":"平田","name_kana":"ひらた","closed":false,"lat":32.955639,"lng":132.794977,"prefecture":39,"numbering":["TK45"],"lines":[99815],"attr":"heat","postal_code":"788-0783","address":"宿毛市平田町戸内","voronoi":{"type":"Feature","geometry":{"type":"Polygon","coordinates":[[[132.815365,32.783296],[132.722509,33.063313],[132.787602,33.066795],[132.815365,32.783296]]]},"properties":{}},"extra":false},
    {"code":9981507,"id":"d7172e","name":"東宿毛","original_name":"東宿毛","name_kana":"ひがしすくも","closed":false,"lat":32.933673,"lng":132.728736,"prefecture":39,"numbering":["TK46"],"lines":[99815],"attr":"heat","postal_code":"788-0000","address":"宿毛市宿毛字鎌田","voronoi":{"type":"Feature","geometry":{"type":"Polygon","coordinates":[[[132.823366,31.578869],[132.711174,33.065832],[132.722509,33.063313],[132.815365,32.783296],[132.876101,32.586997],[133.214898,31.304138],[133.258187,31.110184],[133.149693,31.224737],[133.11479,31.262093],[132.823366,31.578869]]]},"properties":{}},"extra":false},
    {"code":9981508,"id":"0f03b4","name":"宿毛","original_name":"宿毛","name_kana":"すくも","closed":false,"lat":32.932534,"lng":132.71364,"prefecture":39,"numbering":["TK47"],"lines":[99815],"attr":"heat","postal_code":"788-0010","address":"宿毛市駅前町１","voronoi":{"type":"Feature","geometry":{"type":"Polygon","coordinates":[[[132.711174,33.065832],[132.823366,31.578869],[132.638917,31.777133],[132.576539,31.86802],[132.56103,31.897949],[132.356805,32.32374],[132.285714,32.505197],[132.305719,32.911326],[132.305856,32.912309],[132.640818,33.079287],[132.648058,33.079405],[132.707441,33.066888],[132.711174,33.065832]]]},"properties":{}},"extra":false}
  ],
  "extra":false
}