{
  "code":99821,
  "id":2173,
  "name":"土佐電気鉄道",
  "name_kana":"とさでんきてつどう",
  "name_formal":"土佐電気鉄道安芸線",
  "station_size":21,
  "closed":true,
  "station_list":[
    {"code":1180129,"id":3791,"name":"後免","original_name":"後免","name_kana":"ごめん","closed":false,"lat":33.579245,"lng":133.645479,"prefecture":39,"lines":[11801,99816,99821],"attr":"eco","postal_code":"783-0002","address":"南国市駅前町２丁目","voronoi":{"type":"Feature","geometry":{"type":"Polygon","coordinates":[[[133.632897,33.613584],[133.635484,33.596837],[133.638393,33.586523],[133.640895,33.580095],[133.644529,33.577203],[133.648227,33.577639],[133.649289,33.578134],[133.654894,33.584086],[133.632897,33.613584]]]},"properties":{}},"extra":false},
    {"code":9981602,"id":8651,"name":"後免町","original_name":"後免町","name_kana":"ごめんまち","closed":false,"lat":33.574397,"lng":133.650628,"prefecture":39,"lines":[99816,99817,99821],"attr":"heat","postal_code":"783-0000","address":"南国市大よう甲１２１２-１","voronoi":{"type":"Feature","geometry":{"type":"Polygon","coordinates":[[[133.661883,33.579411],[133.654317,33.538145],[133.646828,33.508601],[133.649289,33.578134],[133.654894,33.584086],[133.661883,33.579411]]]},"properties":{}},"extra":false},
    {"code":9981603,"id":8652,"name":"立田","original_name":"立田","name_kana":"たてだ","closed":false,"lat":33.57073,"lng":133.670627,"prefecture":39,"lines":[99816,99821],"attr":"heat","postal_code":"783-0091","address":"南国市立田字神木内６０３-２","voronoi":{"type":"Feature","geometry":{"type":"Polygon","coordinates":[[[133.654317,33.538145],[133.661883,33.579411],[133.679621,33.586514],[133.682399,33.585967],[133.654317,33.538145]]]},"properties":{}},"extra":false},
    {"code":9982104,"id":21635,"name":"日章","original_name":"日章","name_kana":"にっしょう","closed":true,"lat":33.568263,"lng":133.674828,"prefecture":39,"lines":[99821],"postal_code":"783-0091","address":"高知県南国市立田１５０５−６","closed_date":"1974-04-01","voronoi":{"type":"Feature","geometry":{"type":"Polygon","coordinates":[[[133.686736,33.585672],[133.665194,33.513285],[133.637827,33.469443],[133.646828,33.508601],[133.654317,33.538145],[133.682399,33.585967],[133.686736,33.585672]]]},"properties":{}},"extra":true},
    {"code":9982105,"id":21636,"name":"西野市","original_name":"西野市","name_kana":"にしのいち","closed":true,"lat":33.564585,"lng":133.687187,"prefecture":39,"lines":[99821],"postal_code":"781-5232","address":"高知県香南市野市町西野１５３７−１０","closed_date":"1974-04-01","voronoi":{"type":"Feature","geometry":{"type":"Polygon","coordinates":[[[133.686794,33.540339],[133.665194,33.513285],[133.686736,33.585672],[133.687853,33.585949],[133.698946,33.586608],[133.686794,33.540339]]]},"properties":{}},"extra":true},
    {"code":9981604,"id":8653,"name":"のいち","original_name":"のいち","name_kana":"のいち","closed":false,"lat":33.561649,"lng":133.698366,"prefecture":39,"lines":[99816,99821],"attr":"heat","postal_code":"781-5232","address":"香南市野市町西野２０５６-２","voronoi":{"type":"Feature","geometry":{"type":"Polygon","coordinates":[[[133.686794,33.540339],[133.7298,33.573466],[133.740625,33.589835],[133.747177,33.601153],[133.698946,33.586608],[133.686794,33.540339]]]},"properties":{}},"extra":false},
    {"code":9981605,"id":8654,"name":"よしかわ","original_name":"よしかわ","name_kana":"よしかわ","closed":false,"lat":33.546089,"lng":133.710352,"prefecture":39,"lines":[99816,99821],"attr":"heat","postal_code":"781-5242","address":"香南市吉川町古川字九六山５４２-１","voronoi":{"type":"Feature","geometry":{"type":"Polygon","coordinates":[[[133.665194,33.513285],[133.637827,33.469443],[133.637538,33.468805],[133.635021,33.445897],[133.636811,33.395729],[133.726491,33.562279],[133.7298,33.573466],[133.686794,33.540339],[133.665194,33.513285]]]},"properties":{}},"extra":false},
    {"code":9981606,"id":8655,"name":"あかおか","original_name":"あかおか","name_kana":"あかおか","closed":false,"lat":33.539893,"lng":133.721859,"prefecture":39,"lines":[99816,99821],"attr":"heat","postal_code":"781-5310","address":"香南市赤岡町字西浜３７４-１","voronoi":{"type":"Feature","geometry":{"type":"Polygon","coordinates":[[[133.704886,33.441641],[133.636462,33.292313],[133.636811,33.395729],[133.726491,33.562279],[133.726649,33.495303],[133.704886,33.441641]]]},"properties":{}},"extra":false},
    {"code":9982109,"id":21637,"name":"岸本(高知)","original_name":"岸本","name_kana":"きしもと","closed":true,"lat":33.539915,"lng":133.731229,"prefecture":39,"lines":[99821],"postal_code":"781-5331","address":"高知県香南市香我美町岸本２７２","open_date":"1924-12-08","closed_date":"1974-04-01","voronoi":{"type":"Feature","geometry":{"type":"Polygon","coordinates":[[[133.740625,33.589835],[133.7298,33.573466],[133.726491,33.562279],[133.726649,33.495303],[133.729218,33.500121],[133.740625,33.589835]]]},"properties":{}},"extra":true},
    {"code":9982110,"id":21638,"name":"月見山(高知)","original_name":"月見山","name_kana":"つきみやま","closed":true,"lat":33.538041,"lng":133.743305,"prefecture":39,"lines":[99821],"postal_code":"781-5331","address":"高知県香南市香我美町岸本１２７２−６","closed_date":"1974-04-01","voronoi":{"type":"Feature","geometry":{"type":"Polygon","coordinates":[[[133.743336,33.519738],[133.734853,33.508991],[133.752455,33.605237],[133.758627,33.610479],[133.775821,33.617806],[133.74389,33.520987],[133.743336,33.519738]]]},"properties":{}},"extra":true},
    {"code":9981608,"id":8657,"name":"夜須","original_name":"夜須","name_kana":"やす","closed":false,"lat":33.534347,"lng":133.754506,"prefecture":39,"lines":[99816,99821],"attr":"heat","postal_code":"781-5602","address":"高知県香南市夜須町千切573-39","voronoi":{"type":"Feature","geometry":{"type":"Polygon","coordinates":[[[133.775821,33.617806],[133.74389,33.520987],[133.792731,33.571278],[133.807411,33.610709],[133.81559,33.638077],[133.775821,33.617806]]]},"properties":{}},"extra":false},
    {"code":9982112,"id":21639,"name":"手結","original_name":"手結","name_kana":"てい","closed":true,"lat":33.531989,"lng":133.756934,"prefecture":39,"lines":[99821],"postal_code":"781-5602","address":"高知県香南市夜須町千切５２５","open_date":"1924-12-08","closed_date":"1974-04-01","voronoi":{"type":"Feature","geometry":{"type":"Polygon","coordinates":[[[133.792731,33.571278],[133.74389,33.520987],[133.743336,33.519738],[133.776601,33.537185],[133.777603,33.538033],[133.786814,33.556386],[133.79171,33.568243],[133.792731,33.571278]]]},"properties":{}},"extra":true},
    {"code":9982113,"id":21640,"name":"海浜学校前","original_name":"海浜学校前","name_kana":"かいひんがっこうまえ","closed":true,"lat":33.52396,"lng":133.761145,"prefecture":39,"lines":[99821],"postal_code":"781-5622","address":"高知県香南市夜須町手結山１７４１","closed_date":"1974-04-01","voronoi":{"type":"Feature","geometry":{"type":"Polygon","coordinates":[[[133.729218,33.500121],[133.734853,33.508991],[133.743336,33.519738],[133.776601,33.537185],[133.704886,33.441641],[133.726649,33.495303],[133.729218,33.500121]]]},"properties":{}},"extra":true},
    {"code":9982114,"id":21641,"name":"土佐住吉","original_name":"土佐住吉","name_kana":"とさすみよし","closed":true,"lat":33.518651,"lng":133.768218,"prefecture":39,"lines":[99821],"postal_code":"781-5622","address":"高知県香南市夜須町手結山２７０−３","open_date":"1930-04-01","closed_date":"1974-04-01","voronoi":{"type":"Feature","geometry":{"type":"Polygon","coordinates":[[[133.619221,33.122001],[133.66044,32.966614],[133.671979,32.9498],[133.739144,33.132982],[133.758603,33.191038],[133.762429,33.218433],[133.777603,33.538033],[133.776601,33.537185],[133.704886,33.441641],[133.636462,33.292313],[133.619221,33.122001]]]},"properties":{}},"extra":true},
    {"code":9982115,"id":21642,"name":"長谷寄","original_name":"長谷寄","name_kana":"はせより","closed":true,"lat":33.517849,"lng":133.78511,"prefecture":39,"lines":[99821],"postal_code":"781-5703","address":"高知県安芸郡芸西村西分甲５０８２","open_date":"1930-04-01","closed_date":"1974-04-01","voronoi":{"type":"Feature","geometry":{"type":"Polygon","coordinates":[[[133.777603,33.538033],[133.762429,33.218433],[133.791639,33.391795],[133.786814,33.556386],[133.777603,33.538033]]]},"properties":{}},"extra":true},
    {"code":9982116,"id":21643,"name":"西分(土佐電鉄)","original_name":"西分","name_kana":"にしぶん","closed":true,"lat":33.518341,"lng":133.7975,"prefecture":39,"lines":[99821],"postal_code":"781-5703","address":"高知県安芸郡芸西村西分甲５０８２−２４９","open_date":"1930-04-01","closed_date":"1974-04-01","voronoi":{"type":"Feature","geometry":{"type":"Polygon","coordinates":[[[133.79171,33.568243],[133.792731,33.571278],[133.807411,33.610709],[133.800221,33.435079],[133.79852,33.427697],[133.79171,33.568243]]]},"properties":{}},"extra":true},
    {"code":9981610,"id":8659,"name":"和食","original_name":"和食","name_kana":"わじき","closed":false,"lat":33.51784,"lng":133.809739,"prefecture":39,"lines":[99816,99821],"attr":"heat","postal_code":"781-5701","address":"安芸郡芸西村和食甲９６-１","voronoi":{"type":"Feature","geometry":{"type":"Polygon","coordinates":[[[133.81559,33.638077],[133.807411,33.610709],[133.800221,33.435079],[133.812185,33.473739],[133.833869,33.653889],[133.81559,33.638077]]]},"properties":{}},"extra":false},
    {"code":9981611,"id":8660,"name":"赤野","original_name":"赤野","name_kana":"あかの","closed":false,"lat":33.516,"lng":133.825026,"prefecture":39,"lines":[99816,99821],"attr":"heat","postal_code":"784-0034","address":"安芸市赤野乙外浜田２９３３","voronoi":{"type":"Feature","geometry":{"type":"Polygon","coordinates":[[[133.812185,33.473739],[133.833869,33.653889],[133.850444,33.669927],[133.887053,33.678452],[133.857461,33.561711],[133.812185,33.473739]]]},"properties":{}},"extra":false},
    {"code":9982119,"id":21644,"name":"八流","original_name":"八流","name_kana":"やながれ","closed":true,"lat":33.50875,"lng":133.839113,"prefecture":39,"lines":[99821],"postal_code":"784-0033","address":"高知県安芸市赤野甲","closed_date":"1974-04-01","voronoi":{"type":"Feature","geometry":{"type":"Polygon","coordinates":[[[133.812185,33.473739],[133.857461,33.561711],[133.855081,33.539445],[133.825101,33.334954],[133.758603,33.191038],[133.762429,33.218433],[133.791639,33.391795],[133.79852,33.427697],[133.800221,33.435079],[133.812185,33.473739]]]},"properties":{}},"extra":true},
    {"code":9982120,"id":21645,"name":"穴内(土佐電鉄)","original_name":"穴内","name_kana":"あなない","closed":true,"lat":33.505458,"lng":133.861567,"prefecture":39,"lines":[99821],"postal_code":"784-0032","address":"高知県安芸市穴内乙８１−１","open_date":"1930-04-01","closed_date":"1974-04-01","voronoi":{"type":"Feature","geometry":{"type":"Polygon","coordinates":[[[133.855081,33.539445],[133.825101,33.334954],[133.862383,33.40353],[133.871466,33.468731],[133.855081,33.539445]]]},"properties":{}},"extra":true},
    {"code":9982121,"id":21646,"name":"安芸(土佐電鉄)","original_name":"安芸","name_kana":"あき","closed":true,"lat":33.501354,"lng":133.891026,"prefecture":39,"lines":[99821],"postal_code":"784-0025","address":"高知県安芸市津久茂町２","open_date":"1930-04-01","closed_date":"1974-04-01","voronoi":{"type":"Feature","geometry":{"type":"Polygon","coordinates":[[[133.897618,33.450424],[133.862383,33.40353],[133.871466,33.468731],[133.877752,33.504493],[133.895047,33.501267],[133.902974,33.48383],[133.904643,33.476179],[133.897618,33.450424]]]},"properties":{}},"extra":true}
  ],
  "closed_date":"1974-04-01",
  "extra":true
}