{
  "code":99905,
  "id":562,
  "name":"福岡市営地下鉄空港線",
  "name_kana":"ふくおかしえいちかてつくうこうせん",
  "station_size":13,
  "company_code":231,
  "closed":false,
  "color":"#EE5511",
  "symbol":"K",
  "station_list":[
    {"code":9990501,"id":8784,"name":"福岡空港","original_name":"福岡空港","name_kana":"ふくおかくうこう","closed":false,"lat":33.59718,"lng":130.448501,"prefecture":40,"numbering":["K13"],"lines":[99905],"attr":"eco","postal_code":"812-0003","address":"福岡市博多区大字下臼井","voronoi":{"type":"Feature","geometry":{"type":"Polygon","coordinates":[[[130.462771,33.575361],[130.452807,33.575385],[130.445767,33.579555],[130.436185,33.602404],[130.436404,33.602949],[130.442705,33.604314],[130.453572,33.600794],[130.463428,33.5789],[130.462771,33.575361]]]},"properties":{}},"extra":false},
    {"code":9990502,"id":8785,"name":"東比恵","original_name":"東比恵","name_kana":"ひがしひえ","closed":false,"lat":33.589958,"lng":130.43128,"prefecture":40,"numbering":["K12"],"lines":[99905],"attr":"eco","postal_code":"812-0007","address":"福岡市博多区東比恵２丁目","voronoi":{"type":"Feature","geometry":{"type":"Polygon","coordinates":[[[130.430556,33.579308],[130.425922,33.582908],[130.425978,33.596628],[130.430943,33.600084],[130.436185,33.602404],[130.445767,33.579555],[130.430556,33.579308]]]},"properties":{}},"extra":false},
    {"code":100319,"id":4022,"name":"博多","original_name":"博多","name_kana":"はかた","closed":false,"lat":33.590002,"lng":130.420622,"prefecture":40,"numbering":["K11"],"lines":[1003,1010,11901,11902,11903,11908,11909,99905,99907],"attr":"heat","postal_code":"812-0012","address":"福岡市博多区博多駅中央街","voronoi":{"type":"Feature","geometry":{"type":"Polygon","coordinates":[[[130.425978,33.596628],[130.425053,33.596691],[130.419857,33.593729],[130.419797,33.593638],[130.419641,33.586582],[130.422843,33.582953],[130.425922,33.582908],[130.425978,33.596628]]]},"properties":{}},"extra":false},
    {"code":9990504,"id":8786,"name":"祇園(福岡)","original_name":"祇園","name_kana":"ぎおん","closed":false,"lat":33.594124,"lng":130.414614,"prefecture":40,"numbering":["K10"],"lines":[99905],"attr":"eco","postal_code":"812-0037","address":"福岡市博多区御供所町","voronoi":{"type":"Feature","geometry":{"type":"Polygon","coordinates":[[[130.414923,33.59622],[130.412794,33.592848],[130.413652,33.591324],[130.416284,33.594693],[130.414923,33.59622]]]},"properties":{}},"extra":false},
    {"code":9990505,"id":8787,"name":"中洲川端","original_name":"中洲川端","name_kana":"なかすかわばた","closed":false,"lat":33.594749,"lng":130.406418,"prefecture":40,"numbering":["K09","H01"],"lines":[99905,99906],"attr":"eco","postal_code":"812-0026","address":"福岡市博多区上川端町","voronoi":{"type":"Feature","geometry":{"type":"Polygon","coordinates":[[[130.403673,33.59653],[130.404321,33.597275],[130.40842,33.593089],[130.407979,33.592404],[130.403673,33.59653]]]},"properties":{}},"extra":false},
    {"code":9990506,"id":8788,"name":"天神","original_name":"天神","name_kana":"てんじん","closed":false,"lat":33.591346,"lng":130.39906,"prefecture":40,"numbering":["K08"],"lines":[99905,36010,36011],"attr":"eco","postal_code":"810-0001","address":"福岡市中央区天神２丁目","voronoi":{"type":"Feature","geometry":{"type":"Polygon","coordinates":[[[130.401009,33.590592],[130.400323,33.593445],[130.397421,33.592588],[130.397975,33.589744],[130.401009,33.590592]]]},"properties":{}},"extra":false},
    {"code":9990507,"id":8789,"name":"赤坂(福岡)","original_name":"赤坂","name_kana":"あかさか","closed":false,"lat":33.589124,"lng":130.391005,"prefecture":40,"numbering":["K07"],"lines":[99905],"attr":"eco","postal_code":"810-0042","address":"福岡市中央区赤坂１丁目","voronoi":{"type":"Feature","geometry":{"type":"Polygon","coordinates":[[[130.388056,33.596266],[130.389852,33.58343],[130.393005,33.58455],[130.388056,33.596266]]]},"properties":{}},"extra":false},
    {"code":9990508,"id":8790,"name":"大濠公園","original_name":"大濠公園","name_kana":"おおほりこうえん","closed":false,"lat":33.589957,"lng":130.378784,"prefecture":40,"numbering":["K06"],"lines":[99905],"attr":"heat","postal_code":"810-0074","address":"福岡市中央区大手門１丁目","voronoi":{"type":"Feature","geometry":{"type":"Polygon","coordinates":[[[130.37923,33.584071],[130.379107,33.584063],[130.378241,33.584443],[130.376586,33.585794],[130.378231,33.599651],[130.379568,33.58556],[130.37923,33.584071]]]},"properties":{}},"extra":false},
    {"code":9990509,"id":8791,"name":"唐人町","original_name":"唐人町","name_kana":"とうじんまち","closed":false,"lat":33.590235,"lng":130.370451,"prefecture":40,"numbering":["K05"],"lines":[99905,36011],"attr":"heat","postal_code":"810-0063","address":"福岡市中央区唐人町１丁目","voronoi":{"type":"Feature","geometry":{"type":"Polygon","coordinates":[[[130.372168,33.621893],[130.352723,33.617776],[130.369962,33.586286],[130.370617,33.586157],[130.373018,33.586964],[130.372168,33.621893]]]},"properties":{}},"extra":false},
    {"code":9990510,"id":8792,"name":"西新","original_name":"西新","name_kana":"にしじん","closed":false,"lat":33.583846,"lng":130.359619,"prefecture":40,"numbering":["K04"],"lines":[99905,36011,36013],"attr":"heat","postal_code":"814-0002","address":"福岡市早良区西新３丁目","voronoi":{"type":"Feature","geometry":{"type":"Polygon","coordinates":[[[130.353337,33.597898],[130.358242,33.577188],[130.359161,33.576414],[130.362376,33.583465],[130.353337,33.597898]]]},"properties":{}},"extra":false},
    {"code":9990511,"id":8793,"name":"藤崎(福岡)","original_name":"藤崎","name_kana":"ふじさき","closed":false,"lat":33.581347,"lng":130.348231,"prefecture":40,"numbering":["K03"],"lines":[99905,36011],"attr":"cool","postal_code":"814-0006","address":"福岡市早良区百道２丁目","voronoi":{"type":"Feature","geometry":{"type":"Polygon","coordinates":[[[130.345057,33.605289],[130.345769,33.608384],[130.351735,33.578941],[130.347543,33.576618],[130.345057,33.605289]]]},"properties":{}},"extra":false},
    {"code":9990512,"id":8794,"name":"室見","original_name":"室見","name_kana":"むろみ","closed":false,"lat":33.581069,"lng":130.340176,"prefecture":40,"numbering":["K02"],"lines":[99905],"attr":"cool","postal_code":"814-0015","address":"福岡市早良区室見１丁目","voronoi":{"type":"Feature","geometry":{"type":"Polygon","coordinates":[[[130.333328,33.567352],[130.342884,33.596243],[130.34292,33.593897],[130.338901,33.565784],[130.337196,33.565912],[130.333328,33.567352]]]},"properties":{}},"extra":false},
    {"code":1190907,"id":4274,"name":"姪浜","original_name":"姪浜","name_kana":"めいのはま","closed":false,"lat":33.583764,"lng":130.32521,"prefecture":40,"numbering":["K01"],"lines":[11909,99905],"attr":"heat","postal_code":"819-0002","address":"福岡市西区姪の浜４丁目","voronoi":{"type":"Feature","geometry":{"type":"Polygon","coordinates":[[[130.316487,33.584944],[130.318076,33.570219],[130.328848,33.568655],[130.329931,33.577535],[130.328195,33.585797],[130.316487,33.584944]]]},"properties":{}},"extra":false}
  ],
  "extra":false
}