{
  "code":99904,
  "id":"20db06",
  "name":"平成筑豊鉄道田川線",
  "name_kana":"へいせいちくほうてつどうたがわせん",
  "station_size":17,
  "company_code":230,
  "closed":false,
  "station_list":[
    {"code":1191413,"id":"ba5347","name":"田川伊田","original_name":"田川伊田","name_kana":"たがわいた","closed":false,"lat":33.642046,"lng":130.817688,"prefecture":40,"numbering":["HC15"],"lines":[11914,99902,99904,11931,11933],"attr":"eco","postal_code":"825-0002","address":"田川市伊田","voronoi":{"type":"Feature","geometry":{"type":"Polygon","coordinates":[[[130.824477,33.622288],[130.82938,33.633785],[130.81935,33.654535],[130.806754,33.640982],[130.806471,33.639867],[130.815919,33.625834],[130.824477,33.622288]]]},"properties":{}},"extra":false},
    {"code":9990402,"id":"d483e8","name":"上伊田","original_name":"上伊田","name_kana":"かみいた","closed":false,"lat":33.648079,"lng":130.83017,"prefecture":40,"numbering":["HC16"],"lines":[99904],"attr":"eco","postal_code":"825-0002","address":"田川市大字伊田１１９５-２","voronoi":{"type":"Feature","geometry":{"type":"Polygon","coordinates":[[[130.81935,33.654535],[130.82938,33.633785],[130.830513,33.634669],[130.832441,33.65245],[130.820417,33.660892],[130.81935,33.654535]]]},"properties":{}},"extra":false},
    {"code":9990403,"id":"2297a3","name":"勾金","original_name":"勾金","name_kana":"まがりかね","closed":false,"lat":33.651568,"lng":130.841939,"prefecture":40,"numbering":["HC17"],"lines":[99904,11933],"attr":"eco","postal_code":"822-1405","address":"田川郡香春町大字中津原","voronoi":{"type":"Feature","geometry":{"type":"Polygon","coordinates":[[[130.841781,33.641251],[130.837034,33.651321],[130.84289,33.659331],[130.848015,33.657544],[130.848048,33.641708],[130.841781,33.641251]]]},"properties":{}},"extra":false},
    {"code":9990404,"id":"a45a6d","name":"柿下温泉口","original_name":"柿下温泉口","name_kana":"かきしたおんせんぐち","closed":false,"lat":33.651593,"lng":130.854116,"prefecture":40,"numbering":["HC18"],"lines":[99904],"attr":"eco","postal_code":"822-1404","address":"田川郡香春町柿下","voronoi":{"type":"Feature","geometry":{"type":"Polygon","coordinates":[[[130.848015,33.657544],[130.893782,33.680234],[130.894724,33.68025],[130.891727,33.667763],[130.85227,33.639511],[130.848048,33.641708],[130.848015,33.657544]]]},"properties":{}},"extra":false},
    {"code":9990405,"id":"137285","name":"内田","original_name":"内田","name_kana":"うちだ","closed":false,"lat":33.637367,"lng":130.864302,"prefecture":40,"numbering":["HC19"],"lines":[99904],"attr":"eco","postal_code":"824-0432","address":"田川郡赤村大字内田","voronoi":{"type":"Feature","geometry":{"type":"Polygon","coordinates":[[[130.891727,33.667763],[130.85227,33.639511],[130.857148,33.623357],[130.884977,33.634007],[130.891234,33.64336],[130.891727,33.667763]]]},"properties":{}},"extra":false},
    {"code":9990406,"id":"d330d4","name":"赤","original_name":"赤","name_kana":"あか","closed":false,"lat":33.617703,"lng":130.871827,"prefecture":40,"numbering":["HC20"],"lines":[99904],"attr":"eco","postal_code":"824-0432","address":"田川郡赤村大字内田","voronoi":{"type":"Feature","geometry":{"type":"Polygon","coordinates":[[[130.884879,33.632458],[130.884977,33.634007],[130.857148,33.623357],[130.855082,33.618968],[130.872756,33.601629],[130.884879,33.632458]]]},"properties":{}},"extra":false},
    {"code":9990407,"id":"123c05","name":"油須原","original_name":"油須原","name_kana":"ゆすばる","closed":false,"lat":33.612765,"lng":130.884384,"prefecture":40,"numbering":["HC21"],"lines":[99904,11933],"attr":"eco","postal_code":"824-0431","address":"田川郡赤村大字赤","voronoi":{"type":"Feature","geometry":{"type":"Polygon","coordinates":[[[130.872756,33.601629],[130.876887,33.59074],[130.889819,33.578127],[130.903335,33.569815],[130.884879,33.632458],[130.872756,33.601629]]]},"properties":{}},"extra":false},
    {"code":9990408,"id":"e6b0a8","name":"源じいの森","original_name":"源じいの森","name_kana":"げんじいのもり","closed":false,"lat":33.616179,"lng":130.895972,"prefecture":40,"numbering":["HC22"],"lines":[99904],"attr":"eco","postal_code":"824-0431","address":"田川郡赤村赤","voronoi":{"type":"Feature","geometry":{"type":"Polygon","coordinates":[[[130.884977,33.634007],[130.884879,33.632458],[130.903335,33.569815],[130.907093,33.566773],[130.927153,33.555974],[130.970049,33.538078],[130.992561,33.532837],[130.891234,33.64336],[130.884977,33.634007]]]},"properties":{}},"extra":false},
    {"code":9990409,"id":"fe1d07","name":"崎山","original_name":"崎山","name_kana":"さきやま","closed":false,"lat":33.636285,"lng":130.917903,"prefecture":40,"numbering":["HC23"],"lines":[99904,11933],"attr":"heat","postal_code":"824-0224","address":"京都郡みやこ町犀川崎山","voronoi":{"type":"Feature","geometry":{"type":"Polygon","coordinates":[[[130.900428,33.685438],[130.894724,33.68025],[130.891727,33.667763],[130.891234,33.64336],[130.992561,33.532837],[130.998944,33.530539],[130.998982,33.530582],[130.999554,33.537934],[130.900428,33.685438]]]},"properties":{}},"extra":false},
    {"code":9990410,"id":"216804","name":"犀川","original_name":"犀川","name_kana":"さいがわ","closed":false,"lat":33.650689,"lng":130.939337,"prefecture":40,"numbering":["HC24"],"lines":[99904,11933],"attr":"heat","postal_code":"824-0231","address":"京都郡みやこ町犀川本庄","voronoi":{"type":"Feature","geometry":{"type":"Polygon","coordinates":[[[130.999554,33.537934],[130.900428,33.685438],[130.904548,33.69169],[130.999693,33.606036],[131.001049,33.546209],[130.999554,33.537934]]]},"properties":{}},"extra":false},
    {"code":9990411,"id":"9ad9ac","name":"東犀川三四郎","original_name":"東犀川三四郎","name_kana":"ひがしさいがわさんしろう","closed":false,"lat":33.661385,"lng":130.948966,"prefecture":40,"numbering":["HC25"],"lines":[99904],"attr":"heat","postal_code":"824-0203","address":"京都郡みやこ町犀川続命院","voronoi":{"type":"Feature","geometry":{"type":"Polygon","coordinates":[[[130.943655,33.681057],[130.997511,33.636928],[131.000369,33.615228],[130.999693,33.606036],[130.904548,33.69169],[130.908508,33.699919],[130.943655,33.681057]]]},"properties":{}},"extra":false},
    {"code":9990412,"id":"9554de","name":"新豊津","original_name":"新豊津","name_kana":"しんとよつ","closed":false,"lat":33.679717,"lng":130.963987,"prefecture":40,"numbering":["HC26"],"lines":[99904],"attr":"heat","postal_code":"824-0122","address":"京都郡みやこ町彦徳","voronoi":{"type":"Feature","geometry":{"type":"Polygon","coordinates":[[[130.997511,33.636928],[130.943655,33.681057],[130.986453,33.686569],[130.998779,33.651168],[130.997511,33.636928]]]},"properties":{}},"extra":false},
    {"code":9990413,"id":"84aa49","name":"豊津(福岡)","original_name":"豊津","name_kana":"とよつ","closed":false,"lat":33.687505,"lng":130.962984,"prefecture":40,"numbering":["HC27"],"lines":[99904,11933],"attr":"heat","postal_code":"824-0037","address":"行橋市大字矢留","voronoi":{"type":"Feature","geometry":{"type":"Polygon","coordinates":[[[130.986453,33.686569],[130.985578,33.691754],[130.909294,33.704238],[130.908508,33.699919],[130.943655,33.681057],[130.986453,33.686569]]]},"properties":{}},"extra":false},
    {"code":9990414,"id":"a7e153","name":"今川河童","original_name":"今川河童","name_kana":"いまがわかっぱ","closed":false,"lat":33.702983,"lng":130.965517,"prefecture":40,"numbering":["HC28"],"lines":[99904],"attr":"cool","postal_code":"824-0043","address":"行橋市大字流末","voronoi":{"type":"Feature","geometry":{"type":"Polygon","coordinates":[[[130.909992,33.721653],[130.909294,33.704238],[130.985578,33.691754],[130.986117,33.694699],[130.985309,33.695643],[130.942186,33.720531],[130.912265,33.726188],[130.909992,33.721653]]]},"properties":{}},"extra":false},
    {"code":9990415,"id":"9390ff","name":"美夜古泉","original_name":"美夜古泉","name_kana":"みやこいずみ","closed":false,"lat":33.709108,"lng":130.969052,"prefecture":40,"numbering":["HC29"],"lines":[99904],"attr":"cool","postal_code":"824-0000","address":"行橋市大字福富","voronoi":{"type":"Feature","geometry":{"type":"Polygon","coordinates":[[[130.942186,33.720531],[130.959738,33.719381],[130.977146,33.709277],[130.985309,33.695643],[130.942186,33.720531]]]},"properties":{}},"extra":false},
    {"code":9990417,"id":"589a5d","name":"令和コスタ行橋","original_name":"令和コスタ行橋","name_kana":"れいわこすたゆくはし","closed":false,"lat":33.716389,"lng":130.973278,"prefecture":40,"numbering":["HC30"],"lines":[99904],"attr":"cool","postal_code":"824-0038","address":"福岡県行橋市西泉6丁目2736-4","open_date":"2019-08-24","voronoi":{"type":"Feature","geometry":{"type":"Polygon","coordinates":[[[130.959738,33.719381],[130.977146,33.709277],[130.977252,33.723722],[130.959738,33.719381]]]},"properties":{}},"extra":false},
    {"code":1190613,"id":"7640c5","name":"行橋","original_name":"行橋","name_kana":"ゆくはし","closed":false,"lat":33.72835,"lng":130.970313,"prefecture":40,"numbering":["HC31"],"lines":[11906,99904,11933],"attr":"cool","postal_code":"824-0031","address":"行橋市西宮市２丁目","voronoi":{"type":"Feature","geometry":{"type":"Polygon","coordinates":[[[130.916712,33.744331],[130.912265,33.726188],[130.942186,33.720531],[130.959738,33.719381],[130.977252,33.723722],[130.994366,33.739109],[130.916712,33.744331]]]},"properties":{}},"extra":false}
  ],
  "extra":false
}