{
  "code":99915,
  "id":"adbf2f",
  "name":"長崎電軌４系統",
  "name_kana":"ながさきでんきよんけいとう",
  "station_size":10,
  "company_code":236,
  "closed":false,
  "color":"#FFCC00",
  "station_list":[
    {"code":9991401,"id":"3af478","name":"蛍茶屋","original_name":"蛍茶屋","name_kana":"ほたるぢゃや","closed":false,"lat":32.751135,"lng":129.894254,"prefecture":42,"numbering":["43"],"lines":[99914,99915,99916],"attr":"cool","postal_code":"850-0013","address":"長崎市中川町２","voronoi":{"type":"Feature","geometry":{"type":"Polygon","coordinates":[[[129.889898,32.744133],[129.900997,32.77868],[129.956672,32.733914],[130.017758,32.659936],[129.995396,32.612179],[129.889898,32.744133]]]},"properties":{}},"extra":false},
    {"code":9991402,"id":"80cc1b","name":"新中川町","original_name":"新中川町","name_kana":"しんなかがわまち","closed":false,"lat":32.752362,"lng":129.890435,"prefecture":42,"numbering":["41"],"lines":[99914,99915,99916],"attr":"cool","postal_code":"850-0014","address":"長崎市新中川町","voronoi":{"type":"Feature","geometry":{"type":"Polygon","coordinates":[[[129.893899,32.783847],[129.894701,32.784523],[129.900997,32.77868],[129.889898,32.744133],[129.888533,32.745172],[129.888694,32.77843],[129.889593,32.779747],[129.893899,32.783847]]]},"properties":{}},"extra":false},
    {"code":9991403,"id":"320f45","name":"新大工町","original_name":"新大工町","name_kana":"しんだいくまち","closed":false,"lat":32.75238,"lng":129.886701,"prefecture":42,"numbering":["40"],"lines":[99914,99915,99916],"attr":"cool","postal_code":"850-0017","address":"長崎市新大工町","voronoi":{"type":"Feature","geometry":{"type":"Polygon","coordinates":[[[129.888533,32.745172],[129.885947,32.746256],[129.885032,32.748127],[129.887397,32.776795],[129.888694,32.77843],[129.888533,32.745172]]]},"properties":{}},"extra":false},
    {"code":9991404,"id":"d267b3","name":"諏訪神社","original_name":"諏訪神社","name_kana":"すわじんじゃ","closed":false,"lat":32.752596,"lng":129.884083,"prefecture":42,"numbering":["39"],"lines":[99914,99915,99916],"attr":"eco","postal_code":"850-0023","address":"長崎市出来大工町","voronoi":{"type":"Feature","geometry":{"type":"Polygon","coordinates":[[[129.881522,32.769773],[129.878544,32.761142],[129.878209,32.759224],[129.879221,32.754408],[129.885032,32.748127],[129.887397,32.776795],[129.886142,32.775376],[129.881522,32.769773]]]},"properties":{}},"extra":false},
    {"code":9991405,"id":"0657b6","name":"市役所","original_name":"市役所","name_kana":"しやくしょ","closed":false,"lat":32.74942,"lng":129.88065,"prefecture":42,"numbering":["38"],"lines":[99914,99915,99916],"attr":"eco","postal_code":"850-0874","address":"長崎市魚の町","voronoi":{"type":"Feature","geometry":{"type":"Polygon","coordinates":[[[129.885947,32.746256],[129.885032,32.748127],[129.879221,32.754408],[129.877915,32.749506],[129.88169,32.746001],[129.883865,32.745876],[129.885947,32.746256]]]},"properties":{}},"extra":false},
    {"code":9991506,"id":"0d063f","name":"めがね橋","original_name":"めがね橋","name_kana":"めがねばし","closed":false,"lat":32.746785,"lng":129.878204,"prefecture":42,"numbering":["37"],"lines":[99915,99916],"attr":"cool","postal_code":"850-0875","address":"長崎市栄町","voronoi":{"type":"Feature","geometry":{"type":"Polygon","coordinates":[[[129.878542,32.745062],[129.874971,32.747519],[129.877915,32.749506],[129.88169,32.746001],[129.879575,32.744928],[129.878542,32.745062]]]},"properties":{}},"extra":false},
    {"code":9991511,"id":"dd6d32","name":"浜町アーケード","original_name":"浜町アーケード","name_kana":"はまのまちあーけーど","closed":false,"lat":32.744762,"lng":129.876812,"prefecture":42,"numbering":["36"],"lines":[99915,99916],"attr":"cool","postal_code":"850-0853","address":"長崎市浜町","voronoi":{"type":"Feature","geometry":{"type":"Polygon","coordinates":[[[129.878542,32.745062],[129.876929,32.743848],[129.874489,32.745742],[129.874594,32.747165],[129.874947,32.747514],[129.874971,32.747519],[129.878542,32.745062]]]},"properties":{}},"extra":false},
    {"code":9991324,"id":"21b793","name":"観光通り","original_name":"観光通り","name_kana":"かんこうどおり","closed":false,"lat":32.743483,"lng":129.877775,"prefecture":42,"numbering":["33"],"lines":[99913,99915],"attr":"eco","postal_code":"850-0853","address":"長崎県長崎市浜町","voronoi":{"type":"Feature","geometry":{"type":"Polygon","coordinates":[[[129.877474,32.738029],[129.876644,32.741858],[129.876929,32.743848],[129.878542,32.745062],[129.879575,32.744928],[129.877474,32.738029]]]},"properties":{}},"extra":false},
    {"code":9991325,"id":"ef3c8c","name":"思案橋","original_name":"思案橋","name_kana":"しあんばし","closed":false,"lat":32.742725,"lng":129.880264,"prefecture":42,"numbering":["34"],"lines":[99913,99915],"attr":"eco","postal_code":"850-0832","address":"長崎市油屋町","voronoi":{"type":"Feature","geometry":{"type":"Polygon","coordinates":[[[129.88169,32.746001],[129.879575,32.744928],[129.877474,32.738029],[129.877463,32.737609],[129.877517,32.737414],[129.87775,32.737198],[129.883865,32.745876],[129.88169,32.746001]]]},"properties":{}},"extra":false},
    {"code":9991326,"id":"bc5985","name":"崇福寺","original_name":"崇福寺","name_kana":"そうふくじ","closed":false,"lat":32.741425,"lng":129.882109,"prefecture":42,"numbering":["35"],"lines":[99913,99915],"attr":"eco","postal_code":"850-0832","address":"長崎市油屋町","voronoi":{"type":"Feature","geometry":{"type":"Polygon","coordinates":[[[129.98635,32.590339],[129.87775,32.737198],[129.883865,32.745876],[129.885947,32.746256],[129.888533,32.745172],[129.889898,32.744133],[129.995396,32.612179],[129.98635,32.590339]]]},"properties":{}},"extra":false}
  ],
  "extra":false
}