{
  "code":99916,
  "id":"c64b54",
  "name":"長崎電軌５系統",
  "name_kana":"ながさきでんきごけいとう",
  "station_size":13,
  "company_code":236,
  "closed":false,
  "color":"#005A52",
  "station_list":[
    {"code":9991401,"id":"3af478","name":"蛍茶屋","original_name":"蛍茶屋","name_kana":"ほたるぢゃや","closed":false,"lat":32.751135,"lng":129.894254,"prefecture":42,"numbering":["43"],"lines":[99914,99915,99916],"attr":"cool","postal_code":"850-0013","address":"長崎市中川町２","voronoi":{"type":"Feature","geometry":{"type":"Polygon","coordinates":[[[129.889898,32.744133],[129.900997,32.77868],[129.956672,32.733914],[130.017758,32.659936],[129.995396,32.612179],[129.889898,32.744133]]]},"properties":{}},"extra":false},
    {"code":9991402,"id":"80cc1b","name":"新中川町","original_name":"新中川町","name_kana":"しんなかがわまち","closed":false,"lat":32.752362,"lng":129.890435,"prefecture":42,"numbering":["41"],"lines":[99914,99915,99916],"attr":"cool","postal_code":"850-0014","address":"長崎市新中川町","voronoi":{"type":"Feature","geometry":{"type":"Polygon","coordinates":[[[129.893899,32.783847],[129.894701,32.784523],[129.900997,32.77868],[129.889898,32.744133],[129.888533,32.745172],[129.888694,32.77843],[129.889593,32.779747],[129.893899,32.783847]]]},"properties":{}},"extra":false},
    {"code":9991403,"id":"320f45","name":"新大工町","original_name":"新大工町","name_kana":"しんだいくまち","closed":false,"lat":32.75238,"lng":129.886701,"prefecture":42,"numbering":["40"],"lines":[99914,99915,99916],"attr":"cool","postal_code":"850-0017","address":"長崎市新大工町","voronoi":{"type":"Feature","geometry":{"type":"Polygon","coordinates":[[[129.888533,32.745172],[129.885947,32.746256],[129.885032,32.748127],[129.887397,32.776795],[129.888694,32.77843],[129.888533,32.745172]]]},"properties":{}},"extra":false},
    {"code":9991404,"id":"d267b3","name":"諏訪神社","original_name":"諏訪神社","name_kana":"すわじんじゃ","closed":false,"lat":32.752596,"lng":129.884083,"prefecture":42,"numbering":["39"],"lines":[99914,99915,99916],"attr":"eco","postal_code":"850-0023","address":"長崎市出来大工町","voronoi":{"type":"Feature","geometry":{"type":"Polygon","coordinates":[[[129.881522,32.769773],[129.878544,32.761142],[129.878209,32.759224],[129.879221,32.754408],[129.885032,32.748127],[129.887397,32.776795],[129.886142,32.775376],[129.881522,32.769773]]]},"properties":{}},"extra":false},
    {"code":9991405,"id":"0657b6","name":"市役所","original_name":"市役所","name_kana":"しやくしょ","closed":false,"lat":32.74942,"lng":129.88065,"prefecture":42,"numbering":["38"],"lines":[99914,99915,99916],"attr":"eco","postal_code":"850-0874","address":"長崎市魚の町","voronoi":{"type":"Feature","geometry":{"type":"Polygon","coordinates":[[[129.885947,32.746256],[129.885032,32.748127],[129.879221,32.754408],[129.877915,32.749506],[129.88169,32.746001],[129.883865,32.745876],[129.885947,32.746256]]]},"properties":{}},"extra":false},
    {"code":9991506,"id":"0d063f","name":"めがね橋","original_name":"めがね橋","name_kana":"めがねばし","closed":false,"lat":32.746785,"lng":129.878204,"prefecture":42,"numbering":["37"],"lines":[99915,99916],"attr":"cool","postal_code":"850-0875","address":"長崎市栄町","voronoi":{"type":"Feature","geometry":{"type":"Polygon","coordinates":[[[129.874979,32.747525],[129.877915,32.749506],[129.88169,32.746001],[129.879575,32.744928],[129.87854,32.745062],[129.874979,32.747525]]]},"properties":{}},"extra":false},
    {"code":9991511,"id":"dd6d32","name":"浜町アーケード","original_name":"浜町アーケード","name_kana":"はまのまちあーけーど","closed":false,"lat":32.744769,"lng":129.87681,"prefecture":42,"numbering":["36"],"lines":[99915,99916],"attr":"cool","postal_code":"850-0853","address":"長崎市浜町","voronoi":{"type":"Feature","geometry":{"type":"Polygon","coordinates":[[[129.87693,32.743854],[129.874486,32.745734],[129.87459,32.747166],[129.874945,32.747517],[129.874979,32.747525],[129.87854,32.745062],[129.87693,32.743854]]]},"properties":{}},"extra":false},
    {"code":9991323,"id":"a74a70","name":"西浜町","original_name":"西浜町","name_kana":"にしはまのまち","closed":false,"lat":32.743735,"lng":129.876015,"prefecture":42,"numbering":["32"],"lines":[99913,99916],"attr":"cool","postal_code":"850-0853","address":"長崎市浜町","voronoi":{"type":"Feature","geometry":{"type":"Polygon","coordinates":[[[129.874486,32.745734],[129.874194,32.744894],[129.876644,32.741858],[129.87693,32.743854],[129.874486,32.745734]]]},"properties":{}},"extra":false},
    {"code":9991322,"id":"1d0e91","name":"新地中華街","original_name":"新地中華街","name_kana":"しんちちゅうかがい","closed":false,"lat":32.742869,"lng":129.874942,"prefecture":42,"numbering":["31"],"lines":[99913,99916],"attr":"cool","postal_code":"850-0841","address":"長崎市銅座町","voronoi":{"type":"Feature","geometry":{"type":"Polygon","coordinates":[[[129.877463,32.737609],[129.873136,32.742279],[129.873105,32.742697],[129.873509,32.744011],[129.874194,32.744894],[129.876644,32.741858],[129.877474,32.738029],[129.877463,32.737609]]]},"properties":{}},"extra":false},
    {"code":9991609,"id":"ef56b1","name":"メディカルセンター","original_name":"メディカルセンター","name_kana":"めでぃかるせんたー","closed":false,"lat":32.740523,"lng":129.87241,"prefecture":42,"numbering":["47"],"lines":[99916],"attr":"cool","postal_code":"850-0842","address":"長崎市新地町","voronoi":{"type":"Feature","geometry":{"type":"Polygon","coordinates":[[[129.877463,32.737609],[129.873136,32.742279],[129.869732,32.740395],[129.873975,32.737523],[129.874279,32.737403],[129.877517,32.737414],[129.877463,32.737609]]]},"properties":{}},"extra":false},
    {"code":9991610,"id":"1f2792","name":"大浦海岸通り","original_name":"大浦海岸通り","name_kana":"おおうらかいがんどおり","closed":false,"lat":32.737861,"lng":129.870608,"prefecture":42,"numbering":["48"],"lines":[99916],"attr":"heat","postal_code":"850-0918","address":"長崎県長崎市大浦町","voronoi":{"type":"Feature","geometry":{"type":"Polygon","coordinates":[[[129.819055,32.739282],[129.759706,32.723996],[129.873975,32.737523],[129.869732,32.740395],[129.851095,32.742969],[129.819055,32.739282]]]},"properties":{}},"extra":false},
    {"code":9991611,"id":"e38b03","name":"大浦天主堂","original_name":"大浦天主堂","name_kana":"おおうらてんしゅどう","closed":false,"lat":32.736408,"lng":129.87078,"prefecture":42,"numbering":["50"],"lines":[99916],"attr":"heat","postal_code":"850-0918","address":"長崎市大浦町","voronoi":{"type":"Feature","geometry":{"type":"Polygon","coordinates":[[[126.771881,31.08738],[125.381999,30.688415],[125.367211,30.693323],[128.800912,32.483728],[129.759706,32.723996],[129.873975,32.737523],[129.874279,32.737403],[128.512731,31.685847],[128.345741,31.609661],[127.805627,31.385727],[126.771881,31.08738]]]},"properties":{}},"extra":false},
    {"code":9991612,"id":"97b404","name":"石橋(長崎)","original_name":"石橋","name_kana":"いしばし","closed":false,"lat":32.734269,"lng":129.872432,"prefecture":42,"numbering":["51"],"lines":[99916],"attr":"heat","postal_code":"850-0918","address":"長崎市大浦町","voronoi":{"type":"Feature","geometry":{"type":"Polygon","coordinates":[[[129.874279,32.737403],[128.512731,31.685847],[129.797287,32.270686],[129.877632,32.31186],[129.932221,32.446482],[129.98635,32.590339],[129.87775,32.737198],[129.877517,32.737414],[129.874279,32.737403]]]},"properties":{}},"extra":false}
  ],
  "extra":false
}