{
  "code":99923,
  "id":"ae3954",
  "name":"熊本市電Ｂ系統",
  "name_kana":"くまもとしでんびーけいとう",
  "station_size":28,
  "company_code":241,
  "closed":false,
  "station_list":[
    {"code":9992301,"id":"3706a3","name":"上熊本(熊本市交通局)","original_name":"上熊本","name_kana":"かみくまもと","closed":false,"lat":32.81716,"lng":130.699266,"prefecture":43,"numbering":["B1"],"lines":[99923],"attr":"eco","postal_code":"860-0079","address":"熊本市上熊本２丁目","voronoi":{"type":"Feature","geometry":{"type":"Polygon","coordinates":[[[130.70831,32.816549],[130.707344,32.814912],[130.69869,32.816157],[130.700242,32.820812],[130.707638,32.818027],[130.70831,32.816549]]]},"properties":{}},"extra":false},
    {"code":9992302,"id":"956c31","name":"県立体育館前","original_name":"県立体育館前","name_kana":"けんりつたいいくかんまえ","closed":false,"lat":32.815032,"lng":130.69896,"prefecture":43,"numbering":["B2"],"lines":[99923],"attr":"eco","postal_code":"860-0079","address":"熊本市上熊本２丁目１７-３９地先","voronoi":{"type":"Feature","geometry":{"type":"Polygon","coordinates":[[[130.694231,32.815904],[130.69869,32.816157],[130.707344,32.814912],[130.705999,32.811769],[130.694231,32.815904]]]},"properties":{}},"extra":false},
    {"code":9992303,"id":"858744","name":"本妙寺入口","original_name":"本妙寺入口","name_kana":"ほんみょうじいりぐち","closed":false,"lat":32.813626,"lng":130.698466,"prefecture":43,"numbering":["B3"],"lines":[99923],"attr":"eco","postal_code":"860-0079","address":"熊本市上熊本２丁目１３-８地先","voronoi":{"type":"Feature","geometry":{"type":"Polygon","coordinates":[[[130.694231,32.815904],[130.687375,32.816584],[130.703892,32.809216],[130.70563,32.810613],[130.705999,32.811769],[130.694231,32.815904]]]},"properties":{}},"extra":false},
    {"code":9992304,"id":"ed8103","name":"杉塘","original_name":"杉塘","name_kana":"すぎども","closed":false,"lat":32.810308,"lng":130.696986,"prefecture":43,"numbering":["B4"],"lines":[99923],"attr":"eco","postal_code":"860-0079","address":"熊本市上熊本２丁目４-２２地先","voronoi":{"type":"Feature","geometry":{"type":"Polygon","coordinates":[[[130.703892,32.809216],[130.70237,32.807133],[130.699585,32.807133],[130.672415,32.818289],[130.678557,32.818909],[130.687375,32.816584],[130.703892,32.809216]]]},"properties":{}},"extra":false},
    {"code":9992305,"id":"430c18","name":"段山町","original_name":"段山町","name_kana":"だにやままち","closed":false,"lat":32.806701,"lng":130.695505,"prefecture":43,"numbering":["B5"],"lines":[99923],"attr":"eco","postal_code":"860-0006","address":"熊本市段山本町４-３８地先","voronoi":{"type":"Feature","geometry":{"type":"Polygon","coordinates":[[[130.699585,32.807133],[130.688957,32.801393],[130.686073,32.800682],[130.642548,32.81754],[130.672415,32.818289],[130.699585,32.807133]]]},"properties":{}},"extra":false},
    {"code":9992306,"id":"cc9f24","name":"蔚山町","original_name":"蔚山町","name_kana":"うるさんまち","closed":false,"lat":32.803959,"lng":130.696986,"prefecture":43,"numbering":["B6"],"lines":[99923],"attr":"eco","postal_code":"860-0004","address":"熊本市新町１丁目７-２６地先","voronoi":{"type":"Feature","geometry":{"type":"Polygon","coordinates":[[[130.701479,32.803277],[130.702203,32.805452],[130.70237,32.807133],[130.699585,32.807133],[130.688957,32.801393],[130.698802,32.801944],[130.70109,32.802879],[130.701479,32.803277]]]},"properties":{}},"extra":false},
    {"code":9992307,"id":"a802bb","name":"新町(熊本)","original_name":"新町","name_kana":"しんまち","closed":false,"lat":32.799739,"lng":130.697222,"prefecture":43,"numbering":["B7"],"lines":[99923],"attr":"eco","postal_code":"860-0004","address":"熊本市新町２丁目６-１０地先","voronoi":{"type":"Feature","geometry":{"type":"Polygon","coordinates":[[[130.698802,32.801944],[130.688957,32.801393],[130.686073,32.800682],[130.687708,32.799317],[130.690633,32.798232],[130.69754,32.797711],[130.698802,32.801944]]]},"properties":{}},"extra":false},
    {"code":9992308,"id":"870cd3","name":"洗馬橋","original_name":"洗馬橋","name_kana":"せんばばし","closed":false,"lat":32.799234,"lng":130.698917,"prefecture":43,"numbering":["B8"],"lines":[99923],"attr":"eco","postal_code":"860-0004","address":"熊本市新町２丁目３-７地先","voronoi":{"type":"Feature","geometry":{"type":"Polygon","coordinates":[[[130.698802,32.801944],[130.69754,32.797711],[130.699429,32.796628],[130.69994,32.796899],[130.700434,32.797804],[130.70109,32.802879],[130.698802,32.801944]]]},"properties":{}},"extra":false},
    {"code":9992309,"id":"210672","name":"西辛島町","original_name":"西辛島町","name_kana":"にしからしまちょう","closed":false,"lat":32.798801,"lng":130.702264,"prefecture":43,"numbering":["B9"],"lines":[99923],"attr":"eco","postal_code":"860-0804","address":"熊本市辛島町７-９地先","voronoi":{"type":"Feature","geometry":{"type":"Polygon","coordinates":[[[130.701479,32.803277],[130.703623,32.800312],[130.703689,32.798224],[130.700434,32.797804],[130.70109,32.802879],[130.701479,32.803277]]]},"properties":{}},"extra":false},
    {"code":9992208,"id":"fcd484","name":"辛島町","original_name":"辛島町","name_kana":"からしまちょう","closed":false,"lat":32.798891,"lng":130.705075,"prefecture":43,"numbering":["8"],"lines":[99922,99923],"attr":"eco","postal_code":"860-0803","address":"熊本市新市街７-１地先","voronoi":{"type":"Feature","geometry":{"type":"Polygon","coordinates":[[[130.703623,32.800312],[130.70917,32.7993],[130.709717,32.79872],[130.711693,32.794491],[130.711739,32.793641],[130.708409,32.792064],[130.706211,32.794065],[130.703689,32.798224],[130.703623,32.800312]]]},"properties":{}},"extra":false},
    {"code":9992209,"id":"d7d72d","name":"花畑町","original_name":"花畑町","name_kana":"はなばたちょう","closed":false,"lat":32.801128,"lng":130.705483,"prefecture":43,"numbering":["9"],"lines":[99922,99923],"attr":"eco","postal_code":"860-0806","address":"熊本市花畑町１２-１地先","voronoi":{"type":"Feature","geometry":{"type":"Polygon","coordinates":[[[130.708898,32.799828],[130.702203,32.805452],[130.701479,32.803277],[130.703623,32.800312],[130.70917,32.7993],[130.708898,32.799828]]]},"properties":{}},"extra":false},
    {"code":9992210,"id":"c828bf","name":"熊本城・市役所前","original_name":"熊本城・市役所前","name_kana":"くまもとじょう・しやくしょまえ","closed":false,"lat":32.802967,"lng":130.707028,"prefecture":43,"numbering":["10"],"lines":[99922,99923],"attr":"eco","postal_code":"860-0808","address":"熊本市手取本町１-１地先","voronoi":{"type":"Feature","geometry":{"type":"Polygon","coordinates":[[[130.702203,32.805452],[130.70237,32.807133],[130.703892,32.809216],[130.70563,32.810613],[130.707663,32.808502],[130.708898,32.799828],[130.702203,32.805452]]]},"properties":{}},"extra":false},
    {"code":9992211,"id":"4dfd90","name":"通町筋","original_name":"通町筋","name_kana":"とおりちょうすじ","closed":false,"lat":32.803364,"lng":130.709817,"prefecture":43,"numbering":["11"],"lines":[99922,99923],"attr":"eco","postal_code":"860-0808","address":"熊本市手取本町４-５地先","voronoi":{"type":"Feature","geometry":{"type":"Polygon","coordinates":[[[130.709717,32.79872],[130.712201,32.805728],[130.707663,32.808502],[130.708898,32.799828],[130.70917,32.7993],[130.709717,32.79872]]]},"properties":{}},"extra":false},
    {"code":9992212,"id":"d65073","name":"水道町","original_name":"水道町","name_kana":"すいどうちょう","closed":false,"lat":32.80239,"lng":130.712564,"prefecture":43,"numbering":["12"],"lines":[99922,99923],"attr":"eco","postal_code":"860-0808","address":"熊本市手取本町８地先","voronoi":{"type":"Feature","geometry":{"type":"Polygon","coordinates":[[[130.712201,32.805728],[130.709717,32.79872],[130.711693,32.794491],[130.71745,32.805203],[130.712201,32.805728]]]},"properties":{}},"extra":false},
    {"code":9992213,"id":"2a17d1","name":"九品寺交差点","original_name":"九品寺交差点","name_kana":"くほんじこうさてん","closed":false,"lat":32.799576,"lng":130.7178,"prefecture":43,"numbering":["13"],"lines":[99922,99923],"attr":"eco","postal_code":"862-0976","address":"熊本市九品寺１丁目２-１１地先","voronoi":{"type":"Feature","geometry":{"type":"Polygon","coordinates":[[[130.71745,32.805203],[130.711693,32.794491],[130.711739,32.793641],[130.713685,32.792801],[130.725506,32.806062],[130.7262,32.809254],[130.725686,32.809238],[130.71745,32.805203]]]},"properties":{}},"extra":false},
    {"code":9992214,"id":"904a19","name":"交通局前","original_name":"交通局前","name_kana":"こうつうきょくまえ","closed":false,"lat":32.797664,"lng":130.719945,"prefecture":43,"numbering":["14"],"lines":[99922,99923],"attr":"heat","postal_code":"862-0976","address":"熊本市九品寺２丁目３地先","voronoi":{"type":"Feature","geometry":{"type":"Polygon","coordinates":[[[130.713685,32.792801],[130.718168,32.789801],[130.725297,32.803131],[130.725506,32.806062],[130.713685,32.792801]]]},"properties":{}},"extra":false},
    {"code":9992215,"id":"844b81","name":"味噌天神前","original_name":"味噌天神前","name_kana":"みそてんじんまえ","closed":false,"lat":32.795644,"lng":130.723722,"prefecture":43,"numbering":["15"],"lines":[99922,99923],"attr":"heat","postal_code":"862-0973","address":"熊本市大江本町６-６地先","voronoi":{"type":"Feature","geometry":{"type":"Polygon","coordinates":[[[130.718946,32.7889],[130.718168,32.789801],[130.725297,32.803131],[130.726701,32.796634],[130.726175,32.795806],[130.718946,32.7889]]]},"properties":{}},"extra":false},
    {"code":9992216,"id":"7e89b9","name":"新水前寺駅前","original_name":"新水前寺駅前","name_kana":"しんすいぜんじえきまえ","closed":false,"lat":32.793516,"lng":130.727069,"prefecture":43,"numbering":["16"],"lines":[99922,99923],"attr":"heat","postal_code":"862-0949","address":"熊本市国府１丁目１１-２地先","voronoi":{"type":"Feature","geometry":{"type":"Polygon","coordinates":[[[130.726175,32.795806],[130.726833,32.790782],[130.729209,32.794629],[130.726701,32.796634],[130.726175,32.795806]]]},"properties":{}},"extra":false},
    {"code":9992217,"id":"6447ba","name":"国府(熊本)","original_name":"国府","name_kana":"こくぶ","closed":false,"lat":32.792217,"lng":130.729172,"prefecture":43,"numbering":["17"],"lines":[99922,99923],"attr":"heat","postal_code":"862-0949","address":"熊本市国府１丁目２０-１地先","voronoi":{"type":"Feature","geometry":{"type":"Polygon","coordinates":[[[130.729209,32.794629],[130.726833,32.790782],[130.72343,32.78107],[130.723559,32.780748],[130.73296,32.794114],[130.729209,32.794629]]]},"properties":{}},"extra":false},
    {"code":9992218,"id":"da9ad1","name":"水前寺公園","original_name":"水前寺公園","name_kana":"すいぜんじこうえん","closed":false,"lat":32.789908,"lng":130.732455,"prefecture":43,"numbering":["18"],"lines":[99922,99923],"attr":"heat","postal_code":"862-0941","address":"熊本市出水１丁目６-１地先","voronoi":{"type":"Feature","geometry":{"type":"Polygon","coordinates":[[[130.73296,32.794114],[130.723559,32.780748],[130.723719,32.780046],[130.726627,32.778574],[130.738083,32.796026],[130.73296,32.794114]]]},"properties":{}},"extra":false},
    {"code":9992219,"id":"ca3262","name":"市立体育館前","original_name":"市立体育館前","name_kana":"しりつたいいくかんまえ","closed":false,"lat":32.788429,"lng":130.734708,"prefecture":43,"numbering":["19"],"lines":[99922,99923],"attr":"heat","postal_code":"862-0941","address":"熊本市出水１丁目８-５地先","voronoi":{"type":"Feature","geometry":{"type":"Polygon","coordinates":[[[130.729763,32.776544],[130.726627,32.778574],[130.738083,32.796026],[130.742462,32.798533],[130.744438,32.797843],[130.729763,32.776544]]]},"properties":{}},"extra":false},
    {"code":9992220,"id":"d8bb60","name":"商業高校前","original_name":"商業高校前","name_kana":"しょうぎょうこうこうまえ","closed":false,"lat":32.785398,"lng":130.739107,"prefecture":43,"numbering":["20"],"lines":[99922,99923],"attr":"heat","postal_code":"862-0955","address":"熊本市神水本町１-４４地先","voronoi":{"type":"Feature","geometry":{"type":"Polygon","coordinates":[[[130.729763,32.776544],[130.733218,32.773102],[130.743619,32.789647],[130.74592,32.797638],[130.744438,32.797843],[130.729763,32.776544]]]},"properties":{}},"extra":false},
    {"code":9992221,"id":"c1d0cd","name":"八丁馬場","original_name":"八丁馬場","name_kana":"はっちょうばば","closed":false,"lat":32.783739,"lng":130.741746,"prefecture":43,"numbering":["21"],"lines":[99922,99923],"attr":"heat","postal_code":"862-0955","address":"熊本市神水本町１９-６地先","voronoi":{"type":"Feature","geometry":{"type":"Polygon","coordinates":[[[130.743619,32.789647],[130.733218,32.773102],[130.735836,32.769816],[130.743063,32.768434],[130.743619,32.789647]]]},"properties":{}},"extra":false},
    {"code":9992222,"id":"533878","name":"神水交差点","original_name":"神水交差点","name_kana":"くわみずこうさてん","closed":false,"lat":32.783649,"lng":130.74518,"prefecture":43,"numbering":["22"],"lines":[99922,99923],"attr":"cool","postal_code":"862-0955","address":"熊本市神水本町２１-２２地先","voronoi":{"type":"Feature","geometry":{"type":"Polygon","coordinates":[[[130.752708,32.798251],[130.74592,32.797638],[130.743619,32.789647],[130.743063,32.768434],[130.743701,32.768236],[130.752708,32.798251]]]},"properties":{}},"extra":false},
    {"code":9992223,"id":"0bd99b","name":"健軍校前","original_name":"健軍校前","name_kana":"けんぐんこうまえ","closed":false,"lat":32.781917,"lng":130.750952,"prefecture":43,"numbering":["23"],"lines":[99922,99923],"attr":"cool","postal_code":"862-0911","address":"熊本市健軍４丁目１３-２地先","voronoi":{"type":"Feature","geometry":{"type":"Polygon","coordinates":[[[130.743701,32.768236],[130.752708,32.798251],[130.759981,32.8003],[130.747247,32.766314],[130.743701,32.768236]]]},"properties":{}},"extra":false},
    {"code":9992224,"id":"b195c3","name":"動植物園入口","original_name":"動植物園入口","name_kana":"どうしょくぶつえんいりぐち","closed":false,"lat":32.78051,"lng":130.754707,"prefecture":43,"numbering":["24"],"lines":[99922,99923],"attr":"cool","postal_code":"862-0908","address":"熊本市新生１丁目地先","voronoi":{"type":"Feature","geometry":{"type":"Polygon","coordinates":[[[130.750522,32.763965],[130.747247,32.766314],[130.759981,32.8003],[130.763914,32.801837],[130.750522,32.763965]]]},"properties":{}},"extra":false},
    {"code":9992225,"id":"747490","name":"健軍交番前","original_name":"健軍交番前","name_kana":"けんぐんこうばんまえ","closed":false,"lat":32.779463,"lng":130.757668,"prefecture":43,"numbering":["25"],"lines":[99922,99923],"attr":"cool","postal_code":"862-0908","address":"熊本市新生１丁目９-７地先","voronoi":{"type":"Feature","geometry":{"type":"Polygon","coordinates":[[[130.753958,32.760986],[130.750522,32.763965],[130.763914,32.801837],[130.766866,32.803228],[130.753958,32.760986]]]},"properties":{}},"extra":false},
    {"code":9992226,"id":"26708c","name":"健軍町","original_name":"健軍町","name_kana":"けんぐんまち","closed":false,"lat":32.778381,"lng":130.761209,"prefecture":43,"numbering":["26"],"lines":[99922,99923],"attr":"cool","postal_code":"862-0903","address":"熊本市若葉１丁目２-５地先","voronoi":{"type":"Feature","geometry":{"type":"Polygon","coordinates":[[[130.799357,32.809954],[130.788979,32.811262],[130.769237,32.804564],[130.766866,32.803228],[130.753958,32.760986],[130.756688,32.758103],[130.761373,32.755993],[130.764437,32.755524],[130.808327,32.765892],[130.824413,32.772783],[130.84725,32.786175],[130.831463,32.797782],[130.812957,32.805587],[130.799357,32.809954]]]},"properties":{}},"extra":false}
  ],
  "extra":false
}