{
  "code":99932,
  "id":"cd6a8a",
  "name":"熊延鉄道",
  "name_kana":"ゆうえんてつどう",
  "station_size":17,
  "closed":true,
  "station_list":[
    {"code":1192303,"id":"9adb04","name":"南熊本","original_name":"南熊本","name_kana":"みなみくまもと","closed":false,"lat":32.785159,"lng":130.711577,"prefecture":43,"lines":[11923,99932],"attr":"heat","postal_code":"860-0812","address":"熊本市南熊本３丁目","voronoi":{"type":"Feature","geometry":{"type":"Polygon","coordinates":[[[130.723559,32.780748],[130.72343,32.78107],[130.718946,32.7889],[130.718168,32.789801],[130.713685,32.792801],[130.711739,32.793641],[130.708409,32.792064],[130.705206,32.788629],[130.711809,32.773846],[130.723719,32.780046],[130.723559,32.780748]]]},"properties":{}},"extra":false},
    {"code":9993202,"id":"47b331","name":"田迎","original_name":"田迎","name_kana":"たむかえ","closed":true,"lat":32.767167,"lng":130.720944,"prefecture":43,"lines":[99932],"postal_code":"862-0963","address":"熊本県熊本市南区出仲間８丁目５-１８","open_date":"1915-04-06","closed_date":"1964-03-31","voronoi":{"type":"Feature","geometry":{"type":"Polygon","coordinates":[[[130.711809,32.773846],[130.702197,32.762229],[130.702788,32.757396],[130.734311,32.767951],[130.735836,32.769816],[130.733218,32.773102],[130.729763,32.776544],[130.726627,32.778574],[130.723719,32.780046],[130.711809,32.773846]]]},"properties":{}},"extra":true},
    {"code":9993203,"id":"2233e0","name":"良町","original_name":"良町","name_kana":"ややまち","closed":true,"lat":32.760528,"lng":130.723167,"prefecture":43,"lines":[99932],"postal_code":"862-0969","address":"熊本県熊本市南区良町１丁目１７-３","open_date":"1960-07-01","closed_date":"1964-03-31","voronoi":{"type":"Feature","geometry":{"type":"Polygon","coordinates":[[[130.702788,32.757396],[130.70242,32.749869],[130.711575,32.726235],[130.719624,32.735156],[130.734311,32.767951],[130.702788,32.757396]]]},"properties":{}},"extra":true},
    {"code":9993204,"id":"5e91f1","name":"中ノ瀬","original_name":"中ノ瀬","name_kana":"なかのせ","closed":true,"lat":32.754694,"lng":130.736194,"prefecture":43,"lines":[99932],"postal_code":"862-0945","address":"熊本県熊本市東区画図町大字下無田１４７５−１","open_date":"1915-04-06","closed_date":"1964-03-31","voronoi":{"type":"Feature","geometry":{"type":"Polygon","coordinates":[[[130.750522,32.763965],[130.753958,32.760986],[130.756688,32.758103],[130.719624,32.735156],[130.734311,32.767951],[130.735836,32.769816],[130.743063,32.768434],[130.743701,32.768236],[130.747247,32.766314],[130.750522,32.763965]]]},"properties":{}},"extra":true},
    {"code":9993205,"id":"5adb13","name":"鯰","original_name":"鯰","name_kana":"なまず","closed":true,"lat":32.741278,"lng":130.7445,"prefecture":43,"lines":[99932],"postal_code":"861-3106","address":"熊本県上益城郡嘉島町上島１９８７−４","open_date":"1915-04-06","closed_date":"1964-03-31","voronoi":{"type":"Feature","geometry":{"type":"Polygon","coordinates":[[[130.761373,32.755993],[130.721179,32.694959],[130.711352,32.720466],[130.711575,32.726235],[130.719624,32.735156],[130.756688,32.758103],[130.761373,32.755993]]]},"properties":{}},"extra":true},
    {"code":9993206,"id":"558a09","name":"上島(熊本)","original_name":"上島","name_kana":"うえしま","closed":true,"lat":32.73468,"lng":130.754519,"prefecture":43,"lines":[99932],"postal_code":"861-3106","address":"熊本県上益城郡嘉島町上島２７８６","open_date":"1915-11-07","closed_date":"1964-03-31","voronoi":{"type":"Feature","geometry":{"type":"Polygon","coordinates":[[[130.761537,32.707436],[130.764437,32.755524],[130.761373,32.755993],[130.721179,32.694959],[130.721306,32.694463],[130.730356,32.675359],[130.73782,32.667752],[130.75259,32.683858],[130.761537,32.707436]]]},"properties":{}},"extra":true},
    {"code":9993207,"id":"f7e2b9","name":"六嘉","original_name":"六嘉","name_kana":"ろっか","closed":true,"lat":32.733639,"lng":130.771778,"prefecture":43,"lines":[99932],"postal_code":"861-3105","address":"熊本県上益城郡嘉島町上六嘉４５","open_date":"1915-11-07","closed_date":"1964-03-31","voronoi":{"type":"Feature","geometry":{"type":"Polygon","coordinates":[[[130.761537,32.707436],[130.764437,32.755524],[130.808327,32.765892],[130.761537,32.707436]]]},"properties":{}},"extra":true},
    {"code":9993208,"id":"ac0a95","name":"小坂村","original_name":"小坂村","name_kana":"おさかむら","closed":true,"lat":32.723167,"lng":130.784861,"prefecture":43,"lines":[99932],"postal_code":"861-3202","address":"熊本県上益城郡御船町小坂１７８３","open_date":"1915-11-07","closed_date":"1964-03-31","voronoi":{"type":"Feature","geometry":{"type":"Polygon","coordinates":[[[130.780826,32.701263],[130.7777,32.697703],[130.75259,32.683858],[130.761537,32.707436],[130.808327,32.765892],[130.824413,32.772783],[130.780826,32.701263]]]},"properties":{}},"extra":true},
    {"code":9993209,"id":"44652a","name":"御船","original_name":"御船","name_kana":"みふね","closed":true,"lat":32.714889,"lng":130.798444,"prefecture":43,"lines":[99932],"postal_code":"861-3205","address":"熊本県上益城郡御船町滝川９９−１８","open_date":"1916-03-01","closed_date":"1964-03-31","voronoi":{"type":"Feature","geometry":{"type":"Polygon","coordinates":[[[130.84725,32.786175],[130.864529,32.782782],[130.879928,32.776364],[130.898064,32.763068],[130.780826,32.701263],[130.824413,32.772783],[130.84725,32.786175]]]},"properties":{}},"extra":true},
    {"code":9993210,"id":"5610bd","name":"辺田見","original_name":"辺田見","name_kana":"へたみ","closed":true,"lat":32.7081,"lng":130.802023,"prefecture":43,"lines":[99932],"postal_code":"861-3206","address":"熊本県上益城郡御船町辺田見４１０−１−２","open_date":"1923-04-28","closed_date":"1964-03-31","voronoi":{"type":"Feature","geometry":{"type":"Polygon","coordinates":[[[130.898064,32.763068],[130.780826,32.701263],[130.7777,32.697703],[130.835987,32.70106],[130.933646,32.736899],[130.931255,32.740461],[130.898064,32.763068]]]},"properties":{}},"extra":true},
    {"code":9993211,"id":"674413","name":"下早川","original_name":"下早川","name_kana":"しもそうがわ","closed":true,"lat":32.690167,"lng":130.803056,"prefecture":43,"lines":[99932],"postal_code":"861-3241","address":"熊本県上益城郡甲佐町早川１２６５−２","open_date":"1923-04-28","closed_date":"1964-03-31","voronoi":{"type":"Feature","geometry":{"type":"Polygon","coordinates":[[[130.75259,32.683858],[130.73782,32.667752],[130.740492,32.658399],[130.789563,32.668362],[130.835987,32.70106],[130.7777,32.697703],[130.75259,32.683858]]]},"properties":{}},"extra":true},
    {"code":9993212,"id":"4b2257","name":"浅井","original_name":"浅井","name_kana":"あさい","closed":true,"lat":32.673722,"lng":130.814639,"prefecture":43,"lines":[99932],"postal_code":"861-4621","address":"熊本県上益城郡甲佐町下横田１５６９","open_date":"1923-04-28","closed_date":"1964-03-31","voronoi":{"type":"Feature","geometry":{"type":"Polygon","coordinates":[[[130.850331,32.655869],[130.789563,32.668362],[130.835987,32.70106],[130.933646,32.736899],[130.939844,32.72994],[130.850331,32.655869]]]},"properties":{}},"extra":true},
    {"code":9993213,"id":"0f181a","name":"甲佐","original_name":"甲佐","name_kana":"こうさ","closed":true,"lat":32.653544,"lng":130.810491,"prefecture":43,"lines":[99932],"postal_code":"861-4601","address":"熊本県上益城郡甲佐町岩下７３６","open_date":"1923-04-28","closed_date":"1964-03-31","voronoi":{"type":"Feature","geometry":{"type":"Polygon","coordinates":[[[130.850331,32.655869],[130.789563,32.668362],[130.740492,32.658399],[130.740534,32.653514],[130.746837,32.639587],[130.848786,32.653698],[130.850331,32.655869]]]},"properties":{}},"extra":true},
    {"code":9993214,"id":"65a449","name":"南甲佐","original_name":"南甲佐","name_kana":"みなみこうさ","closed":true,"lat":32.643444,"lng":130.811889,"prefecture":43,"lines":[99932],"postal_code":"861-4607","address":"熊本県上益城郡甲佐町豊内３９１","open_date":"1956-12-10","closed_date":"1964-03-31","voronoi":{"type":"Feature","geometry":{"type":"Polygon","coordinates":[[[130.746837,32.639587],[130.762573,32.596027],[130.848223,32.65263],[130.848786,32.653698],[130.746837,32.639587]]]},"properties":{}},"extra":true},
    {"code":9993215,"id":"e30813","name":"佐俣","original_name":"佐俣","name_kana":"さまた","closed":true,"lat":32.622806,"lng":130.825528,"prefecture":43,"lines":[99932],"postal_code":"861-4412","address":"熊本県下益城郡美里町佐俣１０５０","open_date":"1932-12-25","closed_date":"1964-03-31","voronoi":{"type":"Feature","geometry":{"type":"Polygon","coordinates":[[[130.847094,32.645091],[130.848223,32.65263],[130.762573,32.596027],[130.774702,32.523127],[130.778689,32.512812],[130.847094,32.645091]]]},"properties":{}},"extra":true},
    {"code":9993216,"id":"c20ee1","name":"釈迦院","original_name":"釈迦院","name_kana":"しゃかいん","closed":true,"lat":32.614611,"lng":130.841375,"prefecture":43,"lines":[99932],"postal_code":"861-4723","address":"熊本県下益城郡美里町境３０３","open_date":"1932-12-25","closed_date":"1964-03-31","voronoi":{"type":"Feature","geometry":{"type":"Polygon","coordinates":[[[130.844772,32.427616],[130.786428,32.487266],[130.778689,32.512812],[130.847094,32.645091],[130.877041,32.437332],[130.855022,32.430297],[130.844772,32.427616]]]},"properties":{}},"extra":true},
    {"code":9993217,"id":"b65754","name":"砥用","original_name":"砥用","name_kana":"ともち","closed":true,"lat":32.617467,"lng":130.861189,"prefecture":43,"lines":[99932],"postal_code":"861-4722","address":"熊本県下益城郡美里町永富４６１−１５","open_date":"1932-12-25","closed_date":"1964-03-31","voronoi":{"type":"Feature","geometry":{"type":"Polygon","coordinates":[[[131.105111,32.568954],[131.116095,32.51858],[130.912329,32.446487],[130.877041,32.437332],[130.847094,32.645091],[130.848223,32.65263],[130.848786,32.653698],[130.850331,32.655869],[130.939844,32.72994],[130.966637,32.712615],[130.981496,32.70033],[131.039934,32.646766],[131.060236,32.624656],[131.105111,32.568954]]]},"properties":{}},"extra":true}
  ],
  "closed_date":"1964-03-31",
  "extra":true
}