{
  "code":99936,
  "id":"ac9fc0",
  "name":"高千穂鉄道",
  "name_kana":"たかちほてつどう",
  "name_formal":"高千穂鉄道高千穂線",
  "station_size":19,
  "closed":true,
  "station_list":[
    {"code":1190711,"id":"f6b116","name":"延岡","original_name":"延岡","name_kana":"のべおか","closed":false,"lat":32.589944,"lng":131.672442,"prefecture":45,"lines":[11907,99936,11939],"attr":"heat","postal_code":"882-0053","address":"延岡市幸町３丁目","voronoi":{"type":"Feature","geometry":{"type":"Polygon","coordinates":[[[131.652696,32.622407],[131.657993,32.572228],[131.741264,32.584138],[131.652696,32.622407]]]},"properties":{}},"extra":false},
    {"code":9993602,"id":"9c2bdd","name":"西延岡","original_name":"西延岡","name_kana":"にしのべおか","closed":true,"lat":32.586537,"lng":131.640163,"prefecture":45,"lines":[99936,11939],"postal_code":"882-0062","address":"宮崎県延岡市松山町７２","open_date":"1935-02-20","closed_date":"2007-09-06","voronoi":{"type":"Feature","geometry":{"type":"Polygon","coordinates":[[[131.637599,32.544802],[131.600905,32.676166],[131.609642,32.671334],[131.652696,32.622407],[131.657993,32.572228],[131.637599,32.544802]]]},"properties":{}},"extra":true},
    {"code":9993603,"id":"43b46c","name":"行縢","original_name":"行縢","name_kana":"むかばき","closed":true,"lat":32.579167,"lng":131.613778,"prefecture":45,"lines":[99936,11939],"postal_code":"882-0064","address":"宮崎県延岡市高野町３７０","open_date":"1935-02-20","closed_date":"2007-09-06","voronoi":{"type":"Feature","geometry":{"type":"Polygon","coordinates":[[[131.637599,32.544802],[131.600905,32.676166],[131.570782,32.698859],[131.568353,32.686789],[131.572487,32.638032],[131.616639,32.521468],[131.620504,32.522994],[131.631689,32.532595],[131.635224,32.537277],[131.637599,32.544802]]]},"properties":{}},"extra":true},
    {"code":9993604,"id":"b5cb20","name":"細見","original_name":"細見","name_kana":"ほそみ","closed":true,"lat":32.566583,"lng":131.580556,"prefecture":45,"lines":[99936,11939],"postal_code":"882-0074","address":"宮崎県延岡市細見町","open_date":"1957-02-01","closed_date":"2007-09-06","voronoi":{"type":"Feature","geometry":{"type":"Polygon","coordinates":[[[131.581499,32.492546],[131.569449,32.619795],[131.572487,32.638032],[131.616639,32.521468],[131.581499,32.492546]]]},"properties":{}},"extra":true},
    {"code":9993605,"id":"fc5cc7","name":"日向岡元","original_name":"日向岡元","name_kana":"ひゅうがおかもと","closed":true,"lat":32.565444,"lng":131.568528,"prefecture":45,"lines":[99936,11939],"postal_code":"882-0075","address":"宮崎県延岡市岡元町２１２","open_date":"1935-02-20","closed_date":"2007-09-06","voronoi":{"type":"Feature","geometry":{"type":"Polygon","coordinates":[[[131.569449,32.619795],[131.581499,32.492546],[131.574146,32.485412],[131.558622,32.478819],[131.559596,32.585061],[131.569449,32.619795]]]},"properties":{}},"extra":true},
    {"code":9993606,"id":"616bab","name":"吐合","original_name":"吐合","name_kana":"はきあい","closed":true,"lat":32.565611,"lng":131.550306,"prefecture":45,"lines":[99936,11939],"postal_code":"882-0124","address":"宮崎県延岡市北方町曽木２０２０−６０","open_date":"1957-02-01","closed_date":"2007-09-06","voronoi":{"type":"Feature","geometry":{"type":"Polygon","coordinates":[[[131.53765,32.559675],[131.553392,32.475918],[131.558622,32.478819],[131.559596,32.585061],[131.53765,32.559675]]]},"properties":{}},"extra":true},
    {"code":9993607,"id":"b4e29a","name":"曽木","original_name":"曽木","name_kana":"そき","closed":true,"lat":32.573056,"lng":131.541694,"prefecture":45,"lines":[99936,11939],"postal_code":"882-0124","address":"宮崎県延岡市北方町曽木１８２０−１３","open_date":"1936-04-12","closed_date":"2007-09-06","voronoi":{"type":"Feature","geometry":{"type":"Polygon","coordinates":[[[131.569449,32.619795],[131.572487,32.638032],[131.568353,32.686789],[131.530681,32.619973],[131.526708,32.575493],[131.53765,32.559675],[131.559596,32.585061],[131.569449,32.619795]]]},"properties":{}},"extra":true},
    {"code":9993608,"id":"30e868","name":"川水流","original_name":"川水流","name_kana":"かわずる","closed":true,"lat":32.560611,"lng":131.523703,"prefecture":45,"lines":[99936,11939],"postal_code":"882-0125","address":"宮崎県延岡市北方町川水流卯１３３０-２","open_date":"1936-04-12","closed_date":"2007-09-06","voronoi":{"type":"Feature","geometry":{"type":"Polygon","coordinates":[[[131.431032,32.399076],[131.469491,32.411951],[131.477765,32.417499],[131.553392,32.475918],[131.53765,32.559675],[131.526708,32.575493],[131.442626,32.507873],[131.353498,32.388668],[131.353129,32.388115],[131.363197,32.384443],[131.431032,32.399076]]]},"properties":{}},"extra":true},
    {"code":9993609,"id":"25810d","name":"上崎","original_name":"上崎","name_kana":"かみざき","closed":true,"lat":32.57575,"lng":131.511528,"prefecture":45,"lines":[99936,11939],"postal_code":"882-0126","address":"宮崎県延岡市北方町上崎８８７","open_date":"1937-09-03","closed_date":"2007-09-06","voronoi":{"type":"Feature","geometry":{"type":"Polygon","coordinates":[[[131.530681,32.619973],[131.526708,32.575493],[131.442626,32.507873],[131.485149,32.578585],[131.530681,32.619973]]]},"properties":{}},"extra":true},
    {"code":9993610,"id":"1d6ae8","name":"早日渡","original_name":"早日渡","name_kana":"はやひと","closed":true,"lat":32.605114,"lng":131.484836,"prefecture":45,"lines":[99936,11939],"postal_code":"882-0244","address":"宮崎県延岡市北方町早中９７５","open_date":"1937-09-03","closed_date":"2007-09-06","voronoi":{"type":"Feature","geometry":{"type":"Polygon","coordinates":[[[131.469576,32.628327],[131.485149,32.578585],[131.530681,32.619973],[131.568353,32.686789],[131.570782,32.698859],[131.549094,32.752886],[131.52102,32.787273],[131.513305,32.788085],[131.499257,32.757981],[131.481575,32.697032],[131.469576,32.628327]]]},"properties":{}},"extra":true},
    {"code":9993611,"id":"66a68b","name":"亀ヶ崎","original_name":"亀ヶ崎","name_kana":"かめがさき","closed":true,"lat":32.600556,"lng":131.470278,"prefecture":45,"lines":[99936,11939],"postal_code":"882-0244","address":"宮崎県延岡市北方町早中１００４","open_date":"1957-02-01","closed_date":"2007-09-06","voronoi":{"type":"Feature","geometry":{"type":"Polygon","coordinates":[[[131.469576,32.628327],[131.353498,32.388668],[131.442626,32.507873],[131.485149,32.578585],[131.469576,32.628327]]]},"properties":{}},"extra":true},
    {"code":9993612,"id":"c3f14c","name":"槇峰","original_name":"槇峰","name_kana":"まきみね","closed":true,"lat":32.611661,"lng":131.44735,"prefecture":45,"lines":[99936,11939],"postal_code":"882-0401","address":"宮崎県西臼杵郡日之影町七折１１０","open_date":"1939-10-11","closed_date":"2008-12-28","voronoi":{"type":"Feature","geometry":{"type":"Polygon","coordinates":[[[131.481575,32.697032],[131.469576,32.628327],[131.353498,32.388668],[131.353129,32.388115],[131.34472,32.389466],[131.414906,32.572261],[131.481575,32.697032]]]},"properties":{}},"extra":true},
    {"code":9993613,"id":"cc7edd","name":"日向八戸","original_name":"日向八戸","name_kana":"ひゅうがやと","closed":true,"lat":32.621131,"lng":131.429627,"prefecture":45,"lines":[99936,11939],"postal_code":"882-0401","address":"宮崎県西臼杵郡日之影町七折２１０３−３","open_date":"1939-10-11","closed_date":"2008-12-28","voronoi":{"type":"Feature","geometry":{"type":"Polygon","coordinates":[[[131.430212,32.662262],[131.414906,32.572261],[131.481575,32.697032],[131.499257,32.757981],[131.430212,32.662262]]]},"properties":{}},"extra":true},
    {"code":9993614,"id":"c6d697","name":"吾味","original_name":"吾味","name_kana":"ごみ","closed":true,"lat":32.62325,"lng":131.417167,"prefecture":45,"lines":[99936,11939],"postal_code":"882-0304","address":"宮崎県西臼杵郡日之影町分城１３７０−７","open_date":"1957-02-01","closed_date":"2008-12-28","voronoi":{"type":"Feature","geometry":{"type":"Polygon","coordinates":[[[131.430212,32.662262],[131.209349,32.438616],[131.240146,32.399242],[131.34472,32.389466],[131.414906,32.572261],[131.430212,32.662262]]]},"properties":{}},"extra":true},
    {"code":9993615,"id":"f58c01","name":"日之影温泉","original_name":"日之影温泉","name_kana":"ひのかげおんせん","closed":true,"lat":32.64873,"lng":131.391366,"prefecture":45,"lines":[99936,11939],"postal_code":"882-0401","address":"宮崎県西臼杵郡日之影町七折３２３５−５","open_date":"1939-10-11","closed_date":"2008-12-28","voronoi":{"type":"Feature","geometry":{"type":"Polygon","coordinates":[[[131.506768,32.79075],[131.504461,32.79136],[131.293961,32.560581],[131.208586,32.439471],[131.209349,32.438616],[131.430212,32.662262],[131.499257,32.757981],[131.513305,32.788085],[131.506768,32.79075]]]},"properties":{}},"extra":true},
    {"code":9993616,"id":"75db8d","name":"影待","original_name":"影待","name_kana":"かげまち","closed":true,"lat":32.66566,"lng":131.372805,"prefecture":45,"lines":[99936,11939],"postal_code":"882-0401","address":"宮崎県西臼杵郡日之影町七折９４６５−６","open_date":"1972-07-22","closed_date":"2008-12-28","voronoi":{"type":"Feature","geometry":{"type":"Polygon","coordinates":[[[131.293961,32.560581],[131.389651,32.728378],[131.463421,32.80531],[131.504461,32.79136],[131.293961,32.560581]]]},"properties":{}},"extra":true},
    {"code":9993617,"id":"1f806a","name":"深角","original_name":"深角","name_kana":"ふかすみ","closed":true,"lat":32.681944,"lng":131.34425,"prefecture":45,"lines":[99936,11939],"postal_code":"882-0401","address":"宮崎県西臼杵郡日之影町七折１３５０２−１","open_date":"1972-07-22","closed_date":"2008-12-28","voronoi":{"type":"Feature","geometry":{"type":"Polygon","coordinates":[[[131.148149,32.494416],[131.208586,32.439471],[131.293961,32.560581],[131.389651,32.728378],[131.308132,32.678342],[131.148149,32.494416]]]},"properties":{}},"extra":true},
    {"code":9993618,"id":"0a24b7","name":"天岩戸","original_name":"天岩戸","name_kana":"あまのいわと","closed":true,"lat":32.708917,"lng":131.327694,"prefecture":45,"lines":[99936,11939],"postal_code":"882-1101","address":"宮崎県西臼杵郡高千穂町三田井５６００","open_date":"1972-07-22","closed_date":"2008-12-28","voronoi":{"type":"Feature","geometry":{"type":"Polygon","coordinates":[[[131.308132,32.678342],[131.389651,32.728378],[131.463421,32.80531],[131.462379,32.805902],[131.366835,32.825366],[131.347265,32.82267],[131.308132,32.678342]]]},"properties":{}},"extra":true},
    {"code":9993619,"id":"fe69d0","name":"高千穂","original_name":"高千穂","name_kana":"たかちほ","closed":true,"lat":32.714611,"lng":131.306694,"prefecture":45,"lines":[99936,11939],"postal_code":"882-1101","address":"宮崎県西臼杵郡高千穂町三田井１４４７−１","open_date":"1972-07-22","closed_date":"2008-12-28","voronoi":{"type":"Feature","geometry":{"type":"Polygon","coordinates":[[[131.257093,32.818831],[131.241521,32.81427],[131.142587,32.640656],[131.105111,32.568954],[131.116095,32.51858],[131.148149,32.494416],[131.308132,32.678342],[131.347265,32.82267],[131.257093,32.818831]]]},"properties":{}},"extra":true}
  ],
  "closed_date":"2008-12-28",
  "extra":true
}