{
  "code":99931,
  "id":2207,
  "name":"山鹿温泉鉄道",
  "name_kana":"やまがおんせんてつどう",
  "station_size":18,
  "closed":true,
  "station_list":[
    {"code":1190337,"id":4089,"name":"植木","original_name":"植木","name_kana":"うえき","closed":false,"lat":32.880226,"lng":130.680834,"prefecture":43,"lines":[11903,99931],"attr":"heat","postal_code":"861-0142","address":"熊本市北区植木町鐙田75","voronoi":{"type":"Feature","geometry":{"type":"Polygon","coordinates":[[[130.632231,32.839725],[130.666877,32.849626],[130.705422,32.878671],[130.670057,32.894201],[130.632231,32.839725]]]},"properties":{}},"extra":false},
    {"code":9993102,"id":21890,"name":"植木町","original_name":"植木町","name_kana":"うえきまち","closed":true,"lat":32.895722,"lng":130.687639,"prefecture":43,"lines":[99931],"postal_code":"861-0133","address":"熊本県熊本市北区植木町滴水４５５−６","open_date":"1917-12-22","closed_date":"1965-02-04","voronoi":{"type":"Feature","geometry":{"type":"Polygon","coordinates":[[[130.720994,32.900334],[130.722188,32.906296],[130.722237,32.908144],[130.716678,32.910915],[130.670171,32.895263],[130.670057,32.894201],[130.705422,32.878671],[130.71376,32.881206],[130.714666,32.882667],[130.717595,32.889034],[130.720994,32.900334]]]},"properties":{}},"extra":true},
    {"code":9993103,"id":21891,"name":"一ツ木(熊本)","original_name":"一ツ木","name_kana":"ひとつぎ","closed":true,"lat":32.905459,"lng":130.684362,"prefecture":43,"lines":[99931],"postal_code":"861-0135","address":"熊本県熊本市北区植木町一木６５５","open_date":"1955-04-01","closed_date":"1965-02-04","voronoi":{"type":"Feature","geometry":{"type":"Polygon","coordinates":[[[130.6674,32.909549],[130.703253,32.913389],[130.715893,32.911476],[130.716678,32.910915],[130.670171,32.895263],[130.6674,32.909549]]]},"properties":{}},"extra":true},
    {"code":9993104,"id":21892,"name":"今古閑","original_name":"今古閑","name_kana":"いまこが","closed":true,"lat":32.917139,"lng":130.683111,"prefecture":43,"lines":[99931],"postal_code":"861-0101","address":"熊本県熊本市北区植木町山本９８９−１","open_date":"1955-04-01","closed_date":"1965-02-04","voronoi":{"type":"Feature","geometry":{"type":"Polygon","coordinates":[[[130.703253,32.913389],[130.654565,32.936371],[130.654622,32.931118],[130.6674,32.909549],[130.703253,32.913389]]]},"properties":{}},"extra":true},
    {"code":9993105,"id":21893,"name":"山本橋","original_name":"山本橋","name_kana":"やまもとばし","closed":true,"lat":32.926556,"lng":130.687556,"prefecture":43,"lines":[99931],"postal_code":"861-0102","address":"熊本県熊本市北区植木町内","open_date":"1917-12-22","closed_date":"1965-02-04","voronoi":{"type":"Feature","geometry":{"type":"Polygon","coordinates":[[[130.651369,32.969979],[130.649036,32.970068],[130.654565,32.936371],[130.703253,32.913389],[130.715893,32.911476],[130.710459,32.919215],[130.651369,32.969979]]]},"properties":{}},"extra":true},
    {"code":9993106,"id":21894,"name":"今藤","original_name":"今藤","name_kana":"いまふじ","closed":true,"lat":32.94075,"lng":130.69975,"prefecture":43,"lines":[99931],"postal_code":"861-0104","address":"熊本県熊本市北区植木町今藤３２１","open_date":"1928-08-15","closed_date":"1965-02-04","voronoi":{"type":"Feature","geometry":{"type":"Polygon","coordinates":[[[130.695721,32.963749],[130.702001,32.958403],[130.710459,32.919215],[130.651369,32.969979],[130.672982,32.972759],[130.678819,32.972816],[130.695721,32.963749]]]},"properties":{}},"extra":true},
    {"code":9993107,"id":21895,"name":"肥後豊田","original_name":"肥後豊田","name_kana":"ひごとよだ","closed":true,"lat":32.94325,"lng":130.711333,"prefecture":43,"lines":[99931],"postal_code":"861-0106","address":"熊本県熊本市北区植木町豊田８１０−１１","open_date":"1917-12-22","closed_date":"1965-02-04","voronoi":{"type":"Feature","geometry":{"type":"Polygon","coordinates":[[[130.722237,32.908144],[130.727533,32.912953],[130.710815,32.953645],[130.707159,32.956427],[130.702001,32.958403],[130.710459,32.919215],[130.715893,32.911476],[130.716678,32.910915],[130.722237,32.908144]]]},"properties":{}},"extra":true},
    {"code":9993108,"id":21896,"name":"舟島","original_name":"舟島","name_kana":"ふなじま","closed":true,"lat":32.945888,"lng":130.717754,"prefecture":43,"lines":[99931],"postal_code":"861-0114","address":"熊本県熊本市北区植木町舟島植木インタ菊池線","open_date":"1955-04-01","closed_date":"1965-02-04","voronoi":{"type":"Feature","geometry":{"type":"Polygon","coordinates":[[[130.733011,32.916998],[130.74208,32.92716],[130.744004,32.932198],[130.713725,32.952712],[130.710815,32.953645],[130.727533,32.912953],[130.733011,32.916998]]]},"properties":{}},"extra":true},
    {"code":9993109,"id":21897,"name":"伊知坊","original_name":"伊知坊","name_kana":"いちぼう","closed":true,"lat":32.9515,"lng":130.721556,"prefecture":43,"lines":[99931],"postal_code":"861-0113","address":"熊本県熊本市北区植木町伊知坊４４３−１","open_date":"1955-04-01","closed_date":"1965-02-04","voronoi":{"type":"Feature","geometry":{"type":"Polygon","coordinates":[[[130.713725,32.952712],[130.744004,32.932198],[130.754577,32.952527],[130.755673,32.958258],[130.713725,32.952712]]]},"properties":{}},"extra":true},
    {"code":9993110,"id":21898,"name":"平島温泉","original_name":"平島温泉","name_kana":"ひらしまおんせん","closed":true,"lat":32.955917,"lng":130.720972,"prefecture":43,"lines":[99931],"postal_code":"861-0115","address":"熊本県熊本市北区植木町米塚４７６","open_date":"1918-12-26","closed_date":"1965-02-04","voronoi":{"type":"Feature","geometry":{"type":"Polygon","coordinates":[[[130.755673,32.958258],[130.713725,32.952712],[130.710815,32.953645],[130.707159,32.956427],[130.757498,32.969161],[130.757363,32.964795],[130.755673,32.958258]]]},"properties":{}},"extra":true},
    {"code":9993111,"id":21899,"name":"山城(熊本)","original_name":"山城","name_kana":"やましろ","closed":true,"lat":32.963444,"lng":130.719068,"prefecture":43,"lines":[99931],"postal_code":"861-0117","address":"熊本県熊本市北区植木町正清５５７","open_date":"1955-04-01","closed_date":"1965-02-04","voronoi":{"type":"Feature","geometry":{"type":"Polygon","coordinates":[[[130.695721,32.963749],[130.702001,32.958403],[130.707159,32.956427],[130.757498,32.969161],[130.7576,32.969936],[130.72975,32.970638],[130.695721,32.963749]]]},"properties":{}},"extra":true},
    {"code":9993112,"id":21900,"name":"宮原(熊本)","original_name":"宮原","name_kana":"みやばる","closed":true,"lat":32.973111,"lng":130.717111,"prefecture":43,"lines":[99931],"postal_code":"861-0111","address":"熊本県熊本市北区植木町宮原３３１−３","open_date":"1918-12-26","closed_date":"1965-02-04","voronoi":{"type":"Feature","geometry":{"type":"Polygon","coordinates":[[[130.678819,32.972816],[130.695721,32.963749],[130.72975,32.970638],[130.699198,32.984214],[130.678819,32.972816]]]},"properties":{}},"extra":true},
    {"code":9993113,"id":21901,"name":"奥永","original_name":"奥永","name_kana":"おくなが","closed":true,"lat":32.978361,"lng":130.719444,"prefecture":43,"lines":[99931],"postal_code":"861-0563","address":"熊本県山鹿市鹿央町千田２２１３","open_date":"1955-04-01","closed_date":"1965-02-04","voronoi":{"type":"Feature","geometry":{"type":"Polygon","coordinates":[[[130.699198,32.984214],[130.72975,32.970638],[130.7576,32.969936],[130.757614,32.969978],[130.707278,32.9884],[130.701348,32.985838],[130.699198,32.984214]]]},"properties":{}},"extra":true},
    {"code":9993114,"id":21902,"name":"分田","original_name":"分田","name_kana":"ぶんだ","closed":true,"lat":32.988214,"lng":130.72305,"prefecture":43,"lines":[99931],"postal_code":"861-0322","address":"熊本県山鹿市鹿本町中分田３８６","open_date":"1921-12-01","closed_date":"1965-02-04","voronoi":{"type":"Feature","geometry":{"type":"Polygon","coordinates":[[[130.717362,32.997736],[130.707278,32.9884],[130.757614,32.969978],[130.761598,32.978068],[130.761893,32.979192],[130.717362,32.997736]]]},"properties":{}},"extra":true},
    {"code":9993115,"id":21903,"name":"来民","original_name":"来民","name_kana":"くたみ","closed":true,"lat":33.000406,"lng":130.728127,"prefecture":43,"lines":[99931],"postal_code":"861-0331","address":"熊本県山鹿市鹿本町来民２２３５−１","open_date":"1921-12-01","closed_date":"1965-02-04","voronoi":{"type":"Feature","geometry":{"type":"Polygon","coordinates":[[[130.717362,32.997736],[130.740014,33.118012],[130.803938,33.13521],[130.766244,32.988866],[130.761893,32.979192],[130.717362,32.997736]]]},"properties":{}},"extra":true},
    {"code":9993116,"id":21904,"name":"肥後白石","original_name":"肥後白石","name_kana":"ひごしらいし","closed":true,"lat":33.004139,"lng":130.708306,"prefecture":43,"lines":[99931],"postal_code":"861-0533","address":"熊本県山鹿市古閑１４７２","open_date":"1955-04-01","closed_date":"1965-02-04","voronoi":{"type":"Feature","geometry":{"type":"Polygon","coordinates":[[[130.740014,33.118012],[130.717362,32.997736],[130.707278,32.9884],[130.701348,32.985838],[130.7064,33.026218],[130.739692,33.117954],[130.740014,33.118012]]]},"properties":{}},"extra":true},
    {"code":9993117,"id":21905,"name":"肥後大道","original_name":"肥後大道","name_kana":"ひごだいどう","closed":true,"lat":33.005289,"lng":130.699114,"prefecture":43,"lines":[99931],"postal_code":"861-0531","address":"熊本県山鹿市中３９９−２","closed_date":"1965-02-04","voronoi":{"type":"Feature","geometry":{"type":"Polygon","coordinates":[[[130.7064,33.026218],[130.672982,32.972759],[130.678819,32.972816],[130.699198,32.984214],[130.701348,32.985838],[130.7064,33.026218]]]},"properties":{}},"extra":true},
    {"code":9993118,"id":21906,"name":"山鹿","original_name":"山鹿","name_kana":"やまが","closed":true,"lat":33.0105,"lng":130.690778,"prefecture":43,"lines":[99931],"postal_code":"861-0501","address":"熊本県山鹿市山鹿１０１−２２","open_date":"1923-12-31","closed_date":"1965-02-04","voronoi":{"type":"Feature","geometry":{"type":"Polygon","coordinates":[[[130.739692,33.117954],[130.62723,33.106859],[130.609841,33.097709],[130.606158,33.09551],[130.591476,33.046631],[130.6272,32.985018],[130.649036,32.970068],[130.651369,32.969979],[130.672982,32.972759],[130.7064,33.026218],[130.739692,33.117954]]]},"properties":{}},"extra":true}
  ],
  "closed_date":"1965-02-04",
  "extra":true
}