{
  "code":99937,
  "id":2219,
  "name":"宮崎交通",
  "name_kana":"みやざきこうつう",
  "name_formal":"宮崎交通線",
  "station_size":12,
  "closed":true,
  "station_list":[
    {"code":1190730,"id":4239,"name":"南宮崎","original_name":"南宮崎","name_kana":"みなみみやざき","closed":false,"lat":31.895097,"lng":131.422329,"prefecture":45,"lines":[11907,11927,11928,99937],"attr":"cool","postal_code":"880-0901","address":"宮崎市東大淀２丁目","voronoi":{"type":"Feature","geometry":{"type":"Polygon","coordinates":[[[131.36416,31.927993],[131.388349,31.92355],[131.446324,31.896462],[131.418013,31.882439],[131.36416,31.927993]]]},"properties":{}},"extra":false},
    {"code":1192703,"id":4504,"name":"田吉","original_name":"田吉","name_kana":"たよし","closed":false,"lat":31.878202,"lng":131.430697,"prefecture":45,"lines":[11927,11928,99937],"attr":"cool","postal_code":"880-0911","address":"宮崎市田吉字赤江３１０-２","voronoi":{"type":"Feature","geometry":{"type":"Polygon","coordinates":[[[131.418013,31.882439],[131.446324,31.896462],[131.447784,31.896412],[131.436818,31.877421],[131.418803,31.873318],[131.418013,31.882439]]]},"properties":{}},"extra":false},
    {"code":9993703,"id":21999,"name":"飛行場前(宮崎)","original_name":"飛行場前","name_kana":"ひこうじょうまえ","closed":true,"lat":31.874066,"lng":131.431639,"prefecture":45,"lines":[99937],"postal_code":"880-0925","address":"宮崎県宮崎市本郷北方３７３−７","closed_date":"1962-07-01","voronoi":{"type":"Feature","geometry":{"type":"Polygon","coordinates":[[[131.418062,31.864001],[131.435037,31.867213],[131.436818,31.877421],[131.418803,31.873318],[131.418062,31.864001]]]},"properties":{}},"extra":true},
    {"code":1192804,"id":4506,"name":"南方(宮崎)","original_name":"南方","name_kana":"みなみかた","closed":false,"lat":31.859592,"lng":131.434378,"prefecture":45,"lines":[11928,99937],"attr":"cool","postal_code":"880-0921","address":"宮崎市大字本郷南方","voronoi":{"type":"Feature","geometry":{"type":"Polygon","coordinates":[[[131.411887,31.848405],[131.411867,31.853433],[131.418062,31.864001],[131.435037,31.867213],[131.453265,31.858497],[131.411887,31.848405]]]},"properties":{}},"extra":false},
    {"code":9993705,"id":22000,"name":"江佐原","original_name":"江佐原","name_kana":"えさばる","closed":true,"lat":31.848829,"lng":131.437003,"prefecture":45,"lines":[99937],"postal_code":"880-0924","address":"宮崎県宮崎市郡司分甲２７８５","open_date":"1949-01-20","closed_date":"1962-07-01","voronoi":{"type":"Feature","geometry":{"type":"Polygon","coordinates":[[[131.471884,31.840443],[131.473843,31.841068],[131.496511,31.85201],[131.453265,31.858497],[131.411887,31.848405],[131.410135,31.840516],[131.468537,31.839797],[131.471884,31.840443]]]},"properties":{}},"extra":true},
    {"code":1192805,"id":4507,"name":"木花","original_name":"木花","name_kana":"きばな","closed":false,"lat":31.831544,"lng":131.43679,"prefecture":45,"lines":[11928,99937],"attr":"cool","postal_code":"889-2151","address":"宮崎市大字熊野","voronoi":{"type":"Feature","geometry":{"type":"Polygon","coordinates":[[[131.410135,31.840516],[131.386522,31.800294],[131.386417,31.799387],[131.468537,31.839797],[131.410135,31.840516]]]},"properties":{}},"extra":false},
    {"code":1192807,"id":4509,"name":"曽山寺","original_name":"曽山寺","name_kana":"そさんじ","closed":false,"lat":31.813401,"lng":131.448309,"prefecture":45,"lines":[11928,99937],"attr":"cool","postal_code":"889-2161","address":"宮崎市大字加江田","voronoi":{"type":"Feature","geometry":{"type":"Polygon","coordinates":[[[131.473843,31.841068],[131.471884,31.840443],[131.383874,31.760803],[131.384549,31.76043],[131.423566,31.774014],[131.432374,31.781035],[131.473843,31.841068]]]},"properties":{}},"extra":false},
    {"code":1192808,"id":4510,"name":"子供の国","original_name":"子供の国","name_kana":"こどものくに","closed":false,"lat":31.807394,"lng":131.457005,"prefecture":45,"lines":[11928,99937],"attr":"eco","postal_code":"889-2161","address":"宮崎市大字加江田","voronoi":{"type":"Feature","geometry":{"type":"Polygon","coordinates":[[[131.432374,31.781035],[131.473843,31.841068],[131.496511,31.85201],[131.498843,31.852599],[131.454979,31.794159],[131.432374,31.781035]]]},"properties":{}},"extra":false},
    {"code":1192809,"id":4511,"name":"青島","original_name":"青島","name_kana":"あおしま","closed":false,"lat":31.799801,"lng":131.467121,"prefecture":45,"lines":[11928,99937],"attr":"eco","postal_code":"889-2162","address":"宮崎市青島２丁目","voronoi":{"type":"Feature","geometry":{"type":"Polygon","coordinates":[[[131.498843,31.852599],[131.454979,31.794159],[131.468329,31.794614],[131.501555,31.820544],[131.552863,31.872337],[131.498843,31.852599]]]},"properties":{}},"extra":false},
    {"code":9993710,"id":22001,"name":"折生迫(宮崎交通)","original_name":"折生迫","name_kana":"おりゅうざこ","closed":true,"lat":31.792182,"lng":131.473067,"prefecture":45,"lines":[99937],"postal_code":"889-2162","address":"宮崎県宮崎市青島６丁目１３-２","open_date":"1913-10-31","closed_date":"1962-07-01","voronoi":{"type":"Feature","geometry":{"type":"Polygon","coordinates":[[[131.468329,31.794614],[131.501555,31.820544],[131.473491,31.7844],[131.468329,31.794614]]]},"properties":{}},"extra":true},
    {"code":9993711,"id":22002,"name":"白浜(宮崎)","original_name":"白浜","name_kana":"しらはま","closed":true,"lat":31.785917,"lng":131.481136,"prefecture":45,"lines":[99937],"postal_code":"889-2164","address":"宮崎県宮崎市折生迫","open_date":"1918-04-15","closed_date":"1962-07-01","voronoi":{"type":"Feature","geometry":{"type":"Polygon","coordinates":[[[131.471163,31.775154],[131.473491,31.7844],[131.501555,31.820544],[131.552863,31.872337],[131.624895,31.906094],[131.62804,31.906448],[131.777441,31.908743],[131.816903,31.905921],[132.638917,31.777133],[132.823366,31.578869],[133.11479,31.262093],[131.471163,31.775154]]]},"properties":{}},"extra":true},
    {"code":9993712,"id":22003,"name":"内海(宮崎交通)","original_name":"内海","name_kana":"うちうみ","closed":true,"lat":31.760628,"lng":131.473242,"prefecture":45,"lines":[99937],"postal_code":"889-2301","address":"宮崎県宮崎市内海８２１−３０","open_date":"1913-10-31","closed_date":"1962-07-01","voronoi":{"type":"Feature","geometry":{"type":"Polygon","coordinates":[[[131.471163,31.775154],[131.465099,31.773937],[131.47466,31.74768],[133.149693,31.224737],[133.11479,31.262093],[131.471163,31.775154]]]},"properties":{}},"extra":true}
  ],
  "closed_date":"1962-07-01",
  "extra":true
}