{
  "code":99933,
  "id":"afdb22",
  "name":"大分交通宇佐参宮線",
  "name_kana":"おおいたこうつううささんぐうせん",
  "station_size":6,
  "closed":true,
  "station_list":[
    {"code":9993301,"id":"0f127a","name":"豊後高田","original_name":"豊後高田","name_kana":"ぶんごたかだ","closed":true,"lat":33.557444,"lng":131.438,"prefecture":44,"lines":[99933],"postal_code":"879-0628","address":"大分県豊後高田市新町９９１","open_date":"1916-03-01","closed_date":"1965-08-21","voronoi":{"type":"Feature","geometry":{"type":"Polygon","coordinates":[[[131.587882,33.59163],[131.587781,33.586821],[131.468451,33.525285],[131.4606,33.526552],[131.411007,33.563897],[131.438999,33.776519],[131.529242,33.79866],[131.529378,33.798646],[131.584791,33.784031],[131.586237,33.783439],[131.587882,33.59163]]]},"properties":{}},"extra":true},
    {"code":9993302,"id":"3c89b8","name":"封戸","original_name":"封戸","name_kana":"ふべ","closed":true,"lat":33.539737,"lng":131.424666,"prefecture":44,"lines":[99933],"postal_code":"879-0615","address":"大分県豊後高田市界９５４","open_date":"1916-03-01","closed_date":"1920-10-05","voronoi":{"type":"Feature","geometry":{"type":"Polygon","coordinates":[[[131.411007,33.563897],[131.405528,33.554791],[131.405601,33.554593],[131.427591,33.522107],[131.4606,33.526552],[131.411007,33.563897]]]},"properties":{}},"extra":true},
    {"code":1190629,"id":"9171e9","name":"宇佐","original_name":"宇佐","name_kana":"うさ","closed":false,"lat":33.531373,"lng":131.41231,"prefecture":44,"lines":[11906,99933],"attr":"eco","postal_code":"879-1132","address":"宇佐市大字岩崎","voronoi":{"type":"Feature","geometry":{"type":"Polygon","coordinates":[[[131.405601,33.554593],[131.407413,33.50933],[131.427591,33.522107],[131.405601,33.554593]]]},"properties":{}},"extra":false},
    {"code":9993304,"id":"35bd1a","name":"橋津","original_name":"橋津","name_kana":"はしづ","closed":true,"lat":33.530911,"lng":131.40077,"prefecture":44,"lines":[99933],"postal_code":"879-1134","address":"大分県宇佐市橋津２８７","open_date":"1916-03-01","closed_date":"1965-08-21","voronoi":{"type":"Feature","geometry":{"type":"Polygon","coordinates":[[[131.387515,33.545444],[131.394733,33.495656],[131.407413,33.50933],[131.405601,33.554593],[131.405528,33.554791],[131.387515,33.545444]]]},"properties":{}},"extra":true},
    {"code":9993305,"id":"1b56ee","name":"宇佐高校前","original_name":"宇佐高校前","name_kana":"うさこうこうまえ","closed":true,"lat":33.527745,"lng":131.378932,"prefecture":44,"lines":[99933],"postal_code":"872-0102","address":"大分県宇佐市南宇佐７８８−２","closed_date":"1965-08-21","voronoi":{"type":"Feature","geometry":{"type":"Polygon","coordinates":[[[131.374374,33.451743],[131.394733,33.495656],[131.387515,33.545444],[131.376201,33.546772],[131.374374,33.451743]]]},"properties":{}},"extra":true},
    {"code":9993306,"id":"75e399","name":"宇佐八幡","original_name":"宇佐八幡","name_kana":"うさはちまん","closed":true,"lat":33.527864,"lng":131.37274,"prefecture":44,"lines":[99933],"postal_code":"872-0102","address":"大分県宇佐市南宇佐２１８０−７","open_date":"1916-03-01","closed_date":"1965-08-21","voronoi":{"type":"Feature","geometry":{"type":"Polygon","coordinates":[[[131.282878,33.437977],[131.289354,33.400184],[131.351257,33.39605],[131.374374,33.451743],[131.376201,33.546772],[131.37269,33.547777],[131.341731,33.539374],[131.311792,33.500635],[131.282878,33.437977]]]},"properties":{}},"extra":true}
  ],
  "closed_date":"1965-08-21",
  "extra":true
}