{
  "code":99930,
  "id":2206,
  "name":"荒尾市営電気鉄道",
  "name_kana":"あらおしえいでんきてつどう",
  "station_size":10,
  "closed":true,
  "station_list":[
    {"code":1190329,"id":4081,"name":"荒尾(熊本)","original_name":"荒尾","name_kana":"あらお","closed":false,"lat":32.994682,"lng":130.434717,"prefecture":43,"lines":[11903,99930],"attr":"heat","postal_code":"864-0002","address":"荒尾市大字万田","voronoi":{"type":"Feature","geometry":{"type":"Polygon","coordinates":[[[130.457565,33.001722],[130.460126,33.006821],[130.315823,33.044127],[130.319885,32.997058],[130.438394,32.992025],[130.443567,32.993541],[130.456149,32.99963],[130.457565,33.001722]]]},"properties":{}},"extra":false},
    {"code":9993002,"id":21881,"name":"境崎","original_name":"境崎","name_kana":"さかいざき","closed":true,"lat":32.98969,"lng":130.434505,"prefecture":43,"lines":[99930],"postal_code":"864-0003","address":"熊本県荒尾市宮内出目６９１","closed_date":"1964-10-01","voronoi":{"type":"Feature","geometry":{"type":"Polygon","coordinates":[[[130.426771,32.9783],[130.438394,32.992025],[130.319885,32.997058],[130.320639,32.985364],[130.321003,32.984974],[130.426771,32.9783]]]},"properties":{}},"extra":true},
    {"code":9993003,"id":21882,"name":"小田峯","original_name":"小田峯","name_kana":"おだみね","closed":true,"lat":32.987805,"lng":130.436731,"prefecture":43,"lines":[99930],"postal_code":"864-0005","address":"熊本県荒尾市大平町２丁目９６６","closed_date":"1964-10-01","voronoi":{"type":"Feature","geometry":{"type":"Polygon","coordinates":[[[130.426771,32.9783],[130.438394,32.992025],[130.443567,32.993541],[130.43007,32.977737],[130.426771,32.9783]]]},"properties":{}},"extra":true},
    {"code":9993004,"id":21883,"name":"宮内(熊本)","original_name":"宮内","name_kana":"くない","closed":true,"lat":32.985891,"lng":130.438972,"prefecture":43,"lines":[99930],"postal_code":"864-0004","address":"熊本県荒尾市宮内１４７３","closed_date":"1964-10-01","voronoi":{"type":"Feature","geometry":{"type":"Polygon","coordinates":[[[130.450224,32.986793],[130.453734,32.993426],[130.456149,32.99963],[130.443567,32.993541],[130.43007,32.977737],[130.432202,32.977097],[130.446003,32.982249],[130.447538,32.983432],[130.450224,32.986793]]]},"properties":{}},"extra":true},
    {"code":9993005,"id":21884,"name":"本村","original_name":"本村","name_kana":"ほんむら","closed":true,"lat":32.97489,"lng":130.443078,"prefecture":43,"lines":[99930],"postal_code":"864-0041","address":"熊本県荒尾市荒尾２０６９","closed_date":"1964-10-01","voronoi":{"type":"Feature","geometry":{"type":"Polygon","coordinates":[[[130.446003,32.982249],[130.432202,32.977097],[130.444499,32.963128],[130.446003,32.982249]]]},"properties":{}},"extra":true},
    {"code":9993006,"id":21885,"name":"揚増永","original_name":"揚増永","name_kana":"あげますなが","closed":true,"lat":32.974523,"lng":130.447742,"prefecture":43,"lines":[99930],"postal_code":"864-0041","address":"熊本県荒尾市荒尾２６７１−３","closed_date":"1964-10-01","voronoi":{"type":"Feature","geometry":{"type":"Polygon","coordinates":[[[130.449517,32.954425],[130.444499,32.963128],[130.446003,32.982249],[130.447538,32.983432],[130.455025,32.955534],[130.449517,32.954425]]]},"properties":{}},"extra":true},
    {"code":9993007,"id":21886,"name":"水源地前","original_name":"水源地前","name_kana":"すいげんちまえ","closed":true,"lat":32.975618,"lng":130.451822,"prefecture":43,"lines":[99930],"postal_code":"864-0032","address":"熊本県荒尾市増永１９０３","closed_date":"1964-10-01","voronoi":{"type":"Feature","geometry":{"type":"Polygon","coordinates":[[[130.447538,32.983432],[130.450224,32.986793],[130.460736,32.956075],[130.455025,32.955534],[130.447538,32.983432]]]},"properties":{}},"extra":true},
    {"code":9993008,"id":21887,"name":"シオン園前","original_name":"シオン園前","name_kana":"しおんえんまえ","closed":true,"lat":32.976982,"lng":130.455808,"prefecture":43,"lines":[99930],"postal_code":"864-0032","address":"熊本県荒尾市増永２０１２−６","closed_date":"1964-10-01","voronoi":{"type":"Feature","geometry":{"type":"Polygon","coordinates":[[[130.453734,32.993426],[130.450224,32.986793],[130.460736,32.956075],[130.462916,32.956067],[130.453734,32.993426]]]},"properties":{}},"extra":true},
    {"code":9993009,"id":21888,"name":"新生区","original_name":"新生区","name_kana":"しんせいく","closed":true,"lat":32.977894,"lng":130.459519,"prefecture":43,"lines":[99930],"postal_code":"864-0032","address":"熊本県荒尾市増永２７９１−１７","closed_date":"1964-10-01","voronoi":{"type":"Feature","geometry":{"type":"Polygon","coordinates":[[[130.457565,33.001722],[130.456149,32.99963],[130.453734,32.993426],[130.462916,32.956067],[130.46745,32.955656],[130.457565,33.001722]]]},"properties":{}},"extra":true},
    {"code":9993010,"id":21889,"name":"緑ヶ丘(熊本)","original_name":"緑ヶ丘","name_kana":"みどりがおか","closed":true,"lat":32.97919,"lng":130.465559,"prefecture":43,"lines":[99930],"postal_code":"864-0031","address":"熊本県荒尾市川登１８８４−１０","closed_date":"1964-10-01","voronoi":{"type":"Feature","geometry":{"type":"Polygon","coordinates":[[[130.457565,33.001722],[130.460126,33.006821],[130.475689,33.013523],[130.494361,33.018425],[130.501225,33.019135],[130.536341,33.010303],[130.527679,32.984819],[130.520656,32.973866],[130.485554,32.951578],[130.46745,32.955656],[130.457565,33.001722]]]},"properties":{}},"extra":true}
  ],
  "closed_date":"1964-10-01",
  "extra":true
}