{
  "code":1002,
  "id":"0096b0",
  "name":"東海道新幹線",
  "name_kana":"とうかいどうしんかんせん",
  "station_size":17,
  "company_code":3,
  "closed":false,
  "color":"#0000FF",
  "station_list":[
    {"code":100201,"id":"8b222f","name":"東京","original_name":"東京","name_kana":"とうきょう","closed":false,"lat":35.681391,"lng":139.766103,"prefecture":13,"lines":[1002,1004,1005,11301,11302,11308,11311,11312,11314,11326,11328,11332,11343,28002],"attr":"heat","postal_code":"100-0005","address":"東京都千代田区丸の内一丁目","open_date":"1914-12-20","voronoi":{"type":"Feature","geometry":{"type":"Polygon","coordinates":[[[139.766725,35.677891],[139.769904,35.680711],[139.769608,35.683913],[139.763811,35.684021],[139.76422,35.678699],[139.766421,35.67785],[139.766725,35.677891]]]},"properties":{}}},
    {"code":100202,"id":"73e262","name":"品川","original_name":"品川","name_kana":"しながわ","closed":false,"lat":35.62876,"lng":139.738999,"prefecture":13,"lines":[1002,11301,11302,11308,11328,11332,27001],"attr":"eco","postal_code":"108-0074","address":"東京都港区高輪三丁目26-27","open_date":"1872-06-12","voronoi":{"type":"Feature","geometry":{"type":"Polygon","coordinates":[[[139.733042,35.625425],[139.744812,35.625783],[139.747046,35.630241],[139.73566,35.633222],[139.733042,35.625425]]]},"properties":{}}},
    {"code":100203,"id":"659bd9","name":"新横浜","original_name":"新横浜","name_kana":"しんよこはま","closed":false,"lat":35.506824,"lng":139.617348,"prefecture":14,"lines":[1002,11306,26009,29003,99316],"attr":"cool","postal_code":"222-0026","address":"横浜市港北区篠原町","voronoi":{"type":"Feature","geometry":{"type":"Polygon","coordinates":[[[139.607983,35.501673],[139.60887,35.510786],[139.622078,35.515593],[139.625085,35.502435],[139.624478,35.50124],[139.607983,35.501673]]]},"properties":{}}},
    {"code":100204,"id":"eaa3c7","name":"小田原","original_name":"小田原","name_kana":"おだわら","closed":false,"lat":35.256225,"lng":139.155772,"prefecture":14,"lines":[1002,11301,25001,99314,99339],"attr":"heat","postal_code":"250-0011","address":"小田原市栄町１丁目","voronoi":{"type":"Feature","geometry":{"type":"Polygon","coordinates":[[[139.202833,35.215034],[139.151238,35.263276],[139.149383,35.263513],[139.138184,35.262575],[139.13824,35.262426],[139.159896,35.241657],[139.202833,35.215034]]]},"properties":{}}},
    {"code":100205,"id":"e9c3c7","name":"熱海","original_name":"熱海","name_kana":"あたみ","closed":false,"lat":35.103573,"lng":139.077679,"prefecture":22,"lines":[1002,11301,11501,11504],"attr":"heat","postal_code":"413-0011","address":"熱海市田原本町","voronoi":{"type":"Feature","geometry":{"type":"Polygon","coordinates":[[[139.053815,35.145601],[139.080292,35.079523],[139.099703,35.074761],[139.155868,35.078098],[139.136008,35.098407],[139.053815,35.145601]]]},"properties":{}}},
    {"code":100206,"id":"909cad","name":"三島","original_name":"三島","name_kana":"みしま","closed":false,"lat":35.126253,"lng":138.911133,"prefecture":22,"lines":[1002,11501,99502],"attr":"cool","postal_code":"411-0036","address":"三島市一番町","voronoi":{"type":"Feature","geometry":{"type":"Polygon","coordinates":[[[138.950682,35.150463],[138.928139,35.149544],[138.904342,35.136444],[138.902513,35.122677],[138.91697,35.12282],[138.939731,35.139328],[138.950505,35.149858],[138.950682,35.150463]]]},"properties":{}}},
    {"code":100207,"id":"d12d73","name":"新富士(静岡)","original_name":"新富士","name_kana":"しんふじ","closed":false,"lat":35.142,"lng":138.6633,"prefecture":22,"lines":[1002],"attr":"heat","postal_code":"416-0939","address":"静岡県富士市川成島６５４−１０","voronoi":{"type":"Feature","geometry":{"type":"Polygon","coordinates":[[[138.641425,35.116718],[138.641235,35.12637],[138.669127,35.161834],[138.67218,35.157539],[138.683227,35.138788],[138.689834,34.997467],[138.641425,35.116718]]]},"properties":{}}},
    {"code":100208,"id":"a16783","name":"静岡","original_name":"静岡","name_kana":"しずおか","closed":false,"lat":34.971629,"lng":138.388579,"prefecture":22,"lines":[1002,11501],"attr":"cool","postal_code":"420-0851","address":"静岡市葵区黒金町","voronoi":{"type":"Feature","geometry":{"type":"Polygon","coordinates":[[[138.395174,34.971816],[138.389965,34.974267],[138.363102,34.966863],[138.423498,34.918516],[138.427919,34.915949],[138.39816,34.968638],[138.395174,34.971816]]]},"properties":{}}},
    {"code":100209,"id":"adfe18","name":"掛川","original_name":"掛川","name_kana":"かけがわ","closed":false,"lat":34.769463,"lng":138.014937,"prefecture":22,"lines":[1002,11501,99505],"attr":"eco","postal_code":"436-0024","address":"掛川市南西郷","voronoi":{"type":"Feature","geometry":{"type":"Polygon","coordinates":[[[138.03427,34.618527],[138.004275,34.711398],[138.009699,34.808536],[138.012324,34.829553],[138.028283,34.84907],[138.048904,34.833308],[138.05287,34.828182],[138.056147,34.823579],[138.056541,34.822971],[138.03427,34.618527]]]},"properties":{}}},
    {"code":100210,"id":"24381e","name":"浜松","original_name":"浜松","name_kana":"はままつ","closed":false,"lat":34.703866,"lng":137.734759,"prefecture":22,"lines":[1002,11501,11502],"attr":"eco","postal_code":"430-0926","address":"浜松市中区砂山町","voronoi":{"type":"Feature","geometry":{"type":"Polygon","coordinates":[[[137.787018,34.608726],[137.813247,34.336779],[137.815309,34.298121],[137.733255,34.705382],[137.738768,34.708304],[137.744597,34.709582],[137.757601,34.708374],[137.787018,34.608726]]]},"properties":{}}},
    {"code":100211,"id":"ce07ed","name":"豊橋","original_name":"豊橋","name_kana":"とよはし","closed":false,"lat":34.762734,"lng":137.382128,"prefecture":23,"lines":[1002,11413,11502,30001],"attr":"heat","postal_code":"440-0075","address":"豊橋市花田町西宿","voronoi":{"type":"Feature","geometry":{"type":"Polygon","coordinates":[[[137.382946,34.763029],[137.376755,34.768458],[137.33972,34.745438],[137.344297,34.74538],[137.371877,34.75013],[137.377528,34.752558],[137.379713,34.754303],[137.382946,34.763029]]]},"properties":{}}},
    {"code":100212,"id":"221e91","name":"三河安城","original_name":"三河安城","name_kana":"みかわあんじょう","closed":false,"lat":34.96968,"lng":137.060918,"prefecture":23,"lines":[1002,11502],"attr":"heat","postal_code":"446-0054","address":"安城市二本木町二ツ池","voronoi":{"type":"Feature","geometry":{"type":"Polygon","coordinates":[[[137.068833,34.98448],[137.057086,34.984491],[137.034506,34.933685],[137.035853,34.931227],[137.042776,34.931233],[137.053915,34.934097],[137.057808,34.936768],[137.066704,34.944978],[137.076997,34.972842],[137.068833,34.98448]]]},"properties":{}}},
    {"code":100213,"id":"91ffc2","name":"名古屋","original_name":"名古屋","name_kana":"なごや","closed":false,"lat":35.170694,"lng":136.881637,"prefecture":23,"lines":[1002,11411,11502,11508,99509,99513,99517],"attr":"eco","postal_code":"450-0002","address":"名古屋市中村区名駅１丁目４番","voronoi":{"type":"Feature","geometry":{"type":"Polygon","coordinates":[[[136.885066,35.173783],[136.884327,35.177775],[136.876328,35.172061],[136.878345,35.166492],[136.879908,35.166183],[136.880203,35.166189],[136.883645,35.171269],[136.885066,35.173783]]]},"properties":{}}},
    {"code":100214,"id":"229258","name":"岐阜羽島","original_name":"岐阜羽島","name_kana":"ぎふはしま","closed":false,"lat":35.3158,"lng":136.6855,"prefecture":21,"lines":[1002],"attr":"cool","postal_code":"501-6257","address":"岐阜県羽島市福寿町平方","voronoi":{"type":"Feature","geometry":{"type":"Polygon","coordinates":[[[136.689429,35.326777],[136.666203,35.250394],[136.643337,35.270814],[136.641681,35.285582],[136.641496,35.30855],[136.643878,35.327431],[136.645476,35.332128],[136.678183,35.353459],[136.689429,35.326777]]]},"properties":{}}},
    {"code":100215,"id":"85e377","name":"米原","original_name":"米原","name_kana":"まいばら","closed":false,"lat":35.314657,"lng":136.289992,"prefecture":25,"lines":[1002,11415,11503,11601,99601],"attr":"cool","postal_code":"521-0012","address":"米原市米原","voronoi":{"type":"Feature","geometry":{"type":"Polygon","coordinates":[[[136.242447,35.314922],[136.235158,35.319498],[136.315927,35.328098],[136.323358,35.296594],[136.242447,35.314922]]]},"properties":{}}},
    {"code":100216,"id":"deedbe","name":"京都","original_name":"京都","name_kana":"きょうと","closed":false,"lat":34.985465,"lng":135.757748,"prefecture":26,"lines":[1002,11601,11602,11605,11614,11618,31025,99610],"attr":"heat","postal_code":"600-8216","address":"京都市下京区烏丸通塩小路下ル東塩小路町","voronoi":{"type":"Feature","geometry":{"type":"Polygon","coordinates":[[[135.761906,34.989727],[135.751517,34.991785],[135.750463,34.987145],[135.756369,34.981564],[135.763899,34.983817],[135.764023,34.984183],[135.761906,34.989727]]]},"properties":{}}},
    {"code":100217,"id":"5d9093","name":"新大阪","original_name":"新大阪","name_kana":"しんおおさか","closed":false,"lat":34.734136,"lng":135.501852,"prefecture":27,"lines":[1002,1003,11602,11641,99618],"attr":"cool","postal_code":"532-0011","address":"大阪市淀川区西中島５丁目","voronoi":{"type":"Feature","geometry":{"type":"Polygon","coordinates":[[[135.500436,34.737721],[135.492319,34.733782],[135.502356,34.729433],[135.504617,34.728807],[135.506967,34.735151],[135.500436,34.737721]]]},"properties":{}}}
  ]
}