{
  "code":1003,
  "id":"4c9e90",
  "name":"山陽新幹線",
  "name_kana":"さんようしんかんせん",
  "station_size":19,
  "company_code":4,
  "closed":false,
  "color":"#0000FF",
  "station_list":[
    {"code":100217,"id":"5d9093","name":"新大阪","original_name":"新大阪","name_kana":"しんおおさか","closed":false,"lat":34.734136,"lng":135.501852,"prefecture":27,"lines":[1002,1003,11602,11641,99618],"attr":"cool","postal_code":"532-0011","address":"大阪市淀川区西中島５丁目","voronoi":{"type":"Feature","geometry":{"type":"Polygon","coordinates":[[[135.500436,34.737721],[135.492319,34.733782],[135.502356,34.729433],[135.504617,34.728807],[135.506967,34.735151],[135.500436,34.737721]]]},"properties":{}}},
    {"code":100302,"id":"27f8fc","name":"新神戸","original_name":"新神戸","name_kana":"しんこうべ","closed":false,"lat":34.706417,"lng":135.195758,"prefecture":28,"lines":[1003,99636,99646],"attr":"heat","postal_code":"650-0001","address":"神戸市中央区加納町１丁目","voronoi":{"type":"Feature","geometry":{"type":"Polygon","coordinates":[[[135.199037,34.700373],[135.186612,34.70112],[135.170323,34.713624],[135.173323,34.722302],[135.181514,34.73314],[135.1931,34.738242],[135.201798,34.739404],[135.205433,34.71836],[135.199037,34.700373]]]},"properties":{}}},
    {"code":100303,"id":"91c825","name":"西明石","original_name":"西明石","name_kana":"にしあかし","closed":false,"lat":34.66591,"lng":134.960151,"prefecture":28,"lines":[1003,11608],"attr":"heat","postal_code":"673-0005","address":"明石市小久保町２丁目","voronoi":{"type":"Feature","geometry":{"type":"Polygon","coordinates":[[[134.992113,34.689146],[134.975137,34.707257],[134.951517,34.676327],[134.955489,34.656537],[134.975012,34.663568],[134.988145,34.680218],[134.992435,34.688469],[134.992113,34.689146]]]},"properties":{}}},
    {"code":100304,"id":"4491da","name":"姫路","original_name":"姫路","name_kana":"ひめじ","closed":false,"lat":34.827659,"lng":134.690769,"prefecture":28,"lines":[1003,11608,11609,11633,11635],"attr":"cool","postal_code":"670-0927","address":"姫路市駅前町御殿前","voronoi":{"type":"Feature","geometry":{"type":"Polygon","coordinates":[[[134.686402,34.823379],[134.697292,34.810302],[134.699252,34.810424],[134.701361,34.824301],[134.695769,34.835929],[134.686402,34.823379]]]},"properties":{}}},
    {"code":100305,"id":"1800c3","name":"相生(兵庫)","original_name":"相生","name_kana":"あいおい","closed":false,"lat":34.818052,"lng":134.47341,"prefecture":28,"lines":[1003,11609,11631],"attr":"eco","postal_code":"678-0006","address":"相生市本郷町","voronoi":{"type":"Feature","geometry":{"type":"Polygon","coordinates":[[[134.437321,34.843323],[134.443269,34.884623],[134.456417,34.884894],[134.488844,34.879444],[134.50954,34.744811],[134.437321,34.843323]]]},"properties":{}}},
    {"code":100306,"id":"a9d3b2","name":"岡山","original_name":"岡山","name_kana":"おかやま","closed":false,"lat":34.666572,"lng":133.918552,"prefecture":33,"lines":[1003,11609,11610,11631,11703,11709,11713,11715],"attr":"heat","postal_code":"700-0024","address":"岡山市駅元町１丁目","voronoi":{"type":"Feature","geometry":{"type":"Polygon","coordinates":[[[133.910571,34.681852],[133.908969,34.6594],[133.913295,34.657634],[133.921396,34.668892],[133.922898,34.675786],[133.910571,34.681852]]]},"properties":{}}},
    {"code":100307,"id":"d59841","name":"新倉敷","original_name":"新倉敷","name_kana":"しんくらしき","closed":false,"lat":34.56509,"lng":133.678344,"prefecture":33,"lines":[1003,11610],"attr":"eco","postal_code":"710-0252","address":"倉敷市玉島爪崎","voronoi":{"type":"Feature","geometry":{"type":"Polygon","coordinates":[[[133.672286,34.499002],[133.638705,34.57888],[133.644909,34.585996],[133.68169,34.59671],[133.695501,34.59365],[133.71236,34.55329],[133.711268,34.550615],[133.672286,34.499002]]]},"properties":{}}},
    {"code":100308,"id":"6bb02c","name":"福山","original_name":"福山","name_kana":"ふくやま","closed":false,"lat":34.489291,"lng":133.361429,"prefecture":34,"lines":[1003,11610,11720],"attr":"heat","postal_code":"720-0066","address":"福山市三之丸町","voronoi":{"type":"Feature","geometry":{"type":"Polygon","coordinates":[[[133.411305,34.228449],[133.416777,34.232863],[133.381868,34.504098],[133.356799,34.505703],[133.342982,34.449538],[133.410833,34.228363],[133.411305,34.228449]]]},"properties":{}}},
    {"code":100309,"id":"81053f","name":"新尾道","original_name":"新尾道","name_kana":"しんおのみち","closed":false,"lat":34.43,"lng":133.1903,"prefecture":34,"lines":[1003],"attr":"cool","postal_code":"722-0022","address":"広島県尾道市栗原町","voronoi":{"type":"Feature","geometry":{"type":"Polygon","coordinates":[[[133.204959,34.491292],[133.120753,34.50144],[133.113259,34.500334],[133.12158,34.470096],[133.146617,34.412797],[133.213212,34.419632],[133.204959,34.491292]]]},"properties":{}}},
    {"code":100310,"id":"4d901a","name":"三原","original_name":"三原","name_kana":"みはら","closed":false,"lat":34.400486,"lng":133.083049,"prefecture":34,"lines":[1003,11610,11611,11716],"attr":"eco","postal_code":"723-0014","address":"三原市城町","voronoi":{"type":"Feature","geometry":{"type":"Polygon","coordinates":[[[133.046293,34.52127],[133.033632,34.388583],[133.039835,34.384307],[133.089498,34.385409],[133.12158,34.470096],[133.113259,34.500334],[133.072956,34.518128],[133.046293,34.52127]]]},"properties":{}}},
    {"code":100311,"id":"9046b9","name":"東広島","original_name":"東広島","name_kana":"ひがしひろしま","closed":false,"lat":34.3893,"lng":132.7597,"prefecture":34,"lines":[1003],"attr":"cool","postal_code":"739-0026","address":"広島県東広島市三永１丁目４","voronoi":{"type":"Feature","geometry":{"type":"Polygon","coordinates":[[[132.754056,34.336334],[132.670112,34.348798],[132.694081,34.379375],[132.719582,34.398259],[132.772897,34.41826],[132.807165,34.40105],[132.822032,34.380972],[132.781561,34.347867],[132.754056,34.336334]]]},"properties":{}}},
    {"code":100312,"id":"1f0cee","name":"広島","original_name":"広島","name_kana":"ひろしま","closed":false,"lat":34.397446,"lng":132.475593,"prefecture":34,"lines":[1003,11611,11714,11716,11717],"attr":"heat","postal_code":"732-0822","address":"広島市南区松原町","voronoi":{"type":"Feature","geometry":{"type":"Polygon","coordinates":[[[132.485284,34.414921],[132.486714,34.397996],[132.477559,34.39653],[132.470376,34.397717],[132.47028,34.397889],[132.470662,34.399501],[132.473755,34.405559],[132.478083,34.411762],[132.48278,34.414387],[132.485284,34.414921]]]},"properties":{}}},
    {"code":100313,"id":"480d8f","name":"新岩国","original_name":"新岩国","name_kana":"しんいわくに","closed":false,"lat":34.165,"lng":132.1498,"prefecture":35,"lines":[1003],"attr":"heat","postal_code":"741-0083","address":"山口県岩国市御庄１０２−１","voronoi":{"type":"Feature","geometry":{"type":"Polygon","coordinates":[[[132.16232,34.156736],[132.157628,34.15567],[132.143222,34.16885],[132.163235,34.224088],[132.174689,34.208034],[132.174151,34.195554],[132.16232,34.156736]]]},"properties":{}}},
    {"code":100314,"id":"7061fa","name":"徳山","original_name":"徳山","name_kana":"とくやま","closed":false,"lat":34.051555,"lng":131.8029,"prefecture":35,"lines":[1003,11612,11724],"attr":"eco","postal_code":"745-0034","address":"周南市御幸通り２丁目","voronoi":{"type":"Feature","geometry":{"type":"Polygon","coordinates":[[[131.865957,34.170853],[131.842805,34.075434],[131.728682,33.930072],[131.747373,33.988707],[131.851765,34.181542],[131.865804,34.171003],[131.865957,34.170853]]]},"properties":{}}},
    {"code":100315,"id":"4b4a14","name":"新山口","original_name":"新山口","name_kana":"しんやまぐち","closed":false,"lat":34.093255,"lng":131.39657,"prefecture":35,"lines":[1003,11612,11708,11721],"attr":"cool","postal_code":"754-0002","address":"山口市小郡下郷","voronoi":{"type":"Feature","geometry":{"type":"Polygon","coordinates":[[[131.38137,34.108822],[131.351872,34.115494],[131.415008,34.058733],[131.421251,34.082733],[131.38137,34.108822]]]},"properties":{}}},
    {"code":100316,"id":"1bd787","name":"厚狭","original_name":"厚狭","name_kana":"あさ","closed":false,"lat":34.053361,"lng":131.159965,"prefecture":35,"lines":[1003,11612,11722],"attr":"cool","postal_code":"757-0001","address":"山陽小野田市厚狭","voronoi":{"type":"Feature","geometry":{"type":"Polygon","coordinates":[[[131.121738,34.080546],[131.125907,34.007777],[131.138748,34.011433],[131.138758,34.011437],[131.209852,34.051514],[131.210433,34.052227],[131.135098,34.081709],[131.121738,34.080546]]]},"properties":{}}},
    {"code":100317,"id":"78a2be","name":"新下関","original_name":"新下関","name_kana":"しんしものせき","closed":false,"lat":34.005651,"lng":130.948021,"prefecture":35,"lines":[1003,11612],"attr":"heat","postal_code":"751-0872","address":"下関市秋根南町１丁目","voronoi":{"type":"Feature","geometry":{"type":"Polygon","coordinates":[[[130.963545,34.05111],[130.945854,34.037316],[130.943443,34.03339],[130.936727,34.012424],[130.938282,33.993104],[130.952476,33.980903],[130.979087,33.992326],[130.963545,34.05111]]]},"properties":{}}},
    {"code":100318,"id":"456856","name":"小倉(福岡)","original_name":"小倉","name_kana":"こくら","closed":false,"lat":33.886756,"lng":130.882678,"prefecture":40,"lines":[1003,11902,11906,11914,99908],"attr":"heat","postal_code":"802-0001","address":"北九州市小倉北区浅野１丁目","voronoi":{"type":"Feature","geometry":{"type":"Polygon","coordinates":[[[130.89933,33.920771],[130.887188,33.928483],[130.878028,33.886524],[130.902778,33.87667],[130.909568,33.875613],[130.914724,33.876256],[130.89933,33.920771]]]},"properties":{}}},
    {"code":100319,"id":"dee3bc","name":"博多","original_name":"博多","name_kana":"はかた","closed":false,"lat":33.590002,"lng":130.420622,"prefecture":40,"lines":[1003,1010,11901,11902,11903,11908,99905,99907],"attr":"heat","postal_code":"812-0012","address":"福岡市博多区博多駅中央街","voronoi":{"type":"Feature","geometry":{"type":"Polygon","coordinates":[[[130.415351,33.580138],[130.414163,33.583245],[130.415212,33.588557],[130.422064,33.598543],[130.422128,33.598576],[130.425984,33.597889],[130.425907,33.579233],[130.422315,33.577379],[130.416911,33.578768],[130.415351,33.580138]]]},"properties":{}}}
  ]
}