{
  "code":1005,
  "id":589,
  "name":"上越新幹線",
  "name_kana":"じょうえつしんかんせん",
  "station_size":12,
  "company_code":2,
  "closed":false,
  "station_list":[
    {"code":100201,"id":1258,"name":"東京","original_name":"東京","name_kana":"とうきょう","closed":false,"lat":35.681391,"lng":139.766103,"prefecture":13,"lines":[1002,1004,1005,11301,11302,11308,11311,11312,11314,11326,11328,11332,11343,28002],"attr":"heat","postal_code":"100-0005","address":"東京都千代田区丸の内一丁目","open_date":"1914-12-20","voronoi":{"type":"Feature","geometry":{"type":"Polygon","coordinates":[[[139.766725,35.677891],[139.769904,35.680711],[139.769608,35.683913],[139.763811,35.684021],[139.76422,35.678699],[139.766421,35.67785],[139.766725,35.677891]]]},"properties":{}}},
    {"code":100402,"id":1298,"name":"上野","original_name":"上野","name_kana":"うえの","closed":false,"lat":35.71379,"lng":139.777043,"prefecture":13,"lines":[1004,1005,11302,11319,11320,11323,11332,11343,28001,28003],"attr":"heat","postal_code":"110-0005","address":"東京都台東区上野七丁目1-1","open_date":"1883-07-28","voronoi":{"type":"Feature","geometry":{"type":"Polygon","coordinates":[[[139.780049,35.717319],[139.777239,35.717674],[139.773657,35.715036],[139.773597,35.714832],[139.776972,35.710251],[139.777212,35.710141],[139.778651,35.709958],[139.78133,35.715866],[139.780049,35.717319]]]},"properties":{}}},
    {"code":100403,"id":1591,"name":"大宮(埼玉)","original_name":"大宮","name_kana":"おおみや","closed":false,"lat":35.906439,"lng":139.62405,"prefecture":11,"lines":[1004,1005,11319,11321,11322,11323,11332,11333,21004,99321],"attr":"heat","postal_code":"330-0853","address":"さいたま市大宮区錦町","voronoi":{"type":"Feature","geometry":{"type":"Polygon","coordinates":[[[139.626974,35.898754],[139.602983,35.891948],[139.59364,35.891205],[139.597842,35.902919],[139.618328,35.912182],[139.636384,35.911043],[139.640439,35.908968],[139.626974,35.898754]]]},"properties":{}}},
    {"code":100504,"id":1662,"name":"熊谷","original_name":"熊谷","name_kana":"くまがや","closed":false,"lat":36.139627,"lng":139.389528,"prefecture":11,"lines":[1005,11323,99306],"attr":"cool","postal_code":"360-0037","address":"熊谷市筑波２丁目","voronoi":{"type":"Feature","geometry":{"type":"Polygon","coordinates":[[[139.368211,36.0946],[139.406468,36.197982],[139.412231,36.197063],[139.405059,36.117235],[139.389392,36.091328],[139.368211,36.0946]]]},"properties":{}}},
    {"code":100505,"id":9144,"name":"本庄早稲田","original_name":"本庄早稲田","name_kana":"ほんじょうわせだ","closed":false,"lat":36.2188,"lng":139.1795,"prefecture":11,"lines":[1005],"attr":"eco","postal_code":"367-0031","address":"埼玉県本庄市北堀","voronoi":{"type":"Feature","geometry":{"type":"Polygon","coordinates":[[[139.205175,36.197264],[139.209138,36.214773],[139.165205,36.236952],[139.147952,36.221912],[139.164131,36.194913],[139.205175,36.197264]]]},"properties":{}}},
    {"code":100506,"id":1586,"name":"高崎","original_name":"高崎","name_kana":"たかさき","closed":false,"lat":36.322239,"lng":139.012354,"prefecture":10,"lines":[1005,1009,11318,11323,11337,11341,11342,99327],"attr":"eco","postal_code":"370-0849","address":"高崎市八島町","voronoi":{"type":"Feature","geometry":{"type":"Polygon","coordinates":[[[139.012673,36.334575],[138.987545,36.317453],[139.032241,36.317275],[139.034975,36.318072],[139.041385,36.328876],[139.012673,36.334575]]]},"properties":{}}},
    {"code":100507,"id":9145,"name":"上毛高原","original_name":"上毛高原","name_kana":"じょうもうこうげん","closed":false,"lat":36.6932,"lng":138.9776,"prefecture":10,"lines":[1005],"attr":"heat","postal_code":"379-1313","address":"群馬県利根郡みなかみ町月夜野１７５６","voronoi":{"type":"Feature","geometry":{"type":"Polygon","coordinates":[[[138.933079,36.629486],[138.90229,36.653449],[138.843569,36.722551],[138.897347,36.728092],[139.003627,36.71072],[138.950193,36.622747],[138.933079,36.629486]]]},"properties":{}}},
    {"code":100508,"id":1923,"name":"越後湯沢","original_name":"越後湯沢","name_kana":"えちごゆざわ","closed":false,"lat":36.935799,"lng":138.809227,"prefecture":15,"lines":[1005,1006,11342],"attr":"cool","postal_code":"949-6101","address":"南魚沼郡湯沢町大字湯沢","voronoi":{"type":"Feature","geometry":{"type":"Polygon","coordinates":[[[138.675971,36.860047],[138.663068,36.826236],[138.657632,36.80854],[138.650375,36.777171],[138.673724,36.766097],[138.794867,36.870621],[138.811125,36.895732],[138.837848,36.965011],[138.675971,36.860047]]]},"properties":{}}},
    {"code":100509,"id":1930,"name":"浦佐","original_name":"浦佐","name_kana":"うらさ","closed":false,"lat":37.167488,"lng":138.922798,"prefecture":15,"lines":[1005,11342],"attr":"heat","postal_code":"949-7302","address":"南魚沼市浦佐","voronoi":{"type":"Feature","geometry":{"type":"Polygon","coordinates":[[[138.881311,37.203231],[138.880681,37.203043],[138.850054,37.176704],[138.849481,37.174048],[138.852558,37.162831],[139.135514,37.0769],[138.881311,37.203231]]]},"properties":{}}},
    {"code":100510,"id":1938,"name":"長岡","original_name":"長岡","name_kana":"ながおか","closed":false,"lat":37.447787,"lng":138.853927,"prefecture":15,"lines":[1005,11342,11404],"attr":"heat","postal_code":"940-0061","address":"長岡市城内町２丁目","voronoi":{"type":"Feature","geometry":{"type":"Polygon","coordinates":[[[138.784236,37.488393],[138.778292,37.478662],[138.786191,37.467683],[138.937472,37.386474],[138.96082,37.416492],[138.784236,37.488393]]]},"properties":{}}},
    {"code":100511,"id":2201,"name":"燕三条","original_name":"燕三条","name_kana":"つばめさんじょう","closed":false,"lat":37.648824,"lng":138.939274,"prefecture":15,"lines":[1005,11410],"attr":"heat","postal_code":"955-0093","address":"三条市下須頃","voronoi":{"type":"Feature","geometry":{"type":"Polygon","coordinates":[[[138.927706,37.620075],[138.903796,37.618495],[138.905634,37.641919],[138.982253,37.686184],[138.981627,37.681223],[138.973712,37.667822],[138.927706,37.620075]]]},"properties":{}}},
    {"code":100512,"id":2065,"name":"新潟","original_name":"新潟","name_kana":"にいがた","closed":false,"lat":37.912299,"lng":139.060869,"prefecture":15,"lines":[1005,11404,11406,11408],"attr":"eco","postal_code":"950-0086","address":"新潟市中央区花園１丁目","voronoi":{"type":"Feature","geometry":{"type":"Polygon","coordinates":[[[139.064831,37.87539],[139.045096,37.932848],[139.039172,38.322489],[139.070663,38.292157],[139.082712,38.176526],[139.091157,37.997061],[139.0855,37.920339],[139.064831,37.87539]]]},"properties":{}}}
  ]
}