{
  "code":1006,
  "id":"0dd500",
  "name":"上越新幹線(上越線)",
  "name_kana":"じょうえつしんかんせん(じょうえつせん)",
  "name_formal":"上越新幹線(ガーラ湯沢支線)",
  "station_size":2,
  "company_code":2,
  "closed":false,
  "color":"#00B3E6",
  "station_list":[
    {"code":100508,"id":"61e081","name":"越後湯沢","original_name":"越後湯沢","name_kana":"えちごゆざわ","closed":false,"lat":36.935799,"lng":138.809227,"prefecture":15,"lines":[1005,1006,11342],"attr":"cool","postal_code":"949-6101","address":"南魚沼郡湯沢町大字湯沢","voronoi":{"type":"Feature","geometry":{"type":"Polygon","coordinates":[[[138.675968,36.860039],[138.663068,36.826236],[138.657632,36.80854],[138.650375,36.777171],[138.668295,36.768672],[138.674727,36.766963],[138.794867,36.870621],[138.811125,36.895732],[138.837846,36.965008],[138.675968,36.860039]]]},"properties":{}}},
    {"code":100602,"id":"8efad8","name":"ガーラ湯沢","original_name":"ガーラ湯沢","name_kana":"がーらゆざわ","closed":false,"lat":36.950795,"lng":138.799503,"prefecture":15,"lines":[1006],"attr":"cool","postal_code":"949-6101","address":"新潟県南魚沼郡湯沢町大字湯沢","voronoi":{"type":"Feature","geometry":{"type":"Polygon","coordinates":[[[138.709343,36.964962],[138.708676,36.963492],[138.675968,36.860039],[138.837846,36.965008],[138.837993,36.965227],[138.723552,36.979486],[138.71027,36.966181],[138.709343,36.964962]]]},"properties":{}}}
  ]
}