{
  "code":1009,
  "id":"4e16d0",
  "name":"北陸新幹線",
  "name_kana":"ほくりくしんかんせん",
  "station_size":19,
  "company_code":2,
  "closed":false,
  "station_list":[
    {"code":100506,"id":"4505b7","name":"高崎","original_name":"高崎","name_kana":"たかさき","closed":false,"lat":36.322239,"lng":139.012354,"prefecture":10,"lines":[1005,1009,11318,11323,11337,11341,11342,99327],"attr":"eco","postal_code":"370-0849","address":"高崎市八島町","voronoi":{"type":"Feature","geometry":{"type":"Polygon","coordinates":[[[139.034969,36.318062],[139.032269,36.317275],[138.987545,36.317453],[139.012673,36.334575],[139.041385,36.328876],[139.034969,36.318062]]]},"properties":{}}},
    {"code":100902,"id":"b49f96","name":"安中榛名","original_name":"安中榛名","name_kana":"あんなかはるな","closed":false,"lat":36.362398,"lng":138.849399,"prefecture":10,"lines":[1009],"attr":"heat","postal_code":"379-0102","address":"群馬県安中市東上秋間","voronoi":{"type":"Feature","geometry":{"type":"Polygon","coordinates":[[[138.78564,36.383092],[138.771763,36.441713],[138.859906,36.464569],[138.888644,36.456372],[138.906723,36.449449],[138.914413,36.444808],[138.91478,36.444528],[138.917709,36.440906],[138.92243,36.432993],[138.922309,36.432464],[138.87406,36.330494],[138.829173,36.330318],[138.813086,36.345935],[138.78564,36.383092]]]},"properties":{}}},
    {"code":100903,"id":"796e41","name":"軽井沢","original_name":"軽井沢","name_kana":"かるいざわ","closed":false,"lat":36.342889,"lng":138.635096,"prefecture":20,"lines":[1009,99403],"attr":"cool","postal_code":"389-0102","address":"北佐久郡軽井沢町大字軽井沢１１７８番地","voronoi":{"type":"Feature","geometry":{"type":"Polygon","coordinates":[[[138.679941,36.241256],[138.638971,36.194351],[138.607621,36.226985],[138.604518,36.259283],[138.625369,36.445903],[138.691999,36.44116],[138.693286,36.440716],[138.679941,36.241256]]]},"properties":{}}},
    {"code":100904,"id":"05d5c9","name":"佐久平","original_name":"佐久平","name_kana":"さくだいら","closed":false,"lat":36.277929,"lng":138.464367,"prefecture":20,"lines":[1009,11401],"attr":"cool","postal_code":"385-0021","address":"佐久市大字長土呂１４８８番地","voronoi":{"type":"Feature","geometry":{"type":"Polygon","coordinates":[[[138.452903,36.257015],[138.461681,36.289457],[138.46886,36.296573],[138.478618,36.299895],[138.46226,36.262015],[138.452903,36.257015]]]},"properties":{}}},
    {"code":100905,"id":"f3b943","name":"上田","original_name":"上田","name_kana":"うえだ","closed":false,"lat":36.396579,"lng":138.249298,"prefecture":20,"lines":[1009,99403,99404],"attr":"eco","postal_code":"386-0025","address":"上田市天神１丁目１８８７番地","voronoi":{"type":"Feature","geometry":{"type":"Polygon","coordinates":[[[138.282331,36.498967],[138.295418,36.502926],[138.340488,36.50216],[138.320553,36.466878],[138.255362,36.379578],[138.237478,36.408131],[138.234211,36.417336],[138.268366,36.484444],[138.282331,36.498967]]]},"properties":{}}},
    {"code":100906,"id":"194165","name":"長野","original_name":"長野","name_kana":"ながの","closed":false,"lat":36.643307,"lng":138.189101,"prefecture":20,"lines":[1009,11403,99427,99405],"attr":"cool","postal_code":"380-0921","address":"長野市大字栗田１０３８番地","voronoi":{"type":"Feature","geometry":{"type":"Polygon","coordinates":[[[138.218585,36.634649],[138.219654,36.633011],[138.202554,36.619022],[138.185826,36.615054],[138.166776,36.654935],[138.174065,36.652864],[138.218585,36.634649]]]},"properties":{}}},
    {"code":100907,"id":"83b3a3","name":"飯山","original_name":"飯山","name_kana":"いいやま","closed":false,"lat":36.845694,"lng":138.35868,"prefecture":20,"lines":[1009,11407],"attr":"heat","postal_code":"389-2253","address":"飯山市大字飯山","voronoi":{"type":"Feature","geometry":{"type":"Polygon","coordinates":[[[138.404412,36.815042],[138.42699,36.826803],[138.289148,36.880162],[138.283085,36.846572],[138.283425,36.845756],[138.402913,36.814422],[138.404412,36.815042]]]},"properties":{}}},
    {"code":100908,"id":"64b8a9","name":"上越妙高","original_name":"上越妙高","name_kana":"じょうえつみょうこう","closed":false,"lat":37.081813,"lng":138.249476,"prefecture":15,"lines":[1009,99424],"attr":"cool","postal_code":"943-0863","address":"上越市大字脇野田","voronoi":{"type":"Feature","geometry":{"type":"Polygon","coordinates":[[[138.325371,37.116292],[138.29033,37.108471],[138.157763,37.050818],[138.180801,37.046643],[138.344427,37.093275],[138.325371,37.116292]]]},"properties":{}}},
    {"code":100909,"id":"6c0a71","name":"糸魚川","original_name":"糸魚川","name_kana":"いといがわ","closed":false,"lat":37.043631,"lng":137.861311,"prefecture":15,"lines":[1009,11405,11409,99423],"attr":"heat","postal_code":"941-0061","address":"糸魚川市大町１丁目","voronoi":{"type":"Feature","geometry":{"type":"Polygon","coordinates":[[[137.53732,37.936799],[137.545155,37.977454],[137.792416,37.338184],[137.873642,37.031771],[137.828631,37.032539],[137.53732,37.936799]]]},"properties":{}}},
    {"code":100910,"id":"e42936","name":"黒部宇奈月温泉","original_name":"黒部宇奈月温泉","name_kana":"くろべうなづきおんせん","closed":false,"lat":36.874104,"lng":137.481115,"prefecture":16,"lines":[1009],"attr":"heat","postal_code":"938-0000","address":"富山県黒部市荻生","voronoi":{"type":"Feature","geometry":{"type":"Polygon","coordinates":[[[137.486786,36.908571],[137.47472,36.903872],[137.475769,36.878495],[137.482826,36.871461],[137.491402,36.890015],[137.495386,36.906282],[137.486786,36.908571]]]},"properties":{}}},
    {"code":100911,"id":"7b9954","name":"富山","original_name":"富山","name_kana":"とやま","closed":false,"lat":36.701613,"lng":137.213255,"prefecture":16,"lines":[1009,11405,11416,99425],"attr":"eco","postal_code":"930-0001","address":"富山市明輪町","voronoi":{"type":"Feature","geometry":{"type":"Polygon","coordinates":[[[137.213471,36.700933],[137.213045,36.700914],[137.212652,36.702885],[137.214126,36.701627],[137.213471,36.700933]]]},"properties":{}}},
    {"code":100912,"id":"307ee0","name":"新高岡","original_name":"新高岡","name_kana":"しんたかおか","closed":false,"lat":36.726966,"lng":137.012408,"prefecture":16,"lines":[1009,11417],"attr":"eco","postal_code":"933-0852","address":"富山県高岡市下黒田1872番地","open_date":"2015-03-14","voronoi":{"type":"Feature","geometry":{"type":"Polygon","coordinates":[[[137.002451,36.736261],[136.997963,36.726267],[137.037931,36.70643],[137.034426,36.728681],[137.032189,36.730196],[137.003038,36.736171],[137.002451,36.736261]]]},"properties":{}}},
    {"code":100913,"id":"27b8ec","name":"金沢","original_name":"金沢","name_kana":"かなざわ","closed":false,"lat":36.578117,"lng":136.648166,"prefecture":17,"lines":[1009,99426],"attr":"eco","postal_code":"920-0023","address":"金沢市北安江町","voronoi":{"type":"Feature","geometry":{"type":"Polygon","coordinates":[[[136.647241,36.582565],[136.644214,36.58474],[136.61544,36.586494],[136.624311,36.576898],[136.627391,36.573766],[136.638496,36.567175],[136.65408,36.564705],[136.647241,36.582565]]]},"properties":{}}},
    {"code":100914,"id":"173dd5","name":"小松","original_name":"小松","name_kana":"こまつ","closed":false,"lat":36.402545,"lng":136.452926,"prefecture":17,"lines":[1009,99426],"attr":"cool","postal_code":"923-0921","address":"小松市土居原町","voronoi":{"type":"Feature","geometry":{"type":"Polygon","coordinates":[[[136.33998,36.439044],[136.338866,36.440095],[136.335881,36.44383],[136.415684,36.432877],[136.554867,36.370566],[136.576673,36.295485],[136.33998,36.439044]]]},"properties":{}}},
    {"code":100915,"id":"936e84","name":"加賀温泉","original_name":"加賀温泉","name_kana":"かがおんせん","closed":false,"lat":36.320562,"lng":136.350337,"prefecture":17,"lines":[1009,99426],"attr":"cool","postal_code":"922-0423","address":"加賀市作見町","voronoi":{"type":"Feature","geometry":{"type":"Polygon","coordinates":[[[136.39129,36.205356],[136.395305,36.20554],[136.338866,36.440095],[136.335881,36.44383],[136.189048,36.565977],[136.390956,36.205731],[136.39129,36.205356]]]},"properties":{}}},
    {"code":100916,"id":"b8c2ec","name":"芦原温泉","original_name":"芦原温泉","name_kana":"あわらおんせん","closed":false,"lat":36.214542,"lng":136.235069,"prefecture":18,"lines":[1009,99455],"attr":"eco","postal_code":"919-0600","address":"あわら市春宮１丁目","voronoi":{"type":"Feature","geometry":{"type":"Polygon","coordinates":[[[136.220606,36.248733],[136.21738,36.233246],[136.218938,36.209903],[136.222862,36.196648],[136.229947,36.188699],[136.296262,36.186699],[136.220606,36.248733]]]},"properties":{}}},
    {"code":100917,"id":"7960cf","name":"福井(福井)","original_name":"福井","name_kana":"ふくい","closed":false,"lat":36.062057,"lng":136.223516,"prefecture":18,"lines":[1009,11421,99455,99419,99420],"attr":"cool","postal_code":"910-0006","address":"福井市中央１丁目","voronoi":{"type":"Feature","geometry":{"type":"Polygon","coordinates":[[[136.22228,36.06681],[136.221783,36.066436],[136.222549,36.054529],[136.223437,36.053634],[136.235933,36.047194],[136.237805,36.048082],[136.22228,36.06681]]]},"properties":{}}},
    {"code":100918,"id":"f36399","name":"越前たけふ","original_name":"越前たけふ","name_kana":"えちぜんたけふ","closed":false,"lat":35.895673,"lng":136.198806,"prefecture":18,"lines":[1009],"attr":"cool","postal_code":"915-0042","address":"福井県越前市大屋町３８−９2","open_date":"2024-03-16","voronoi":{"type":"Feature","geometry":{"type":"Polygon","coordinates":[[[136.200426,35.920891],[136.262662,35.933883],[136.272932,35.933931],[136.308489,35.904224],[136.341121,35.85149],[136.197496,35.863696],[136.180388,35.883012],[136.187232,35.908192],[136.190151,35.915939],[136.190899,35.916636],[136.200426,35.920891]]]},"properties":{}}},
    {"code":100919,"id":"0c82ef","name":"敦賀","original_name":"敦賀","name_kana":"つるが","closed":false,"lat":35.644767,"lng":136.076488,"prefecture":18,"lines":[1009,11415,11422,99455],"attr":"heat","postal_code":"914-0055","address":"敦賀市鉄輪町１丁目","voronoi":{"type":"Feature","geometry":{"type":"Polygon","coordinates":[[[136.03389,35.790574],[135.977366,35.788168],[135.997816,35.727692],[136.047106,35.6395],[136.096695,35.623396],[136.173431,35.659951],[136.040051,35.788096],[136.03389,35.790574]]]},"properties":{}}}
  ]
}