{
  "code":1011,
  "id":"444fde",
  "name":"北海道新幹線",
  "name_kana":"ほっかいどうしんかんせん",
  "station_size":4,
  "company_code":1,
  "closed":false,
  "color":"#2BC431",
  "station_list":[
    {"code":100423,"id":"6d47f7","name":"新青森","original_name":"新青森","name_kana":"しんあおもり","closed":false,"lat":40.82749,"lng":140.693449,"prefecture":2,"lines":[1004,1011,11202],"attr":"cool","postal_code":"038-0003","address":"青森県青森市大字石江字高間140-2","open_date":"1986-11-01","voronoi":{"type":"Feature","geometry":{"type":"Polygon","coordinates":[[[140.681582,40.781225],[140.708946,40.737025],[140.71599,40.761608],[140.713627,40.844442],[140.683075,40.841368],[140.681582,40.781225]]]},"properties":{}}},
    {"code":101102,"id":"7b5595","name":"奥津軽いまべつ","original_name":"奥津軽いまべつ","name_kana":"おくつがるいまべつ","closed":false,"lat":41.144885,"lng":140.515625,"prefecture":2,"lines":[1011,11118],"attr":"cool","postal_code":"030-1505","address":"青森県東津軽郡今別町大字大川平清川","voronoi":{"type":"Feature","geometry":{"type":"Polygon","coordinates":[[[140.454155,41.064881],[140.459992,41.062462],[140.611155,41.146156],[140.662482,41.190868],[140.701484,41.237306],[140.526308,41.16049],[140.454155,41.064881]]]},"properties":{}}},
    {"code":101103,"id":"95d372","name":"木古内","original_name":"木古内","name_kana":"きこない","closed":false,"lat":41.677642,"lng":140.434004,"prefecture":1,"lines":[1011,11118,11119,99108],"attr":"eco","postal_code":"049-0422","address":"上磯郡木古内町本町","open_date":"1930-10-25","voronoi":{"type":"Feature","geometry":{"type":"Polygon","coordinates":[[[140.414293,41.746396],[140.410662,41.715394],[140.462491,41.538402],[140.540418,41.437556],[140.550347,41.438681],[140.49049,41.62629],[140.414293,41.746396]]]},"properties":{}}},
    {"code":101104,"id":"fbe0a2","name":"新函館北斗","original_name":"新函館北斗","name_kana":"しんはこだてほくと","closed":false,"lat":41.9054,"lng":140.646525,"prefecture":1,"lines":[1011,11101],"attr":"eco","postal_code":"041-1242","address":"北海道北斗市市渡","open_date":"1902-12-10","voronoi":{"type":"Feature","geometry":{"type":"Polygon","coordinates":[[[140.654063,41.865447],[140.653514,41.865308],[140.629771,41.863432],[140.536985,41.869838],[140.674233,41.933088],[140.682481,41.93026],[140.654063,41.865447]]]},"properties":{}}}
  ]
}