{
  "code":10701,
  "id":614,
  "name":"倉吉線",
  "name_kana":"くらよしせん",
  "name_formal":"国鉄倉吉線",
  "station_size":9,
  "company_code":0,
  "closed":true,
  "station_list":[
    {"code":1161628,"id":3016,"name":"倉吉","original_name":"倉吉","name_kana":"くらよし","closed":false,"lat":35.45473,"lng":133.849661,"prefecture":31,"lines":[11616,10701],"attr":"eco","postal_code":"682-0022","address":"倉吉市上井町","voronoi":{"type":"Feature","geometry":{"type":"Polygon","coordinates":[[[133.826841,35.45729],[133.824198,35.460585],[133.861366,35.516028],[133.885496,35.425598],[133.826841,35.45729]]]},"properties":{}}},
    {"code":1070102,"id":9238,"name":"上灘","original_name":"上灘","name_kana":"うわなだ","closed":true,"lat":35.439606,"lng":133.841489,"prefecture":31,"lines":[10701],"attr":"unknown","postal_code":"682-0803","address":"鳥取県倉吉市見日町４０６","open_date":"1912-10-01","closed_date":"1985-04-01","voronoi":{"type":"Feature","geometry":{"type":"Polygon","coordinates":[[[133.826841,35.45729],[133.848857,35.384197],[133.921662,35.280057],[133.944796,35.302197],[133.885496,35.425598],[133.826841,35.45729]]]},"properties":{}}},
    {"code":1070103,"id":9239,"name":"打吹","original_name":"打吹","name_kana":"うつぶき","closed":true,"lat":35.434458,"lng":133.824397,"prefecture":31,"lines":[10701],"attr":"unknown","postal_code":"682-0887","address":"鳥取県倉吉市明治町２丁目３７","open_date":"1912-06-01","closed_date":"1985-04-01","voronoi":{"type":"Feature","geometry":{"type":"Polygon","coordinates":[[[133.821326,35.412561],[133.805788,35.454654],[133.824198,35.460585],[133.826841,35.45729],[133.848857,35.384197],[133.821326,35.412561]]]},"properties":{}}},
    {"code":1070104,"id":9240,"name":"西倉吉","original_name":"西倉吉","name_kana":"にしくらよし","closed":true,"lat":35.427211,"lng":133.804764,"prefecture":31,"lines":[10701],"attr":"unknown","postal_code":"682-0851","address":"鳥取県倉吉市西倉吉町１００−４","open_date":"1941-05-17","closed_date":"1985-04-01","voronoi":{"type":"Feature","geometry":{"type":"Polygon","coordinates":[[[133.769517,35.429005],[133.754273,35.438498],[133.777306,35.456916],[133.805788,35.454654],[133.821326,35.412561],[133.769517,35.429005]]]},"properties":{}}},
    {"code":1070105,"id":9241,"name":"小鴨","original_name":"小鴨","name_kana":"おがも","closed":true,"lat":35.410144,"lng":133.799347,"prefecture":31,"lines":[10701],"attr":"unknown","postal_code":"682-0931","address":"鳥取県倉吉市小鴨５５３","open_date":"1941-05-17","closed_date":"1985-04-01","voronoi":{"type":"Feature","geometry":{"type":"Polygon","coordinates":[[[133.848857,35.384197],[133.821326,35.412561],[133.769517,35.429005],[133.916161,35.27389],[133.920841,35.279006],[133.921662,35.280057],[133.848857,35.384197]]]},"properties":{}}},
    {"code":1070106,"id":9242,"name":"上小鴨","original_name":"上小鴨","name_kana":"かみおがも","closed":true,"lat":35.398164,"lng":133.786675,"prefecture":31,"lines":[10701],"attr":"unknown","postal_code":"682-0934","address":"鳥取県倉吉市上古川２６０","open_date":"1941-05-17","closed_date":"1985-04-01","voronoi":{"type":"Feature","geometry":{"type":"Polygon","coordinates":[[[133.892596,35.246443],[133.730807,35.430264],[133.754273,35.438498],[133.769517,35.429005],[133.916161,35.27389],[133.893629,35.246722],[133.892596,35.246443]]]},"properties":{}}},
    {"code":1070107,"id":9243,"name":"関金","original_name":"関金","name_kana":"せきがね","closed":true,"lat":35.370772,"lng":133.755553,"prefecture":31,"lines":[10701],"attr":"unknown","postal_code":"682-0402","address":"鳥取県倉吉市関金町大鳥居","open_date":"1941-05-17","closed_date":"1985-04-01","voronoi":{"type":"Feature","geometry":{"type":"Polygon","coordinates":[[[133.762999,35.225419],[133.827772,35.22309],[133.839551,35.225526],[133.892596,35.246443],[133.730807,35.430264],[133.73064,35.430263],[133.757169,35.252159],[133.762999,35.225419]]]},"properties":{}}},
    {"code":1070108,"id":9244,"name":"泰久寺","original_name":"泰久寺","name_kana":"たいきゅうじ","closed":true,"lat":35.366094,"lng":133.724147,"prefecture":31,"lines":[10701],"attr":"unknown","postal_code":"682-0404","address":"鳥取県倉吉市関金町泰久寺３４４−１","open_date":"1958-12-20","closed_date":"1985-04-01","voronoi":{"type":"Feature","geometry":{"type":"Polygon","coordinates":[[[133.73064,35.430263],[133.714477,35.434197],[133.692762,35.42921],[133.757169,35.252159],[133.73064,35.430263]]]},"properties":{}}},
    {"code":1070109,"id":9245,"name":"山守","original_name":"山守","name_kana":"やまもり","closed":true,"lat":35.360681,"lng":133.709267,"prefecture":31,"lines":[10701],"attr":"unknown","postal_code":"682-0422","address":"鳥取県倉吉市関金町堀","open_date":"1958-12-20","closed_date":"1985-04-01","voronoi":{"type":"Feature","geometry":{"type":"Polygon","coordinates":[[[133.630798,35.224312],[133.57569,35.383615],[133.588947,35.3956],[133.589368,35.395913],[133.632885,35.417346],[133.670098,35.426633],[133.692762,35.42921],[133.757169,35.252159],[133.762999,35.225419],[133.718776,35.219748],[133.630798,35.224312]]]},"properties":{}}}
  ],
  "closed_date":"1985-04-01"
}