{
  "code":10801,
  "id":"86a2b4",
  "name":"鍛冶屋原線",
  "name_kana":"かじやばらせん",
  "name_formal":"国鉄鍛冶屋原線",
  "station_size":5,
  "company_code":0,
  "closed":true,
  "station_list":[
    {"code":1180222,"id":"4ce1dd","name":"板野","original_name":"板野","name_kana":"いたの","closed":false,"lat":34.141971,"lng":134.465512,"prefecture":36,"lines":[11802,10801],"attr":"eco","postal_code":"779-0105","address":"板野郡板野町大寺字平田","voronoi":{"type":"Feature","geometry":{"type":"Polygon","coordinates":[[[134.487362,34.111522],[134.461409,34.104857],[134.457482,34.160547],[134.467267,34.165035],[134.487362,34.111522]]]},"properties":{}}},
    {"code":1080102,"id":"ea3d58","name":"犬伏","original_name":"犬伏","name_kana":"いぬぶし","closed":true,"lat":34.141028,"lng":134.452139,"prefecture":36,"lines":[10801],"attr":"unknown","postal_code":"779-0108","address":"徳島県板野郡板野町犬伏大坪４２","open_date":"1923-02-15","closed_date":"1972-01-16","voronoi":{"type":"Feature","geometry":{"type":"Polygon","coordinates":[[[134.457482,34.160547],[134.435026,34.158465],[134.454437,34.10499],[134.460294,34.104343],[134.461409,34.104857],[134.457482,34.160547]]]},"properties":{}}},
    {"code":1080103,"id":"b09af5","name":"羅漢","original_name":"羅漢","name_kana":"らかん","closed":true,"lat":34.134111,"lng":134.433083,"prefecture":36,"lines":[10801],"attr":"unknown","postal_code":"779-0114","address":"徳島県板野郡板野町羅漢吉田１５−１","open_date":"1923-02-15","closed_date":"1972-01-16","voronoi":{"type":"Feature","geometry":{"type":"Polygon","coordinates":[[[134.454437,34.10499],[134.429877,34.100658],[134.418223,34.164321],[134.435026,34.158465],[134.454437,34.10499]]]},"properties":{}}},
    {"code":1080104,"id":"775b04","name":"神宅","original_name":"神宅","name_kana":"かんやけ","closed":true,"lat":34.130806,"lng":134.415028,"prefecture":36,"lines":[10801],"attr":"unknown","postal_code":"771-1320","address":"徳島県板野郡上板町神宅北屋敷３２−２","open_date":"1923-02-15","closed_date":"1972-01-16","voronoi":{"type":"Feature","geometry":{"type":"Polygon","coordinates":[[[134.429877,34.100658],[134.429114,34.100289],[134.427134,34.100101],[134.371199,34.172473],[134.389246,34.174969],[134.405802,34.173029],[134.418223,34.164321],[134.429877,34.100658]]]},"properties":{}}},
    {"code":1080105,"id":"4e684d","name":"鍛冶屋原","original_name":"鍛冶屋原","name_kana":"かじやばら","closed":true,"lat":34.119556,"lng":134.400472,"prefecture":36,"lines":[10801],"attr":"unknown","postal_code":"771-1301","address":"徳島県板野郡上板町鍛冶屋原妙楽寺１−２","open_date":"1923-02-15","closed_date":"1972-01-16","voronoi":{"type":"Feature","geometry":{"type":"Polygon","coordinates":[[[134.384953,34.099234],[134.418357,34.096627],[134.427134,34.100101],[134.371199,34.172473],[134.351386,34.172775],[134.330298,34.166951],[134.32007,34.161834],[134.342249,34.13159],[134.363751,34.110728],[134.384953,34.099234]]]},"properties":{}}}
  ],
  "closed_date":"1972-01-16"
}