{
  "code":10902,
  "id":617,
  "name":"宮之城線",
  "name_kana":"みやのじょうせん",
  "name_formal":"国鉄宮之城線",
  "station_size":20,
  "company_code":0,
  "closed":true,
  "station_list":[
    {"code":101011,"id":4102,"name":"川内(鹿児島)","original_name":"川内","name_kana":"せんだい","closed":false,"lat":31.813726,"lng":130.31213,"prefecture":46,"lines":[1010,11904,99921,10902],"attr":"cool","postal_code":"895-0024","address":"薩摩川内市鳥追町","voronoi":{"type":"Feature","geometry":{"type":"Polygon","coordinates":[[[130.285158,31.808956],[130.314378,31.835583],[130.333566,31.830807],[130.347783,31.802836],[130.348606,31.793861],[130.285158,31.808956]]]},"properties":{}}},
    {"code":1090202,"id":9255,"name":"薩摩白浜","original_name":"薩摩白浜","name_kana":"さつましらはま","closed":true,"lat":31.855944,"lng":130.322639,"prefecture":46,"lines":[10902],"attr":"unknown","postal_code":"895-0001","address":"鹿児島県薩摩川内市白浜町２６７","open_date":"1936-03-20","closed_date":"1987-01-10","voronoi":{"type":"Feature","geometry":{"type":"Polygon","coordinates":[[[130.277534,31.890658],[130.27981,31.897],[130.302833,31.934849],[130.336683,31.837316],[130.333566,31.830807],[130.314378,31.835583],[130.277549,31.889702],[130.277534,31.890658]]]},"properties":{}}},
    {"code":1090203,"id":9256,"name":"楠元","original_name":"楠元","name_kana":"くすもと","closed":true,"lat":31.860639,"lng":130.336167,"prefecture":46,"lines":[10902],"attr":"unknown","postal_code":"895-0002","address":"鹿児島県薩摩川内市楠元町１７１","open_date":"1924-10-24","closed_date":"1987-01-10","voronoi":{"type":"Feature","geometry":{"type":"Polygon","coordinates":[[[130.365202,31.96762],[130.355028,31.967767],[130.32074,31.961902],[130.307687,31.944685],[130.302833,31.934849],[130.336683,31.837316],[130.389371,31.892921],[130.385766,31.912095],[130.365202,31.96762]]]},"properties":{}}},
    {"code":1090204,"id":9257,"name":"吉野山","original_name":"吉野山","name_kana":"よしのやま","closed":true,"lat":31.838056,"lng":130.36,"prefecture":46,"lines":[10902],"attr":"unknown","postal_code":"895-0003","address":"鹿児島県薩摩川内市中村町６９８０−４","open_date":"1924-10-24","closed_date":"1987-01-10","voronoi":{"type":"Feature","geometry":{"type":"Polygon","coordinates":[[[130.385513,31.846495],[130.39563,31.880055],[130.389371,31.892921],[130.336683,31.837316],[130.333566,31.830807],[130.347783,31.802836],[130.385513,31.846495]]]},"properties":{}}},
    {"code":1090205,"id":9258,"name":"樋脇","original_name":"樋脇","name_kana":"ひわき","closed":true,"lat":31.820028,"lng":130.380861,"prefecture":46,"lines":[10902],"attr":"unknown","postal_code":"895-1202","address":"鹿児島県薩摩川内市樋脇町塔之原８１４","open_date":"1924-10-24","closed_date":"1987-01-10","voronoi":{"type":"Feature","geometry":{"type":"Polygon","coordinates":[[[130.409105,31.752491],[130.385513,31.846495],[130.347783,31.802836],[130.348606,31.793861],[130.353397,31.780999],[130.384249,31.739312],[130.410235,31.731465],[130.409105,31.752491]]]},"properties":{}}},
    {"code":1090206,"id":9259,"name":"上樋脇","original_name":"上樋脇","name_kana":"かみひわき","closed":true,"lat":31.825361,"lng":130.402111,"prefecture":46,"lines":[10902],"attr":"unknown","postal_code":"895-1202","address":"鹿児島県薩摩川内市樋脇町塔之原８０５８","open_date":"1959-11-23","closed_date":"1987-01-10","voronoi":{"type":"Feature","geometry":{"type":"Polygon","coordinates":[[[130.418817,31.852837],[130.409105,31.752491],[130.385513,31.846495],[130.39563,31.880055],[130.407063,31.870284],[130.418817,31.852837]]]},"properties":{}}},
    {"code":1090207,"id":9260,"name":"入来","original_name":"入来","name_kana":"いりき","closed":true,"lat":31.822667,"lng":130.429944,"prefecture":46,"lines":[10902],"attr":"unknown","postal_code":"895-1401","address":"鹿児島県薩摩川内市入来町副田５８６０−２","open_date":"1926-05-08","closed_date":"1987-01-10","voronoi":{"type":"Feature","geometry":{"type":"Polygon","coordinates":[[[130.473485,31.715618],[130.420477,31.725046],[130.410235,31.731465],[130.409105,31.752491],[130.418817,31.852837],[130.535415,31.784818],[130.529554,31.774269],[130.491846,31.716384],[130.473485,31.715618]]]},"properties":{}}},
    {"code":1090208,"id":9261,"name":"薩摩山崎","original_name":"薩摩山崎","name_kana":"さつまやまざき","closed":true,"lat":31.858,"lng":130.450556,"prefecture":46,"lines":[10902],"attr":"unknown","postal_code":"895-1722","address":"鹿児島県薩摩郡さつま町久富木８７６−５","open_date":"1926-05-08","closed_date":"1987-01-10","voronoi":{"type":"Feature","geometry":{"type":"Polygon","coordinates":[[[130.407063,31.870284],[130.418817,31.852837],[130.535415,31.784818],[130.540852,31.791395],[130.554237,31.810004],[130.518934,31.860195],[130.501156,31.869851],[130.407063,31.870284]]]},"properties":{}}},
    {"code":1090209,"id":9262,"name":"船木","original_name":"船木","name_kana":"ふなき","closed":true,"lat":31.882167,"lng":130.450667,"prefecture":46,"lines":[10902],"attr":"unknown","postal_code":"895-1804","address":"鹿児島県薩摩郡さつま町船木３８３７","open_date":"1936-06-05","closed_date":"1987-01-10","voronoi":{"type":"Feature","geometry":{"type":"Polygon","coordinates":[[[130.407063,31.870284],[130.39563,31.880055],[130.389371,31.892921],[130.385766,31.912095],[130.483446,31.885773],[130.501156,31.869851],[130.407063,31.870284]]]},"properties":{}}},
    {"code":1090210,"id":9263,"name":"宮之城","original_name":"宮之城","name_kana":"みやのじょう","closed":true,"lat":31.905361,"lng":130.456917,"prefecture":46,"lines":[10902],"attr":"unknown","postal_code":"895-1803","address":"鹿児島県薩摩郡さつま町宮之城屋地２０３６−４","open_date":"1926-05-08","closed_date":"1987-01-10","voronoi":{"type":"Feature","geometry":{"type":"Polygon","coordinates":[[[130.483446,31.885773],[130.467779,31.916946],[130.37499,31.974392],[130.365202,31.96762],[130.385766,31.912095],[130.483446,31.885773]]]},"properties":{}}},
    {"code":1090211,"id":9264,"name":"佐志","original_name":"佐志","name_kana":"さし","closed":true,"lat":31.91875,"lng":130.483556,"prefecture":46,"lines":[10902],"attr":"unknown","postal_code":"895-1802","address":"鹿児島県薩摩郡さつま町田原１８２−１６","open_date":"1934-07-08","closed_date":"1987-01-10","voronoi":{"type":"Feature","geometry":{"type":"Polygon","coordinates":[[[130.518934,31.860195],[130.515667,31.899316],[130.506402,31.923623],[130.48642,31.931551],[130.467779,31.916946],[130.483446,31.885773],[130.501156,31.869851],[130.518934,31.860195]]]},"properties":{}}},
    {"code":1090212,"id":9265,"name":"薩摩湯田","original_name":"薩摩湯田","name_kana":"さつまゆだ","closed":true,"lat":31.931833,"lng":130.473306,"prefecture":46,"lines":[10902],"attr":"unknown","postal_code":"895-1817","address":"鹿児島県薩摩郡さつま町湯田９４−２","open_date":"1934-07-08","closed_date":"1987-01-10","voronoi":{"type":"Feature","geometry":{"type":"Polygon","coordinates":[[[130.434728,32.02462],[130.48642,31.931551],[130.467779,31.916946],[130.37499,31.974392],[130.407025,32.004297],[130.434728,32.02462]]]},"properties":{}}},
    {"code":1090213,"id":9266,"name":"薩摩鶴田","original_name":"薩摩鶴田","name_kana":"さつまつるだ","closed":true,"lat":31.942833,"lng":130.493111,"prefecture":46,"lines":[10902],"attr":"unknown","postal_code":"895-2101","address":"鹿児島県薩摩郡さつま町鶴田１７３７","open_date":"1934-07-08","closed_date":"1987-01-10","voronoi":{"type":"Feature","geometry":{"type":"Polygon","coordinates":[[[130.522688,31.995222],[130.507935,32.030251],[130.47818,32.064769],[130.434728,32.02462],[130.48642,31.931551],[130.506402,31.923623],[130.522688,31.995222]]]},"properties":{}}},
    {"code":1090214,"id":9267,"name":"薩摩求名","original_name":"薩摩求名","name_kana":"さつまぐみょう","closed":true,"lat":31.935194,"lng":130.526694,"prefecture":46,"lines":[10902],"attr":"unknown","postal_code":"895-2201","address":"鹿児島県薩摩郡さつま町求名２１８８−２３","open_date":"1935-06-09","closed_date":"1987-01-10","voronoi":{"type":"Feature","geometry":{"type":"Polygon","coordinates":[[[130.515667,31.899316],[130.506402,31.923623],[130.522688,31.995222],[130.553729,31.957528],[130.515667,31.899316]]]},"properties":{}}},
    {"code":1090215,"id":9268,"name":"広橋","original_name":"広橋","name_kana":"ひろはし","closed":true,"lat":31.923806,"lng":130.544111,"prefecture":46,"lines":[10902],"attr":"unknown","postal_code":"895-2201","address":"鹿児島県薩摩郡さつま町求名１２５０３","open_date":"1935-08-28","closed_date":"1987-01-10","voronoi":{"type":"Feature","geometry":{"type":"Polygon","coordinates":[[[130.515667,31.899316],[130.518934,31.860195],[130.554237,31.810004],[130.568487,31.816418],[130.565636,31.949716],[130.553729,31.957528],[130.515667,31.899316]]]},"properties":{}}},
    {"code":1090216,"id":9269,"name":"薩摩永野","original_name":"薩摩永野","name_kana":"さつまながの","closed":true,"lat":31.92475,"lng":130.58825,"prefecture":46,"lines":[10902],"attr":"unknown","postal_code":"895-2203","address":"鹿児島県薩摩郡さつま町永野８８４","open_date":"1935-06-09","closed_date":"1987-01-10","voronoi":{"type":"Feature","geometry":{"type":"Polygon","coordinates":[[[130.565636,31.949716],[130.568487,31.816418],[130.59891,31.823258],[130.623701,31.831843],[130.634571,31.846821],[130.651972,31.955987],[130.635236,31.959097],[130.565636,31.949716]]]},"properties":{}}},
    {"code":1090217,"id":9270,"name":"針持","original_name":"針持","name_kana":"はりもち","closed":true,"lat":31.979778,"lng":130.580833,"prefecture":46,"lines":[10902],"attr":"unknown","postal_code":"895-2442","address":"鹿児島県伊佐市大口針持４２９６−８","open_date":"1937-12-12","closed_date":"1987-01-10","voronoi":{"type":"Feature","geometry":{"type":"Polygon","coordinates":[[[130.570807,32.011299],[130.507935,32.030251],[130.522688,31.995222],[130.553729,31.957528],[130.565636,31.949716],[130.635236,31.959097],[130.570807,32.011299]]]},"properties":{}}},
    {"code":1090218,"id":9271,"name":"西太良","original_name":"西太良","name_kana":"にしたら","closed":true,"lat":32.008028,"lng":130.603722,"prefecture":46,"lines":[10902],"attr":"unknown","postal_code":"895-2441","address":"鹿児島県伊佐市大口曽木１５６９−１","open_date":"1937-12-12","closed_date":"1987-01-10","voronoi":{"type":"Feature","geometry":{"type":"Polygon","coordinates":[[[130.638112,32.031319],[130.570807,32.011299],[130.635236,31.959097],[130.651972,31.955987],[130.65301,31.957],[130.671351,31.995291],[130.670376,32.028086],[130.638112,32.031319]]]},"properties":{}}},
    {"code":1090219,"id":9272,"name":"羽月","original_name":"羽月","name_kana":"はつき","closed":true,"lat":32.032028,"lng":130.596583,"prefecture":46,"lines":[10902],"attr":"unknown","postal_code":"895-2524","address":"鹿児島県伊佐市大口堂崎５２５−３羽月鉄道記念公園","open_date":"1937-12-12","closed_date":"1987-01-10","voronoi":{"type":"Feature","geometry":{"type":"Polygon","coordinates":[[[130.507935,32.030251],[130.47818,32.064769],[130.485679,32.096049],[130.486273,32.096605],[130.638112,32.031319],[130.570807,32.011299],[130.507935,32.030251]]]},"properties":{}}},
    {"code":1090220,"id":9273,"name":"薩摩大口","original_name":"薩摩大口","name_kana":"さつまおおくち","closed":true,"lat":32.060972,"lng":130.609028,"prefecture":46,"lines":[10902],"attr":"unknown","postal_code":"895-2513","address":"鹿児島県伊佐市大口上町２-１","open_date":"1921-09-11","closed_date":"1988-02-01","voronoi":{"type":"Feature","geometry":{"type":"Polygon","coordinates":[[[130.670376,32.028086],[130.638112,32.031319],[130.486273,32.096605],[130.522375,32.140003],[130.543265,32.15936],[130.552955,32.164169],[130.592626,32.16433],[130.62147,32.15772],[130.656774,32.146429],[130.660394,32.144661],[130.672834,32.034569],[130.670376,32.028086]]]},"properties":{}}}
  ],
  "closed_date":"1987-01-10"
}