{
  "code":10901,
  "id":616,
  "name":"勝田線",
  "name_kana":"かつたせん",
  "name_formal":"国鉄勝田線",
  "station_size":7,
  "company_code":0,
  "closed":true,
  "station_list":[
    {"code":1190230,"id":4051,"name":"吉塚","original_name":"吉塚","name_kana":"よしづか","closed":false,"lat":33.607142,"lng":130.423674,"prefecture":40,"lines":[11902,11908,10901],"attr":"heat","postal_code":"812-0046","address":"福岡市博多区吉塚本町","voronoi":{"type":"Feature","geometry":{"type":"Polygon","coordinates":[[[130.419345,33.604121],[130.422128,33.598576],[130.425984,33.597889],[130.436185,33.602404],[130.436404,33.602949],[130.434354,33.610169],[130.424441,33.612779],[130.423661,33.612412],[130.419345,33.604121]]]},"properties":{}}},
    {"code":1090102,"id":9250,"name":"御手洗","original_name":"御手洗","name_kana":"みたらい","closed":true,"lat":33.606694,"lng":130.451583,"prefecture":40,"lines":[10901],"attr":"unknown","postal_code":"811-2233","address":"福岡県糟屋郡志免町別府北２丁目９-１１志免鉄道公園 (旧御手洗駅)","voronoi":{"type":"Feature","geometry":{"type":"Polygon","coordinates":[[[130.45842,33.620125],[130.442705,33.604314],[130.453572,33.600794],[130.460315,33.612865],[130.45842,33.620125]]]},"properties":{}}},
    {"code":1090103,"id":9251,"name":"上亀山","original_name":"上亀山","name_kana":"かみかめやま","closed":true,"lat":33.602194,"lng":130.459639,"prefecture":40,"lines":[10901],"attr":"unknown","postal_code":"811-2205","address":"福岡県糟屋郡志免町別府１丁目２１-１７","voronoi":{"type":"Feature","geometry":{"type":"Polygon","coordinates":[[[130.453572,33.600794],[130.460315,33.612865],[130.47266,33.598251],[130.463428,33.5789],[130.453572,33.600794]]]},"properties":{}}},
    {"code":1090104,"id":9252,"name":"志免","original_name":"志免","name_kana":"しめ","closed":true,"lat":33.590611,"lng":130.483917,"prefecture":40,"lines":[10901],"attr":"unknown","postal_code":"811-2244","address":"福岡県糟屋郡志免町志免中央２丁目７","voronoi":{"type":"Feature","geometry":{"type":"Polygon","coordinates":[[[130.462771,33.575361],[130.463428,33.5789],[130.47266,33.598251],[130.473762,33.598927],[130.490162,33.595616],[130.494148,33.5865],[130.493018,33.579259],[130.48182,33.565152],[130.47785,33.566665],[130.465534,33.57271],[130.462771,33.575361]]]},"properties":{}}},
    {"code":1090105,"id":9253,"name":"下宇美","original_name":"下宇美","name_kana":"しもうみ","closed":true,"lat":33.572972,"lng":130.506139,"prefecture":40,"lines":[10901],"attr":"unknown","postal_code":"811-2122","address":"福岡県糟屋郡宇美町明神坂２丁目８","voronoi":{"type":"Feature","geometry":{"type":"Polygon","coordinates":[[[130.499197,33.579687],[130.493018,33.579259],[130.48182,33.565152],[130.486972,33.557903],[130.494771,33.550581],[130.498339,33.548701],[130.511402,33.574283],[130.499197,33.579687]]]},"properties":{}}},
    {"code":1191711,"id":4390,"name":"宇美","original_name":"宇美","name_kana":"うみ","closed":false,"lat":33.569251,"lng":130.513426,"prefecture":40,"lines":[11917,10901],"attr":"heat","postal_code":"811-2101","address":"糟屋郡宇美町大字宇美","voronoi":{"type":"Feature","geometry":{"type":"Polygon","coordinates":[[[130.511402,33.574283],[130.498339,33.548701],[130.503863,33.544536],[130.504242,33.544341],[130.544854,33.587809],[130.543202,33.589165],[130.511402,33.574283]]]},"properties":{}}},
    {"code":1090107,"id":9254,"name":"筑前勝田","original_name":"筑前勝田","name_kana":"ちくぜんかつた","closed":true,"lat":33.555194,"lng":130.528472,"prefecture":40,"lines":[10901],"attr":"unknown","postal_code":"811-2132","address":"福岡県糟屋郡宇美町原田４丁目１９","voronoi":{"type":"Feature","geometry":{"type":"Polygon","coordinates":[[[130.571141,33.572299],[130.554837,33.583572],[130.544854,33.587809],[130.504242,33.544341],[130.510189,33.537222],[130.513286,33.535766],[130.582337,33.541369],[130.582943,33.545729],[130.571141,33.572299]]]},"properties":{}}}
  ],
  "closed_date":"1985-04-01"
}