{
  "code":11106,
  "id":"60fdd0",
  "name":"JR根室本線(滝川～富良野)",
  "name_kana":"じぇいあーるねむろほんせん",
  "station_size":17,
  "company_code":1,
  "closed":false,
  "color":"#F6989D",
  "symbol":"T",
  "station_list":[
    {"code":1110340,"id":"514b6b","name":"滝川","original_name":"滝川","name_kana":"たきかわ","closed":false,"lat":43.555278,"lng":141.900807,"prefecture":1,"numbering":["A21"],"lines":[11103,11106],"attr":"eco","postal_code":"073-0031","address":"滝川市栄町４丁目","voronoi":{"type":"Feature","geometry":{"type":"Polygon","coordinates":[[[141.948601,43.530573],[141.897389,43.523253],[141.862699,43.618477],[141.936299,43.582709],[141.948601,43.530573]]]},"properties":{}}},
    {"code":1110602,"id":"ea2122","name":"東滝川","original_name":"東滝川","name_kana":"ひがしたきかわ","closed":false,"lat":43.574037,"lng":141.98031,"prefecture":1,"numbering":["T22"],"lines":[11106],"attr":"eco","postal_code":"073-0026","address":"滝川市東滝川","voronoi":{"type":"Feature","geometry":{"type":"Polygon","coordinates":[[[141.994066,43.490695],[141.948601,43.530573],[141.936299,43.582709],[142.000059,43.635564],[142.030954,43.639193],[142.034678,43.637639],[141.994066,43.490695]]]},"properties":{}}},
    {"code":1110603,"id":"32b018","name":"赤平","original_name":"赤平","name_kana":"あかびら","closed":false,"lat":43.555144,"lng":142.048669,"prefecture":1,"numbering":["T23"],"lines":[11106],"attr":"eco","postal_code":"079-1134","address":"赤平市泉町１丁目","voronoi":{"type":"Feature","geometry":{"type":"Polygon","coordinates":[[[142.097092,43.640283],[142.034678,43.637639],[141.994066,43.490695],[142.013054,43.447893],[142.096602,43.604807],[142.102621,43.637745],[142.097092,43.640283]]]},"properties":{}}},
    {"code":1110604,"id":"ed4c57","name":"茂尻","original_name":"茂尻","name_kana":"もしり","closed":false,"lat":43.537314,"lng":142.082156,"prefecture":1,"numbering":["T24"],"lines":[11106],"attr":"eco","postal_code":"079-1100","address":"赤平市字茂尻町南２丁目","voronoi":{"type":"Feature","geometry":{"type":"Polygon","coordinates":[[[142.112166,43.422083],[142.11374,43.429878],[142.096602,43.604807],[142.013054,43.447893],[142.013263,43.44707],[142.030604,43.404097],[142.066851,43.342501],[142.077226,43.329566],[142.112166,43.422083]]]},"properties":{}}},
    {"code":1110605,"id":"fe65b1","name":"平岸(JR)","original_name":"平岸","name_kana":"ひらぎし","closed":false,"lat":43.541401,"lng":142.123872,"prefecture":1,"numbering":["T25"],"lines":[11106],"attr":"eco","postal_code":"079-1282","address":"北海道赤平市平岸仲町１丁目","voronoi":{"type":"Feature","geometry":{"type":"Polygon","coordinates":[[[142.166583,43.63567],[142.102621,43.637745],[142.096602,43.604807],[142.11374,43.429878],[142.193281,43.624743],[142.166583,43.63567]]]},"properties":{}}},
    {"code":1110606,"id":"d3b6bc","name":"芦別","original_name":"芦別","name_kana":"あしべつ","closed":false,"lat":43.516636,"lng":142.184543,"prefecture":1,"numbering":["T26"],"lines":[11106],"attr":"eco","postal_code":"075-0041","address":"芦別市本町","voronoi":{"type":"Feature","geometry":{"type":"Polygon","coordinates":[[[142.112166,43.422083],[142.11374,43.429878],[142.193281,43.624743],[142.2743,43.618118],[142.283689,43.606257],[142.258253,43.559728],[142.112166,43.422083]]]},"properties":{}}},
    {"code":1110607,"id":"44d8a5","name":"上芦別","original_name":"上芦別","name_kana":"かみあしべつ","closed":false,"lat":43.48871,"lng":142.210855,"prefecture":1,"numbering":["T27"],"lines":[11106],"attr":"eco","postal_code":"079-1371","address":"芦別市上芦別町","voronoi":{"type":"Feature","geometry":{"type":"Polygon","coordinates":[[[142.112166,43.422083],[142.077226,43.329566],[142.092622,43.285853],[142.103495,43.26185],[142.12733,43.2486],[142.135376,43.254226],[142.191856,43.323178],[142.258253,43.559728],[142.112166,43.422083]]]},"properties":{}}},
    {"code":1110608,"id":"1d505e","name":"野花南","original_name":"野花南","name_kana":"のかなん","closed":false,"lat":43.474418,"lng":142.261772,"prefecture":1,"numbering":["T28"],"lines":[11106],"attr":"eco","postal_code":"079-1372","address":"芦別市野花南町","voronoi":{"type":"Feature","geometry":{"type":"Polygon","coordinates":[[[142.283689,43.606257],[142.258253,43.559728],[142.191856,43.323178],[142.352175,43.465249],[142.355557,43.473077],[142.360602,43.487898],[142.330487,43.576546],[142.283689,43.606257]]]},"properties":{}}},
    {"code":1110609,"id":"5043bb","name":"島ノ下","original_name":"島ノ下","name_kana":"しまのした","closed":true,"lat":43.3744,"lng":142.350406,"prefecture":1,"numbering":["T29"],"lines":[11106],"attr":"unknown","postal_code":"076-0036","address":"富良野市字島ノ下","open_date":"1913-11-10","closed_date":"2017-03-04","voronoi":{"type":"Feature","geometry":{"type":"Polygon","coordinates":[[[142.352175,43.465249],[142.191856,43.323178],[142.135376,43.254226],[142.317578,43.297919],[142.336859,43.309662],[142.363559,43.34975],[142.374062,43.395682],[142.363381,43.440046],[142.352175,43.465249]]]},"properties":{}}},
    {"code":1110610,"id":"e48d7a","name":"富良野","original_name":"富良野","name_kana":"ふらの","closed":false,"lat":43.347114,"lng":142.391374,"prefecture":1,"numbering":["T30"],"lines":[11106,11114],"attr":"cool","postal_code":"076-0025","address":"富良野市日の出町","voronoi":{"type":"Feature","geometry":{"type":"Polygon","coordinates":[[[142.475421,43.341576],[142.411362,43.362891],[142.363559,43.34975],[142.336859,43.309662],[142.488464,43.335022],[142.475421,43.341576]]]},"properties":{}}},
    {"code":1110611,"id":"9d8f8b","name":"布部","original_name":"布部","name_kana":"ぬのべ","closed":true,"lat":43.291991,"lng":142.400595,"prefecture":1,"numbering":["T31"],"lines":[11106],"attr":"unknown","postal_code":"076-0004","address":"富良野市字布部市街地","closed_date":"2024-04-01","voronoi":{"type":"Feature","geometry":{"type":"Polygon","coordinates":[[[142.554609,43.316885],[142.557039,43.320032],[142.550785,43.321908],[142.518511,43.32968],[142.488464,43.335022],[142.336859,43.309662],[142.317578,43.297919],[142.4381,43.249368],[142.493277,43.257999],[142.554609,43.316885]]]},"properties":{}}},
    {"code":1110612,"id":"63c04f","name":"山部","original_name":"山部","name_kana":"やまべ","closed":true,"lat":43.244645,"lng":142.381522,"prefecture":1,"numbering":["T32"],"lines":[11106],"attr":"unknown","postal_code":"079-1564","address":"北海道富良野市字山部市山部中町","closed_date":"2024-04-01","voronoi":{"type":"Feature","geometry":{"type":"Polygon","coordinates":[[[142.320946,43.165483],[142.4381,43.249368],[142.317578,43.297919],[142.135376,43.254226],[142.12733,43.2486],[142.168175,43.161298],[142.19245,43.124425],[142.320946,43.165483]]]},"properties":{}}},
    {"code":1110613,"id":"3986f8","name":"下金山","original_name":"下金山","name_kana":"しもかなやま","closed":true,"lat":43.197328,"lng":142.415402,"prefecture":1,"numbering":["T33"],"lines":[11106],"attr":"unknown","postal_code":"079-2132","address":"空知郡南富良野町字下金山","closed_date":"2024-04-01","voronoi":{"type":"Feature","geometry":{"type":"Polygon","coordinates":[[[142.465336,43.167368],[142.320946,43.165483],[142.4381,43.249368],[142.493277,43.257999],[142.465336,43.167368]]]},"properties":{}}},
    {"code":1110614,"id":"9fdab2","name":"金山(北海道)","original_name":"金山","name_kana":"かなやま","closed":true,"lat":43.136115,"lng":142.416201,"prefecture":1,"numbering":["T34"],"lines":[11106],"attr":"unknown","postal_code":"079-2131","address":"空知郡南富良野町字金山","closed_date":"2024-04-01","voronoi":{"type":"Feature","geometry":{"type":"Polygon","coordinates":[[[142.204893,43.087513],[142.19245,43.124425],[142.320946,43.165483],[142.465336,43.167368],[142.494595,43.054856],[142.204893,43.087513]]]},"properties":{}}},
    {"code":1110615,"id":"a53353","name":"東鹿越","original_name":"東鹿越","name_kana":"ひがししかごえ","closed":true,"lat":43.164011,"lng":142.523472,"prefecture":1,"numbering":["T35"],"lines":[11106],"attr":"unknown","postal_code":"079-2411","address":"空知郡南富良野町東鹿越","closed_date":"2024-04-01","voronoi":{"type":"Feature","geometry":{"type":"Polygon","coordinates":[[[142.542633,43.090081],[142.554609,43.316885],[142.493277,43.257999],[142.465336,43.167368],[142.494595,43.054856],[142.496975,43.053138],[142.542633,43.090081]]]},"properties":{}}},
    {"code":1110616,"id":"4aa1ca","name":"幾寅","original_name":"幾寅","name_kana":"いくとら","closed":true,"lat":43.161582,"lng":142.569474,"prefecture":1,"numbering":["T36"],"lines":[11106],"attr":"unknown","postal_code":"079-2401","address":"空知郡南富良野町幾寅仲町","closed_date":"2024-04-01","voronoi":{"type":"Feature","geometry":{"type":"Polygon","coordinates":[[[142.609372,43.116268],[142.542633,43.090081],[142.554609,43.316885],[142.557039,43.320032],[142.594823,43.338022],[142.704001,43.374375],[142.609372,43.116268]]]},"properties":{}}},
    {"code":1110617,"id":"abe9f2","name":"落合(北海道)","original_name":"落合","name_kana":"おちあい","closed":true,"lat":43.125055,"lng":142.669104,"prefecture":1,"numbering":["T37"],"lines":[11106],"attr":"unknown","postal_code":"079-2551","address":"空知郡南富良野町落合","closed_date":"2024-04-01","voronoi":{"type":"Feature","geometry":{"type":"Polygon","coordinates":[[[142.704001,43.374375],[142.609372,43.116268],[142.728017,43.016456],[142.842614,43.456296],[142.704001,43.374375]]]},"properties":{}}}
  ]
}