{
  "code":11115,
  "id":"19f8a4",
  "name":"JR宗谷本線",
  "name_kana":"じぇいあーるそうやほんせん",
  "station_size":53,
  "company_code":1,
  "closed":false,
  "color":"#954A35",
  "station_list":[
    {"code":1110348,"id":"e3f638","name":"旭川","original_name":"旭川","name_kana":"あさひかわ","closed":false,"lat":43.763492,"lng":142.357803,"prefecture":1,"numbering":["A28"],"lines":[11103,11114,11115,11116],"attr":"heat","postal_code":"070-0030","address":"旭川市宮下通８丁目","voronoi":{"type":"Feature","geometry":{"type":"Polygon","coordinates":[[[142.323418,43.753411],[142.356692,43.795457],[142.366304,43.779909],[142.3671,43.754486],[142.323418,43.753411]]]},"properties":{}}},
    {"code":1111502,"id":"e2d592","name":"旭川四条","original_name":"旭川四条","name_kana":"あさひかわよじょう","closed":false,"lat":43.764056,"lng":142.375815,"prefecture":1,"numbering":["A29"],"lines":[11115,11116],"attr":"heat","postal_code":"078-8214","address":"旭川市四条通１８丁目","voronoi":{"type":"Feature","geometry":{"type":"Polygon","coordinates":[[[142.3671,43.754486],[142.366304,43.779909],[142.396937,43.762853],[142.409002,43.738923],[142.394097,43.740408],[142.376508,43.745802],[142.3671,43.754486]]]},"properties":{}}},
    {"code":1111503,"id":"8c1ae4","name":"新旭川","original_name":"新旭川","name_kana":"しんあさひかわ","closed":false,"lat":43.780174,"lng":142.384789,"prefecture":1,"numbering":["A30"],"lines":[11115,11116],"attr":"heat","postal_code":"070-0028","address":"旭川市東八条６丁目","voronoi":{"type":"Feature","geometry":{"type":"Polygon","coordinates":[[[142.366304,43.779909],[142.356692,43.795457],[142.36649,43.860055],[142.396081,43.816873],[142.396937,43.762853],[142.366304,43.779909]]]},"properties":{}}},
    {"code":1111504,"id":"a24ea9","name":"永山","original_name":"永山","name_kana":"ながやま","closed":false,"lat":43.814158,"lng":142.434382,"prefecture":1,"numbering":["W31"],"lines":[11115],"attr":"heat","postal_code":"079-8411","address":"旭川市永山１条１９丁目","voronoi":{"type":"Feature","geometry":{"type":"Polygon","coordinates":[[[142.426806,43.793239],[142.396081,43.816873],[142.36649,43.860055],[142.356664,43.902979],[142.357065,43.902925],[142.398943,43.877298],[142.419863,43.859739],[142.455355,43.802991],[142.449902,43.797639],[142.426806,43.793239]]]},"properties":{}}},
    {"code":1111505,"id":"b83a30","name":"北永山","original_name":"北永山","name_kana":"きたながやま","closed":false,"lat":43.826736,"lng":142.454493,"prefecture":1,"numbering":["W32"],"lines":[11115],"attr":"heat","postal_code":"079-8431","address":"旭川市永山町１５丁目","voronoi":{"type":"Feature","geometry":{"type":"Polygon","coordinates":[[[142.419863,43.859739],[142.455355,43.802991],[142.463737,43.805162],[142.482527,43.829644],[142.419863,43.859739]]]},"properties":{}}},
    {"code":1111506,"id":"5a2f9e","name":"南比布","original_name":"南比布","name_kana":"みなみぴっぷ","closed":true,"lat":43.853342,"lng":142.467271,"prefecture":1,"numbering":["W33"],"lines":[11115],"attr":"unknown","postal_code":"078-0311","address":"上川郡比布町南１線５号","open_date":"1955-12-02","closed_date":"2021-03-13","voronoi":{"type":"Feature","geometry":{"type":"Polygon","coordinates":[[[142.494128,43.859181],[142.398943,43.877298],[142.419863,43.859739],[142.482527,43.829644],[142.487781,43.831652],[142.49521,43.844906],[142.494128,43.859181]]]},"properties":{}}},
    {"code":1111507,"id":"d01dfe","name":"比布","original_name":"比布","name_kana":"ぴっぷ","closed":false,"lat":43.874478,"lng":142.471294,"prefecture":1,"numbering":["W34"],"lines":[11115],"attr":"heat","postal_code":"078-0341","address":"上川郡比布町市街地","voronoi":{"type":"Feature","geometry":{"type":"Polygon","coordinates":[[[142.494128,43.859181],[142.398943,43.877298],[142.357065,43.902925],[142.367703,43.904756],[142.393979,43.903507],[142.498025,43.883458],[142.498363,43.871684],[142.494128,43.859181]]]},"properties":{}}},
    {"code":1111508,"id":"48febd","name":"北比布","original_name":"北比布","name_kana":"きたぴっぷ","closed":true,"lat":43.901728,"lng":142.476545,"prefecture":1,"numbering":["W35"],"lines":[11115],"attr":"unknown","postal_code":"078-0325","address":"上川郡比布町北５線１０号","open_date":"1955-12-02","closed_date":"2021-03-13","voronoi":{"type":"Feature","geometry":{"type":"Polygon","coordinates":[[[142.393979,43.903507],[142.498025,43.883458],[142.516497,43.918444],[142.393979,43.903507]]]},"properties":{}}},
    {"code":1111509,"id":"606441","name":"蘭留","original_name":"蘭留","name_kana":"らんる","closed":false,"lat":43.925072,"lng":142.473699,"prefecture":1,"numbering":["W36"],"lines":[11115],"attr":"heat","postal_code":"078-0329","address":"上川郡比布町北９線１４号","voronoi":{"type":"Feature","geometry":{"type":"Polygon","coordinates":[[[142.516497,43.918444],[142.393979,43.903507],[142.367703,43.904756],[142.544837,43.981196],[142.534034,43.936868],[142.516497,43.918444]]]},"properties":{}}},
    {"code":1111510,"id":"a76210","name":"塩狩","original_name":"塩狩","name_kana":"しおかり","closed":false,"lat":43.96794,"lng":142.4552,"prefecture":1,"numbering":["W37"],"lines":[11115],"attr":"heat","postal_code":"098-0125","address":"上川郡和寒町塩狩","voronoi":{"type":"Feature","geometry":{"type":"Polygon","coordinates":[[[142.544837,43.981196],[142.622992,44.124386],[142.327213,43.924377],[142.356664,43.902979],[142.357065,43.902925],[142.367703,43.904756],[142.544837,43.981196]]]},"properties":{}}},
    {"code":1111511,"id":"f06bdc","name":"和寒","original_name":"和寒","name_kana":"わっさむ","closed":false,"lat":44.026932,"lng":142.415309,"prefecture":1,"numbering":["W38"],"lines":[11115],"attr":"heat","postal_code":"098-0133","address":"上川郡和寒町北町","voronoi":{"type":"Feature","geometry":{"type":"Polygon","coordinates":[[[142.633703,44.142211],[142.626118,44.14143],[142.513077,44.12042],[142.254498,43.951899],[142.327213,43.924377],[142.622992,44.124386],[142.626444,44.128875],[142.633703,44.142211]]]},"properties":{}}},
    {"code":1111512,"id":"cee556","name":"東六線","original_name":"東六線","name_kana":"ひがしろくせん","closed":true,"lat":44.068723,"lng":142.388073,"prefecture":1,"numbering":["W39"],"lines":[11115],"attr":"unknown","postal_code":"098-0300","address":"上川郡剣淵町第１０区","closed_date":"2021-03-13","voronoi":{"type":"Feature","geometry":{"type":"Polygon","coordinates":[[[142.497424,44.120446],[142.513077,44.12042],[142.254498,43.951899],[142.228169,43.957809],[142.405836,44.107339],[142.497424,44.120446]]]},"properties":{}}},
    {"code":1111513,"id":"5ffc00","name":"剣淵","original_name":"剣淵","name_kana":"けんぶち","closed":false,"lat":44.09643,"lng":142.364754,"prefecture":1,"numbering":["W40"],"lines":[11115],"attr":"heat","postal_code":"098-0300","address":"上川郡剣淵町栄町","voronoi":{"type":"Feature","geometry":{"type":"Polygon","coordinates":[[[141.990757,44.234789],[142.068059,44.082378],[142.096611,44.032744],[142.111216,44.010792],[142.123885,43.994129],[142.151143,43.976551],[142.209761,43.960172],[142.228169,43.957809],[142.405836,44.107339],[141.990757,44.234789]]]},"properties":{}}},
    {"code":1111514,"id":"720553","name":"北剣淵","original_name":"北剣淵","name_kana":"きたけんぶち","closed":true,"lat":44.139423,"lng":142.377955,"prefecture":1,"numbering":["W41"],"lines":[11115],"attr":"unknown","postal_code":"098-0300","address":"上川郡剣淵町第１３区","open_date":"1959-11-01","closed_date":"2021-03-13","voronoi":{"type":"Feature","geometry":{"type":"Polygon","coordinates":[[[141.990757,44.234789],[141.974795,44.262296],[142.040595,44.252814],[142.114267,44.239537],[142.497424,44.120446],[142.405836,44.107339],[141.990757,44.234789]]]},"properties":{}}},
    {"code":1111515,"id":"c54df5","name":"士別","original_name":"士別","name_kana":"しべつ","closed":false,"lat":44.172536,"lng":142.388247,"prefecture":1,"numbering":["W42"],"lines":[11115],"attr":"cool","postal_code":"095-0023","address":"士別市西３条８丁目","voronoi":{"type":"Feature","geometry":{"type":"Polygon","coordinates":[[[142.513077,44.12042],[142.497424,44.120446],[142.114267,44.239537],[142.234202,44.225464],[142.626118,44.14143],[142.513077,44.12042]]]},"properties":{}}},
    {"code":1111516,"id":"cc5db8","name":"下士別","original_name":"下士別","name_kana":"しもしべつ","closed":true,"lat":44.210583,"lng":142.396405,"prefecture":1,"numbering":["W43"],"lines":[11115],"attr":"unknown","postal_code":"095-0061","address":"士別市下士別町","open_date":"1955-12-02","closed_date":"2021-03-13","voronoi":{"type":"Feature","geometry":{"type":"Polygon","coordinates":[[[142.490591,44.226216],[142.234202,44.225464],[142.626118,44.14143],[142.633703,44.142211],[142.642891,44.149781],[142.531115,44.2137],[142.490591,44.226216]]]},"properties":{}}},
    {"code":1111517,"id":"63ce2a","name":"多寄","original_name":"多寄","name_kana":"たよろ","closed":false,"lat":44.241296,"lng":142.396315,"prefecture":1,"numbering":["W44"],"lines":[11115],"attr":"cool","postal_code":"098-0475","address":"士別市多寄町３６線東","voronoi":{"type":"Feature","geometry":{"type":"Polygon","coordinates":[[[142.434804,44.253932],[142.040595,44.252814],[142.114267,44.239537],[142.234202,44.225464],[142.490591,44.226216],[142.434804,44.253932]]]},"properties":{}}},
    {"code":1111518,"id":"c2f2d1","name":"瑞穂","original_name":"瑞穂","name_kana":"みずほ","closed":false,"lat":44.266349,"lng":142.396244,"prefecture":1,"numbering":["W45"],"lines":[11115],"attr":"cool","postal_code":"098-0475","address":"士別市多寄町３１線東","voronoi":{"type":"Feature","geometry":{"type":"Polygon","coordinates":[[[142.200167,44.338138],[141.955259,44.286526],[141.974795,44.262296],[142.040595,44.252814],[142.434804,44.253932],[142.329764,44.356907],[142.200167,44.338138]]]},"properties":{}}},
    {"code":1111519,"id":"2afba8","name":"風連","original_name":"風連","name_kana":"ふうれん","closed":false,"lat":44.292238,"lng":142.421624,"prefecture":1,"numbering":["W46"],"lines":[11115],"attr":"cool","postal_code":"098-0504","address":"名寄市風連町本町","voronoi":{"type":"Feature","geometry":{"type":"Polygon","coordinates":[[[142.418685,44.339675],[142.380438,44.368835],[142.369097,44.369328],[142.329764,44.356907],[142.434804,44.253932],[142.490591,44.226216],[142.531115,44.2137],[142.418685,44.339675]]]},"properties":{}}},
    {"code":1111520,"id":"9718c2","name":"名寄高校","original_name":"名寄高校","name_kana":"なよろこうこう","closed":false,"lat":44.331382,"lng":142.465484,"prefecture":1,"numbering":["W47"],"lines":[11115],"attr":"cool","postal_code":"098-0512","address":"名寄市風連町東風連","voronoi":{"type":"Feature","geometry":{"type":"Polygon","coordinates":[[[142.924511,44.2824],[142.872848,44.250152],[142.642891,44.149781],[142.531115,44.2137],[142.418685,44.339675],[142.773673,44.345132],[142.961857,44.33814],[142.924511,44.2824]]]},"properties":{}}},
    {"code":1111521,"id":"a105d5","name":"名寄","original_name":"名寄","name_kana":"なよろ","closed":false,"lat":44.349403,"lng":142.465207,"prefecture":1,"numbering":["W48"],"lines":[11115],"attr":"cool","postal_code":"096-0001","address":"名寄市東１条南６丁目","voronoi":{"type":"Feature","geometry":{"type":"Polygon","coordinates":[[[142.380438,44.368835],[142.418685,44.339675],[142.773673,44.345132],[142.385614,44.370918],[142.380438,44.368835]]]},"properties":{}}},
    {"code":1111522,"id":"07fbee","name":"日進(北海道)","original_name":"日進","name_kana":"にっしん","closed":false,"lat":44.381713,"lng":142.467354,"prefecture":1,"numbering":["W49"],"lines":[11115],"attr":"cool","postal_code":"096-0066","address":"名寄市字日進","voronoi":{"type":"Feature","geometry":{"type":"Polygon","coordinates":[[[143.203348,44.906976],[142.385614,44.370918],[142.773673,44.345132],[142.961857,44.33814],[142.96664,44.344549],[143.188027,44.856768],[143.203348,44.906976]]]},"properties":{}}},
    {"code":1111523,"id":"b1e6c6","name":"北星","original_name":"北星","name_kana":"ほくせい","closed":true,"lat":44.441569,"lng":142.428116,"prefecture":1,"numbering":["W50"],"lines":[11115],"attr":"unknown","postal_code":"098-2181","address":"名寄市智恵文北星","open_date":"1959-11-01","closed_date":"2021-03-13","voronoi":{"type":"Feature","geometry":{"type":"Polygon","coordinates":[[[142.914096,44.918666],[143.282579,45.134003],[143.203348,44.906976],[142.385614,44.370918],[142.380438,44.368835],[142.369097,44.369328],[142.376658,44.391],[142.395224,44.423541],[142.914096,44.918666]]]},"properties":{}}},
    {"code":1111524,"id":"20fbb7","name":"智恵文","original_name":"智恵文","name_kana":"ちえぶん","closed":false,"lat":44.455553,"lng":142.414772,"prefecture":1,"numbering":["W51"],"lines":[11115],"attr":"cool","postal_code":"098-2181","address":"名寄市智恵文１１線","voronoi":{"type":"Feature","geometry":{"type":"Polygon","coordinates":[[[142.825967,44.868829],[142.914096,44.918666],[142.395224,44.423541],[142.428668,44.550341],[142.536301,44.655379],[142.825967,44.868829]]]},"properties":{}}},
    {"code":1111525,"id":"70501f","name":"智北","original_name":"智北","name_kana":"ちほく","closed":false,"lat":44.46103,"lng":142.394007,"prefecture":1,"numbering":["W52"],"lines":[11115],"attr":"cool","postal_code":"098-2181","address":"名寄市字智恵文","voronoi":{"type":"Feature","geometry":{"type":"Polygon","coordinates":[[[142.376658,44.391],[142.382772,44.492725],[142.398986,44.524833],[142.406124,44.532812],[142.428668,44.550341],[142.395224,44.423541],[142.376658,44.391]]]},"properties":{}}},
    {"code":1111526,"id":"759eaa","name":"南美深","original_name":"南美深","name_kana":"みなみびふか","closed":true,"lat":44.462604,"lng":142.367822,"prefecture":1,"numbering":["W53"],"lines":[11115],"attr":"unknown","postal_code":"098-2205","address":"中川郡美深町字美深","open_date":"1956-07-01","closed_date":"2021-03-13","voronoi":{"type":"Feature","geometry":{"type":"Polygon","coordinates":[[[142.200167,44.338138],[142.329764,44.356907],[142.369097,44.369328],[142.376658,44.391],[142.382772,44.492725],[142.200167,44.338138]]]},"properties":{}}},
    {"code":1111527,"id":"3fe000","name":"美深","original_name":"美深","name_kana":"びふか","closed":false,"lat":44.482951,"lng":142.350597,"prefecture":1,"numbering":["W54"],"lines":[11115],"attr":"cool","postal_code":"098-2238","address":"中川郡美深町字開運町","voronoi":{"type":"Feature","geometry":{"type":"Polygon","coordinates":[[[142.398986,44.524833],[141.936285,44.300619],[141.955259,44.286526],[142.200167,44.338138],[142.382772,44.492725],[142.398986,44.524833]]]},"properties":{}}},
    {"code":1111528,"id":"0d983c","name":"初野","original_name":"初野","name_kana":"はつの","closed":true,"lat":44.512808,"lng":142.336129,"prefecture":1,"numbering":["W55"],"lines":[11115],"attr":"unknown","postal_code":"098-2211","address":"中川郡美深町字富岡","closed_date":"2024-03-16","voronoi":{"type":"Feature","geometry":{"type":"Polygon","coordinates":[[[141.931491,44.303915],[141.936285,44.300619],[142.398986,44.524833],[142.406124,44.532812],[142.176882,44.510209],[142.17526,44.509704],[142.040797,44.439883],[141.931491,44.303915]]]},"properties":{}}},
    {"code":1111529,"id":"84db5f","name":"紋穂内","original_name":"紋穂内","name_kana":"もんぽない","closed":true,"lat":44.538761,"lng":142.33357,"prefecture":1,"numbering":["W56"],"lines":[11115],"attr":"unknown","postal_code":"098-2366","address":"中川郡美深町字紋穂内","open_date":"1911-11-03","closed_date":"2021-03-13","voronoi":{"type":"Feature","geometry":{"type":"Polygon","coordinates":[[[142.176882,44.510209],[142.406124,44.532812],[142.428668,44.550341],[142.536301,44.655379],[142.176882,44.510209]]]},"properties":{}}},
    {"code":1111530,"id":"10f875","name":"恩根内","original_name":"恩根内","name_kana":"おんねない","closed":true,"lat":44.598486,"lng":142.309447,"prefecture":1,"numbering":["W57"],"lines":[11115],"attr":"unknown","postal_code":"098-2361","address":"中川郡美深町字恩根内","closed_date":"2024-03-16","voronoi":{"type":"Feature","geometry":{"type":"Polygon","coordinates":[[[142.588795,44.779068],[142.825967,44.868829],[142.536301,44.655379],[142.176882,44.510209],[142.17526,44.509704],[142.343375,44.669982],[142.588795,44.779068]]]},"properties":{}}},
    {"code":1111531,"id":"06c3fa","name":"豊清水","original_name":"豊清水","name_kana":"とよしみず","closed":true,"lat":44.639503,"lng":142.270342,"prefecture":1,"numbering":["W58"],"lines":[11115],"attr":"unknown","postal_code":"098-2368","address":"中川郡美深町字清水","open_date":"1946-10-10","closed_date":"2021-03-13","voronoi":{"type":"Feature","geometry":{"type":"Polygon","coordinates":[[[142.17526,44.509704],[142.040797,44.439883],[142.106969,44.580342],[142.298135,44.667623],[142.343375,44.669982],[142.17526,44.509704]]]},"properties":{}}},
    {"code":1111532,"id":"85ab7b","name":"天塩川温泉","original_name":"天塩川温泉","name_kana":"てしおがわおんせん","closed":false,"lat":44.665041,"lng":142.258682,"prefecture":1,"numbering":["W59"],"lines":[11115],"attr":"cool","postal_code":"098-2502","address":"中川郡音威子府村字咲来","voronoi":{"type":"Feature","geometry":{"type":"Polygon","coordinates":[[[142.118731,44.611647],[142.106969,44.580342],[142.298135,44.667623],[142.217865,44.693413],[142.118731,44.611647]]]},"properties":{}}},
    {"code":1111533,"id":"0c931f","name":"咲来","original_name":"咲来","name_kana":"さっくる","closed":false,"lat":44.692702,"lng":142.267569,"prefecture":1,"numbering":["W60"],"lines":[11115],"attr":"cool","postal_code":"098-2502","address":"中川郡音威子府村字咲来","voronoi":{"type":"Feature","geometry":{"type":"Polygon","coordinates":[[[142.343375,44.669982],[142.588795,44.779068],[142.224062,44.702779],[142.217865,44.693413],[142.298135,44.667623],[142.343375,44.669982]]]},"properties":{}}},
    {"code":1111534,"id":"c43c2f","name":"音威子府","original_name":"音威子府","name_kana":"おといねっぷ","closed":false,"lat":44.729448,"lng":142.259883,"prefecture":1,"numbering":["W61"],"lines":[11115],"attr":"cool","postal_code":"098-2501","address":"中川郡音威子府村字音威子府","voronoi":{"type":"Feature","geometry":{"type":"Polygon","coordinates":[[[142.261655,44.95024],[142.224062,44.702779],[142.588795,44.779068],[142.825967,44.868829],[142.914096,44.918666],[143.282579,45.134003],[144.024694,46.532223],[144.169509,46.939228],[143.065647,46.003404],[142.506814,45.287388],[142.261655,44.95024]]]},"properties":{}}},
    {"code":1111535,"id":"14e305","name":"筬島","original_name":"筬島","name_kana":"おさしま","closed":false,"lat":44.738883,"lng":142.197777,"prefecture":1,"numbering":["W62"],"lines":[11115],"attr":"cool","postal_code":"098-2500","address":"中川郡音威子府村字物満内","voronoi":{"type":"Feature","geometry":{"type":"Polygon","coordinates":[[[142.207731,44.89479],[142.123586,44.75361],[142.118731,44.611647],[142.217865,44.693413],[142.224062,44.702779],[142.261655,44.95024],[142.207731,44.89479]]]},"properties":{}}},
    {"code":1111536,"id":"babcad","name":"佐久","original_name":"佐久","name_kana":"さく","closed":false,"lat":44.743986,"lng":142.048562,"prefecture":1,"numbering":["W63"],"lines":[11115],"attr":"cool","postal_code":"098-2622","address":"中川郡中川町字佐久","voronoi":{"type":"Feature","geometry":{"type":"Polygon","coordinates":[[[142.106969,44.580342],[142.118731,44.611647],[142.123586,44.75361],[141.971182,44.813726],[141.549683,44.530613],[141.518916,44.507536],[141.921781,44.307833],[141.93066,44.30407],[141.931491,44.303915],[142.040797,44.439883],[142.106969,44.580342]]]},"properties":{}}},
    {"code":1111537,"id":"930c71","name":"天塩中川","original_name":"天塩中川","name_kana":"てしおなかがわ","closed":false,"lat":44.81186,"lng":142.075335,"prefecture":1,"numbering":["W64"],"lines":[11115],"attr":"cool","postal_code":"098-2802","address":"中川郡中川町字中川","voronoi":{"type":"Feature","geometry":{"type":"Polygon","coordinates":[[[142.123586,44.75361],[141.971182,44.813726],[141.972312,44.815304],[142.207731,44.89479],[142.123586,44.75361]]]},"properties":{}}},
    {"code":1111538,"id":"f56bc6","name":"歌内","original_name":"歌内","name_kana":"うたない","closed":true,"lat":44.880493,"lng":142.052162,"prefecture":1,"numbering":["W65"],"lines":[11115],"attr":"unknown","postal_code":"098-2801","address":"中川郡中川町字歌内","open_date":"1923-11-10","closed_date":"2022-03-12","voronoi":{"type":"Feature","geometry":{"type":"Polygon","coordinates":[[[142.261655,44.95024],[142.207731,44.89479],[141.972312,44.815304],[141.97899,44.840157],[141.993274,44.858323],[142.506814,45.287388],[142.261655,44.95024]]]},"properties":{}}},
    {"code":1111539,"id":"94f056","name":"問寒別","original_name":"問寒別","name_kana":"といかんべつ","closed":false,"lat":44.91233,"lng":142.025562,"prefecture":1,"numbering":["W66"],"lines":[11115],"attr":"cool","postal_code":"098-2943","address":"天塩郡幌延町字問寒別","voronoi":{"type":"Feature","geometry":{"type":"Polygon","coordinates":[[[142.654699,45.719569],[143.065647,46.003404],[142.506814,45.287388],[141.993274,44.858323],[142.162344,45.351262],[142.207338,45.40416],[142.654699,45.719569]]]},"properties":{}}},
    {"code":1111540,"id":"c30d20","name":"糠南","original_name":"糠南","name_kana":"ぬかなん","closed":false,"lat":44.920778,"lng":142.000931,"prefecture":1,"numbering":["W67"],"lines":[11115],"attr":"cool","postal_code":"098-3200","address":"天塩郡幌延町字糠南","voronoi":{"type":"Feature","geometry":{"type":"Polygon","coordinates":[[[142.147617,45.334911],[141.964084,44.996053],[141.959605,44.979585],[141.97899,44.840157],[141.993274,44.858323],[142.162344,45.351262],[142.147617,45.334911]]]},"properties":{}}},
    {"code":1111541,"id":"e5576c","name":"雄信内","original_name":"雄信内","name_kana":"おのっぷない","closed":false,"lat":44.911735,"lng":141.935888,"prefecture":1,"numbering":["W68"],"lines":[11115],"attr":"cool","postal_code":"098-3251","address":"天塩郡幌延町字雄興","voronoi":{"type":"Feature","geometry":{"type":"Polygon","coordinates":[[[141.549683,44.530613],[141.959605,44.979585],[141.97899,44.840157],[141.972312,44.815304],[141.971182,44.813726],[141.549683,44.530613]]]},"properties":{}}},
    {"code":1111542,"id":"da9e14","name":"安牛","original_name":"安牛","name_kana":"やすうし","closed":true,"lat":44.949809,"lng":141.894187,"prefecture":1,"numbering":["W69"],"lines":[11115],"attr":"unknown","postal_code":"098-3226","address":"天塩郡幌延町字開進","open_date":"1925-07-20","closed_date":"2021-03-13","voronoi":{"type":"Feature","geometry":{"type":"Polygon","coordinates":[[[141.935864,44.985636],[141.964084,44.996053],[141.959605,44.979585],[141.549683,44.530613],[141.518916,44.507536],[141.514718,44.508548],[141.747566,44.871054],[141.935864,44.985636]]]},"properties":{}}},
    {"code":1111543,"id":"87174b","name":"南幌延","original_name":"南幌延","name_kana":"みなみほろのべ","closed":false,"lat":44.965084,"lng":141.884892,"prefecture":1,"numbering":["W70"],"lines":[11115],"attr":"eco","postal_code":"098-3200","address":"天塩郡幌延町字南幌延","voronoi":{"type":"Feature","geometry":{"type":"Polygon","coordinates":[[[141.747566,44.871054],[141.77385,44.917258],[141.835743,44.966354],[141.935864,44.985636],[141.747566,44.871054]]]},"properties":{}}},
    {"code":1111544,"id":"d62b10","name":"上幌延","original_name":"上幌延","name_kana":"かみほろのべ","closed":true,"lat":44.985787,"lng":141.880905,"prefecture":1,"numbering":["W71"],"lines":[11115],"attr":"unknown","postal_code":"098-3225","address":"天塩郡幌延町字上幌延","open_date":"1925-07-20","closed_date":"2021-03-13","voronoi":{"type":"Feature","geometry":{"type":"Polygon","coordinates":[[[142.114114,45.307726],[141.835743,44.966354],[141.935864,44.985636],[141.964084,44.996053],[142.147617,45.334911],[142.114114,45.307726]]]},"properties":{}}},
    {"code":1111545,"id":"a37100","name":"幌延","original_name":"幌延","name_kana":"ほろのべ","closed":false,"lat":45.014503,"lng":141.84569,"prefecture":1,"numbering":["W72"],"lines":[11115],"attr":"eco","postal_code":"098-3211","address":"天塩郡幌延町１条南１丁目","voronoi":{"type":"Feature","geometry":{"type":"Polygon","coordinates":[[[141.835743,44.966354],[141.77385,44.917258],[141.81117,45.061426],[142.102498,45.299355],[142.114114,45.307726],[141.835743,44.966354]]]},"properties":{}}},
    {"code":1111546,"id":"3b9263","name":"下沼","original_name":"下沼","name_kana":"しもぬま","closed":false,"lat":45.037146,"lng":141.758218,"prefecture":1,"numbering":["W73"],"lines":[11115],"attr":"eco","postal_code":"098-3228","address":"天塩郡幌延町字下沼","voronoi":{"type":"Feature","geometry":{"type":"Polygon","coordinates":[[[141.514718,44.508548],[141.371488,44.522525],[141.098884,44.553116],[140.468763,44.676223],[140.919455,44.859326],[141.581847,45.08008],[141.68672,45.087007],[141.81117,45.061426],[141.77385,44.917258],[141.747566,44.871054],[141.514718,44.508548]]]},"properties":{}}},
    {"code":1111547,"id":"fa21b1","name":"豊富","original_name":"豊富","name_kana":"とよとみ","closed":false,"lat":45.104624,"lng":141.772088,"prefecture":1,"numbering":["W74"],"lines":[11115],"attr":"eco","postal_code":"098-4100","address":"天塩郡豊富町字上サロベツ","voronoi":{"type":"Feature","geometry":{"type":"Polygon","coordinates":[[[142.102498,45.299355],[141.68672,45.087007],[141.81117,45.061426],[142.102498,45.299355]]]},"properties":{}}},
    {"code":1111548,"id":"9fbda9","name":"徳満","original_name":"徳満","name_kana":"とくみつ","closed":true,"lat":45.145838,"lng":141.751039,"prefecture":1,"numbering":["W75"],"lines":[11115],"attr":"unknown","postal_code":"098-4137","address":"天塩郡豊富町字徳満","open_date":"1926-09-25","closed_date":"2021-03-13","voronoi":{"type":"Feature","geometry":{"type":"Polygon","coordinates":[[[142.207338,45.40416],[142.162344,45.351262],[142.147617,45.334911],[142.114114,45.307726],[142.102498,45.299355],[141.68672,45.087007],[141.581847,45.08008],[141.885124,45.29955],[141.942236,45.332704],[142.207338,45.40416]]]},"properties":{}}},
    {"code":1111549,"id":"bcd162","name":"兜沼","original_name":"兜沼","name_kana":"かぶとぬま","closed":false,"lat":45.220236,"lng":141.6972,"prefecture":1,"numbering":["W76"],"lines":[11115],"attr":"eco","postal_code":"098-4451","address":"天塩郡豊富町字兜沼","voronoi":{"type":"Feature","geometry":{"type":"Polygon","coordinates":[[[141.885124,45.29955],[141.522808,45.187907],[140.919455,44.859326],[141.581847,45.08008],[141.885124,45.29955]]]},"properties":{}}},
    {"code":1111550,"id":"a6c845","name":"勇知","original_name":"勇知","name_kana":"ゆうち","closed":false,"lat":45.259339,"lng":141.685151,"prefecture":1,"numbering":["W77"],"lines":[11115],"attr":"eco","postal_code":"098-4581","address":"稚内市字抜海村上勇知","voronoi":{"type":"Feature","geometry":{"type":"Polygon","coordinates":[[[141.885124,45.29955],[141.522808,45.187907],[141.723349,45.329353],[141.942236,45.332704],[141.885124,45.29955]]]},"properties":{}}},
    {"code":1111551,"id":"23728c","name":"抜海","original_name":"抜海","name_kana":"ばっかい","closed":false,"lat":45.316866,"lng":141.644576,"prefecture":1,"numbering":["W78"],"lines":[11115],"attr":"eco","postal_code":"097-0036","address":"稚内市字抜海村クトネベツ","voronoi":{"type":"Feature","geometry":{"type":"Polygon","coordinates":[[[132.204863,48.428875],[137.514801,45.743331],[138.412719,45.371534],[140.076847,44.707627],[140.468763,44.676223],[140.919455,44.859326],[141.522808,45.187907],[141.723349,45.329353],[141.607214,45.384278],[132.204863,48.428875]]]},"properties":{}}},
    {"code":1111552,"id":"975c91","name":"南稚内","original_name":"南稚内","name_kana":"みなみわっかない","closed":false,"lat":45.398166,"lng":141.683026,"prefecture":1,"numbering":["W79"],"lines":[11115],"attr":"eco","postal_code":"097-0005","address":"稚内市大黒１丁目","voronoi":{"type":"Feature","geometry":{"type":"Polygon","coordinates":[[[141.607214,45.384278],[141.723349,45.329353],[141.942236,45.332704],[142.207338,45.40416],[142.654699,45.719569],[141.607214,45.384278]]]},"properties":{}}},
    {"code":1111553,"id":"945f52","name":"稚内","original_name":"稚内","name_kana":"わっかない","closed":false,"lat":45.416995,"lng":141.676999,"prefecture":1,"numbering":["W80"],"lines":[11115],"attr":"eco","postal_code":"097-0022","address":"稚内市中央３丁目","voronoi":{"type":"Feature","geometry":{"type":"LineString","coordinates":[[115.559734,60.0],[118.331876,57.310467],[123.253322,52.896831],[132.204863,48.428875],[141.607214,45.384278],[142.654699,45.719569],[143.065647,46.003404],[144.169509,46.939228],[144.936869,48.354714],[146.418463,51.102089],[150.908923,60.0]]},"properties":{}}}
  ]
}