{
  "code":11112,
  "id":"f32e7c",
  "name":"JR札沼線",
  "name_kana":"じぇいあーるさっしょうせん",
  "station_size":31,
  "company_code":1,
  "closed":false,
  "color":"#00A54F",
  "station_list":[
    {"code":1110315,"id":"7a3b57","name":"札幌","original_name":"札幌","name_kana":"さっぽろ","closed":false,"lat":43.068612,"lng":141.350768,"prefecture":1,"numbering":["01"],"lines":[11103,11109,11112],"attr":"eco","postal_code":"060-0806","address":"札幌市北区北６条西４丁目","voronoi":{"type":"Feature","geometry":{"type":"Polygon","coordinates":[[[141.359161,43.069618],[141.356592,43.066224],[141.342748,43.06912],[141.352585,43.072862],[141.359161,43.069618]]]},"properties":{}}},
    {"code":1110314,"id":"f18414","name":"桑園","original_name":"桑園","name_kana":"そうえん","closed":false,"lat":43.070744,"lng":141.332036,"prefecture":1,"numbering":["S02"],"lines":[11103,11112],"attr":"eco","postal_code":"060-0011","address":"札幌市中央区北１１条西１５丁目","voronoi":{"type":"Feature","geometry":{"type":"Polygon","coordinates":[[[141.323205,43.065669],[141.322904,43.076001],[141.332448,43.084148],[141.334413,43.082853],[141.339387,43.07612],[141.34122,43.068777],[141.341026,43.067966],[141.335603,43.063962],[141.333862,43.063586],[141.323621,43.064968],[141.323205,43.065669]]]},"properties":{}}},
    {"code":1111203,"id":"521fad","name":"八軒","original_name":"八軒","name_kana":"はちけん","closed":false,"lat":43.085845,"lng":141.319145,"prefecture":1,"numbering":["G03"],"lines":[11112],"attr":"cool","postal_code":"063-0866","address":"札幌市西区八軒６条東２丁目","voronoi":{"type":"Feature","geometry":{"type":"Polygon","coordinates":[[[141.332448,43.084148],[141.331778,43.08845],[141.308476,43.096995],[141.315172,43.078501],[141.322904,43.076001],[141.332448,43.084148]]]},"properties":{}}},
    {"code":1111204,"id":"1ed283","name":"新川(北海道)","original_name":"新川","name_kana":"しんかわ","closed":false,"lat":43.098604,"lng":141.323824,"prefecture":1,"numbering":["G04"],"lines":[11112],"attr":"cool","postal_code":"001-0924","address":"札幌市北区新川四条１丁目","voronoi":{"type":"Feature","geometry":{"type":"Polygon","coordinates":[[[141.332769,43.101479],[141.329896,43.105426],[141.301299,43.127948],[141.301074,43.119347],[141.30806,43.097396],[141.308476,43.096995],[141.331778,43.08845],[141.333413,43.092314],[141.332769,43.101479]]]},"properties":{}}},
    {"code":1111205,"id":"54ddac","name":"新琴似","original_name":"新琴似","name_kana":"しんことに","closed":false,"lat":43.112928,"lng":141.335105,"prefecture":1,"numbering":["G05"],"lines":[11112],"attr":"cool","postal_code":"001-0908","address":"札幌市北区新琴似８条１丁目","voronoi":{"type":"Feature","geometry":{"type":"Polygon","coordinates":[[[141.295345,43.178337],[141.29564,43.152913],[141.301299,43.127948],[141.329896,43.105426],[141.343636,43.11675],[141.298524,43.175455],[141.295345,43.178337]]]},"properties":{}}},
    {"code":1111206,"id":"389d39","name":"太平","original_name":"太平","name_kana":"たいへい","closed":false,"lat":43.12401,"lng":141.349526,"prefecture":1,"numbering":["G06"],"lines":[11112],"attr":"cool","postal_code":"002-8002","address":"札幌市北区太平２条５丁目","voronoi":{"type":"Feature","geometry":{"type":"Polygon","coordinates":[[[141.344865,43.143021],[141.298524,43.175455],[141.343636,43.11675],[141.352871,43.109766],[141.35976,43.120784],[141.344865,43.143021]]]},"properties":{}}},
    {"code":1111207,"id":"183762","name":"百合が原","original_name":"百合が原","name_kana":"ゆりがはら","closed":false,"lat":43.131476,"lng":141.360672,"prefecture":1,"numbering":["G07"],"lines":[11112],"attr":"cool","postal_code":"002-8051","address":"札幌市北区篠路町太平中央","voronoi":{"type":"Feature","geometry":{"type":"Polygon","coordinates":[[[141.35976,43.120784],[141.344865,43.143021],[141.383722,43.132648],[141.386632,43.130191],[141.35976,43.120784]]]},"properties":{}}},
    {"code":1111208,"id":"f70edf","name":"篠路","original_name":"篠路","name_kana":"しのろ","closed":false,"lat":43.145152,"lng":141.364323,"prefecture":1,"numbering":["G08"],"lines":[11112],"attr":"cool","postal_code":"002-8024","address":"札幌市北区篠路４条７丁目","voronoi":{"type":"Feature","geometry":{"type":"Polygon","coordinates":[[[141.344865,43.143021],[141.383722,43.132648],[141.273378,43.309456],[141.274675,43.293881],[141.280177,43.248215],[141.293156,43.185419],[141.295345,43.178337],[141.298524,43.175455],[141.344865,43.143021]]]},"properties":{}}},
    {"code":1111209,"id":"6648b8","name":"拓北","original_name":"拓北","name_kana":"たくほく","closed":false,"lat":43.155568,"lng":141.381013,"prefecture":1,"numbering":["G09"],"lines":[11112],"attr":"eco","postal_code":"002-8066","address":"札幌市北区拓北６条３丁目","voronoi":{"type":"Feature","geometry":{"type":"Polygon","coordinates":[[[141.251254,43.49828],[141.253698,43.453841],[141.273378,43.309456],[141.383722,43.132648],[141.386632,43.130191],[141.389285,43.129327],[141.390404,43.196961],[141.386751,43.217866],[141.351203,43.299587],[141.251254,43.49828]]]},"properties":{}}},
    {"code":1111210,"id":"6494eb","name":"あいの里教育大","original_name":"あいの里教育大","name_kana":"あいのさときょういくだい","closed":false,"lat":43.15528,"lng":141.39842,"prefecture":1,"numbering":["G10"],"lines":[11112],"attr":"eco","postal_code":"002-8071","address":"札幌市北区あいの里１条５丁目","voronoi":{"type":"Feature","geometry":{"type":"Polygon","coordinates":[[[141.42589,43.108],[141.390404,43.196961],[141.389285,43.129327],[141.405274,43.117499],[141.416787,43.110827],[141.423894,43.107698],[141.42589,43.108]]]},"properties":{}}},
    {"code":1111211,"id":"a4fe06","name":"あいの里公園","original_name":"あいの里公園","name_kana":"あいのさとこうえん","closed":false,"lat":43.161206,"lng":141.413276,"prefecture":1,"numbering":["G11"],"lines":[11112],"attr":"eco","postal_code":"002-8072","address":"札幌市北区あいの里２条８丁目","voronoi":{"type":"Feature","geometry":{"type":"Polygon","coordinates":[[[141.462269,43.123545],[141.386751,43.217866],[141.390404,43.196961],[141.42589,43.108],[141.444034,43.108057],[141.446356,43.108559],[141.462269,43.123545]]]},"properties":{}}},
    {"code":1111212,"id":"f4f754","name":"ロイズタウン","original_name":"ロイズタウン","name_kana":"ろいずたうん","closed":false,"lat":43.179589,"lng":141.436236,"prefecture":1,"numbering":["G11-1"],"lines":[11112],"attr":"eco","postal_code":"061-3775","address":"北海道石狩郡当別町ビトヱ１０５２−４","open_date":"2022-03-12","voronoi":{"type":"Feature","geometry":{"type":"Polygon","coordinates":[[[141.351203,43.299587],[141.386751,43.217866],[141.462269,43.123545],[141.481523,43.134444],[141.482129,43.135096],[141.351203,43.299587]]]},"properties":{}}},
    {"code":1111213,"id":"a4b573","name":"太美","original_name":"太美","name_kana":"ふとみ","closed":false,"lat":43.189801,"lng":141.449066,"prefecture":1,"numbering":["G12"],"lines":[11112],"attr":"eco","postal_code":"061-3776","address":"石狩郡当別町太美町","voronoi":{"type":"Feature","geometry":{"type":"Polygon","coordinates":[[[141.482129,43.135096],[141.351203,43.299587],[141.251254,43.49828],[141.244507,43.540335],[141.244118,43.551911],[141.298791,43.545474],[141.336941,43.495516],[141.506128,43.156408],[141.498932,43.149053],[141.482129,43.135096]]]},"properties":{}}},
    {"code":1111214,"id":"b8a35e","name":"当別","original_name":"当別","name_kana":"とうべつ","closed":false,"lat":43.22208,"lng":141.513764,"prefecture":1,"numbering":["G13"],"lines":[11112],"attr":"eco","postal_code":"061-0226","address":"石狩郡当別町字錦町","voronoi":{"type":"Feature","geometry":{"type":"Polygon","coordinates":[[[141.488737,43.336895],[141.336941,43.495516],[141.506128,43.156408],[141.515202,43.158415],[141.545639,43.170119],[141.514211,43.298695],[141.510314,43.30797],[141.488737,43.336895]]]},"properties":{}}},
    {"code":1111215,"id":"4fc451","name":"北海道医療大学","original_name":"北海道医療大学","name_kana":"ほっかいどういりょうだいがく","closed":false,"lat":43.230925,"lng":141.54995,"prefecture":1,"numbering":["G14"],"lines":[11112],"attr":"eco","postal_code":"061-0212","address":"石狩郡当別町字金沢","voronoi":{"type":"Feature","geometry":{"type":"Polygon","coordinates":[[[141.595544,43.1902],[141.514211,43.298695],[141.545639,43.170119],[141.57204,43.171615],[141.595544,43.1902]]]},"properties":{}}},
    {"code":1111216,"id":"eb03b7","name":"石狩金沢","original_name":"石狩金沢","name_kana":"いしかりかなざわ","closed":true,"lat":43.245385,"lng":141.569239,"prefecture":1,"lines":[11112],"attr":"unknown","postal_code":"061-0212","address":"石狩郡当別町字金沢","closed_date":"2020-05-07","voronoi":{"type":"Feature","geometry":{"type":"Polygon","coordinates":[[[141.510314,43.30797],[141.514211,43.298695],[141.595544,43.1902],[141.613703,43.199439],[141.640491,43.224108],[141.510314,43.30797]]]},"properties":{}}},
    {"code":1111217,"id":"1a6c34","name":"本中小屋","original_name":"本中小屋","name_kana":"もとなかごや","closed":true,"lat":43.28019,"lng":141.591661,"prefecture":1,"lines":[11112],"attr":"unknown","postal_code":"061-0211","address":"石狩郡当別町字中小屋","closed_date":"2020-05-07","voronoi":{"type":"Feature","geometry":{"type":"Polygon","coordinates":[[[141.510314,43.30797],[141.488737,43.336895],[141.650634,43.272029],[141.669422,43.251007],[141.652988,43.230333],[141.640491,43.224108],[141.510314,43.30797]]]},"properties":{}}},
    {"code":1111218,"id":"b3f8fb","name":"中小屋","original_name":"中小屋","name_kana":"なかごや","closed":true,"lat":43.306846,"lng":141.602341,"prefecture":1,"lines":[11112],"attr":"unknown","postal_code":"061-0211","address":"石狩郡当別町字中小屋","closed_date":"2020-05-07","voronoi":{"type":"Feature","geometry":{"type":"Polygon","coordinates":[[[141.642271,43.287869],[141.650634,43.272029],[141.488737,43.336895],[141.336941,43.495516],[141.298791,43.545474],[141.34061,43.551163],[141.642271,43.287869]]]},"properties":{}}},
    {"code":1111219,"id":"1421d5","name":"月ヶ岡","original_name":"月ヶ岡","name_kana":"つきがおか","closed":true,"lat":43.324867,"lng":141.61807,"prefecture":1,"lines":[11112],"attr":"unknown","postal_code":"061-0500","address":"北海道樺戸郡月形町字月ヶ岡","closed_date":"2020-05-07","voronoi":{"type":"Feature","geometry":{"type":"Polygon","coordinates":[[[141.34061,43.551163],[141.642271,43.287869],[141.605611,43.458341],[141.578304,43.547288],[141.56033,43.588569],[141.34061,43.551163]]]},"properties":{}}},
    {"code":1111220,"id":"7c126b","name":"知来乙","original_name":"知来乙","name_kana":"ちらいおつ","closed":true,"lat":43.331545,"lng":141.649123,"prefecture":1,"lines":[11112],"attr":"unknown","postal_code":"061-0516","address":"樺戸郡月形町字知来乙","closed_date":"2020-05-07","voronoi":{"type":"Feature","geometry":{"type":"Polygon","coordinates":[[[141.650634,43.272029],[141.669422,43.251007],[141.692785,43.261348],[141.605611,43.458341],[141.642271,43.287869],[141.650634,43.272029]]]},"properties":{}}},
    {"code":1111221,"id":"041c94","name":"石狩月形","original_name":"石狩月形","name_kana":"いしかりつきがた","closed":true,"lat":43.340869,"lng":141.670193,"prefecture":1,"lines":[11112],"attr":"unknown","postal_code":"061-0518","address":"樺戸郡月形町赤川","closed_date":"2020-05-07","voronoi":{"type":"Feature","geometry":{"type":"Polygon","coordinates":[[[141.732626,43.284181],[141.701367,43.263786],[141.692785,43.261348],[141.605611,43.458341],[141.578304,43.547288],[141.732814,43.284537],[141.732626,43.284181]]]},"properties":{}}},
    {"code":1111222,"id":"3777f9","name":"豊ヶ岡","original_name":"豊ヶ岡","name_kana":"とよがおか","closed":true,"lat":43.366645,"lng":141.714026,"prefecture":1,"lines":[11112],"attr":"unknown","postal_code":"061-0500","address":"北海道樺戸郡月形町字豊ケ丘","closed_date":"2020-05-07","voronoi":{"type":"Feature","geometry":{"type":"Polygon","coordinates":[[[141.717834,43.43967],[141.655433,43.561907],[141.614947,43.60632],[141.589949,43.598745],[141.568373,43.591631],[141.56033,43.588569],[141.578304,43.547288],[141.732814,43.284537],[141.739903,43.291535],[141.717834,43.43967]]]},"properties":{}}},
    {"code":1111223,"id":"e042e9","name":"札比内","original_name":"札比内","name_kana":"さっぴない","closed":true,"lat":43.370926,"lng":141.742762,"prefecture":1,"lines":[11112],"attr":"unknown","postal_code":"061-0505","address":"樺戸郡月形町字札比内","closed_date":"2020-05-07","voronoi":{"type":"Feature","geometry":{"type":"Polygon","coordinates":[[[141.717834,43.43967],[141.79831,43.338505],[141.797876,43.337218],[141.787573,43.323804],[141.739903,43.291535],[141.717834,43.43967]]]},"properties":{}}},
    {"code":1111224,"id":"6f913f","name":"晩生内","original_name":"晩生内","name_kana":"おそきない","closed":true,"lat":43.399921,"lng":141.779211,"prefecture":1,"lines":[11112],"attr":"unknown","postal_code":"061-0622","address":"樺戸郡浦臼町字晩生内第２","closed_date":"2020-05-07","voronoi":{"type":"Feature","geometry":{"type":"Polygon","coordinates":[[[141.821845,43.370983],[141.819642,43.364086],[141.79831,43.338505],[141.717834,43.43967],[141.655433,43.561907],[141.693466,43.532927],[141.694656,43.531941],[141.821845,43.370983]]]},"properties":{}}},
    {"code":1111225,"id":"b32344","name":"札的","original_name":"札的","name_kana":"さってき","closed":true,"lat":43.419153,"lng":141.803549,"prefecture":1,"lines":[11112],"attr":"unknown","postal_code":"061-0600","address":"樺戸郡浦臼町字浦臼内","closed_date":"2020-05-07","voronoi":{"type":"Feature","geometry":{"type":"Polygon","coordinates":[[[141.752366,43.493071],[141.694656,43.531941],[141.821845,43.370983],[141.8376,43.393288],[141.752366,43.493071]]]},"properties":{}}},
    {"code":1111226,"id":"187669","name":"浦臼","original_name":"浦臼","name_kana":"うらうす","closed":true,"lat":43.430964,"lng":141.817376,"prefecture":1,"lines":[11112],"attr":"unknown","postal_code":"061-0600","address":"樺戸郡浦臼町字浦臼内","closed_date":"2020-05-07","voronoi":{"type":"Feature","geometry":{"type":"Polygon","coordinates":[[[141.805971,43.46438],[141.752366,43.493071],[141.8376,43.393288],[141.85105,43.405608],[141.852862,43.423543],[141.805971,43.46438]]]},"properties":{}}},
    {"code":1111227,"id":"bcff26","name":"鶴沼","original_name":"鶴沼","name_kana":"つるぬま","closed":true,"lat":43.457673,"lng":141.840637,"prefecture":1,"lines":[11112],"attr":"unknown","postal_code":"061-0600","address":"樺戸郡浦臼町字於礼内","closed_date":"2020-05-07","voronoi":{"type":"Feature","geometry":{"type":"Polygon","coordinates":[[[141.871938,43.450778],[141.870226,43.466563],[141.805971,43.46438],[141.852862,43.423543],[141.871938,43.450778]]]},"properties":{}}},
    {"code":1111228,"id":"cfb539","name":"於札内","original_name":"於札内","name_kana":"おさつない","closed":true,"lat":43.473424,"lng":141.840102,"prefecture":1,"lines":[11112],"attr":"unknown","postal_code":"061-0600","address":"樺戸郡浦臼町字オサツナイ","closed_date":"2020-05-07","voronoi":{"type":"Feature","geometry":{"type":"Polygon","coordinates":[[[141.752366,43.493071],[141.805971,43.46438],[141.870226,43.466563],[141.870639,43.469298],[141.693466,43.532927],[141.694656,43.531941],[141.752366,43.493071]]]},"properties":{}}},
    {"code":1111229,"id":"e96bea","name":"南下徳富","original_name":"南下徳富","name_kana":"みなみしもとっぷ","closed":true,"lat":43.485542,"lng":141.844454,"prefecture":1,"lines":[11112],"attr":"unknown","postal_code":"073-1105","address":"樺戸郡新十津川町字花月","closed_date":"2020-05-07","voronoi":{"type":"Feature","geometry":{"type":"Polygon","coordinates":[[[141.679499,43.604571],[141.639273,43.624484],[141.614947,43.60632],[141.655433,43.561907],[141.693466,43.532927],[141.870639,43.469298],[141.874112,43.478517],[141.679499,43.604571]]]},"properties":{}}},
    {"code":1111230,"id":"0270d6","name":"下徳富","original_name":"下徳富","name_kana":"しもとっぷ","closed":true,"lat":43.50271,"lng":141.855574,"prefecture":1,"lines":[11112],"attr":"unknown","postal_code":"073-1105","address":"樺戸郡新十津川町字花月","closed_date":"2020-05-07","voronoi":{"type":"Feature","geometry":{"type":"Polygon","coordinates":[[[141.679499,43.604571],[141.874112,43.478517],[141.880565,43.486139],[141.885529,43.51518],[141.679499,43.604571]]]},"properties":{}}},
    {"code":1111231,"id":"77dc55","name":"新十津川","original_name":"新十津川","name_kana":"しんとつかわ","closed":true,"lat":43.545575,"lng":141.874172,"prefecture":1,"lines":[11112],"attr":"unknown","postal_code":"073-1103","address":"樺戸郡新十津川町字中央","closed_date":"2020-05-07","voronoi":{"type":"Feature","geometry":{"type":"Polygon","coordinates":[[[141.679499,43.604571],[141.639273,43.624484],[141.655592,43.640531],[141.774484,43.684933],[141.862699,43.618477],[141.897389,43.523253],[141.885529,43.51518],[141.679499,43.604571]]]},"properties":{}}}
  ]
}