{
  "code":11201,
  "id":"e27da6",
  "name":"JR東北本線(八戸～青森)",
  "name_kana":"じぇいあーるとうほくほんせん",
  "station_size":20,
  "company_code":2,
  "closed":true,
  "color":"#008000",
  "station_list":[
    {"code":100421,"id":"614352","name":"八戸","original_name":"八戸","name_kana":"はちのへ","closed":false,"lat":40.5092,"lng":141.431499,"prefecture":2,"lines":[1004,11201,11206,99206],"attr":"eco","postal_code":"039-1101","address":"八戸市尻内町","voronoi":{"type":"Feature","geometry":{"type":"Polygon","coordinates":[[[141.367582,40.535749],[141.375399,40.525284],[141.46735,40.454404],[141.46572,40.46757],[141.441578,40.535325],[141.391527,40.542558],[141.367582,40.535749]]]},"properties":{}}},
    {"code":1120102,"id":"3abac9","name":"陸奥市川","original_name":"陸奥市川","name_kana":"むついちかわ","closed":false,"lat":40.563235,"lng":141.439308,"prefecture":2,"lines":[11201,99206],"attr":"eco","postal_code":"039-2241","address":"八戸市市川町","voronoi":{"type":"Feature","geometry":{"type":"Polygon","coordinates":[[[141.502247,40.584861],[141.517837,40.619391],[141.543123,40.707982],[141.391527,40.542558],[141.441578,40.535325],[141.487708,40.564697],[141.493218,40.570501],[141.502247,40.584861]]]},"properties":{}}},
    {"code":1120103,"id":"bc8d8c","name":"下田","original_name":"下田","name_kana":"しもだ","closed":false,"lat":40.591958,"lng":141.407965,"prefecture":2,"lines":[11201,99206],"attr":"eco","postal_code":"039-2124","address":"上北郡おいらせ町境田","voronoi":{"type":"Feature","geometry":{"type":"Polygon","coordinates":[[[141.475278,40.696821],[141.325328,40.546922],[141.367582,40.535749],[141.391527,40.542558],[141.543123,40.707982],[141.564651,40.759235],[141.475278,40.696821]]]},"properties":{}}},
    {"code":1120104,"id":"fa8693","name":"向山","original_name":"向山","name_kana":"むかいやま","closed":false,"lat":40.629544,"lng":141.370392,"prefecture":2,"lines":[11201,99206],"attr":"eco","postal_code":"039-2251","address":"上北郡おいらせ町向山","voronoi":{"type":"Feature","geometry":{"type":"Polygon","coordinates":[[[141.325328,40.546922],[141.321376,40.546813],[141.339393,40.613229],[141.36485,40.650818],[141.475278,40.696821],[141.325328,40.546922]]]},"properties":{}}},
    {"code":1120105,"id":"69a9b3","name":"三沢(青森)","original_name":"三沢","name_kana":"みさわ","closed":false,"lat":40.669735,"lng":141.353649,"prefecture":2,"lines":[11201,99204,99206],"attr":"eco","postal_code":"033-0000","address":"三沢市犬落瀬","voronoi":{"type":"Feature","geometry":{"type":"Polygon","coordinates":[[[141.708321,40.966507],[141.682927,40.962262],[141.484687,40.901999],[141.318697,40.679088],[141.326414,40.669642],[141.36485,40.650818],[141.475278,40.696821],[141.564651,40.759235],[141.708321,40.966507]]]},"properties":{}}},
    {"code":1120106,"id":"07661e","name":"小川原","original_name":"小川原","name_kana":"こがわら","closed":false,"lat":40.709893,"lng":141.29972,"prefecture":2,"lines":[11201,99206],"attr":"heat","postal_code":"039-2402","address":"上北郡東北町大浦","voronoi":{"type":"Feature","geometry":{"type":"Polygon","coordinates":[[[141.314885,40.677882],[141.287453,40.675342],[141.271627,40.678649],[141.257969,40.684722],[141.391166,40.88607],[141.484687,40.901999],[141.318697,40.679088],[141.314885,40.677882]]]},"properties":{}}},
    {"code":1120107,"id":"3fb643","name":"上北町","original_name":"上北町","name_kana":"かみきたちょう","closed":false,"lat":40.732993,"lng":141.264801,"prefecture":2,"lines":[11201,99206],"attr":"heat","postal_code":"039-2401","address":"上北郡東北町上野","voronoi":{"type":"Feature","geometry":{"type":"Polygon","coordinates":[[[141.215112,40.730626],[141.222828,40.693322],[141.224846,40.687791],[141.232573,40.68572],[141.252105,40.684573],[141.257969,40.684722],[141.391166,40.88607],[141.374468,40.885015],[141.345078,40.872747],[141.215112,40.730626]]]},"properties":{}}},
    {"code":1120108,"id":"6f9906","name":"乙供","original_name":"乙供","name_kana":"おっとも","closed":false,"lat":40.780328,"lng":141.213039,"prefecture":2,"lines":[11201,99206],"attr":"heat","postal_code":"039-2661","address":"上北郡東北町字上笹橋","voronoi":{"type":"Feature","geometry":{"type":"Polygon","coordinates":[[[141.215112,40.730626],[141.210086,40.73395],[141.186471,40.759803],[141.183803,40.763851],[141.181611,40.7684],[141.180149,40.776257],[141.182963,40.792507],[141.205362,40.847888],[141.345078,40.872747],[141.215112,40.730626]]]},"properties":{}}},
    {"code":1120109,"id":"df8dce","name":"千曳","original_name":"千曳","name_kana":"ちびき","closed":false,"lat":40.804662,"lng":141.152876,"prefecture":2,"lines":[11201,99206],"attr":"eco","postal_code":"039-2683","address":"上北郡東北町字大平","voronoi":{"type":"Feature","geometry":{"type":"Polygon","coordinates":[[[141.1402,40.799894],[141.150309,40.839176],[141.151951,40.840258],[141.193244,40.851923],[141.205362,40.847888],[141.182963,40.792507],[141.1402,40.799894]]]},"properties":{}}},
    {"code":1120110,"id":"83ffd8","name":"野辺地","original_name":"野辺地","name_kana":"のへじ","closed":false,"lat":40.855142,"lng":141.119603,"prefecture":2,"lines":[11201,11203,99206,99220],"attr":"cool","postal_code":"039-3131","address":"上北郡野辺地町大字野辺地","voronoi":{"type":"Feature","geometry":{"type":"Polygon","coordinates":[[[141.102502,40.885292],[141.029807,40.807552],[141.150309,40.839176],[141.151951,40.840258],[141.102502,40.885292]]]},"properties":{}}},
    {"code":1120111,"id":"6ed6e5","name":"狩場沢","original_name":"狩場沢","name_kana":"かりばさわ","closed":false,"lat":40.900335,"lng":141.071274,"prefecture":2,"lines":[11201,99206],"attr":"cool","postal_code":"039-3343","address":"東津軽郡平内町大字狩場沢","voronoi":{"type":"Feature","geometry":{"type":"Polygon","coordinates":[[[141.117082,41.021432],[141.106074,41.037286],[140.987227,40.779153],[141.029807,40.807552],[141.102502,40.885292],[141.126775,40.937426],[141.117082,41.021432]]]},"properties":{}}},
    {"code":1120112,"id":"1d400d","name":"清水川","original_name":"清水川","name_kana":"しみずがわ","closed":false,"lat":40.921801,"lng":141.02465,"prefecture":2,"lines":[11201,99206],"attr":"cool","postal_code":"039-3332","address":"東津軽郡平内町大字清水川","voronoi":{"type":"Feature","geometry":{"type":"Polygon","coordinates":[[[141.094954,41.061903],[141.055824,41.115371],[141.012354,41.131996],[140.973386,40.783359],[140.973941,40.766445],[140.987227,40.779153],[141.106074,41.037286],[141.094954,41.061903]]]},"properties":{}}},
    {"code":1120113,"id":"470fc7","name":"小湊","original_name":"小湊","name_kana":"こみなと","closed":false,"lat":40.929703,"lng":140.953953,"prefecture":2,"lines":[11201,99206],"attr":"cool","postal_code":"039-3321","address":"東津軽郡平内町大字小湊","voronoi":{"type":"Feature","geometry":{"type":"Polygon","coordinates":[[[140.973386,40.783359],[140.863498,41.171097],[140.877692,41.211807],[141.012354,41.131996],[140.973386,40.783359]]]},"properties":{}}},
    {"code":1120114,"id":"8032aa","name":"西平内","original_name":"西平内","name_kana":"にしひらない","closed":false,"lat":40.918138,"lng":140.913146,"prefecture":2,"lines":[11201,99206],"attr":"cool","postal_code":"039-3364","address":"東津軽郡平内町大字小豆沢","voronoi":{"type":"Feature","geometry":{"type":"Polygon","coordinates":[[[140.863498,41.171097],[140.811385,41.053724],[140.810118,41.049982],[140.967882,40.754195],[140.973941,40.766445],[140.973386,40.783359],[140.863498,41.171097]]]},"properties":{}}},
    {"code":1120115,"id":"5513d9","name":"浅虫温泉","original_name":"浅虫温泉","name_kana":"あさむしおんせん","closed":false,"lat":40.890976,"lng":140.862221,"prefecture":2,"lines":[11201,99206],"attr":"cool","postal_code":"039-3501","address":"青森市浅虫","voronoi":{"type":"Feature","geometry":{"type":"Polygon","coordinates":[[[140.782087,40.993087],[140.798531,41.028765],[140.810118,41.049982],[140.967882,40.754195],[140.964309,40.74229],[140.769957,40.938782],[140.770814,40.952267],[140.775606,40.975846],[140.782087,40.993087]]]},"properties":{}}},
    {"code":1120116,"id":"1da7c0","name":"野内","original_name":"野内","name_kana":"のない","closed":false,"lat":40.846,"lng":140.81675,"prefecture":2,"lines":[11201,99206],"attr":"cool","postal_code":"039-3503","address":"青森市大字野内","voronoi":{"type":"Feature","geometry":{"type":"Polygon","coordinates":[[[140.76792,40.874357],[140.759759,40.912973],[140.769957,40.938782],[140.964309,40.74229],[140.9627,40.728147],[140.906836,40.765557],[140.76792,40.874357]]]},"properties":{}}},
    {"code":1120117,"id":"0a01d0","name":"矢田前","original_name":"矢田前","name_kana":"やだまえ","closed":false,"lat":40.833744,"lng":140.807151,"prefecture":2,"lines":[11201,99206],"attr":"cool","postal_code":"030-0936","address":"青森市矢田前字本泉","voronoi":{"type":"Feature","geometry":{"type":"Polygon","coordinates":[[[140.76792,40.874357],[140.769712,40.848788],[140.777243,40.840719],[140.906836,40.765557],[140.76792,40.874357]]]},"properties":{}}},
    {"code":1120118,"id":"157f80","name":"小柳(青森)","original_name":"小柳","name_kana":"こやなぎ","closed":false,"lat":40.818223,"lng":140.798149,"prefecture":2,"lines":[11201,99206],"attr":"cool","postal_code":"030-0915","address":"青森市小柳字唐橋","voronoi":{"type":"Feature","geometry":{"type":"Polygon","coordinates":[[[140.928437,40.596779],[140.962502,40.719939],[140.9627,40.728147],[140.906836,40.765557],[140.777243,40.840719],[140.915509,40.557753],[140.928437,40.596779]]]},"properties":{}}},
    {"code":1120119,"id":"fda6c7","name":"東青森","original_name":"東青森","name_kana":"ひがしあおもり","closed":false,"lat":40.810402,"lng":140.782143,"prefecture":2,"lines":[11201,99206],"attr":"cool","postal_code":"030-0946","address":"青森市大字古館字安田","voronoi":{"type":"Feature","geometry":{"type":"Polygon","coordinates":[[[140.777243,40.840719],[140.769712,40.848788],[140.764836,40.836133],[140.874315,40.561802],[140.911403,40.54393],[140.915509,40.557753],[140.777243,40.840719]]]},"properties":{}}},
    {"code":1120120,"id":"f1cf2c","name":"青森","original_name":"青森","name_kana":"あおもり","closed":false,"lat":40.828668,"lng":140.734738,"prefecture":2,"lines":[11201,11202,11205,99206],"attr":"cool","postal_code":"038-0012","address":"青森市柳川１丁目","voronoi":{"type":"Feature","geometry":{"type":"Polygon","coordinates":[[[140.76792,40.874357],[140.769712,40.848788],[140.764836,40.836133],[140.71599,40.761608],[140.713627,40.844442],[140.754978,40.908964],[140.759759,40.912973],[140.76792,40.874357]]]},"properties":{}}}
  ],
  "closed_date":"2010-12-04"
}