{
  "code":11215,
  "id":"7d26f1",
  "name":"JR男鹿線",
  "name_kana":"じぇいあーるおがせん",
  "station_size":9,
  "company_code":2,
  "closed":false,
  "color":"#36823E",
  "station_list":[
    {"code":1120232,"id":"e67d7a","name":"追分(秋田)","original_name":"追分","name_kana":"おいわけ","closed":false,"lat":39.809925,"lng":140.05781,"prefecture":5,"lines":[11202,11215],"attr":"cool","postal_code":"010-0126","address":"秋田市金足追分","voronoi":{"type":"Feature","geometry":{"type":"Polygon","coordinates":[[[139.976098,39.764297],[140.055207,39.84086],[140.160721,39.831741],[140.153198,39.826015],[139.976098,39.764297]]]},"properties":{}}},
    {"code":1121502,"id":"7ba96c","name":"出戸浜","original_name":"出戸浜","name_kana":"でとはま","closed":false,"lat":39.844473,"lng":140.024374,"prefecture":5,"lines":[11215],"attr":"cool","postal_code":"010-0101","address":"潟上市天王","voronoi":{"type":"Feature","geometry":{"type":"Polygon","coordinates":[[[140.055207,39.84086],[140.033503,39.872661],[139.929474,39.786939],[139.915661,39.77315],[139.903067,39.717956],[139.932671,39.734898],[139.976098,39.764297],[140.055207,39.84086]]]},"properties":{}}},
    {"code":1121503,"id":"b197db","name":"上二田","original_name":"上二田","name_kana":"かみふただ","closed":false,"lat":39.869089,"lng":140.00409,"prefecture":5,"lines":[11215],"attr":"cool","postal_code":"010-0101","address":"潟上市天王","voronoi":{"type":"Feature","geometry":{"type":"Polygon","coordinates":[[[139.929474,39.786939],[140.025288,39.915077],[140.032734,39.897836],[140.033503,39.872661],[139.929474,39.786939]]]},"properties":{}}},
    {"code":1121504,"id":"2cdf78","name":"二田","original_name":"二田","name_kana":"ふただ","closed":false,"lat":39.88174,"lng":139.987171,"prefecture":5,"lines":[11215],"attr":"cool","postal_code":"010-0101","address":"潟上市天王","voronoi":{"type":"Feature","geometry":{"type":"Polygon","coordinates":[[[140.025288,39.915077],[139.929474,39.786939],[139.915661,39.77315],[139.916296,39.804228],[139.927897,39.824598],[140.01292,39.94215],[140.019135,39.933512],[140.025129,39.915869],[140.025288,39.915077]]]},"properties":{}}},
    {"code":1121505,"id":"42833b","name":"天王","original_name":"天王","name_kana":"てんのう","closed":false,"lat":39.898782,"lng":139.963609,"prefecture":5,"lines":[11215],"attr":"heat","postal_code":"010-0101","address":"潟上市天王","voronoi":{"type":"Feature","geometry":{"type":"Polygon","coordinates":[[[139.927897,39.824598],[139.98578,39.988135],[140.000947,39.970437],[140.01292,39.94215],[139.927897,39.824598]]]},"properties":{}}},
    {"code":1121506,"id":"4377ba","name":"船越","original_name":"船越","name_kana":"ふなこし","closed":false,"lat":39.90473,"lng":139.946804,"prefecture":5,"lines":[11215],"attr":"heat","postal_code":"010-0341","address":"男鹿市船越字狐森","voronoi":{"type":"Feature","geometry":{"type":"Polygon","coordinates":[[[139.927897,39.824598],[139.98578,39.988135],[139.953957,40.033516],[139.908594,39.841729],[139.916296,39.804228],[139.927897,39.824598]]]},"properties":{}}},
    {"code":1121507,"id":"24721d","name":"脇本","original_name":"脇本","name_kana":"わきもと","closed":false,"lat":39.915172,"lng":139.902657,"prefecture":5,"lines":[11215],"attr":"heat","postal_code":"010-0500","address":"男鹿市脇本字曲田","voronoi":{"type":"Feature","geometry":{"type":"Polygon","coordinates":[[[139.82639,40.124198],[139.892925,39.869386],[139.908594,39.841729],[139.953957,40.033516],[139.953751,40.03396],[139.944147,40.047311],[139.896215,40.090205],[139.885757,40.097627],[139.82639,40.124198]]]},"properties":{}}},
    {"code":1121508,"id":"76c0cb","name":"羽立","original_name":"羽立","name_kana":"はだち","closed":false,"lat":39.904569,"lng":139.86205,"prefecture":5,"lines":[11215],"attr":"eco","postal_code":"010-0502","address":"男鹿市船川港比詰字大巻","voronoi":{"type":"Feature","geometry":{"type":"Polygon","coordinates":[[[139.316038,40.256025],[139.892925,39.869386],[139.82639,40.124198],[139.688529,40.202272],[139.43749,40.254418],[139.316038,40.256025]]]},"properties":{}}},
    {"code":1121509,"id":"987000","name":"男鹿","original_name":"男鹿","name_kana":"おが","closed":false,"lat":39.884571,"lng":139.848647,"prefecture":5,"lines":[11215],"attr":"eco","postal_code":"010-0511","address":"男鹿市船川港船川字新浜町","voronoi":{"type":"Feature","geometry":{"type":"Polygon","coordinates":[[[139.79872,39.623427],[139.830985,39.649727],[139.900779,39.713876],[139.903067,39.717956],[139.915661,39.77315],[139.916296,39.804228],[139.908594,39.841729],[139.892925,39.869386],[139.316038,40.256025],[139.035552,40.264939],[136.789453,40.315227],[137.202981,39.856946],[137.514791,39.716603],[138.044287,39.600892],[138.78187,39.459644],[139.223128,39.494564],[139.674841,39.546332],[139.750135,39.59218],[139.79872,39.623427]]]},"properties":{}}}
  ]
}