{
  "code":11228,
  "id":47,
  "name":"JR磐越東線(ゆうゆうあぶくまライン)",
  "name_kana":"じぇいあーるばんえつとうせん",
  "name_formal":"JR磐越東線",
  "station_size":16,
  "company_code":2,
  "closed":false,
  "color":"#C71585",
  "station_list":[
    {"code":1122801,"id":1106,"name":"いわき","original_name":"いわき","name_kana":"いわき","closed":false,"lat":37.058241,"lng":140.892273,"prefecture":7,"lines":[11228,11229,11230],"attr":"heat","postal_code":"970-8026","address":"いわき市平字田町","voronoi":{"type":"Feature","geometry":{"type":"Polygon","coordinates":[[[140.893361,37.014177],[140.868046,37.056397],[140.908998,37.103914],[140.944046,36.98059],[140.925824,36.987362],[140.893361,37.014177]]]},"properties":{}}},
    {"code":1122802,"id":1107,"name":"赤井","original_name":"赤井","name_kana":"あかい","closed":false,"lat":37.080631,"lng":140.866294,"prefecture":7,"lines":[11228],"attr":"heat","postal_code":"979-3131","address":"いわき市平赤井","voronoi":{"type":"Feature","geometry":{"type":"Polygon","coordinates":[[[140.75356,37.0923],[140.747618,37.086786],[140.868046,37.056397],[140.908998,37.103914],[140.909276,37.107241],[140.760009,37.094925],[140.75356,37.0923]]]},"properties":{}}},
    {"code":1122803,"id":1108,"name":"小川郷","original_name":"小川郷","name_kana":"おがわごう","closed":false,"lat":37.126446,"lng":140.862514,"prefecture":7,"lines":[11228],"attr":"heat","postal_code":"979-3122","address":"いわき市小川町高萩","voronoi":{"type":"Feature","geometry":{"type":"Polygon","coordinates":[[[140.909276,37.107241],[140.760009,37.094925],[140.911718,37.199299],[140.91204,37.198783],[140.926429,37.1569],[140.927891,37.144742],[140.925615,37.133569],[140.909276,37.107241]]]},"properties":{}}},
    {"code":1122804,"id":1109,"name":"江田(福島)","original_name":"江田","name_kana":"えだ","closed":false,"lat":37.179389,"lng":140.82609,"prefecture":7,"lines":[11228],"attr":"heat","postal_code":"979-3124","address":"いわき市小川町上小川字江田","voronoi":{"type":"Feature","geometry":{"type":"Polygon","coordinates":[[[140.911718,37.199299],[140.903672,37.242471],[140.890629,37.271782],[140.869782,37.30752],[140.837833,37.335958],[140.75356,37.0923],[140.760009,37.094925],[140.911718,37.199299]]]},"properties":{}}},
    {"code":1122805,"id":1110,"name":"川前","original_name":"川前","name_kana":"かわまえ","closed":false,"lat":37.20559,"lng":140.750335,"prefecture":7,"lines":[11228],"attr":"heat","postal_code":"979-3201","address":"いわき市川前町大字川前字中の萱","voronoi":{"type":"Feature","geometry":{"type":"Polygon","coordinates":[[[140.824314,37.356355],[140.740395,37.29207],[140.619344,37.068444],[140.625548,37.039181],[140.685679,37.048917],[140.688582,37.050371],[140.747618,37.086786],[140.75356,37.0923],[140.837833,37.335958],[140.824314,37.356355]]]},"properties":{}}},
    {"code":1122806,"id":1111,"name":"夏井","original_name":"夏井","name_kana":"なつい","closed":false,"lat":37.253108,"lng":140.662552,"prefecture":7,"lines":[11228],"attr":"heat","postal_code":"963-3312","address":"田村郡小野町大字夏井字町屋","voronoi":{"type":"Feature","geometry":{"type":"Polygon","coordinates":[[[140.619344,37.068444],[140.567061,37.170051],[140.671065,37.28908],[140.740395,37.29207],[140.619344,37.068444]]]},"properties":{}}},
    {"code":1122807,"id":1112,"name":"小野新町","original_name":"小野新町","name_kana":"おのにいまち","closed":false,"lat":37.275819,"lng":140.63656,"prefecture":7,"lines":[11228],"attr":"heat","postal_code":"963-3402","address":"田村郡小野町大字谷津作字平館","voronoi":{"type":"Feature","geometry":{"type":"Polygon","coordinates":[[[140.534738,37.299643],[140.527844,37.227496],[140.530034,37.222802],[140.567061,37.170051],[140.671065,37.28908],[140.614094,37.316086],[140.539172,37.323682],[140.534738,37.299643]]]},"properties":{}}},
    {"code":1122808,"id":1113,"name":"神俣","original_name":"神俣","name_kana":"かんまた","closed":false,"lat":37.324186,"lng":140.659487,"prefecture":7,"lines":[11228],"attr":"heat","postal_code":"963-3602","address":"田村市滝根町神俣","voronoi":{"type":"Feature","geometry":{"type":"Polygon","coordinates":[[[140.824314,37.356355],[140.824092,37.358137],[140.806363,37.425711],[140.614094,37.316086],[140.671065,37.28908],[140.740395,37.29207],[140.824314,37.356355]]]},"properties":{}}},
    {"code":1122809,"id":1114,"name":"菅谷","original_name":"菅谷","name_kana":"すがや","closed":false,"lat":37.351024,"lng":140.644185,"prefecture":7,"lines":[11228],"attr":"cool","postal_code":"963-3601","address":"田村市滝根町菅谷","voronoi":{"type":"Feature","geometry":{"type":"Polygon","coordinates":[[[140.539172,37.323682],[140.537844,37.331269],[140.805239,37.432262],[140.806363,37.425711],[140.614094,37.316086],[140.539172,37.323682]]]},"properties":{}}},
    {"code":1122810,"id":1115,"name":"大越","original_name":"大越","name_kana":"おおごえ","closed":false,"lat":37.386746,"lng":140.630693,"prefecture":7,"lines":[11228],"attr":"cool","postal_code":"963-4111","address":"田村市大越町上大越","voronoi":{"type":"Feature","geometry":{"type":"Polygon","coordinates":[[[140.797169,37.483505],[140.780796,37.524306],[140.534141,37.341389],[140.537844,37.331269],[140.805239,37.432262],[140.803292,37.462689],[140.797169,37.483505]]]},"properties":{}}},
    {"code":1122811,"id":1116,"name":"磐城常葉","original_name":"磐城常葉","name_kana":"いわきときわ","closed":false,"lat":37.420611,"lng":140.605579,"prefecture":7,"lines":[11228],"attr":"cool","postal_code":"963-4311","address":"田村市船引町今泉字田中","voronoi":{"type":"Feature","geometry":{"type":"Polygon","coordinates":[[[140.780796,37.524306],[140.534141,37.341389],[140.529984,37.348174],[140.730337,37.626894],[140.771092,37.558325],[140.780796,37.524306]]]},"properties":{}}},
    {"code":1122812,"id":1117,"name":"船引","original_name":"船引","name_kana":"ふねひき","closed":false,"lat":37.44291,"lng":140.574558,"prefecture":7,"lines":[11228],"attr":"cool","postal_code":"963-4312","address":"田村市船引町船引","voronoi":{"type":"Feature","geometry":{"type":"Polygon","coordinates":[[[140.729773,37.628042],[140.730337,37.626894],[140.529984,37.348174],[140.527595,37.350827],[140.570522,37.5596],[140.599778,37.578407],[140.726019,37.632358],[140.729773,37.628042]]]},"properties":{}}},
    {"code":1122813,"id":1118,"name":"要田","original_name":"要田","name_kana":"かなめた","closed":false,"lat":37.453969,"lng":140.520773,"prefecture":7,"lines":[11228],"attr":"eco","postal_code":"963-4323","address":"田村市船引町要田","voronoi":{"type":"Feature","geometry":{"type":"Polygon","coordinates":[[[140.492189,37.530665],[140.508719,37.3645],[140.509685,37.362275],[140.527595,37.350827],[140.570522,37.5596],[140.498412,37.534583],[140.492189,37.530665]]]},"properties":{}}},
    {"code":1122814,"id":1119,"name":"三春","original_name":"三春","name_kana":"みはる","closed":false,"lat":37.449841,"lng":140.479275,"prefecture":7,"lines":[11228],"attr":"eco","postal_code":"963-7771","address":"田村郡三春町大字平沢字担橋","voronoi":{"type":"Feature","geometry":{"type":"Polygon","coordinates":[[[140.470379,37.5204],[140.483309,37.527877],[140.492189,37.530665],[140.508719,37.3645],[140.433178,37.465299],[140.439066,37.481589],[140.470379,37.5204]]]},"properties":{}}},
    {"code":1122815,"id":1120,"name":"舞木","original_name":"舞木","name_kana":"もうぎ","closed":false,"lat":37.416716,"lng":140.435074,"prefecture":7,"lines":[11228],"attr":"eco","postal_code":"963-0661","address":"郡山市舞木町字平","voronoi":{"type":"Feature","geometry":{"type":"Polygon","coordinates":[[[140.406052,37.422664],[140.426676,37.371784],[140.448154,37.364639],[140.509685,37.362275],[140.508719,37.3645],[140.433178,37.465299],[140.433097,37.465242],[140.406052,37.422664]]]},"properties":{}}},
    {"code":100408,"id":1028,"name":"郡山(福島)","original_name":"郡山","name_kana":"こおりやま","closed":false,"lat":37.398187,"lng":140.389363,"prefecture":7,"lines":[1004,11231,11225,11228,11338],"attr":"heat","postal_code":"963-8003","address":"郡山市燧田","voronoi":{"type":"Feature","geometry":{"type":"Polygon","coordinates":[[[140.393703,37.4224],[140.356398,37.38885],[140.40299,37.365768],[140.426676,37.371784],[140.406052,37.422664],[140.393703,37.4224]]]},"properties":{}}}
  ]
}