{
  "code":11230,
  "id":"f75599",
  "name":"JR常磐線(いわき～仙台)",
  "name_kana":"じぇいあーるじょうばんせん",
  "station_size":35,
  "company_code":2,
  "closed":false,
  "color":"#3333FF",
  "station_list":[
    {"code":1122801,"id":"5984ad","name":"いわき","original_name":"いわき","name_kana":"いわき","closed":false,"lat":37.058241,"lng":140.892273,"prefecture":7,"lines":[11228,11229,11230],"attr":"heat","postal_code":"970-8026","address":"いわき市平字田町","voronoi":{"type":"Feature","geometry":{"type":"Polygon","coordinates":[[[140.893361,37.014177],[140.868046,37.056397],[140.908998,37.103914],[140.944046,36.98059],[140.925824,36.987362],[140.893361,37.014177]]]},"properties":{}}},
    {"code":1123002,"id":"56255d","name":"草野(福島)","original_name":"草野","name_kana":"くさの","closed":false,"lat":37.073863,"lng":140.947243,"prefecture":7,"lines":[11230],"attr":"cool","postal_code":"970-0112","address":"いわき市平泉崎","voronoi":{"type":"Feature","geometry":{"type":"Polygon","coordinates":[[[141.27631,36.718967],[140.944046,36.98059],[140.908998,37.103914],[140.909276,37.107241],[140.925615,37.133569],[141.27631,36.718967]]]},"properties":{}}},
    {"code":1123003,"id":"cf9bbf","name":"四ツ倉","original_name":"四ツ倉","name_kana":"よつくら","closed":false,"lat":37.102338,"lng":140.980907,"prefecture":7,"lines":[11230],"attr":"cool","postal_code":"979-0201","address":"いわき市四倉町鬼越","voronoi":{"type":"Feature","geometry":{"type":"Polygon","coordinates":[[[140.927891,37.144742],[140.925615,37.133569],[141.27631,36.718967],[141.709099,36.345031],[143.50607,36.191651],[140.927891,37.144742]]]},"properties":{}}},
    {"code":1123004,"id":"127021","name":"久ノ浜","original_name":"久ノ浜","name_kana":"ひさのはま","closed":false,"lat":37.142465,"lng":140.995741,"prefecture":7,"lines":[11230],"attr":"cool","postal_code":"979-0333","address":"いわき市久之浜町久之浜字北荒蒔","voronoi":{"type":"Feature","geometry":{"type":"Polygon","coordinates":[[[146.599115,35.9028],[143.50607,36.191651],[140.927891,37.144742],[140.926429,37.1569],[141.282808,37.159013],[143.509373,36.894757],[144.058231,36.819222],[146.065622,36.129395],[146.599115,35.9028]]]},"properties":{}}},
    {"code":1123005,"id":"3d3c97","name":"末続","original_name":"末続","name_kana":"すえつぎ","closed":false,"lat":37.172156,"lng":140.995565,"prefecture":7,"lines":[11230],"attr":"cool","postal_code":"979-0331","address":"いわき市久之浜町大字末続","voronoi":{"type":"Feature","geometry":{"type":"Polygon","coordinates":[[[141.175973,37.177328],[140.91204,37.198783],[140.926429,37.1569],[141.282808,37.159013],[141.175973,37.177328]]]},"properties":{}}},
    {"code":1123006,"id":"e42cc8","name":"広野(福島)","original_name":"広野","name_kana":"ひろの","closed":false,"lat":37.21157,"lng":140.998769,"prefecture":7,"lines":[11230],"attr":"cool","postal_code":"979-0403","address":"双葉郡広野町大字下浅見川","voronoi":{"type":"Feature","geometry":{"type":"Polygon","coordinates":[[[140.91204,37.198783],[141.175973,37.177328],[140.966558,37.237445],[140.903672,37.242471],[140.911718,37.199299],[140.91204,37.198783]]]},"properties":{}}},
    {"code":1123035,"id":"4ea041","name":"Jヴィレッジ","original_name":"Jヴィレッジ","name_kana":"じぇいびれっじ","closed":false,"lat":37.242294,"lng":141.007589,"prefecture":7,"lines":[11230],"attr":"cool","postal_code":"979-0513","address":"双葉郡楢葉町大字山田岡字下岩沢1番地2","open_date":"2019-04-20","voronoi":{"type":"Feature","geometry":{"type":"Polygon","coordinates":[[[141.175973,37.177328],[140.966558,37.237445],[141.063544,37.269309],[141.106173,37.274365],[143.509373,36.894757],[141.282808,37.159013],[141.175973,37.177328]]]},"properties":{}}},
    {"code":1123007,"id":"650492","name":"木戸","original_name":"木戸","name_kana":"きど","closed":false,"lat":37.257875,"lng":141.00247,"prefecture":7,"lines":[11230],"attr":"cool","postal_code":"979-0513","address":"双葉郡楢葉町大字山田岡","voronoi":{"type":"Feature","geometry":{"type":"Polygon","coordinates":[[[140.890629,37.271782],[140.903672,37.242471],[140.966558,37.237445],[141.063544,37.269309],[140.890629,37.271782]]]},"properties":{}}},
    {"code":1123008,"id":"a91215","name":"竜田","original_name":"竜田","name_kana":"たつた","closed":false,"lat":37.282485,"lng":141.002822,"prefecture":7,"lines":[11230],"attr":"cool","postal_code":"979-0603","address":"双葉郡楢葉町大字井出","voronoi":{"type":"Feature","geometry":{"type":"Polygon","coordinates":[[[140.890629,37.271782],[140.869782,37.30752],[140.978016,37.321601],[141.106173,37.274365],[141.063544,37.269309],[140.890629,37.271782]]]},"properties":{}}},
    {"code":1123009,"id":"6571d6","name":"富岡","original_name":"富岡","name_kana":"とみおか","closed":false,"lat":37.335261,"lng":141.022274,"prefecture":7,"lines":[11230],"attr":"cool","postal_code":"979-1121","address":"双葉郡富岡町大字仏浜","voronoi":{"type":"Feature","geometry":{"type":"Polygon","coordinates":[[[141.106173,37.274365],[140.978016,37.321601],[141.05688,37.399911],[141.058385,37.400685],[142.132449,37.549824],[144.058231,36.819222],[143.509373,36.894757],[141.106173,37.274365]]]},"properties":{}}},
    {"code":1123010,"id":"486ec3","name":"夜ノ森","original_name":"夜ノ森","name_kana":"よのもり","closed":false,"lat":37.365761,"lng":140.991988,"prefecture":7,"lines":[11230],"attr":"cool","postal_code":"979-1151","address":"双葉郡富岡町大字本岡","voronoi":{"type":"Feature","geometry":{"type":"Polygon","coordinates":[[[140.824092,37.358137],[140.824314,37.356355],[140.837833,37.335958],[140.869782,37.30752],[140.978016,37.321601],[141.05688,37.399911],[140.824092,37.358137]]]},"properties":{}}},
    {"code":1123011,"id":"6fba73","name":"大野","original_name":"大野","name_kana":"おおの","closed":false,"lat":37.409367,"lng":140.984163,"prefecture":7,"lines":[11230],"attr":"cool","postal_code":"979-1308","address":"双葉郡大熊町大字下野上","voronoi":{"type":"Feature","geometry":{"type":"Polygon","coordinates":[[[141.05688,37.399911],[141.058385,37.400685],[140.950702,37.453164],[140.803292,37.462689],[140.805239,37.432262],[140.806363,37.425711],[140.824092,37.358137],[141.05688,37.399911]]]},"properties":{}}},
    {"code":1123012,"id":"443c6f","name":"双葉","original_name":"双葉","name_kana":"ふたば","closed":false,"lat":37.453795,"lng":141.005815,"prefecture":7,"lines":[11230],"attr":"eco","postal_code":"979-1471","address":"双葉郡双葉町大字長塚","voronoi":{"type":"Feature","geometry":{"type":"Polygon","coordinates":[[[141.101729,37.517088],[140.950702,37.453164],[141.058385,37.400685],[142.132449,37.549824],[142.02561,37.596966],[141.101729,37.517088]]]},"properties":{}}},
    {"code":1123013,"id":"ce455e","name":"浪江","original_name":"浪江","name_kana":"なみえ","closed":false,"lat":37.492291,"lng":140.989521,"prefecture":7,"lines":[11230],"attr":"eco","postal_code":"979-1521","address":"双葉郡浪江町大字権現堂","voronoi":{"type":"Feature","geometry":{"type":"Polygon","coordinates":[[[140.797169,37.483505],[140.803292,37.462689],[140.950702,37.453164],[141.101729,37.517088],[141.061148,37.521023],[140.797169,37.483505]]]},"properties":{}}},
    {"code":1123014,"id":"0f5f1a","name":"桃内","original_name":"桃内","name_kana":"ももうち","closed":false,"lat":37.52866,"lng":140.984352,"prefecture":7,"lines":[11230],"attr":"eco","postal_code":"979-2151","address":"南相馬市小高区耳谷","voronoi":{"type":"Feature","geometry":{"type":"Polygon","coordinates":[[[140.90961,37.57411],[140.90519,37.574517],[140.771092,37.558325],[140.780796,37.524306],[140.797169,37.483505],[141.061148,37.521023],[140.90961,37.57411]]]},"properties":{}}},
    {"code":1123015,"id":"241bb5","name":"小高","original_name":"小高","name_kana":"おだか","closed":false,"lat":37.56298,"lng":140.996375,"prefecture":7,"lines":[11230],"attr":"eco","postal_code":"979-2121","address":"南相馬市小高区東町１","voronoi":{"type":"Feature","geometry":{"type":"Polygon","coordinates":[[[140.90961,37.57411],[141.851458,37.685162],[142.02561,37.596966],[141.101729,37.517088],[141.061148,37.521023],[140.90961,37.57411]]]},"properties":{}}},
    {"code":1123016,"id":"e99ecd","name":"磐城太田","original_name":"磐城太田","name_kana":"いわきおおた","closed":false,"lat":37.605114,"lng":140.991407,"prefecture":7,"lines":[11230],"attr":"heat","postal_code":"975-0054","address":"南相馬市原町区高字金井神","voronoi":{"type":"Feature","geometry":{"type":"Polygon","coordinates":[[[141.750187,37.739615],[141.851458,37.685162],[140.90961,37.57411],[140.90519,37.574517],[141.062932,37.671926],[141.638111,37.797572],[141.750187,37.739615]]]},"properties":{}}},
    {"code":1123017,"id":"8c2579","name":"原ノ町","original_name":"原ノ町","name_kana":"はらのまち","closed":false,"lat":37.6379,"lng":140.971161,"prefecture":7,"lines":[11230],"attr":"heat","postal_code":"975-0004","address":"南相馬市原町区旭町２","voronoi":{"type":"Feature","geometry":{"type":"Polygon","coordinates":[[[140.771092,37.558325],[140.730337,37.626894],[140.729773,37.628042],[140.860713,37.668503],[141.062932,37.671926],[140.90519,37.574517],[140.771092,37.558325]]]},"properties":{}}},
    {"code":1123018,"id":"dd7175","name":"鹿島","original_name":"鹿島","name_kana":"かしま","closed":false,"lat":37.702827,"lng":140.970062,"prefecture":7,"lines":[11230],"attr":"heat","postal_code":"979-2335","address":"南相馬市鹿島区鹿島","voronoi":{"type":"Feature","geometry":{"type":"Polygon","coordinates":[[[141.062932,37.671926],[140.860713,37.668503],[141.066797,37.805573],[141.111285,37.825377],[141.207539,37.856412],[141.435589,37.913821],[141.565027,37.842524],[141.638111,37.797572],[141.062932,37.671926]]]},"properties":{}}},
    {"code":1123019,"id":"09985e","name":"日立木","original_name":"日立木","name_kana":"にったき","closed":false,"lat":37.756081,"lng":140.934642,"prefecture":7,"lines":[11230],"attr":"heat","postal_code":"979-2521","address":"相馬市赤木字上原田","voronoi":{"type":"Feature","geometry":{"type":"Polygon","coordinates":[[[140.729344,37.652734],[140.725574,37.634316],[140.726019,37.632358],[140.729773,37.628042],[140.860713,37.668503],[141.066797,37.805573],[140.755533,37.745641],[140.745276,37.713489],[140.73326,37.669116],[140.729344,37.652734]]]},"properties":{}}},
    {"code":1123020,"id":"9d2470","name":"相馬","original_name":"相馬","name_kana":"そうま","closed":false,"lat":37.802455,"lng":140.925713,"prefecture":7,"lines":[11230],"attr":"heat","postal_code":"976-0042","address":"相馬市中村字曲田","voronoi":{"type":"Feature","geometry":{"type":"Polygon","coordinates":[[[140.807708,37.820522],[141.111285,37.825377],[141.066797,37.805573],[140.755533,37.745641],[140.756629,37.751781],[140.760428,37.759992],[140.807708,37.820522]]]},"properties":{}}},
    {"code":1123021,"id":"7d1a09","name":"駒ヶ嶺","original_name":"駒ヶ嶺","name_kana":"こまがみね","closed":false,"lat":37.842353,"lng":140.925075,"prefecture":7,"lines":[11230],"attr":"heat","postal_code":"979-2611","address":"福島県相馬郡新地町駒ケ嶺字深町21","voronoi":{"type":"Feature","geometry":{"type":"Polygon","coordinates":[[[141.111285,37.825377],[140.807708,37.820522],[140.828139,37.85835],[140.840925,37.862115],[141.207539,37.856412],[141.111285,37.825377]]]},"properties":{}}},
    {"code":1123022,"id":"c06685","name":"新地","original_name":"新地","name_kana":"しんち","closed":false,"lat":37.87925,"lng":140.925649,"prefecture":7,"lines":[11230],"attr":"heat","postal_code":"979-2702","address":"相馬郡新地町大字谷地小屋","voronoi":{"type":"Feature","geometry":{"type":"Polygon","coordinates":[[[141.341478,37.990299],[141.312704,38.003607],[141.132751,38.005778],[141.069728,37.987547],[140.840925,37.862115],[141.207539,37.856412],[141.435589,37.913821],[141.341478,37.990299]]]},"properties":{}}},
    {"code":1123023,"id":"1832ec","name":"坂元","original_name":"坂元","name_kana":"さかもと","closed":false,"lat":37.924326,"lng":140.900938,"prefecture":4,"lines":[11230],"attr":"cool","postal_code":"989-2111","address":"亘理郡山元町坂元字二又","voronoi":{"type":"Feature","geometry":{"type":"Polygon","coordinates":[[[141.069728,37.987547],[140.840925,37.862115],[140.828139,37.85835],[140.829368,37.885464],[140.835639,37.928585],[141.01846,37.9804],[141.069728,37.987547]]]},"properties":{}}},
    {"code":1123024,"id":"00c7c3","name":"山下(宮城)","original_name":"山下","name_kana":"やました","closed":false,"lat":37.966472,"lng":140.888993,"prefecture":4,"lines":[11230],"attr":"cool","postal_code":"989-2200","address":"亘理郡山元町寺字頭無","voronoi":{"type":"Feature","geometry":{"type":"Polygon","coordinates":[[[140.835639,37.928585],[141.01846,37.9804],[140.833682,37.986038],[140.831078,37.976404],[140.829351,37.960688],[140.82936,37.960066],[140.835639,37.928585]]]},"properties":{}}},
    {"code":1123025,"id":"699d32","name":"浜吉田","original_name":"浜吉田","name_kana":"はまよしだ","closed":false,"lat":38.002195,"lng":140.890083,"prefecture":4,"lines":[11230],"attr":"cool","postal_code":"989-2331","address":"亘理郡亘理町吉田字流","voronoi":{"type":"Feature","geometry":{"type":"Polygon","coordinates":[[[140.833559,37.988729],[140.833682,37.986038],[141.01846,37.9804],[141.069728,37.987547],[141.132751,38.005778],[140.931226,38.063487],[140.833559,37.988729]]]},"properties":{}}},
    {"code":1123026,"id":"1da9d5","name":"亘理","original_name":"亘理","name_kana":"わたり","closed":false,"lat":38.039776,"lng":140.861317,"prefecture":4,"lines":[11230],"attr":"cool","postal_code":"989-2351","address":"亘理郡亘理町道田西","voronoi":{"type":"Feature","geometry":{"type":"Polygon","coordinates":[[[140.825719,38.045964],[140.822879,38.026286],[140.831752,37.992333],[140.833559,37.988729],[140.931226,38.063487],[140.922953,38.06921],[140.825719,38.045964]]]},"properties":{}}},
    {"code":1123027,"id":"99e2f9","name":"逢隈","original_name":"逢隈","name_kana":"おおくま","closed":false,"lat":38.067584,"lng":140.854669,"prefecture":4,"lines":[11230],"attr":"cool","postal_code":"989-2382","address":"亘理郡亘理町逢隈下郡字椿山","voronoi":{"type":"Feature","geometry":{"type":"Polygon","coordinates":[[[140.825719,38.045964],[140.825663,38.04617],[140.837563,38.094257],[140.914163,38.078557],[140.922953,38.06921],[140.825719,38.045964]]]},"properties":{}}},
    {"code":1123137,"id":"688b2f","name":"岩沼","original_name":"岩沼","name_kana":"いわぬま","closed":false,"lat":38.11205,"lng":140.863783,"prefecture":4,"lines":[11231,11230],"attr":"cool","postal_code":"989-2441","address":"岩沼市館下１丁目","voronoi":{"type":"Feature","geometry":{"type":"Polygon","coordinates":[[[140.914163,38.078557],[140.837563,38.094257],[140.791873,38.167819],[140.79196,38.167833],[140.801871,38.164749],[140.901174,38.112027],[140.914163,38.078557]]]},"properties":{}}},
    {"code":1123138,"id":"9cf8ce","name":"館腰","original_name":"館腰","name_kana":"たてこし","closed":false,"lat":38.142987,"lng":140.880208,"prefecture":4,"lines":[11231,11230],"attr":"heat","postal_code":"981-1226","address":"名取市植松４丁目","voronoi":{"type":"Feature","geometry":{"type":"Polygon","coordinates":[[[140.901174,38.112027],[140.801871,38.164749],[140.882661,38.157902],[140.901765,38.144713],[140.904346,38.138951],[140.901174,38.112027]]]},"properties":{}}},
    {"code":1123139,"id":"66f4e8","name":"名取","original_name":"名取","name_kana":"なとり","closed":false,"lat":38.173017,"lng":140.882753,"prefecture":4,"lines":[11231,11230,99217],"attr":"cool","postal_code":"981-1224","address":"名取市増田２丁目５番地１","voronoi":{"type":"Feature","geometry":{"type":"Polygon","coordinates":[[[140.793411,38.16865],[140.79196,38.167833],[140.801871,38.164749],[140.882661,38.157902],[140.898304,38.18486],[140.851083,38.185912],[140.793411,38.16865]]]},"properties":{}}},
    {"code":1123140,"id":"db00b6","name":"南仙台","original_name":"南仙台","name_kana":"みなみせんだい","closed":false,"lat":38.197384,"lng":140.883296,"prefecture":4,"lines":[11231,11230],"attr":"cool","postal_code":"981-1103","address":"仙台市太白区中田町５丁目","voronoi":{"type":"Feature","geometry":{"type":"Polygon","coordinates":[[[140.851083,38.185912],[140.878886,38.207279],[140.926261,38.206943],[140.928456,38.203922],[140.914246,38.191077],[140.898304,38.18486],[140.851083,38.185912]]]},"properties":{}}},
    {"code":1123141,"id":"562738","name":"太子堂","original_name":"太子堂","name_kana":"たいしどう","closed":false,"lat":38.21711,"lng":140.883436,"prefecture":4,"lines":[11231,11230],"attr":"eco","postal_code":"982-0013","address":"仙台市太白区太子堂１丁目２０番地","voronoi":{"type":"Feature","geometry":{"type":"Polygon","coordinates":[[[140.881975,38.222674],[140.876469,38.217655],[140.878886,38.207279],[140.926261,38.206943],[140.925356,38.209068],[140.922693,38.211955],[140.881975,38.222674]]]},"properties":{}}},
    {"code":1123142,"id":"b4f86b","name":"長町","original_name":"長町","name_kana":"ながまち","closed":false,"lat":38.226797,"lng":140.885986,"prefecture":4,"lines":[11231,11230,99214],"attr":"eco","postal_code":"982-0011","address":"仙台市太白区長町５丁目","voronoi":{"type":"Feature","geometry":{"type":"Polygon","coordinates":[[[140.91735,38.219468],[140.910005,38.225912],[140.879895,38.231762],[140.881975,38.222674],[140.922693,38.211955],[140.91735,38.219468]]]},"properties":{}}},
    {"code":100411,"id":"2c0bce","name":"仙台(JR)","original_name":"仙台","name_kana":"せんだい","closed":false,"lat":38.260027,"lng":140.882158,"prefecture":4,"lines":[1004,11231,11217,11222,11230,11232],"attr":"eco","postal_code":"980-0021","address":"仙台市青葉区中央一丁目1-1","voronoi":{"type":"Feature","geometry":{"type":"Polygon","coordinates":[[[140.880867,38.26307],[140.881781,38.267681],[140.882473,38.26919],[140.888827,38.267471],[140.888821,38.267419],[140.882171,38.255862],[140.881268,38.255989],[140.880867,38.26307]]]},"properties":{}}}
  ]
}