{
  "code":11307,
  "id":"376e23",
  "name":"JR根岸線",
  "name_kana":"じぇいあーるねぎしせん",
  "station_size":12,
  "company_code":2,
  "closed":false,
  "color":"#00B2E5",
  "symbol":"JK",
  "station_list":[
    {"code":1130105,"id":"b0c711","name":"横浜","original_name":"横浜","name_kana":"よこはま","closed":false,"lat":35.466195,"lng":139.622704,"prefecture":14,"numbering":["JK12"],"lines":[11301,11307,11308,11328,11332,11333,26001,27001,29001,99310,99316],"attr":"cool","postal_code":"220-0011","address":"横浜市西区高島２丁目","voronoi":{"type":"Feature","geometry":{"type":"Polygon","coordinates":[[[139.614755,35.468292],[139.621,35.462082],[139.622626,35.462303],[139.627428,35.466566],[139.622707,35.470872],[139.619443,35.471878],[139.614755,35.468292]]]},"properties":{}}},
    {"code":1130702,"id":"0f9020","name":"桜木町","original_name":"桜木町","name_kana":"さくらぎちょう","closed":false,"lat":35.451112,"lng":139.630881,"prefecture":14,"numbering":["JK11"],"lines":[11307,99316],"attr":"cool","postal_code":"231-0062","address":"横浜市中区桜木町１丁目","voronoi":{"type":"Feature","geometry":{"type":"Polygon","coordinates":[[[139.634155,35.454021],[139.62788,35.455387],[139.624281,35.451945],[139.624192,35.451761],[139.631838,35.446034],[139.632654,35.446221],[139.632726,35.446277],[139.634155,35.454021]]]},"properties":{}}},
    {"code":1130703,"id":"136de6","name":"関内","original_name":"関内","name_kana":"かんない","closed":false,"lat":35.443336,"lng":139.636984,"prefecture":14,"numbering":["JK10"],"lines":[11307,99316],"attr":"cool","postal_code":"231-0017","address":"横浜市中区港町１丁目","voronoi":{"type":"Feature","geometry":{"type":"Polygon","coordinates":[[[139.63761,35.437986],[139.632654,35.446221],[139.632726,35.446277],[139.638619,35.446978],[139.641238,35.442752],[139.63761,35.437986]]]},"properties":{}}},
    {"code":1130704,"id":"80ef40","name":"石川町","original_name":"石川町","name_kana":"いしかわちょう","closed":false,"lat":35.438808,"lng":139.642934,"prefecture":14,"numbering":["JK09"],"lines":[11307],"attr":"cool","postal_code":"231-0868","address":"横浜市中区石川町２丁目","voronoi":{"type":"Feature","geometry":{"type":"Polygon","coordinates":[[[139.63584,35.43026],[139.63761,35.437986],[139.641238,35.442752],[139.645576,35.442929],[139.649724,35.434327],[139.63584,35.43026]]]},"properties":{}}},
    {"code":1130705,"id":"384e87","name":"山手","original_name":"山手","name_kana":"やまて","closed":false,"lat":35.426891,"lng":139.646425,"prefecture":14,"numbering":["JK08"],"lines":[11307],"attr":"cool","postal_code":"231-0846","address":"横浜市中区大和町２丁目","voronoi":{"type":"Feature","geometry":{"type":"Polygon","coordinates":[[[139.63584,35.43026],[139.633829,35.428377],[139.663696,35.400174],[139.735551,35.393349],[139.743025,35.392848],[139.716626,35.417015],[139.649724,35.434327],[139.63584,35.43026]]]},"properties":{}}},
    {"code":1130706,"id":"249978","name":"根岸(神奈川)","original_name":"根岸","name_kana":"ねぎし","closed":false,"lat":35.415887,"lng":139.636034,"prefecture":14,"numbering":["JK07"],"lines":[11307],"attr":"cool","postal_code":"235-0005","address":"横浜市磯子区東町","voronoi":{"type":"Feature","geometry":{"type":"Polygon","coordinates":[[[139.643976,35.397285],[139.635754,35.397947],[139.619512,35.416332],[139.622066,35.421044],[139.625426,35.424057],[139.63372,35.428365],[139.633829,35.428377],[139.663696,35.400174],[139.643976,35.397285]]]},"properties":{}}},
    {"code":1130707,"id":"3facbf","name":"磯子","original_name":"磯子","name_kana":"いそご","closed":false,"lat":35.399881,"lng":139.617916,"prefecture":14,"numbering":["JK06"],"lines":[11307],"attr":"eco","postal_code":"235-0023","address":"横浜市磯子区森１丁目","voronoi":{"type":"Feature","geometry":{"type":"Polygon","coordinates":[[[139.615461,35.415282],[139.619512,35.416332],[139.635754,35.397947],[139.631898,35.394961],[139.617071,35.393176],[139.607658,35.405599],[139.610475,35.41191],[139.615461,35.415282]]]},"properties":{}}},
    {"code":1130708,"id":"4dc06c","name":"新杉田","original_name":"新杉田","name_kana":"しんすぎた","closed":false,"lat":35.386863,"lng":139.619483,"prefecture":14,"numbering":["JK05"],"lines":[11307,99317],"attr":"eco","postal_code":"235-0032","address":"横浜市磯子区新杉田町","voronoi":{"type":"Feature","geometry":{"type":"Polygon","coordinates":[[[139.614156,35.38955],[139.617071,35.393176],[139.631898,35.394961],[139.623619,35.377982],[139.614156,35.38955]]]},"properties":{}}},
    {"code":1130709,"id":"f2be39","name":"洋光台","original_name":"洋光台","name_kana":"ようこうだい","closed":false,"lat":35.378785,"lng":139.596852,"prefecture":14,"numbering":["JK04"],"lines":[11307],"attr":"eco","postal_code":"235-0045","address":"横浜市磯子区洋光台３丁目","voronoi":{"type":"Feature","geometry":{"type":"Polygon","coordinates":[[[139.607366,35.359588],[139.610553,35.36524],[139.60531,35.384994],[139.598368,35.391099],[139.584712,35.387483],[139.591504,35.348626],[139.607366,35.359588]]]},"properties":{}}},
    {"code":1130710,"id":"8fc644","name":"港南台","original_name":"港南台","name_kana":"こうなんだい","closed":false,"lat":35.375183,"lng":139.576243,"prefecture":14,"numbering":["JK03"],"lines":[11307],"attr":"eco","postal_code":"234-0054","address":"横浜市港南区港南台３丁目","voronoi":{"type":"Feature","geometry":{"type":"Polygon","coordinates":[[[139.580519,35.33995],[139.569531,35.348949],[139.559714,35.383963],[139.564596,35.386956],[139.581611,35.389248],[139.584712,35.387483],[139.591504,35.348626],[139.589748,35.346154],[139.580519,35.33995]]]},"properties":{}}},
    {"code":1130711,"id":"006de6","name":"本郷台","original_name":"本郷台","name_kana":"ほんごうだい","closed":false,"lat":35.36787,"lng":139.550159,"prefecture":14,"numbering":["JK02"],"lines":[11307],"attr":"heat","postal_code":"247-0001","address":"横浜市栄区小菅ケ谷町","voronoi":{"type":"Feature","geometry":{"type":"Polygon","coordinates":[[[139.544995,35.385504],[139.528086,35.377259],[139.546679,35.352692],[139.569531,35.348949],[139.559714,35.383963],[139.555431,35.385099],[139.544995,35.385504]]]},"properties":{}}},
    {"code":1130107,"id":"92c81d","name":"大船","original_name":"大船","name_kana":"おおふな","closed":false,"lat":35.353466,"lng":139.531127,"prefecture":14,"numbering":["JK01"],"lines":[11301,11307,11308,11328,11333,99326],"attr":"cool","postal_code":"247-0056","address":"鎌倉市大船１丁目","voronoi":{"type":"Feature","geometry":{"type":"Polygon","coordinates":[[[139.517637,35.377961],[139.528086,35.377259],[139.546679,35.352692],[139.540222,35.347133],[139.512366,35.353513],[139.505539,35.357207],[139.503165,35.364343],[139.504855,35.374777],[139.517637,35.377961]]]},"properties":{}}}
  ]
}