{
  "code":11303,
  "id":"91c205",
  "name":"JR南武線",
  "name_kana":"じぇいあーるなんぶせん",
  "station_size":30,
  "company_code":2,
  "closed":false,
  "color":"#FFD400",
  "symbol":"JN",
  "station_list":[
    {"code":1130104,"id":"c7e5b9","name":"川崎","original_name":"川崎","name_kana":"かわさき","closed":false,"lat":35.531311,"lng":139.697485,"prefecture":14,"numbering":["JN01"],"lines":[11301,11303,11332],"attr":"cool","postal_code":"210-0007","address":"川崎市川崎区駅前本町","voronoi":{"type":"Feature","geometry":{"type":"Polygon","coordinates":[[[139.697871,35.524695],[139.690896,35.529807],[139.690645,35.538763],[139.693487,35.544707],[139.702243,35.525318],[139.697871,35.524695]]]},"properties":{}}},
    {"code":1130302,"id":"243d86","name":"尻手","original_name":"尻手","name_kana":"しって","closed":false,"lat":35.530939,"lng":139.684233,"prefecture":14,"numbering":["JN02"],"lines":[11303],"attr":"cool","postal_code":"212-0016","address":"川崎市幸区南幸町３丁目","voronoi":{"type":"Feature","geometry":{"type":"Polygon","coordinates":[[[139.684749,35.524172],[139.672991,35.522245],[139.661854,35.526242],[139.690645,35.538763],[139.690896,35.529807],[139.684749,35.524172]]]},"properties":{}}},
    {"code":1130303,"id":"18f4b1","name":"矢向","original_name":"矢向","name_kana":"やこう","closed":false,"lat":35.539408,"lng":139.68055,"prefecture":14,"numbering":["JN03"],"lines":[11303],"attr":"cool","postal_code":"230-0001","address":"横浜市鶴見区矢向６丁目","voronoi":{"type":"Feature","geometry":{"type":"Polygon","coordinates":[[[139.672414,35.542957],[139.658621,35.53285],[139.658986,35.52665],[139.661854,35.526242],[139.690645,35.538763],[139.693487,35.544707],[139.693826,35.545759],[139.693723,35.548135],[139.690174,35.551189],[139.672414,35.542957]]]},"properties":{}}},
    {"code":1130304,"id":"2cf3d6","name":"鹿島田","original_name":"鹿島田","name_kana":"かしまだ","closed":false,"lat":35.551459,"lng":139.674964,"prefecture":14,"numbering":["JN04"],"lines":[11303],"attr":"cool","postal_code":"212-0058","address":"川崎市幸区鹿島田","voronoi":{"type":"Feature","geometry":{"type":"Polygon","coordinates":[[[139.672414,35.542957],[139.673659,35.556295],[139.68264,35.560167],[139.683825,35.559536],[139.688935,35.554052],[139.690174,35.551189],[139.672414,35.542957]]]},"properties":{}}},
    {"code":1130305,"id":"e76796","name":"平間","original_name":"平間","name_kana":"ひらま","closed":false,"lat":35.560565,"lng":139.671039,"prefecture":14,"numbering":["JN05"],"lines":[11303],"attr":"cool","postal_code":"211-0014","address":"川崎市中原区田尻町","voronoi":{"type":"Feature","geometry":{"type":"Polygon","coordinates":[[[139.677706,35.566788],[139.68264,35.560167],[139.673659,35.556295],[139.660502,35.555633],[139.66343,35.564971],[139.674989,35.568525],[139.677706,35.566788]]]},"properties":{}}},
    {"code":1130306,"id":"970f78","name":"向河原","original_name":"向河原","name_kana":"むかいがわら","closed":false,"lat":35.572891,"lng":139.66725,"prefecture":14,"numbering":["JN06"],"lines":[11303],"attr":"cool","postal_code":"211-0011","address":"川崎市中原区下沼部","voronoi":{"type":"Feature","geometry":{"type":"Polygon","coordinates":[[[139.66343,35.564971],[139.66082,35.569538],[139.664274,35.576459],[139.668049,35.579085],[139.673626,35.575606],[139.674989,35.568525],[139.66343,35.564971]]]},"properties":{}}},
    {"code":1130307,"id":"7b401a","name":"武蔵小杉","original_name":"武蔵小杉","name_kana":"むさしこすぎ","closed":false,"lat":35.576692,"lng":139.659634,"prefecture":14,"numbering":["JN07"],"lines":[11303,11308,11328,11333,26001,26002],"attr":"cool","postal_code":"211-0063","address":"川崎市中原区小杉町三丁目492","open_date":"1944-04-01","voronoi":{"type":"Feature","geometry":{"type":"Polygon","coordinates":[[[139.66082,35.569538],[139.649052,35.574853],[139.651446,35.584329],[139.664274,35.576459],[139.66082,35.569538]]]},"properties":{}}},
    {"code":1130308,"id":"170d57","name":"武蔵中原","original_name":"武蔵中原","name_kana":"むさしなかはら","closed":false,"lat":35.581498,"lng":139.640613,"prefecture":14,"numbering":["JN08"],"lines":[11303],"attr":"cool","postal_code":"211-0053","address":"川崎市中原区上小田中","voronoi":{"type":"Feature","geometry":{"type":"Polygon","coordinates":[[[139.647676,35.594007],[139.640992,35.595828],[139.626448,35.568097],[139.626521,35.568049],[139.636039,35.565924],[139.640047,35.566843],[139.649052,35.574853],[139.651446,35.584329],[139.651802,35.591861],[139.647676,35.594007]]]},"properties":{}}},
    {"code":1130309,"id":"56b185","name":"武蔵新城","original_name":"武蔵新城","name_kana":"むさししんじょう","closed":false,"lat":35.587369,"lng":139.629419,"prefecture":14,"numbering":["JN09"],"lines":[11303],"attr":"cool","postal_code":"211-0045","address":"川崎市中原区上新城２丁目","voronoi":{"type":"Feature","geometry":{"type":"Polygon","coordinates":[[[139.617556,35.570334],[139.612936,35.573834],[139.616748,35.587441],[139.620383,35.593112],[139.625287,35.596968],[139.633486,35.599926],[139.638574,35.597961],[139.640992,35.595828],[139.626448,35.568097],[139.617556,35.570334]]]},"properties":{}}},
    {"code":1130310,"id":"8c0c30","name":"武蔵溝ノ口","original_name":"武蔵溝ノ口","name_kana":"むさしみぞのくち","closed":false,"lat":35.598923,"lng":139.61139,"prefecture":14,"numbering":["JN10"],"lines":[11303],"attr":"cool","postal_code":"213-0001","address":"川崎市高津区溝口","voronoi":{"type":"Feature","geometry":{"type":"Polygon","coordinates":[[[139.616748,35.587441],[139.608316,35.596799],[139.613513,35.601917],[139.620383,35.593112],[139.616748,35.587441]]]},"properties":{}}},
    {"code":1130311,"id":"4aeae3","name":"津田山","original_name":"津田山","name_kana":"つだやま","closed":false,"lat":35.604259,"lng":139.600002,"prefecture":14,"numbering":["JN11"],"lines":[11303],"attr":"heat","postal_code":"213-0033","address":"川崎市高津区下作延","voronoi":{"type":"Feature","geometry":{"type":"Polygon","coordinates":[[[139.609108,35.622467],[139.60905,35.622465],[139.58936,35.598956],[139.596393,35.595368],[139.604343,35.599911],[139.608882,35.610679],[139.609429,35.619846],[139.609108,35.622467]]]},"properties":{}}},
    {"code":1130312,"id":"58e5c8","name":"久地","original_name":"久地","name_kana":"くじ","closed":false,"lat":35.610363,"lng":139.592714,"prefecture":14,"numbering":["JN12"],"lines":[11303],"attr":"heat","postal_code":"213-0032","address":"川崎市高津区久地","voronoi":{"type":"Feature","geometry":{"type":"Polygon","coordinates":[[[139.60905,35.622465],[139.597194,35.624953],[139.59025,35.623564],[139.581259,35.600228],[139.58342,35.599316],[139.58936,35.598956],[139.60905,35.622465]]]},"properties":{}}},
    {"code":1130313,"id":"53a6a5","name":"宿河原","original_name":"宿河原","name_kana":"しゅくがわら","closed":false,"lat":35.615429,"lng":139.579565,"prefecture":14,"numbering":["JN13"],"lines":[11303],"attr":"heat","postal_code":"214-0021","address":"川崎市多摩区宿河原","voronoi":{"type":"Feature","geometry":{"type":"Polygon","coordinates":[[[139.581259,35.600228],[139.570029,35.599338],[139.571693,35.612739],[139.576652,35.6214],[139.582634,35.624346],[139.586575,35.624926],[139.59025,35.623564],[139.581259,35.600228]]]},"properties":{}}},
    {"code":1130314,"id":"f1bdd7","name":"登戸","original_name":"登戸","name_kana":"のぼりと","closed":false,"lat":35.620889,"lng":139.570028,"prefecture":14,"numbering":["JN14"],"lines":[11303,25001],"attr":"heat","postal_code":"214-0014","address":"川崎市多摩区登戸","voronoi":{"type":"Feature","geometry":{"type":"Polygon","coordinates":[[[139.561251,35.62807],[139.562012,35.62971],[139.576652,35.6214],[139.571693,35.612739],[139.561251,35.62807]]]},"properties":{}}},
    {"code":1130315,"id":"79077e","name":"中野島","original_name":"中野島","name_kana":"なかのしま","closed":false,"lat":35.630135,"lng":139.5501,"prefecture":14,"numbering":["JN15"],"lines":[11303],"attr":"eco","postal_code":"214-0012","address":"川崎市多摩区中野島","voronoi":{"type":"Feature","geometry":{"type":"Polygon","coordinates":[[[139.555087,35.639706],[139.546564,35.640334],[139.544092,35.638011],[139.541036,35.625218],[139.553097,35.618802],[139.561251,35.62807],[139.562012,35.62971],[139.562828,35.636626],[139.555087,35.639706]]]},"properties":{}}},
    {"code":1130316,"id":"75712c","name":"稲田堤","original_name":"稲田堤","name_kana":"いなだづつみ","closed":false,"lat":35.633701,"lng":139.535173,"prefecture":14,"numbering":["JN16"],"lines":[11303],"attr":"eco","postal_code":"214-0003","address":"川崎市多摩区菅稲田堤１丁目","voronoi":{"type":"Feature","geometry":{"type":"Polygon","coordinates":[[[139.544092,35.638011],[139.541036,35.625218],[139.534831,35.622951],[139.532659,35.623783],[139.533404,35.63943],[139.544092,35.638011]]]},"properties":{}}},
    {"code":1130317,"id":"e40217","name":"矢野口","original_name":"矢野口","name_kana":"やのくち","closed":false,"lat":35.641305,"lng":139.520849,"prefecture":13,"numbering":["JN17"],"lines":[11303],"attr":"heat","postal_code":"206-0812","address":"稲城市矢野口","voronoi":{"type":"Feature","geometry":{"type":"Polygon","coordinates":[[[139.528964,35.641736],[139.524223,35.635177],[139.511416,35.640152],[139.513235,35.651546],[139.514146,35.651927],[139.522895,35.650618],[139.527716,35.64789],[139.528964,35.641736]]]},"properties":{}}},
    {"code":1130318,"id":"83312c","name":"稲城長沼","original_name":"稲城長沼","name_kana":"いなぎながぬま","closed":false,"lat":35.644184,"lng":139.502811,"prefecture":13,"numbering":["JN18"],"lines":[11303],"attr":"heat","postal_code":"206-0802","address":"稲城市東長沼","voronoi":{"type":"Feature","geometry":{"type":"Polygon","coordinates":[[[139.511416,35.640152],[139.513235,35.651546],[139.510692,35.652626],[139.497253,35.649179],[139.494575,35.64229],[139.509602,35.637768],[139.511416,35.640152]]]},"properties":{}}},
    {"code":1130319,"id":"382e37","name":"南多摩","original_name":"南多摩","name_kana":"みなみたま","closed":false,"lat":35.649249,"lng":139.489781,"prefecture":13,"numbering":["JN19"],"lines":[11303],"attr":"heat","postal_code":"206-0801","address":"稲城市大丸","voronoi":{"type":"Feature","geometry":{"type":"Polygon","coordinates":[[[139.473825,35.650134],[139.494154,35.65359],[139.497253,35.649179],[139.494575,35.64229],[139.483147,35.633016],[139.469429,35.641081],[139.47184,35.648615],[139.473825,35.650134]]]},"properties":{}}},
    {"code":1130320,"id":"6f9765","name":"府中本町","original_name":"府中本町","name_kana":"ふちゅうほんまち","closed":false,"lat":35.665766,"lng":139.477142,"prefecture":13,"numbering":["JN20"],"lines":[11303,11305],"attr":"heat","postal_code":"183-0027","address":"府中市本町１丁目","voronoi":{"type":"Feature","geometry":{"type":"Polygon","coordinates":[[[139.469412,35.656244],[139.474186,35.670851],[139.480751,35.668056],[139.482969,35.661127],[139.473825,35.650134],[139.47184,35.648615],[139.469412,35.656244]]]},"properties":{}}},
    {"code":1130321,"id":"6522f1","name":"分倍河原","original_name":"分倍河原","name_kana":"ぶばいがわら","closed":false,"lat":35.668493,"lng":139.468798,"prefecture":13,"numbering":["JN21"],"lines":[11303,24001],"attr":"eco","postal_code":"183-0021","address":"府中市片町２丁目","voronoi":{"type":"Feature","geometry":{"type":"Polygon","coordinates":[[[139.473121,35.674004],[139.474186,35.670851],[139.469412,35.656244],[139.462193,35.665282],[139.464502,35.676087],[139.473121,35.674004]]]},"properties":{}}},
    {"code":1130329,"id":"1cdb04","name":"西府","original_name":"西府","name_kana":"にしふ","closed":false,"lat":35.670912,"lng":139.457477,"prefecture":13,"numbering":["JN22"],"lines":[11303],"attr":"heat","postal_code":"183-0032","address":"東京都府中市本宿町一丁目40-6","voronoi":{"type":"Feature","geometry":{"type":"Polygon","coordinates":[[[139.443004,35.666798],[139.459306,35.683548],[139.464502,35.676087],[139.462193,35.665282],[139.444149,35.665083],[139.443796,35.665267],[139.443004,35.666798]]]},"properties":{}}},
    {"code":1130322,"id":"58f039","name":"谷保","original_name":"谷保","name_kana":"やほ","closed":false,"lat":35.681377,"lng":139.446724,"prefecture":13,"numbering":["JN23"],"lines":[11303],"attr":"eco","postal_code":"186-0011","address":"国立市谷保町","voronoi":{"type":"Feature","geometry":{"type":"Polygon","coordinates":[[[139.459306,35.683548],[139.459382,35.687389],[139.456402,35.690516],[139.440871,35.690182],[139.436212,35.671164],[139.443004,35.666798],[139.459306,35.683548]]]},"properties":{}}},
    {"code":1130323,"id":"3c945e","name":"矢川","original_name":"矢川","name_kana":"やがわ","closed":false,"lat":35.685079,"lng":139.431611,"prefecture":13,"numbering":["JN24"],"lines":[11303],"attr":"eco","postal_code":"186-0011","address":"国立市谷保石田","voronoi":{"type":"Feature","geometry":{"type":"Polygon","coordinates":[[[139.436212,35.671164],[139.434211,35.671188],[139.420305,35.682783],[139.435217,35.696067],[139.440871,35.690182],[139.436212,35.671164]]]},"properties":{}}},
    {"code":1130324,"id":"64c8fe","name":"西国立","original_name":"西国立","name_kana":"にしくにたち","closed":false,"lat":35.69375,"lng":139.423887,"prefecture":13,"numbering":["JN25"],"lines":[11303],"attr":"cool","postal_code":"190-0021","address":"立川市羽衣町１丁目","voronoi":{"type":"Feature","geometry":{"type":"Polygon","coordinates":[[[139.418792,35.683869],[139.417125,35.689596],[139.418115,35.69442],[139.422535,35.70453],[139.423397,35.705089],[139.432338,35.707861],[139.435217,35.696067],[139.420305,35.682783],[139.419855,35.68286],[139.418792,35.683869]]]},"properties":{}}},
    {"code":1130325,"id":"5ce7d3","name":"立川","original_name":"立川","name_kana":"たちかわ","closed":false,"lat":35.698202,"lng":139.413704,"prefecture":13,"numbering":["JN26"],"lines":[11303,11311,11312,11315],"attr":"cool","postal_code":"190-0012","address":"東京都立川市曙町二丁目1-1","voronoi":{"type":"Feature","geometry":{"type":"Polygon","coordinates":[[[139.419325,35.704406],[139.411934,35.697788],[139.418115,35.69442],[139.422535,35.70453],[139.419325,35.704406]]]},"properties":{}}},
    {"code":1130326,"id":"96b035","name":"八丁畷","original_name":"八丁畷","name_kana":"はっちょうなわて","closed":false,"lat":35.523071,"lng":139.691446,"prefecture":14,"numbering":["JN51"],"lines":[11303,27001],"attr":"cool","postal_code":"210-0022","address":"川崎市川崎区池田１丁目","voronoi":{"type":"Feature","geometry":{"type":"Polygon","coordinates":[[[139.697871,35.524695],[139.692947,35.516649],[139.684749,35.524172],[139.690896,35.529807],[139.697871,35.524695]]]},"properties":{}}},
    {"code":1130327,"id":"d7cf68","name":"川崎新町","original_name":"川崎新町","name_kana":"かわさきしんまち","closed":false,"lat":35.518234,"lng":139.699348,"prefecture":14,"numbering":["JN52"],"lines":[11303],"attr":"eco","postal_code":"210-0845","address":"川崎市川崎区渡田山王町","voronoi":{"type":"Feature","geometry":{"type":"Polygon","coordinates":[[[139.702243,35.525318],[139.697871,35.524695],[139.692947,35.516649],[139.693344,35.508627],[139.693948,35.508522],[139.697058,35.508742],[139.707731,35.524737],[139.702243,35.525318]]]},"properties":{}}},
    {"code":1130330,"id":"3bd23c","name":"小田栄","original_name":"小田栄","name_kana":"おださかえ","closed":false,"lat":35.5145,"lng":139.704944,"prefecture":14,"numbering":["JN53"],"lines":[11303],"attr":"eco","postal_code":"210-0843","address":"川崎市川崎区小田栄","open_date":"2016-03-26","voronoi":{"type":"Feature","geometry":{"type":"Polygon","coordinates":[[[139.697058,35.508742],[139.707731,35.524737],[139.708411,35.524887],[139.714124,35.522761],[139.707275,35.508399],[139.700971,35.507613],[139.697058,35.508742]]]},"properties":{}}},
    {"code":1130328,"id":"68dd99","name":"浜川崎","original_name":"浜川崎","name_kana":"はまかわさき","closed":false,"lat":35.510428,"lng":139.713483,"prefecture":14,"numbering":["JN54"],"lines":[11303,11304],"attr":"eco","postal_code":"210-0855","address":"川崎市川崎区南渡田町","voronoi":{"type":"Feature","geometry":{"type":"Polygon","coordinates":[[[139.717735,35.505863],[139.723017,35.521177],[139.717129,35.522872],[139.714124,35.522761],[139.707275,35.508399],[139.714222,35.502712],[139.714435,35.502677],[139.717735,35.505863]]]},"properties":{}}}
  ]
}