{
  "code":11317,
  "id":66,
  "name":"JR八高線(八王子～高麗川)",
  "name_kana":"じぇいあーるはちこうせん",
  "station_size":9,
  "company_code":2,
  "closed":false,
  "color":"#A8A39D",
  "station_list":[
    {"code":1130620,"id":1388,"name":"八王子","original_name":"八王子","name_kana":"はちおうじ","closed":false,"lat":35.655555,"lng":139.338998,"prefecture":13,"lines":[11306,11311,11312,11317],"attr":"eco","postal_code":"192-0083","address":"東京都八王子市旭町1-1","voronoi":{"type":"Feature","geometry":{"type":"Polygon","coordinates":[[[139.325845,35.656727],[139.327165,35.689373],[139.328857,35.689258],[139.344357,35.648839],[139.329089,35.651512],[139.325845,35.656727]]]},"properties":{}}},
    {"code":1131702,"id":1565,"name":"北八王子","original_name":"北八王子","name_kana":"きたはちおうじ","closed":false,"lat":35.669232,"lng":139.363348,"prefecture":13,"lines":[11317],"attr":"heat","postal_code":"192-0032","address":"八王子市石川町","voronoi":{"type":"Feature","geometry":{"type":"Polygon","coordinates":[[[139.368119,35.656343],[139.37754,35.673914],[139.340164,35.685494],[139.357132,35.657495],[139.361974,35.655762],[139.368119,35.656343]]]},"properties":{}}},
    {"code":1131703,"id":1566,"name":"小宮","original_name":"小宮","name_kana":"こみや","closed":false,"lat":35.685799,"lng":139.368481,"prefecture":13,"lines":[11317],"attr":"heat","postal_code":"192-0031","address":"八王子市小宮町","voronoi":{"type":"Feature","geometry":{"type":"Polygon","coordinates":[[[139.37754,35.673914],[139.3792,35.674735],[139.383323,35.690741],[139.376534,35.696046],[139.365241,35.699607],[139.342168,35.693805],[139.335778,35.6893],[139.340164,35.685494],[139.37754,35.673914]]]},"properties":{}}},
    {"code":1131506,"id":1539,"name":"拝島","original_name":"拝島","name_kana":"はいじま","closed":false,"lat":35.721278,"lng":139.343468,"prefecture":13,"lines":[11315,11316,11317,22008],"attr":"heat","postal_code":"196-0003","address":"昭島市松原町４丁目","voronoi":{"type":"Feature","geometry":{"type":"Polygon","coordinates":[[[139.335778,35.6893],[139.328857,35.689258],[139.327165,35.689373],[139.322886,35.691414],[139.325515,35.709486],[139.350901,35.73698],[139.354166,35.737982],[139.356371,35.726041],[139.342168,35.693805],[139.335778,35.6893]]]},"properties":{}}},
    {"code":1131705,"id":1567,"name":"東福生","original_name":"東福生","name_kana":"ひがしふっさ","closed":false,"lat":35.745811,"lng":139.33594,"prefecture":13,"lines":[11317],"attr":"cool","postal_code":"197-0013","address":"福生市武蔵野台１丁目","voronoi":{"type":"Feature","geometry":{"type":"Polygon","coordinates":[[[139.332489,35.762292],[139.32762,35.754448],[139.333354,35.740471],[139.350726,35.736981],[139.350901,35.73698],[139.354166,35.737982],[139.361081,35.750036],[139.332489,35.762292]]]},"properties":{}}},
    {"code":1131706,"id":1568,"name":"箱根ヶ崎","original_name":"箱根ヶ崎","name_kana":"はこねがさき","closed":false,"lat":35.771158,"lng":139.346805,"prefecture":13,"lines":[11317],"attr":"eco","postal_code":"190-1221","address":"東京都西多摩郡瑞穂町大字箱根ケ崎397","voronoi":{"type":"Feature","geometry":{"type":"Polygon","coordinates":[[[139.377483,35.758544],[139.383213,35.764711],[139.383287,35.788307],[139.376887,35.799737],[139.362799,35.802556],[139.325828,35.785536],[139.32516,35.779443],[139.332489,35.762292],[139.361081,35.750036],[139.377483,35.758544]]]},"properties":{}}},
    {"code":1131707,"id":1569,"name":"金子","original_name":"金子","name_kana":"かねこ","closed":false,"lat":35.810822,"lng":139.328546,"prefecture":11,"lines":[11317],"attr":"heat","postal_code":"358-0046","address":"入間市南峯","voronoi":{"type":"Feature","geometry":{"type":"Polygon","coordinates":[[[139.291973,35.823368],[139.326371,35.831652],[139.348787,35.819019],[139.362799,35.802556],[139.325828,35.785536],[139.303608,35.80235],[139.293216,35.820079],[139.291973,35.823368]]]},"properties":{}}},
    {"code":1131708,"id":1570,"name":"東飯能","original_name":"東飯能","name_kana":"ひがしはんのう","closed":false,"lat":35.852928,"lng":139.325965,"prefecture":11,"lines":[11317,22001],"attr":"heat","postal_code":"357-0034","address":"飯能市東町１丁目","voronoi":{"type":"Feature","geometry":{"type":"Polygon","coordinates":[[[139.326821,35.876083],[139.318116,35.869626],[139.326988,35.833195],[139.350189,35.869554],[139.326821,35.876083]]]},"properties":{}}},
    {"code":1131709,"id":1571,"name":"高麗川","original_name":"高麗川","name_kana":"こまがわ","closed":false,"lat":35.896328,"lng":139.33809,"prefecture":11,"lines":[11317,11318,11322],"attr":"heat","postal_code":"350-1205","address":"日高市原宿","voronoi":{"type":"Feature","geometry":{"type":"Polygon","coordinates":[[[139.358876,35.87068],[139.350189,35.869554],[139.326821,35.876083],[139.311957,35.910973],[139.319313,35.915745],[139.331454,35.919074],[139.341235,35.91709],[139.352612,35.911226],[139.35922,35.870809],[139.358876,35.87068]]]},"properties":{}}}
  ]
}