{
  "code":11314,
  "id":"fdcd01",
  "name":"JR総武本線",
  "name_kana":"じぇいあーるそうぶほんせん",
  "station_size":31,
  "company_code":2,
  "closed":false,
  "color":"#FFC20D",
  "station_list":[
    {"code":100201,"id":"8b222f","name":"東京","original_name":"東京","name_kana":"とうきょう","closed":false,"lat":35.681391,"lng":139.766103,"prefecture":13,"numbering":["JO19"],"lines":[1002,1004,1005,11301,11302,11308,11311,11312,11314,11326,11328,11332,11343,28002],"attr":"heat","postal_code":"100-0005","address":"東京都千代田区丸の内一丁目","open_date":"1914-12-20","voronoi":{"type":"Feature","geometry":{"type":"Polygon","coordinates":[[[139.766725,35.677891],[139.769904,35.680711],[139.769608,35.683913],[139.763811,35.684021],[139.76422,35.678699],[139.766421,35.67785],[139.766725,35.677891]]]},"properties":{}}},
    {"code":1131402,"id":"68d7ac","name":"新日本橋","original_name":"新日本橋","name_kana":"しんにほんばし","closed":false,"lat":35.689016,"lng":139.774265,"prefecture":13,"numbering":["JO20"],"lines":[11314],"attr":"heat","postal_code":"103-0022","address":"中央区日本橋室町４丁目","voronoi":{"type":"Feature","geometry":{"type":"Polygon","coordinates":[[[139.771741,35.688898],[139.773919,35.692557],[139.775392,35.692195],[139.777666,35.686688],[139.771741,35.688898]]]},"properties":{}}},
    {"code":1131403,"id":"e9579b","name":"馬喰町","original_name":"馬喰町","name_kana":"ばくろちょう","closed":false,"lat":35.693365,"lng":139.78238,"prefecture":13,"numbering":["JO21"],"lines":[11314],"attr":"heat","postal_code":"103-0002","address":"中央区日本橋馬喰町１丁目","voronoi":{"type":"Feature","geometry":{"type":"Polygon","coordinates":[[[139.784625,35.694765],[139.780007,35.697106],[139.779018,35.694136],[139.780398,35.692064],[139.783792,35.693122],[139.784625,35.694765]]]},"properties":{}}},
    {"code":1131322,"id":"887b30","name":"錦糸町","original_name":"錦糸町","name_kana":"きんしちょう","closed":false,"lat":35.696802,"lng":139.814136,"prefecture":13,"numbering":["JO22"],"lines":[11313,11314,28008],"attr":"heat","postal_code":"130-0022","address":"墨田区江東橋３丁目","voronoi":{"type":"Feature","geometry":{"type":"Polygon","coordinates":[[[139.804057,35.698393],[139.809589,35.70286],[139.81166,35.70359],[139.819875,35.7043],[139.820336,35.694022],[139.810608,35.692078],[139.804057,35.698393]]]},"properties":{}}},
    {"code":1131325,"id":"00567c","name":"新小岩","original_name":"新小岩","name_kana":"しんこいわ","closed":false,"lat":35.716903,"lng":139.857777,"prefecture":13,"numbering":["JO23"],"lines":[11313,11314],"attr":"heat","postal_code":"124-0024","address":"葛飾区新小岩１丁目","voronoi":{"type":"Feature","geometry":{"type":"Polygon","coordinates":[[[139.862649,35.731681],[139.865173,35.73181],[139.880289,35.70958],[139.871482,35.702397],[139.859784,35.700107],[139.856871,35.701404],[139.843901,35.720718],[139.846549,35.724738],[139.862649,35.731681]]]},"properties":{}}},
    {"code":1131327,"id":"0d325f","name":"市川","original_name":"市川","name_kana":"いちかわ","closed":false,"lat":35.728903,"lng":139.908142,"prefecture":12,"numbering":["JO24"],"lines":[11313,11314],"attr":"cool","postal_code":"272-0034","address":"市川市市川１丁目","voronoi":{"type":"Feature","geometry":{"type":"Polygon","coordinates":[[[139.913077,35.71607],[139.893136,35.719942],[139.893376,35.721413],[139.897754,35.727328],[139.907504,35.733815],[139.913546,35.724452],[139.913077,35.71607]]]},"properties":{}}},
    {"code":1131331,"id":"d88909","name":"船橋","original_name":"船橋","name_kana":"ふなばし","closed":false,"lat":35.701865,"lng":139.984707,"prefecture":12,"numbering":["JO25"],"lines":[11313,11314,21004],"attr":"cool","postal_code":"273-0005","address":"船橋市本町７丁目","voronoi":{"type":"Feature","geometry":{"type":"Polygon","coordinates":[[[139.99479,35.705253],[139.976386,35.697218],[139.987511,35.709285],[139.994263,35.712941],[139.995625,35.713065],[139.99479,35.705253]]]},"properties":{}}},
    {"code":1131333,"id":"f55fa3","name":"津田沼","original_name":"津田沼","name_kana":"つだぬま","closed":false,"lat":35.691367,"lng":140.020179,"prefecture":12,"numbering":["JO26"],"lines":[11313,11314],"attr":"cool","postal_code":"275-0016","address":"習志野市津田沼１丁目","voronoi":{"type":"Feature","geometry":{"type":"Polygon","coordinates":[[[140.01617,35.683698],[140.011184,35.693915],[140.015654,35.702515],[140.023734,35.696117],[140.020472,35.686284],[140.01617,35.683698]]]},"properties":{}}},
    {"code":1131337,"id":"d2ca15","name":"稲毛","original_name":"稲毛","name_kana":"いなげ","closed":false,"lat":35.637264,"lng":140.09256,"prefecture":12,"numbering":["JO27"],"lines":[11313,11314],"attr":"cool","postal_code":"263-0031","address":"千葉市稲毛区稲毛東３丁目","voronoi":{"type":"Feature","geometry":{"type":"Polygon","coordinates":[[[140.102678,35.634171],[140.08837,35.628512],[140.090291,35.654631],[140.09808,35.665179],[140.099707,35.658686],[140.102717,35.634305],[140.102678,35.634171]]]},"properties":{}}},
    {"code":1131339,"id":"76a5a4","name":"千葉","original_name":"千葉","name_kana":"ちば","closed":false,"lat":35.612926,"lng":140.113478,"prefecture":12,"numbering":["JO28"],"lines":[11313,11314,11324,11325,11328,99331,99332],"attr":"cool","postal_code":"260-0031","address":"千葉市中央区新千葉１丁目","voronoi":{"type":"Feature","geometry":{"type":"Polygon","coordinates":[[[140.110371,35.619833],[140.110337,35.619797],[140.111211,35.610667],[140.116049,35.613585],[140.116101,35.616096],[140.110371,35.619833]]]},"properties":{}}},
    {"code":1131411,"id":"22a68b","name":"東千葉","original_name":"東千葉","name_kana":"ひがしちば","closed":false,"lat":35.617014,"lng":140.122261,"prefecture":12,"numbering":["JO29"],"lines":[11314],"attr":"cool","postal_code":"260-0017","address":"千葉市中央区要町１丁目","voronoi":{"type":"Feature","geometry":{"type":"Polygon","coordinates":[[[140.145321,35.610414],[140.146514,35.610859],[140.146155,35.611832],[140.139187,35.621681],[140.127634,35.6284],[140.125342,35.626589],[140.118794,35.616347],[140.123534,35.612199],[140.130477,35.61046],[140.145321,35.610414]]]},"properties":{}}},
    {"code":1131412,"id":"10343a","name":"都賀","original_name":"都賀","name_kana":"つが","closed":false,"lat":35.636088,"lng":140.149222,"prefecture":12,"numbering":["JO30"],"lines":[11314,99332],"attr":"cool","postal_code":"264-0025","address":"千葉市若葉区都賀３丁目","voronoi":{"type":"Feature","geometry":{"type":"Polygon","coordinates":[[[140.146155,35.611832],[140.139187,35.621681],[140.145491,35.656313],[140.160644,35.647336],[140.146155,35.611832]]]},"properties":{}}},
    {"code":1131413,"id":"0881c9","name":"四街道","original_name":"四街道","name_kana":"よつかいどう","closed":false,"lat":35.662756,"lng":140.165023,"prefecture":12,"numbering":["JO31"],"lines":[11314,11328],"attr":"cool","postal_code":"284-0005","address":"四街道市四街道１丁目","voronoi":{"type":"Feature","geometry":{"type":"Polygon","coordinates":[[[140.145491,35.656313],[140.160644,35.647336],[140.17172,35.645896],[140.177537,35.647034],[140.194892,35.655362],[140.170009,35.693647],[140.161199,35.692354],[140.13886,35.684161],[140.131832,35.678964],[140.139631,35.663658],[140.145491,35.656313]]]},"properties":{}}},
    {"code":1131414,"id":"7be84d","name":"物井","original_name":"物井","name_kana":"ものい","closed":false,"lat":35.68566,"lng":140.200263,"prefecture":12,"numbering":["JO32"],"lines":[11314],"attr":"cool","postal_code":"284-0012","address":"四街道市物井","voronoi":{"type":"Feature","geometry":{"type":"Polygon","coordinates":[[[140.200345,35.712146],[140.241841,35.666556],[140.243716,35.659728],[140.243431,35.644931],[140.206206,35.651808],[140.194892,35.655362],[140.170009,35.693647],[140.176691,35.701765],[140.200345,35.712146]]]},"properties":{}}},
    {"code":1131415,"id":"d82403","name":"佐倉","original_name":"佐倉","name_kana":"さくら","closed":false,"lat":35.709743,"lng":140.226722,"prefecture":12,"numbering":["JO33"],"lines":[11314,11327,11328],"attr":"heat","postal_code":"285-0812","address":"佐倉市六崎","voronoi":{"type":"Feature","geometry":{"type":"Polygon","coordinates":[[[140.241841,35.666556],[140.200345,35.712146],[140.204652,35.721903],[140.243076,35.714669],[140.247585,35.709287],[140.241841,35.666556]]]},"properties":{}}},
    {"code":1131416,"id":"cca655","name":"南酒々井","original_name":"南酒々井","name_kana":"みなみしすい","closed":false,"lat":35.704217,"lng":140.267828,"prefecture":12,"lines":[11314],"attr":"cool","postal_code":"285-0914","address":"印旛郡酒々井町馬橋","voronoi":{"type":"Feature","geometry":{"type":"Polygon","coordinates":[[[140.247585,35.709287],[140.241841,35.666556],[140.243716,35.659728],[140.295374,35.711534],[140.263834,35.720064],[140.247585,35.709287]]]},"properties":{}}},
    {"code":1131417,"id":"cd0c99","name":"榎戸(千葉)","original_name":"榎戸","name_kana":"えのきど","closed":false,"lat":35.683967,"lng":140.288136,"prefecture":12,"lines":[11314],"attr":"cool","postal_code":"289-1106","address":"八街市榎戸","voronoi":{"type":"Feature","geometry":{"type":"Polygon","coordinates":[[[140.324249,35.71931],[140.295374,35.711534],[140.243716,35.659728],[140.243431,35.644931],[140.261541,35.615682],[140.334573,35.718397],[140.324249,35.71931]]]},"properties":{}}},
    {"code":1131418,"id":"f1b558","name":"八街","original_name":"八街","name_kana":"やちまた","closed":false,"lat":35.663228,"lng":140.317304,"prefecture":12,"lines":[11314],"attr":"cool","postal_code":"289-1115","address":"八街市八街ほ","voronoi":{"type":"Feature","geometry":{"type":"Polygon","coordinates":[[[140.37606,35.692719],[140.304006,35.59932],[140.293414,35.597094],[140.264104,35.607617],[140.261541,35.615682],[140.334573,35.718397],[140.341439,35.719978],[140.358267,35.708731],[140.37606,35.692719]]]},"properties":{}}},
    {"code":1131419,"id":"b01c2e","name":"日向","original_name":"日向","name_kana":"ひゅうが","closed":false,"lat":35.628402,"lng":140.362447,"prefecture":12,"lines":[11314],"attr":"heat","postal_code":"289-1205","address":"山武市椎崎","voronoi":{"type":"Feature","geometry":{"type":"Polygon","coordinates":[[[140.407113,35.668388],[140.380714,35.605124],[140.365243,35.594328],[140.326903,35.5936],[140.304006,35.59932],[140.37606,35.692719],[140.405859,35.684013],[140.407113,35.668388]]]},"properties":{}}},
    {"code":1131420,"id":"e0d49b","name":"成東","original_name":"成東","name_kana":"なるとう","closed":false,"lat":35.608513,"lng":140.410109,"prefecture":12,"lines":[11314,11331],"attr":"heat","postal_code":"289-1345","address":"山武市津辺","voronoi":{"type":"Feature","geometry":{"type":"Polygon","coordinates":[[[140.380714,35.605124],[140.407113,35.668388],[140.468456,35.562586],[140.380714,35.605124]]]},"properties":{}}},
    {"code":1131421,"id":"c9271f","name":"松尾(千葉)","original_name":"松尾","name_kana":"まつお","closed":false,"lat":35.63604,"lng":140.457587,"prefecture":12,"lines":[11314],"attr":"heat","postal_code":"289-1523","address":"山武市松尾町五反田","voronoi":{"type":"Feature","geometry":{"type":"Polygon","coordinates":[[[140.435561,35.69868],[140.405859,35.684013],[140.407113,35.668388],[140.468456,35.562586],[140.573598,35.447633],[140.645843,35.427438],[140.435561,35.69868]]]},"properties":{}}},
    {"code":1131422,"id":"1efac6","name":"横芝","original_name":"横芝","name_kana":"よこしば","closed":false,"lat":35.661739,"lng":140.490736,"prefecture":12,"lines":[11314],"attr":"heat","postal_code":"289-1732","address":"山武郡横芝光町横芝","voronoi":{"type":"Feature","geometry":{"type":"Polygon","coordinates":[[[140.660266,35.452876],[140.673189,35.417541],[140.645843,35.427438],[140.435561,35.69868],[140.46534,35.72814],[140.605215,35.543239],[140.660266,35.452876]]]},"properties":{}}},
    {"code":1131423,"id":"beed11","name":"飯倉","original_name":"飯倉","name_kana":"いいぐら","closed":false,"lat":35.685638,"lng":140.522328,"prefecture":12,"lines":[11314],"attr":"heat","postal_code":"289-2147","address":"匝瑳市飯倉","voronoi":{"type":"Feature","geometry":{"type":"Polygon","coordinates":[[[140.46534,35.72814],[140.496084,35.783307],[140.605215,35.543239],[140.46534,35.72814]]]},"properties":{}}},
    {"code":1131424,"id":"2ac69f","name":"八日市場","original_name":"八日市場","name_kana":"ようかいちば","closed":false,"lat":35.699317,"lng":140.552419,"prefecture":12,"lines":[11314],"attr":"heat","postal_code":"289-2144","address":"匝瑳市八日市場イ","voronoi":{"type":"Feature","geometry":{"type":"Polygon","coordinates":[[[140.660266,35.452876],[140.605215,35.543239],[140.496084,35.783307],[140.49829,35.78946],[140.518377,35.795464],[140.549551,35.78467],[140.641561,35.538133],[140.660266,35.452876]]]},"properties":{}}},
    {"code":1131425,"id":"086572","name":"干潟","original_name":"干潟","name_kana":"ひがた","closed":false,"lat":35.718308,"lng":140.603304,"prefecture":12,"lines":[11314],"attr":"heat","postal_code":"289-2504","address":"旭市ニ","voronoi":{"type":"Feature","geometry":{"type":"Polygon","coordinates":[[[140.549551,35.78467],[140.617989,35.784003],[140.625026,35.780966],[140.641561,35.538133],[140.549551,35.78467]]]},"properties":{}}},
    {"code":1131426,"id":"cc042e","name":"旭(千葉)","original_name":"旭","name_kana":"あさひ","closed":false,"lat":35.721831,"lng":140.655041,"prefecture":12,"lines":[11314],"attr":"eco","postal_code":"289-2516","address":"旭市ロ","voronoi":{"type":"Feature","geometry":{"type":"Polygon","coordinates":[[[140.73137,35.487682],[140.719858,35.38426],[140.710408,35.389926],[140.673189,35.417541],[140.660266,35.452876],[140.641561,35.538133],[140.625026,35.780966],[140.655103,35.780794],[140.73137,35.487682]]]},"properties":{}}},
    {"code":1131427,"id":"f48afa","name":"飯岡","original_name":"飯岡","name_kana":"いいおか","closed":false,"lat":35.729339,"lng":140.683896,"prefecture":12,"lines":[11314],"attr":"eco","postal_code":"289-2613","address":"旭市後草","voronoi":{"type":"Feature","geometry":{"type":"Polygon","coordinates":[[[140.68897,35.768993],[140.673477,35.77804],[140.657328,35.781361],[140.655103,35.780794],[140.73137,35.487682],[140.745424,35.568859],[140.68897,35.768993]]]},"properties":{}}},
    {"code":1131428,"id":"a8a925","name":"倉橋","original_name":"倉橋","name_kana":"くらはし","closed":false,"lat":35.737836,"lng":140.714018,"prefecture":12,"lines":[11314],"attr":"eco","postal_code":"289-2611","address":"旭市倉橋","voronoi":{"type":"Feature","geometry":{"type":"Polygon","coordinates":[[[140.68897,35.768993],[140.716357,35.765515],[140.755918,35.668624],[140.757001,35.611925],[140.745424,35.568859],[140.68897,35.768993]]]},"properties":{}}},
    {"code":1131429,"id":"190b0b","name":"猿田","original_name":"猿田","name_kana":"さるだ","closed":false,"lat":35.747383,"lng":140.7374,"prefecture":12,"lines":[11314],"attr":"eco","postal_code":"288-0855","address":"銚子市猿田町","voronoi":{"type":"Feature","geometry":{"type":"Polygon","coordinates":[[[140.76521,35.73572],[140.755918,35.668624],[140.716357,35.765515],[140.734934,35.772204],[140.76521,35.73572]]]},"properties":{}}},
    {"code":1131430,"id":"2fc4b0","name":"松岸","original_name":"松岸","name_kana":"まつぎし","closed":false,"lat":35.739386,"lng":140.795143,"prefecture":12,"lines":[11314,11327],"attr":"cool","postal_code":"288-0837","address":"銚子市長塚町","voronoi":{"type":"Feature","geometry":{"type":"Polygon","coordinates":[[[140.837661,35.837497],[140.83203,35.801876],[140.789037,35.661635],[140.757001,35.611925],[140.755918,35.668624],[140.76521,35.73572],[140.837661,35.837497]]]},"properties":{}}},
    {"code":1131431,"id":"ecc941","name":"銚子","original_name":"銚子","name_kana":"ちょうし","closed":false,"lat":35.729449,"lng":140.827557,"prefecture":12,"lines":[11314,11327,99335],"attr":"cool","postal_code":"288-0044","address":"銚子市西芝町１丁目","voronoi":{"type":"Feature","geometry":{"type":"Polygon","coordinates":[[[140.789037,35.661635],[140.83203,35.801876],[140.834676,35.768461],[140.827769,35.699891],[140.789037,35.661635]]]},"properties":{}}}
  ]
}