{
  "code":11315,
  "id":64,
  "name":"JR青梅線",
  "name_kana":"じぇいあーるおうめせん",
  "station_size":25,
  "company_code":2,
  "closed":false,
  "color":"#F15A22",
  "symbol":"JC",
  "station_list":[
    {"code":1130325,"id":1328,"name":"立川","original_name":"立川","name_kana":"たちかわ","closed":false,"lat":35.698202,"lng":139.413704,"prefecture":13,"numbering":["JC19"],"lines":[11303,11311,11312,11315],"attr":"cool","postal_code":"190-0012","address":"東京都立川市曙町二丁目1-1","voronoi":{"type":"Feature","geometry":{"type":"Polygon","coordinates":[[[139.419325,35.704406],[139.411934,35.697788],[139.418115,35.69442],[139.422535,35.70453],[139.419325,35.704406]]]},"properties":{}}},
    {"code":1131502,"id":1535,"name":"西立川","original_name":"西立川","name_kana":"にしたちかわ","closed":false,"lat":35.703526,"lng":139.393556,"prefecture":13,"numbering":["JC51"],"lines":[11315],"attr":"heat","postal_code":"190-0013","address":"立川市富士見町１丁目","voronoi":{"type":"Feature","geometry":{"type":"Polygon","coordinates":[[[139.402255,35.697771],[139.402053,35.697256],[139.396819,35.691432],[139.384781,35.691247],[139.392546,35.716182],[139.400128,35.716552],[139.403877,35.705424],[139.402255,35.697771]]]},"properties":{}}},
    {"code":1131503,"id":1536,"name":"東中神","original_name":"東中神","name_kana":"ひがしなかがみ","closed":false,"lat":35.706337,"lng":139.384529,"prefecture":13,"numbering":["JC52"],"lines":[11315],"attr":"heat","postal_code":"196-0034","address":"昭島市玉川町１丁目","voronoi":{"type":"Feature","geometry":{"type":"Polygon","coordinates":[[[139.383323,35.690741],[139.376534,35.696046],[139.383769,35.719215],[139.392546,35.716182],[139.384781,35.691247],[139.383323,35.690741]]]},"properties":{}}},
    {"code":1131504,"id":1537,"name":"中神","original_name":"中神","name_kana":"なかがみ","closed":false,"lat":35.709058,"lng":139.375816,"prefecture":13,"numbering":["JC53"],"lines":[11315],"attr":"heat","postal_code":"196-0025","address":"昭島市朝日町１丁目","voronoi":{"type":"Feature","geometry":{"type":"Polygon","coordinates":[[[139.383769,35.719215],[139.376534,35.696046],[139.365241,35.699607],[139.370352,35.71676],[139.382053,35.720645],[139.383769,35.719215]]]},"properties":{}}},
    {"code":1131505,"id":1538,"name":"昭島","original_name":"昭島","name_kana":"あきしま","closed":false,"lat":35.713305,"lng":139.361564,"prefecture":13,"numbering":["JC54"],"lines":[11315],"attr":"heat","postal_code":"196-0015","address":"昭島市昭和町２丁目","voronoi":{"type":"Feature","geometry":{"type":"Polygon","coordinates":[[[139.370352,35.71676],[139.356371,35.726041],[139.342168,35.693805],[139.365241,35.699607],[139.370352,35.71676]]]},"properties":{}}},
    {"code":1131506,"id":1539,"name":"拝島","original_name":"拝島","name_kana":"はいじま","closed":false,"lat":35.721278,"lng":139.343468,"prefecture":13,"numbering":["JC55"],"lines":[11315,11316,11317,22008],"attr":"heat","postal_code":"196-0003","address":"昭島市松原町４丁目","voronoi":{"type":"Feature","geometry":{"type":"Polygon","coordinates":[[[139.335778,35.6893],[139.328857,35.689258],[139.327165,35.689373],[139.322886,35.691414],[139.325515,35.709486],[139.350901,35.73698],[139.354166,35.737982],[139.356371,35.726041],[139.342168,35.693805],[139.335778,35.6893]]]},"properties":{}}},
    {"code":1131507,"id":1540,"name":"牛浜","original_name":"牛浜","name_kana":"うしはま","closed":false,"lat":35.734547,"lng":139.333677,"prefecture":13,"numbering":["JC56"],"lines":[11315],"attr":"heat","postal_code":"197-0024","address":"福生市牛浜","voronoi":{"type":"Feature","geometry":{"type":"Polygon","coordinates":[[[139.323704,35.727594],[139.321986,35.73197],[139.333354,35.740471],[139.350726,35.736981],[139.323704,35.727594]]]},"properties":{}}},
    {"code":1131508,"id":1541,"name":"福生","original_name":"福生","name_kana":"ふっさ","closed":false,"lat":35.742456,"lng":139.327763,"prefecture":13,"numbering":["JC57"],"lines":[11315],"attr":"heat","postal_code":"197-0022","address":"福生市本町","voronoi":{"type":"Feature","geometry":{"type":"Polygon","coordinates":[[[139.311307,35.742357],[139.321986,35.73197],[139.333354,35.740471],[139.32762,35.754448],[139.311307,35.742357]]]},"properties":{}}},
    {"code":1131509,"id":1542,"name":"羽村","original_name":"羽村","name_kana":"はむら","closed":false,"lat":35.758073,"lng":139.316188,"prefecture":13,"numbering":["JC58"],"lines":[11315],"attr":"heat","postal_code":"205-0014","address":"羽村市羽東１丁目","voronoi":{"type":"Feature","geometry":{"type":"Polygon","coordinates":[[[139.32762,35.754448],[139.311307,35.742357],[139.300609,35.743861],[139.291202,35.75308],[139.32516,35.779443],[139.332489,35.762292],[139.32762,35.754448]]]},"properties":{}}},
    {"code":1131510,"id":1543,"name":"小作","original_name":"小作","name_kana":"おざく","closed":false,"lat":35.776048,"lng":139.302233,"prefecture":13,"numbering":["JC59"],"lines":[11315],"attr":"heat","postal_code":"205-0001","address":"羽村市小作台","voronoi":{"type":"Feature","geometry":{"type":"Polygon","coordinates":[[[139.325828,35.785536],[139.303608,35.80235],[139.281587,35.756185],[139.291202,35.75308],[139.32516,35.779443],[139.325828,35.785536]]]},"properties":{}}},
    {"code":1131511,"id":1544,"name":"河辺","original_name":"河辺","name_kana":"かべ","closed":false,"lat":35.78473,"lng":139.284032,"prefecture":13,"numbering":["JC60"],"lines":[11315],"attr":"heat","postal_code":"198-0036","address":"青梅市河辺町５丁目","voronoi":{"type":"Feature","geometry":{"type":"Polygon","coordinates":[[[139.266167,35.759994],[139.281094,35.756162],[139.281587,35.756185],[139.303608,35.80235],[139.293216,35.820079],[139.266167,35.759994]]]},"properties":{}}},
    {"code":1131512,"id":1545,"name":"東青梅","original_name":"東青梅","name_kana":"ひがしおうめ","closed":false,"lat":35.789768,"lng":139.272841,"prefecture":13,"numbering":["JC61"],"lines":[11315],"attr":"heat","postal_code":"198-0042","address":"青梅市東青梅１丁目","voronoi":{"type":"Feature","geometry":{"type":"Polygon","coordinates":[[[139.266167,35.759994],[139.265868,35.760008],[139.263975,35.760539],[139.267895,35.838238],[139.272629,35.83785],[139.291973,35.823368],[139.293216,35.820079],[139.266167,35.759994]]]},"properties":{}}},
    {"code":1131513,"id":1546,"name":"青梅","original_name":"青梅","name_kana":"おうめ","closed":false,"lat":35.790512,"lng":139.258096,"prefecture":13,"numbering":["JC62"],"lines":[11315],"attr":"heat","postal_code":"198-0000","address":"青梅市青梅","voronoi":{"type":"Feature","geometry":{"type":"Polygon","coordinates":[[[139.263975,35.760539],[139.267895,35.838238],[139.253823,35.841591],[139.251357,35.841643],[139.249925,35.837173],[139.244711,35.809939],[139.251704,35.760898],[139.263975,35.760539]]]},"properties":{}}},
    {"code":1131514,"id":1547,"name":"宮ノ平","original_name":"宮ノ平","name_kana":"みやのひら","closed":false,"lat":35.787545,"lng":139.237289,"prefecture":13,"numbering":["JC63"],"lines":[11315],"attr":"cool","postal_code":"198-0046","address":"青梅市日向和田２丁目","voronoi":{"type":"Feature","geometry":{"type":"Polygon","coordinates":[[[139.244711,35.809939],[139.234643,35.796719],[139.229416,35.76044],[139.243401,35.7581],[139.251704,35.760898],[139.244711,35.809939]]]},"properties":{}}},
    {"code":1131515,"id":1548,"name":"日向和田","original_name":"日向和田","name_kana":"ひなたわだ","closed":false,"lat":35.788665,"lng":139.229515,"prefecture":13,"numbering":["JC64"],"lines":[11315],"attr":"cool","postal_code":"198-0046","address":"青梅市日向和田３丁目","voronoi":{"type":"Feature","geometry":{"type":"Polygon","coordinates":[[[139.200315,35.774038],[139.196837,35.761292],[139.229416,35.76044],[139.234643,35.796719],[139.204875,35.780608],[139.202431,35.778472],[139.200315,35.774038]]]},"properties":{}}},
    {"code":1131516,"id":1549,"name":"石神前","original_name":"石神前","name_kana":"いしがみまえ","closed":false,"lat":35.79683,"lng":139.225096,"prefecture":13,"numbering":["JC65"],"lines":[11315],"attr":"cool","postal_code":"198-0171","address":"青梅市二俣尾１丁目","voronoi":{"type":"Feature","geometry":{"type":"Polygon","coordinates":[[[139.204875,35.780608],[139.234643,35.796719],[139.244711,35.809939],[139.249925,35.837173],[139.204875,35.780608]]]},"properties":{}}},
    {"code":1131517,"id":1550,"name":"二俣尾","original_name":"二俣尾","name_kana":"ふたまたお","closed":false,"lat":35.803946,"lng":139.216161,"prefecture":13,"numbering":["JC66"],"lines":[11315],"attr":"cool","postal_code":"198-0171","address":"青梅市二俣尾４丁目","voronoi":{"type":"Feature","geometry":{"type":"Polygon","coordinates":[[[139.251357,35.841643],[139.249925,35.837173],[139.204875,35.780608],[139.202431,35.778472],[139.202813,35.782839],[139.230124,35.85223],[139.251357,35.841643]]]},"properties":{}}},
    {"code":1131518,"id":1551,"name":"軍畑","original_name":"軍畑","name_kana":"いくさばた","closed":false,"lat":35.807382,"lng":139.207431,"prefecture":13,"numbering":["JC67"],"lines":[11315],"attr":"cool","postal_code":"198-0172","address":"青梅市沢井１丁目","voronoi":{"type":"Feature","geometry":{"type":"Polygon","coordinates":[[[139.202813,35.782839],[139.194697,35.862232],[139.222631,35.856885],[139.230124,35.85223],[139.202813,35.782839]]]},"properties":{}}},
    {"code":1131519,"id":1552,"name":"沢井","original_name":"沢井","name_kana":"さわい","closed":false,"lat":35.80594,"lng":139.193324,"prefecture":13,"numbering":["JC68"],"lines":[11315],"attr":"cool","postal_code":"198-0172","address":"青梅市沢井２丁目","voronoi":{"type":"Feature","geometry":{"type":"Polygon","coordinates":[[[139.200315,35.774038],[139.181387,35.819475],[139.192962,35.862798],[139.194697,35.862232],[139.202813,35.782839],[139.202431,35.778472],[139.200315,35.774038]]]},"properties":{}}},
    {"code":1131520,"id":1553,"name":"御嶽","original_name":"御嶽","name_kana":"みたけ","closed":false,"lat":35.801468,"lng":139.182589,"prefecture":13,"numbering":["JC69"],"lines":[11315],"attr":"eco","postal_code":"198-0173","address":"青梅市御岳本町","voronoi":{"type":"Feature","geometry":{"type":"Polygon","coordinates":[[[139.200315,35.774038],[139.196837,35.761292],[139.135779,35.721201],[139.139003,35.742468],[139.14325,35.759152],[139.148998,35.771009],[139.181387,35.819475],[139.200315,35.774038]]]},"properties":{}}},
    {"code":1131521,"id":1554,"name":"川井","original_name":"川井","name_kana":"かわい","closed":false,"lat":35.813697,"lng":139.16429,"prefecture":13,"numbering":["JC70"],"lines":[11315],"attr":"eco","postal_code":"198-0102","address":"西多摩郡奥多摩町川井","voronoi":{"type":"Feature","geometry":{"type":"Polygon","coordinates":[[[139.192962,35.862798],[139.179455,35.871702],[139.170682,35.874653],[139.148998,35.771009],[139.181387,35.819475],[139.192962,35.862798]]]},"properties":{}}},
    {"code":1131522,"id":1555,"name":"古里(東京)","original_name":"古里","name_kana":"こり","closed":false,"lat":35.816247,"lng":139.152102,"prefecture":13,"numbering":["JC71"],"lines":[11315],"attr":"eco","postal_code":"198-0105","address":"西多摩郡奥多摩町小丹波","voronoi":{"type":"Feature","geometry":{"type":"Polygon","coordinates":[[[139.162702,35.878276],[139.137194,35.884423],[139.14325,35.759152],[139.148998,35.771009],[139.170682,35.874653],[139.162702,35.878276]]]},"properties":{}}},
    {"code":1131523,"id":1556,"name":"鳩ノ巣","original_name":"鳩ノ巣","name_kana":"はとのす","closed":false,"lat":35.815127,"lng":139.128932,"prefecture":13,"numbering":["JC72"],"lines":[11315],"attr":"eco","postal_code":"198-0106","address":"西多摩郡奥多摩町棚沢","voronoi":{"type":"Feature","geometry":{"type":"Polygon","coordinates":[[[139.14325,35.759152],[139.137194,35.884423],[139.108528,35.896659],[139.102522,35.893802],[139.139003,35.742468],[139.14325,35.759152]]]},"properties":{}}},
    {"code":1131524,"id":1557,"name":"白丸","original_name":"白丸","name_kana":"しろまる","closed":false,"lat":35.811735,"lng":139.114861,"prefecture":13,"numbering":["JC73"],"lines":[11315],"attr":"eco","postal_code":"198-0107","address":"西多摩郡奥多摩町白丸","voronoi":{"type":"Feature","geometry":{"type":"Polygon","coordinates":[[[139.135779,35.721201],[139.131648,35.715319],[139.11857,35.715257],[139.095213,35.891077],[139.102522,35.893802],[139.139003,35.742468],[139.135779,35.721201]]]},"properties":{}}},
    {"code":1131525,"id":1558,"name":"奥多摩","original_name":"奥多摩","name_kana":"おくたま","closed":false,"lat":35.809357,"lng":139.096961,"prefecture":13,"numbering":["JC74"],"lines":[11315],"attr":"eco","postal_code":"198-0212","address":"西多摩郡奥多摩町氷川","voronoi":{"type":"Feature","geometry":{"type":"Polygon","coordinates":[[[138.957521,35.760298],[138.918435,35.791034],[138.976484,35.836581],[138.987675,35.844338],[139.054191,35.878893],[139.06581,35.883691],[139.095213,35.891077],[139.11857,35.715257],[139.08426,35.711868],[139.028419,35.718848],[139.002283,35.731007],[138.957521,35.760298]]]},"properties":{}}}
  ]
}