{
  "code":11316,
  "id":65,
  "name":"JR五日市線",
  "name_kana":"じぇいあーるいつかいちせん",
  "station_size":7,
  "company_code":2,
  "closed":false,
  "color":"#F15A22",
  "symbol":"JC",
  "station_list":[
    {"code":1131506,"id":1539,"name":"拝島","original_name":"拝島","name_kana":"はいじま","closed":false,"lat":35.721278,"lng":139.343468,"prefecture":13,"numbering":["JC55"],"lines":[11315,11316,11317,22008],"attr":"heat","postal_code":"196-0003","address":"昭島市松原町４丁目","voronoi":{"type":"Feature","geometry":{"type":"Polygon","coordinates":[[[139.335778,35.6893],[139.328857,35.689258],[139.327165,35.689373],[139.322886,35.691414],[139.325515,35.709486],[139.350901,35.73698],[139.354166,35.737982],[139.356371,35.726041],[139.342168,35.693805],[139.335778,35.6893]]]},"properties":{}}},
    {"code":1131602,"id":1559,"name":"熊川","original_name":"熊川","name_kana":"くまがわ","closed":false,"lat":35.728321,"lng":139.33584,"prefecture":13,"numbering":["JC81"],"lines":[11316],"attr":"heat","postal_code":"197-0003","address":"福生市熊川北","voronoi":{"type":"Feature","geometry":{"type":"Polygon","coordinates":[[[139.350901,35.73698],[139.325515,35.709486],[139.323704,35.727594],[139.350726,35.736981],[139.350901,35.73698]]]},"properties":{}}},
    {"code":1131603,"id":1560,"name":"東秋留","original_name":"東秋留","name_kana":"ひがしあきる","closed":false,"lat":35.725904,"lng":139.311665,"prefecture":13,"numbering":["JC82"],"lines":[11316],"attr":"heat","postal_code":"197-0823","address":"あきる野市野辺","voronoi":{"type":"Feature","geometry":{"type":"Polygon","coordinates":[[[139.311307,35.742357],[139.321986,35.73197],[139.323704,35.727594],[139.325515,35.709486],[139.322886,35.691414],[139.296176,35.691038],[139.300609,35.743861],[139.311307,35.742357]]]},"properties":{}}},
    {"code":1131604,"id":1561,"name":"秋川","original_name":"秋川","name_kana":"あきがわ","closed":false,"lat":35.727998,"lng":139.286715,"prefecture":13,"numbering":["JC83"],"lines":[11316],"attr":"cool","postal_code":"197-0827","address":"あきる野市油平","voronoi":{"type":"Feature","geometry":{"type":"Polygon","coordinates":[[[139.296176,35.691038],[139.292505,35.689705],[139.289388,35.689099],[139.274197,35.688485],[139.281094,35.756162],[139.281587,35.756185],[139.291202,35.75308],[139.300609,35.743861],[139.296176,35.691038]]]},"properties":{}}},
    {"code":1131605,"id":1562,"name":"武蔵引田","original_name":"武蔵引田","name_kana":"むさしひきだ","closed":false,"lat":35.729711,"lng":139.269907,"prefecture":13,"numbering":["JC84"],"lines":[11316],"attr":"cool","postal_code":"190-0100","address":"あきる野市下引田","voronoi":{"type":"Feature","geometry":{"type":"Polygon","coordinates":[[[139.265868,35.760008],[139.258918,35.684655],[139.274197,35.688485],[139.281094,35.756162],[139.266167,35.759994],[139.265868,35.760008]]]},"properties":{}}},
    {"code":1131606,"id":1563,"name":"武蔵増戸","original_name":"武蔵増戸","name_kana":"むさしますこ","closed":false,"lat":35.730961,"lng":139.256355,"prefecture":13,"numbering":["JC85"],"lines":[11316],"attr":"eco","postal_code":"190-0142","address":"あきる野市伊奈","voronoi":{"type":"Feature","geometry":{"type":"Polygon","coordinates":[[[139.239782,35.678475],[139.243629,35.679002],[139.249185,35.680622],[139.258918,35.684655],[139.265868,35.760008],[139.263975,35.760539],[139.251704,35.760898],[139.243401,35.7581],[139.239782,35.678475]]]},"properties":{}}},
    {"code":1131607,"id":1564,"name":"武蔵五日市","original_name":"武蔵五日市","name_kana":"むさしいつかいち","closed":false,"lat":35.732248,"lng":139.228039,"prefecture":13,"numbering":["JC86"],"lines":[11316],"attr":"eco","postal_code":"190-0163","address":"あきる野市舘谷","voronoi":{"type":"Feature","geometry":{"type":"Polygon","coordinates":[[[139.229416,35.76044],[139.196837,35.761292],[139.135779,35.721201],[139.131648,35.715319],[139.140951,35.706119],[139.167614,35.68878],[139.220739,35.670501],[139.239782,35.678475],[139.243401,35.7581],[139.229416,35.76044]]]},"properties":{}}}
  ]
}