{
  "code":11321,
  "id":"ea7240",
  "name":"JR埼京線",
  "name_kana":"じぇいあーるさいきょうせん",
  "station_size":19,
  "company_code":2,
  "closed":false,
  "color":"#00B48D",
  "symbol":"JA",
  "station_list":[
    {"code":1130201,"id":"d3bfe4","name":"大崎","original_name":"大崎","name_kana":"おおさき","closed":false,"lat":35.619772,"lng":139.728439,"prefecture":13,"numbering":["JA08"],"lines":[11302,11321,11333,99337],"attr":"cool","postal_code":"141-0032","address":"東京都品川区大崎一丁目21-4","open_date":"1901-02-25","voronoi":{"type":"Feature","geometry":{"type":"Polygon","coordinates":[[[139.72986,35.625649],[139.726151,35.622888],[139.723178,35.615551],[139.723408,35.615015],[139.732204,35.61328],[139.734155,35.614205],[139.734709,35.617535],[139.732797,35.625189],[139.72986,35.625649]]]},"properties":{}}},
    {"code":1130204,"id":"43da5d","name":"恵比寿","original_name":"恵比寿","name_kana":"えびす","closed":false,"lat":35.646685,"lng":139.71007,"prefecture":13,"numbering":["JA09"],"lines":[11302,11321,11333,28003],"attr":"cool","postal_code":"150-0022","address":"東京都渋谷区恵比寿南一丁目5-5","open_date":"1901-02-25","voronoi":{"type":"Feature","geometry":{"type":"Polygon","coordinates":[[[139.718331,35.642722],[139.706305,35.637346],[139.70532,35.64133],[139.708288,35.654687],[139.710216,35.656084],[139.713262,35.655716],[139.718831,35.643637],[139.718331,35.642722]]]},"properties":{}}},
    {"code":1130205,"id":"8e9a53","name":"渋谷","original_name":"渋谷","name_kana":"しぶや","closed":false,"lat":35.658871,"lng":139.701238,"prefecture":13,"numbering":["JA10"],"lines":[11302,11321,11328,11333,24006,26001,26003,28001,28008,28010],"attr":"cool","postal_code":"150-0043","address":"東京都渋谷区道玄坂一丁目1-1","open_date":"1885-03-01","voronoi":{"type":"Feature","geometry":{"type":"Polygon","coordinates":[[[139.706239,35.662993],[139.710216,35.656084],[139.708288,35.654687],[139.698522,35.652816],[139.695946,35.664944],[139.696334,35.6654],[139.698068,35.665201],[139.706239,35.662993]]]},"properties":{}}},
    {"code":1130208,"id":"3ff383","name":"新宿","original_name":"新宿","name_kana":"しんじゅく","closed":false,"lat":35.689729,"lng":139.700464,"prefecture":13,"numbering":["JA11"],"lines":[11302,11311,11312,11313,11321,11328,11333,24001,25001,28002,99301,99304],"attr":"heat","postal_code":"160-0022","address":"東京都新宿区新宿三丁目38-1","open_date":"1885-03-01","voronoi":{"type":"Feature","geometry":{"type":"Polygon","coordinates":[[[139.696248,35.687559],[139.700731,35.686272],[139.703526,35.686933],[139.702152,35.692377],[139.696536,35.690327],[139.696248,35.687559]]]},"properties":{}}},
    {"code":1130212,"id":"a4dfd2","name":"池袋","original_name":"池袋","name_kana":"いけぶくろ","closed":false,"lat":35.730256,"lng":139.711086,"prefecture":13,"numbering":["JA12"],"lines":[11302,11321,11333,21001,22001,28002,28006,28010],"attr":"heat","postal_code":"171-0022","address":"東京都豊島区南池袋一丁目28-2","open_date":"1903-04-01","voronoi":{"type":"Feature","geometry":{"type":"Polygon","coordinates":[[[139.71553,35.728395],[139.712811,35.725256],[139.710605,35.724398],[139.71058,35.724411],[139.704876,35.731643],[139.706709,35.739267],[139.706917,35.739364],[139.718277,35.733531],[139.71553,35.728395]]]},"properties":{}}},
    {"code":1132106,"id":"11fa58","name":"板橋","original_name":"板橋","name_kana":"いたばし","closed":false,"lat":35.745435,"lng":139.719507,"prefecture":13,"numbering":["JA13"],"lines":[11321],"attr":"cool","postal_code":"173-0004","address":"板橋区板橋１丁目","voronoi":{"type":"Feature","geometry":{"type":"Polygon","coordinates":[[[139.717055,35.744072],[139.717266,35.74756],[139.724488,35.746279],[139.723193,35.740092],[139.723128,35.740038],[139.717055,35.744072]]]},"properties":{}}},
    {"code":1132107,"id":"16774c","name":"十条(東京)","original_name":"十条","name_kana":"じゅうじょう","closed":false,"lat":35.760321,"lng":139.722233,"prefecture":13,"numbering":["JA14"],"lines":[11321],"attr":"cool","postal_code":"114-0034","address":"北区上十条１丁目","voronoi":{"type":"Feature","geometry":{"type":"Polygon","coordinates":[[[139.728676,35.753717],[139.729501,35.75548],[139.719317,35.769007],[139.71436,35.768641],[139.713773,35.759016],[139.716449,35.755425],[139.728216,35.75325],[139.728676,35.753717]]]},"properties":{}}},
    {"code":1131903,"id":"2fef76","name":"赤羽","original_name":"赤羽","name_kana":"あかばね","closed":false,"lat":35.778026,"lng":139.720928,"prefecture":13,"numbering":["JA15"],"lines":[11319,11321,11323,11332,11333],"attr":"heat","postal_code":"115-0045","address":"北区赤羽１丁目","voronoi":{"type":"Feature","geometry":{"type":"Polygon","coordinates":[[[139.71436,35.768641],[139.719317,35.769007],[139.726724,35.772095],[139.726774,35.779575],[139.713306,35.782511],[139.709939,35.776799],[139.713681,35.769268],[139.71436,35.768641]]]},"properties":{}}},
    {"code":1132109,"id":"e34b0d","name":"北赤羽","original_name":"北赤羽","name_kana":"きたあかばね","closed":false,"lat":35.787007,"lng":139.70569,"prefecture":13,"numbering":["JA16"],"lines":[11321],"attr":"eco","postal_code":"115-0052","address":"北区赤羽北２丁目","voronoi":{"type":"Feature","geometry":{"type":"Polygon","coordinates":[[[139.715274,35.79151],[139.713306,35.782511],[139.709939,35.776799],[139.704417,35.777819],[139.697153,35.784456],[139.702032,35.801117],[139.703091,35.801168],[139.715274,35.79151]]]},"properties":{}}},
    {"code":1132110,"id":"4ae898","name":"浮間舟渡","original_name":"浮間舟渡","name_kana":"うきまふなど","closed":false,"lat":35.791209,"lng":139.691341,"prefecture":13,"numbering":["JA17"],"lines":[11321],"attr":"eco","postal_code":"115-0051","address":"北区浮間４丁目","voronoi":{"type":"Feature","geometry":{"type":"Polygon","coordinates":[[[139.680863,35.796482],[139.681284,35.794746],[139.686671,35.785069],[139.691806,35.783061],[139.697153,35.784456],[139.702032,35.801117],[139.692929,35.805975],[139.680863,35.796482]]]},"properties":{}}},
    {"code":1132111,"id":"782052","name":"戸田公園","original_name":"戸田公園","name_kana":"とだこうえん","closed":false,"lat":35.807906,"lng":139.678203,"prefecture":11,"numbering":["JA18"],"lines":[11321],"attr":"heat","postal_code":"335-0023","address":"戸田市本町４丁目","voronoi":{"type":"Feature","geometry":{"type":"Polygon","coordinates":[[[139.680863,35.796482],[139.669341,35.798813],[139.663776,35.803828],[139.681547,35.819589],[139.690552,35.814131],[139.692929,35.805975],[139.680863,35.796482]]]},"properties":{}}},
    {"code":1132112,"id":"818627","name":"戸田(埼玉)","original_name":"戸田","name_kana":"とだ","closed":false,"lat":35.817665,"lng":139.669548,"prefecture":11,"numbering":["JA19"],"lines":[11321],"attr":"heat","postal_code":"335-0021","address":"戸田市新曽字柳原","voronoi":{"type":"Feature","geometry":{"type":"Polygon","coordinates":[[[139.660233,35.80486],[139.65357,35.808564],[139.651909,35.810081],[139.675626,35.831557],[139.681547,35.819589],[139.663776,35.803828],[139.660233,35.80486]]]},"properties":{}}},
    {"code":1132113,"id":"89d42c","name":"北戸田","original_name":"北戸田","name_kana":"きたとだ","closed":false,"lat":35.826883,"lng":139.661201,"prefecture":11,"numbering":["JA20"],"lines":[11321],"attr":"heat","postal_code":"335-0021","address":"戸田市新曽字芦原","voronoi":{"type":"Feature","geometry":{"type":"Polygon","coordinates":[[[139.639625,35.826138],[139.635119,35.817392],[139.651909,35.810081],[139.675626,35.831557],[139.675562,35.833297],[139.6591,35.839579],[139.639625,35.826138]]]},"properties":{}}},
    {"code":1130510,"id":"1d1073","name":"武蔵浦和","original_name":"武蔵浦和","name_kana":"むさしうらわ","closed":false,"lat":35.846047,"lng":139.647974,"prefecture":11,"numbering":["JA21"],"lines":[11305,11321],"attr":"heat","postal_code":"336-0021","address":"さいたま市南区別所七丁目12-1","open_date":"1985-09-30","voronoi":{"type":"Feature","geometry":{"type":"Polygon","coordinates":[[[139.639625,35.826138],[139.637993,35.843473],[139.64731,35.85611],[139.658468,35.847923],[139.6591,35.839579],[139.639625,35.826138]]]},"properties":{}}},
    {"code":1132115,"id":"acd2af","name":"中浦和","original_name":"中浦和","name_kana":"なかうらわ","closed":false,"lat":35.853769,"lng":139.6375,"prefecture":11,"numbering":["JA22"],"lines":[11321],"attr":"eco","postal_code":"336-0031","address":"さいたま市南区鹿手袋１丁目","voronoi":{"type":"Feature","geometry":{"type":"Polygon","coordinates":[[[139.62528,35.856402],[139.637993,35.843473],[139.64731,35.85611],[139.646165,35.860859],[139.640476,35.863489],[139.62528,35.856402]]]},"properties":{}}},
    {"code":1132116,"id":"af3fb6","name":"南与野","original_name":"南与野","name_kana":"みなみよの","closed":false,"lat":35.867456,"lng":139.631117,"prefecture":11,"numbering":["JA23"],"lines":[11321],"attr":"eco","postal_code":"338-0013","address":"さいたま市中央区鈴谷２丁目","voronoi":{"type":"Feature","geometry":{"type":"Polygon","coordinates":[[[139.62528,35.856402],[139.593372,35.861068],[139.634254,35.876323],[139.636882,35.875087],[139.640476,35.863489],[139.62528,35.856402]]]},"properties":{}}},
    {"code":1132117,"id":"cad3d9","name":"与野本町","original_name":"与野本町","name_kana":"よのほんまち","closed":false,"lat":35.880968,"lng":139.626075,"prefecture":11,"numbering":["JA24"],"lines":[11321],"attr":"eco","postal_code":"338-0003","address":"さいたま市中央区本町東２丁目","voronoi":{"type":"Feature","geometry":{"type":"Polygon","coordinates":[[[139.634254,35.876323],[139.632069,35.884621],[139.602983,35.891948],[139.593638,35.891205],[139.585642,35.882262],[139.580507,35.873556],[139.581387,35.872006],[139.590087,35.860923],[139.593372,35.861068],[139.634254,35.876323]]]},"properties":{}}},
    {"code":1132118,"id":"369717","name":"北与野","original_name":"北与野","name_kana":"きたよの","closed":false,"lat":35.890678,"lng":139.628521,"prefecture":11,"numbering":["JA25"],"lines":[11321],"attr":"cool","postal_code":"338-0001","address":"さいたま市中央区上落合","voronoi":{"type":"Feature","geometry":{"type":"Polygon","coordinates":[[[139.633916,35.887726],[139.632069,35.884621],[139.602983,35.891948],[139.626974,35.898754],[139.633916,35.887726]]]},"properties":{}}},
    {"code":100403,"id":"d73fff","name":"大宮(埼玉)","original_name":"大宮","name_kana":"おおみや","closed":false,"lat":35.906439,"lng":139.62405,"prefecture":11,"numbering":["JA26"],"lines":[1004,1005,11319,11321,11322,11323,11332,11333,21004,99321],"attr":"heat","postal_code":"330-0853","address":"さいたま市大宮区錦町","voronoi":{"type":"Feature","geometry":{"type":"Polygon","coordinates":[[[139.626974,35.898754],[139.602983,35.891948],[139.593638,35.891205],[139.597841,35.902919],[139.618328,35.912182],[139.636384,35.911043],[139.640439,35.908968],[139.626974,35.898754]]]},"properties":{}}}
  ]
}