{
  "code":11322,
  "id":"15a08a",
  "name":"JR川越線",
  "name_kana":"じぇいあーるかわごえせん",
  "station_size":11,
  "company_code":2,
  "closed":false,
  "station_list":[
    {"code":100403,"id":"d73fff","name":"大宮(埼玉)","original_name":"大宮","name_kana":"おおみや","closed":false,"lat":35.906439,"lng":139.62405,"prefecture":11,"lines":[1004,1005,11319,11321,11322,11323,11332,11333,21004,99321],"attr":"heat","postal_code":"330-0853","address":"さいたま市大宮区錦町","voronoi":{"type":"Feature","geometry":{"type":"Polygon","coordinates":[[[139.626974,35.898754],[139.602983,35.891948],[139.59364,35.891205],[139.597842,35.902919],[139.618328,35.912182],[139.636384,35.911043],[139.640439,35.908968],[139.626974,35.898754]]]},"properties":{}}},
    {"code":1132202,"id":"3220fc","name":"日進(埼玉)","original_name":"日進","name_kana":"にっしん","closed":false,"lat":35.931555,"lng":139.606111,"prefecture":11,"lines":[11322],"attr":"cool","postal_code":"331-0823","address":"さいたま市北区日進町２丁目","voronoi":{"type":"Feature","geometry":{"type":"Polygon","coordinates":[[[139.613699,35.927721],[139.610987,35.934674],[139.586999,35.943893],[139.598316,35.911791],[139.613699,35.927721]]]},"properties":{}}},
    {"code":1132211,"id":"cb92e9","name":"西大宮","original_name":"西大宮","name_kana":"にしおおみや","closed":false,"lat":35.922297,"lng":139.57985,"prefecture":11,"lines":[11322],"attr":"eco","postal_code":"331-0000","address":"さいたま市西区大字指扇3582-4","open_date":"2009-03-14","voronoi":{"type":"Feature","geometry":{"type":"Polygon","coordinates":[[[139.58564,35.882258],[139.56103,35.951783],[139.58461,35.947831],[139.586999,35.943893],[139.598316,35.911791],[139.597842,35.902919],[139.59364,35.891205],[139.58564,35.882258]]]},"properties":{}}},
    {"code":1132203,"id":"e0baf4","name":"指扇","original_name":"指扇","name_kana":"さしおうぎ","closed":false,"lat":35.917023,"lng":139.564951,"prefecture":11,"lines":[11322],"attr":"eco","postal_code":"331-0074","address":"さいたま市西区宝来","voronoi":{"type":"Feature","geometry":{"type":"Polygon","coordinates":[[[139.556339,35.879894],[139.567431,35.875908],[139.580507,35.873556],[139.58564,35.882258],[139.56103,35.951783],[139.555354,35.954142],[139.536762,35.957467],[139.527938,35.957394],[139.549556,35.884902],[139.556339,35.879894]]]},"properties":{}}},
    {"code":1132204,"id":"66f0f7","name":"南古谷","original_name":"南古谷","name_kana":"みなみふるや","closed":false,"lat":35.903344,"lng":139.519082,"prefecture":11,"lines":[11322],"attr":"eco","postal_code":"350-0023","address":"川越市並木","voronoi":{"type":"Feature","geometry":{"type":"Polygon","coordinates":[[[139.535931,35.883525],[139.512633,35.889292],[139.501447,35.908929],[139.502104,35.915893],[139.514898,35.963595],[139.527938,35.957394],[139.549556,35.884902],[139.535931,35.883525]]]},"properties":{}}},
    {"code":1132205,"id":"27a528","name":"川越","original_name":"川越","name_kana":"かわごえ","closed":false,"lat":35.906742,"lng":139.483078,"prefecture":11,"lines":[11322,21001],"attr":"eco","postal_code":"350-1122","address":"川越市脇田町","voronoi":{"type":"Feature","geometry":{"type":"Polygon","coordinates":[[[139.467493,35.900131],[139.475847,35.886001],[139.501447,35.908929],[139.502104,35.915893],[139.478337,35.909049],[139.467493,35.900131]]]},"properties":{}}},
    {"code":1132206,"id":"0f639a","name":"西川越","original_name":"西川越","name_kana":"にしかわごえ","closed":false,"lat":35.91909,"lng":139.459746,"prefecture":11,"lines":[11322],"attr":"heat","postal_code":"350-1104","address":"川越市小ケ谷","voronoi":{"type":"Feature","geometry":{"type":"Polygon","coordinates":[[[139.487076,35.981868],[139.476995,35.988455],[139.447878,35.913497],[139.448374,35.905999],[139.464452,35.902963],[139.487076,35.981868]]]},"properties":{}}},
    {"code":1132207,"id":"0f8d3a","name":"的場","original_name":"的場","name_kana":"まとば","closed":false,"lat":35.917478,"lng":139.435376,"prefecture":11,"lines":[11322],"attr":"heat","postal_code":"350-1101","address":"川越市的場","voronoi":{"type":"Feature","geometry":{"type":"Polygon","coordinates":[[[139.426393,35.896083],[139.418156,35.920273],[139.431721,35.928394],[139.447878,35.913497],[139.448374,35.905999],[139.433273,35.895786],[139.426393,35.896083]]]},"properties":{}}},
    {"code":1132208,"id":"f3b431","name":"笠幡","original_name":"笠幡","name_kana":"かさはた","closed":false,"lat":35.907551,"lng":139.40622,"prefecture":11,"lines":[11322],"attr":"heat","postal_code":"350-1175","address":"川越市笠幡上野","voronoi":{"type":"Feature","geometry":{"type":"Polygon","coordinates":[[[139.392929,35.929137],[139.385903,35.921328],[139.392762,35.879981],[139.409319,35.882203],[139.426393,35.896083],[139.418156,35.920273],[139.404648,35.928412],[139.392929,35.929137]]]},"properties":{}}},
    {"code":1132209,"id":"6eee46","name":"武蔵高萩","original_name":"武蔵高萩","name_kana":"むさしたかはぎ","closed":false,"lat":35.901729,"lng":139.371123,"prefecture":11,"lines":[11322],"attr":"heat","postal_code":"350-1213","address":"日高市高萩","voronoi":{"type":"Feature","geometry":{"type":"Polygon","coordinates":[[[139.392762,35.879981],[139.385903,35.921328],[139.372303,35.920952],[139.352612,35.911226],[139.35922,35.870809],[139.370261,35.868912],[139.38618,35.8741],[139.386786,35.874392],[139.392762,35.879981]]]},"properties":{}}},
    {"code":1131709,"id":"e40432","name":"高麗川","original_name":"高麗川","name_kana":"こまがわ","closed":false,"lat":35.896328,"lng":139.33809,"prefecture":11,"lines":[11317,11318,11322],"attr":"heat","postal_code":"350-1205","address":"日高市原宿","voronoi":{"type":"Feature","geometry":{"type":"Polygon","coordinates":[[[139.358876,35.87068],[139.350189,35.869554],[139.326821,35.876083],[139.311957,35.910973],[139.319313,35.915745],[139.331454,35.919074],[139.341235,35.91709],[139.352612,35.911226],[139.35922,35.870809],[139.358876,35.87068]]]},"properties":{}}}
  ]
}