{
  "code":11333,
  "id":"f8787b",
  "name":"JR湘南新宿ライン",
  "name_kana":"じぇいあーるしょうなんしんじゅくらいん",
  "station_size":16,
  "company_code":2,
  "closed":false,
  "color":"#E21F26",
  "symbol":"JS",
  "station_list":[
    {"code":100403,"id":"d73fff","name":"大宮(埼玉)","original_name":"大宮","name_kana":"おおみや","closed":false,"lat":35.906439,"lng":139.62405,"prefecture":11,"numbering":["JS24"],"lines":[1004,1005,11319,11321,11322,11323,11332,11333,21004,99321],"attr":"heat","postal_code":"330-0853","address":"さいたま市大宮区錦町","voronoi":{"type":"Feature","geometry":{"type":"Polygon","coordinates":[[[139.626974,35.898754],[139.602983,35.891948],[139.593638,35.891205],[139.597841,35.902919],[139.618328,35.912182],[139.636384,35.911043],[139.640439,35.908968],[139.626974,35.898754]]]},"properties":{}}},
    {"code":1131904,"id":"09f3a7","name":"浦和","original_name":"浦和","name_kana":"うらわ","closed":false,"lat":35.858496,"lng":139.657109,"prefecture":11,"numbering":["JS23"],"lines":[11319,11323,11332,11333],"attr":"heat","postal_code":"330-0063","address":"さいたま市浦和区高砂１丁目","voronoi":{"type":"Feature","geometry":{"type":"Polygon","coordinates":[[[139.677854,35.88694],[139.646165,35.860859],[139.64731,35.85611],[139.658468,35.847923],[139.679678,35.871416],[139.677854,35.88694]]]},"properties":{}}},
    {"code":1131903,"id":"2fef76","name":"赤羽","original_name":"赤羽","name_kana":"あかばね","closed":false,"lat":35.778026,"lng":139.720928,"prefecture":13,"numbering":["JS22"],"lines":[11319,11321,11323,11332,11333],"attr":"heat","postal_code":"115-0045","address":"北区赤羽１丁目","voronoi":{"type":"Feature","geometry":{"type":"Polygon","coordinates":[[[139.71436,35.768641],[139.719317,35.769007],[139.726724,35.772095],[139.726774,35.779575],[139.713306,35.782511],[139.709939,35.776799],[139.713681,35.769268],[139.71436,35.768641]]]},"properties":{}}},
    {"code":1130212,"id":"a4dfd2","name":"池袋","original_name":"池袋","name_kana":"いけぶくろ","closed":false,"lat":35.730256,"lng":139.711086,"prefecture":13,"numbering":["JS21"],"lines":[11302,11321,11333,21001,22001,28002,28006,28010],"attr":"heat","postal_code":"171-0022","address":"東京都豊島区南池袋一丁目28-2","open_date":"1903-04-01","voronoi":{"type":"Feature","geometry":{"type":"Polygon","coordinates":[[[139.71553,35.728395],[139.712811,35.725256],[139.710605,35.724398],[139.71058,35.724411],[139.704876,35.731643],[139.706709,35.739267],[139.706917,35.739364],[139.718277,35.733531],[139.71553,35.728395]]]},"properties":{}}},
    {"code":1130208,"id":"3ff383","name":"新宿","original_name":"新宿","name_kana":"しんじゅく","closed":false,"lat":35.689729,"lng":139.700464,"prefecture":13,"numbering":["JS20"],"lines":[11302,11311,11312,11313,11321,11328,11333,24001,25001,28002,99301,99304],"attr":"heat","postal_code":"160-0022","address":"東京都新宿区新宿三丁目38-1","open_date":"1885-03-01","voronoi":{"type":"Feature","geometry":{"type":"Polygon","coordinates":[[[139.696248,35.687559],[139.700731,35.686272],[139.703526,35.686933],[139.702152,35.692377],[139.696536,35.690327],[139.696248,35.687559]]]},"properties":{}}},
    {"code":1130205,"id":"8e9a53","name":"渋谷","original_name":"渋谷","name_kana":"しぶや","closed":false,"lat":35.658871,"lng":139.701238,"prefecture":13,"numbering":["JS19"],"lines":[11302,11321,11328,11333,24006,26001,26003,28001,28008,28010],"attr":"cool","postal_code":"150-0043","address":"東京都渋谷区道玄坂一丁目1-1","open_date":"1885-03-01","voronoi":{"type":"Feature","geometry":{"type":"Polygon","coordinates":[[[139.706239,35.662993],[139.710216,35.656084],[139.708288,35.654687],[139.698522,35.652816],[139.695946,35.664944],[139.696334,35.6654],[139.698068,35.665201],[139.706239,35.662993]]]},"properties":{}}},
    {"code":1130204,"id":"43da5d","name":"恵比寿","original_name":"恵比寿","name_kana":"えびす","closed":false,"lat":35.646685,"lng":139.71007,"prefecture":13,"numbering":["JS18"],"lines":[11302,11321,11333,28003],"attr":"cool","postal_code":"150-0022","address":"東京都渋谷区恵比寿南一丁目5-5","open_date":"1901-02-25","voronoi":{"type":"Feature","geometry":{"type":"Polygon","coordinates":[[[139.718331,35.642722],[139.706305,35.637346],[139.70532,35.64133],[139.708288,35.654687],[139.710216,35.656084],[139.713262,35.655716],[139.718831,35.643637],[139.718331,35.642722]]]},"properties":{}}},
    {"code":1130201,"id":"d3bfe4","name":"大崎","original_name":"大崎","name_kana":"おおさき","closed":false,"lat":35.619772,"lng":139.728439,"prefecture":13,"numbering":["JS17"],"lines":[11302,11321,11333,99337],"attr":"cool","postal_code":"141-0032","address":"東京都品川区大崎一丁目21-4","open_date":"1901-02-25","voronoi":{"type":"Feature","geometry":{"type":"Polygon","coordinates":[[[139.72986,35.625649],[139.726151,35.622888],[139.723178,35.615551],[139.723408,35.615015],[139.732204,35.61328],[139.734155,35.614205],[139.734709,35.617535],[139.732797,35.625189],[139.72986,35.625649]]]},"properties":{}}},
    {"code":1130804,"id":"697dd3","name":"西大井","original_name":"西大井","name_kana":"にしおおい","closed":false,"lat":35.601616,"lng":139.721729,"prefecture":13,"numbering":["JS16"],"lines":[11308,11333],"attr":"heat","postal_code":"140-0015","address":"品川区西大井１丁目","voronoi":{"type":"Feature","geometry":{"type":"Polygon","coordinates":[[[139.728984,35.601972],[139.722161,35.606329],[139.717232,35.603899],[139.715842,35.600772],[139.719988,35.592804],[139.729888,35.597749],[139.730088,35.598851],[139.728984,35.601972]]]},"properties":{}}},
    {"code":1130307,"id":"7b401a","name":"武蔵小杉","original_name":"武蔵小杉","name_kana":"むさしこすぎ","closed":false,"lat":35.576692,"lng":139.659634,"prefecture":14,"numbering":["JS15"],"lines":[11303,11308,11328,11333,26001,26002],"attr":"cool","postal_code":"211-0063","address":"川崎市中原区小杉町三丁目492","open_date":"1944-04-01","voronoi":{"type":"Feature","geometry":{"type":"Polygon","coordinates":[[[139.66082,35.569538],[139.649052,35.574853],[139.651446,35.584329],[139.664274,35.576459],[139.66082,35.569538]]]},"properties":{}}},
    {"code":1130805,"id":"bc9528","name":"新川崎","original_name":"新川崎","name_kana":"しんかわさき","closed":false,"lat":35.551784,"lng":139.671481,"prefecture":14,"numbering":["JS14"],"lines":[11308,11333],"attr":"cool","postal_code":"212-0058","address":"川崎市幸区鹿島田","voronoi":{"type":"Feature","geometry":{"type":"Polygon","coordinates":[[[139.673659,35.556295],[139.672414,35.542957],[139.658621,35.53285],[139.65768,35.535072],[139.659331,35.554218],[139.660502,35.555633],[139.673659,35.556295]]]},"properties":{}}},
    {"code":1130105,"id":"b0c711","name":"横浜","original_name":"横浜","name_kana":"よこはま","closed":false,"lat":35.466195,"lng":139.622704,"prefecture":14,"numbering":["JS13"],"lines":[11301,11307,11308,11328,11332,11333,26001,27001,29001,99310,99316],"attr":"cool","postal_code":"220-0011","address":"横浜市西区高島２丁目","voronoi":{"type":"Feature","geometry":{"type":"Polygon","coordinates":[[[139.614755,35.468292],[139.621001,35.462081],[139.622625,35.462303],[139.627428,35.466566],[139.622707,35.470872],[139.619443,35.471878],[139.614755,35.468292]]]},"properties":{}}},
    {"code":1130807,"id":"b006bc","name":"保土ケ谷","original_name":"保土ケ谷","name_kana":"ほどがや","closed":false,"lat":35.446746,"lng":139.599671,"prefecture":14,"numbering":["JS12"],"lines":[11308,11333],"attr":"cool","postal_code":"240-0023","address":"横浜市保土ケ谷区岩井町","voronoi":{"type":"Feature","geometry":{"type":"Polygon","coordinates":[[[139.60521,35.448733],[139.596272,35.452293],[139.58166,35.446326],[139.576707,35.442539],[139.578169,35.438715],[139.60575,35.44073],[139.608389,35.444421],[139.60521,35.448733]]]},"properties":{}}},
    {"code":1130808,"id":"986b1d","name":"東戸塚","original_name":"東戸塚","name_kana":"ひがしとつか","closed":false,"lat":35.430353,"lng":139.556794,"prefecture":14,"numbering":["JS11"],"lines":[11308,11333],"attr":"cool","postal_code":"244-0801","address":"横浜市戸塚区品濃町","voronoi":{"type":"Feature","geometry":{"type":"Polygon","coordinates":[[[139.552112,35.452518],[139.560628,35.453892],[139.571944,35.446836],[139.576707,35.442539],[139.578169,35.438715],[139.578282,35.437319],[139.575998,35.422053],[139.567534,35.4174],[139.555463,35.416269],[139.5406,35.419107],[139.536069,35.422517],[139.540714,35.440263],[139.546698,35.448482],[139.552112,35.452518]]]},"properties":{}}},
    {"code":1130106,"id":"952a01","name":"戸塚","original_name":"戸塚","name_kana":"とつか","closed":false,"lat":35.400432,"lng":139.534282,"prefecture":14,"numbering":["JS10"],"lines":[11301,11308,11328,11333,99316],"attr":"cool","postal_code":"244-0003","address":"横浜市戸塚区戸塚町","voronoi":{"type":"Feature","geometry":{"type":"Polygon","coordinates":[[[139.528086,35.377259],[139.517637,35.377961],[139.532309,35.42132],[139.536069,35.422517],[139.5406,35.419107],[139.544995,35.385504],[139.528086,35.377259]]]},"properties":{}}},
    {"code":1130107,"id":"92c81d","name":"大船","original_name":"大船","name_kana":"おおふな","closed":false,"lat":35.353466,"lng":139.531127,"prefecture":14,"numbering":["JS09"],"lines":[11301,11307,11308,11328,11333,99326],"attr":"cool","postal_code":"247-0056","address":"鎌倉市大船１丁目","voronoi":{"type":"Feature","geometry":{"type":"Polygon","coordinates":[[[139.517637,35.377961],[139.528086,35.377259],[139.546679,35.352692],[139.540222,35.347133],[139.512366,35.353513],[139.505539,35.357207],[139.503165,35.364343],[139.504855,35.374777],[139.517637,35.377961]]]},"properties":{}}}
  ]
}