{
  "code":11335,
  "id":"d103e5",
  "name":"JR吾妻線",
  "name_kana":"じぇいあーるあがつません",
  "station_size":18,
  "company_code":2,
  "closed":false,
  "color":"#0F5474",
  "station_list":[
    {"code":1133501,"id":"a9cdd0","name":"渋川","original_name":"渋川","name_kana":"しぶかわ","closed":false,"lat":36.491251,"lng":139.008786,"prefecture":10,"lines":[11335,11342],"attr":"eco","postal_code":"377-0008","address":"渋川市渋川","voronoi":{"type":"Feature","geometry":{"type":"Polygon","coordinates":[[[138.917709,36.440906],[138.91478,36.444528],[139.006748,36.522344],[139.058425,36.494368],[138.917709,36.440906]]]},"properties":{}}},
    {"code":1133502,"id":"4ae51e","name":"金島(群馬)","original_name":"金島","name_kana":"かなしま","closed":false,"lat":36.529502,"lng":138.976421,"prefecture":10,"lines":[11335],"attr":"eco","postal_code":"377-0025","address":"渋川市川島","voronoi":{"type":"Feature","geometry":{"type":"Polygon","coordinates":[[[139.000911,36.563588],[139.006748,36.522344],[138.91478,36.444528],[138.914413,36.444808],[138.99294,36.580354],[139.000911,36.563588]]]},"properties":{}}},
    {"code":1133503,"id":"7cd4d1","name":"祖母島","original_name":"祖母島","name_kana":"うばしま","closed":false,"lat":36.540729,"lng":138.957042,"prefecture":10,"lines":[11335],"attr":"eco","postal_code":"377-0024","address":"渋川市祖母島","voronoi":{"type":"Feature","geometry":{"type":"Polygon","coordinates":[[[138.979827,36.604425],[138.991199,36.587698],[138.99294,36.580354],[138.914413,36.444808],[138.906723,36.449449],[138.96278,36.61503],[138.968338,36.613307],[138.979827,36.604425]]]},"properties":{}}},
    {"code":1133504,"id":"eec8a5","name":"小野上","original_name":"小野上","name_kana":"おのがみ","closed":false,"lat":36.552524,"lng":138.922202,"prefecture":10,"lines":[11335],"attr":"eco","postal_code":"377-0311","address":"渋川市村上","voronoi":{"type":"Feature","geometry":{"type":"Polygon","coordinates":[[[138.95019,36.622749],[138.96278,36.61503],[138.906723,36.449449],[138.888644,36.456372],[138.931708,36.62647],[138.933079,36.629487],[138.95019,36.622749]]]},"properties":{}}},
    {"code":1133505,"id":"9e73d8","name":"小野上温泉","original_name":"小野上温泉","name_kana":"おのがみおんせん","closed":false,"lat":36.556909,"lng":138.904882,"prefecture":10,"lines":[11335],"attr":"eco","postal_code":"377-0311","address":"渋川市村上字塩川","voronoi":{"type":"Feature","geometry":{"type":"Polygon","coordinates":[[[138.856852,36.503476],[138.859906,36.464569],[138.888644,36.456372],[138.931708,36.62647],[138.856852,36.503476]]]},"properties":{}}},
    {"code":1133506,"id":"dcd64c","name":"市城","original_name":"市城","name_kana":"いちしろ","closed":false,"lat":36.570685,"lng":138.882247,"prefecture":10,"lines":[11335],"attr":"eco","postal_code":"377-0421","address":"吾妻郡中之条町大字市城","voronoi":{"type":"Feature","geometry":{"type":"Polygon","coordinates":[[[138.931708,36.62647],[138.856852,36.503476],[138.852287,36.520376],[138.852784,36.549016],[138.90229,36.65345],[138.933079,36.629487],[138.931708,36.62647]]]},"properties":{}}},
    {"code":1133507,"id":"205c7d","name":"中之条","original_name":"中之条","name_kana":"なかのじょう","closed":false,"lat":36.585541,"lng":138.850908,"prefecture":10,"lines":[11335],"attr":"eco","postal_code":"377-0423","address":"吾妻郡中之条町伊勢町","voronoi":{"type":"Feature","geometry":{"type":"Polygon","coordinates":[[[138.843569,36.722552],[138.90229,36.65345],[138.852784,36.549016],[138.774433,36.700756],[138.766368,36.733675],[138.829087,36.731394],[138.843569,36.722552]]]},"properties":{}}},
    {"code":1133508,"id":"1f57cc","name":"群馬原町","original_name":"群馬原町","name_kana":"ぐんまはらまち","closed":false,"lat":36.571694,"lng":138.824091,"prefecture":10,"lines":[11335],"attr":"eco","postal_code":"377-0801","address":"吾妻郡東吾妻町原町","voronoi":{"type":"Feature","geometry":{"type":"Polygon","coordinates":[[[138.798307,36.574555],[138.852287,36.520376],[138.852784,36.549016],[138.774433,36.700756],[138.788276,36.595612],[138.798307,36.574555]]]},"properties":{}}},
    {"code":1133509,"id":"08dc14","name":"郷原","original_name":"郷原","name_kana":"ごうばら","closed":false,"lat":36.54876,"lng":138.801073,"prefecture":10,"lines":[11335],"attr":"eco","postal_code":"377-0811","address":"吾妻郡東吾妻町郷原","voronoi":{"type":"Feature","geometry":{"type":"Polygon","coordinates":[[[138.767213,36.443063],[138.771763,36.441713],[138.859906,36.464569],[138.856852,36.503476],[138.852287,36.520376],[138.798307,36.574555],[138.767213,36.443063]]]},"properties":{}}},
    {"code":1133510,"id":"c818f2","name":"矢倉(群馬)","original_name":"矢倉","name_kana":"やぐら","closed":false,"lat":36.552731,"lng":138.78428,"prefecture":10,"lines":[11335],"attr":"heat","postal_code":"377-0816","address":"吾妻郡東吾妻町矢倉","voronoi":{"type":"Feature","geometry":{"type":"Polygon","coordinates":[[[138.767213,36.443063],[138.744739,36.44787],[138.745302,36.495795],[138.788276,36.595612],[138.798307,36.574555],[138.767213,36.443063]]]},"properties":{}}},
    {"code":1133511,"id":"3d86a3","name":"岩島","original_name":"岩島","name_kana":"いわしま","closed":false,"lat":36.563239,"lng":138.759873,"prefecture":10,"lines":[11335],"attr":"heat","postal_code":"377-0815","address":"吾妻郡東吾妻町岩下","voronoi":{"type":"Feature","geometry":{"type":"Polygon","coordinates":[[[138.697381,36.756132],[138.766368,36.733675],[138.774433,36.700756],[138.788276,36.595612],[138.745302,36.495795],[138.697381,36.756132]]]},"properties":{}}},
    {"code":1133512,"id":"c64820","name":"川原湯温泉","original_name":"川原湯温泉","name_kana":"かわらゆおんせん","closed":false,"lat":36.55363,"lng":138.70767,"prefecture":10,"lines":[11335],"attr":"heat","postal_code":"377-1302","address":"吾妻郡長野原町大字川原湯","voronoi":{"type":"Feature","geometry":{"type":"Polygon","coordinates":[[[138.697381,36.756132],[138.674727,36.766963],[138.668295,36.768672],[138.668026,36.636445],[138.691999,36.44116],[138.693286,36.440716],[138.744739,36.44787],[138.745302,36.495795],[138.697381,36.756132]]]},"properties":{}}},
    {"code":1133513,"id":"65f1fe","name":"長野原草津口","original_name":"長野原草津口","name_kana":"ながのはらくさつぐち","closed":false,"lat":36.5465,"lng":138.64959,"prefecture":10,"lines":[11335],"attr":"heat","postal_code":"377-1304","address":"吾妻郡長野原町大字長野原","voronoi":{"type":"Feature","geometry":{"type":"Polygon","coordinates":[[[138.625369,36.445903],[138.619179,36.447659],[138.624077,36.506595],[138.668026,36.636445],[138.691999,36.44116],[138.625369,36.445903]]]},"properties":{}}},
    {"code":1133515,"id":"a079e9","name":"群馬大津","original_name":"群馬大津","name_kana":"ぐんまおおつ","closed":false,"lat":36.553792,"lng":138.628045,"prefecture":10,"lines":[11335],"attr":"heat","postal_code":"377-1308","address":"吾妻郡長野原町大字大津","voronoi":{"type":"Feature","geometry":{"type":"Polygon","coordinates":[[[138.589026,36.72439],[138.63357,36.774932],[138.637842,36.775712],[138.650375,36.777171],[138.668295,36.768672],[138.668026,36.636445],[138.624077,36.506595],[138.589026,36.72439]]]},"properties":{}}},
    {"code":1133516,"id":"83d893","name":"羽根尾","original_name":"羽根尾","name_kana":"はねお","closed":false,"lat":36.550164,"lng":138.605502,"prefecture":10,"lines":[11335],"attr":"cool","postal_code":"377-1307","address":"吾妻郡長野原町大字羽根尾","voronoi":{"type":"Feature","geometry":{"type":"Polygon","coordinates":[[[138.624077,36.506595],[138.589026,36.72439],[138.558054,36.693558],[138.615528,36.447882],[138.619179,36.447659],[138.624077,36.506595]]]},"properties":{}}},
    {"code":1133517,"id":"79b9d9","name":"袋倉","original_name":"袋倉","name_kana":"ふくろぐら","closed":false,"lat":36.543997,"lng":138.579141,"prefecture":10,"lines":[11335],"attr":"cool","postal_code":"377-1522","address":"吾妻郡嬬恋村大字袋倉","voronoi":{"type":"Feature","geometry":{"type":"Polygon","coordinates":[[[138.604669,36.447107],[138.51377,36.656757],[138.558054,36.693558],[138.615528,36.447882],[138.604669,36.447107]]]},"properties":{}}},
    {"code":1133518,"id":"a0b743","name":"万座・鹿沢口","original_name":"万座・鹿沢口","name_kana":"まんざ・かざわぐち","closed":false,"lat":36.531967,"lng":138.551395,"prefecture":10,"lines":[11335],"attr":"cool","postal_code":"377-1403","address":"吾妻郡嬬恋村大字鎌原","voronoi":{"type":"Feature","geometry":{"type":"Polygon","coordinates":[[[138.459738,36.62158],[138.602303,36.446572],[138.604669,36.447107],[138.51377,36.656757],[138.459738,36.62158]]]},"properties":{}}},
    {"code":1133519,"id":"fa515a","name":"大前","original_name":"大前","name_kana":"おおまえ","closed":false,"lat":36.513696,"lng":138.528966,"prefecture":10,"lines":[11335],"attr":"cool","postal_code":"377-1512","address":"吾妻郡嬬恋村大字大前","voronoi":{"type":"Feature","geometry":{"type":"Polygon","coordinates":[[[138.383003,36.532519],[138.374654,36.5159],[138.371841,36.507902],[138.377411,36.498942],[138.392245,36.480355],[138.424623,36.449053],[138.472745,36.421585],[138.503732,36.417961],[138.546764,36.425114],[138.602303,36.446572],[138.459738,36.62158],[138.434776,36.609087],[138.427727,36.602733],[138.383003,36.532519]]]},"properties":{}}}
  ]
}