{
  "code":11334,
  "id":83,
  "name":"JR烏山線",
  "name_kana":"じぇいあーるからすやません",
  "station_size":8,
  "company_code":2,
  "closed":false,
  "color":"#008000",
  "station_list":[
    {"code":1131925,"id":1610,"name":"宝積寺","original_name":"宝積寺","name_kana":"ほうしゃくじ","closed":false,"lat":36.631703,"lng":139.979487,"prefecture":9,"lines":[11319,11334],"attr":"cool","postal_code":"329-1233","address":"塩谷郡高根沢町宝積寺","voronoi":{"type":"Feature","geometry":{"type":"Polygon","coordinates":[[[139.981714,36.660498],[139.934215,36.643978],[139.977293,36.598839],[139.987227,36.599947],[140.010683,36.614307],[139.981714,36.660498]]]},"properties":{}}},
    {"code":1133402,"id":1795,"name":"下野花岡","original_name":"下野花岡","name_kana":"しもつけはなおか","closed":false,"lat":36.649965,"lng":140.008606,"prefecture":9,"lines":[11334],"attr":"heat","postal_code":"329-1207","address":"塩谷郡高根沢町花岡","voronoi":{"type":"Feature","geometry":{"type":"Polygon","coordinates":[[[140.004868,36.694432],[139.981714,36.660498],[140.010683,36.614307],[140.032428,36.615337],[140.004868,36.694432]]]},"properties":{}}},
    {"code":1133403,"id":1796,"name":"仁井田(栃木)","original_name":"仁井田","name_kana":"にいた","closed":false,"lat":36.657271,"lng":140.029573,"prefecture":9,"lines":[11334],"attr":"heat","postal_code":"329-1204","address":"塩谷郡高根沢町文挾","voronoi":{"type":"Feature","geometry":{"type":"Polygon","coordinates":[[[140.061891,36.608751],[140.061923,36.61087],[140.015841,36.721194],[140.013498,36.718274],[140.004868,36.694432],[140.032428,36.615337],[140.061891,36.608751]]]},"properties":{}}},
    {"code":1133404,"id":1797,"name":"鴻野山","original_name":"鴻野山","name_kana":"こうのやま","closed":false,"lat":36.666495,"lng":140.051656,"prefecture":9,"lines":[11334],"attr":"heat","postal_code":"321-0534","address":"那須烏山市鴻野山","voronoi":{"type":"Feature","geometry":{"type":"Polygon","coordinates":[[[140.015841,36.721194],[140.061923,36.61087],[140.106153,36.801292],[140.073153,36.791377],[140.060079,36.784449],[140.030953,36.749393],[140.015841,36.721194]]]},"properties":{}}},
    {"code":1133405,"id":1798,"name":"大金","original_name":"大金","name_kana":"おおがね","closed":false,"lat":36.656275,"lng":140.095656,"prefecture":9,"lines":[11334],"attr":"cool","postal_code":"321-0522","address":"那須烏山市大金","voronoi":{"type":"Feature","geometry":{"type":"Polygon","coordinates":[[[140.061891,36.608751],[140.061923,36.61087],[140.106153,36.801292],[140.134302,36.814816],[140.141366,36.816737],[140.135069,36.752445],[140.120575,36.67263],[140.07298,36.597143],[140.069924,36.600097],[140.061891,36.608751]]]},"properties":{}}},
    {"code":1133406,"id":1799,"name":"小塙","original_name":"小塙","name_kana":"こばな","closed":false,"lat":36.643095,"lng":140.11656,"prefecture":9,"lines":[11334],"attr":"cool","postal_code":"321-0513","address":"那須烏山市小塙","voronoi":{"type":"Feature","geometry":{"type":"Polygon","coordinates":[[[140.07298,36.597143],[140.075976,36.59282],[140.133874,36.589325],[140.141173,36.591216],[140.120575,36.67263],[140.07298,36.597143]]]},"properties":{}}},
    {"code":1133407,"id":1800,"name":"滝(栃木)","original_name":"滝","name_kana":"たき","closed":false,"lat":36.648558,"lng":140.138152,"prefecture":9,"lines":[11334],"attr":"eco","postal_code":"321-0633","address":"那須烏山市滝","voronoi":{"type":"Feature","geometry":{"type":"Polygon","coordinates":[[[140.141173,36.591216],[140.120575,36.67263],[140.135069,36.752445],[140.153069,36.591909],[140.141173,36.591216]]]},"properties":{}}},
    {"code":1133408,"id":1801,"name":"烏山","original_name":"烏山","name_kana":"からすやま","closed":false,"lat":36.650455,"lng":140.15507,"prefecture":9,"lines":[11334],"attr":"eco","postal_code":"321-0627","address":"那須烏山市南２丁目","voronoi":{"type":"Feature","geometry":{"type":"Polygon","coordinates":[[[140.161104,36.826158],[140.17877,36.831401],[140.264912,36.691092],[140.269812,36.675164],[140.272678,36.639275],[140.263687,36.611654],[140.167984,36.5906],[140.153069,36.591909],[140.135069,36.752445],[140.141366,36.816737],[140.161104,36.826158]]]},"properties":{}}}
  ]
}