{
  "code":11341,
  "id":"e9e076",
  "name":"JR両毛線",
  "name_kana":"じぇいあーるりょうもうせん",
  "station_size":22,
  "company_code":2,
  "closed":false,
  "color":"#FFFF00",
  "station_list":[
    {"code":100506,"id":"4505b7","name":"高崎","original_name":"高崎","name_kana":"たかさき","closed":false,"lat":36.322239,"lng":139.012354,"prefecture":10,"lines":[1005,1009,11318,11323,11337,11341,11342,99327],"attr":"eco","postal_code":"370-0849","address":"高崎市八島町","voronoi":{"type":"Feature","geometry":{"type":"Polygon","coordinates":[[[139.012673,36.334575],[138.987545,36.317453],[139.032241,36.317275],[139.034975,36.318072],[139.041385,36.328876],[139.012673,36.334575]]]},"properties":{}}},
    {"code":1134102,"id":"01b56a","name":"高崎問屋町","original_name":"高崎問屋町","name_kana":"たかさきとんやまち","closed":false,"lat":36.346097,"lng":139.017089,"prefecture":10,"lines":[11341,11342],"attr":"eco","postal_code":"370-0042","address":"高崎市貝沢町７１５番地","voronoi":{"type":"Feature","geometry":{"type":"Polygon","coordinates":[[[138.999782,36.362828],[139.012673,36.334575],[139.041385,36.328876],[139.05052,36.335324],[138.999782,36.362828]]]},"properties":{}}},
    {"code":1134103,"id":"3e0a15","name":"井野(群馬)","original_name":"井野","name_kana":"いの","closed":false,"lat":36.357457,"lng":139.023247,"prefecture":10,"lines":[11341,11342],"attr":"eco","postal_code":"370-0004","address":"高崎市井野町","voronoi":{"type":"Feature","geometry":{"type":"Polygon","coordinates":[[[139.016958,36.38818],[138.976212,36.394471],[138.977922,36.388793],[138.999782,36.362828],[139.05052,36.335324],[139.060682,36.33998],[139.016958,36.38818]]]},"properties":{}}},
    {"code":1134104,"id":"e924d6","name":"新前橋","original_name":"新前橋","name_kana":"しんまえばし","closed":false,"lat":36.378936,"lng":139.046924,"prefecture":10,"lines":[11341,11342],"attr":"eco","postal_code":"371-0844","address":"前橋市古市町","voronoi":{"type":"Feature","geometry":{"type":"Polygon","coordinates":[[[139.016958,36.38818],[139.053547,36.402863],[139.05793,36.392477],[139.066938,36.340183],[139.060682,36.33998],[139.016958,36.38818]]]},"properties":{}}},
    {"code":1134105,"id":"368361","name":"前橋","original_name":"前橋","name_kana":"まえばし","closed":false,"lat":36.383399,"lng":139.072833,"prefecture":10,"lines":[11341],"attr":"eco","postal_code":"371-0024","address":"前橋市表町２丁目","voronoi":{"type":"Feature","geometry":{"type":"Polygon","coordinates":[[[139.077333,36.337264],[139.066938,36.340183],[139.05793,36.392477],[139.078491,36.385701],[139.08998,36.373509],[139.077333,36.337264]]]},"properties":{}}},
    {"code":1134106,"id":"9d362f","name":"前橋大島","original_name":"前橋大島","name_kana":"まえばしおおしま","closed":false,"lat":36.370585,"lng":139.109557,"prefecture":10,"lines":[11341],"attr":"eco","postal_code":"379-2154","address":"前橋市天川大島町１３２４-３","voronoi":{"type":"Feature","geometry":{"type":"Polygon","coordinates":[[[139.08665,36.329309],[139.077333,36.337264],[139.08998,36.373509],[139.090776,36.374607],[139.093026,36.376585],[139.101335,36.381542],[139.115449,36.383312],[139.133185,36.378138],[139.103362,36.323851],[139.08665,36.329309]]]},"properties":{}}},
    {"code":1134107,"id":"110091","name":"駒形","original_name":"駒形","name_kana":"こまがた","closed":false,"lat":36.354145,"lng":139.139483,"prefecture":10,"lines":[11341],"attr":"heat","postal_code":"379-2121","address":"前橋市小屋原町","voronoi":{"type":"Feature","geometry":{"type":"Polygon","coordinates":[[[139.148348,36.304255],[139.145362,36.303967],[139.109054,36.319189],[139.103362,36.323851],[139.133185,36.378138],[139.137734,36.380479],[139.142243,36.381344],[139.151407,36.382396],[139.170874,36.376815],[139.172842,36.375729],[139.181157,36.369427],[139.148348,36.304255]]]},"properties":{}}},
    {"code":1134108,"id":"a4c7f3","name":"伊勢崎","original_name":"伊勢崎","name_kana":"いせさき","closed":false,"lat":36.326849,"lng":139.193704,"prefecture":10,"lines":[11341,21002],"attr":"heat","postal_code":"372-0055","address":"伊勢崎市曲輪町３丁目","voronoi":{"type":"Feature","geometry":{"type":"Polygon","coordinates":[[[139.19067,36.370424],[139.200153,36.370111],[139.218798,36.34185],[139.166236,36.293381],[139.148348,36.304255],[139.181157,36.369427],[139.19067,36.370424]]]},"properties":{}}},
    {"code":1134109,"id":"4bcaa3","name":"国定","original_name":"国定","name_kana":"くにさだ","closed":false,"lat":36.359018,"lng":139.242463,"prefecture":10,"lines":[11341],"attr":"heat","postal_code":"379-2221","address":"伊勢崎市国定町","voronoi":{"type":"Feature","geometry":{"type":"Polygon","coordinates":[[[139.278965,36.323658],[139.276961,36.322737],[139.258782,36.31969],[139.233714,36.327051],[139.218798,36.34185],[139.200153,36.370111],[139.211479,36.379616],[139.216466,36.382335],[139.232855,36.388146],[139.246884,36.389445],[139.264719,36.38491],[139.279118,36.363573],[139.278965,36.323658]]]},"properties":{}}},
    {"code":1134110,"id":"3833b6","name":"岩宿","original_name":"岩宿","name_kana":"いわじゅく","closed":false,"lat":36.395861,"lng":139.297058,"prefecture":10,"lines":[11341],"attr":"cool","postal_code":"379-2311","address":"みどり市笠懸町阿左美","voronoi":{"type":"Feature","geometry":{"type":"Polygon","coordinates":[[[139.264719,36.38491],[139.271297,36.396501],[139.279352,36.40558],[139.283003,36.408068],[139.291052,36.407791],[139.3075,36.399658],[139.30811,36.398734],[139.284758,36.366411],[139.279118,36.363573],[139.264719,36.38491]]]},"properties":{}}},
    {"code":1134111,"id":"5d17f9","name":"桐生","original_name":"桐生","name_kana":"きりゅう","closed":false,"lat":36.41109,"lng":139.33319,"prefecture":10,"lines":[11341,99312],"attr":"cool","postal_code":"376-0045","address":"桐生市末広町","voronoi":{"type":"Feature","geometry":{"type":"Polygon","coordinates":[[[139.326037,36.411485],[139.324387,36.40807],[139.325069,36.40435],[139.347592,36.385938],[139.377348,36.419891],[139.326037,36.411485]]]},"properties":{}}},
    {"code":1134112,"id":"ebfc76","name":"小俣(栃木)","original_name":"小俣","name_kana":"おまた","closed":false,"lat":36.37496,"lng":139.374416,"prefecture":9,"lines":[11341],"attr":"cool","postal_code":"326-0141","address":"足利市小俣町","voronoi":{"type":"Feature","geometry":{"type":"Polygon","coordinates":[[[139.343133,36.373878],[139.346049,36.363331],[139.374113,36.34118],[139.377199,36.340204],[139.472755,36.468021],[139.416756,36.461858],[139.377348,36.419891],[139.347592,36.385938],[139.343133,36.373878]]]},"properties":{}}},
    {"code":1134113,"id":"487050","name":"山前","original_name":"山前","name_kana":"やままえ","closed":false,"lat":36.347369,"lng":139.411322,"prefecture":9,"lines":[11341],"attr":"cool","postal_code":"326-0844","address":"足利市鹿島町２丁目","voronoi":{"type":"Feature","geometry":{"type":"Polygon","coordinates":[[[139.435622,36.350568],[139.411128,36.326516],[139.381029,36.333853],[139.377199,36.340204],[139.472755,36.468021],[139.474624,36.46856],[139.478271,36.468795],[139.442306,36.364315],[139.435622,36.350568]]]},"properties":{}}},
    {"code":1134114,"id":"926956","name":"足利","original_name":"足利","name_kana":"あしかが","closed":false,"lat":36.331888,"lng":139.456295,"prefecture":9,"lines":[11341],"attr":"cool","postal_code":"326-0053","address":"足利市伊勢町","voronoi":{"type":"Feature","geometry":{"type":"Polygon","coordinates":[[[139.478271,36.468795],[139.442306,36.364315],[139.454215,36.323851],[139.486813,36.32144],[139.506483,36.394537],[139.485204,36.470466],[139.478271,36.468795]]]},"properties":{}}},
    {"code":1134122,"id":"85b2fc","name":"あしかがフラワーパーク","original_name":"あしかがフラワーパーク","name_kana":"あしかがふらわーぱーく","closed":false,"lat":36.315162,"lng":139.518454,"prefecture":9,"lines":[11341],"attr":"eco","postal_code":"329-4216","address":"栃木県足利市迫間町","open_date":"2018-04-01","voronoi":{"type":"Feature","geometry":{"type":"Polygon","coordinates":[[[139.526403,36.28792],[139.525139,36.287468],[139.496995,36.299882],[139.487194,36.318295],[139.486808,36.320619],[139.486813,36.32144],[139.506483,36.394537],[139.516742,36.381999],[139.526403,36.28792]]]},"properties":{}}},
    {"code":1134115,"id":"ca8997","name":"富田(栃木)","original_name":"富田","name_kana":"とみた","closed":false,"lat":36.316209,"lng":139.52865,"prefecture":9,"lines":[11341],"attr":"eco","postal_code":"329-4217","address":"足利市駒場町","voronoi":{"type":"Feature","geometry":{"type":"Polygon","coordinates":[[[139.553669,36.325687],[139.551344,36.335481],[139.536125,36.361709],[139.516742,36.381999],[139.526403,36.28792],[139.537091,36.289661],[139.552131,36.310672],[139.553738,36.318208],[139.553669,36.325687]]]},"properties":{}}},
    {"code":1134116,"id":"74da3d","name":"佐野","original_name":"佐野","name_kana":"さの","closed":false,"lat":36.316668,"lng":139.578858,"prefecture":9,"lines":[11341,21010],"attr":"eco","postal_code":"327-0846","address":"佐野市若松町","voronoi":{"type":"Feature","geometry":{"type":"Polygon","coordinates":[[[139.553738,36.318208],[139.553669,36.325687],[139.618879,36.317833],[139.621265,36.298763],[139.553738,36.318208]]]},"properties":{}}},
    {"code":1134117,"id":"78a7d5","name":"岩舟","original_name":"岩舟","name_kana":"いわふね","closed":false,"lat":36.326561,"lng":139.657955,"prefecture":9,"lines":[11341],"attr":"heat","postal_code":"329-4307","address":"下都賀郡岩舟町大字静","voronoi":{"type":"Feature","geometry":{"type":"Polygon","coordinates":[[[139.621872,36.29632],[139.621265,36.298763],[139.618879,36.317833],[139.619404,36.339218],[139.621311,36.347082],[139.633055,36.36189],[139.657975,36.37891],[139.677058,36.336659],[139.659531,36.289734],[139.621872,36.29632]]]},"properties":{}}},
    {"code":1134118,"id":"f25153","name":"大平下","original_name":"大平下","name_kana":"おおひらした","closed":false,"lat":36.344315,"lng":139.697264,"prefecture":9,"lines":[11341],"attr":"heat","postal_code":"329-4404","address":"栃木県栃木市大平町富田","voronoi":{"type":"Feature","geometry":{"type":"Polygon","coordinates":[[[139.688167,36.331704],[139.677058,36.336659],[139.657975,36.37891],[139.674706,36.406385],[139.71592,36.355948],[139.688167,36.331704]]]},"properties":{}}},
    {"code":1134119,"id":"44db1b","name":"栃木","original_name":"栃木","name_kana":"とちぎ","closed":false,"lat":36.371912,"lng":139.731037,"prefecture":9,"lines":[11341,21003,21008],"attr":"heat","postal_code":"328-0041","address":"栃木市河合町１丁目","voronoi":{"type":"Feature","geometry":{"type":"Polygon","coordinates":[[[139.743542,36.331465],[139.758568,36.367498],[139.711279,36.396724],[139.674826,36.406946],[139.674706,36.406385],[139.71592,36.355948],[139.743542,36.331465]]]},"properties":{}}},
    {"code":1134120,"id":"a1ffab","name":"思川","original_name":"思川","name_kana":"おもいがわ","closed":false,"lat":36.351044,"lng":139.781079,"prefecture":9,"lines":[11341],"attr":"heat","postal_code":"323-0007","address":"小山市大字松沼","voronoi":{"type":"Feature","geometry":{"type":"Polygon","coordinates":[[[139.746848,36.309685],[139.743542,36.331465],[139.758568,36.367498],[139.767473,36.376327],[139.773056,36.379346],[139.8023,36.383655],[139.803854,36.383136],[139.81747,36.347539],[139.756646,36.307577],[139.746848,36.309685]]]},"properties":{}}},
    {"code":100404,"id":"dec054","name":"小山","original_name":"小山","name_kana":"おやま","closed":false,"lat":36.312747,"lng":139.806241,"prefecture":9,"lines":[1004,11319,11339,11341],"attr":"heat","postal_code":"323-0025","address":"小山市城山町","voronoi":{"type":"Feature","geometry":{"type":"Polygon","coordinates":[[[139.81747,36.347539],[139.756646,36.307577],[139.817412,36.25749],[139.837283,36.335979],[139.81747,36.347539]]]},"properties":{}}}
  ]
}