{
  "code":11343,
  "id":"d11c9e",
  "name":"JR上野東京ライン",
  "name_kana":"じぇいあーるうえのとうきょうらいん",
  "name_formal":"上野東京ライン",
  "station_size":2,
  "company_code":2,
  "closed":false,
  "color":"#F68B1E",
  "symbol":"JU",
  "station_list":[
    {"code":100201,"id":"8b222f","name":"東京","original_name":"東京","name_kana":"とうきょう","closed":false,"lat":35.681391,"lng":139.766103,"prefecture":13,"numbering":["JU01"],"lines":[1002,1004,1005,11301,11302,11308,11311,11312,11314,11326,11328,11332,11343,28002],"attr":"heat","postal_code":"100-0005","address":"東京都千代田区丸の内一丁目","open_date":"1914-12-20","voronoi":{"type":"Feature","geometry":{"type":"Polygon","coordinates":[[[139.766725,35.677891],[139.769904,35.680711],[139.769607,35.683917],[139.763811,35.684018],[139.76422,35.678699],[139.766421,35.67785],[139.766725,35.677891]]]},"properties":{}}},
    {"code":100402,"id":"93946c","name":"上野","original_name":"上野","name_kana":"うえの","closed":false,"lat":35.71379,"lng":139.777043,"prefecture":13,"numbering":["JU02"],"lines":[1004,1005,11302,11319,11320,11323,11332,11343,28001,28003],"attr":"heat","postal_code":"110-0005","address":"東京都台東区上野七丁目1-1","open_date":"1883-07-28","voronoi":{"type":"Feature","geometry":{"type":"Polygon","coordinates":[[[139.780049,35.717319],[139.78133,35.715866],[139.778651,35.709958],[139.777212,35.710141],[139.776972,35.710251],[139.773598,35.714831],[139.773659,35.71504],[139.77724,35.717674],[139.780049,35.717319]]]},"properties":{}}}
  ]
}