{
  "code":11409,
  "id":"061970",
  "name":"JR大糸線",
  "name_kana":"じぇいあーるおおいとせん",
  "station_size":42,
  "company_code":2,
  "closed":false,
  "color":"#9370DB",
  "station_list":[
    {"code":1140901,"id":"975a5b","name":"松本","original_name":"松本","name_kana":"まつもと","closed":false,"lat":36.230393,"lng":137.96445,"prefecture":20,"numbering":["42"],"lines":[11409,11412,99407],"attr":"cool","postal_code":"390-0815","address":"松本市深志１丁目","voronoi":{"type":"Feature","geometry":{"type":"Polygon","coordinates":[[[137.959087,36.231769],[137.959677,36.230224],[137.978968,36.223459],[138.088398,36.251192],[138.065584,36.2879],[137.959087,36.231769]]]},"properties":{}}},
    {"code":1140902,"id":"651e1d","name":"北松本","original_name":"北松本","name_kana":"きたまつもと","closed":false,"lat":36.236971,"lng":137.960983,"prefecture":20,"numbering":["41"],"lines":[11409],"attr":"heat","postal_code":"399-0000","address":"松本市白坂１丁目","voronoi":{"type":"Feature","geometry":{"type":"Polygon","coordinates":[[[138.048227,36.299302],[138.061386,36.295162],[138.065584,36.2879],[137.959087,36.231769],[137.954455,36.234121],[137.951066,36.239022],[137.974272,36.276462],[138.048227,36.299302]]]},"properties":{}}},
    {"code":1140903,"id":"53e280","name":"島内","original_name":"島内","name_kana":"しまうち","closed":false,"lat":36.246991,"lng":137.944817,"prefecture":20,"numbering":["40"],"lines":[11409],"attr":"heat","postal_code":"390-0851","address":"松本市大字島内青島４５８７","voronoi":{"type":"Feature","geometry":{"type":"Polygon","coordinates":[[[137.951066,36.239022],[137.943145,36.236965],[137.938647,36.237744],[137.936822,36.273864],[137.974272,36.276462],[137.951066,36.239022]]]},"properties":{}}},
    {"code":1140904,"id":"efe66a","name":"島高松","original_name":"島高松","name_kana":"しまたかまつ","closed":false,"lat":36.246322,"lng":137.931576,"prefecture":20,"numbering":["39"],"lines":[11409],"attr":"heat","postal_code":"399-8251","address":"松本市大字島内","voronoi":{"type":"Feature","geometry":{"type":"Polygon","coordinates":[[[137.938647,36.237744],[137.931182,36.233977],[137.92188,36.237933],[137.932283,36.27464],[137.936822,36.273864],[137.938647,36.237744]]]},"properties":{}}},
    {"code":1140905,"id":"ee3563","name":"梓橋","original_name":"梓橋","name_kana":"あずさばし","closed":false,"lat":36.250162,"lng":137.918027,"prefecture":20,"numbering":["38"],"lines":[11409],"attr":"heat","postal_code":"399-8204","address":"安曇野市豊科高家","voronoi":{"type":"Feature","geometry":{"type":"Polygon","coordinates":[[[137.910093,36.235797],[137.902127,36.236901],[137.899531,36.23788],[137.919597,36.267414],[137.931566,36.274961],[137.932283,36.27464],[137.92188,36.237933],[137.910093,36.235797]]]},"properties":{}}},
    {"code":1140906,"id":"2b2820","name":"一日市場","original_name":"一日市場","name_kana":"ひといちば","closed":false,"lat":36.2596,"lng":137.904136,"prefecture":20,"numbering":["37"],"lines":[11409],"attr":"heat","postal_code":"399-8101","address":"安曇野市三郷明盛","voronoi":{"type":"Feature","geometry":{"type":"Polygon","coordinates":[[[137.868662,36.244539],[137.871036,36.243486],[137.892429,36.237688],[137.899531,36.23788],[137.919597,36.267414],[137.839436,36.262877],[137.84284,36.260135],[137.868662,36.244539]]]},"properties":{}}},
    {"code":1140907,"id":"9da10f","name":"中萱","original_name":"中萱","name_kana":"なかがや","closed":false,"lat":36.273434,"lng":137.903353,"prefecture":20,"numbering":["36"],"lines":[11409],"attr":"heat","postal_code":"399-8101","address":"安曇野市三郷明盛","voronoi":{"type":"Feature","geometry":{"type":"Polygon","coordinates":[[[137.821269,36.275188],[137.84013,36.280953],[137.85737,36.28255],[137.926198,36.282145],[137.931566,36.274961],[137.919597,36.267414],[137.839436,36.262877],[137.825165,36.272045],[137.821269,36.275188]]]},"properties":{}}},
    {"code":1140908,"id":"c3a516","name":"南豊科","original_name":"南豊科","name_kana":"みなみとよしな","closed":false,"lat":36.291124,"lng":137.903457,"prefecture":20,"numbering":["35"],"lines":[11409],"attr":"heat","postal_code":"399-8205","address":"安曇野市豊科","voronoi":{"type":"Feature","geometry":{"type":"Polygon","coordinates":[[[137.85737,36.28255],[137.920954,36.300985],[137.926198,36.282145],[137.85737,36.28255]]]},"properties":{}}},
    {"code":1140909,"id":"0652cc","name":"豊科","original_name":"豊科","name_kana":"とよしな","closed":false,"lat":36.299957,"lng":137.900896,"prefecture":20,"numbering":["34"],"lines":[11409],"attr":"eco","postal_code":"399-8205","address":"安曇野市豊科","voronoi":{"type":"Feature","geometry":{"type":"Polygon","coordinates":[[[137.919217,36.324914],[137.84013,36.280953],[137.85737,36.28255],[137.920954,36.300985],[137.920001,36.324492],[137.919217,36.324914]]]},"properties":{}}},
    {"code":1140910,"id":"8de090","name":"柏矢町","original_name":"柏矢町","name_kana":"はくやちょう","closed":false,"lat":36.322529,"lng":137.888349,"prefecture":20,"numbering":["33"],"lines":[11409],"attr":"eco","postal_code":"399-8304","address":"安曇野市穂高柏原","voronoi":{"type":"Feature","geometry":{"type":"Polygon","coordinates":[[[137.784725,36.291445],[137.804458,36.281537],[137.821269,36.275188],[137.84013,36.280953],[137.919217,36.324914],[137.908003,36.339769],[137.784725,36.291445]]]},"properties":{}}},
    {"code":1140911,"id":"62e3e1","name":"穂高","original_name":"穂高","name_kana":"ほたか","closed":false,"lat":36.33906,"lng":137.881869,"prefecture":20,"numbering":["32"],"lines":[11409],"attr":"eco","postal_code":"399-8303","address":"安曇野市穂高","voronoi":{"type":"Feature","geometry":{"type":"Polygon","coordinates":[[[137.784725,36.291445],[137.72879,36.313993],[137.816384,36.338431],[137.903715,36.35362],[137.908003,36.339769],[137.784725,36.291445]]]},"properties":{}}},
    {"code":1140912,"id":"654858","name":"有明(長野)","original_name":"有明","name_kana":"ありあけ","closed":false,"lat":36.359949,"lng":137.878236,"prefecture":20,"numbering":["31"],"lines":[11409],"attr":"eco","postal_code":"399-8302","address":"安曇野市穂高北穂高","voronoi":{"type":"Feature","geometry":{"type":"Polygon","coordinates":[[[137.816384,36.338431],[137.903715,36.35362],[137.906825,36.380422],[137.816384,36.338431]]]},"properties":{}}},
    {"code":1140913,"id":"69cc08","name":"安曇追分","original_name":"安曇追分","name_kana":"あずみおいわけ","closed":false,"lat":36.371795,"lng":137.872736,"prefecture":20,"numbering":["30"],"lines":[11409],"attr":"eco","postal_code":"399-8302","address":"安曇野市穂高北穂高","voronoi":{"type":"Feature","geometry":{"type":"Polygon","coordinates":[[[137.911756,36.396235],[137.672216,36.329858],[137.72879,36.313993],[137.816384,36.338431],[137.906825,36.380422],[137.911756,36.396235]]]},"properties":{}}},
    {"code":1140914,"id":"69ea49","name":"細野","original_name":"細野","name_kana":"ほその","closed":false,"lat":36.397107,"lng":137.865722,"prefecture":20,"numbering":["29"],"lines":[11409],"attr":"eco","postal_code":"399-8501","address":"北安曇郡松川村細野","voronoi":{"type":"Feature","geometry":{"type":"Polygon","coordinates":[[[137.672216,36.329858],[137.653003,36.333939],[137.929575,36.422761],[137.911756,36.396235],[137.672216,36.329858]]]},"properties":{}}},
    {"code":1140915,"id":"373994","name":"北細野","original_name":"北細野","name_kana":"きたほその","closed":false,"lat":36.406439,"lng":137.862725,"prefecture":20,"numbering":["28"],"lines":[11409],"attr":"eco","postal_code":"399-8501","address":"北安曇郡松川村細野","voronoi":{"type":"Feature","geometry":{"type":"Polygon","coordinates":[[[137.937056,36.432344],[137.929575,36.422761],[137.653003,36.333939],[137.590821,36.345716],[137.594763,36.355024],[137.936986,36.432787],[137.937056,36.432344]]]},"properties":{}}},
    {"code":1140916,"id":"a3581d","name":"信濃松川","original_name":"信濃松川","name_kana":"しなのまつかわ","closed":false,"lat":36.424456,"lng":137.858631,"prefecture":20,"numbering":["27"],"lines":[11409],"attr":"eco","postal_code":"399-8501","address":"北安曇郡松川村赤芝","voronoi":{"type":"Feature","geometry":{"type":"Polygon","coordinates":[[[137.936986,36.432787],[137.594763,36.355024],[137.604133,36.379418],[137.751145,36.418726],[137.936336,36.449251],[137.936986,36.432787]]]},"properties":{}}},
    {"code":1140917,"id":"5b5190","name":"安曇沓掛","original_name":"安曇沓掛","name_kana":"あずみくつかけ","closed":false,"lat":36.447795,"lng":137.854784,"prefecture":20,"numbering":["26"],"lines":[11409],"attr":"eco","postal_code":"398-0004","address":"大町市大字常盤区須沼","voronoi":{"type":"Feature","geometry":{"type":"Polygon","coordinates":[[[137.751145,36.418726],[137.879832,36.46884],[137.904283,36.46801],[137.937863,36.463604],[137.936336,36.449251],[137.751145,36.418726]]]},"properties":{}}},
    {"code":1140918,"id":"e3e258","name":"信濃常盤","original_name":"信濃常盤","name_kana":"しなのときわ","closed":false,"lat":36.467403,"lng":137.847148,"prefecture":20,"numbering":["25"],"lines":[11409],"attr":"eco","postal_code":"398-0004","address":"大町市大字常盤区下一本木","voronoi":{"type":"Feature","geometry":{"type":"Polygon","coordinates":[[[137.651589,36.498781],[137.795269,36.500801],[137.879832,36.46884],[137.751145,36.418726],[137.604133,36.379418],[137.634474,36.484678],[137.651589,36.498781]]]},"properties":{}}},
    {"code":1140919,"id":"2896a2","name":"南大町","original_name":"南大町","name_kana":"みなみおおまち","closed":false,"lat":36.491536,"lng":137.856269,"prefecture":20,"numbering":["24"],"lines":[11409],"attr":"cool","postal_code":"398-0002","address":"大町市大町字大新田","voronoi":{"type":"Feature","geometry":{"type":"Polygon","coordinates":[[[137.904283,36.46801],[137.843587,36.5054],[137.821501,36.506796],[137.795269,36.500801],[137.879832,36.46884],[137.904283,36.46801]]]},"properties":{}}},
    {"code":1140920,"id":"757cec","name":"信濃大町","original_name":"信濃大町","name_kana":"しなのおおまち","closed":false,"lat":36.50031,"lng":137.861674,"prefecture":20,"numbering":["23"],"lines":[11409],"attr":"cool","postal_code":"398-0002","address":"大町市大字大町","voronoi":{"type":"Feature","geometry":{"type":"Polygon","coordinates":[[[137.966774,36.527564],[137.937863,36.463604],[137.904283,36.46801],[137.843587,36.5054],[137.967981,36.532525],[137.966774,36.527564]]]},"properties":{}}},
    {"code":1140921,"id":"c2dfcb","name":"北大町","original_name":"北大町","name_kana":"きたおおまち","closed":false,"lat":36.517558,"lng":137.857913,"prefecture":20,"numbering":["22"],"lines":[11409],"attr":"cool","postal_code":"398-0002","address":"大町市大字大町字荒沢","voronoi":{"type":"Feature","geometry":{"type":"Polygon","coordinates":[[[137.967981,36.532525],[137.843587,36.5054],[137.821501,36.506796],[137.895755,36.554933],[137.916521,36.563659],[137.978698,36.565683],[137.97876,36.565244],[137.967981,36.532525]]]},"properties":{}}},
    {"code":1140922,"id":"4edc91","name":"信濃木崎","original_name":"信濃木崎","name_kana":"しなのきざき","closed":false,"lat":36.535643,"lng":137.846189,"prefecture":20,"numbering":["21"],"lines":[11409],"attr":"cool","postal_code":"398-0001","address":"大町市大字平字木崎","voronoi":{"type":"Feature","geometry":{"type":"Polygon","coordinates":[[[137.651589,36.498781],[137.795269,36.500801],[137.821501,36.506796],[137.895755,36.554933],[137.660069,36.508679],[137.651589,36.498781]]]},"properties":{}}},
    {"code":1140923,"id":"4f3920","name":"稲尾","original_name":"稲尾","name_kana":"いなお","closed":false,"lat":36.554058,"lng":137.842575,"prefecture":20,"numbering":["20"],"lines":[11409],"attr":"cool","postal_code":"398-0001","address":"大町市大字平字道下","voronoi":{"type":"Feature","geometry":{"type":"Polygon","coordinates":[[[137.913214,36.564455],[137.692146,36.550135],[137.660069,36.508679],[137.895755,36.554933],[137.916521,36.563659],[137.913214,36.564455]]]},"properties":{}}},
    {"code":1140924,"id":"ce7fa2","name":"海ノ口","original_name":"海ノ口","name_kana":"うみのくち","closed":false,"lat":36.565652,"lng":137.841824,"prefecture":20,"numbering":["19"],"lines":[11409],"attr":"cool","postal_code":"398-0001","address":"大町市大字平字下海道","voronoi":{"type":"Feature","geometry":{"type":"Polygon","coordinates":[[[137.875129,36.576975],[137.913214,36.564455],[137.692146,36.550135],[137.722213,36.592259],[137.875129,36.576975]]]},"properties":{}}},
    {"code":1140925,"id":"1f4f70","name":"簗場","original_name":"簗場","name_kana":"やなば","closed":false,"lat":36.594666,"lng":137.844724,"prefecture":20,"numbering":["18"],"lines":[11409],"attr":"cool","postal_code":"398-0001","address":"大町市大字平","voronoi":{"type":"Feature","geometry":{"type":"Polygon","coordinates":[[[137.730533,36.607466],[137.722213,36.592259],[137.875129,36.576975],[137.833701,36.61518],[137.730533,36.607466]]]},"properties":{}}},
    {"code":1140926,"id":"793a33","name":"ヤナバスキー場前","original_name":"ヤナバスキー場前","name_kana":"やなばすきーじょうまえ","closed":true,"lat":36.605851,"lng":137.855039,"prefecture":20,"numbering":["17"],"lines":[11409],"attr":"unknown","postal_code":"398-0001","address":"大町市大字平","open_date":"1985-12-24","closed_date":"2019-03-16","voronoi":{"type":"Feature","geometry":{"type":"Polygon","coordinates":[[[137.993806,36.637512],[137.978698,36.565683],[137.916521,36.563659],[137.913214,36.564455],[137.875129,36.576975],[137.833701,36.61518],[137.885968,36.637736],[137.922068,36.643556],[137.92909,36.644096],[137.989476,36.63821],[137.993806,36.637512]]]},"properties":{}}},
    {"code":1140927,"id":"aac8b3","name":"南神城","original_name":"南神城","name_kana":"みなみかみしろ","closed":false,"lat":36.637105,"lng":137.841551,"prefecture":20,"numbering":["16"],"lines":[11409],"attr":"cool","postal_code":"399-9211","address":"北安曇郡白馬村大字神城","voronoi":{"type":"Feature","geometry":{"type":"Polygon","coordinates":[[[137.750822,36.669861],[137.730533,36.607466],[137.833701,36.61518],[137.885968,36.637736],[137.750822,36.669861]]]},"properties":{}}},
    {"code":1140928,"id":"969c95","name":"神城","original_name":"神城","name_kana":"かみしろ","closed":false,"lat":36.658287,"lng":137.846586,"prefecture":20,"numbering":["15"],"lines":[11409],"attr":"cool","postal_code":"399-9211","address":"北安曇郡白馬村大字神城","voronoi":{"type":"Feature","geometry":{"type":"Polygon","coordinates":[[[137.750822,36.669861],[137.755096,36.690807],[137.922068,36.643556],[137.885968,36.637736],[137.750822,36.669861]]]},"properties":{}}},
    {"code":1140929,"id":"e1fb02","name":"飯森","original_name":"飯森","name_kana":"いいもり","closed":false,"lat":36.670563,"lng":137.85006,"prefecture":20,"numbering":["14"],"lines":[11409],"attr":"cool","postal_code":"399-9211","address":"北安曇郡白馬村大字神城字飯森","voronoi":{"type":"Feature","geometry":{"type":"Polygon","coordinates":[[[137.761116,36.734949],[137.755096,36.690807],[137.922068,36.643556],[137.92909,36.644096],[137.761194,36.735191],[137.761116,36.734949]]]},"properties":{}}},
    {"code":1140930,"id":"d0fc43","name":"白馬","original_name":"白馬","name_kana":"はくば","closed":false,"lat":36.695922,"lng":137.863819,"prefecture":20,"numbering":["13"],"lines":[11409],"attr":"cool","postal_code":"399-9301","address":"北安曇郡白馬村大字北城四ツ谷","voronoi":{"type":"Feature","geometry":{"type":"Polygon","coordinates":[[[137.92909,36.644096],[137.761194,36.735191],[137.765427,36.758586],[137.989476,36.63821],[137.92909,36.644096]]]},"properties":{}}},
    {"code":1140931,"id":"b9b335","name":"信濃森上","original_name":"信濃森上","name_kana":"しなのもりうえ","closed":false,"lat":36.711132,"lng":137.871991,"prefecture":20,"numbering":["12"],"lines":[11409],"attr":"cool","postal_code":"399-9301","address":"北安曇郡白馬村大字北城","voronoi":{"type":"Feature","geometry":{"type":"Polygon","coordinates":[[[137.76746,36.777878],[137.765427,36.758586],[137.989476,36.63821],[137.993806,36.637512],[138.011103,36.663275],[137.76746,36.777878]]]},"properties":{}}},
    {"code":1140932,"id":"9a0e67","name":"白馬大池","original_name":"白馬大池","name_kana":"はくばおおいけ","closed":false,"lat":36.739918,"lng":137.885531,"prefecture":20,"numbering":["11"],"lines":[11409],"attr":"cool","postal_code":"399-9400","address":"北安曇郡小谷村大字千国","voronoi":{"type":"Feature","geometry":{"type":"Polygon","coordinates":[[[137.766968,36.798678],[137.805268,36.803869],[137.822956,36.797849],[138.015321,36.671173],[138.012185,36.664561],[138.011103,36.663275],[137.76746,36.777878],[137.766968,36.798678]]]},"properties":{}}},
    {"code":1140933,"id":"38aec6","name":"千国","original_name":"千国","name_kana":"ちくに","closed":false,"lat":36.763249,"lng":137.900895,"prefecture":20,"numbering":["10"],"lines":[11409],"attr":"cool","postal_code":"399-9400","address":"北安曇郡小谷村大字千国","voronoi":{"type":"Feature","geometry":{"type":"Polygon","coordinates":[[[138.015321,36.671173],[137.822956,36.797849],[137.873331,36.789538],[138.025976,36.689025],[138.015321,36.671173]]]},"properties":{}}},
    {"code":1140934,"id":"b19e94","name":"南小谷","original_name":"南小谷","name_kana":"みなみおたり","closed":false,"lat":36.774604,"lng":137.908372,"prefecture":20,"numbering":["9"],"lines":[11409],"attr":"cool","postal_code":"399-9400","address":"北安曇郡小谷村大字千国","voronoi":{"type":"Feature","geometry":{"type":"Polygon","coordinates":[[[137.873331,36.789538],[138.025976,36.689025],[138.036482,36.704892],[138.058192,36.743008],[138.052616,36.792392],[137.873331,36.789538]]]},"properties":{}}},
    {"code":1140935,"id":"ee81c2","name":"中土","original_name":"中土","name_kana":"なかつち","closed":false,"lat":36.80558,"lng":137.907879,"prefecture":20,"lines":[11409],"attr":"cool","postal_code":"399-9400","address":"北安曇郡小谷村大字中小谷池原下","voronoi":{"type":"Feature","geometry":{"type":"Polygon","coordinates":[[[138.052405,36.829681],[137.839072,36.821445],[137.805268,36.803869],[137.822956,36.797849],[137.873331,36.789538],[138.052616,36.792392],[138.052405,36.829681]]]},"properties":{}}},
    {"code":1140936,"id":"a04015","name":"北小谷","original_name":"北小谷","name_kana":"きたおたり","closed":false,"lat":36.842567,"lng":137.906451,"prefecture":20,"lines":[11409],"attr":"cool","postal_code":"399-9601","address":"北安曇郡小谷村大字北小谷","voronoi":{"type":"Feature","geometry":{"type":"Polygon","coordinates":[[[137.957635,36.927084],[138.014539,36.94512],[138.028388,36.943133],[138.051618,36.935622],[138.057681,36.873066],[138.052405,36.829681],[137.839072,36.821445],[137.949183,36.922928],[137.957635,36.927084]]]},"properties":{}}},
    {"code":1140937,"id":"f736ab","name":"平岩","original_name":"平岩","name_kana":"ひらいわ","closed":false,"lat":36.88688,"lng":137.86561,"prefecture":15,"lines":[11409],"attr":"eco","postal_code":"949-0464","address":"糸魚川市大字大所字平岩","voronoi":{"type":"Feature","geometry":{"type":"Polygon","coordinates":[[[137.839072,36.821445],[137.805268,36.803869],[137.766968,36.798678],[137.752648,36.818799],[137.730839,36.871205],[137.730957,36.871475],[137.757719,36.899926],[137.949183,36.922928],[137.839072,36.821445]]]},"properties":{}}},
    {"code":1140938,"id":"205729","name":"小滝","original_name":"小滝","name_kana":"こたき","closed":false,"lat":36.938155,"lng":137.85945,"prefecture":15,"lines":[11409],"attr":"eco","postal_code":"949-0462","address":"糸魚川市大字小滝","voronoi":{"type":"Feature","geometry":{"type":"Polygon","coordinates":[[[137.809696,36.966807],[137.957635,36.927084],[137.949183,36.922928],[137.757719,36.899926],[137.784973,36.94809],[137.809696,36.966807]]]},"properties":{}}},
    {"code":1140939,"id":"225562","name":"根知","original_name":"根知","name_kana":"ねち","closed":false,"lat":36.966683,"lng":137.86711,"prefecture":15,"lines":[11409],"attr":"eco","postal_code":"949-0536","address":"糸魚川市大字根小屋","voronoi":{"type":"Feature","geometry":{"type":"Polygon","coordinates":[[[138.014539,36.94512],[137.974446,36.97224],[137.838783,36.990598],[137.827219,36.989262],[137.809696,36.966807],[137.957635,36.927084],[138.014539,36.94512]]]},"properties":{}}},
    {"code":1140940,"id":"a74688","name":"頸城大野","original_name":"頸城大野","name_kana":"くびきおおの","closed":false,"lat":37.006124,"lng":137.872447,"prefecture":15,"lines":[11409],"attr":"cool","postal_code":"941-0071","address":"糸魚川市大字大野","voronoi":{"type":"Feature","geometry":{"type":"Polygon","coordinates":[[[137.838783,36.990598],[137.882581,37.026132],[137.901007,37.023489],[137.966025,36.980587],[137.974446,36.97224],[137.838783,36.990598]]]},"properties":{}}},
    {"code":1140941,"id":"ee7997","name":"姫川(新潟)","original_name":"姫川","name_kana":"ひめかわ","closed":false,"lat":37.020339,"lng":137.860914,"prefecture":15,"lines":[11409],"attr":"cool","postal_code":"941-0071","address":"糸魚川市大字大野","voronoi":{"type":"Feature","geometry":{"type":"Polygon","coordinates":[[[137.882581,37.026132],[137.873642,37.031771],[137.828631,37.032539],[137.827219,36.989262],[137.838783,36.990598],[137.882581,37.026132]]]},"properties":{}}},
    {"code":100909,"id":"6c0a71","name":"糸魚川","original_name":"糸魚川","name_kana":"いといがわ","closed":false,"lat":37.043631,"lng":137.861311,"prefecture":15,"lines":[1009,11405,11409,99423],"attr":"heat","postal_code":"941-0061","address":"糸魚川市大町１丁目","voronoi":{"type":"Feature","geometry":{"type":"Polygon","coordinates":[[[137.53732,37.936799],[137.545155,37.977454],[137.792432,37.338143],[137.873642,37.031771],[137.828631,37.032539],[137.53732,37.936799]]]},"properties":{}}}
  ]
}