{
  "code":11419,
  "id":"669cf3",
  "name":"JR七尾線",
  "name_kana":"じぇいあーるななおせん",
  "station_size":20,
  "company_code":4,
  "closed":false,
  "color":"#B7282E",
  "station_list":[
    {"code":1141901,"id":"ab7adc","name":"津幡","original_name":"津幡","name_kana":"つばた","closed":false,"lat":36.657895,"lng":136.730759,"prefecture":17,"lines":[11419,99426],"attr":"cool","postal_code":"929-0343","address":"河北郡津幡町字南中条","voronoi":{"type":"Feature","geometry":{"type":"Polygon","coordinates":[[[136.680523,36.661721],[136.70515,36.669307],[136.731895,36.667252],[136.766464,36.643169],[136.782628,36.575779],[136.780038,36.571953],[136.680523,36.661721]]]},"properties":{}}},
    {"code":1141902,"id":"6793a4","name":"中津幡","original_name":"中津幡","name_kana":"なかつばた","closed":false,"lat":36.67156,"lng":136.740279,"prefecture":17,"lines":[11419],"attr":"cool","postal_code":"929-0323","address":"河北郡津幡町字津幡","voronoi":{"type":"Feature","geometry":{"type":"Polygon","coordinates":[[[136.731895,36.667252],[136.758334,36.709017],[136.765156,36.715457],[136.766464,36.643169],[136.731895,36.667252]]]},"properties":{}}},
    {"code":1141903,"id":"953858","name":"本津幡","original_name":"本津幡","name_kana":"ほんつばた","closed":false,"lat":36.676673,"lng":136.732202,"prefecture":17,"lines":[11419],"attr":"cool","postal_code":"929-0326","address":"河北郡津幡町字清水","voronoi":{"type":"Feature","geometry":{"type":"Polygon","coordinates":[[[136.70515,36.669307],[136.731895,36.667252],[136.758334,36.709017],[136.70515,36.669307]]]},"properties":{}}},
    {"code":1141904,"id":"093d95","name":"能瀬","original_name":"能瀬","name_kana":"のせ","closed":false,"lat":36.693152,"lng":136.719898,"prefecture":17,"lines":[11419],"attr":"cool","postal_code":"929-0319","address":"河北郡津幡町字能瀬","voronoi":{"type":"Feature","geometry":{"type":"Polygon","coordinates":[[[136.765156,36.715457],[136.767382,36.723182],[136.735078,36.721378],[136.664467,36.681269],[136.669443,36.674134],[136.67458,36.667461],[136.679166,36.66223],[136.680523,36.661721],[136.70515,36.669307],[136.758334,36.709017],[136.765156,36.715457]]]},"properties":{}}},
    {"code":1141905,"id":"69835e","name":"宇野気","original_name":"宇野気","name_kana":"うのけ","closed":false,"lat":36.722795,"lng":136.70306,"prefecture":17,"lines":[11419],"attr":"cool","postal_code":"929-1125","address":"かほく市宇野気","voronoi":{"type":"Feature","geometry":{"type":"Polygon","coordinates":[[[136.30067,36.961535],[136.664467,36.681269],[136.735078,36.721378],[136.30067,36.961535]]]},"properties":{}}},
    {"code":1141906,"id":"1df4e7","name":"横山(石川)","original_name":"横山","name_kana":"よこやま","closed":false,"lat":36.747739,"lng":136.71685,"prefecture":17,"lines":[11419],"attr":"cool","postal_code":"929-1105","address":"かほく市横山","voronoi":{"type":"Feature","geometry":{"type":"Polygon","coordinates":[[[136.13686,37.09541],[136.08124,37.120172],[136.30067,36.961535],[136.735078,36.721378],[136.767382,36.723182],[136.773321,36.729082],[136.13686,37.09541]]]},"properties":{}}},
    {"code":1141907,"id":"ce26c1","name":"高松(石川)","original_name":"高松","name_kana":"たかまつ","closed":false,"lat":36.768541,"lng":136.728823,"prefecture":17,"lines":[11419],"attr":"cool","postal_code":"929-1214","address":"かほく市内高松","voronoi":{"type":"Feature","geometry":{"type":"Polygon","coordinates":[[[136.556024,36.90751],[136.794885,36.743177],[136.773321,36.729082],[136.13686,37.09541],[136.165608,37.083219],[136.556024,36.90751]]]},"properties":{}}},
    {"code":1141908,"id":"cf689b","name":"免田","original_name":"免田","name_kana":"めんでん","closed":false,"lat":36.795806,"lng":136.747581,"prefecture":17,"lines":[11419],"attr":"cool","postal_code":"929-1333","address":"羽咋郡宝達志水町免田","voronoi":{"type":"Feature","geometry":{"type":"Polygon","coordinates":[[[136.828729,36.755259],[136.833611,36.759942],[136.643027,36.875928],[136.556024,36.90751],[136.794885,36.743177],[136.828729,36.755259]]]},"properties":{}}},
    {"code":1141909,"id":"60750c","name":"宝達","original_name":"宝達","name_kana":"ほうだつ","closed":false,"lat":36.819875,"lng":136.762229,"prefecture":17,"lines":[11419],"attr":"cool","postal_code":"929-1343","address":"羽咋郡宝達志水町小川","voronoi":{"type":"Feature","geometry":{"type":"Polygon","coordinates":[[[136.853762,36.77411],[136.833611,36.759942],[136.643027,36.875928],[136.693759,36.863456],[136.867149,36.794479],[136.853762,36.77411]]]},"properties":{}}},
    {"code":1141910,"id":"d27ea5","name":"敷浪","original_name":"敷浪","name_kana":"しきなみ","closed":false,"lat":36.848094,"lng":136.773455,"prefecture":17,"lines":[11419],"attr":"cool","postal_code":"929-1415","address":"羽咋郡宝達志水町敷浪","voronoi":{"type":"Feature","geometry":{"type":"Polygon","coordinates":[[[136.693759,36.863456],[136.867149,36.794479],[136.882353,36.811723],[136.882076,36.84499],[136.867959,36.854241],[136.693759,36.863456]]]},"properties":{}}},
    {"code":1141911,"id":"4b8349","name":"南羽咋","original_name":"南羽咋","name_kana":"みなみはくい","closed":false,"lat":36.870324,"lng":136.774631,"prefecture":17,"lines":[11419],"attr":"eco","postal_code":"925-0044","address":"羽咋市新保町","voronoi":{"type":"Feature","geometry":{"type":"Polygon","coordinates":[[[136.866957,36.855082],[136.165608,37.083219],[136.556024,36.90751],[136.643027,36.875928],[136.693759,36.863456],[136.867959,36.854241],[136.866957,36.855082]]]},"properties":{}}},
    {"code":1141912,"id":"b90b3a","name":"羽咋","original_name":"羽咋","name_kana":"はくい","closed":false,"lat":36.897073,"lng":136.783332,"prefecture":17,"lines":[11419],"attr":"eco","postal_code":"925-0033","address":"羽咋市川原町","voronoi":{"type":"Feature","geometry":{"type":"Polygon","coordinates":[[[136.13686,37.09541],[136.08124,37.120172],[135.891263,37.227634],[135.689079,37.375851],[136.387576,37.145302],[136.840953,36.884609],[136.866957,36.855082],[136.165608,37.083219],[136.13686,37.09541]]]},"properties":{}}},
    {"code":1141913,"id":"d0b30b","name":"千路","original_name":"千路","name_kana":"ちじ","closed":false,"lat":36.928139,"lng":136.801195,"prefecture":17,"lines":[11419],"attr":"eco","postal_code":"925-0012","address":"羽咋市千路町","voronoi":{"type":"Feature","geometry":{"type":"Polygon","coordinates":[[[136.387576,37.145302],[136.6609,37.066576],[136.78078,37.02185],[136.840953,36.884609],[136.387576,37.145302]]]},"properties":{}}},
    {"code":1141914,"id":"2ed588","name":"金丸","original_name":"金丸","name_kana":"かねまる","closed":false,"lat":36.943344,"lng":136.835874,"prefecture":17,"lines":[11419],"attr":"eco","postal_code":"929-1521","address":"鹿島郡中能登町金丸","voronoi":{"type":"Feature","geometry":{"type":"Polygon","coordinates":[[[136.840953,36.884609],[136.78078,37.02185],[136.819414,37.015679],[136.896305,36.868554],[136.882076,36.84499],[136.867959,36.854241],[136.866957,36.855082],[136.840953,36.884609]]]},"properties":{}}},
    {"code":1141915,"id":"d2aea6","name":"能登部","original_name":"能登部","name_kana":"のとべ","closed":false,"lat":36.960867,"lng":136.869403,"prefecture":17,"lines":[11419],"attr":"heat","postal_code":"929-1603","address":"鹿島郡中能登町徳丸","voronoi":{"type":"Feature","geometry":{"type":"Polygon","coordinates":[[[136.850685,37.018799],[136.819414,37.015679],[136.896305,36.868554],[136.92508,36.899989],[136.850685,37.018799]]]},"properties":{}}},
    {"code":1141916,"id":"40112c","name":"良川","original_name":"良川","name_kana":"よしかわ","closed":false,"lat":36.976662,"lng":136.894628,"prefecture":17,"lines":[11419],"attr":"heat","postal_code":"929-1717","address":"鹿島郡中能登町良川","voronoi":{"type":"Feature","geometry":{"type":"Polygon","coordinates":[[[136.92508,36.899989],[136.850685,37.018799],[136.853051,37.019653],[136.887493,37.020982],[136.894483,37.012884],[136.932855,36.905878],[136.92508,36.899989]]]},"properties":{}}},
    {"code":1141917,"id":"210fd7","name":"能登二宮","original_name":"能登二宮","name_kana":"のとにのみや","closed":false,"lat":36.984824,"lng":136.917389,"prefecture":17,"lines":[11419],"attr":"heat","postal_code":"929-1811","address":"鹿島郡中能登町二宮","voronoi":{"type":"Feature","geometry":{"type":"Polygon","coordinates":[[[137.009312,36.947382],[136.894483,37.012884],[136.932855,36.905878],[137.009312,36.947382]]]},"properties":{}}},
    {"code":1141918,"id":"74397a","name":"徳田(石川)","original_name":"徳田","name_kana":"とくだ","closed":false,"lat":37.007449,"lng":136.930295,"prefecture":17,"lines":[11419],"attr":"heat","postal_code":"926-0824","address":"七尾市下町","voronoi":{"type":"Feature","geometry":{"type":"Polygon","coordinates":[[[136.930721,37.041229],[136.91625,37.040279],[136.887493,37.020982],[136.894483,37.012884],[137.009312,36.947382],[137.020264,36.951576],[136.930721,37.041229]]]},"properties":{}}},
    {"code":1141919,"id":"6c2171","name":"七尾","original_name":"七尾","name_kana":"ななお","closed":false,"lat":37.041613,"lng":136.964501,"prefecture":17,"lines":[11419,99418],"attr":"heat","postal_code":"926-0811","address":"七尾市御祓町","voronoi":{"type":"Feature","geometry":{"type":"Polygon","coordinates":[[[137.203735,37.001825],[137.254392,37.174451],[137.269734,37.242542],[137.074476,37.179787],[137.031606,37.159107],[136.930721,37.041229],[137.020264,36.951576],[137.106748,36.963363],[137.183041,36.988129],[137.198186,36.99649],[137.203735,37.001825]]]},"properties":{}}},
    {"code":1141920,"id":"75f595","name":"和倉温泉","original_name":"和倉温泉","name_kana":"わくらおんせん","closed":false,"lat":37.074663,"lng":136.925884,"prefecture":17,"lines":[11419,99418],"attr":"heat","postal_code":"926-0171","address":"七尾市石崎町","voronoi":{"type":"Feature","geometry":{"type":"Polygon","coordinates":[[[136.930721,37.041229],[136.91625,37.040279],[136.898317,37.109836],[136.929629,37.131924],[137.031606,37.159107],[136.930721,37.041229]]]},"properties":{}}}
  ]
}