{
  "code":11414,
  "id":"e23796",
  "name":"JR飯田線(天竜峡～辰野)",
  "name_kana":"じぇいあーるいいだせん",
  "station_size":44,
  "company_code":3,
  "closed":false,
  "color":"#87CEEB",
  "symbol":"CD",
  "station_list":[
    {"code":1141351,"id":"efccc1","name":"天竜峡","original_name":"天竜峡","name_kana":"てんりゅうきょう","closed":false,"lat":35.441114,"lng":137.81732,"prefecture":20,"lines":[11413,11414],"attr":"heat","postal_code":"399-2431","address":"飯田市川路","voronoi":{"type":"Feature","geometry":{"type":"Polygon","coordinates":[[[137.866014,35.432753],[137.755034,35.437916],[137.830206,35.449073],[137.866014,35.432753]]]},"properties":{}}},
    {"code":1141402,"id":"ac5eb9","name":"川路","original_name":"川路","name_kana":"かわじ","closed":false,"lat":35.452946,"lng":137.815564,"prefecture":20,"lines":[11414],"attr":"heat","postal_code":"399-2431","address":"飯田市川路","voronoi":{"type":"Feature","geometry":{"type":"Polygon","coordinates":[[[137.755034,35.437916],[137.72784,35.436568],[137.661303,35.443549],[137.665375,35.459661],[137.670711,35.467225],[137.800859,35.481394],[137.830206,35.449073],[137.755034,35.437916]]]},"properties":{}}},
    {"code":1141403,"id":"a90136","name":"時又","original_name":"時又","name_kana":"ときまた","closed":false,"lat":35.46402,"lng":137.82776,"prefecture":20,"lines":[11414],"attr":"heat","postal_code":"399-2563","address":"飯田市時又","voronoi":{"type":"Feature","geometry":{"type":"Polygon","coordinates":[[[137.813604,35.485584],[137.811778,35.485611],[137.800859,35.481394],[137.830206,35.449073],[137.866014,35.432753],[137.870485,35.43135],[137.822847,35.481018],[137.813604,35.485584]]]},"properties":{}}},
    {"code":1141404,"id":"536ce8","name":"駄科","original_name":"駄科","name_kana":"だしな","closed":false,"lat":35.4754,"lng":137.839625,"prefecture":20,"lines":[11414],"attr":"heat","postal_code":"399-2561","address":"飯田市駄科","voronoi":{"type":"Feature","geometry":{"type":"Polygon","coordinates":[[[137.918892,35.411115],[137.88017,35.426581],[137.870485,35.43135],[137.822847,35.481018],[137.881622,35.482448],[137.914631,35.479498],[137.915989,35.478771],[138.024756,35.409688],[137.918892,35.411115]]]},"properties":{}}},
    {"code":1141405,"id":"2ae00c","name":"毛賀","original_name":"毛賀","name_kana":"けが","closed":false,"lat":35.487445,"lng":137.839332,"prefecture":20,"lines":[11414],"attr":"heat","postal_code":"395-0813","address":"飯田市毛賀","voronoi":{"type":"Feature","geometry":{"type":"Polygon","coordinates":[[[137.813604,35.485584],[137.829624,35.494681],[137.881622,35.482448],[137.822847,35.481018],[137.813604,35.485584]]]},"properties":{}}},
    {"code":1141406,"id":"0eced8","name":"伊那八幡","original_name":"伊那八幡","name_kana":"いなやわた","closed":false,"lat":35.49683,"lng":137.84154,"prefecture":20,"lines":[11414],"attr":"heat","postal_code":"395-0000","address":"飯田市松尾","voronoi":{"type":"Feature","geometry":{"type":"Polygon","coordinates":[[[137.881622,35.482448],[137.829624,35.494681],[137.832428,35.498409],[137.866404,35.507327],[137.904746,35.486779],[137.914631,35.479498],[137.881622,35.482448]]]},"properties":{}}},
    {"code":1141407,"id":"218c06","name":"下山村","original_name":"下山村","name_kana":"しもやまむら","closed":false,"lat":35.50426,"lng":137.83959,"prefecture":20,"lines":[11414],"attr":"heat","postal_code":"395-0803","address":"飯田市鼎下山","voronoi":{"type":"Feature","geometry":{"type":"Polygon","coordinates":[[[137.832428,35.498409],[137.835433,35.512065],[137.858762,35.512954],[137.866404,35.507327],[137.832428,35.498409]]]},"properties":{}}},
    {"code":1141408,"id":"4bca94","name":"鼎","original_name":"鼎","name_kana":"かなえ","closed":false,"lat":35.506726,"lng":137.828383,"prefecture":20,"lines":[11414],"attr":"heat","postal_code":"395-0801","address":"飯田市鼎中平","voronoi":{"type":"Feature","geometry":{"type":"Polygon","coordinates":[[[137.832428,35.498409],[137.829624,35.494681],[137.813604,35.485584],[137.811778,35.485611],[137.818817,35.509795],[137.827379,35.514564],[137.832809,35.514135],[137.835433,35.512065],[137.832428,35.498409]]]},"properties":{}}},
    {"code":1141409,"id":"638b64","name":"切石","original_name":"切石","name_kana":"きりいし","closed":false,"lat":35.512339,"lng":137.809098,"prefecture":20,"lines":[11414],"attr":"heat","postal_code":"395-0807","address":"飯田市鼎切石","voronoi":{"type":"Feature","geometry":{"type":"Polygon","coordinates":[[[137.811778,35.485611],[137.800859,35.481394],[137.670711,35.467225],[137.722057,35.586117],[137.72409,35.587828],[137.759559,35.609692],[137.818817,35.509795],[137.811778,35.485611]]]},"properties":{}}},
    {"code":1141410,"id":"53e7f7","name":"飯田","original_name":"飯田","name_kana":"いいだ","closed":false,"lat":35.519544,"lng":137.821244,"prefecture":20,"lines":[11414],"attr":"heat","postal_code":"395-0000","address":"飯田市上飯田","voronoi":{"type":"Feature","geometry":{"type":"Polygon","coordinates":[[[137.786839,35.629048],[137.759559,35.609692],[137.818817,35.509795],[137.827379,35.514564],[137.79292,35.625195],[137.786839,35.629048]]]},"properties":{}}},
    {"code":1141411,"id":"4692f3","name":"桜町(長野)","original_name":"桜町","name_kana":"さくらまち","closed":false,"lat":35.522147,"lng":137.829601,"prefecture":20,"lines":[11414],"attr":"heat","postal_code":"395-0014","address":"飯田市桜町２丁目","voronoi":{"type":"Feature","geometry":{"type":"Polygon","coordinates":[[[137.815472,35.609538],[137.814723,35.610523],[137.804543,35.618466],[137.79292,35.625195],[137.827379,35.514564],[137.832809,35.514135],[137.839294,35.544822],[137.815472,35.609538]]]},"properties":{}}},
    {"code":1141412,"id":"e55f72","name":"伊那上郷","original_name":"伊那上郷","name_kana":"いなかみさと","closed":false,"lat":35.520164,"lng":137.838984,"prefecture":20,"lines":[11414],"attr":"cool","postal_code":"395-0004","address":"飯田市上郷黒田","voronoi":{"type":"Feature","geometry":{"type":"Polygon","coordinates":[[[137.839294,35.544822],[137.832809,35.514135],[137.835433,35.512065],[137.858762,35.512954],[137.839294,35.544822]]]},"properties":{}}},
    {"code":1141413,"id":"1b5693","name":"元善光寺","original_name":"元善光寺","name_kana":"もとぜんこうじ","closed":false,"lat":35.533843,"lng":137.861375,"prefecture":20,"lines":[11414],"attr":"cool","postal_code":"395-0001","address":"飯田市座光寺","voronoi":{"type":"Feature","geometry":{"type":"Polygon","coordinates":[[[137.815472,35.609538],[137.839294,35.544822],[137.858762,35.512954],[137.866404,35.507327],[137.904746,35.486779],[137.82835,35.598059],[137.815472,35.609538]]]},"properties":{}}},
    {"code":1141414,"id":"e5ff2a","name":"下市田","original_name":"下市田","name_kana":"しもいちだ","closed":false,"lat":35.544165,"lng":137.87641,"prefecture":20,"lines":[11414],"attr":"cool","postal_code":"399-3103","address":"下伊那郡高森町下市田","voronoi":{"type":"Feature","geometry":{"type":"Polygon","coordinates":[[[137.869937,35.569518],[137.82835,35.598059],[137.904746,35.486779],[137.914631,35.479498],[137.915989,35.478771],[137.869937,35.569518]]]},"properties":{}}},
    {"code":1141415,"id":"4280c0","name":"市田","original_name":"市田","name_kana":"いちだ","closed":false,"lat":35.549325,"lng":137.886578,"prefecture":20,"lines":[11414],"attr":"cool","postal_code":"399-3103","address":"下伊那郡高森町下市田","voronoi":{"type":"Feature","geometry":{"type":"Polygon","coordinates":[[[138.024756,35.409688],[138.0601,35.401105],[138.06649,35.399746],[138.100833,35.427417],[138.110428,35.436939],[137.916751,35.550722],[137.869937,35.569518],[137.915989,35.478771],[138.024756,35.409688]]]},"properties":{}}},
    {"code":1141416,"id":"310662","name":"下平","original_name":"下平","name_kana":"しもだいら","closed":false,"lat":35.572597,"lng":137.895922,"prefecture":20,"lines":[11414],"attr":"cool","postal_code":"399-3101","address":"下伊那郡高森町山吹","voronoi":{"type":"Feature","geometry":{"type":"Polygon","coordinates":[[[137.815472,35.609538],[137.814723,35.610523],[137.883552,35.598066],[137.916751,35.550722],[137.869937,35.569518],[137.82835,35.598059],[137.815472,35.609538]]]},"properties":{}}},
    {"code":1141417,"id":"0d2711","name":"山吹","original_name":"山吹","name_kana":"やまぶき","closed":false,"lat":35.577758,"lng":137.903282,"prefecture":20,"lines":[11414],"attr":"cool","postal_code":"399-3101","address":"下伊那郡高森町山吹","voronoi":{"type":"Feature","geometry":{"type":"Polygon","coordinates":[[[138.110428,35.436939],[137.916751,35.550722],[137.883552,35.598066],[137.887945,35.597979],[138.136959,35.460009],[138.110428,35.436939]]]},"properties":{}}},
    {"code":1141418,"id":"847193","name":"伊那大島","original_name":"伊那大島","name_kana":"いなおおしま","closed":false,"lat":35.595698,"lng":137.913222,"prefecture":20,"lines":[11414],"attr":"cool","postal_code":"399-3303","address":"下伊那郡松川町元大島","voronoi":{"type":"Feature","geometry":{"type":"Polygon","coordinates":[[[137.972058,35.616974],[137.922504,35.612441],[137.887945,35.597979],[138.136959,35.460009],[138.178638,35.493474],[138.190491,35.55665],[137.972058,35.616974]]]},"properties":{}}},
    {"code":1141419,"id":"6921b4","name":"上片桐","original_name":"上片桐","name_kana":"かみかたぎり","closed":false,"lat":35.617583,"lng":137.904064,"prefecture":20,"lines":[11414],"attr":"cool","postal_code":"399-3301","address":"下伊那郡松川町上片桐","voronoi":{"type":"Feature","geometry":{"type":"Polygon","coordinates":[[[137.804543,35.618466],[137.814723,35.610523],[137.883552,35.598066],[137.887945,35.597979],[137.922504,35.612441],[137.895197,35.630216],[137.804543,35.618466]]]},"properties":{}}},
    {"code":1141420,"id":"ee40b2","name":"伊那田島","original_name":"伊那田島","name_kana":"いなたじま","closed":false,"lat":35.627221,"lng":137.910338,"prefecture":20,"lines":[11414],"attr":"cool","postal_code":"399-3802","address":"上伊那郡中川村片桐","voronoi":{"type":"Feature","geometry":{"type":"Polygon","coordinates":[[[137.914112,35.640813],[137.895197,35.630216],[137.922504,35.612441],[137.972058,35.616974],[137.93206,35.640153],[137.914112,35.640813]]]},"properties":{}}},
    {"code":1141421,"id":"23c785","name":"高遠原","original_name":"高遠原","name_kana":"たかとおばら","closed":false,"lat":35.644693,"lng":137.90055,"prefecture":20,"lines":[11414],"attr":"cool","postal_code":"399-3705","address":"上伊那郡飯島町七久保","voronoi":{"type":"Feature","geometry":{"type":"Polygon","coordinates":[[[137.786839,35.629048],[137.796035,35.664742],[137.824336,35.72446],[137.847635,35.712928],[137.914112,35.640813],[137.895197,35.630216],[137.804543,35.618466],[137.79292,35.625195],[137.786839,35.629048]]]},"properties":{}}},
    {"code":1141422,"id":"ab154c","name":"七久保","original_name":"七久保","name_kana":"ななくぼ","closed":false,"lat":35.654645,"lng":137.911346,"prefecture":20,"lines":[11414],"attr":"cool","postal_code":"399-3705","address":"上伊那郡飯島町七久保","voronoi":{"type":"Feature","geometry":{"type":"Polygon","coordinates":[[[137.917934,35.667834],[137.93206,35.640153],[137.914112,35.640813],[137.847635,35.712928],[137.860635,35.707818],[137.877964,35.69862],[137.917934,35.667834]]]},"properties":{}}},
    {"code":1141423,"id":"e272ff","name":"伊那本郷","original_name":"伊那本郷","name_kana":"いなほんごう","closed":false,"lat":35.66543,"lng":137.93248,"prefecture":20,"lines":[11414],"attr":"cool","postal_code":"399-3704","address":"上伊那郡飯島町本郷","voronoi":{"type":"Feature","geometry":{"type":"Polygon","coordinates":[[[137.960302,35.679964],[137.917934,35.667834],[137.93206,35.640153],[137.972058,35.616974],[138.190491,35.55665],[138.191978,35.561213],[138.196125,35.579215],[138.183471,35.650344],[138.181813,35.653552],[138.167597,35.67576],[137.960302,35.679964]]]},"properties":{}}},
    {"code":1141424,"id":"71ada0","name":"飯島","original_name":"飯島","name_kana":"いいじま","closed":false,"lat":35.677571,"lng":137.929004,"prefecture":20,"lines":[11414],"attr":"eco","postal_code":"399-3702","address":"上伊那郡飯島町飯島","voronoi":{"type":"Feature","geometry":{"type":"Polygon","coordinates":[[[137.877964,35.69862],[137.917934,35.667834],[137.960302,35.679964],[137.877964,35.69862]]]},"properties":{}}},
    {"code":1141425,"id":"ae77db","name":"田切","original_name":"田切","name_kana":"たぎり","closed":false,"lat":35.695613,"lng":137.933092,"prefecture":20,"lines":[11414],"attr":"eco","postal_code":"399-3701","address":"上伊那郡飯島町田切","voronoi":{"type":"Feature","geometry":{"type":"Polygon","coordinates":[[[137.860635,35.707818],[138.158674,35.691894],[138.167597,35.67576],[137.960302,35.679964],[137.877964,35.69862],[137.860635,35.707818]]]},"properties":{}}},
    {"code":1141426,"id":"18a49e","name":"伊那福岡","original_name":"伊那福岡","name_kana":"いなふくおか","closed":false,"lat":35.712233,"lng":137.93398,"prefecture":20,"lines":[11414],"attr":"eco","postal_code":"399-4117","address":"駒ヶ根市赤穂","voronoi":{"type":"Feature","geometry":{"type":"Polygon","coordinates":[[[137.847635,35.712928],[137.824336,35.72446],[137.824742,35.728772],[138.061439,35.708809],[138.158567,35.692105],[138.158674,35.691894],[137.860635,35.707818],[137.847635,35.712928]]]},"properties":{}}},
    {"code":1141427,"id":"701108","name":"小町屋","original_name":"小町屋","name_kana":"こまちや","closed":false,"lat":35.726781,"lng":137.935207,"prefecture":20,"lines":[11414],"attr":"eco","postal_code":"399-4117","address":"駒ヶ根市赤穂","voronoi":{"type":"Feature","geometry":{"type":"Polygon","coordinates":[[[137.824742,35.728772],[137.825359,35.750907],[138.048977,35.711695],[138.061439,35.708809],[137.824742,35.728772]]]},"properties":{}}},
    {"code":1141428,"id":"12e106","name":"駒ヶ根","original_name":"駒ヶ根","name_kana":"こまがね","closed":false,"lat":35.736219,"lng":137.936862,"prefecture":20,"lines":[11414],"attr":"eco","postal_code":"399-4106","address":"長野県駒ヶ根市東町1-1","voronoi":{"type":"Feature","geometry":{"type":"Polygon","coordinates":[[[138.048977,35.711695],[137.825359,35.750907],[137.825238,35.759124],[137.893344,35.754659],[138.048977,35.711695]]]},"properties":{}}},
    {"code":1141429,"id":"dc0ee7","name":"大田切","original_name":"大田切","name_kana":"おおたぎり","closed":false,"lat":35.748162,"lng":137.940159,"prefecture":20,"lines":[11414],"attr":"eco","postal_code":"399-4117","address":"駒ヶ根市赤穂","voronoi":{"type":"Feature","geometry":{"type":"Polygon","coordinates":[[[138.139908,35.737837],[137.968666,35.759636],[137.893344,35.754659],[138.048977,35.711695],[138.061439,35.708809],[138.158567,35.692105],[138.139908,35.737837]]]},"properties":{}}},
    {"code":1141430,"id":"f6353b","name":"宮田","original_name":"宮田","name_kana":"みやだ","closed":false,"lat":35.76726,"lng":137.938897,"prefecture":20,"lines":[11414],"attr":"eco","postal_code":"399-4301","address":"上伊那郡宮田村","voronoi":{"type":"Feature","geometry":{"type":"Polygon","coordinates":[[[137.821483,35.783696],[137.823507,35.787538],[137.827176,35.792844],[137.902786,35.790918],[137.968666,35.759636],[137.893344,35.754659],[137.825238,35.759124],[137.821483,35.783696]]]},"properties":{}}},
    {"code":1141431,"id":"875cc3","name":"赤木","original_name":"赤木","name_kana":"あかぎ","closed":false,"lat":35.777887,"lng":137.943943,"prefecture":20,"lines":[11414],"attr":"eco","postal_code":"399-4431","address":"伊那市西春近","voronoi":{"type":"Feature","geometry":{"type":"Polygon","coordinates":[[[137.9029,35.790931],[137.902786,35.790918],[137.968666,35.759636],[138.139908,35.737837],[138.139799,35.738173],[138.135267,35.748099],[138.054113,35.781251],[138.033123,35.787616],[138.021648,35.790507],[137.9029,35.790931]]]},"properties":{}}},
    {"code":1141432,"id":"033d76","name":"沢渡","original_name":"沢渡","name_kana":"さわんど","closed":false,"lat":35.803681,"lng":137.944035,"prefecture":20,"lines":[11414],"attr":"eco","postal_code":"399-4431","address":"伊那市西春近","voronoi":{"type":"Feature","geometry":{"type":"Polygon","coordinates":[[[138.021648,35.790507],[137.9029,35.790931],[137.961469,35.816759],[138.021648,35.790507]]]},"properties":{}}},
    {"code":1141433,"id":"2017e4","name":"下島(JR)","original_name":"下島","name_kana":"しもじま","closed":false,"lat":35.812706,"lng":137.940055,"prefecture":20,"lines":[11414],"attr":"eco","postal_code":"399-4431","address":"長野県伊那市西春近小出島区","voronoi":{"type":"Feature","geometry":{"type":"Polygon","coordinates":[[[137.9029,35.790931],[137.902786,35.790918],[137.827176,35.792844],[137.85916,35.867384],[137.871476,35.88371],[137.961469,35.816759],[137.9029,35.790931]]]},"properties":{}}},
    {"code":1141434,"id":"33f28e","name":"伊那市","original_name":"伊那市","name_kana":"いなし","closed":false,"lat":35.838435,"lng":137.959196,"prefecture":20,"lines":[11414],"attr":"eco","postal_code":"396-0021","address":"伊那市伊那","voronoi":{"type":"Feature","geometry":{"type":"Polygon","coordinates":[[[137.874536,35.889543],[137.871476,35.88371],[137.961469,35.816759],[138.021648,35.790507],[138.033123,35.787616],[137.885744,35.899629],[137.874536,35.889543]]]},"properties":{}}},
    {"code":1141435,"id":"e04a10","name":"伊那北","original_name":"伊那北","name_kana":"いなきた","closed":false,"lat":35.84524,"lng":137.964368,"prefecture":20,"lines":[11414],"attr":"eco","postal_code":"396-0021","address":"伊那市伊那","voronoi":{"type":"Feature","geometry":{"type":"Polygon","coordinates":[[[138.033123,35.787616],[137.885744,35.899629],[137.894175,35.907927],[137.897793,35.906389],[137.932505,35.886367],[138.054113,35.781251],[138.033123,35.787616]]]},"properties":{}}},
    {"code":1141436,"id":"660db3","name":"田畑","original_name":"田畑","name_kana":"たばた","closed":false,"lat":35.860791,"lng":137.97781,"prefecture":20,"lines":[11414],"attr":"eco","postal_code":"399-4511","address":"上伊那郡南箕輪村松ノ木","voronoi":{"type":"Feature","geometry":{"type":"Polygon","coordinates":[[[138.128681,35.781452],[138.135267,35.748099],[138.054113,35.781251],[137.932505,35.886367],[138.115826,35.824731],[138.128681,35.781452]]]},"properties":{}}},
    {"code":1141437,"id":"8e4bc3","name":"北殿","original_name":"北殿","name_kana":"きたとの","closed":false,"lat":35.879377,"lng":137.984059,"prefecture":20,"lines":[11414],"attr":"eco","postal_code":"399-4511","address":"上伊那郡南箕輪村","voronoi":{"type":"Feature","geometry":{"type":"Polygon","coordinates":[[[138.114169,35.83214],[138.103403,35.868517],[137.897793,35.906389],[137.932505,35.886367],[138.115826,35.824731],[138.114169,35.83214]]]},"properties":{}}},
    {"code":1141438,"id":"81db41","name":"木ノ下","original_name":"木ノ下","name_kana":"きのした","closed":false,"lat":35.900892,"lng":137.988022,"prefecture":20,"lines":[11414],"attr":"eco","postal_code":"399-4601","address":"上伊那郡箕輪町中箕輪","voronoi":{"type":"Feature","geometry":{"type":"Polygon","coordinates":[[[138.0962,35.902182],[138.096974,35.900836],[138.103403,35.868517],[137.897793,35.906389],[137.894175,35.907927],[137.896135,35.91182],[138.0962,35.902182]]]},"properties":{}}},
    {"code":1141439,"id":"349675","name":"伊那松島","original_name":"伊那松島","name_kana":"いなまつしま","closed":false,"lat":35.913865,"lng":137.988647,"prefecture":20,"lines":[11414],"attr":"eco","postal_code":"399-4601","address":"上伊那郡箕輪町中箕輪","voronoi":{"type":"Feature","geometry":{"type":"Polygon","coordinates":[[[137.896135,35.91182],[138.0962,35.902182],[138.078371,35.937978],[137.896359,35.912357],[137.896135,35.91182]]]},"properties":{}}},
    {"code":1141440,"id":"27ff6a","name":"沢","original_name":"沢","name_kana":"さわ","closed":false,"lat":35.936385,"lng":137.985477,"prefecture":20,"lines":[11414],"attr":"eco","postal_code":"399-4601","address":"上伊那郡箕輪町中箕輪","voronoi":{"type":"Feature","geometry":{"type":"Polygon","coordinates":[[[138.078371,35.937978],[137.896359,35.912357],[137.904938,35.943051],[138.050232,35.946103],[138.077886,35.939353],[138.078371,35.937978]]]},"properties":{}}},
    {"code":1141441,"id":"ce861c","name":"羽場(長野)","original_name":"羽場","name_kana":"はば","closed":false,"lat":35.953094,"lng":137.985126,"prefecture":20,"lines":[11414],"attr":"eco","postal_code":"399-0428","address":"上伊那郡辰野町伊那富","voronoi":{"type":"Feature","geometry":{"type":"Polygon","coordinates":[[[137.909422,35.955826],[137.999472,35.961961],[138.023612,35.956348],[138.050232,35.946103],[137.904938,35.943051],[137.905888,35.948618],[137.909422,35.955826]]]},"properties":{}}},
    {"code":1141442,"id":"ba28ed","name":"伊那新町","original_name":"伊那新町","name_kana":"いなしんまち","closed":false,"lat":35.9688,"lng":137.984056,"prefecture":20,"lines":[11414],"attr":"eco","postal_code":"399-0428","address":"上伊那郡辰野町伊那富","voronoi":{"type":"Feature","geometry":{"type":"Polygon","coordinates":[[[137.999472,35.961961],[137.909422,35.955826],[137.91625,35.974425],[137.968633,35.988684],[137.999472,35.961961]]]},"properties":{}}},
    {"code":1141443,"id":"1c4468","name":"宮木","original_name":"宮木","name_kana":"みやき","closed":false,"lat":35.976247,"lng":137.990509,"prefecture":20,"lines":[11414],"attr":"eco","postal_code":"399-0428","address":"上伊那郡辰野町伊那富","voronoi":{"type":"Feature","geometry":{"type":"Polygon","coordinates":[[[137.977915,35.993316],[137.968633,35.988684],[137.999472,35.961961],[138.023612,35.956348],[137.977915,35.993316]]]},"properties":{}}},
    {"code":1131150,"id":"d8fd99","name":"辰野","original_name":"辰野","name_kana":"たつの","closed":false,"lat":35.984565,"lng":137.997238,"prefecture":20,"lines":[11311,11414],"attr":"cool","postal_code":"399-0421","address":"上伊那郡辰野町大字辰野","voronoi":{"type":"Feature","geometry":{"type":"Polygon","coordinates":[[[138.075453,35.975147],[138.000764,36.013266],[137.977915,35.993316],[138.023612,35.956348],[138.050232,35.946103],[138.077886,35.939353],[138.075453,35.975147]]]},"properties":{}}}
  ]
}