{
  "code":11410,
  "id":"01316a",
  "name":"JR弥彦線",
  "name_kana":"じぇいあーるやひこせん",
  "station_size":8,
  "company_code":2,
  "closed":false,
  "color":"#922790",
  "station_list":[
    {"code":1141001,"id":"ec0c47","name":"弥彦","original_name":"弥彦","name_kana":"やひこ","closed":false,"lat":37.699161,"lng":138.831761,"prefecture":15,"lines":[11410],"attr":"eco","postal_code":"959-0323","address":"西蒲原郡弥彦村大字弥彦","voronoi":{"type":"Feature","geometry":{"type":"Polygon","coordinates":[[[138.758063,37.8308],[137.617018,38.577259],[137.638288,38.548324],[138.00878,38.160256],[138.013597,38.155424],[138.684691,37.701861],[138.748318,37.676124],[138.813624,37.661837],[138.828224,37.663352],[138.851908,37.718745],[138.836463,37.752192],[138.758063,37.8308]]]},"properties":{}}},
    {"code":1141002,"id":"d58b5e","name":"矢作","original_name":"矢作","name_kana":"やはぎ","closed":false,"lat":37.690649,"lng":138.851669,"prefecture":15,"lines":[11410],"attr":"eco","postal_code":"959-0305","address":"西蒲原郡弥彦村大字矢作","voronoi":{"type":"Feature","geometry":{"type":"Polygon","coordinates":[[[138.841371,37.660657],[138.828224,37.663352],[138.851908,37.718745],[138.862061,37.709425],[138.866255,37.698178],[138.864451,37.68456],[138.841371,37.660657]]]},"properties":{}}},
    {"code":1140818,"id":"7f5095","name":"吉田(新潟)","original_name":"吉田","name_kana":"よしだ","closed":false,"lat":37.687111,"lng":138.878377,"prefecture":15,"lines":[11408,11410],"attr":"cool","postal_code":"959-0264","address":"燕市吉田","voronoi":{"type":"Feature","geometry":{"type":"Polygon","coordinates":[[[138.890994,37.671574],[138.864451,37.68456],[138.866255,37.698178],[138.895507,37.690668],[138.890994,37.671574]]]},"properties":{}}},
    {"code":1141004,"id":"580dc2","name":"西燕","original_name":"西燕","name_kana":"にしつばめ","closed":false,"lat":37.679819,"lng":138.909232,"prefecture":15,"lines":[11410],"attr":"eco","postal_code":"959-1200","address":"燕市大字東太田字花見","voronoi":{"type":"Feature","geometry":{"type":"Polygon","coordinates":[[[138.903661,37.649878],[138.892183,37.665762],[138.890994,37.671574],[138.895507,37.690668],[138.916295,37.715951],[138.931133,37.72643],[138.956498,37.732934],[138.903661,37.649878]]]},"properties":{}}},
    {"code":1141005,"id":"30ccc2","name":"燕","original_name":"燕","name_kana":"つばめ","closed":false,"lat":37.667613,"lng":138.928419,"prefecture":15,"lines":[11410],"attr":"heat","postal_code":"959-1253","address":"燕市本町２丁目","voronoi":{"type":"Feature","geometry":{"type":"Polygon","coordinates":[[[138.965526,37.736875],[138.956498,37.732934],[138.903661,37.649878],[138.905634,37.641919],[138.982253,37.686184],[138.98927,37.707564],[138.983036,37.739284],[138.965526,37.736875]]]},"properties":{}}},
    {"code":100511,"id":"c163ec","name":"燕三条","original_name":"燕三条","name_kana":"つばめさんじょう","closed":false,"lat":37.648824,"lng":138.939274,"prefecture":15,"lines":[1005,11410],"attr":"heat","postal_code":"955-0093","address":"三条市下須頃","voronoi":{"type":"Feature","geometry":{"type":"Polygon","coordinates":[[[138.927706,37.620075],[138.903796,37.618495],[138.905634,37.641919],[138.982253,37.686184],[138.981627,37.681223],[138.973712,37.667822],[138.927706,37.620075]]]},"properties":{}}},
    {"code":1141007,"id":"d07a32","name":"北三条","original_name":"北三条","name_kana":"きたさんじょう","closed":false,"lat":37.632702,"lng":138.956006,"prefecture":15,"lines":[11410],"attr":"cool","postal_code":"955-0072","address":"三条市元町","voronoi":{"type":"Feature","geometry":{"type":"Polygon","coordinates":[[[138.927706,37.620075],[138.934921,37.617698],[138.964539,37.62927],[138.973712,37.667822],[138.927706,37.620075]]]},"properties":{}}},
    {"code":1140430,"id":"cc4133","name":"東三条","original_name":"東三条","name_kana":"ひがしさんじょう","closed":false,"lat":37.628491,"lng":138.973703,"prefecture":15,"lines":[11404,11410],"attr":"heat","postal_code":"955-0047","address":"三条市東三条１丁目","voronoi":{"type":"Feature","geometry":{"type":"Polygon","coordinates":[[[138.981627,37.681223],[138.973712,37.667822],[138.964539,37.62927],[138.991895,37.581635],[139.012806,37.563469],[138.981627,37.681223]]]},"properties":{}}}
  ]
}