{
  "code":11415,
  "id":"0a8372",
  "name":"JR北陸本線(米原～敦賀)",
  "name_kana":"じぇいあーるほくりくほんせん",
  "station_size":12,
  "company_code":4,
  "closed":false,
  "station_list":[
    {"code":100215,"id":"85e377","name":"米原","original_name":"米原","name_kana":"まいばら","closed":false,"lat":35.314657,"lng":136.289992,"prefecture":25,"numbering":["A12"],"lines":[1002,11415,11503,11601,99601],"attr":"cool","postal_code":"521-0012","address":"米原市米原","voronoi":{"type":"Feature","geometry":{"type":"Polygon","coordinates":[[[136.242447,35.314922],[136.235158,35.319498],[136.315927,35.328098],[136.323358,35.296594],[136.242447,35.314922]]]},"properties":{}}},
    {"code":1141502,"id":"710631","name":"坂田","original_name":"坂田","name_kana":"さかた","closed":false,"lat":35.335777,"lng":136.287743,"prefecture":25,"numbering":["A11"],"lines":[11415],"attr":"cool","postal_code":"521-0062","address":"米原市宇賀野","voronoi":{"type":"Feature","geometry":{"type":"Polygon","coordinates":[[[136.315927,35.328098],[136.319897,35.356186],[136.219636,35.327226],[136.2177,35.326199],[136.235158,35.319498],[136.315927,35.328098]]]},"properties":{}}},
    {"code":1141503,"id":"059e7b","name":"田村","original_name":"田村","name_kana":"たむら","closed":false,"lat":35.356307,"lng":136.281813,"prefecture":25,"numbering":["A10"],"lines":[11415],"attr":"cool","postal_code":"526-0829","address":"長浜市田村町","voronoi":{"type":"Feature","geometry":{"type":"Polygon","coordinates":[[[136.219636,35.327226],[136.319897,35.356186],[136.327312,35.372578],[136.326182,35.407236],[136.219636,35.327226]]]},"properties":{}}},
    {"code":1141504,"id":"767ed7","name":"長浜","original_name":"長浜","name_kana":"ながはま","closed":false,"lat":35.378828,"lng":136.264901,"prefecture":25,"numbering":["A09"],"lines":[11415],"attr":"cool","postal_code":"526-0057","address":"長浜市北船町","voronoi":{"type":"Feature","geometry":{"type":"Polygon","coordinates":[[[136.327131,35.412534],[136.148763,35.383206],[136.154376,35.327122],[136.2177,35.326199],[136.219636,35.327226],[136.326182,35.407236],[136.327131,35.412534]]]},"properties":{}}},
    {"code":1141505,"id":"cdb391","name":"虎姫","original_name":"虎姫","name_kana":"とらひめ","closed":false,"lat":35.424539,"lng":136.257385,"prefecture":25,"numbering":["A08"],"lines":[11415],"attr":"cool","postal_code":"529-0144","address":"滋賀県長浜市大寺町細田1043","voronoi":{"type":"Feature","geometry":{"type":"Polygon","coordinates":[[[136.327131,35.412534],[136.148763,35.383206],[136.148007,35.385647],[136.158834,35.405323],[136.360268,35.471658],[136.327131,35.412534]]]},"properties":{}}},
    {"code":1141506,"id":"59d022","name":"河毛","original_name":"河毛","name_kana":"かわけ","closed":false,"lat":35.448425,"lng":136.249519,"prefecture":25,"numbering":["A07"],"lines":[11415],"attr":"eco","postal_code":"529-0317","address":"滋賀県長浜市湖北町山脇560","voronoi":{"type":"Feature","geometry":{"type":"Polygon","coordinates":[[[136.405885,35.53526],[136.360268,35.471658],[136.158834,35.405323],[136.163064,35.415991],[136.405131,35.546381],[136.405885,35.53526]]]},"properties":{}}},
    {"code":1141507,"id":"2466b5","name":"高月","original_name":"高月","name_kana":"たかつき","closed":false,"lat":35.470337,"lng":136.237716,"prefecture":25,"numbering":["A06"],"lines":[11415],"attr":"eco","postal_code":"529-0241","address":"滋賀県長浜市高月町落川33-26","voronoi":{"type":"Feature","geometry":{"type":"Polygon","coordinates":[[[136.405131,35.546381],[136.163064,35.415991],[136.17479,35.463433],[136.405133,35.567034],[136.405131,35.546381]]]},"properties":{}}},
    {"code":1141508,"id":"0132bd","name":"木ノ本","original_name":"木ノ本","name_kana":"きのもと","closed":false,"lat":35.505933,"lng":136.221706,"prefecture":25,"numbering":["A05"],"lines":[11415],"attr":"eco","postal_code":"529-0425","address":"滋賀県長浜市木之本町木之本1543","voronoi":{"type":"Feature","geometry":{"type":"Polygon","coordinates":[[[136.17479,35.463433],[136.173026,35.488208],[136.362697,35.652224],[136.391203,35.654618],[136.408628,35.601458],[136.405133,35.567034],[136.17479,35.463433]]]},"properties":{}}},
    {"code":1141509,"id":"28d2d7","name":"余呉","original_name":"余呉","name_kana":"よご","closed":false,"lat":35.53382,"lng":136.197591,"prefecture":25,"numbering":["A04"],"lines":[11415],"attr":"heat","postal_code":"529-0521","address":"滋賀県長浜市余呉町下余呉1727","voronoi":{"type":"Feature","geometry":{"type":"Polygon","coordinates":[[[136.362697,35.652224],[136.173026,35.488208],[136.169219,35.496402],[136.185419,35.622399],[136.200203,35.646143],[136.312086,35.652581],[136.362697,35.652224]]]},"properties":{}}},
    {"code":1141510,"id":"d87339","name":"近江塩津","original_name":"近江塩津","name_kana":"おうみしおつ","closed":false,"lat":35.53978,"lng":136.151236,"prefecture":25,"numbering":["A03","B10"],"lines":[11415,11605],"attr":"heat","postal_code":"529-0706","address":"滋賀県長浜市西浅井町余245","voronoi":{"type":"Feature","geometry":{"type":"Polygon","coordinates":[[[136.101461,35.54427],[136.169219,35.496402],[136.185419,35.622399],[136.101461,35.54427]]]},"properties":{}}},
    {"code":1141511,"id":"41f63b","name":"新疋田","original_name":"新疋田","name_kana":"しんひきだ","closed":false,"lat":35.594239,"lng":136.100558,"prefecture":18,"numbering":["A02","B09"],"lines":[11415],"attr":"heat","postal_code":"914-0302","address":"敦賀市疋田","voronoi":{"type":"Feature","geometry":{"type":"Polygon","coordinates":[[[136.04304,35.539239],[136.048613,35.557012],[136.096695,35.623396],[136.173431,35.659951],[136.200203,35.646143],[136.185419,35.622399],[136.101461,35.54427],[136.058549,35.534477],[136.04304,35.539239]]]},"properties":{}}},
    {"code":100919,"id":"0c82ef","name":"敦賀","original_name":"敦賀","name_kana":"つるが","closed":false,"lat":35.644767,"lng":136.076488,"prefecture":18,"numbering":["A01","B08"],"lines":[1009,11415,11422,99455],"attr":"heat","postal_code":"914-0055","address":"敦賀市鉄輪町１丁目","voronoi":{"type":"Feature","geometry":{"type":"Polygon","coordinates":[[[136.173431,35.659951],[136.096695,35.623396],[136.047106,35.6395],[135.997816,35.727692],[135.977367,35.788167],[136.033892,35.790573],[136.040051,35.788096],[136.173431,35.659951]]]},"properties":{}}}
  ]
}