{
  "code":11422,
  "id":"732431",
  "name":"JR小浜線",
  "name_kana":"じぇいあーるおばません",
  "station_size":24,
  "company_code":4,
  "closed":false,
  "station_list":[
    {"code":1142201,"id":"8e39bb","name":"東舞鶴","original_name":"東舞鶴","name_kana":"ひがしまいづる","closed":false,"lat":35.468601,"lng":135.394788,"prefecture":26,"lines":[11422,11622],"attr":"heat","postal_code":"625-0036","address":"舞鶴市浜","voronoi":{"type":"Feature","geometry":{"type":"Polygon","coordinates":[[[135.429594,35.365517],[135.425026,35.365732],[135.378146,35.41811],[135.346552,35.493796],[135.38497,35.596441],[135.457463,35.366085],[135.429594,35.365517]]]},"properties":{}}},
    {"code":1142202,"id":"0108ae","name":"松尾寺","original_name":"松尾寺","name_kana":"まつのおでら","closed":false,"lat":35.486018,"lng":135.450133,"prefecture":26,"lines":[11422],"attr":"heat","postal_code":"625-0011","address":"舞鶴市字吉坂","voronoi":{"type":"Feature","geometry":{"type":"Polygon","coordinates":[[[135.395337,35.675798],[135.38497,35.596441],[135.457463,35.366085],[135.464318,35.364527],[135.482287,35.565797],[135.466321,35.974827],[135.412632,35.775054],[135.395337,35.675798]]]},"properties":{}}},
    {"code":1142203,"id":"bffe37","name":"青郷","original_name":"青郷","name_kana":"あおのごう","closed":false,"lat":35.481584,"lng":135.4998,"prefecture":18,"lines":[11422],"attr":"cool","postal_code":"919-2200","address":"大飯郡高浜町青郷","voronoi":{"type":"Feature","geometry":{"type":"Polygon","coordinates":[[[135.529118,35.430441],[135.482287,35.565797],[135.464318,35.364527],[135.533027,35.333119],[135.539039,35.332461],[135.529118,35.430441]]]},"properties":{}}},
    {"code":1142204,"id":"dbb206","name":"三松","original_name":"三松","name_kana":"みつまつ","closed":false,"lat":35.488767,"lng":135.520561,"prefecture":18,"lines":[11422],"attr":"cool","postal_code":"919-2382","address":"大飯郡高浜町東三松","voronoi":{"type":"Feature","geometry":{"type":"Polygon","coordinates":[[[135.48516,36.072558],[135.466321,35.974827],[135.482287,35.565797],[135.529118,35.430441],[135.551398,35.687338],[135.551919,35.996072],[135.48516,36.072558]]]},"properties":{}}},
    {"code":1142205,"id":"34bb7b","name":"若狭高浜","original_name":"若狭高浜","name_kana":"わかさたかはま","closed":false,"lat":35.486423,"lng":135.547588,"prefecture":18,"lines":[11422],"attr":"cool","postal_code":"919-2225","address":"大飯郡高浜町宮崎","voronoi":{"type":"Feature","geometry":{"type":"Polygon","coordinates":[[[135.57496,35.330109],[135.57457,35.322803],[135.539039,35.332461],[135.529118,35.430441],[135.551398,35.687338],[135.57496,35.330109]]]},"properties":{}}},
    {"code":1142206,"id":"de533f","name":"若狭和田","original_name":"若狭和田","name_kana":"わかさわだ","closed":false,"lat":35.488664,"lng":135.581564,"prefecture":18,"lines":[11422],"attr":"cool","postal_code":"919-2201","address":"大飯郡高浜町和田","voronoi":{"type":"Feature","geometry":{"type":"Polygon","coordinates":[[[135.635906,35.910478],[135.657224,35.837819],[135.657049,35.835968],[135.57496,35.330109],[135.551398,35.687338],[135.551919,35.996072],[135.622666,35.924219],[135.635906,35.910478]]]},"properties":{}}},
    {"code":1142207,"id":"e344ea","name":"若狭本郷","original_name":"若狭本郷","name_kana":"わかさほんごう","closed":false,"lat":35.482616,"lng":135.618834,"prefecture":18,"lines":[11422],"attr":"cool","postal_code":"919-2111","address":"大飯郡おおい町本郷","voronoi":{"type":"Feature","geometry":{"type":"Polygon","coordinates":[[[135.579719,35.320107],[135.57457,35.322803],[135.57496,35.330109],[135.657049,35.835968],[135.634889,35.296668],[135.579719,35.320107]]]},"properties":{}}},
    {"code":1142208,"id":"277c67","name":"加斗","original_name":"加斗","name_kana":"かと","closed":false,"lat":35.480672,"lng":135.666145,"prefecture":18,"lines":[11422],"attr":"cool","postal_code":"917-0045","address":"小浜市加斗","voronoi":{"type":"Feature","geometry":{"type":"Polygon","coordinates":[[[135.664125,35.280883],[135.646419,35.289928],[135.634889,35.296668],[135.657049,35.835968],[135.657224,35.837819],[135.657477,35.837226],[135.68516,35.636558],[135.689484,35.288215],[135.664125,35.280883]]]},"properties":{}}},
    {"code":1142209,"id":"f3aa02","name":"勢浜","original_name":"勢浜","name_kana":"せいはま","closed":false,"lat":35.481192,"lng":135.708039,"prefecture":18,"lines":[11422],"attr":"heat","postal_code":"917-0043","address":"小浜市西勢","voronoi":{"type":"Feature","geometry":{"type":"Polygon","coordinates":[[[135.68516,35.636558],[135.748729,35.407654],[135.750019,35.384357],[135.742908,35.297562],[135.689484,35.288215],[135.68516,35.636558]]]},"properties":{}}},
    {"code":1142210,"id":"f2a7c2","name":"小浜","original_name":"小浜","name_kana":"おばま","closed":false,"lat":35.491643,"lng":135.745672,"prefecture":18,"lines":[11422],"attr":"heat","postal_code":"917-0077","address":"小浜市駅前町","voronoi":{"type":"Feature","geometry":{"type":"Polygon","coordinates":[[[135.657477,35.837226],[135.68516,35.636558],[135.748729,35.407654],[135.78572,35.611864],[135.657477,35.837226]]]},"properties":{}}},
    {"code":1142211,"id":"26592f","name":"東小浜","original_name":"東小浜","name_kana":"ひがしおばま","closed":false,"lat":35.485234,"lng":135.781053,"prefecture":18,"lines":[11422],"attr":"heat","postal_code":"917-0241","address":"小浜市遠敷","voronoi":{"type":"Feature","geometry":{"type":"Polygon","coordinates":[[[135.750019,35.384357],[135.748729,35.407654],[135.78572,35.611864],[135.802097,35.590749],[135.816571,35.527392],[135.750019,35.384357]]]},"properties":{}}},
    {"code":1142212,"id":"18a0d6","name":"新平野","original_name":"新平野","name_kana":"しんひらの","closed":false,"lat":35.473069,"lng":135.807198,"prefecture":18,"lines":[11422],"attr":"heat","postal_code":"917-0226","address":"小浜市平野","voronoi":{"type":"Feature","geometry":{"type":"Polygon","coordinates":[[[135.816571,35.527392],[135.750019,35.384357],[135.742908,35.297562],[135.76821,35.29512],[135.800531,35.309183],[135.835639,35.489844],[135.835068,35.492649],[135.816571,35.527392]]]},"properties":{}}},
    {"code":1142213,"id":"6e80da","name":"上中","original_name":"上中","name_kana":"かみなか","closed":false,"lat":35.463638,"lng":135.855728,"prefecture":18,"lines":[11422],"attr":"heat","postal_code":"919-1542","address":"三方上中郡若狭町井ノ口","voronoi":{"type":"Feature","geometry":{"type":"Polygon","coordinates":[[[135.924886,35.380342],[135.942907,35.427883],[135.835639,35.489844],[135.800531,35.309183],[135.836257,35.318653],[135.847054,35.322572],[135.901931,35.352474],[135.924886,35.380342]]]},"properties":{}}},
    {"code":1142214,"id":"52162f","name":"若狭有田","original_name":"若狭有田","name_kana":"わかさありた","closed":false,"lat":35.485536,"lng":135.868377,"prefecture":18,"lines":[11422],"attr":"eco","postal_code":"919-1507","address":"三方上中郡若狭町有田","voronoi":{"type":"Feature","geometry":{"type":"Polygon","coordinates":[[[135.886856,35.496687],[135.835068,35.492649],[135.835639,35.489844],[135.942907,35.427883],[135.945291,35.432279],[135.947416,35.440508],[135.886856,35.496687]]]},"properties":{}}},
    {"code":1142215,"id":"8d2d75","name":"大鳥羽","original_name":"大鳥羽","name_kana":"おおとば","closed":false,"lat":35.504839,"lng":135.866872,"prefecture":18,"lines":[11422],"attr":"eco","postal_code":"919-1504","address":"三方上中郡若狭町大鳥羽","voronoi":{"type":"Feature","geometry":{"type":"Polygon","coordinates":[[[135.816571,35.527392],[135.802097,35.590749],[135.839672,35.570725],[135.865242,35.549239],[135.869503,35.543102],[135.886856,35.496687],[135.835068,35.492649],[135.816571,35.527392]]]},"properties":{}}},
    {"code":1142216,"id":"02cb24","name":"十村","original_name":"十村","name_kana":"とむら","closed":false,"lat":35.51595,"lng":135.896591,"prefecture":18,"lines":[11422],"attr":"eco","postal_code":"919-1316","address":"三方上中郡若狭町井崎","voronoi":{"type":"Feature","geometry":{"type":"Polygon","coordinates":[[[135.869503,35.543102],[135.886856,35.496687],[135.947416,35.440508],[135.969844,35.483304],[135.869503,35.543102]]]},"properties":{}}},
    {"code":1142217,"id":"277241","name":"藤井","original_name":"藤井","name_kana":"ふじい","closed":false,"lat":35.532198,"lng":135.906274,"prefecture":18,"lines":[11422],"attr":"eco","postal_code":"919-1311","address":"三方上中郡若狭町藤井","voronoi":{"type":"Feature","geometry":{"type":"Polygon","coordinates":[[[135.869503,35.543102],[135.865242,35.549239],[135.986789,35.533522],[135.995883,35.524706],[135.991077,35.514281],[135.969844,35.483304],[135.869503,35.543102]]]},"properties":{}}},
    {"code":1142218,"id":"7473bb","name":"三方","original_name":"三方","name_kana":"みかた","closed":false,"lat":35.555282,"lng":135.909259,"prefecture":18,"lines":[11422],"attr":"eco","postal_code":"919-1303","address":"三方上中郡若狭町三方","voronoi":{"type":"Feature","geometry":{"type":"Polygon","coordinates":[[[135.941959,35.569785],[135.839672,35.570725],[135.865242,35.549239],[135.986789,35.533522],[135.971159,35.553833],[135.941959,35.569785]]]},"properties":{}}},
    {"code":1142219,"id":"7eedd0","name":"気山","original_name":"気山","name_kana":"きやま","closed":false,"lat":35.584887,"lng":135.909531,"prefecture":18,"lines":[11422],"attr":"eco","postal_code":"919-1301","address":"三方上中郡若狭町気山","voronoi":{"type":"Feature","geometry":{"type":"Polygon","coordinates":[[[135.941959,35.569785],[135.708548,35.880582],[135.635906,35.910478],[135.657224,35.837819],[135.657477,35.837226],[135.78572,35.611864],[135.802097,35.590749],[135.839672,35.570725],[135.941959,35.569785]]]},"properties":{}}},
    {"code":1142220,"id":"a6b8d0","name":"美浜","original_name":"美浜","name_kana":"みはま","closed":false,"lat":35.605138,"lng":135.936496,"prefecture":18,"lines":[11422],"attr":"eco","postal_code":"919-1122","address":"三方郡美浜町松原","voronoi":{"type":"Feature","geometry":{"type":"Polygon","coordinates":[[[135.926474,35.800418],[135.971159,35.553833],[135.941959,35.569785],[135.708548,35.880582],[135.830762,35.836902],[135.926474,35.800418]]]},"properties":{}}},
    {"code":1142221,"id":"3deafc","name":"東美浜","original_name":"東美浜","name_kana":"ひがしみはま","closed":false,"lat":35.614039,"lng":135.985614,"prefecture":18,"lines":[11422],"attr":"eco","postal_code":"919-1206","address":"三方郡美浜町太田","voronoi":{"type":"Feature","geometry":{"type":"Polygon","coordinates":[[[136.012771,35.532914],[135.995883,35.524706],[135.986789,35.533522],[135.971159,35.553833],[135.926474,35.800418],[135.977366,35.788168],[135.997816,35.727692],[136.012771,35.532914]]]},"properties":{}}},
    {"code":1142222,"id":"3cee9e","name":"粟野","original_name":"粟野","name_kana":"あわの","closed":false,"lat":35.617234,"lng":136.027225,"prefecture":18,"lines":[11422],"attr":"eco","postal_code":"914-0145","address":"敦賀市野坂","voronoi":{"type":"Feature","geometry":{"type":"Polygon","coordinates":[[[136.012771,35.532914],[135.997816,35.727692],[136.047106,35.6395],[136.048613,35.557012],[136.04304,35.539239],[136.012771,35.532914]]]},"properties":{}}},
    {"code":1142223,"id":"3a4dae","name":"西敦賀","original_name":"西敦賀","name_kana":"にしつるが","closed":false,"lat":35.617975,"lng":136.067787,"prefecture":18,"lines":[11422],"attr":"eco","postal_code":"914-0035","address":"敦賀市山泉","voronoi":{"type":"Feature","geometry":{"type":"Polygon","coordinates":[[[136.047106,35.6395],[136.048613,35.557012],[136.096695,35.623396],[136.047106,35.6395]]]},"properties":{}}},
    {"code":100919,"id":"0c82ef","name":"敦賀","original_name":"敦賀","name_kana":"つるが","closed":false,"lat":35.644767,"lng":136.076488,"prefecture":18,"lines":[1009,11415,11422,99455],"attr":"heat","postal_code":"914-0055","address":"敦賀市鉄輪町１丁目","voronoi":{"type":"Feature","geometry":{"type":"Polygon","coordinates":[[[136.03389,35.790574],[135.977366,35.788168],[135.997816,35.727692],[136.047106,35.6395],[136.096695,35.623396],[136.173431,35.659951],[136.040051,35.788096],[136.03389,35.790574]]]},"properties":{}}}
  ]
}