{
  "code":11505,
  "id":"3bec94",
  "name":"JR御殿場線",
  "name_kana":"じぇいあーるごてんばせん",
  "station_size":19,
  "company_code":3,
  "closed":false,
  "color":"#247B30",
  "symbol":"CB",
  "station_list":[
    {"code":1130114,"id":"b52823","name":"国府津","original_name":"国府津","name_kana":"こうづ","closed":false,"lat":35.280832,"lng":139.212932,"prefecture":14,"numbering":["CB00"],"lines":[11301,11505],"attr":"cool","postal_code":"256-0812","address":"小田原市国府津４丁目","voronoi":{"type":"Feature","geometry":{"type":"Polygon","coordinates":[[[139.259177,35.16239],[139.210807,35.208323],[139.20934,35.210698],[139.205549,35.220233],[139.195016,35.288102],[139.212672,35.311053],[139.21313,35.310849],[139.226798,35.300422],[139.234944,35.2897],[139.296276,35.138219],[139.259177,35.16239]]]},"properties":{}}},
    {"code":1150502,"id":"d7e946","name":"下曽我","original_name":"下曽我","name_kana":"しもそが","closed":false,"lat":35.303554,"lng":139.183395,"prefecture":14,"numbering":["CB01"],"lines":[11505],"attr":"cool","postal_code":"250-0206","address":"小田原市曽我原","voronoi":{"type":"Feature","geometry":{"type":"Polygon","coordinates":[[[139.169625,35.291068],[139.195016,35.288102],[139.212672,35.311053],[139.203022,35.329222],[139.196309,35.337519],[139.163891,35.302346],[139.164288,35.300115],[139.169625,35.291068]]]},"properties":{}}},
    {"code":1150503,"id":"6fa968","name":"上大井","original_name":"上大井","name_kana":"かみおおい","closed":false,"lat":35.321883,"lng":139.163508,"prefecture":14,"numbering":["CB02"],"lines":[11505],"attr":"cool","postal_code":"258-0016","address":"足柄上郡大井町上大井","voronoi":{"type":"Feature","geometry":{"type":"Polygon","coordinates":[[[139.163891,35.302346],[139.158331,35.306405],[139.150657,35.320739],[139.175264,35.347434],[139.195788,35.339209],[139.196309,35.337519],[139.163891,35.302346]]]},"properties":{}}},
    {"code":1150504,"id":"141490","name":"相模金子","original_name":"相模金子","name_kana":"さがみかねこ","closed":false,"lat":35.33364,"lng":139.150753,"prefecture":14,"numbering":["CB03"],"lines":[11505],"attr":"cool","postal_code":"258-0019","address":"足柄上郡大井町金子","voronoi":{"type":"Feature","geometry":{"type":"Polygon","coordinates":[[[139.14087,35.335138],[139.163796,35.356988],[139.175264,35.347434],[139.150657,35.320739],[139.147108,35.322002],[139.14087,35.335138]]]},"properties":{}}},
    {"code":1150505,"id":"09d7c4","name":"松田","original_name":"松田","name_kana":"まつだ","closed":false,"lat":35.346843,"lng":139.137417,"prefecture":14,"numbering":["CB04"],"lines":[11505],"attr":"heat","postal_code":"258-0003","address":"足柄上郡松田町松田惣領","voronoi":{"type":"Feature","geometry":{"type":"Polygon","coordinates":[[[139.155674,35.369488],[139.132172,35.337043],[139.117452,35.338226],[139.139146,35.398052],[139.155674,35.369488]]]},"properties":{}}},
    {"code":1150506,"id":"378323","name":"東山北","original_name":"東山北","name_kana":"ひがしやまきた","closed":false,"lat":35.357637,"lng":139.10765,"prefecture":14,"numbering":["CB05"],"lines":[11505],"attr":"heat","postal_code":"258-0111","address":"足柄上郡山北町向原","voronoi":{"type":"Feature","geometry":{"type":"Polygon","coordinates":[[[139.117452,35.338226],[139.139146,35.398052],[139.119946,35.487936],[139.108846,35.488282],[139.091685,35.339789],[139.11119,35.337767],[139.117252,35.338045],[139.117452,35.338226]]]},"properties":{}}},
    {"code":1150507,"id":"05df8d","name":"山北","original_name":"山北","name_kana":"やまきた","closed":false,"lat":35.360808,"lng":139.080212,"prefecture":14,"numbering":["CB06"],"lines":[11505],"attr":"eco","postal_code":"258-0113","address":"足柄上郡山北町山北","voronoi":{"type":"Feature","geometry":{"type":"Polygon","coordinates":[[[139.05297,35.318061],[139.075978,35.485941],[139.087063,35.487852],[139.107497,35.488468],[139.108846,35.488282],[139.091685,35.339789],[139.05297,35.318061]]]},"properties":{}}},
    {"code":1150508,"id":"c91d1d","name":"谷峨","original_name":"谷峨","name_kana":"やが","closed":false,"lat":35.366561,"lng":139.038234,"prefecture":14,"numbering":["CB07"],"lines":[11505],"attr":"eco","postal_code":"258-0115","address":"足柄上郡山北町谷ケ","voronoi":{"type":"Feature","geometry":{"type":"Polygon","coordinates":[[[139.012469,35.485899],[139.000033,35.479399],[138.996959,35.477169],[139.024973,35.324667],[139.035086,35.308009],[139.046373,35.308978],[139.05297,35.318061],[139.075978,35.485941],[139.012469,35.485899]]]},"properties":{}}},
    {"code":1150509,"id":"edfeb9","name":"駿河小山","original_name":"駿河小山","name_kana":"するがおやま","closed":false,"lat":35.359113,"lng":138.997689,"prefecture":22,"numbering":["CB08"],"lines":[11505],"attr":"cool","postal_code":"410-1311","address":"駿東郡小山町小山","voronoi":{"type":"Feature","geometry":{"type":"Polygon","coordinates":[[[138.902476,35.397592],[138.890955,35.409943],[138.904673,35.425754],[138.932013,35.442514],[138.978943,35.46842],[138.996959,35.477169],[139.024973,35.324667],[138.902476,35.397592]]]},"properties":{}}},
    {"code":1150510,"id":"c3b074","name":"足柄(静岡)","original_name":"足柄","name_kana":"あしがら","closed":false,"lat":35.332233,"lng":138.981687,"prefecture":22,"numbering":["CB09"],"lines":[11505],"attr":"cool","postal_code":"410-1313","address":"駿東郡小山町竹之下","voronoi":{"type":"Feature","geometry":{"type":"Polygon","coordinates":[[[138.902476,35.397592],[138.989055,35.270411],[139.035086,35.308009],[139.024973,35.324667],[138.902476,35.397592]]]},"properties":{}}},
    {"code":1150511,"id":"937738","name":"御殿場","original_name":"御殿場","name_kana":"ごてんば","closed":false,"lat":35.299933,"lng":138.93424,"prefecture":22,"numbering":["CB10"],"lines":[11505],"attr":"cool","postal_code":"412-0043","address":"御殿場市新橋","voronoi":{"type":"Feature","geometry":{"type":"Polygon","coordinates":[[[138.884935,35.406806],[138.795007,35.338943],[138.987635,35.267115],[138.989055,35.270411],[138.902476,35.397592],[138.890955,35.409943],[138.884935,35.406806]]]},"properties":{}}},
    {"code":1150512,"id":"ea9e20","name":"南御殿場","original_name":"南御殿場","name_kana":"みなみごてんば","closed":false,"lat":35.277269,"lng":138.925789,"prefecture":22,"numbering":["CB11"],"lines":[11505],"attr":"cool","postal_code":"412-0039","address":"御殿場市竈","voronoi":{"type":"Feature","geometry":{"type":"Polygon","coordinates":[[[138.779998,35.304699],[138.768751,35.322382],[138.795007,35.338943],[138.987635,35.267115],[138.983905,35.249837],[138.779998,35.304699]]]},"properties":{}}},
    {"code":1150513,"id":"8f9af5","name":"富士岡","original_name":"富士岡","name_kana":"ふじおか","closed":false,"lat":35.25527,"lng":138.91987,"prefecture":22,"numbering":["CB12"],"lines":[11505],"attr":"cool","postal_code":"412-0035","address":"御殿場市中山","voronoi":{"type":"Feature","geometry":{"type":"Polygon","coordinates":[[[138.779998,35.304699],[138.808582,35.251062],[138.817197,35.236584],[138.983367,35.234216],[138.983905,35.249837],[138.779998,35.304699]]]},"properties":{}}},
    {"code":1150514,"id":"b2a56d","name":"岩波","original_name":"岩波","name_kana":"いわなみ","closed":false,"lat":35.21498,"lng":138.919296,"prefecture":22,"numbering":["CB13"],"lines":[11505],"attr":"cool","postal_code":"410-1101","address":"裾野市岩波","voronoi":{"type":"Feature","geometry":{"type":"Polygon","coordinates":[[[138.988459,35.215923],[138.983367,35.234216],[138.817197,35.236584],[138.825403,35.213566],[138.97897,35.17834],[138.994183,35.185745],[138.988459,35.215923]]]},"properties":{}}},
    {"code":1150515,"id":"01cb22","name":"裾野","original_name":"裾野","name_kana":"すその","closed":false,"lat":35.171372,"lng":138.909293,"prefecture":22,"numbering":["CB14"],"lines":[11505],"attr":"heat","postal_code":"410-1127","address":"裾野市平松","voronoi":{"type":"Feature","geometry":{"type":"Polygon","coordinates":[[[138.82817,35.20595],[138.825501,35.21261],[138.825403,35.213566],[138.97897,35.17834],[138.950682,35.150463],[138.928139,35.149544],[138.839548,35.186597],[138.82817,35.20595]]]},"properties":{}}},
    {"code":1150516,"id":"6a7034","name":"長泉なめり","original_name":"長泉なめり","name_kana":"ながいずみなめり","closed":false,"lat":35.147633,"lng":138.899364,"prefecture":22,"numbering":["CB15"],"lines":[11505],"attr":"heat","postal_code":"411-0933","address":"駿東郡長泉町納米里５８-６","voronoi":{"type":"Feature","geometry":{"type":"Polygon","coordinates":[[[138.851665,35.153432],[138.839548,35.186597],[138.928139,35.149544],[138.904342,35.136444],[138.867912,35.144462],[138.851665,35.153432]]]},"properties":{}}},
    {"code":1150517,"id":"583dfc","name":"下土狩","original_name":"下土狩","name_kana":"しもとがり","closed":false,"lat":35.128379,"lng":138.895126,"prefecture":22,"numbering":["CB16"],"lines":[11505],"attr":"heat","postal_code":"411-0943","address":"駿東郡長泉町下土狩","voronoi":{"type":"Feature","geometry":{"type":"Polygon","coordinates":[[[138.904342,35.136444],[138.867912,35.144462],[138.897087,35.113098],[138.902513,35.122677],[138.904342,35.136444]]]},"properties":{}}},
    {"code":1150518,"id":"e5a514","name":"大岡","original_name":"大岡","name_kana":"おおおか","closed":false,"lat":35.116158,"lng":138.881988,"prefecture":22,"numbering":["CB17"],"lines":[11505],"attr":"eco","postal_code":"410-0022","address":"沼津市大岡","voronoi":{"type":"Feature","geometry":{"type":"Polygon","coordinates":[[[138.851665,35.153432],[138.8513,35.142453],[138.894669,35.070262],[138.89993,35.078648],[138.900249,35.081398],[138.900247,35.083456],[138.897087,35.113098],[138.867912,35.144462],[138.851665,35.153432]]]},"properties":{}}},
    {"code":1150104,"id":"6650f8","name":"沼津","original_name":"沼津","name_kana":"ぬまづ","closed":false,"lat":35.103011,"lng":138.860104,"prefecture":22,"numbering":["CB18"],"lines":[11501,11505],"attr":"cool","postal_code":"410-0801","address":"沼津市大手町１丁目","voronoi":{"type":"Feature","geometry":{"type":"Polygon","coordinates":[[[138.787117,34.969066],[138.87509,35.031816],[138.875489,35.032202],[138.878518,35.0364],[138.887085,35.051184],[138.892799,35.063969],[138.894669,35.070262],[138.8513,35.142453],[138.787117,34.969066]]]},"properties":{}}}
  ]
}