{
  "code":11503,
  "id":114,
  "name":"JR東海道本線(岐阜～美濃赤坂・米原)",
  "name_kana":"じぇいあーるとうかいどうほんせん",
  "station_size":12,
  "company_code":3,
  "closed":false,
  "color":"#F57615",
  "symbol":"CA",
  "station_list":[
    {"code":1141601,"id":2401,"name":"岐阜","original_name":"岐阜","name_kana":"ぎふ","closed":false,"lat":35.409532,"lng":136.756514,"prefecture":21,"numbering":["CA74"],"lines":[11416,11502,11503],"attr":"heat","postal_code":"500-8856","address":"岐阜市橋本町１丁目","voronoi":{"type":"Feature","geometry":{"type":"Polygon","coordinates":[[[136.755604,35.395005],[136.760434,35.405586],[136.732418,35.467626],[136.731323,35.465844],[136.742562,35.389419],[136.744071,35.388846],[136.746064,35.388914],[136.755604,35.395005]]]},"properties":{}}},
    {"code":1150302,"id":2594,"name":"西岐阜","original_name":"西岐阜","name_kana":"にしぎふ","closed":false,"lat":35.404664,"lng":136.72341,"prefecture":21,"numbering":["CA75"],"lines":[11503],"attr":"heat","postal_code":"500-8381","address":"岐阜市市橋３丁目","voronoi":{"type":"Feature","geometry":{"type":"Polygon","coordinates":[[[136.742562,35.389419],[136.731323,35.465844],[136.727198,35.46204],[136.701493,35.42585],[136.714931,35.378073],[136.742562,35.389419]]]},"properties":{}}},
    {"code":1150303,"id":2595,"name":"穂積","original_name":"穂積","name_kana":"ほづみ","closed":false,"lat":35.396345,"lng":136.693834,"prefecture":21,"numbering":["CA76"],"lines":[11503],"attr":"cool","postal_code":"501-0222","address":"瑞穂市別府","voronoi":{"type":"Feature","geometry":{"type":"Polygon","coordinates":[[[136.701493,35.42585],[136.684612,35.418209],[136.677239,35.404168],[136.67753,35.388462],[136.685571,35.358914],[136.695265,35.360664],[136.710525,35.371609],[136.714931,35.378073],[136.701493,35.42585]]]},"properties":{}}},
    {"code":1150304,"id":2596,"name":"大垣","original_name":"大垣","name_kana":"おおがき","closed":false,"lat":35.367096,"lng":136.618288,"prefecture":21,"numbering":["CA77"],"lines":[11503,99526,99532],"attr":"cool","postal_code":"503-0901","address":"大垣市高屋町１丁目","voronoi":{"type":"Feature","geometry":{"type":"Polygon","coordinates":[[[136.616031,35.352268],[136.612155,35.360778],[136.612372,35.375646],[136.617409,35.385599],[136.626595,35.391481],[136.642769,35.335784],[136.616031,35.352268]]]},"properties":{}}},
    {"code":1150305,"id":2597,"name":"荒尾(岐阜)","original_name":"荒尾","name_kana":"あらお","closed":false,"lat":35.373454,"lng":136.583276,"prefecture":21,"lines":[11503],"attr":"eco","postal_code":"503-0034","address":"大垣市荒尾町","voronoi":{"type":"Feature","geometry":{"type":"Polygon","coordinates":[[[136.556793,35.377818],[136.591972,35.38087],[136.593381,35.366969],[136.583193,35.351415],[136.569966,35.342325],[136.559186,35.34562],[136.556793,35.377818]]]},"properties":{}}},
    {"code":1150306,"id":2598,"name":"美濃赤坂","original_name":"美濃赤坂","name_kana":"みのあかさか","closed":false,"lat":35.386677,"lng":136.582129,"prefecture":21,"lines":[11503],"attr":"eco","postal_code":"503-2213","address":"大垣市赤坂町","voronoi":{"type":"Feature","geometry":{"type":"Polygon","coordinates":[[[136.591972,35.38087],[136.593953,35.384341],[136.584726,35.407637],[136.57941,35.410856],[136.577508,35.411395],[136.546236,35.409251],[136.556793,35.377818],[136.591972,35.38087]]]},"properties":{}}},
    {"code":1150307,"id":2599,"name":"垂井","original_name":"垂井","name_kana":"たるい","closed":false,"lat":35.369587,"lng":136.531246,"prefecture":21,"numbering":["CA78"],"lines":[11503],"attr":"eco","postal_code":"503-2100","address":"不破郡垂井町東町","voronoi":{"type":"Feature","geometry":{"type":"Polygon","coordinates":[[[136.512381,35.429521],[136.493887,35.438869],[136.505637,35.316987],[136.559186,35.34562],[136.556793,35.377818],[136.546236,35.409251],[136.540286,35.413471],[136.512381,35.429521]]]},"properties":{}}},
    {"code":1150308,"id":2600,"name":"関ヶ原","original_name":"関ヶ原","name_kana":"せきがはら","closed":false,"lat":35.363726,"lng":136.470451,"prefecture":21,"numbering":["CA79"],"lines":[11503],"attr":"eco","postal_code":"503-1501","address":"岐阜県不破郡関ケ原町関ヶ原","voronoi":{"type":"Feature","geometry":{"type":"Polygon","coordinates":[[[136.493887,35.438869],[136.505637,35.316987],[136.504602,35.315224],[136.461352,35.266628],[136.419718,35.413912],[136.41491,35.519101],[136.472919,35.463542],[136.493887,35.438869]]]},"properties":{}}},
    {"code":1150309,"id":2601,"name":"柏原(滋賀)","original_name":"柏原","name_kana":"かしわばら","closed":false,"lat":35.344593,"lng":136.402767,"prefecture":25,"numbering":["CA80"],"lines":[11503],"attr":"cool","postal_code":"521-0202","address":"米原市柏原","voronoi":{"type":"Feature","geometry":{"type":"Polygon","coordinates":[[[136.401951,35.240806],[136.376257,35.328278],[136.419718,35.413912],[136.461352,35.266628],[136.461303,35.266496],[136.401951,35.240806]]]},"properties":{}}},
    {"code":1150310,"id":2602,"name":"近江長岡","original_name":"近江長岡","name_kana":"おうみながおか","closed":false,"lat":35.359307,"lng":136.373775,"prefecture":25,"numbering":["CA81"],"lines":[11503],"attr":"cool","postal_code":"521-0242","address":"米原市長岡","voronoi":{"type":"Feature","geometry":{"type":"Polygon","coordinates":[[[136.419718,35.413912],[136.376257,35.328278],[136.327312,35.372578],[136.326182,35.407236],[136.327131,35.412534],[136.360268,35.471658],[136.405885,35.53526],[136.41491,35.519101],[136.419718,35.413912]]]},"properties":{}}},
    {"code":1150311,"id":2603,"name":"醒ヶ井","original_name":"醒ヶ井","name_kana":"さめがい","closed":false,"lat":35.327664,"lng":136.345135,"prefecture":25,"numbering":["CA82"],"lines":[11503],"attr":"eco","postal_code":"521-0035","address":"滋賀県米原市醒井619","voronoi":{"type":"Feature","geometry":{"type":"Polygon","coordinates":[[[136.315927,35.328098],[136.319897,35.356186],[136.327312,35.372578],[136.376257,35.328278],[136.401951,35.240806],[136.390606,35.231209],[136.348224,35.256774],[136.333916,35.277499],[136.323358,35.296594],[136.315927,35.328098]]]},"properties":{}}},
    {"code":100215,"id":2347,"name":"米原","original_name":"米原","name_kana":"まいばら","closed":false,"lat":35.314657,"lng":136.289992,"prefecture":25,"numbering":["CA83"],"lines":[1002,11415,11503,11601,99601],"attr":"cool","postal_code":"521-0012","address":"米原市米原","voronoi":{"type":"Feature","geometry":{"type":"Polygon","coordinates":[[[136.242447,35.314922],[136.235158,35.319498],[136.315927,35.328098],[136.323358,35.296594],[136.242447,35.314922]]]},"properties":{}}}
  ]
}