{
  "code":11502,
  "id":113,
  "name":"JR東海道本線(浜松～岐阜)",
  "name_kana":"じぇいあーるとうかいどうほんせん",
  "station_size":41,
  "company_code":3,
  "closed":false,
  "color":"#F57615",
  "symbol":"CA",
  "station_list":[
    {"code":100210,"id":2558,"name":"浜松","original_name":"浜松","name_kana":"はままつ","closed":false,"lat":34.703866,"lng":137.734759,"prefecture":22,"numbering":["CA34"],"lines":[1002,11501,11502],"attr":"eco","postal_code":"430-0926","address":"浜松市中区砂山町","voronoi":{"type":"Feature","geometry":{"type":"Polygon","coordinates":[[[137.787018,34.608726],[137.813247,34.336779],[137.815309,34.298121],[137.733255,34.705382],[137.738768,34.708304],[137.744597,34.709582],[137.757601,34.708374],[137.787018,34.608726]]]},"properties":{}}},
    {"code":1150203,"id":2559,"name":"高塚","original_name":"高塚","name_kana":"たかつか","closed":false,"lat":34.690425,"lng":137.681303,"prefecture":22,"numbering":["CA35"],"lines":[11502],"attr":"cool","postal_code":"432-8065","address":"浜松市南区高塚町","voronoi":{"type":"Feature","geometry":{"type":"Polygon","coordinates":[[[137.682244,34.752481],[137.687782,34.74473],[137.692792,34.736313],[137.695638,34.73046],[137.70237,34.713168],[137.704023,34.708172],[137.817374,34.261365],[137.97926,32.857147],[137.770604,33.331818],[137.649232,34.741863],[137.65513,34.745934],[137.680057,34.752201],[137.682244,34.752481]]]},"properties":{}}},
    {"code":1150204,"id":2560,"name":"舞阪","original_name":"舞阪","name_kana":"まいさか","closed":false,"lat":34.685701,"lng":137.626422,"prefecture":22,"numbering":["CA36"],"lines":[11502],"attr":"cool","postal_code":"431-0203","address":"浜松市西区馬郡町","voronoi":{"type":"Feature","geometry":{"type":"Polygon","coordinates":[[[137.496521,34.01198],[137.50208,33.910613],[137.770604,33.331818],[137.649232,34.741863],[137.624328,34.738548],[137.532838,34.255375],[137.496521,34.01198]]]},"properties":{}}},
    {"code":1150205,"id":2561,"name":"弁天島","original_name":"弁天島","name_kana":"べんてんじま","closed":false,"lat":34.690125,"lng":137.603058,"prefecture":22,"numbering":["CA37"],"lines":[11502],"attr":"cool","postal_code":"431-0214","address":"浜松市西区舞阪町弁天島","voronoi":{"type":"Feature","geometry":{"type":"Polygon","coordinates":[[[137.609492,34.739952],[137.591735,34.739276],[137.532838,34.255375],[137.624328,34.738548],[137.609492,34.739952]]]},"properties":{}}},
    {"code":1150206,"id":2562,"name":"新居町","original_name":"新居町","name_kana":"あらいまち","closed":false,"lat":34.694276,"lng":137.568953,"prefecture":22,"numbering":["CA38"],"lines":[11502],"attr":"heat","postal_code":"431-0302","address":"静岡県湖西市新居町新居","voronoi":{"type":"Feature","geometry":{"type":"Polygon","coordinates":[[[137.496521,34.01198],[137.473807,34.245089],[137.461539,34.40065],[137.462509,34.521192],[137.508635,34.65601],[137.591046,34.739496],[137.591735,34.739276],[137.532838,34.255375],[137.496521,34.01198]]]},"properties":{}}},
    {"code":1150207,"id":2563,"name":"鷲津","original_name":"鷲津","name_kana":"わしづ","closed":false,"lat":34.716819,"lng":137.546116,"prefecture":22,"numbering":["CA39"],"lines":[11502],"attr":"heat","postal_code":"431-0431","address":"湖西市鷲津","voronoi":{"type":"Feature","geometry":{"type":"Polygon","coordinates":[[[137.588135,34.741636],[137.591046,34.739496],[137.508635,34.65601],[137.510972,34.678596],[137.51733,34.709063],[137.536175,34.741727],[137.545448,34.750487],[137.569226,34.752031],[137.588135,34.741636]]]},"properties":{}}},
    {"code":1150208,"id":2564,"name":"新所原","original_name":"新所原","name_kana":"しんじょはら","closed":false,"lat":34.723205,"lng":137.484399,"prefecture":22,"numbering":["CA40"],"lines":[11502,99505],"attr":"heat","postal_code":"431-0424","address":"湖西市新所原３丁目","voronoi":{"type":"Feature","geometry":{"type":"Polygon","coordinates":[[[137.472299,34.761906],[137.510972,34.678596],[137.508635,34.65601],[137.462509,34.521192],[137.452637,34.566688],[137.463231,34.751523],[137.471462,34.762676],[137.472299,34.761906]]]},"properties":{}}},
    {"code":1150209,"id":2565,"name":"二川","original_name":"二川","name_kana":"ふたがわ","closed":false,"lat":34.725809,"lng":137.438966,"prefecture":23,"numbering":["CA41"],"lines":[11502],"attr":"heat","postal_code":"441-3144","address":"豊橋市大岩町南元屋敷","voronoi":{"type":"Feature","geometry":{"type":"Polygon","coordinates":[[[137.410182,34.72015],[137.410124,34.717498],[137.415117,34.677658],[137.420841,34.652034],[137.452637,34.566688],[137.463231,34.751523],[137.436426,34.745081],[137.412595,34.732924],[137.410182,34.72015]]]},"properties":{}}},
    {"code":100211,"id":2254,"name":"豊橋","original_name":"豊橋","name_kana":"とよはし","closed":false,"lat":34.762734,"lng":137.382128,"prefecture":23,"numbering":["CA42"],"lines":[1002,11413,11502,30001],"attr":"heat","postal_code":"440-0075","address":"豊橋市花田町西宿","voronoi":{"type":"Feature","geometry":{"type":"Polygon","coordinates":[[[137.382946,34.763029],[137.376755,34.768458],[137.33972,34.745438],[137.344297,34.74538],[137.371877,34.75013],[137.377528,34.752558],[137.379713,34.754303],[137.382946,34.763029]]]},"properties":{}}},
    {"code":1150211,"id":2566,"name":"西小坂井","original_name":"西小坂井","name_kana":"にしこざかい","closed":false,"lat":34.79708,"lng":137.352499,"prefecture":23,"numbering":["CA43"],"lines":[11502],"attr":"heat","postal_code":"441-0105","address":"愛知県豊川市伊奈町前山20","voronoi":{"type":"Feature","geometry":{"type":"Polygon","coordinates":[[[137.357731,34.798372],[137.343705,34.80382],[137.332088,34.799275],[137.310869,34.750122],[137.324861,34.747832],[137.358303,34.785359],[137.357731,34.798372]]]},"properties":{}}},
    {"code":1150212,"id":2567,"name":"愛知御津","original_name":"愛知御津","name_kana":"あいちみと","closed":false,"lat":34.812624,"lng":137.316492,"prefecture":23,"numbering":["CA44"],"lines":[11502],"attr":"heat","postal_code":"441-0312","address":"豊川市御津町西方字松本","voronoi":{"type":"Feature","geometry":{"type":"Polygon","coordinates":[[[137.31035,34.830642],[137.330491,34.821251],[137.332088,34.799275],[137.310869,34.750122],[137.293483,34.747395],[137.301332,34.831976],[137.31035,34.830642]]]},"properties":{}}},
    {"code":1150213,"id":2568,"name":"三河大塚","original_name":"三河大塚","name_kana":"みかわおおつか","closed":false,"lat":34.815744,"lng":137.28287,"prefecture":23,"numbering":["CA45"],"lines":[11502],"attr":"heat","postal_code":"443-0013","address":"蒲郡市大塚町笹子","voronoi":{"type":"Feature","geometry":{"type":"Polygon","coordinates":[[[137.293483,34.747395],[137.281789,34.742421],[137.280299,34.742004],[137.261953,34.742604],[137.259397,34.742839],[137.267592,34.845431],[137.287883,34.84346],[137.296893,34.837614],[137.301332,34.831976],[137.293483,34.747395]]]},"properties":{}}},
    {"code":1150214,"id":2569,"name":"三河三谷","original_name":"三河三谷","name_kana":"みかわみや","closed":false,"lat":34.818546,"lng":137.247795,"prefecture":23,"numbering":["CA46"],"lines":[11502],"attr":"heat","postal_code":"443-0021","address":"蒲郡市三谷町上野","voronoi":{"type":"Feature","geometry":{"type":"Polygon","coordinates":[[[137.259397,34.742839],[137.267592,34.845431],[137.254056,34.855761],[137.244871,34.857268],[137.227151,34.773847],[137.231708,34.759404],[137.239681,34.74006],[137.259397,34.742839]]]},"properties":{}}},
    {"code":1150215,"id":2570,"name":"蒲郡","original_name":"蒲郡","name_kana":"がまごおり","closed":false,"lat":34.823078,"lng":137.226459,"prefecture":23,"numbering":["CA47"],"lines":[11502,30004],"attr":"heat","postal_code":"443-0043","address":"蒲郡市元町","voronoi":{"type":"Feature","geometry":{"type":"Polygon","coordinates":[[[137.212092,34.803061],[137.213771,34.796737],[137.227151,34.773847],[137.244871,34.857268],[137.238025,34.860551],[137.21832,34.864774],[137.212092,34.803061]]]},"properties":{}}},
    {"code":1150216,"id":2571,"name":"三河塩津","original_name":"三河塩津","name_kana":"みかわしおつ","closed":false,"lat":34.825295,"lng":137.201261,"prefecture":23,"numbering":["CA48"],"lines":[11502],"attr":"heat","postal_code":"443-0046","address":"蒲郡市竹谷町油井","voronoi":{"type":"Feature","geometry":{"type":"Polygon","coordinates":[[[137.207536,34.807652],[137.187202,34.827294],[137.195134,34.845009],[137.207536,34.807652]]]},"properties":{}}},
    {"code":1150217,"id":2572,"name":"三ヶ根","original_name":"三ヶ根","name_kana":"さんがね","closed":false,"lat":34.836449,"lng":137.176348,"prefecture":23,"numbering":["CA49"],"lines":[11502],"attr":"heat","postal_code":"444-0124","address":"愛知県額田郡幸田町大字深溝字大池田12-1","voronoi":{"type":"Feature","geometry":{"type":"Polygon","coordinates":[[[137.203624,34.864992],[137.135823,34.830689],[137.137652,34.8284],[137.155628,34.816596],[137.164332,34.814108],[137.187202,34.827294],[137.195134,34.845009],[137.203624,34.864992]]]},"properties":{}}},
    {"code":1150218,"id":2573,"name":"幸田","original_name":"幸田","name_kana":"こうだ","closed":false,"lat":34.859926,"lng":137.16447,"prefecture":23,"numbering":["CA50"],"lines":[11502],"attr":"heat","postal_code":"444-0116","address":"額田郡幸田町芦谷字幸田","voronoi":{"type":"Feature","geometry":{"type":"Polygon","coordinates":[[[137.11308,34.860672],[137.119382,34.841212],[137.135823,34.830689],[137.203624,34.864992],[137.208054,34.86983],[137.198758,34.879227],[137.113696,34.866529],[137.11308,34.860672]]]},"properties":{}}},
    {"code":1150242,"id":9149,"name":"相見","original_name":"相見","name_kana":"あいみ","closed":false,"lat":34.887672,"lng":137.160328,"prefecture":23,"numbering":["CA51"],"lines":[11502],"attr":"heat","postal_code":"444-0113","address":"愛知県額田郡幸田町大字菱池字カマ46","open_date":"2012-03-12","voronoi":{"type":"Feature","geometry":{"type":"Polygon","coordinates":[[[137.112929,34.870931],[137.114929,34.879853],[137.124831,34.903769],[137.176076,34.907958],[137.193943,34.890142],[137.198758,34.879227],[137.113696,34.866529],[137.112929,34.870931]]]},"properties":{}}},
    {"code":1150219,"id":2574,"name":"岡崎","original_name":"岡崎","name_kana":"おかざき","closed":false,"lat":34.925417,"lng":137.157243,"prefecture":23,"numbering":["CA52"],"lines":[11502,99511],"attr":"heat","postal_code":"444-0813","address":"岡崎市羽根町東荒子","voronoi":{"type":"Feature","geometry":{"type":"Polygon","coordinates":[[[137.167924,34.936514],[137.166251,34.937151],[137.134321,34.926506],[137.124106,34.910062],[137.124831,34.903769],[137.176076,34.907958],[137.176499,34.917963],[137.167924,34.936514]]]},"properties":{}}},
    {"code":1150220,"id":2575,"name":"西岡崎","original_name":"西岡崎","name_kana":"にしおかざき","closed":false,"lat":34.946572,"lng":137.123187,"prefecture":23,"numbering":["CA53"],"lines":[11502],"attr":"heat","postal_code":"444-0938","address":"岡崎市昭和町北浦","voronoi":{"type":"Feature","geometry":{"type":"Polygon","coordinates":[[[137.12615,34.960098],[137.109111,34.956605],[137.106714,34.942976],[137.110497,34.929888],[137.116448,34.919233],[137.124106,34.910062],[137.134321,34.926506],[137.138073,34.946381],[137.12615,34.960098]]]},"properties":{}}},
    {"code":1150221,"id":2576,"name":"安城","original_name":"安城","name_kana":"あんじょう","closed":false,"lat":34.959986,"lng":137.08716,"prefecture":23,"numbering":["CA54"],"lines":[11502],"attr":"heat","postal_code":"446-0032","address":"安城市御幸本町","voronoi":{"type":"Feature","geometry":{"type":"Polygon","coordinates":[[[137.093396,34.958353],[137.07528,34.946374],[137.066704,34.944978],[137.076997,34.972842],[137.079608,34.973008],[137.093396,34.958353]]]},"properties":{}}},
    {"code":100212,"id":2577,"name":"三河安城","original_name":"三河安城","name_kana":"みかわあんじょう","closed":false,"lat":34.96968,"lng":137.060918,"prefecture":23,"numbering":["CA55"],"lines":[1002,11502],"attr":"heat","postal_code":"446-0054","address":"安城市二本木町二ツ池","voronoi":{"type":"Feature","geometry":{"type":"Polygon","coordinates":[[[137.068833,34.98448],[137.057086,34.984491],[137.034506,34.933685],[137.035853,34.931227],[137.042776,34.931233],[137.053915,34.934097],[137.057808,34.936768],[137.066704,34.944978],[137.076997,34.972842],[137.068833,34.98448]]]},"properties":{}}},
    {"code":1150223,"id":2578,"name":"東刈谷","original_name":"東刈谷","name_kana":"ひがしかりや","closed":false,"lat":34.97741,"lng":137.043525,"prefecture":23,"numbering":["CA56"],"lines":[11502],"attr":"heat","postal_code":"448-0807","address":"刈谷市東刈谷町１丁目","voronoi":{"type":"Feature","geometry":{"type":"Polygon","coordinates":[[[137.034506,34.933685],[137.028592,34.940481],[137.02737,34.942619],[137.024648,34.952301],[137.040221,34.991621],[137.04698,34.992535],[137.057086,34.984491],[137.034506,34.933685]]]},"properties":{}}},
    {"code":1150240,"id":2592,"name":"野田新町","original_name":"野田新町","name_kana":"のだしんまち","closed":false,"lat":34.983526,"lng":137.028083,"prefecture":23,"numbering":["CA57"],"lines":[11502],"attr":"cool","postal_code":"448-0862","address":"刈谷市野田新町","voronoi":{"type":"Feature","geometry":{"type":"Polygon","coordinates":[[[137.01255,34.972414],[137.024648,34.952301],[137.040221,34.991621],[137.036785,34.99337],[137.017998,34.986126],[137.01255,34.972414]]]},"properties":{}}},
    {"code":1150224,"id":2579,"name":"刈谷","original_name":"刈谷","name_kana":"かりや","closed":false,"lat":34.991156,"lng":137.008878,"prefecture":23,"numbering":["CA58"],"lines":[11502,30005],"attr":"cool","postal_code":"448-0028","address":"刈谷市桜町１丁目","voronoi":{"type":"Feature","geometry":{"type":"Polygon","coordinates":[[[137.013256,35.005322],[137.005899,35.010757],[136.999147,34.99322],[137.006727,34.975282],[137.01255,34.972414],[137.017998,34.986126],[137.013256,35.005322]]]},"properties":{}}},
    {"code":1150225,"id":2580,"name":"逢妻","original_name":"逢妻","name_kana":"あいづま","closed":false,"lat":34.998215,"lng":136.990544,"prefecture":23,"numbering":["CA59"],"lines":[11502],"attr":"cool","postal_code":"448-0831","address":"刈谷市熊野町２丁目","voronoi":{"type":"Feature","geometry":{"type":"Polygon","coordinates":[[[136.98193,34.989009],[136.977807,35.008048],[136.984267,35.025864],[136.993902,35.021909],[137.005012,35.012764],[137.005899,35.010757],[136.999147,34.99322],[136.981949,34.988988],[136.98193,34.989009]]]},"properties":{}}},
    {"code":1150226,"id":2581,"name":"大府","original_name":"大府","name_kana":"おおぶ","closed":false,"lat":35.008665,"lng":136.961727,"prefecture":23,"numbering":["CA60"],"lines":[11502,11506],"attr":"cool","postal_code":"474-0025","address":"大府市中央町３丁目","voronoi":{"type":"Feature","geometry":{"type":"Polygon","coordinates":[[[136.983857,35.02645],[136.981569,35.028232],[136.930602,35.014564],[136.931897,35.005692],[136.936937,34.991472],[136.94046,34.986524],[136.977807,35.008048],[136.984267,35.025864],[136.983857,35.02645]]]},"properties":{}}},
    {"code":1150227,"id":2582,"name":"共和","original_name":"共和","name_kana":"きょうわ","closed":false,"lat":35.035245,"lng":136.954599,"prefecture":23,"numbering":["CA61"],"lines":[11502],"attr":"cool","postal_code":"474-0074","address":"大府市共栄町９丁目","voronoi":{"type":"Feature","geometry":{"type":"Polygon","coordinates":[[[136.967092,35.049306],[136.977149,35.038893],[136.981569,35.028232],[136.930602,35.014564],[136.927068,35.019793],[136.927057,35.027115],[136.928687,35.038157],[136.965928,35.049897],[136.967092,35.049306]]]},"properties":{}}},
    {"code":1150241,"id":2593,"name":"南大高","original_name":"南大高","name_kana":"みなみおおだか","closed":false,"lat":35.055403,"lng":136.948244,"prefecture":23,"numbering":["CA62"],"lines":[11502],"attr":"cool","postal_code":"459-8001","address":"名古屋市緑区大高町字池之内4-10","voronoi":{"type":"Feature","geometry":{"type":"Polygon","coordinates":[[[136.928687,35.038157],[136.927568,35.042191],[136.929302,35.053685],[136.950529,35.065957],[136.962351,35.056549],[136.965928,35.049897],[136.928687,35.038157]]]},"properties":{}}},
    {"code":1150228,"id":2583,"name":"大高","original_name":"大高","name_kana":"おおだか","closed":false,"lat":35.069244,"lng":136.940242,"prefecture":23,"numbering":["CA63"],"lines":[11502],"attr":"cool","postal_code":"459-8001","address":"名古屋市緑区大高町鶴田","voronoi":{"type":"Feature","geometry":{"type":"Polygon","coordinates":[[[136.950326,35.069066],[136.940723,35.07862],[136.925287,35.076184],[136.925264,35.076119],[136.924561,35.069924],[136.929302,35.053685],[136.950529,35.065957],[136.950326,35.069066]]]},"properties":{}}},
    {"code":1150229,"id":2584,"name":"笠寺","original_name":"笠寺","name_kana":"かさでら","closed":false,"lat":35.095113,"lng":136.926321,"prefecture":23,"numbering":["CA64"],"lines":[11502],"attr":"cool","postal_code":"457-0077","address":"名古屋市南区立脇町２丁目","voronoi":{"type":"Feature","geometry":{"type":"Polygon","coordinates":[[[136.924231,35.080343],[136.920913,35.084144],[136.91854,35.10149],[136.920868,35.105203],[136.923568,35.105785],[136.92591,35.104018],[136.932627,35.092365],[136.924231,35.080343]]]},"properties":{}}},
    {"code":1150230,"id":2585,"name":"熱田","original_name":"熱田","name_kana":"あつた","closed":false,"lat":35.130028,"lng":136.910502,"prefecture":23,"numbering":["CA65"],"lines":[11502],"attr":"cool","postal_code":"456-0024","address":"名古屋市熱田区森後町２丁目","voronoi":{"type":"Feature","geometry":{"type":"Polygon","coordinates":[[[136.906452,35.132926],[136.910251,35.140148],[136.911888,35.141415],[136.915084,35.142303],[136.92059,35.137975],[136.922231,35.134103],[136.922306,35.133083],[136.909693,35.127087],[136.906452,35.132926]]]},"properties":{}}},
    {"code":1141102,"id":2204,"name":"金山(愛知)","original_name":"金山","name_kana":"かなやま","closed":false,"lat":35.142928,"lng":136.900517,"prefecture":23,"numbering":["CA66"],"lines":[11411,11502,30001,30008,99514,99515],"attr":"heat","postal_code":"460-0022","address":"名古屋市中区金山１丁目","voronoi":{"type":"Feature","geometry":{"type":"Polygon","coordinates":[[[136.897719,35.149525],[136.89369,35.140085],[136.896473,35.138071],[136.910251,35.140148],[136.911888,35.141415],[136.897719,35.149525]]]},"properties":{}}},
    {"code":1150232,"id":2586,"name":"尾頭橋","original_name":"尾頭橋","name_kana":"おとうばし","closed":false,"lat":35.146981,"lng":136.89102,"prefecture":23,"numbering":["CA67"],"lines":[11502],"attr":"eco","postal_code":"454-0000","address":"名古屋市中川区尾頭橋４","voronoi":{"type":"Feature","geometry":{"type":"Polygon","coordinates":[[[136.896473,35.152877],[136.877256,35.143683],[136.876631,35.142298],[136.877719,35.137729],[136.89369,35.140085],[136.897719,35.149525],[136.896936,35.152636],[136.896473,35.152877]]]},"properties":{}}},
    {"code":100213,"id":2203,"name":"名古屋","original_name":"名古屋","name_kana":"なごや","closed":false,"lat":35.170694,"lng":136.881637,"prefecture":23,"numbering":["CA68"],"lines":[1002,11411,11502,11508,99509,99513,99517],"attr":"eco","postal_code":"450-0002","address":"名古屋市中村区名駅１丁目４番","voronoi":{"type":"Feature","geometry":{"type":"Polygon","coordinates":[[[136.885066,35.173783],[136.884327,35.177775],[136.876328,35.172061],[136.878345,35.166492],[136.879908,35.166183],[136.880203,35.166189],[136.883645,35.171269],[136.885066,35.173783]]]},"properties":{}}},
    {"code":1150234,"id":2587,"name":"枇杷島","original_name":"枇杷島","name_kana":"びわじま","closed":false,"lat":35.198681,"lng":136.861816,"prefecture":23,"numbering":["CA69"],"lines":[11502,99510],"attr":"eco","postal_code":"452-0064","address":"清須市西枇杷島町旭１丁目","voronoi":{"type":"Feature","geometry":{"type":"Polygon","coordinates":[[[136.866441,35.199688],[136.862586,35.195619],[136.856329,35.199082],[136.854802,35.204117],[136.863361,35.208188],[136.866441,35.199688]]]},"properties":{}}},
    {"code":1150235,"id":2588,"name":"清洲","original_name":"清洲","name_kana":"きよす","closed":false,"lat":35.225406,"lng":136.834529,"prefecture":23,"numbering":["CA70"],"lines":[11502],"attr":"eco","postal_code":"492-8173","address":"稲沢市北市場町","voronoi":{"type":"Feature","geometry":{"type":"Polygon","coordinates":[[[136.844687,35.21906],[136.826068,35.217642],[136.827137,35.238905],[136.845985,35.248188],[136.853567,35.233707],[136.844687,35.21906]]]},"properties":{}}},
    {"code":1150236,"id":2589,"name":"稲沢","original_name":"稲沢","name_kana":"いなざわ","closed":false,"lat":35.252994,"lng":136.820942,"prefecture":23,"numbering":["CA71"],"lines":[11502],"attr":"eco","postal_code":"492-8143","address":"稲沢市駅前１丁目","voronoi":{"type":"Feature","geometry":{"type":"Polygon","coordinates":[[[136.847131,35.255075],[136.846565,35.264803],[136.845877,35.268324],[136.839235,35.282301],[136.835178,35.287088],[136.830879,35.284232],[136.812645,35.263771],[136.811485,35.246737],[136.824843,35.239121],[136.827137,35.238905],[136.845985,35.248188],[136.847131,35.255075]]]},"properties":{}}},
    {"code":1150237,"id":2590,"name":"尾張一宮","original_name":"尾張一宮","name_kana":"おわりいちのみや","closed":false,"lat":35.301765,"lng":136.797567,"prefecture":23,"numbering":["CA72"],"lines":[11502],"attr":"eco","postal_code":"491-0858","address":"一宮市栄３丁目","voronoi":{"type":"Feature","geometry":{"type":"Polygon","coordinates":[[[136.795152,35.305064],[136.807826,35.317263],[136.830307,35.328498],[136.832325,35.323938],[136.835271,35.309481],[136.834141,35.296121],[136.801998,35.294658],[136.795152,35.305064]]]},"properties":{}}},
    {"code":1150238,"id":2591,"name":"木曽川","original_name":"木曽川","name_kana":"きそがわ","closed":false,"lat":35.349319,"lng":136.780726,"prefecture":23,"numbering":["CA73"],"lines":[11502],"attr":"eco","postal_code":"493-0001","address":"一宮市木曽川町黒田","voronoi":{"type":"Feature","geometry":{"type":"Polygon","coordinates":[[[136.778081,35.346041],[136.782398,35.36161],[136.797489,35.371422],[136.808504,35.366078],[136.82109,35.358187],[136.828027,35.352133],[136.82716,35.346691],[136.802399,35.341677],[136.778081,35.346041]]]},"properties":{}}},
    {"code":1141601,"id":2401,"name":"岐阜","original_name":"岐阜","name_kana":"ぎふ","closed":false,"lat":35.409532,"lng":136.756514,"prefecture":21,"numbering":["CA74"],"lines":[11416,11502,11503],"attr":"heat","postal_code":"500-8856","address":"岐阜市橋本町１丁目","voronoi":{"type":"Feature","geometry":{"type":"Polygon","coordinates":[[[136.755604,35.395005],[136.760434,35.405586],[136.732418,35.467626],[136.731323,35.465844],[136.742562,35.389419],[136.744071,35.388846],[136.746064,35.388914],[136.755604,35.395005]]]},"properties":{}}}
  ]
}