{
  "code":11509,
  "id":120,
  "name":"JR関西本線(亀山～加茂)",
  "name_kana":"じぇいあーるかんさいほんせん",
  "station_size":12,
  "company_code":4,
  "closed":false,
  "color":"#5726B7",
  "symbol":"V",
  "station_list":[
    {"code":1150818,"id":2657,"name":"亀山(三重)","original_name":"亀山","name_kana":"かめやま","closed":false,"lat":34.850103,"lng":136.450451,"prefecture":24,"lines":[11508,11509,11510],"attr":"cool","postal_code":"519-0155","address":"亀山市御幸町","voronoi":{"type":"Feature","geometry":{"type":"Polygon","coordinates":[[[136.423569,34.798436],[136.420988,34.936735],[136.439225,34.934118],[136.478501,34.843115],[136.423569,34.798436]]]},"properties":{}}},
    {"code":1150902,"id":2658,"name":"関(三重)","original_name":"関","name_kana":"せき","closed":false,"lat":34.849064,"lng":136.394777,"prefecture":24,"lines":[11509],"attr":"cool","postal_code":"519-1111","address":"亀山市関町新所","voronoi":{"type":"Feature","geometry":{"type":"Polygon","coordinates":[[[136.352927,34.96975],[136.377633,34.760294],[136.402783,34.753631],[136.403825,34.753485],[136.406393,34.756598],[136.423569,34.798436],[136.420988,34.936735],[136.352927,34.96975]]]},"properties":{}}},
    {"code":1150903,"id":2659,"name":"加太(三重)","original_name":"加太","name_kana":"かぶと","closed":false,"lat":34.842639,"lng":136.340305,"prefecture":24,"lines":[11509],"attr":"cool","postal_code":"519-1122","address":"亀山市加太市場","voronoi":{"type":"Feature","geometry":{"type":"Polygon","coordinates":[[[136.337939,34.758339],[136.293808,34.763274],[136.301059,34.904167],[136.324419,34.959163],[136.346448,34.974863],[136.352927,34.96975],[136.377633,34.760294],[136.337939,34.758339]]]},"properties":{}}},
    {"code":1150904,"id":2660,"name":"柘植","original_name":"柘植","name_kana":"つげ","closed":false,"lat":34.846993,"lng":136.255704,"prefecture":24,"lines":[11509,11511],"attr":"cool","postal_code":"519-1402","address":"伊賀市柘植町小林","voronoi":{"type":"Feature","geometry":{"type":"Polygon","coordinates":[[[136.270353,34.759313],[136.220301,34.854662],[136.301059,34.904167],[136.293808,34.763274],[136.28071,34.758236],[136.270353,34.759313]]]},"properties":{}}},
    {"code":1150905,"id":2661,"name":"新堂","original_name":"新堂","name_kana":"しんどう","closed":false,"lat":34.821168,"lng":136.206507,"prefecture":24,"lines":[11509],"attr":"eco","postal_code":"519-1416","address":"伊賀市新堂中出","voronoi":{"type":"Feature","geometry":{"type":"Polygon","coordinates":[[[136.220301,34.854662],[136.19811,34.862118],[136.168876,34.86437],[136.164918,34.863537],[136.207167,34.755679],[136.213445,34.751853],[136.235061,34.751632],[136.270353,34.759313],[136.220301,34.854662]]]},"properties":{}}},
    {"code":1150906,"id":2662,"name":"佐那具","original_name":"佐那具","name_kana":"さなぐ","closed":false,"lat":34.804193,"lng":136.163171,"prefecture":24,"lines":[11509],"attr":"eco","postal_code":"518-0011","address":"伊賀市外山","voronoi":{"type":"Feature","geometry":{"type":"Polygon","coordinates":[[[136.164918,34.863537],[136.207167,34.755679],[136.18716,34.759403],[136.1801,34.763149],[136.166718,34.771755],[136.146503,34.7874],[136.122419,34.851833],[136.131816,34.862705],[136.135377,34.86629],[136.138684,34.868725],[136.164918,34.863537]]]},"properties":{}}},
    {"code":1150907,"id":2663,"name":"伊賀上野","original_name":"伊賀上野","name_kana":"いがうえの","closed":false,"lat":34.789143,"lng":136.122907,"prefecture":24,"lines":[11509,99531],"attr":"heat","postal_code":"518-0022","address":"伊賀市三田","voronoi":{"type":"Feature","geometry":{"type":"Polygon","coordinates":[[[136.123308,34.777995],[136.099229,34.838119],[136.104821,34.842032],[136.122419,34.851833],[136.146503,34.7874],[136.133513,34.780626],[136.125372,34.778159],[136.123308,34.777995]]]},"properties":{}}},
    {"code":1150908,"id":2664,"name":"島ヶ原","original_name":"島ヶ原","name_kana":"しまがはら","closed":false,"lat":34.767686,"lng":136.054184,"prefecture":24,"lines":[11509],"attr":"heat","postal_code":"519-1711","address":"三重県伊賀市島ヶ原広垣内5770","voronoi":{"type":"Feature","geometry":{"type":"Polygon","coordinates":[[[136.089026,34.730044],[136.089379,34.762665],[136.071597,34.821506],[136.029511,34.824248],[136.05105,34.689524],[136.072494,34.699442],[136.079823,34.704961],[136.088708,34.728693],[136.089026,34.730044]]]},"properties":{}}},
    {"code":1150909,"id":2665,"name":"月ヶ瀬口","original_name":"月ヶ瀬口","name_kana":"つきがせぐち","closed":false,"lat":34.762813,"lng":136.023703,"prefecture":26,"lines":[11509],"attr":"heat","postal_code":"619-1411","address":"京都府相楽郡南山城村大字北大河原小字殿田平尾53-3","voronoi":{"type":"Feature","geometry":{"type":"Polygon","coordinates":[[[136.010707,34.669435],[136.021722,34.672819],[136.043199,34.683778],[136.05105,34.689524],[136.029511,34.824248],[136.020518,34.827208],[135.982611,34.674224],[135.982887,34.6676],[136.010707,34.669435]]]},"properties":{}}},
    {"code":1150910,"id":2666,"name":"大河原(京都)","original_name":"大河原","name_kana":"おおかわら","closed":false,"lat":34.77175,"lng":135.987635,"prefecture":26,"lines":[11509],"attr":"heat","postal_code":"619-1411","address":"相楽郡南山城村大字北大河原","voronoi":{"type":"Feature","geometry":{"type":"Polygon","coordinates":[[[135.954568,34.87332],[135.93713,34.865808],[135.982611,34.674224],[136.020518,34.827208],[135.954568,34.87332]]]},"properties":{}}},
    {"code":1150911,"id":2667,"name":"笠置","original_name":"笠置","name_kana":"かさぎ","closed":false,"lat":34.759086,"lng":135.934289,"prefecture":26,"lines":[11509],"attr":"cool","postal_code":"619-1303","address":"相楽郡笠置町笠置","voronoi":{"type":"Feature","geometry":{"type":"Polygon","coordinates":[[[135.971721,34.661318],[135.938082,34.647205],[135.937877,34.647396],[135.909465,34.681164],[135.89353,34.839463],[135.901153,34.85606],[135.906701,34.8613],[135.93713,34.865808],[135.982611,34.674224],[135.982887,34.6676],[135.971721,34.661318]]]},"properties":{}}},
    {"code":1150912,"id":2668,"name":"加茂(京都)","original_name":"加茂","name_kana":"かも","closed":false,"lat":34.752575,"lng":135.869609,"prefecture":26,"lines":[11509,11607],"attr":"cool","postal_code":"619-1152","address":"木津川市加茂町里","voronoi":{"type":"Feature","geometry":{"type":"Polygon","coordinates":[[[135.844691,34.768027],[135.859889,34.804748],[135.865731,34.812439],[135.89353,34.839463],[135.909465,34.681164],[135.906699,34.682543],[135.859216,34.711858],[135.845538,34.748755],[135.844691,34.768027]]]},"properties":{}}}
  ]
}