{
  "code":11513,
  "id":"053b08",
  "name":"JR名松線",
  "name_kana":"じぇいあーるめいしょうせん",
  "station_size":15,
  "company_code":3,
  "closed":false,
  "station_list":[
    {"code":1151008,"id":"eb5420","name":"松阪","original_name":"松阪","name_kana":"まつさか","closed":false,"lat":34.577053,"lng":136.535801,"prefecture":24,"lines":[11510,11513,31009],"attr":"cool","postal_code":"515-0017","address":"松阪市京町","voronoi":{"type":"Feature","geometry":{"type":"Polygon","coordinates":[[[136.586661,34.638259],[136.506912,34.568993],[136.486129,34.532744],[136.499991,34.53456],[136.591313,34.616448],[136.607515,34.643631],[136.586661,34.638259]]]},"properties":{}}},
    {"code":1151302,"id":"06345b","name":"上ノ庄","original_name":"上ノ庄","name_kana":"かみのしょう","closed":false,"lat":34.597996,"lng":136.499273,"prefecture":24,"lines":[11513],"attr":"cool","postal_code":"515-2123","address":"松阪市上ノ庄町","voronoi":{"type":"Feature","geometry":{"type":"Polygon","coordinates":[[[136.456108,34.518166],[136.486129,34.532744],[136.506912,34.568993],[136.509713,34.605067],[136.504985,34.60708],[136.487802,34.605299],[136.416567,34.543555],[136.404859,34.520763],[136.432968,34.516655],[136.456108,34.518166]]]},"properties":{}}},
    {"code":1151303,"id":"08b133","name":"権現前","original_name":"権現前","name_kana":"ごんげんまえ","closed":false,"lat":34.617691,"lng":136.482202,"prefecture":24,"lines":[11513],"attr":"cool","postal_code":"515-2323","address":"松阪市嬉野権現前町","voronoi":{"type":"Feature","geometry":{"type":"Polygon","coordinates":[[[136.453753,34.619826],[136.492351,34.629416],[136.487802,34.605299],[136.416567,34.543555],[136.436481,34.599395],[136.453753,34.619826]]]},"properties":{}}},
    {"code":1151304,"id":"181940","name":"伊勢八太","original_name":"伊勢八太","name_kana":"いせはた","closed":false,"lat":34.647523,"lng":136.446916,"prefecture":24,"lines":[11513],"attr":"cool","postal_code":"515-2514","address":"津市一志町小山（その他）","voronoi":{"type":"Feature","geometry":{"type":"Polygon","coordinates":[[[136.455719,34.667956],[136.442749,34.653059],[136.431116,34.635937],[136.436481,34.599395],[136.453753,34.619826],[136.465531,34.649027],[136.455719,34.667956]]]},"properties":{}}},
    {"code":1151305,"id":"50ce1c","name":"一志","original_name":"一志","name_kana":"いちし","closed":false,"lat":34.654894,"lng":136.436067,"prefecture":24,"lines":[11513],"attr":"cool","postal_code":"515-2515","address":"津市一志町八太（その他）","voronoi":{"type":"Feature","geometry":{"type":"Polygon","coordinates":[[[136.421884,34.653368],[136.422422,34.661357],[136.442749,34.653059],[136.431116,34.635937],[136.421884,34.653368]]]},"properties":{}}},
    {"code":1151306,"id":"401fa6","name":"井関","original_name":"井関","name_kana":"いせぎ","closed":false,"lat":34.642493,"lng":136.412653,"prefecture":24,"lines":[11513],"attr":"cool","postal_code":"515-2521","address":"津市一志町井関","voronoi":{"type":"Feature","geometry":{"type":"Polygon","coordinates":[[[136.416567,34.543555],[136.404859,34.520763],[136.402519,34.520127],[136.380581,34.57333],[136.380266,34.578116],[136.398823,34.645914],[136.421884,34.653368],[136.431116,34.635937],[136.436481,34.599395],[136.416567,34.543555]]]},"properties":{}}},
    {"code":1151307,"id":"786718","name":"伊勢大井","original_name":"伊勢大井","name_kana":"いせおおい","closed":false,"lat":34.650013,"lng":136.385179,"prefecture":24,"lines":[11513],"attr":"cool","postal_code":"515-2523","address":"津市一志町井生","voronoi":{"type":"Feature","geometry":{"type":"Polygon","coordinates":[[[136.380266,34.578116],[136.398823,34.645914],[136.390802,34.672993],[136.370923,34.649946],[136.375369,34.596185],[136.380266,34.578116]]]},"properties":{}}},
    {"code":1151308,"id":"a78c67","name":"伊勢川口","original_name":"伊勢川口","name_kana":"いせかわぐち","closed":false,"lat":34.64767,"lng":136.356849,"prefecture":24,"lines":[11513],"attr":"cool","postal_code":"515-2603","address":"津市白山町川口","voronoi":{"type":"Feature","geometry":{"type":"Polygon","coordinates":[[[136.339814,34.657224],[136.354784,34.66181],[136.370923,34.649946],[136.375369,34.596185],[136.339814,34.657224]]]},"properties":{}}},
    {"code":1151309,"id":"951d5b","name":"関ノ宮","original_name":"関ノ宮","name_kana":"せきのみや","closed":false,"lat":34.637693,"lng":136.339721,"prefecture":24,"lines":[11513],"attr":"eco","postal_code":"515-2603","address":"津市白山町川口","voronoi":{"type":"Feature","geometry":{"type":"Polygon","coordinates":[[[136.375369,34.596185],[136.380266,34.578116],[136.380581,34.57333],[136.348245,34.599466],[136.31841,34.650792],[136.334534,34.658488],[136.339814,34.657224],[136.375369,34.596185]]]},"properties":{}}},
    {"code":1151310,"id":"5eb562","name":"家城","original_name":"家城","name_kana":"いえき","closed":false,"lat":34.625791,"lng":136.319246,"prefecture":24,"lines":[11513],"attr":"eco","postal_code":"515-3133","address":"津市白山町南家城","voronoi":{"type":"Feature","geometry":{"type":"Polygon","coordinates":[[[136.27955,34.65265],[136.266336,34.631482],[136.348245,34.599466],[136.31841,34.650792],[136.27955,34.65265]]]},"properties":{}}},
    {"code":1151311,"id":"fffa3e","name":"伊勢竹原","original_name":"伊勢竹原","name_kana":"いせたけはら","closed":false,"lat":34.599785,"lng":136.309081,"prefecture":24,"lines":[11513],"attr":"eco","postal_code":"515-3201","address":"津市美杉町竹原","voronoi":{"type":"Feature","geometry":{"type":"Polygon","coordinates":[[[136.380581,34.57333],[136.348245,34.599466],[136.266336,34.631482],[136.260713,34.626273],[136.330683,34.542804],[136.387029,34.510929],[136.398661,34.51661],[136.402519,34.520127],[136.380581,34.57333]]]},"properties":{}}},
    {"code":1151312,"id":"c49ae7","name":"伊勢鎌倉","original_name":"伊勢鎌倉","name_kana":"いせかまくら","closed":false,"lat":34.574023,"lng":136.278349,"prefecture":24,"lines":[11513],"attr":"eco","postal_code":"515-3421","address":"津市美杉町八知","voronoi":{"type":"Feature","geometry":{"type":"Polygon","coordinates":[[[136.330683,34.542804],[136.289939,34.550199],[136.214761,34.608177],[136.260713,34.626273],[136.330683,34.542804]]]},"properties":{}}},
    {"code":1151313,"id":"caebac","name":"伊勢八知","original_name":"伊勢八知","name_kana":"いせやち","closed":false,"lat":34.555355,"lng":136.263952,"prefecture":24,"lines":[11513],"attr":"eco","postal_code":"515-3421","address":"津市美杉町八知","voronoi":{"type":"Feature","geometry":{"type":"Polygon","coordinates":[[[136.214761,34.608177],[136.289939,34.550199],[136.239987,34.535752],[136.161873,34.542842],[136.173396,34.572094],[136.180398,34.584422],[136.211965,34.607578],[136.214761,34.608177]]]},"properties":{}}},
    {"code":1151314,"id":"3da594","name":"比津","original_name":"比津","name_kana":"ひつ","closed":false,"lat":34.531967,"lng":136.270716,"prefecture":24,"lines":[11513],"attr":"heat","postal_code":"515-3421","address":"津市美杉町八知","voronoi":{"type":"Feature","geometry":{"type":"Polygon","coordinates":[[[136.330683,34.542804],[136.387029,34.510929],[136.351858,34.475418],[136.239987,34.535752],[136.289939,34.550199],[136.330683,34.542804]]]},"properties":{}}},
    {"code":1151315,"id":"d6b71a","name":"伊勢奥津","original_name":"伊勢奥津","name_kana":"いせおきつ","closed":false,"lat":34.512155,"lng":136.260031,"prefecture":24,"lines":[11513],"attr":"heat","postal_code":"515-3531","address":"津市美杉町奥津","voronoi":{"type":"Feature","geometry":{"type":"Polygon","coordinates":[[[136.113073,34.427671],[136.097993,34.359254],[136.096855,34.339655],[136.165194,34.333879],[136.278231,34.381824],[136.351858,34.475418],[136.239987,34.535752],[136.161873,34.542842],[136.158519,34.537807],[136.123732,34.463647],[136.113073,34.427671]]]},"properties":{}}}
  ]
}