{
  "code":11605,
  "id":"acd783",
  "name":"JR湖西線",
  "name_kana":"じぇいあーるこせいせん",
  "station_size":22,
  "company_code":4,
  "closed":false,
  "color":"#00ACD1",
  "symbol":"B",
  "station_list":[
    {"code":100216,"id":"deedbe","name":"京都","original_name":"京都","name_kana":"きょうと","closed":false,"lat":34.985465,"lng":135.757748,"prefecture":26,"numbering":["B31"],"lines":[1002,11601,11602,11605,11614,11618,31025,99610],"attr":"heat","postal_code":"600-8216","address":"京都市下京区烏丸通塩小路下ル東塩小路町","voronoi":{"type":"Feature","geometry":{"type":"Polygon","coordinates":[[[135.761906,34.989727],[135.751517,34.991785],[135.750463,34.987145],[135.756369,34.981564],[135.763899,34.983817],[135.764023,34.984183],[135.761906,34.989727]]]},"properties":{}}},
    {"code":1160119,"id":"a4984d","name":"山科","original_name":"山科","name_kana":"やましな","closed":false,"lat":34.992636,"lng":135.816647,"prefecture":26,"numbering":["B30"],"lines":[11601,11605,99611],"attr":"heat","postal_code":"607-8009","address":"京都市山科区安朱北屋敷町","voronoi":{"type":"Feature","geometry":{"type":"Polygon","coordinates":[[[135.819835,35.028467],[135.820904,35.02729],[135.823482,35.023961],[135.820445,34.993504],[135.808014,34.989589],[135.815318,35.020718],[135.819835,35.028467]]]},"properties":{}}},
    {"code":1160503,"id":"ae4a76","name":"大津京","original_name":"大津京","name_kana":"おおつきょう","closed":false,"lat":35.024428,"lng":135.857268,"prefecture":25,"numbering":["B29"],"lines":[11605],"attr":"cool","postal_code":"520-0025","address":"大津市皇子が丘２丁目","voronoi":{"type":"Feature","geometry":{"type":"Polygon","coordinates":[[[135.86495,35.020064],[135.875737,35.025574],[135.881013,35.029886],[135.880236,35.030183],[135.867077,35.0304],[135.854517,35.025527],[135.859388,35.020486],[135.86257,35.019544],[135.86495,35.020064]]]},"properties":{}}},
    {"code":1160504,"id":"11d29f","name":"唐崎","original_name":"唐崎","name_kana":"からさき","closed":false,"lat":35.049795,"lng":135.866969,"prefecture":25,"numbering":["B28"],"lines":[11605],"attr":"cool","postal_code":"520-0106","address":"大津市唐崎２丁目","voronoi":{"type":"Feature","geometry":{"type":"Polygon","coordinates":[[[135.912854,35.036779],[135.913408,35.03775],[135.882603,35.054627],[135.875086,35.056208],[135.859871,35.050479],[135.87046,35.03727],[135.880236,35.030183],[135.881013,35.029886],[135.888858,35.030625],[135.903567,35.033444],[135.912607,35.036679],[135.912854,35.036779]]]},"properties":{}}},
    {"code":1160505,"id":"45e660","name":"比叡山坂本","original_name":"比叡山坂本","name_kana":"ひえいざんさかもと","closed":false,"lat":35.070403,"lng":135.878259,"prefecture":25,"numbering":["B27"],"lines":[11605],"attr":"cool","postal_code":"520-0116","address":"大津市坂本本町","voronoi":{"type":"Feature","geometry":{"type":"Polygon","coordinates":[[[135.918418,35.042952],[135.927262,35.058686],[135.875317,35.090956],[135.874674,35.067202],[135.882603,35.054627],[135.913408,35.03775],[135.918418,35.042952]]]},"properties":{}}},
    {"code":1160506,"id":"16d0c6","name":"おごと温泉","original_name":"おごと温泉","name_kana":"おごとおんせん","closed":false,"lat":35.097425,"lng":135.895046,"prefecture":25,"numbering":["B26"],"lines":[11605],"attr":"cool","postal_code":"520-0101","address":"大津市雄琴３丁目","voronoi":{"type":"Feature","geometry":{"type":"Polygon","coordinates":[[[135.943743,35.076196],[135.854774,35.152097],[135.840151,35.155599],[135.836328,35.125506],[135.875317,35.090956],[135.927262,35.058686],[135.938761,35.069132],[135.943743,35.076196]]]},"properties":{}}},
    {"code":1160507,"id":"2decf0","name":"堅田","original_name":"堅田","name_kana":"かたた","closed":false,"lat":35.12094,"lng":135.915107,"prefecture":25,"numbering":["B25"],"lines":[11605],"attr":"cool","postal_code":"520-0232","address":"大津市真野町","voronoi":{"type":"Feature","geometry":{"type":"Polygon","coordinates":[[[135.872159,35.14956],[135.973852,35.106733],[135.954697,35.084721],[135.943743,35.076196],[135.854774,35.152097],[135.858016,35.152079],[135.872159,35.14956]]]},"properties":{}}},
    {"code":1160508,"id":"3d6c99","name":"小野(滋賀)","original_name":"小野","name_kana":"おの","closed":false,"lat":35.138832,"lng":135.922642,"prefecture":25,"numbering":["B24"],"lines":[11605],"attr":"cool","postal_code":"520-0532","address":"大津市湖青１丁目","voronoi":{"type":"Feature","geometry":{"type":"Polygon","coordinates":[[[136.005522,35.150464],[136.005741,35.151286],[135.872159,35.14956],[135.973852,35.106733],[135.975948,35.108475],[136.005522,35.150464]]]},"properties":{}}},
    {"code":1160509,"id":"a72400","name":"和邇","original_name":"和邇","name_kana":"わに","closed":false,"lat":35.161588,"lng":135.922348,"prefecture":25,"numbering":["B23"],"lines":[11605],"attr":"cool","postal_code":"520-0522","address":"大津市和邇中浜","voronoi":{"type":"Feature","geometry":{"type":"Polygon","coordinates":[[[135.963633,35.17938],[136.010192,35.16194],[136.005741,35.151286],[135.872159,35.14956],[135.858016,35.152079],[135.944784,35.180601],[135.963633,35.17938]]]},"properties":{}}},
    {"code":1160510,"id":"4c6aea","name":"蓬莱","original_name":"蓬莱","name_kana":"ほうらい","closed":false,"lat":35.182594,"lng":135.915443,"prefecture":25,"numbering":["B22"],"lines":[11605],"attr":"cool","postal_code":"520-0515","address":"大津市八屋戸","voronoi":{"type":"Feature","geometry":{"type":"Polygon","coordinates":[[[135.944784,35.180601],[135.792072,35.254382],[135.840151,35.155599],[135.854774,35.152097],[135.858016,35.152079],[135.944784,35.180601]]]},"properties":{}}},
    {"code":1160511,"id":"7ea870","name":"志賀","original_name":"志賀","name_kana":"しが","closed":false,"lat":35.202348,"lng":135.924987,"prefecture":25,"numbering":["B21"],"lines":[11605],"attr":"cool","postal_code":"520-0514","address":"大津市木戸","voronoi":{"type":"Feature","geometry":{"type":"Polygon","coordinates":[[[135.76821,35.29512],[135.800531,35.309183],[135.836257,35.318653],[135.963633,35.17938],[135.944784,35.180601],[135.792072,35.254382],[135.76821,35.29512]]]},"properties":{}}},
    {"code":1160512,"id":"f0d50b","name":"比良(滋賀)","original_name":"比良","name_kana":"ひら","closed":false,"lat":35.219918,"lng":135.944198,"prefecture":25,"numbering":["B20"],"lines":[11605],"attr":"cool","postal_code":"520-0503","address":"大津市北比良","voronoi":{"type":"Feature","geometry":{"type":"Polygon","coordinates":[[[135.847054,35.322572],[135.836257,35.318653],[135.963633,35.17938],[136.010192,35.16194],[136.016505,35.168607],[135.859855,35.312591],[135.847054,35.322572]]]},"properties":{}}},
    {"code":1160513,"id":"a37c09","name":"近江舞子","original_name":"近江舞子","name_kana":"おうみまいこ","closed":false,"lat":35.236342,"lng":135.959294,"prefecture":25,"numbering":["B19"],"lines":[11605],"attr":"eco","postal_code":"520-0502","address":"大津市南小松","voronoi":{"type":"Feature","geometry":{"type":"Polygon","coordinates":[[[135.859855,35.312591],[136.016505,35.168607],[136.033116,35.18222],[136.042836,35.194494],[135.859855,35.312591]]]},"properties":{}}},
    {"code":1160514,"id":"a55fee","name":"北小松","original_name":"北小松","name_kana":"きたこまつ","closed":false,"lat":35.253384,"lng":135.970293,"prefecture":25,"numbering":["B18"],"lines":[11605],"attr":"eco","postal_code":"520-0501","address":"大津市北小松","voronoi":{"type":"Feature","geometry":{"type":"Polygon","coordinates":[[[135.931871,35.332686],[136.055097,35.206924],[136.042836,35.194494],[135.859855,35.312591],[135.847054,35.322572],[135.901931,35.352474],[135.931871,35.332686]]]},"properties":{}}},
    {"code":1160515,"id":"258a49","name":"近江高島","original_name":"近江高島","name_kana":"おうみたかしま","closed":false,"lat":35.292657,"lng":136.010374,"prefecture":25,"numbering":["B17"],"lines":[11605],"attr":"eco","postal_code":"520-1121","address":"高島市勝野","voronoi":{"type":"Feature","geometry":{"type":"Polygon","coordinates":[[[135.931871,35.332686],[136.055097,35.206924],[136.066566,35.213158],[136.078542,35.222976],[136.114098,35.272045],[136.119329,35.282822],[135.931871,35.332686]]]},"properties":{}}},
    {"code":1160516,"id":"a9d0f9","name":"安曇川","original_name":"安曇川","name_kana":"あどがわ","closed":false,"lat":35.32842,"lng":136.019887,"prefecture":25,"numbering":["B16"],"lines":[11605],"attr":"eco","postal_code":"520-1212","address":"高島市安曇川町西万木","voronoi":{"type":"Feature","geometry":{"type":"Polygon","coordinates":[[[135.931871,35.332686],[135.901931,35.352474],[135.924886,35.380342],[135.97795,35.371043],[136.122559,35.28733],[136.119329,35.282822],[135.931871,35.332686]]]},"properties":{}}},
    {"code":1160517,"id":"f56fe8","name":"新旭","original_name":"新旭","name_kana":"しんあさひ","closed":false,"lat":35.355902,"lng":136.035796,"prefecture":25,"numbering":["B15"],"lines":[11605],"attr":"eco","postal_code":"520-1501","address":"高島市新旭町旭","voronoi":{"type":"Feature","geometry":{"type":"Polygon","coordinates":[[[136.122559,35.28733],[135.97795,35.371043],[136.143675,35.386878],[136.147354,35.386042],[136.148007,35.385647],[136.148763,35.383206],[136.154376,35.327122],[136.152896,35.3231],[136.142644,35.308216],[136.122559,35.28733]]]},"properties":{}}},
    {"code":1160518,"id":"9e64b5","name":"近江今津","original_name":"近江今津","name_kana":"おうみいまづ","closed":false,"lat":35.396864,"lng":136.031882,"prefecture":25,"numbering":["B14"],"lines":[11605],"attr":"eco","postal_code":"520-1631","address":"高島市今津町名小路","voronoi":{"type":"Feature","geometry":{"type":"Polygon","coordinates":[[[136.085702,35.411925],[135.945291,35.432279],[135.942907,35.427883],[135.924886,35.380342],[135.97795,35.371043],[136.143675,35.386878],[136.085702,35.411925]]]},"properties":{}}},
    {"code":1160519,"id":"81d234","name":"近江中庄","original_name":"近江中庄","name_kana":"おうみなかしょう","closed":false,"lat":35.441648,"lng":136.038374,"prefecture":25,"numbering":["B13"],"lines":[11605],"attr":"heat","postal_code":"520-1823","address":"高島市マキノ町中庄","voronoi":{"type":"Feature","geometry":{"type":"Polygon","coordinates":[[[135.945291,35.432279],[135.947416,35.440508],[135.969844,35.483304],[135.991077,35.514281],[136.085702,35.411925],[135.945291,35.432279]]]},"properties":{}}},
    {"code":1160520,"id":"abc73c","name":"マキノ","original_name":"マキノ","name_kana":"まきの","closed":false,"lat":35.461437,"lng":136.05978,"prefecture":25,"numbering":["B12"],"lines":[11605],"attr":"heat","postal_code":"520-1812","address":"高島市マキノ町西浜","voronoi":{"type":"Feature","geometry":{"type":"Polygon","coordinates":[[[136.143675,35.386878],[136.085702,35.411925],[135.991077,35.514281],[135.995883,35.524706],[136.012771,35.532914],[136.04304,35.539239],[136.058549,35.534477],[136.147354,35.386042],[136.143675,35.386878]]]},"properties":{}}},
    {"code":1160521,"id":"cb9cd9","name":"永原","original_name":"永原","name_kana":"ながはら","closed":false,"lat":35.498857,"lng":136.122326,"prefecture":25,"numbering":["B11"],"lines":[11605],"attr":"heat","postal_code":"529-0721","address":"滋賀県長浜市西浅井町大浦字羽部1098-4","voronoi":{"type":"Feature","geometry":{"type":"Polygon","coordinates":[[[136.058549,35.534477],[136.101461,35.54427],[136.169219,35.496402],[136.173026,35.488208],[136.17479,35.463433],[136.163064,35.415991],[136.158834,35.405323],[136.148007,35.385647],[136.147354,35.386042],[136.058549,35.534477]]]},"properties":{}}},
    {"code":1141510,"id":"d87339","name":"近江塩津","original_name":"近江塩津","name_kana":"おうみしおつ","closed":false,"lat":35.53978,"lng":136.151236,"prefecture":25,"numbering":["B10"],"lines":[11415,11605],"attr":"heat","postal_code":"529-0706","address":"滋賀県長浜市西浅井町余245","voronoi":{"type":"Feature","geometry":{"type":"Polygon","coordinates":[[[136.101461,35.54427],[136.169219,35.496402],[136.185419,35.622399],[136.101461,35.54427]]]},"properties":{}}}
  ]
}