{
  "code":11611,
  "id":133,
  "name":"JR山陽本線(三原～岩国)",
  "name_kana":"じぇいあーるさんようほんせん",
  "station_size":31,
  "company_code":4,
  "closed":false,
  "station_list":[
    {"code":100310,"id":2888,"name":"三原","original_name":"三原","name_kana":"みはら","closed":false,"lat":34.400486,"lng":133.083049,"prefecture":34,"lines":[1003,11610,11611,11716],"attr":"eco","postal_code":"723-0014","address":"三原市城町","voronoi":{"type":"Feature","geometry":{"type":"Polygon","coordinates":[[[133.046293,34.52127],[133.033632,34.388583],[133.039835,34.384307],[133.089498,34.385409],[133.12158,34.470096],[133.113259,34.500334],[133.072956,34.518128],[133.046293,34.52127]]]},"properties":{}}},
    {"code":1161102,"id":2889,"name":"本郷(広島)","original_name":"本郷","name_kana":"ほんごう","closed":false,"lat":34.409617,"lng":132.987358,"prefecture":34,"lines":[11611],"attr":"eco","postal_code":"729-0412","address":"三原市本郷町本郷","voronoi":{"type":"Feature","geometry":{"type":"Polygon","coordinates":[[[133.046293,34.52127],[133.003516,34.545076],[132.918988,34.407229],[132.925476,34.400049],[132.960478,34.378707],[132.978113,34.372648],[133.014723,34.374626],[133.033632,34.388583],[133.046293,34.52127]]]},"properties":{}}},
    {"code":1161103,"id":2890,"name":"河内","original_name":"河内","name_kana":"こうち","closed":false,"lat":34.469248,"lng":132.890113,"prefecture":34,"lines":[11611],"attr":"eco","postal_code":"739-2201","address":"東広島市河内町中河内","voronoi":{"type":"Feature","geometry":{"type":"Polygon","coordinates":[[[132.974051,34.585352],[132.889397,34.618329],[132.889077,34.618228],[132.882123,34.614177],[132.843889,34.585866],[132.884385,34.404941],[132.88563,34.402194],[132.918988,34.407229],[133.003516,34.545076],[132.974051,34.585352]]]},"properties":{}}},
    {"code":1161104,"id":2891,"name":"入野(広島)","original_name":"入野","name_kana":"にゅうの","closed":false,"lat":34.46067,"lng":132.851789,"prefecture":34,"lines":[11611],"attr":"eco","postal_code":"739-2208","address":"東広島市河内町入野","voronoi":{"type":"Feature","geometry":{"type":"Polygon","coordinates":[[[132.79826,34.548547],[132.839005,34.583323],[132.843889,34.585866],[132.884385,34.404941],[132.813036,34.483935],[132.79826,34.548547]]]},"properties":{}}},
    {"code":1161105,"id":2892,"name":"白市","original_name":"白市","name_kana":"しらいち","closed":false,"lat":34.443022,"lng":132.83225,"prefecture":34,"lines":[11611],"attr":"eco","postal_code":"739-2121","address":"東広島市高屋町小谷","voronoi":{"type":"Feature","geometry":{"type":"Polygon","coordinates":[[[132.88563,34.402194],[132.884385,34.404941],[132.813036,34.483935],[132.807165,34.40105],[132.822032,34.380972],[132.838827,34.379033],[132.863802,34.38587],[132.88563,34.402194]]]},"properties":{}}},
    {"code":1161106,"id":2893,"name":"西高屋","original_name":"西高屋","name_kana":"にしたかや","closed":false,"lat":34.446139,"lng":132.788246,"prefecture":34,"lines":[11611],"attr":"cool","postal_code":"739-2125","address":"東広島市高屋町中島","voronoi":{"type":"Feature","geometry":{"type":"Polygon","coordinates":[[[132.807165,34.40105],[132.813036,34.483935],[132.79826,34.548547],[132.746998,34.52782],[132.746563,34.527467],[132.751182,34.483557],[132.772897,34.41826],[132.807165,34.40105]]]},"properties":{}}},
    {"code":1161107,"id":2894,"name":"西条(広島)","original_name":"西条","name_kana":"さいじょう","closed":false,"lat":34.431394,"lng":132.743909,"prefecture":34,"lines":[11611],"attr":"cool","postal_code":"739-0001","address":"東広島市西条町大字西条","voronoi":{"type":"Feature","geometry":{"type":"Polygon","coordinates":[[[132.751182,34.483557],[132.719582,34.398259],[132.772897,34.41826],[132.751182,34.483557]]]},"properties":{}}},
    {"code":1161131,"id":9312,"name":"寺家","original_name":"寺家","name_kana":"じけ","closed":false,"lat":34.439246,"lng":132.722714,"prefecture":34,"lines":[11611],"attr":"cool","postal_code":"739-0041","address":"広島県東広島市西条町寺家","open_date":"2017-03-04","voronoi":{"type":"Feature","geometry":{"type":"Polygon","coordinates":[[[132.719582,34.398259],[132.694081,34.379375],[132.717908,34.512175],[132.743316,34.526417],[132.746563,34.527467],[132.751182,34.483557],[132.719582,34.398259]]]},"properties":{}}},
    {"code":1161108,"id":2895,"name":"八本松","original_name":"八本松","name_kana":"はちほんまつ","closed":false,"lat":34.445466,"lng":132.688048,"prefecture":34,"lines":[11611],"attr":"cool","postal_code":"739-0141","address":"東広島市八本松町飯田","voronoi":{"type":"Feature","geometry":{"type":"Polygon","coordinates":[[[132.664709,34.346923],[132.670112,34.348798],[132.694081,34.379375],[132.717908,34.512175],[132.695409,34.506008],[132.655046,34.486879],[132.636032,34.464913],[132.640759,34.440089],[132.664709,34.346923]]]},"properties":{}}},
    {"code":1161109,"id":2896,"name":"瀬野","original_name":"瀬野","name_kana":"せの","closed":false,"lat":34.421994,"lng":132.59674,"prefecture":34,"lines":[11611],"attr":"cool","postal_code":"739-0311","address":"広島市安芸区瀬野１丁目","voronoi":{"type":"Feature","geometry":{"type":"Polygon","coordinates":[[[132.598763,34.425865],[132.589606,34.410848],[132.660646,34.342585],[132.664709,34.346923],[132.640759,34.440089],[132.598763,34.425865]]]},"properties":{}}},
    {"code":1161110,"id":2897,"name":"中野東","original_name":"中野東","name_kana":"なかのひがし","closed":false,"lat":34.403275,"lng":132.578753,"prefecture":34,"lines":[11611],"attr":"cool","postal_code":"739-0321","address":"広島市安芸区中野５丁目","voronoi":{"type":"Feature","geometry":{"type":"Polygon","coordinates":[[[132.589606,34.410848],[132.582484,34.417399],[132.542761,34.433131],[132.628229,34.324453],[132.630425,34.324729],[132.64576,34.327936],[132.651192,34.329481],[132.660646,34.342585],[132.589606,34.410848]]]},"properties":{}}},
    {"code":1161111,"id":2898,"name":"安芸中野","original_name":"安芸中野","name_kana":"あきなかの","closed":false,"lat":34.391115,"lng":132.563291,"prefecture":34,"lines":[11611],"attr":"cool","postal_code":"739-0321","address":"広島市安芸区中野２丁目","voronoi":{"type":"Feature","geometry":{"type":"Polygon","coordinates":[[[132.611257,34.320464],[132.557208,34.363888],[132.532033,34.407221],[132.534314,34.425435],[132.53929,34.433051],[132.540151,34.433332],[132.542432,34.43335],[132.542761,34.433131],[132.628229,34.324453],[132.611257,34.320464]]]},"properties":{}}},
    {"code":1161112,"id":2899,"name":"海田市","original_name":"海田市","name_kana":"かいたいち","closed":false,"lat":34.372089,"lng":132.530542,"prefecture":34,"lines":[11611,11716],"attr":"heat","postal_code":"736-0068","address":"安芸郡海田町新町","voronoi":{"type":"Feature","geometry":{"type":"Polygon","coordinates":[[[132.515875,34.361019],[132.522243,34.395122],[132.522769,34.396071],[132.532033,34.407221],[132.557208,34.363888],[132.515875,34.361019]]]},"properties":{}}},
    {"code":1161113,"id":2900,"name":"向洋","original_name":"向洋","name_kana":"むかいなだ","closed":false,"lat":34.376636,"lng":132.506191,"prefecture":34,"lines":[11611,11716],"attr":"heat","postal_code":"735-0017","address":"安芸郡府中町青崎南","voronoi":{"type":"Feature","geometry":{"type":"Polygon","coordinates":[[[132.490195,34.355451],[132.513186,34.3582],[132.515875,34.361019],[132.522243,34.395122],[132.486365,34.373902],[132.486024,34.37197],[132.485904,34.370698],[132.485902,34.370552],[132.486948,34.365061],[132.487233,34.363928],[132.488619,34.359264],[132.489397,34.357278],[132.490195,34.355451]]]},"properties":{}}},
    {"code":1161114,"id":2901,"name":"天神川","original_name":"天神川","name_kana":"てんじんがわ","closed":false,"lat":34.389959,"lng":132.498311,"prefecture":34,"lines":[11611,11716],"attr":"heat","postal_code":"732-0801","address":"広島市南区東駅町２８７","voronoi":{"type":"Feature","geometry":{"type":"Polygon","coordinates":[[[132.522769,34.396071],[132.522243,34.395122],[132.486365,34.373902],[132.486155,34.374833],[132.485993,34.376306],[132.486157,34.38786],[132.486275,34.38869],[132.487491,34.394028],[132.522769,34.396071]]]},"properties":{}}},
    {"code":100312,"id":2902,"name":"広島","original_name":"広島","name_kana":"ひろしま","closed":false,"lat":34.397446,"lng":132.475593,"prefecture":34,"lines":[1003,11611,11714,11716,11717],"attr":"heat","postal_code":"732-0822","address":"広島市南区松原町","voronoi":{"type":"Feature","geometry":{"type":"Polygon","coordinates":[[[132.485284,34.414921],[132.486714,34.397996],[132.476455,34.396354],[132.471019,34.4002],[132.473755,34.405559],[132.478083,34.411762],[132.48278,34.414387],[132.485284,34.414921]]]},"properties":{}}},
    {"code":1161130,"id":9180,"name":"新白島","original_name":"新白島","name_kana":"しんはくしま","closed":false,"lat":34.408432,"lng":132.461134,"prefecture":34,"lines":[11611,11717,99709],"attr":"cool","postal_code":"730-0005","address":"広島市中区西白島町154-1","voronoi":{"type":"Feature","geometry":{"type":"Polygon","coordinates":[[[132.455913,34.409937],[132.462257,34.405281],[132.464762,34.408054],[132.456392,34.412987],[132.455942,34.410223],[132.455913,34.409937]]]},"properties":{}}},
    {"code":1161116,"id":2903,"name":"横川(広島)","original_name":"横川","name_kana":"よこがわ","closed":false,"lat":34.410173,"lng":132.45045,"prefecture":34,"lines":[11611,11717],"attr":"heat","postal_code":"733-0011","address":"広島市西区横川町３丁目","voronoi":{"type":"Feature","geometry":{"type":"Polygon","coordinates":[[[132.456146,34.416439],[132.456392,34.412987],[132.455942,34.410223],[132.444239,34.409409],[132.440269,34.410007],[132.455987,34.416761],[132.456146,34.416439]]]},"properties":{}}},
    {"code":1161117,"id":2904,"name":"西広島","original_name":"西広島","name_kana":"にしひろしま","closed":false,"lat":34.397832,"lng":132.427979,"prefecture":34,"lines":[11611],"attr":"heat","postal_code":"733-0812","address":"広島市西区己斐本町１丁目","voronoi":{"type":"Feature","geometry":{"type":"Polygon","coordinates":[[[132.4224,34.42282],[132.409889,34.413527],[132.423696,34.395409],[132.432506,34.399668],[132.434986,34.404824],[132.435967,34.409273],[132.4224,34.42282]]]},"properties":{}}},
    {"code":1161118,"id":2905,"name":"新井口","original_name":"新井口","name_kana":"しんいのくち","closed":false,"lat":34.375601,"lng":132.391924,"prefecture":34,"lines":[11611],"attr":"heat","postal_code":"733-0842","address":"広島市西区井口１丁目","voronoi":{"type":"Feature","geometry":{"type":"Polygon","coordinates":[[[132.3886,34.374096],[132.369179,34.404964],[132.367283,34.409414],[132.38362,34.407182],[132.383841,34.40674],[132.395191,34.376873],[132.3886,34.374096]]]},"properties":{}}},
    {"code":1161119,"id":2906,"name":"五日市","original_name":"五日市","name_kana":"いつかいち","closed":false,"lat":34.366798,"lng":132.367717,"prefecture":34,"lines":[11611],"attr":"heat","postal_code":"731-5125","address":"広島市佐伯区五日市駅前１丁目","voronoi":{"type":"Feature","geometry":{"type":"Polygon","coordinates":[[[132.353601,34.415392],[132.362086,34.411387],[132.371106,34.367735],[132.364834,34.365582],[132.353601,34.415392]]]},"properties":{}}},
    {"code":1161120,"id":2907,"name":"廿日市","original_name":"廿日市","name_kana":"はつかいち","closed":false,"lat":34.357837,"lng":132.335657,"prefecture":34,"lines":[11611],"attr":"heat","postal_code":"738-0011","address":"廿日市市駅前","voronoi":{"type":"Feature","geometry":{"type":"Polygon","coordinates":[[[132.167131,34.551022],[132.231698,34.50516],[132.339334,34.358695],[132.332369,34.355705],[132.167131,34.551022]]]},"properties":{}}},
    {"code":1161121,"id":2908,"name":"宮内串戸","original_name":"宮内串戸","name_kana":"みやうちくしど","closed":false,"lat":34.347963,"lng":132.323706,"prefecture":34,"lines":[11611],"attr":"heat","postal_code":"738-0033","address":"廿日市市串戸４丁目","voronoi":{"type":"Feature","geometry":{"type":"Polygon","coordinates":[[[132.312212,34.349487],[132.323818,34.345713],[132.325725,34.351615],[132.161588,34.555088],[132.139698,34.571641],[132.121497,34.556693],[132.099256,34.497415],[132.099689,34.495534],[132.100496,34.492453],[132.184436,34.416041],[132.312212,34.349487]]]},"properties":{}}},
    {"code":1161122,"id":2909,"name":"阿品","original_name":"阿品","name_kana":"あじな","closed":false,"lat":34.323152,"lng":132.314216,"prefecture":34,"lines":[11611],"attr":"heat","postal_code":"738-0054","address":"廿日市市阿品２丁目","voronoi":{"type":"Feature","geometry":{"type":"Polygon","coordinates":[[[132.308777,34.334787],[132.287995,34.341601],[132.30879,34.319655],[132.317134,34.323857],[132.308777,34.334787]]]},"properties":{}}},
    {"code":1161123,"id":2910,"name":"宮島口","original_name":"宮島口","name_kana":"みやじまぐち","closed":false,"lat":34.312081,"lng":132.302689,"prefecture":34,"lines":[11611],"attr":"heat","postal_code":"739-0411","address":"廿日市市宮島口１","voronoi":{"type":"Feature","geometry":{"type":"Polygon","coordinates":[[[132.248136,34.364546],[132.300816,34.30124],[132.304008,34.313095],[132.257895,34.358677],[132.248136,34.364546]]]},"properties":{}}},
    {"code":1161124,"id":2911,"name":"前空","original_name":"前空","name_kana":"まえぞら","closed":false,"lat":34.301368,"lng":132.289815,"prefecture":34,"lines":[11611],"attr":"heat","postal_code":"739-0424","address":"廿日市市前空９１０-３番地","voronoi":{"type":"Feature","geometry":{"type":"Polygon","coordinates":[[[132.199006,34.402081],[132.248136,34.364546],[132.300816,34.30124],[132.386266,34.176906],[132.385658,34.173209],[132.375005,34.178487],[132.346092,34.196967],[132.199006,34.402081]]]},"properties":{}}},
    {"code":1161125,"id":2912,"name":"大野浦","original_name":"大野浦","name_kana":"おおのうら","closed":false,"lat":34.283762,"lng":132.265263,"prefecture":34,"lines":[11611],"attr":"heat","postal_code":"739-0445","address":"廿日市市塩屋沖","voronoi":{"type":"Feature","geometry":{"type":"Polygon","coordinates":[[[132.100496,34.492453],[132.103795,34.456697],[132.276471,34.230402],[132.280088,34.228119],[132.346092,34.196967],[132.199006,34.402081],[132.184436,34.416041],[132.100496,34.492453]]]},"properties":{}}},
    {"code":1161126,"id":2913,"name":"玖波","original_name":"玖波","name_kana":"くば","closed":false,"lat":34.2553,"lng":132.227963,"prefecture":34,"lines":[11611],"attr":"heat","postal_code":"739-0651","address":"大竹市玖波２丁目","voronoi":{"type":"Feature","geometry":{"type":"Polygon","coordinates":[[[132.112107,34.288213],[132.102867,34.330095],[132.103795,34.456697],[132.276471,34.230402],[132.151812,34.245215],[132.112107,34.288213]]]},"properties":{}}},
    {"code":1161127,"id":2914,"name":"大竹(広島)","original_name":"大竹","name_kana":"おおたけ","closed":false,"lat":34.217565,"lng":132.223479,"prefecture":34,"lines":[11611],"attr":"heat","postal_code":"739-0611","address":"大竹市新町１丁目","voronoi":{"type":"Feature","geometry":{"type":"Polygon","coordinates":[[[132.280088,34.228119],[132.276471,34.230402],[132.151812,34.245215],[132.163235,34.224088],[132.174689,34.208034],[132.190778,34.199865],[132.280088,34.228119]]]},"properties":{}}},
    {"code":1161129,"id":2916,"name":"和木","original_name":"和木","name_kana":"わき","closed":false,"lat":34.204194,"lng":132.227709,"prefecture":35,"lines":[11611],"attr":"eco","postal_code":"740-0061","address":"玖珂郡和木町和木４丁目","voronoi":{"type":"Feature","geometry":{"type":"Polygon","coordinates":[[[132.190778,34.199865],[132.280088,34.228119],[132.346092,34.196967],[132.375005,34.178487],[132.204207,34.189453],[132.190778,34.199865]]]},"properties":{}}},
    {"code":1161128,"id":2915,"name":"岩国","original_name":"岩国","name_kana":"いわくに","closed":false,"lat":34.171828,"lng":132.225631,"prefecture":35,"lines":[11611,11612,11724],"attr":"eco","postal_code":"740-0018","address":"岩国市麻里布町１丁目","voronoi":{"type":"Feature","geometry":{"type":"Polygon","coordinates":[[[132.385658,34.173209],[132.375005,34.178487],[132.204207,34.189453],[132.214616,34.154184],[132.315696,34.099977],[132.328876,34.097347],[132.412034,34.089577],[132.385658,34.173209]]]},"properties":{}}}
  ]
}