{
  "code":11612,
  "id":134,
  "name":"JR山陽本線(岩国～門司)",
  "name_kana":"じぇいあーるさんようほんせん",
  "station_size":37,
  "company_code":4,
  "closed":false,
  "station_list":[
    {"code":1161128,"id":2915,"name":"岩国","original_name":"岩国","name_kana":"いわくに","closed":false,"lat":34.171828,"lng":132.225631,"prefecture":35,"lines":[11611,11612,11724],"attr":"eco","postal_code":"740-0018","address":"岩国市麻里布町１丁目","voronoi":{"type":"Feature","geometry":{"type":"Polygon","coordinates":[[[132.385658,34.173209],[132.375005,34.178487],[132.204207,34.189453],[132.214616,34.154184],[132.315696,34.099977],[132.328876,34.097347],[132.412034,34.089577],[132.385658,34.173209]]]},"properties":{}}},
    {"code":1161202,"id":2917,"name":"南岩国","original_name":"南岩国","name_kana":"みなみいわくに","closed":false,"lat":34.135246,"lng":132.206013,"prefecture":35,"lines":[11612],"attr":"eco","postal_code":"740-0034","address":"岩国市南岩国町１丁目","voronoi":{"type":"Feature","geometry":{"type":"Polygon","coordinates":[[[132.191466,34.145659],[132.18065,34.131135],[132.272403,34.100664],[132.315696,34.099977],[132.214616,34.154184],[132.191466,34.145659]]]},"properties":{}}},
    {"code":1161203,"id":2918,"name":"藤生","original_name":"藤生","name_kana":"ふじゅう","closed":false,"lat":34.112668,"lng":132.198515,"prefecture":35,"lines":[11612],"attr":"eco","postal_code":"740-0036","address":"岩国市藤生町１丁目","voronoi":{"type":"Feature","geometry":{"type":"Polygon","coordinates":[[[132.152323,34.083287],[132.151492,34.092998],[132.177519,34.129624],[132.18065,34.131135],[132.272403,34.100664],[132.152323,34.083287]]]},"properties":{}}},
    {"code":1161204,"id":2919,"name":"通津","original_name":"通津","name_kana":"つづ","closed":false,"lat":34.068207,"lng":132.204949,"prefecture":35,"lines":[11612],"attr":"eco","postal_code":"740-0044","address":"岩国市通津","voronoi":{"type":"Feature","geometry":{"type":"Polygon","coordinates":[[[132.140703,34.031885],[132.138664,34.033196],[132.135736,34.036022],[132.152323,34.083287],[132.272403,34.100664],[132.315696,34.099977],[132.328876,34.097347],[132.140703,34.031885]]]},"properties":{}}},
    {"code":1161205,"id":2920,"name":"由宇","original_name":"由宇","name_kana":"ゆう","closed":false,"lat":34.043279,"lng":132.213621,"prefecture":35,"lines":[11612],"attr":"eco","postal_code":"740-1488","address":"岩国市由宇町字浜沖","voronoi":{"type":"Feature","geometry":{"type":"Polygon","coordinates":[[[132.469598,33.999103],[132.419757,34.078523],[132.414778,34.085798],[132.412034,34.089577],[132.328876,34.097347],[132.140703,34.031885],[132.145564,34.027346],[132.468783,33.996609],[132.469598,33.999103]]]},"properties":{}}},
    {"code":1161206,"id":2921,"name":"神代(山口)","original_name":"神代","name_kana":"こうじろ","closed":false,"lat":33.998871,"lng":132.209398,"prefecture":35,"lines":[11612],"attr":"eco","postal_code":"740-1432","address":"岩国市由宇町神東","voronoi":{"type":"Feature","geometry":{"type":"Polygon","coordinates":[[[132.441854,33.881674],[132.468783,33.996609],[132.145564,34.027346],[132.151545,34.016265],[132.381096,33.830931],[132.400972,33.845309],[132.441854,33.881674]]]},"properties":{}}},
    {"code":1161207,"id":2922,"name":"大畠","original_name":"大畠","name_kana":"おおばたけ","closed":false,"lat":33.963377,"lng":132.180741,"prefecture":35,"lines":[11612],"attr":"eco","postal_code":"749-0102","address":"柳井市大畠鍋網代","voronoi":{"type":"Feature","geometry":{"type":"Polygon","coordinates":[[[132.151545,34.016265],[132.381096,33.830931],[132.189791,33.662687],[132.151545,34.016265]]]},"properties":{}}},
    {"code":1161208,"id":2923,"name":"柳井港","original_name":"柳井港","name_kana":"やないみなと","closed":false,"lat":33.958357,"lng":132.134333,"prefecture":35,"lines":[11612],"attr":"eco","postal_code":"742-0021","address":"柳井市大字柳井","voronoi":{"type":"Feature","geometry":{"type":"Polygon","coordinates":[[[132.087373,33.588786],[132.161255,33.633363],[132.189791,33.662687],[132.151545,34.016265],[132.145564,34.027346],[132.140703,34.031885],[132.138664,34.033196],[132.088624,33.840768],[132.087373,33.588786]]]},"properties":{}}},
    {"code":1161209,"id":2924,"name":"柳井","original_name":"柳井","name_kana":"やない","closed":false,"lat":33.965728,"lng":132.105988,"prefecture":35,"lines":[11612],"attr":"eco","postal_code":"742-0032","address":"柳井市大字古開作","voronoi":{"type":"Feature","geometry":{"type":"Polygon","coordinates":[[[132.138664,34.033196],[132.088624,33.840768],[132.068077,34.024492],[132.075512,34.028087],[132.115599,34.035416],[132.135736,34.036022],[132.138664,34.033196]]]},"properties":{}}},
    {"code":1161210,"id":2925,"name":"田布施","original_name":"田布施","name_kana":"たぶせ","closed":false,"lat":33.958805,"lng":132.044084,"prefecture":35,"lines":[11612],"attr":"eco","postal_code":"742-1502","address":"熊毛郡田布施町大字波野","voronoi":{"type":"Feature","geometry":{"type":"Polygon","coordinates":[[[132.087373,33.588786],[132.04291,33.55397],[131.93538,33.590901],[131.966552,33.856589],[132.043017,34.020112],[132.060623,34.024576],[132.068077,34.024492],[132.088624,33.840768],[132.087373,33.588786]]]},"properties":{}}},
    {"code":1161211,"id":2926,"name":"岩田","original_name":"岩田","name_kana":"いわた","closed":false,"lat":33.981624,"lng":131.995285,"prefecture":35,"lines":[11612],"attr":"eco","postal_code":"743-0103","address":"光市岩田","voronoi":{"type":"Feature","geometry":{"type":"Polygon","coordinates":[[[132.043017,34.020112],[131.966552,33.856589],[131.960663,33.918558],[131.986635,34.01925],[132.011453,34.026724],[132.043017,34.020112]]]},"properties":{}}},
    {"code":1161212,"id":2927,"name":"島田(山口)","original_name":"島田","name_kana":"しまた","closed":false,"lat":33.990502,"lng":131.960865,"prefecture":35,"lines":[11612],"attr":"eco","postal_code":"743-0063","address":"光市大字島田","voronoi":{"type":"Feature","geometry":{"type":"Polygon","coordinates":[[[131.931411,34.00012],[131.960663,33.918558],[131.986635,34.01925],[131.983804,34.019782],[131.955491,34.015997],[131.931411,34.00012]]]},"properties":{}}},
    {"code":1161213,"id":2928,"name":"光","original_name":"光","name_kana":"ひかり","closed":false,"lat":33.973975,"lng":131.914784,"prefecture":35,"lines":[11612],"attr":"eco","postal_code":"743-0022","address":"光市虹ケ浜３丁目","voronoi":{"type":"Feature","geometry":{"type":"Polygon","coordinates":[[[131.699465,33.724721],[131.703628,33.740124],[131.899989,34.002969],[131.930216,34.000526],[131.931411,34.00012],[131.960663,33.918558],[131.966552,33.856589],[131.93538,33.590901],[131.905543,33.595726],[131.715894,33.710106],[131.699465,33.724721]]]},"properties":{}}},
    {"code":1161214,"id":2929,"name":"下松(山口)","original_name":"下松","name_kana":"くだまつ","closed":false,"lat":34.008933,"lng":131.86799,"prefecture":35,"lines":[11612],"attr":"eco","postal_code":"744-0011","address":"下松市大字西豊井","voronoi":{"type":"Feature","geometry":{"type":"Polygon","coordinates":[[[131.84968,34.021986],[131.877033,34.022657],[131.898366,34.007072],[131.899989,34.002969],[131.703628,33.740124],[131.709682,33.775149],[131.84968,34.021986]]]},"properties":{}}},
    {"code":1161215,"id":2930,"name":"櫛ヶ浜","original_name":"櫛ヶ浜","name_kana":"くしがはま","closed":false,"lat":34.031002,"lng":131.829079,"prefecture":35,"lines":[11612,11724],"attr":"eco","postal_code":"745-0801","address":"山口県周南市大字久米字院内3975-1","voronoi":{"type":"Feature","geometry":{"type":"Polygon","coordinates":[[[131.709682,33.775149],[131.722746,33.916982],[131.728682,33.930072],[131.842805,34.075434],[131.84968,34.021986],[131.709682,33.775149]]]},"properties":{}}},
    {"code":100314,"id":2931,"name":"徳山","original_name":"徳山","name_kana":"とくやま","closed":false,"lat":34.051555,"lng":131.8029,"prefecture":35,"lines":[1003,11612,11724],"attr":"eco","postal_code":"745-0034","address":"周南市御幸通り２丁目","voronoi":{"type":"Feature","geometry":{"type":"Polygon","coordinates":[[[131.865957,34.170853],[131.842805,34.075434],[131.728682,33.930072],[131.747373,33.988707],[131.851765,34.181542],[131.865804,34.171003],[131.865957,34.170853]]]},"properties":{}}},
    {"code":1161217,"id":2932,"name":"新南陽","original_name":"新南陽","name_kana":"しんなんよう","closed":false,"lat":34.069561,"lng":131.769639,"prefecture":35,"lines":[11612],"attr":"eco","postal_code":"746-0015","address":"周南市清水２丁目","voronoi":{"type":"Feature","geometry":{"type":"Polygon","coordinates":[[[131.851765,34.181542],[131.747373,33.988707],[131.767059,34.230835],[131.787812,34.237588],[131.793715,34.239032],[131.851765,34.181542]]]},"properties":{}}},
    {"code":1161218,"id":2933,"name":"福川","original_name":"福川","name_kana":"ふくがわ","closed":false,"lat":34.072096,"lng":131.73846,"prefecture":35,"lines":[11612],"attr":"eco","postal_code":"746-0041","address":"周南市社地町","voronoi":{"type":"Feature","geometry":{"type":"Polygon","coordinates":[[[131.719756,33.929585],[131.723439,34.221195],[131.767059,34.230835],[131.747373,33.988707],[131.728682,33.930072],[131.722746,33.916982],[131.719756,33.929585]]]},"properties":{}}},
    {"code":1161219,"id":2934,"name":"戸田(山口)","original_name":"戸田","name_kana":"へた","closed":false,"lat":34.072523,"lng":131.704657,"prefecture":35,"lines":[11612],"attr":"eco","postal_code":"746-0084","address":"周南市夜市","voronoi":{"type":"Feature","geometry":{"type":"Polygon","coordinates":[[[131.716279,34.220444],[131.706049,34.2185],[131.680254,34.208134],[131.667157,34.199102],[131.634938,34.161364],[131.719756,33.929585],[131.723439,34.221195],[131.716279,34.220444]]]},"properties":{}}},
    {"code":1161220,"id":2935,"name":"富海","original_name":"富海","name_kana":"とのみ","closed":false,"lat":34.048507,"lng":131.639029,"prefecture":35,"lines":[11612],"attr":"cool","postal_code":"747-1111","address":"防府市大字富海","voronoi":{"type":"Feature","geometry":{"type":"Polygon","coordinates":[[[131.703628,33.740124],[131.699465,33.724721],[131.627485,33.745303],[131.625043,33.746373],[131.583659,33.768248],[131.610791,34.146575],[131.634938,34.161364],[131.719756,33.929585],[131.722746,33.916982],[131.709682,33.775149],[131.703628,33.740124]]]},"properties":{}}},
    {"code":1161221,"id":2936,"name":"防府","original_name":"防府","name_kana":"ほうふ","closed":false,"lat":34.05354,"lng":131.568848,"prefecture":35,"lines":[11612],"attr":"cool","postal_code":"747-0036","address":"防府市戎町１丁目","voronoi":{"type":"Feature","geometry":{"type":"Polygon","coordinates":[[[131.546055,34.12872],[131.528413,34.115716],[131.529379,33.79841],[131.533349,33.787347],[131.583659,33.768248],[131.610791,34.146575],[131.56193,34.136792],[131.546055,34.12872]]]},"properties":{}}},
    {"code":1161222,"id":2937,"name":"大道","original_name":"大道","name_kana":"だいどう","closed":false,"lat":34.053295,"lng":131.488358,"prefecture":35,"lines":[11612],"attr":"cool","postal_code":"747-1232","address":"防府市大字台道","voronoi":{"type":"Feature","geometry":{"type":"Polygon","coordinates":[[[131.445619,33.960747],[131.470212,33.906455],[131.529379,33.79841],[131.528413,34.115716],[131.502827,34.114137],[131.498706,34.113043],[131.431915,34.011535],[131.432361,34.003259],[131.433749,33.997305],[131.445619,33.960747]]]},"properties":{}}},
    {"code":1161223,"id":2938,"name":"四辻","original_name":"四辻","name_kana":"よつつじ","closed":false,"lat":34.079896,"lng":131.44793,"prefecture":35,"lines":[11612],"attr":"cool","postal_code":"747-1221","address":"山口市大字鋳銭司","voronoi":{"type":"Feature","geometry":{"type":"Polygon","coordinates":[[[131.421251,34.082733],[131.415008,34.058733],[131.415948,34.048713],[131.431915,34.011535],[131.498706,34.113043],[131.478926,34.116054],[131.448379,34.11532],[131.44812,34.115263],[131.430968,34.103878],[131.421251,34.082733]]]},"properties":{}}},
    {"code":100315,"id":2939,"name":"新山口","original_name":"新山口","name_kana":"しんやまぐち","closed":false,"lat":34.093255,"lng":131.39657,"prefecture":35,"lines":[1003,11612,11708,11721],"attr":"cool","postal_code":"754-0002","address":"山口市小郡下郷","voronoi":{"type":"Feature","geometry":{"type":"Polygon","coordinates":[[[131.38137,34.108822],[131.351872,34.115494],[131.415008,34.058733],[131.421251,34.082733],[131.38137,34.108822]]]},"properties":{}}},
    {"code":1161225,"id":2940,"name":"嘉川","original_name":"嘉川","name_kana":"かがわ","closed":false,"lat":34.066211,"lng":131.370068,"prefecture":35,"lines":[11612],"attr":"cool","postal_code":"754-0897","address":"山口市嘉川","voronoi":{"type":"Feature","geometry":{"type":"Polygon","coordinates":[[[131.303142,34.143667],[131.297053,34.133835],[131.310128,34.085215],[131.348967,34.055193],[131.384625,34.057503],[131.323962,34.13049],[131.303142,34.143667]]]},"properties":{}}},
    {"code":1161226,"id":2941,"name":"本由良","original_name":"本由良","name_kana":"ほんゆら","closed":false,"lat":34.031997,"lng":131.343621,"prefecture":35,"lines":[11612],"attr":"cool","postal_code":"754-0894","address":"山口市大字佐山","voronoi":{"type":"Feature","geometry":{"type":"Polygon","coordinates":[[[131.347634,34.019741],[131.330442,34.009292],[131.303165,34.006559],[131.310128,34.085215],[131.348967,34.055193],[131.351032,34.05138],[131.353907,34.031657],[131.347634,34.019741]]]},"properties":{}}},
    {"code":1161227,"id":2942,"name":"厚東","original_name":"厚東","name_kana":"ことう","closed":false,"lat":34.038709,"lng":131.267807,"prefecture":35,"lines":[11612],"attr":"cool","postal_code":"759-0122","address":"宇部市大字吉見字宮の下","voronoi":{"type":"Feature","geometry":{"type":"Polygon","coordinates":[[[131.242322,34.10704],[131.217312,34.056313],[131.263322,33.996866],[131.26567,33.995209],[131.269581,33.993975],[131.278737,33.992318],[131.29901,34.001208],[131.301296,34.003509],[131.303165,34.006559],[131.310128,34.085215],[131.297053,34.133835],[131.242322,34.10704]]]},"properties":{}}},
    {"code":1161228,"id":2943,"name":"宇部","original_name":"宇部","name_kana":"うべ","closed":false,"lat":34.003017,"lng":131.221691,"prefecture":35,"lines":[11612,11721],"attr":"cool","postal_code":"759-0207","address":"宇部市大字際波","voronoi":{"type":"Feature","geometry":{"type":"Polygon","coordinates":[[[131.263322,33.996866],[131.20895,33.988591],[131.203901,33.991514],[131.202721,33.998562],[131.209852,34.051514],[131.210433,34.052227],[131.217312,34.056313],[131.263322,33.996866]]]},"properties":{}}},
    {"code":1161229,"id":2944,"name":"小野田","original_name":"小野田","name_kana":"おのだ","closed":false,"lat":34.007877,"lng":131.185605,"prefecture":35,"lines":[11612,11723],"attr":"cool","postal_code":"756-0088","address":"山陽小野田市東高泊","voronoi":{"type":"Feature","geometry":{"type":"Polygon","coordinates":[[[131.138758,34.011437],[131.202721,33.998562],[131.209852,34.051514],[131.138758,34.011437]]]},"properties":{}}},
    {"code":100316,"id":2945,"name":"厚狭","original_name":"厚狭","name_kana":"あさ","closed":false,"lat":34.053361,"lng":131.159965,"prefecture":35,"lines":[1003,11612,11722],"attr":"cool","postal_code":"757-0001","address":"山陽小野田市厚狭","voronoi":{"type":"Feature","geometry":{"type":"Polygon","coordinates":[[[131.121738,34.080546],[131.125907,34.007777],[131.138748,34.011433],[131.138758,34.011437],[131.209852,34.051514],[131.210433,34.052227],[131.135098,34.081709],[131.121738,34.080546]]]},"properties":{}}},
    {"code":1161231,"id":2946,"name":"埴生","original_name":"埴生","name_kana":"はぶ","closed":false,"lat":34.049173,"lng":131.086865,"prefecture":35,"lines":[11612],"attr":"heat","postal_code":"757-0012","address":"山陽小野田市埴生","voronoi":{"type":"Feature","geometry":{"type":"Polygon","coordinates":[[[131.097178,33.97189],[131.089391,33.962982],[131.072319,33.94913],[131.047303,34.022197],[131.082071,34.122093],[131.121738,34.080546],[131.125907,34.007777],[131.123463,34.004162],[131.097178,33.97189]]]},"properties":{}}},
    {"code":1161232,"id":2947,"name":"小月","original_name":"小月","name_kana":"おづき","closed":false,"lat":34.067907,"lng":131.033038,"prefecture":35,"lines":[11612],"attr":"heat","postal_code":"750-1143","address":"下関市小月駅前１丁目","voronoi":{"type":"Feature","geometry":{"type":"Polygon","coordinates":[[[130.968755,34.089177],[130.971342,34.074557],[131.047303,34.022197],[131.082071,34.122093],[131.071771,34.149319],[131.051215,34.187112],[131.038005,34.177733],[130.999329,34.138137],[130.975867,34.104686],[130.968775,34.09042],[130.968755,34.089177]]]},"properties":{}}},
    {"code":1161233,"id":2948,"name":"長府","original_name":"長府","name_kana":"ちょうふ","closed":false,"lat":34.019264,"lng":130.999508,"prefecture":35,"lines":[11612],"attr":"heat","postal_code":"752-0933","address":"下関市長府松小田本町","voronoi":{"type":"Feature","geometry":{"type":"Polygon","coordinates":[[[131.072319,33.94913],[131.047303,34.022197],[130.971342,34.074557],[130.963545,34.05111],[130.979087,33.992326],[131.069503,33.942735],[131.072319,33.94913]]]},"properties":{}}},
    {"code":100317,"id":2949,"name":"新下関","original_name":"新下関","name_kana":"しんしものせき","closed":false,"lat":34.005651,"lng":130.948021,"prefecture":35,"lines":[1003,11612],"attr":"heat","postal_code":"751-0872","address":"下関市秋根南町１丁目","voronoi":{"type":"Feature","geometry":{"type":"Polygon","coordinates":[[[130.963545,34.05111],[130.945854,34.037316],[130.943443,34.03339],[130.936727,34.012424],[130.938282,33.993104],[130.952476,33.980903],[130.979087,33.992326],[130.963545,34.05111]]]},"properties":{}}},
    {"code":1161235,"id":2950,"name":"幡生","original_name":"幡生","name_kana":"はたぶ","closed":false,"lat":33.981592,"lng":130.92734,"prefecture":35,"lines":[11612,11702],"attr":"heat","postal_code":"751-0829","address":"下関市幡生宮の下町","voronoi":{"type":"Feature","geometry":{"type":"Polygon","coordinates":[[[130.938282,33.993104],[130.952476,33.980903],[130.947132,33.970707],[130.942206,33.963609],[130.850995,33.976151],[130.843758,33.983929],[130.87286,33.991119],[130.938282,33.993104]]]},"properties":{}}},
    {"code":1161236,"id":2951,"name":"下関","original_name":"下関","name_kana":"しものせき","closed":false,"lat":33.950306,"lng":130.923038,"prefecture":35,"lines":[11612,11702,11902],"attr":"heat","postal_code":"750-0025","address":"下関市大字竹崎町４丁目","voronoi":{"type":"Feature","geometry":{"type":"Polygon","coordinates":[[[130.907693,33.922662],[130.89933,33.920771],[130.887188,33.928483],[130.872739,33.940003],[130.850995,33.976151],[130.942206,33.963609],[130.943329,33.955442],[130.940988,33.937995],[130.907693,33.922662]]]},"properties":{}}},
    {"code":1161237,"id":2952,"name":"門司","original_name":"門司","name_kana":"もじ","closed":false,"lat":33.904309,"lng":130.933438,"prefecture":40,"lines":[11612,11902,11906],"attr":"heat","postal_code":"800-0039","address":"北九州市門司区中町","voronoi":{"type":"Feature","geometry":{"type":"Polygon","coordinates":[[[130.89933,33.920771],[130.914724,33.876256],[130.914767,33.876212],[130.931115,33.868357],[131.007006,33.869828],[131.019462,33.872602],[131.014385,33.876275],[130.907693,33.922662],[130.89933,33.920771]]]},"properties":{}}}
  ]
}