{
  "code":11622,
  "id":"5c7e2c",
  "name":"JR舞鶴線",
  "name_kana":"じぇいあーるまいづるせん",
  "station_size":9,
  "company_code":4,
  "closed":false,
  "color":"#FF8E1F",
  "symbol":"L",
  "station_list":[
    {"code":1161514,"id":"19826e","name":"福知山","original_name":"福知山","name_kana":"ふくちやま","closed":false,"lat":35.296143,"lng":135.118564,"prefecture":26,"lines":[11615,11622,11630,99608,99656,99655],"attr":"heat","postal_code":"620-0000","address":"福知山市字天田無番地","voronoi":{"type":"Feature","geometry":{"type":"Polygon","coordinates":[[[135.151048,35.2772],[135.060699,35.25075],[135.110879,35.29878],[135.148948,35.304409],[135.151048,35.2772]]]},"properties":{}}},
    {"code":1161513,"id":"c1a9b5","name":"石原(京都)","original_name":"石原","name_kana":"いさ","closed":false,"lat":35.300904,"lng":135.180241,"prefecture":26,"lines":[11615,11622],"attr":"heat","postal_code":"620-0804","address":"福知山市字石原","voronoi":{"type":"Feature","geometry":{"type":"Polygon","coordinates":[[[135.165875,35.344445],[135.176115,35.349297],[135.186118,35.352983],[135.204115,35.234196],[135.151048,35.2772],[135.148948,35.304409],[135.149906,35.327312],[135.153218,35.335326],[135.165875,35.344445]]]},"properties":{}}},
    {"code":1161512,"id":"2e167f","name":"高津(京都)","original_name":"高津","name_kana":"たかつ","closed":false,"lat":35.304982,"lng":135.207158,"prefecture":26,"lines":[11615,11622],"attr":"heat","postal_code":"623-0045","address":"綾部市高津町","voronoi":{"type":"Feature","geometry":{"type":"Polygon","coordinates":[[[135.23328,35.382554],[135.234235,35.378973],[135.223851,35.212702],[135.218626,35.216843],[135.204115,35.234196],[135.186118,35.352983],[135.197019,35.360695],[135.23328,35.382554]]]},"properties":{}}},
    {"code":1161511,"id":"59afe4","name":"綾部","original_name":"綾部","name_kana":"あやべ","closed":false,"lat":35.302188,"lng":135.251896,"prefecture":26,"lines":[11615,11622],"attr":"cool","postal_code":"623-0052","address":"綾部市幸通東石ケ坪","voronoi":{"type":"Feature","geometry":{"type":"Polygon","coordinates":[[[135.256246,35.170904],[135.223851,35.212702],[135.234235,35.378973],[135.285007,35.296004],[135.277407,35.235621],[135.256246,35.170904]]]},"properties":{}}},
    {"code":1162205,"id":"250825","name":"淵垣","original_name":"淵垣","name_kana":"ふちがき","closed":false,"lat":35.328302,"lng":135.29457,"prefecture":26,"lines":[11622],"attr":"heat","postal_code":"623-0115","address":"綾部市渕垣町","voronoi":{"type":"Feature","geometry":{"type":"Polygon","coordinates":[[[135.244439,35.385556],[135.23454,35.385211],[135.23328,35.382554],[135.234235,35.378973],[135.285007,35.296004],[135.322868,35.322386],[135.244439,35.385556]]]},"properties":{}}},
    {"code":1162206,"id":"5343be","name":"梅迫","original_name":"梅迫","name_kana":"うめざこ","closed":false,"lat":35.348774,"lng":135.311059,"prefecture":26,"lines":[11622],"attr":"cool","postal_code":"623-0103","address":"綾部市梅迫町溝尻","voronoi":{"type":"Feature","geometry":{"type":"Polygon","coordinates":[[[135.244439,35.385556],[135.322868,35.322386],[135.372349,35.329188],[135.402528,35.356295],[135.269027,35.390754],[135.244439,35.385556]]]},"properties":{}}},
    {"code":1162207,"id":"482a5c","name":"真倉","original_name":"真倉","name_kana":"まぐら","closed":false,"lat":35.407146,"lng":135.326126,"prefecture":26,"lines":[11622],"attr":"cool","postal_code":"624-0824","address":"舞鶴市字真倉","voronoi":{"type":"Feature","geometry":{"type":"Polygon","coordinates":[[[135.269027,35.390754],[135.308655,35.426976],[135.378146,35.41811],[135.425026,35.365732],[135.402528,35.356295],[135.269027,35.390754]]]},"properties":{}}},
    {"code":1162208,"id":"f9685e","name":"西舞鶴","original_name":"西舞鶴","name_kana":"にしまいづる","closed":false,"lat":35.441784,"lng":135.330545,"prefecture":26,"lines":[11622,99653,99654],"attr":"eco","postal_code":"624-0816","address":"舞鶴市字伊佐津","voronoi":{"type":"Feature","geometry":{"type":"Polygon","coordinates":[[[135.324247,35.481064],[135.346552,35.493796],[135.378146,35.41811],[135.308655,35.426976],[135.312847,35.465416],[135.324247,35.481064]]]},"properties":{}}},
    {"code":1142201,"id":"8e39bb","name":"東舞鶴","original_name":"東舞鶴","name_kana":"ひがしまいづる","closed":false,"lat":35.468601,"lng":135.394788,"prefecture":26,"lines":[11422,11622],"attr":"heat","postal_code":"625-0036","address":"舞鶴市浜","voronoi":{"type":"Feature","geometry":{"type":"Polygon","coordinates":[[[135.429594,35.365517],[135.425026,35.365732],[135.378146,35.41811],[135.346552,35.493796],[135.38497,35.596441],[135.457463,35.366085],[135.429594,35.365517]]]},"properties":{}}}
  ]
}