{
  "code":11623,
  "id":142,
  "name":"JR大阪環状線",
  "name_kana":"じぇいあーるおおさかかんじょうせん",
  "name_formal":"大阪環状線",
  "station_size":19,
  "company_code":4,
  "closed":false,
  "color":"#E80000",
  "symbol":"O",
  "station_list":[
    {"code":1160719,"id":2827,"name":"天王寺","original_name":"天王寺","name_kana":"てんのうじ","closed":false,"lat":34.647842,"lng":135.513223,"prefecture":27,"numbering":["O01"],"lines":[11607,11623,11626,99618,99619],"attr":"heat","postal_code":"543-0055","address":"大阪市天王寺区悲田院町","voronoi":{"type":"Feature","geometry":{"type":"Polygon","coordinates":[[[135.518275,34.652797],[135.511232,34.653397],[135.509133,34.65118],[135.508759,34.647796],[135.51431,34.646801],[135.518307,34.649922],[135.518275,34.652797]]]},"properties":{}}},
    {"code":1160720,"id":2828,"name":"新今宮","original_name":"新今宮","name_kana":"しんいまみや","closed":false,"lat":34.650149,"lng":135.501076,"prefecture":27,"numbering":["O19"],"lines":[11607,11623,32001,32007],"attr":"heat","postal_code":"556-0003","address":"大阪市浪速区恵美須西３丁目","voronoi":{"type":"Feature","geometry":{"type":"Polygon","coordinates":[[[135.502934,34.652495],[135.501677,34.647918],[135.500608,34.647614],[135.495862,34.649799],[135.496771,34.651638],[135.498973,34.652855],[135.502934,34.652495]]]},"properties":{}}},
    {"code":1160721,"id":2829,"name":"今宮","original_name":"今宮","name_kana":"いまみや","closed":false,"lat":34.654156,"lng":135.492975,"prefecture":27,"numbering":["O18"],"lines":[11607,11623],"attr":"heat","postal_code":"556-0014","address":"大阪市浪速区大国３丁目","voronoi":{"type":"Feature","geometry":{"type":"Polygon","coordinates":[[[135.487845,34.651007],[135.490372,34.647605],[135.495434,34.649499],[135.495862,34.649799],[135.496771,34.651638],[135.493939,34.658757],[135.487998,34.653773],[135.487845,34.651007]]]},"properties":{}}},
    {"code":1162304,"id":3075,"name":"芦原橋","original_name":"芦原橋","name_kana":"あしはらばし","closed":false,"lat":34.658608,"lng":135.48924,"prefecture":27,"numbering":["O17"],"lines":[11623],"attr":"heat","postal_code":"556-0025","address":"大阪市浪速区浪速東１丁目","voronoi":{"type":"Feature","geometry":{"type":"Polygon","coordinates":[[[135.494534,34.660768],[135.490863,34.663592],[135.490612,34.663582],[135.486017,34.656891],[135.487998,34.653773],[135.493939,34.658757],[135.494534,34.660768]]]},"properties":{}}},
    {"code":1162305,"id":3076,"name":"大正(大阪)","original_name":"大正","name_kana":"たいしょう","closed":false,"lat":34.665582,"lng":135.479932,"prefecture":27,"numbering":["O16"],"lines":[11623,99624],"attr":"heat","postal_code":"551-0002","address":"大阪市大正区三軒家東１丁目","voronoi":{"type":"Feature","geometry":{"type":"Polygon","coordinates":[[[135.482443,34.668446],[135.483917,34.663977],[135.480776,34.659929],[135.468736,34.65643],[135.470572,34.664879],[135.470827,34.665057],[135.479898,34.668192],[135.482443,34.668446]]]},"properties":{}}},
    {"code":1162306,"id":3077,"name":"弁天町","original_name":"弁天町","name_kana":"べんてんちょう","closed":false,"lat":34.669403,"lng":135.462348,"prefecture":27,"numbering":["O15"],"lines":[11623,99621],"attr":"heat","postal_code":"552-0001","address":"大阪市港区波除３丁目","voronoi":{"type":"Feature","geometry":{"type":"Polygon","coordinates":[[[135.46026,34.677482],[135.46717,34.675177],[135.470572,34.664879],[135.468736,34.65643],[135.464643,34.650654],[135.452778,34.669775],[135.454077,34.675737],[135.46026,34.677482]]]},"properties":{}}},
    {"code":1162307,"id":3078,"name":"西九条","original_name":"西九条","name_kana":"にしくじょう","closed":false,"lat":34.68269,"lng":135.466779,"prefecture":27,"numbering":["O14"],"lines":[11623,11624,35002],"attr":"heat","postal_code":"554-0012","address":"大阪市此花区西九条１丁目","voronoi":{"type":"Feature","geometry":{"type":"Polygon","coordinates":[[[135.46026,34.677482],[135.463876,34.689182],[135.467838,34.689632],[135.474477,34.681245],[135.46717,34.675177],[135.46026,34.677482]]]},"properties":{}}},
    {"code":1162308,"id":3079,"name":"野田(JR)","original_name":"野田","name_kana":"のだ","closed":false,"lat":34.689069,"lng":135.474837,"prefecture":27,"numbering":["O13"],"lines":[11623],"attr":"heat","postal_code":"553-0001","address":"大阪市福島区海老江一丁目","voronoi":{"type":"Feature","geometry":{"type":"Polygon","coordinates":[[[135.474474,34.691942],[135.478422,34.682036],[135.477848,34.681168],[135.474477,34.681245],[135.467838,34.689632],[135.46883,34.690974],[135.473591,34.69214],[135.474474,34.691942]]]},"properties":{}}},
    {"code":1162309,"id":3080,"name":"福島(大阪)","original_name":"福島","name_kana":"ふくしま","closed":false,"lat":34.697167,"lng":135.486563,"prefecture":27,"numbering":["O12"],"lines":[11623,35001],"attr":"eco","postal_code":"553-0003","address":"大阪市福島区福島７丁目","voronoi":{"type":"Feature","geometry":{"type":"Polygon","coordinates":[[[135.490764,34.699966],[135.491545,34.69705],[135.490747,34.694876],[135.49048,34.694838],[135.480792,34.697796],[135.478663,34.70597],[135.478656,34.706025],[135.480352,34.707958],[135.480837,34.708044],[135.488133,34.704304],[135.490764,34.699966]]]},"properties":{}}},
    {"code":1160214,"id":2773,"name":"大阪","original_name":"大阪","name_kana":"おおさか","closed":false,"lat":34.702398,"lng":135.495188,"prefecture":27,"numbering":["O11"],"lines":[11602,11603,11623,11629,11641],"attr":"heat","postal_code":"530-0001","address":"大阪市北区梅田３丁目","voronoi":{"type":"Feature","geometry":{"type":"Polygon","coordinates":[[[135.488133,34.704304],[135.494516,34.706195],[135.495781,34.704927],[135.496583,34.702357],[135.494914,34.700891],[135.490764,34.699966],[135.488133,34.704304]]]},"properties":{}}},
    {"code":1162311,"id":3081,"name":"天満","original_name":"天満","name_kana":"てんま","closed":false,"lat":34.704923,"lng":135.512233,"prefecture":27,"numbering":["O10"],"lines":[11623],"attr":"eco","postal_code":"530-0034","address":"大阪市北区錦町","voronoi":{"type":"Feature","geometry":{"type":"Polygon","coordinates":[[[135.509447,34.707028],[135.516564,34.708995],[135.516608,34.70177],[135.513876,34.701331],[135.509447,34.707028]]]},"properties":{}}},
    {"code":1162312,"id":3082,"name":"桜ノ宮","original_name":"桜ノ宮","name_kana":"さくらのみや","closed":false,"lat":34.704976,"lng":135.520944,"prefecture":27,"numbering":["O09"],"lines":[11623],"attr":"eco","postal_code":"534-0027","address":"大阪市都島区中野町５丁目","voronoi":{"type":"Feature","geometry":{"type":"Polygon","coordinates":[[[135.51852,34.712761],[135.516564,34.708995],[135.516608,34.70177],[135.520121,34.698289],[135.527932,34.701645],[135.51852,34.712761]]]},"properties":{}}},
    {"code":1161724,"id":3053,"name":"京橋(大阪)","original_name":"京橋","name_kana":"きょうばし","closed":false,"lat":34.696047,"lng":135.534253,"prefecture":27,"numbering":["O08"],"lines":[11617,11623,11625,33001,99624],"attr":"cool","postal_code":"536-0015","address":"大阪市城東区新喜多一丁目2-31","voronoi":{"type":"Feature","geometry":{"type":"Polygon","coordinates":[[[135.539028,34.692456],[135.54088,34.698523],[135.540419,34.699958],[135.536755,34.70233],[135.53191,34.703789],[135.528586,34.701634],[135.529536,34.696943],[135.533516,34.692287],[135.539028,34.692456]]]},"properties":{}}},
    {"code":1162314,"id":3083,"name":"大阪城公園","original_name":"大阪城公園","name_kana":"おおさかじょうこうえん","closed":false,"lat":34.68858,"lng":135.534482,"prefecture":27,"numbering":["O07"],"lines":[11623],"attr":"eco","postal_code":"540-0002","address":"大阪市中央区大阪城","voronoi":{"type":"Feature","geometry":{"type":"Polygon","coordinates":[[[135.539028,34.692456],[135.541328,34.686685],[135.539509,34.684182],[135.528,34.684867],[135.533516,34.692287],[135.539028,34.692456]]]},"properties":{}}},
    {"code":1162315,"id":3084,"name":"森ノ宮","original_name":"森ノ宮","name_kana":"もりのみや","closed":false,"lat":34.680412,"lng":135.533996,"prefecture":27,"numbering":["O06"],"lines":[11623,99621,99624],"attr":"heat","postal_code":"540-0003","address":"大阪市中央区森ノ宮中央１丁目","voronoi":{"type":"Feature","geometry":{"type":"Polygon","coordinates":[[[135.525366,34.678277],[135.525887,34.684091],[135.528,34.684867],[135.539509,34.684182],[135.53976,34.675977],[135.525366,34.678277]]]},"properties":{}}},
    {"code":1162316,"id":3085,"name":"玉造","original_name":"玉造","name_kana":"たまつくり","closed":false,"lat":34.673559,"lng":135.532901,"prefecture":27,"numbering":["O05"],"lines":[11623,99624],"attr":"cool","postal_code":"543-0014","address":"大阪市天王寺区玉造元町","voronoi":{"type":"Feature","geometry":{"type":"Polygon","coordinates":[[[135.53976,34.675977],[135.525366,34.678277],[135.525229,34.678021],[135.524815,34.67317],[135.526341,34.671139],[135.537056,34.667563],[135.540305,34.675042],[135.53976,34.675977]]]},"properties":{}}},
    {"code":1162317,"id":3086,"name":"鶴橋","original_name":"鶴橋","name_kana":"つるはし","closed":false,"lat":34.665264,"lng":135.530133,"prefecture":27,"numbering":["O04"],"lines":[11623,31005,99622],"attr":"cool","postal_code":"543-0025","address":"大阪市天王寺区下味原町","voronoi":{"type":"Feature","geometry":{"type":"Polygon","coordinates":[[[135.537056,34.667563],[135.526341,34.671139],[135.52608,34.662819],[135.539197,34.658534],[135.537056,34.667563]]]},"properties":{}}},
    {"code":1162318,"id":3087,"name":"桃谷","original_name":"桃谷","name_kana":"ももだに","closed":false,"lat":34.658453,"lng":135.527908,"prefecture":27,"numbering":["O03"],"lines":[11623],"attr":"cool","postal_code":"543-0033","address":"大阪市天王寺区堂ケ芝１丁目","voronoi":{"type":"Feature","geometry":{"type":"Polygon","coordinates":[[[135.540696,34.652058],[135.534931,34.649261],[135.521001,34.655195],[135.521022,34.658722],[135.52608,34.662819],[135.539197,34.658534],[135.540323,34.656721],[135.541096,34.654035],[135.540696,34.652058]]]},"properties":{}}},
    {"code":1162319,"id":3088,"name":"寺田町","original_name":"寺田町","name_kana":"てらだちょう","closed":false,"lat":34.647957,"lng":135.523437,"prefecture":27,"numbering":["O02"],"lines":[11623],"attr":"cool","postal_code":"543-0052","address":"大阪市天王寺区大道４丁目","voronoi":{"type":"Feature","geometry":{"type":"Polygon","coordinates":[[[135.521001,34.655195],[135.518275,34.652797],[135.518307,34.649922],[135.520015,34.644111],[135.532385,34.645569],[135.534931,34.649261],[135.521001,34.655195]]]},"properties":{}}}
  ]
}