{
  "code":11624,
  "id":"d6834a",
  "name":"JR桜島線(ゆめ咲線)",
  "name_kana":"じぇいあーるさくらじません(ゆめさきせん)",
  "name_formal":"JR桜島線",
  "station_size":4,
  "company_code":4,
  "closed":false,
  "color":"#0A318E",
  "symbol":"P",
  "station_list":[
    {"code":1162307,"id":"78c266","name":"西九条","original_name":"西九条","name_kana":"にしくじょう","closed":false,"lat":34.68269,"lng":135.466779,"prefecture":27,"numbering":["P14"],"lines":[11623,11624,35002],"attr":"heat","postal_code":"554-0012","address":"大阪市此花区西九条１丁目","voronoi":{"type":"Feature","geometry":{"type":"Polygon","coordinates":[[[135.46026,34.677482],[135.463876,34.689182],[135.467838,34.689632],[135.474477,34.681245],[135.46717,34.675177],[135.46026,34.677482]]]},"properties":{}}},
    {"code":1162402,"id":"56064f","name":"安治川口","original_name":"安治川口","name_kana":"あじかわぐち","closed":false,"lat":34.673416,"lng":135.443921,"prefecture":27,"numbering":["P15"],"lines":[11624],"attr":"heat","postal_code":"554-0024","address":"大阪市此花区島屋６丁目","voronoi":{"type":"Feature","geometry":{"type":"Polygon","coordinates":[[[135.450289,34.680107],[135.437388,34.686328],[135.425146,34.685757],[135.445381,34.666822],[135.452778,34.669775],[135.454077,34.675737],[135.450289,34.680107]]]},"properties":{}}},
    {"code":1162403,"id":"d7716d","name":"ユニバーサルシティ","original_name":"ユニバーサルシティ","name_kana":"ゆにばーさるしてぃ","closed":false,"lat":34.667842,"lng":135.438705,"prefecture":27,"numbering":["P16"],"lines":[11624],"attr":"eco","postal_code":"554-0024","address":"大阪市此花区島屋六丁目2-28","voronoi":{"type":"Feature","geometry":{"type":"Polygon","coordinates":[[[135.440543,34.659602],[135.439968,34.659782],[135.416438,34.686538],[135.418237,34.68662],[135.425146,34.685757],[135.445381,34.666822],[135.440543,34.659602]]]},"properties":{}}},
    {"code":1162404,"id":"b35581","name":"桜島","original_name":"桜島","name_kana":"さくらじま","closed":false,"lat":34.662065,"lng":135.432136,"prefecture":27,"numbering":["P17"],"lines":[11624],"attr":"eco","postal_code":"554-0031","address":"大阪市此花区桜島１丁目","voronoi":{"type":"Feature","geometry":{"type":"Polygon","coordinates":[[[135.398514,34.676871],[135.402686,34.68246],[135.411951,34.687002],[135.411983,34.687011],[135.416438,34.686538],[135.439968,34.659782],[135.420328,34.654503],[135.398514,34.676871]]]},"properties":{}}}
  ]
}