{
  "code":11626,
  "id":"983ea4",
  "name":"JR阪和線(天王寺～和歌山)",
  "name_kana":"じぇいあーるはんわせん",
  "name_formal":"阪和線(天王寺～和歌山)",
  "station_size":35,
  "company_code":4,
  "closed":false,
  "color":"#FF6600",
  "symbol":"R",
  "station_list":[
    {"code":1160719,"id":"4382c4","name":"天王寺","original_name":"天王寺","name_kana":"てんのうじ","closed":false,"lat":34.647842,"lng":135.513223,"prefecture":27,"numbering":["R20"],"lines":[11607,11623,11626,99618,99619],"attr":"heat","postal_code":"543-0055","address":"大阪市天王寺区悲田院町","voronoi":{"type":"Feature","geometry":{"type":"Polygon","coordinates":[[[135.518275,34.652797],[135.511232,34.653397],[135.509133,34.65118],[135.508759,34.647796],[135.51431,34.646801],[135.518307,34.649922],[135.518275,34.652797]]]},"properties":{}}},
    {"code":1162602,"id":"f42559","name":"美章園","original_name":"美章園","name_kana":"びしょうえん","closed":false,"lat":34.638411,"lng":135.523765,"prefecture":27,"numbering":["R21"],"lines":[11626],"attr":"heat","postal_code":"545-0003","address":"大阪市阿倍野区美章園１","voronoi":{"type":"Feature","geometry":{"type":"Polygon","coordinates":[[[135.523781,34.633166],[135.530432,34.638687],[135.519518,34.640557],[135.522652,34.632972],[135.523781,34.633166]]]},"properties":{}}},
    {"code":1162603,"id":"70304c","name":"南田辺","original_name":"南田辺","name_kana":"みなみたなべ","closed":false,"lat":34.625551,"lng":135.52086,"prefecture":27,"numbering":["R22"],"lines":[11626],"attr":"heat","postal_code":"546-0035","address":"大阪市東住吉区山坂２","voronoi":{"type":"Feature","geometry":{"type":"Polygon","coordinates":[[[135.515159,34.62773],[135.521057,34.630606],[135.526272,34.621493],[135.5255,34.619168],[135.52516,34.618685],[135.519399,34.621563],[135.515159,34.62773]]]},"properties":{}}},
    {"code":1162604,"id":"6efc8e","name":"鶴ヶ丘","original_name":"鶴ヶ丘","name_kana":"つるがおか","closed":false,"lat":34.617999,"lng":135.517088,"prefecture":27,"numbering":["R23"],"lines":[11626],"attr":"heat","postal_code":"545-0014","address":"大阪市阿倍野区西田辺町二丁目3-18","voronoi":{"type":"Feature","geometry":{"type":"Polygon","coordinates":[[[135.519399,34.621563],[135.510789,34.616968],[135.523116,34.609468],[135.524701,34.61155],[135.52516,34.618685],[135.519399,34.621563]]]},"properties":{}}},
    {"code":1162605,"id":"f861e3","name":"長居","original_name":"長居","name_kana":"ながい","closed":false,"lat":34.6109,"lng":135.512769,"prefecture":27,"numbering":["R24"],"lines":[11626,99618],"attr":"heat","postal_code":"558-0004","address":"大阪市住吉区長居東４","voronoi":{"type":"Feature","geometry":{"type":"Polygon","coordinates":[[[135.506452,34.615376],[135.508191,34.617545],[135.510789,34.616968],[135.523116,34.609468],[135.521975,34.604844],[135.511976,34.604862],[135.5048,34.60971],[135.505338,34.613112],[135.506452,34.615376]]]},"properties":{}}},
    {"code":1162606,"id":"9337fe","name":"我孫子町","original_name":"我孫子町","name_kana":"あびこちょう","closed":false,"lat":34.601873,"lng":135.50667,"prefecture":27,"numbering":["R25"],"lines":[11626],"attr":"heat","postal_code":"558-0014","address":"大阪市住吉区我孫子３","voronoi":{"type":"Feature","geometry":{"type":"Polygon","coordinates":[[[135.511976,34.604862],[135.507685,34.596317],[135.502199,34.598594],[135.501408,34.603185],[135.504129,34.609176],[135.5048,34.60971],[135.511976,34.604862]]]},"properties":{}}},
    {"code":1162607,"id":"bd0c03","name":"杉本町","original_name":"杉本町","name_kana":"すぎもとちょう","closed":false,"lat":34.593113,"lng":135.503034,"prefecture":27,"numbering":["R26"],"lines":[11626],"attr":"eco","postal_code":"558-0022","address":"大阪市住吉区杉本３","voronoi":{"type":"Feature","geometry":{"type":"Polygon","coordinates":[[[135.507685,34.596317],[135.502199,34.598594],[135.496314,34.593482],[135.497536,34.589614],[135.510667,34.588587],[135.511584,34.589683],[135.507685,34.596317]]]},"properties":{}}},
    {"code":1162608,"id":"952857","name":"浅香","original_name":"浅香","name_kana":"あさか","closed":false,"lat":34.585303,"lng":135.502423,"prefecture":27,"numbering":["R27"],"lines":[11626],"attr":"eco","postal_code":"590-0012","address":"堺市堺区浅香山町３丁","voronoi":{"type":"Feature","geometry":{"type":"Polygon","coordinates":[[[135.508027,34.577777],[135.495566,34.584024],[135.497536,34.589614],[135.510667,34.588587],[135.508027,34.577777]]]},"properties":{}}},
    {"code":1162609,"id":"5a32b9","name":"堺市","original_name":"堺市","name_kana":"さかいし","closed":false,"lat":34.577765,"lng":135.498644,"prefecture":27,"numbering":["R28"],"lines":[11626],"attr":"eco","postal_code":"590-0013","address":"堺市堺区東雲西町１丁","voronoi":{"type":"Feature","geometry":{"type":"Polygon","coordinates":[[[135.491248,34.581177],[135.492272,34.573806],[135.501232,34.569187],[135.504592,34.569208],[135.508563,34.57545],[135.508027,34.577777],[135.495566,34.584024],[135.491248,34.581177]]]},"properties":{}}},
    {"code":3200713,"id":"00ae5b","name":"三国ヶ丘","original_name":"三国ヶ丘","name_kana":"みくにがおか","closed":false,"lat":34.566319,"lng":135.492743,"prefecture":27,"numbering":["R29"],"lines":[11626,32007],"attr":"eco","postal_code":"590-0024","address":"堺市堺区向陵中町二丁7-1","voronoi":{"type":"Feature","geometry":{"type":"Polygon","coordinates":[[[135.501232,34.569187],[135.493471,34.561067],[135.482764,34.566166],[135.492272,34.573806],[135.501232,34.569187]]]},"properties":{}}},
    {"code":1162611,"id":"7efa33","name":"百舌鳥","original_name":"百舌鳥","name_kana":"もず","closed":false,"lat":34.558322,"lng":135.488934,"prefecture":27,"numbering":["R30"],"lines":[11626],"attr":"eco","postal_code":"590-0802","address":"堺市堺区百舌鳥夕雲町","voronoi":{"type":"Feature","geometry":{"type":"Polygon","coordinates":[[[135.493471,34.561067],[135.482764,34.566166],[135.478555,34.565238],[135.477305,34.563638],[135.476611,34.562381],[135.491606,34.543874],[135.49503,34.54492],[135.495825,34.550821],[135.493471,34.561067]]]},"properties":{}}},
    {"code":1162612,"id":"300667","name":"上野芝","original_name":"上野芝","name_kana":"うえのしば","closed":false,"lat":34.549484,"lng":135.478026,"prefecture":27,"numbering":["R31"],"lines":[11626],"attr":"eco","postal_code":"593-8301","address":"堺市西区上野芝町３丁","voronoi":{"type":"Feature","geometry":{"type":"Polygon","coordinates":[[[135.467627,34.553382],[135.468943,34.555757],[135.474153,34.561054],[135.476611,34.562381],[135.491606,34.543874],[135.481784,34.533873],[135.467627,34.553382]]]},"properties":{}}},
    {"code":1162613,"id":"20533a","name":"津久野","original_name":"津久野","name_kana":"つくの","closed":false,"lat":34.542287,"lng":135.468108,"prefecture":27,"numbering":["R32"],"lines":[11626],"attr":"eco","postal_code":"593-8322","address":"堺市西区津久野町１丁","voronoi":{"type":"Feature","geometry":{"type":"Polygon","coordinates":[[[135.477873,34.524216],[135.457605,34.542118],[135.459742,34.547034],[135.464509,34.551755],[135.467627,34.553382],[135.481784,34.533873],[135.477873,34.524216]]]},"properties":{}}},
    {"code":1162614,"id":"f1a9a9","name":"鳳","original_name":"鳳","name_kana":"おおとり","closed":false,"lat":34.531674,"lng":135.458734,"prefecture":27,"numbering":["R33"],"lines":[11626,11627],"attr":"eco","postal_code":"593-8324","address":"堺市西区鳳東町１丁","voronoi":{"type":"Feature","geometry":{"type":"Polygon","coordinates":[[[135.454611,34.540777],[135.451323,34.53593],[135.450277,34.530973],[135.476198,34.509524],[135.477416,34.510349],[135.477873,34.524216],[135.457605,34.542118],[135.454611,34.540777]]]},"properties":{}}},
    {"code":1162615,"id":"2f8dc7","name":"富木","original_name":"富木","name_kana":"とのき","closed":false,"lat":34.522534,"lng":135.451171,"prefecture":27,"numbering":["R34"],"lines":[11626],"attr":"eco","postal_code":"592-0013","address":"高石市取石１","voronoi":{"type":"Feature","geometry":{"type":"Polygon","coordinates":[[[135.445533,34.527803],[135.450277,34.530973],[135.476198,34.509524],[135.468045,34.501008],[135.466468,34.500203],[135.44206,34.520089],[135.441997,34.521151],[135.444624,34.527093],[135.445533,34.527803]]]},"properties":{}}},
    {"code":1162616,"id":"2ef48c","name":"北信太","original_name":"北信太","name_kana":"きたしのだ","closed":false,"lat":34.510671,"lng":135.441506,"prefecture":27,"numbering":["R35"],"lines":[11626],"attr":"eco","postal_code":"594-0003","address":"和泉市太町","voronoi":{"type":"Feature","geometry":{"type":"Polygon","coordinates":[[[135.466468,34.500203],[135.44206,34.520089],[135.431995,34.511879],[135.431612,34.510016],[135.455834,34.490129],[135.466468,34.500203]]]},"properties":{}}},
    {"code":1162617,"id":"c0e5e9","name":"信太山","original_name":"信太山","name_kana":"しのだやま","closed":false,"lat":34.500183,"lng":135.432895,"prefecture":27,"numbering":["R36"],"lines":[11626],"attr":"cool","postal_code":"594-0083","address":"和泉市池上町１","voronoi":{"type":"Feature","geometry":{"type":"Polygon","coordinates":[[[135.445633,34.481383],[135.42127,34.4993],[135.42376,34.504477],[135.431612,34.510016],[135.455834,34.490129],[135.453353,34.485973],[135.445633,34.481383]]]},"properties":{}}},
    {"code":1162618,"id":"abb363","name":"和泉府中","original_name":"和泉府中","name_kana":"いずみふちゅう","closed":false,"lat":34.48794,"lng":135.423891,"prefecture":27,"numbering":["R37"],"lines":[11626],"attr":"cool","postal_code":"594-0071","address":"和泉市府中町１","voronoi":{"type":"Feature","geometry":{"type":"Polygon","coordinates":[[[135.416838,34.49736],[135.42127,34.4993],[135.445633,34.481383],[135.43072,34.463433],[135.410563,34.480237],[135.410841,34.490597],[135.416838,34.49736]]]},"properties":{}}},
    {"code":1162619,"id":"029f5b","name":"久米田","original_name":"久米田","name_kana":"くめだ","closed":false,"lat":34.46574,"lng":135.405384,"prefecture":27,"numbering":["R38"],"lines":[11626],"attr":"cool","postal_code":"596-0812","address":"岸和田市大町","voronoi":{"type":"Feature","geometry":{"type":"Polygon","coordinates":[[[135.428094,34.434048],[135.395221,34.467538],[135.395254,34.467842],[135.40457,34.478218],[135.410563,34.480237],[135.43072,34.463433],[135.428094,34.434048]]]},"properties":{}}},
    {"code":1162620,"id":"0ef25e","name":"下松(大阪)","original_name":"下松","name_kana":"しもまつ","closed":false,"lat":34.457344,"lng":135.39683,"prefecture":27,"numbering":["R39"],"lines":[11626],"attr":"cool","postal_code":"596-0823","address":"岸和田市下松町","voronoi":{"type":"Feature","geometry":{"type":"Polygon","coordinates":[[[135.428094,34.434048],[135.395221,34.467538],[135.387514,34.458847],[135.387481,34.458639],[135.409149,34.428935],[135.413362,34.427475],[135.421774,34.425028],[135.42879,34.423374],[135.428094,34.434048]]]},"properties":{}}},
    {"code":1162621,"id":"7b8f6b","name":"東岸和田","original_name":"東岸和田","name_kana":"ひがしきしわだ","closed":false,"lat":34.449341,"lng":135.385859,"prefecture":27,"numbering":["R40"],"lines":[11626],"attr":"cool","postal_code":"596-0825","address":"岸和田市土生町","voronoi":{"type":"Feature","geometry":{"type":"Polygon","coordinates":[[[135.387481,34.458639],[135.377533,34.451681],[135.376319,34.449021],[135.388459,34.432289],[135.392139,34.430859],[135.409149,34.428935],[135.387481,34.458639]]]},"properties":{}}},
    {"code":1162622,"id":"f19a1a","name":"東貝塚","original_name":"東貝塚","name_kana":"ひがしかいづか","closed":false,"lat":34.440051,"lng":135.373055,"prefecture":27,"numbering":["R41"],"lines":[11626],"attr":"cool","postal_code":"597-0033","address":"貝塚市半田","voronoi":{"type":"Feature","geometry":{"type":"Polygon","coordinates":[[[135.388459,34.432289],[135.376319,34.449021],[135.366903,34.447443],[135.366473,34.446212],[135.366633,34.442806],[135.368633,34.436348],[135.376791,34.432163],[135.383456,34.431758],[135.388459,34.432289]]]},"properties":{}}},
    {"code":1162623,"id":"881530","name":"和泉橋本","original_name":"和泉橋本","name_kana":"いずみはしもと","closed":false,"lat":34.427379,"lng":135.358762,"prefecture":27,"numbering":["R42"],"lines":[11626],"attr":"cool","postal_code":"597-0043","address":"貝塚市橋本","voronoi":{"type":"Feature","geometry":{"type":"Polygon","coordinates":[[[135.35701,34.433796],[135.353691,34.434273],[135.350216,34.425495],[135.363276,34.414905],[135.365092,34.424266],[135.362683,34.431336],[135.35701,34.433796]]]},"properties":{}}},
    {"code":1162624,"id":"072f71","name":"東佐野","original_name":"東佐野","name_kana":"ひがしさの","closed":false,"lat":34.416744,"lng":135.350138,"prefecture":27,"numbering":["R43"],"lines":[11626],"attr":"cool","postal_code":"598-0072","address":"泉佐野市泉ケ丘","voronoi":{"type":"Feature","geometry":{"type":"Polygon","coordinates":[[[135.350216,34.425495],[135.363276,34.414905],[135.363492,34.414314],[135.365209,34.405264],[135.365131,34.404266],[135.364684,34.401621],[135.36288,34.396782],[135.340087,34.416071],[135.340187,34.416696],[135.346537,34.424374],[135.350216,34.425495]]]},"properties":{}}},
    {"code":1162625,"id":"0fb349","name":"熊取","original_name":"熊取","name_kana":"くまとり","closed":false,"lat":34.406048,"lng":135.341086,"prefecture":27,"numbering":["R44"],"lines":[11626],"attr":"cool","postal_code":"590-0401","address":"泉南郡熊取町大字大久保","voronoi":{"type":"Feature","geometry":{"type":"Polygon","coordinates":[[[135.328676,34.407506],[135.327881,34.403714],[135.362036,34.381885],[135.36288,34.396782],[135.340087,34.416071],[135.328676,34.407506]]]},"properties":{}}},
    {"code":1162626,"id":"c6d191","name":"日根野","original_name":"日根野","name_kana":"ひねの","closed":false,"lat":34.39075,"lng":135.331309,"prefecture":27,"numbering":["R45"],"lines":[11626,11628],"attr":"cool","postal_code":"598-0021","address":"泉佐野市日根野","voronoi":{"type":"Feature","geometry":{"type":"Polygon","coordinates":[[[135.327881,34.403714],[135.317747,34.39647],[135.365997,34.332743],[135.370344,34.333882],[135.373028,34.335201],[135.362036,34.381885],[135.327881,34.403714]]]},"properties":{}}},
    {"code":1162627,"id":"100155","name":"長滝","original_name":"長滝","name_kana":"ながたき","closed":false,"lat":34.381865,"lng":135.319574,"prefecture":27,"numbering":["R46"],"lines":[11626],"attr":"cool","postal_code":"598-0034","address":"泉佐野市長滝","voronoi":{"type":"Feature","geometry":{"type":"Polygon","coordinates":[[[135.305333,34.385784],[135.314344,34.396139],[135.317747,34.39647],[135.365997,34.332743],[135.344185,34.324396],[135.33444,34.322715],[135.305333,34.385784]]]},"properties":{}}},
    {"code":1162628,"id":"117853","name":"新家","original_name":"新家","name_kana":"しんげ","closed":false,"lat":34.372405,"lng":135.299076,"prefecture":27,"numbering":["R47"],"lines":[11626],"attr":"cool","postal_code":"590-0503","address":"泉南市新家","voronoi":{"type":"Feature","geometry":{"type":"Polygon","coordinates":[[[135.329376,34.320826],[135.314952,34.329853],[135.285282,34.373526],[135.28821,34.378856],[135.302424,34.385828],[135.305333,34.385784],[135.33444,34.322715],[135.329376,34.320826]]]},"properties":{}}},
    {"code":1162629,"id":"bfbd0e","name":"和泉砂川","original_name":"和泉砂川","name_kana":"いずみすながわ","closed":false,"lat":34.360289,"lng":135.281242,"prefecture":27,"numbering":["R48"],"lines":[11626],"attr":"cool","postal_code":"590-0522","address":"泉南市信達牧野","voronoi":{"type":"Feature","geometry":{"type":"Polygon","coordinates":[[[135.283107,34.340391],[135.265219,34.358534],[135.274343,34.371588],[135.285282,34.373526],[135.314952,34.329853],[135.283107,34.340391]]]},"properties":{}}},
    {"code":1162630,"id":"843b28","name":"和泉鳥取","original_name":"和泉鳥取","name_kana":"いずみとっとり","closed":false,"lat":34.342538,"lng":135.263238,"prefecture":27,"numbering":["R49"],"lines":[11626],"attr":"cool","postal_code":"599-0204","address":"阪南市鳥取","voronoi":{"type":"Feature","geometry":{"type":"Polygon","coordinates":[[[135.265219,34.358534],[135.283107,34.340391],[135.241234,34.324377],[135.247405,34.34642],[135.256712,34.35803],[135.265219,34.358534]]]},"properties":{}}},
    {"code":1162631,"id":"447d5f","name":"山中渓","original_name":"山中渓","name_kana":"やまなかだに","closed":false,"lat":34.325534,"lng":135.269741,"prefecture":27,"numbering":["R50"],"lines":[11626],"attr":"cool","postal_code":"599-0214","address":"阪南市山中渓","voronoi":{"type":"Feature","geometry":{"type":"Polygon","coordinates":[[[135.283107,34.340391],[135.241234,34.324377],[135.236942,34.318072],[135.233991,34.307401],[135.28294,34.286923],[135.294478,34.289488],[135.313949,34.303703],[135.329376,34.320826],[135.314952,34.329853],[135.283107,34.340391]]]},"properties":{}}},
    {"code":1162632,"id":"2292ac","name":"紀伊","original_name":"紀伊","name_kana":"きい","closed":false,"lat":34.269213,"lng":135.246179,"prefecture":30,"numbering":["R51"],"lines":[11626],"attr":"cool","postal_code":"649-6331","address":"和歌山市北野","voronoi":{"type":"Feature","geometry":{"type":"Polygon","coordinates":[[[135.233991,34.307401],[135.220525,34.301136],[135.227277,34.262194],[135.237993,34.255586],[135.25146,34.255341],[135.272774,34.268612],[135.28294,34.286923],[135.233991,34.307401]]]},"properties":{}}},
    {"code":1162633,"id":"55b6fb","name":"六十谷","original_name":"六十谷","name_kana":"むそた","closed":false,"lat":34.26244,"lng":135.207116,"prefecture":30,"numbering":["R52"],"lines":[11626],"attr":"cool","postal_code":"640-8482","address":"和歌山市六十谷","voronoi":{"type":"Feature","geometry":{"type":"Polygon","coordinates":[[[135.208968,34.243767],[135.185543,34.264012],[135.182147,34.282661],[135.188363,34.295035],[135.205375,34.302196],[135.220525,34.301136],[135.227277,34.262194],[135.210379,34.243555],[135.208968,34.243767]]]},"properties":{}}},
    {"code":1162634,"id":"2fd66d","name":"紀伊中ノ島","original_name":"紀伊中ノ島","name_kana":"きいなかのしま","closed":false,"lat":34.242894,"lng":135.190223,"prefecture":30,"numbering":["R53"],"lines":[11626],"attr":"cool","postal_code":"640-8392","address":"和歌山市中之島","voronoi":{"type":"Feature","geometry":{"type":"Polygon","coordinates":[[[135.185543,34.264012],[135.183904,34.260703],[135.186396,34.237142],[135.202149,34.238996],[135.208968,34.243767],[135.185543,34.264012]]]},"properties":{}}},
    {"code":1162635,"id":"9365fa","name":"和歌山","original_name":"和歌山","name_kana":"わかやま","closed":false,"lat":34.232436,"lng":135.191454,"prefecture":30,"numbering":["R54"],"lines":[11626,11636,11639,11640,99651],"attr":"cool","postal_code":"640-8331","address":"和歌山市美園町","voronoi":{"type":"Feature","geometry":{"type":"Polygon","coordinates":[[[135.178013,34.228343],[135.177587,34.225884],[135.197701,34.231357],[135.202149,34.238996],[135.186396,34.237142],[135.178013,34.228343]]]},"properties":{}}}
  ]
}