{
  "code":11629,
  "id":"c96cfb",
  "name":"JR福知山線(宝塚線)(大阪～篠山口)",
  "name_kana":"じぇいあーるふくちやません(たからづかせん)",
  "name_formal":"JR福知山線(大阪～篠山口)",
  "station_size":23,
  "company_code":4,
  "closed":false,
  "color":"#FFBA00",
  "symbol":"G",
  "station_list":[
    {"code":1160214,"id":"bc143a","name":"大阪","original_name":"大阪","name_kana":"おおさか","closed":false,"lat":34.702398,"lng":135.495188,"prefecture":27,"numbering":["G47"],"lines":[11602,11603,11623,11629,11641],"attr":"heat","postal_code":"530-0001","address":"大阪市北区梅田３丁目","voronoi":{"type":"Feature","geometry":{"type":"Polygon","coordinates":[[[135.488133,34.704304],[135.494516,34.706195],[135.495781,34.704927],[135.496583,34.702357],[135.494914,34.700891],[135.490764,34.699966],[135.488133,34.704304]]]},"properties":{}}},
    {"code":1160302,"id":"1c4d70","name":"塚本","original_name":"塚本","name_kana":"つかもと","closed":false,"lat":34.71271,"lng":135.468843,"prefecture":27,"numbering":["G48"],"lines":[11603,11629],"attr":"heat","postal_code":"532-0026","address":"大阪市淀川区塚本２丁目","voronoi":{"type":"Feature","geometry":{"type":"Polygon","coordinates":[[[135.462187,34.720772],[135.462284,34.710201],[135.466705,34.704508],[135.469979,34.703798],[135.478656,34.706025],[135.480352,34.707958],[135.472538,34.722135],[135.465138,34.723697],[135.462187,34.720772]]]},"properties":{}}},
    {"code":1160303,"id":"d0b8be","name":"尼崎(JR)","original_name":"尼崎","name_kana":"あまがさき","closed":false,"lat":34.731791,"lng":135.431685,"prefecture":28,"numbering":["G49"],"lines":[11603,11625,11629],"attr":"eco","postal_code":"660-0808","address":"兵庫県尼崎市潮江一丁目1-1","voronoi":{"type":"Feature","geometry":{"type":"Polygon","coordinates":[[[135.431482,34.723031],[135.442817,34.72903],[135.444542,34.738069],[135.436834,34.744392],[135.417577,34.737648],[135.415926,34.736405],[135.415639,34.734891],[135.423573,34.726222],[135.431482,34.723031]]]},"properties":{}}},
    {"code":1162904,"id":"4a7ab1","name":"塚口(JR)","original_name":"塚口","name_kana":"つかぐち","closed":false,"lat":34.751028,"lng":135.424948,"prefecture":28,"numbering":["G50"],"lines":[11629],"attr":"eco","postal_code":"661-0011","address":"兵庫県尼崎市東塚口町一丁目9-1","voronoi":{"type":"Feature","geometry":{"type":"Polygon","coordinates":[[[135.417577,34.737648],[135.436834,34.744392],[135.436252,34.759803],[135.421428,34.757135],[135.417577,34.737648]]]},"properties":{}}},
    {"code":1162905,"id":"0f3483","name":"猪名寺","original_name":"猪名寺","name_kana":"いなでら","closed":false,"lat":34.764086,"lng":135.422598,"prefecture":28,"numbering":["G51"],"lines":[11629],"attr":"eco","postal_code":"661-0981","address":"尼崎市猪名寺","voronoi":{"type":"Feature","geometry":{"type":"Polygon","coordinates":[[[135.438736,34.773282],[135.441687,34.77122],[135.436252,34.759803],[135.421428,34.757135],[135.41849,34.758896],[135.419507,34.768723],[135.423973,34.772469],[135.438736,34.773282]]]},"properties":{}}},
    {"code":1162906,"id":"650b3f","name":"伊丹(JR)","original_name":"伊丹","name_kana":"いたみ","closed":false,"lat":34.78065,"lng":135.421686,"prefecture":28,"numbering":["G52"],"lines":[11629],"attr":"eco","postal_code":"664-0846","address":"兵庫県伊丹市伊丹一丁目15-20","voronoi":{"type":"Feature","geometry":{"type":"Polygon","coordinates":[[[135.423973,34.772469],[135.438736,34.773282],[135.428601,34.791922],[135.416663,34.790561],[135.417956,34.777093],[135.423973,34.772469]]]},"properties":{}}},
    {"code":1162907,"id":"065cf3","name":"北伊丹","original_name":"北伊丹","name_kana":"きたいたみ","closed":false,"lat":34.801349,"lng":135.419326,"prefecture":28,"numbering":["G53"],"lines":[11629],"attr":"eco","postal_code":"664-0831","address":"伊丹市北伊丹９丁目","voronoi":{"type":"Feature","geometry":{"type":"Polygon","coordinates":[[[135.428601,34.791922],[135.416663,34.790561],[135.393892,34.796614],[135.401345,34.807783],[135.415848,34.813598],[135.4314,34.808614],[135.433079,34.802254],[135.428601,34.791922]]]},"properties":{}}},
    {"code":1162908,"id":"e3fd3d","name":"川西池田","original_name":"川西池田","name_kana":"かわにしいけだ","closed":false,"lat":34.824857,"lng":135.409901,"prefecture":28,"numbering":["G54"],"lines":[11629],"attr":"eco","postal_code":"666-0021","address":"川西市栄根２丁目","voronoi":{"type":"Feature","geometry":{"type":"Polygon","coordinates":[[[135.400928,34.810819],[135.401345,34.807783],[135.415848,34.813598],[135.417074,34.81948],[135.408078,34.830711],[135.400928,34.810819]]]},"properties":{}}},
    {"code":1162909,"id":"214bd6","name":"中山寺","original_name":"中山寺","name_kana":"なかやまでら","closed":false,"lat":34.816627,"lng":135.373993,"prefecture":28,"numbering":["G55"],"lines":[11629],"attr":"eco","postal_code":"665-0874","address":"宝塚市中筋４丁目","voronoi":{"type":"Feature","geometry":{"type":"Polygon","coordinates":[[[135.379255,34.790161],[135.370508,34.797135],[135.368688,34.799314],[135.367922,34.811997],[135.377908,34.828432],[135.390294,34.794465],[135.384351,34.788057],[135.379255,34.790161]]]},"properties":{}}},
    {"code":1162910,"id":"644f00","name":"宝塚","original_name":"宝塚","name_kana":"たからづか","closed":false,"lat":34.811562,"lng":135.340399,"prefecture":28,"numbering":["G56"],"lines":[11629,34002,34004],"attr":"eco","postal_code":"665-0845","address":"宝塚市栄町２丁目","voronoi":{"type":"Feature","geometry":{"type":"Polygon","coordinates":[[[135.345311,34.84077],[135.320599,34.790868],[135.346945,34.810769],[135.347386,34.830668],[135.345311,34.84077]]]},"properties":{}}},
    {"code":1162911,"id":"4be82a","name":"生瀬","original_name":"生瀬","name_kana":"なまぜ","closed":false,"lat":34.819159,"lng":135.325058,"prefecture":28,"numbering":["G57"],"lines":[11629],"attr":"eco","postal_code":"669-1101","address":"西宮市塩瀬町生瀬","voronoi":{"type":"Feature","geometry":{"type":"Polygon","coordinates":[[[135.320599,34.790868],[135.345311,34.84077],[135.34649,34.853738],[135.326896,34.843323],[135.299513,34.78768],[135.319527,34.789366],[135.320599,34.790868]]]},"properties":{}}},
    {"code":1162912,"id":"d765f0","name":"西宮名塩","original_name":"西宮名塩","name_kana":"にしのみやなじお","closed":false,"lat":34.827125,"lng":135.308871,"prefecture":28,"numbering":["G58"],"lines":[11629],"attr":"eco","postal_code":"669-1134","address":"西宮市名塩新町","voronoi":{"type":"Feature","geometry":{"type":"Polygon","coordinates":[[[135.299513,34.78768],[135.289969,34.784639],[135.269715,34.830639],[135.275069,34.837747],[135.326896,34.843323],[135.299513,34.78768]]]},"properties":{}}},
    {"code":1162913,"id":"ae2263","name":"武田尾","original_name":"武田尾","name_kana":"たけだお","closed":false,"lat":34.855316,"lng":135.305838,"prefecture":28,"numbering":["G59"],"lines":[11629],"attr":"eco","postal_code":"669-1231","address":"宝塚市玉瀬字イズリハ","voronoi":{"type":"Feature","geometry":{"type":"Polygon","coordinates":[[[135.34649,34.853738],[135.347768,34.855537],[135.355915,34.869965],[135.305109,34.956788],[135.301453,34.94848],[135.275069,34.837747],[135.326896,34.843323],[135.34649,34.853738]]]},"properties":{}}},
    {"code":1162914,"id":"2f7712","name":"道場","original_name":"道場","name_kana":"どうじょう","closed":false,"lat":34.867303,"lng":135.255528,"prefecture":28,"numbering":["G60"],"lines":[11629],"attr":"heat","postal_code":"669-1161","address":"神戸市北区道場町生野","voronoi":{"type":"Feature","geometry":{"type":"Polygon","coordinates":[[[135.248302,34.884806],[135.240764,34.871331],[135.240981,34.85851],[135.252639,34.84053],[135.262129,34.831718],[135.269715,34.830639],[135.275069,34.837747],[135.301453,34.94848],[135.248302,34.884806]]]},"properties":{}}},
    {"code":1162915,"id":"2a618f","name":"三田(兵庫)","original_name":"三田","name_kana":"さんだ","closed":false,"lat":34.888787,"lng":135.22979,"prefecture":28,"numbering":["G61"],"lines":[11629,99633,99634],"attr":"heat","postal_code":"669-1528","address":"三田市駅前町１丁目","voronoi":{"type":"Feature","geometry":{"type":"Polygon","coordinates":[[[135.305109,34.956788],[135.302401,34.981846],[135.215061,34.895387],[135.215685,34.890233],[135.221365,34.885516],[135.248302,34.884806],[135.301453,34.94848],[135.305109,34.956788]]]},"properties":{}}},
    {"code":1162916,"id":"ac2f5e","name":"新三田","original_name":"新三田","name_kana":"しんさんだ","closed":false,"lat":34.910183,"lng":135.20861,"prefecture":28,"numbering":["G62"],"lines":[11629],"attr":"heat","postal_code":"669-1313","address":"三田市福島字道野上","voronoi":{"type":"Feature","geometry":{"type":"Polygon","coordinates":[[[135.196064,34.91562],[135.282719,34.998009],[135.302836,35.003331],[135.302401,34.981846],[135.215061,34.895387],[135.202382,34.898606],[135.196113,34.912693],[135.196064,34.91562]]]},"properties":{}}},
    {"code":1162917,"id":"089c94","name":"広野(兵庫)","original_name":"広野","name_kana":"ひろの","closed":false,"lat":34.928424,"lng":135.191267,"prefecture":28,"numbering":["G63"],"lines":[11629],"attr":"heat","postal_code":"669-1331","address":"三田市広野","voronoi":{"type":"Feature","geometry":{"type":"Polygon","coordinates":[[[135.196064,34.91562],[135.167762,34.927088],[135.187034,34.962753],[135.222763,34.989015],[135.282719,34.998009],[135.196064,34.91562]]]},"properties":{}}},
    {"code":1162918,"id":"b7e5a5","name":"相野","original_name":"相野","name_kana":"あいの","closed":false,"lat":34.947482,"lng":135.155998,"prefecture":28,"numbering":["G64"],"lines":[11629],"attr":"heat","postal_code":"669-1345","address":"三田市下相野","voronoi":{"type":"Feature","geometry":{"type":"Polygon","coordinates":[[[135.167762,34.927088],[135.08403,34.865571],[135.058801,34.8921],[135.05887,34.902162],[135.074023,34.960976],[135.187034,34.962753],[135.167762,34.927088]]]},"properties":{}}},
    {"code":1162919,"id":"dd9903","name":"藍本","original_name":"藍本","name_kana":"あいもと","closed":false,"lat":34.977041,"lng":135.155533,"prefecture":28,"numbering":["G65"],"lines":[11629],"attr":"heat","postal_code":"669-1358","address":"三田市藍本","voronoi":{"type":"Feature","geometry":{"type":"Polygon","coordinates":[[[135.222763,34.989015],[135.187034,34.962753],[135.074023,34.960976],[135.075016,34.9745],[135.204283,34.994907],[135.222763,34.989015]]]},"properties":{}}},
    {"code":1162920,"id":"cd6e5e","name":"草野(兵庫)","original_name":"草野","name_kana":"くさの","closed":false,"lat":34.996887,"lng":135.1524,"prefecture":28,"numbering":["G66"],"lines":[11629],"attr":"cool","postal_code":"669-2113","address":"篠山市草野","voronoi":{"type":"Feature","geometry":{"type":"Polygon","coordinates":[[[135.075337,35.009051],[135.074508,34.9843],[135.075016,34.9745],[135.204283,34.994907],[135.1831,35.006574],[135.082399,35.016256],[135.080163,35.014827],[135.075337,35.009051]]]},"properties":{}}},
    {"code":1162921,"id":"cb850b","name":"古市(兵庫)","original_name":"古市","name_kana":"ふるいち","closed":false,"lat":35.021932,"lng":135.154808,"prefecture":28,"numbering":["G67"],"lines":[11629],"attr":"cool","postal_code":"669-2123","address":"篠山市古市","voronoi":{"type":"Feature","geometry":{"type":"Polygon","coordinates":[[[135.082399,35.016256],[135.1265,35.056721],[135.148381,35.050767],[135.1831,35.006574],[135.082399,35.016256]]]},"properties":{}}},
    {"code":1162922,"id":"0a0acf","name":"南矢代","original_name":"南矢代","name_kana":"みなみやしろ","closed":false,"lat":35.037697,"lng":135.174875,"prefecture":28,"numbering":["G68"],"lines":[11629],"attr":"cool","postal_code":"669-2102","address":"篠山市南矢代","voronoi":{"type":"Feature","geometry":{"type":"Polygon","coordinates":[[[135.222763,34.989015],[135.282719,34.998009],[135.302836,35.003331],[135.317264,35.027333],[135.14856,35.0508],[135.148381,35.050767],[135.1831,35.006574],[135.204283,34.994907],[135.222763,34.989015]]]},"properties":{}}},
    {"code":1162923,"id":"edaaaf","name":"篠山口","original_name":"篠山口","name_kana":"ささやまぐち","closed":false,"lat":35.056223,"lng":135.177452,"prefecture":28,"numbering":["G69"],"lines":[11629,11630],"attr":"cool","postal_code":"669-2212","address":"篠山市大沢","voronoi":{"type":"Feature","geometry":{"type":"Polygon","coordinates":[[[135.14856,35.0508],[135.317264,35.027333],[135.334516,35.052186],[135.329032,35.088715],[135.300413,35.13369],[135.299641,35.134256],[135.14856,35.0508]]]},"properties":{}}}
  ]
}