{
  "code":11630,
  "id":149,
  "name":"JR福知山線(篠山口～福知山)",
  "name_kana":"じぇいあーるふくちやません",
  "name_formal":"福知山線(篠山口～福知山)",
  "station_size":10,
  "company_code":4,
  "closed":false,
  "color":"#FFBA00",
  "symbol":"G",
  "station_list":[
    {"code":1162923,"id":3155,"name":"篠山口","original_name":"篠山口","name_kana":"ささやまぐち","closed":false,"lat":35.056223,"lng":135.177452,"prefecture":28,"lines":[11629,11630],"attr":"cool","postal_code":"669-2212","address":"篠山市大沢","voronoi":{"type":"Feature","geometry":{"type":"Polygon","coordinates":[[[135.14856,35.0508],[135.317264,35.027333],[135.334516,35.052186],[135.329032,35.088715],[135.300413,35.13369],[135.299641,35.134256],[135.14856,35.0508]]]},"properties":{}}},
    {"code":1163002,"id":3156,"name":"丹波大山","original_name":"丹波大山","name_kana":"たんばおおやま","closed":false,"lat":35.072369,"lng":135.168533,"prefecture":28,"lines":[11630],"attr":"cool","postal_code":"669-2221","address":"篠山市西古佐","voronoi":{"type":"Feature","geometry":{"type":"Polygon","coordinates":[[[135.14856,35.0508],[135.148381,35.050767],[135.1265,35.056721],[135.141107,35.126524],[135.165705,35.144741],[135.256407,35.170402],[135.299641,35.134256],[135.14856,35.0508]]]},"properties":{}}},
    {"code":1163003,"id":3157,"name":"下滝","original_name":"下滝","name_kana":"しもたき","closed":false,"lat":35.08791,"lng":135.094268,"prefecture":28,"lines":[11630],"attr":"heat","postal_code":"669-3102","address":"丹波市山南町下滝","voronoi":{"type":"Feature","geometry":{"type":"Polygon","coordinates":[[[135.080163,35.014827],[135.070169,35.100777],[135.129997,35.126942],[135.141107,35.126524],[135.1265,35.056721],[135.082399,35.016256],[135.080163,35.014827]]]},"properties":{}}},
    {"code":1163004,"id":3158,"name":"谷川","original_name":"谷川","name_kana":"たにかわ","closed":false,"lat":35.082724,"lng":135.049666,"prefecture":28,"lines":[11630,11632],"attr":"heat","postal_code":"669-3125","address":"丹波市山南町池谷","voronoi":{"type":"Feature","geometry":{"type":"Polygon","coordinates":[[[135.075337,35.009051],[135.062519,35.017321],[135.023817,35.124317],[135.035919,35.121886],[135.070169,35.100777],[135.080163,35.014827],[135.075337,35.009051]]]},"properties":{}}},
    {"code":1163005,"id":3159,"name":"柏原(兵庫)","original_name":"柏原","name_kana":"かいばら","closed":false,"lat":35.127206,"lng":135.077082,"prefecture":28,"lines":[11630],"attr":"heat","postal_code":"669-3309","address":"丹波市柏原町柏原","voronoi":{"type":"Feature","geometry":{"type":"Polygon","coordinates":[[[135.035919,35.121886],[135.070169,35.100777],[135.129997,35.126942],[135.086325,35.148301],[135.035919,35.121886]]]},"properties":{}}},
    {"code":1163006,"id":3160,"name":"石生","original_name":"石生","name_kana":"いそう","closed":false,"lat":35.152706,"lng":135.063719,"prefecture":28,"lines":[11630],"attr":"eco","postal_code":"669-3464","address":"丹波市氷上町石生","voronoi":{"type":"Feature","geometry":{"type":"Polygon","coordinates":[[[135.023817,35.124317],[134.973271,35.146116],[134.927106,35.174071],[134.927627,35.187664],[134.929514,35.191815],[134.936786,35.19964],[135.042721,35.240732],[135.086325,35.148301],[135.035919,35.121886],[135.023817,35.124317]]]},"properties":{}}},
    {"code":1163007,"id":3161,"name":"黒井(兵庫)","original_name":"黒井","name_kana":"くろい","closed":false,"lat":35.168549,"lng":135.097302,"prefecture":28,"lines":[11630],"attr":"eco","postal_code":"669-4141","address":"丹波市春日町黒井","voronoi":{"type":"Feature","geometry":{"type":"Polygon","coordinates":[[[135.059898,35.233264],[135.165705,35.144741],[135.141107,35.126524],[135.129997,35.126942],[135.086325,35.148301],[135.042721,35.240732],[135.043508,35.241244],[135.059898,35.233264]]]},"properties":{}}},
    {"code":1163008,"id":3162,"name":"市島","original_name":"市島","name_kana":"いちじま","closed":false,"lat":35.207868,"lng":135.130198,"prefecture":28,"lines":[11630],"attr":"eco","postal_code":"669-4324","address":"丹波市市島町市島","voronoi":{"type":"Feature","geometry":{"type":"Polygon","coordinates":[[[135.256407,35.170402],[135.165705,35.144741],[135.059898,35.233264],[135.218626,35.216843],[135.223851,35.212702],[135.256246,35.170904],[135.256407,35.170402]]]},"properties":{}}},
    {"code":1163009,"id":3163,"name":"丹波竹田","original_name":"丹波竹田","name_kana":"たんばたけだ","closed":false,"lat":35.24373,"lng":135.133908,"prefecture":28,"lines":[11630],"attr":"eco","postal_code":"669-4302","address":"丹波市市島町中竹田","voronoi":{"type":"Feature","geometry":{"type":"Polygon","coordinates":[[[135.04539,35.24458],[135.043508,35.241244],[135.059898,35.233264],[135.218626,35.216843],[135.204115,35.234196],[135.151048,35.2772],[135.060699,35.25075],[135.04539,35.24458]]]},"properties":{}}},
    {"code":1161514,"id":2980,"name":"福知山","original_name":"福知山","name_kana":"ふくちやま","closed":false,"lat":35.296143,"lng":135.118564,"prefecture":26,"lines":[11615,11622,11630,99608,99656,99655],"attr":"heat","postal_code":"620-0000","address":"福知山市字天田無番地","voronoi":{"type":"Feature","geometry":{"type":"Polygon","coordinates":[[[135.151048,35.2772],[135.060699,35.25075],[135.110879,35.29878],[135.148948,35.304409],[135.151048,35.2772]]]},"properties":{}}}
  ]
}