{
  "code":11709,
  "id":168,
  "name":"JR宇野線",
  "name_kana":"じぇいあーるうのせん",
  "station_size":15,
  "company_code":4,
  "closed":false,
  "station_list":[
    {"code":100306,"id":2867,"name":"岡山","original_name":"岡山","name_kana":"おかやま","closed":false,"lat":34.666572,"lng":133.918552,"prefecture":33,"lines":[1003,11609,11610,11631,11703,11709,11713,11715],"attr":"heat","postal_code":"700-0024","address":"岡山市駅元町１丁目","voronoi":{"type":"Feature","geometry":{"type":"Polygon","coordinates":[[[133.910571,34.681852],[133.908969,34.6594],[133.914643,34.657084],[133.921643,34.670025],[133.922898,34.675786],[133.910571,34.681852]]]},"properties":{}}},
    {"code":1170902,"id":3569,"name":"大元","original_name":"大元","name_kana":"おおもと","closed":false,"lat":34.647571,"lng":133.910795,"prefecture":33,"lines":[11709],"attr":"heat","postal_code":"700-0923","address":"岡山市大元駅前","voronoi":{"type":"Feature","geometry":{"type":"Polygon","coordinates":[[[133.917021,34.654293],[133.924685,34.626368],[133.896973,34.645177],[133.898915,34.6543],[133.908969,34.6594],[133.914643,34.657084],[133.916026,34.656342],[133.916381,34.655728],[133.917021,34.654293]]]},"properties":{}}},
    {"code":1170903,"id":3570,"name":"備前西市","original_name":"備前西市","name_kana":"びぜんにしいち","closed":false,"lat":34.631448,"lng":133.899852,"prefecture":33,"lines":[11709],"attr":"cool","postal_code":"700-0953","address":"岡山市西市","voronoi":{"type":"Feature","geometry":{"type":"Polygon","coordinates":[[[133.952324,34.590174],[133.9155,34.582895],[133.876317,34.631252],[133.896973,34.645177],[133.924685,34.626368],[133.950636,34.593095],[133.952324,34.590174]]]},"properties":{}}},
    {"code":1170904,"id":3571,"name":"妹尾","original_name":"妹尾","name_kana":"せのお","closed":false,"lat":34.608269,"lng":133.871246,"prefecture":33,"lines":[11709],"attr":"cool","postal_code":"701-0211","address":"岡山市東畦","voronoi":{"type":"Feature","geometry":{"type":"Polygon","coordinates":[[[133.875255,34.631586],[133.858959,34.623674],[133.864948,34.576272],[133.884499,34.573418],[133.9017,34.575371],[133.905176,34.576358],[133.9155,34.582895],[133.876317,34.631252],[133.875255,34.631586]]]},"properties":{}}},
    {"code":1170905,"id":3572,"name":"備中箕島","original_name":"備中箕島","name_kana":"びっちゅうみしま","closed":false,"lat":34.605697,"lng":133.850889,"prefecture":33,"lines":[11709],"attr":"cool","postal_code":"701-0206","address":"岡山市箕島","voronoi":{"type":"Feature","geometry":{"type":"Polygon","coordinates":[[[133.864948,34.576272],[133.857278,34.574915],[133.849732,34.581472],[133.845007,34.589474],[133.837713,34.625713],[133.858959,34.623674],[133.864948,34.576272]]]},"properties":{}}},
    {"code":1170906,"id":3573,"name":"早島","original_name":"早島","name_kana":"はやしま","closed":false,"lat":34.602158,"lng":133.833306,"prefecture":33,"lines":[11709],"attr":"eco","postal_code":"701-0303","address":"都窪郡早島町前潟","voronoi":{"type":"Feature","geometry":{"type":"Polygon","coordinates":[[[133.833791,34.62775],[133.813168,34.606495],[133.845007,34.589474],[133.837713,34.625713],[133.833791,34.62775]]]},"properties":{}}},
    {"code":1170907,"id":3574,"name":"久々原","original_name":"久々原","name_kana":"くぐはら","closed":false,"lat":34.592158,"lng":133.82796,"prefecture":33,"lines":[11709],"attr":"eco","postal_code":"701-0303","address":"都窪郡早島町前潟","voronoi":{"type":"Feature","geometry":{"type":"Polygon","coordinates":[[[133.845007,34.589474],[133.849732,34.581472],[133.795493,34.588792],[133.796815,34.597095],[133.813168,34.606495],[133.845007,34.589474]]]},"properties":{}}},
    {"code":1170908,"id":3575,"name":"茶屋町","original_name":"茶屋町","name_kana":"ちゃやまち","closed":false,"lat":34.57694,"lng":133.825906,"prefecture":33,"lines":[11709,11710,99719],"attr":"eco","postal_code":"710-1101","address":"倉敷市茶屋町","voronoi":{"type":"Feature","geometry":{"type":"Polygon","coordinates":[[[133.830925,34.564653],[133.856453,34.57402],[133.857278,34.574915],[133.849732,34.581472],[133.795493,34.588792],[133.794476,34.586355],[133.827397,34.565774],[133.830925,34.564653]]]},"properties":{}}},
    {"code":1170909,"id":3576,"name":"彦崎","original_name":"彦崎","name_kana":"ひこさき","closed":false,"lat":34.552035,"lng":133.835045,"prefecture":33,"lines":[11709],"attr":"eco","postal_code":"709-1213","address":"岡山市灘崎町彦崎","voronoi":{"type":"Feature","geometry":{"type":"Polygon","coordinates":[[[133.830158,34.562508],[133.833183,34.538137],[133.843911,34.533167],[133.856453,34.57402],[133.830925,34.564653],[133.830158,34.562508]]]},"properties":{}}},
    {"code":1170910,"id":3577,"name":"備前片岡","original_name":"備前片岡","name_kana":"びぜんかたおか","closed":false,"lat":34.54381,"lng":133.861837,"prefecture":33,"lines":[11709],"attr":"eco","postal_code":"709-1215","address":"岡山市灘崎町片岡","voronoi":{"type":"Feature","geometry":{"type":"Polygon","coordinates":[[[133.843911,34.533167],[133.856453,34.57402],[133.857278,34.574915],[133.864948,34.576272],[133.884499,34.573418],[133.855882,34.504838],[133.843911,34.533167]]]},"properties":{}}},
    {"code":1170911,"id":3578,"name":"迫川","original_name":"迫川","name_kana":"はざかわ","closed":false,"lat":34.536484,"lng":133.879394,"prefecture":33,"lines":[11709],"attr":"cool","postal_code":"709-1211","address":"岡山市灘崎町迫川","voronoi":{"type":"Feature","geometry":{"type":"Polygon","coordinates":[[[133.867893,34.48472],[133.856529,34.500731],[133.855882,34.504838],[133.884499,34.573418],[133.9017,34.575371],[133.867893,34.48472]]]},"properties":{}}},
    {"code":1170912,"id":3579,"name":"常山","original_name":"常山","name_kana":"つねやま","closed":false,"lat":34.531374,"lng":133.893096,"prefecture":33,"lines":[11709],"attr":"cool","postal_code":"706-0000","address":"玉野市藤木","voronoi":{"type":"Feature","geometry":{"type":"Polygon","coordinates":[[[133.867893,34.48472],[133.881689,34.45815],[133.881894,34.457895],[133.887081,34.452627],[133.905962,34.484118],[133.907382,34.488745],[133.905176,34.576358],[133.9017,34.575371],[133.867893,34.48472]]]},"properties":{}}},
    {"code":1170913,"id":3580,"name":"八浜","original_name":"八浜","name_kana":"はちはま","closed":false,"lat":34.532039,"lng":133.919504,"prefecture":33,"lines":[11709],"attr":"cool","postal_code":"706-0224","address":"玉野市八浜町大崎","voronoi":{"type":"Feature","geometry":{"type":"Polygon","coordinates":[[[133.905176,34.576358],[133.9155,34.582895],[133.952324,34.590174],[133.973475,34.586214],[133.907382,34.488745],[133.905176,34.576358]]]},"properties":{}}},
    {"code":1170914,"id":3581,"name":"備前田井","original_name":"備前田井","name_kana":"びぜんたい","closed":false,"lat":34.516027,"lng":133.943117,"prefecture":33,"lines":[11709],"attr":"cool","postal_code":"706-0001","address":"玉野市田井","voronoi":{"type":"Feature","geometry":{"type":"Polygon","coordinates":[[[134.010824,34.575593],[134.044418,34.55396],[133.905962,34.484118],[133.907382,34.488745],[133.973475,34.586214],[133.985618,34.586245],[134.010824,34.575593]]]},"properties":{}}},
    {"code":1170915,"id":3582,"name":"宇野","original_name":"宇野","name_kana":"うの","closed":false,"lat":34.495035,"lng":133.953706,"prefecture":33,"lines":[11709],"attr":"cool","postal_code":"706-0002","address":"玉野市築港１丁目","voronoi":{"type":"Feature","geometry":{"type":"Polygon","coordinates":[[[133.931909,34.400333],[133.934972,34.401059],[134.006825,34.427129],[134.046795,34.452925],[134.097815,34.48681],[134.11492,34.505993],[134.052413,34.549967],[134.044418,34.55396],[133.905962,34.484118],[133.887081,34.452627],[133.896154,34.424668],[133.901365,34.410727],[133.92285,34.402663],[133.931909,34.400333]]]},"properties":{}}}
  ]
}