{
  "code":11710,
  "id":169,
  "name":"JR本四備讃線(瀬戸大橋線)",
  "name_kana":"じぇいあーるほんしびさんせん(せとおおはしせん)",
  "name_formal":"JR本四備讃線",
  "station_size":6,
  "company_code":4,
  "closed":false,
  "color":"#0040FF",
  "symbol":"M",
  "station_list":[
    {"code":1170908,"id":3575,"name":"茶屋町","original_name":"茶屋町","name_kana":"ちゃやまち","closed":false,"lat":34.57694,"lng":133.825906,"prefecture":33,"lines":[11709,11710,99719],"attr":"eco","postal_code":"710-1101","address":"倉敷市茶屋町","voronoi":{"type":"Feature","geometry":{"type":"Polygon","coordinates":[[[133.830925,34.564653],[133.856453,34.57402],[133.857278,34.574915],[133.849732,34.581472],[133.795493,34.588792],[133.794476,34.586355],[133.827397,34.565774],[133.830925,34.564653]]]},"properties":{}}},
    {"code":1171002,"id":3583,"name":"植松","original_name":"植松","name_kana":"うえまつ","closed":false,"lat":34.551158,"lng":133.827979,"prefecture":33,"lines":[11710],"attr":"cool","postal_code":"710-0151","address":"岡山市灘崎町植松","voronoi":{"type":"Feature","geometry":{"type":"Polygon","coordinates":[[[133.819904,34.549214],[133.830158,34.562508],[133.833183,34.538137],[133.826183,34.53939],[133.819904,34.549214]]]},"properties":{}}},
    {"code":1171003,"id":3584,"name":"木見","original_name":"木見","name_kana":"きみ","closed":false,"lat":34.52773,"lng":133.823785,"prefecture":33,"lines":[11710],"attr":"cool","postal_code":"710-0143","address":"倉敷市木見","voronoi":{"type":"Feature","geometry":{"type":"Polygon","coordinates":[[[133.855882,34.504838],[133.856529,34.500731],[133.820379,34.509135],[133.811184,34.515413],[133.810803,34.530107],[133.826183,34.53939],[133.833183,34.538137],[133.843911,34.533167],[133.855882,34.504838]]]},"properties":{}}},
    {"code":1171004,"id":3585,"name":"上の町","original_name":"上の町","name_kana":"かみのちょう","closed":false,"lat":34.490944,"lng":133.815233,"prefecture":33,"lines":[11710],"attr":"eco","postal_code":"711-0907","address":"倉敷市児島上の町２","voronoi":{"type":"Feature","geometry":{"type":"Polygon","coordinates":[[[133.856529,34.500731],[133.820379,34.509135],[133.806724,34.491037],[133.807566,34.485982],[133.813891,34.476238],[133.881689,34.45815],[133.867893,34.48472],[133.856529,34.500731]]]},"properties":{}}},
    {"code":1171005,"id":3586,"name":"児島(JR)","original_name":"児島","name_kana":"こじま","closed":false,"lat":34.462817,"lng":133.807729,"prefecture":33,"lines":[11710],"attr":"eco","postal_code":"711-0921","address":"倉敷市児島駅前１丁目","voronoi":{"type":"Feature","geometry":{"type":"Polygon","coordinates":[[[133.804209,34.459963],[133.802933,34.462445],[133.813734,34.47617],[133.813891,34.476238],[133.881689,34.45815],[133.881894,34.457895],[133.812398,34.455478],[133.804209,34.459963]]]},"properties":{}}},
    {"code":1171006,"id":3587,"name":"宇多津","original_name":"宇多津","name_kana":"うたづ","closed":false,"lat":34.306271,"lng":133.813686,"prefecture":37,"lines":[11710,11806],"attr":"cool","postal_code":"769-0203","address":"綾歌郡宇多津町浜三番丁","voronoi":{"type":"Feature","geometry":{"type":"Polygon","coordinates":[[[133.830402,34.259755],[133.758138,34.36473],[133.802095,34.372722],[133.824954,34.37394],[133.84222,34.266288],[133.830402,34.259755]]]},"properties":{}}}
  ]
}