{
  "code":11717,
  "id":"baa13b",
  "name":"JR可部線",
  "name_kana":"じぇいあーるかべせん",
  "station_size":16,
  "company_code":4,
  "closed":false,
  "color":"#09C0B0",
  "symbol":"B",
  "station_list":[
    {"code":100312,"id":"1f0cee","name":"広島","original_name":"広島","name_kana":"ひろしま","closed":false,"lat":34.397446,"lng":132.475593,"prefecture":34,"lines":[1003,11611,11714,11716,11717],"attr":"heat","postal_code":"732-0822","address":"広島市南区松原町","voronoi":{"type":"Feature","geometry":{"type":"Polygon","coordinates":[[[132.485284,34.414921],[132.486714,34.397996],[132.477559,34.39653],[132.470376,34.397717],[132.47028,34.397889],[132.470662,34.399501],[132.473755,34.405559],[132.478083,34.411762],[132.48278,34.414387],[132.485284,34.414921]]]},"properties":{}}},
    {"code":1161130,"id":"454a78","name":"新白島","original_name":"新白島","name_kana":"しんはくしま","closed":false,"lat":34.408361,"lng":132.461528,"prefecture":34,"lines":[11611,11717,99709],"attr":"cool","postal_code":"730-0005","address":"広島市中区西白島町154-1","voronoi":{"type":"Feature","geometry":{"type":"Polygon","coordinates":[[[132.456455,34.412114],[132.456184,34.410457],[132.462232,34.405104],[132.465359,34.408312],[132.456455,34.412114]]]},"properties":{}}},
    {"code":1161116,"id":"e557b0","name":"横川(広島)","original_name":"横川","name_kana":"よこがわ","closed":false,"lat":34.410173,"lng":132.45045,"prefecture":34,"lines":[11611,11717],"attr":"heat","postal_code":"733-0011","address":"広島市西区横川町３丁目","voronoi":{"type":"Feature","geometry":{"type":"Polygon","coordinates":[[[132.456057,34.410231],[132.444239,34.409409],[132.440269,34.410007],[132.455987,34.416761],[132.456146,34.416439],[132.456455,34.412114],[132.456184,34.410457],[132.456057,34.410231]]]},"properties":{}}},
    {"code":1171702,"id":"81b6dc","name":"三滝","original_name":"三滝","name_kana":"みたき","closed":false,"lat":34.417278,"lng":132.447397,"prefecture":34,"lines":[11717],"attr":"heat","postal_code":"733-0802","address":"広島市西区三滝本町２丁目","voronoi":{"type":"Feature","geometry":{"type":"Polygon","coordinates":[[[132.456009,34.41949],[132.430483,34.439412],[132.424564,34.428476],[132.4224,34.42282],[132.435967,34.409273],[132.436435,34.40908],[132.436546,34.409096],[132.440269,34.410007],[132.455987,34.416761],[132.456009,34.41949]]]},"properties":{}}},
    {"code":1171703,"id":"577b0e","name":"安芸長束","original_name":"安芸長束","name_kana":"あきながつか","closed":false,"lat":34.428382,"lng":132.456063,"prefecture":34,"lines":[11717],"attr":"heat","postal_code":"731-0135","address":"広島市安佐南区長束４丁目","voronoi":{"type":"Feature","geometry":{"type":"Polygon","coordinates":[[[132.433824,34.44513],[132.43101,34.441561],[132.430483,34.439412],[132.456009,34.41949],[132.462311,34.424269],[132.463123,34.431625],[132.436642,34.446746],[132.433824,34.44513]]]},"properties":{}}},
    {"code":1171704,"id":"684ff1","name":"下祇園","original_name":"下祇園","name_kana":"しもぎおん","closed":false,"lat":34.439354,"lng":132.462328,"prefecture":34,"lines":[11717],"attr":"heat","postal_code":"731-0138","address":"広島市安佐南区祇園３丁目","voronoi":{"type":"Feature","geometry":{"type":"Polygon","coordinates":[[[132.463966,34.432099],[132.468559,34.441296],[132.467842,34.443576],[132.446942,34.454363],[132.443474,34.452678],[132.441447,34.451306],[132.436642,34.446746],[132.463123,34.431625],[132.463966,34.432099]]]},"properties":{}}},
    {"code":1171705,"id":"1e5f51","name":"古市橋","original_name":"古市橋","name_kana":"ふるいちばし","closed":false,"lat":34.450516,"lng":132.468089,"prefecture":34,"lines":[11717],"attr":"heat","postal_code":"731-0123","address":"広島市安佐南区古市３丁目","voronoi":{"type":"Feature","geometry":{"type":"Polygon","coordinates":[[[132.459314,34.458256],[132.470032,34.455666],[132.472206,34.453598],[132.473,34.448339],[132.467842,34.443576],[132.446942,34.454363],[132.447478,34.45486],[132.447782,34.455046],[132.459314,34.458256]]]},"properties":{}}},
    {"code":1171706,"id":"f9226d","name":"大町(広島)","original_name":"大町","name_kana":"おおまち","closed":false,"lat":34.461136,"lng":132.470655,"prefecture":34,"lines":[11717,99709],"attr":"heat","postal_code":"731-0124","address":"広島市安佐南区大町東２丁目","voronoi":{"type":"Feature","geometry":{"type":"Polygon","coordinates":[[[132.459314,34.458256],[132.470032,34.455666],[132.47522,34.462681],[132.469215,34.467615],[132.459314,34.458256]]]},"properties":{}}},
    {"code":1171707,"id":"eb31b0","name":"緑井","original_name":"緑井","name_kana":"みどりい","closed":false,"lat":34.467459,"lng":132.475851,"prefecture":34,"lines":[11717],"attr":"cool","postal_code":"731-0103","address":"広島市安佐南区緑井４丁目","voronoi":{"type":"Feature","geometry":{"type":"Polygon","coordinates":[[[132.484746,34.461915],[132.47522,34.462681],[132.469215,34.467615],[132.470776,34.477994],[132.485028,34.463313],[132.484746,34.461915]]]},"properties":{}}},
    {"code":1171708,"id":"15973a","name":"七軒茶屋","original_name":"七軒茶屋","name_kana":"しちけんぢゃや","closed":false,"lat":34.472609,"lng":132.481156,"prefecture":34,"lines":[11717],"attr":"cool","postal_code":"731-0103","address":"広島市安佐南区緑井７丁目","voronoi":{"type":"Feature","geometry":{"type":"Polygon","coordinates":[[[132.472798,34.50013],[132.469599,34.501186],[132.468616,34.490396],[132.470776,34.477994],[132.485028,34.463313],[132.490665,34.472015],[132.472798,34.50013]]]},"properties":{}}},
    {"code":1171709,"id":"80b7e0","name":"梅林(広島)","original_name":"梅林","name_kana":"ばいりん","closed":false,"lat":34.480877,"lng":132.494166,"prefecture":34,"lines":[11717],"attr":"cool","postal_code":"731-0101","address":"広島市安佐南区八木３丁目","voronoi":{"type":"Feature","geometry":{"type":"Polygon","coordinates":[[[132.472798,34.50013],[132.48958,34.49933],[132.50078,34.484439],[132.501781,34.472612],[132.490665,34.472015],[132.472798,34.50013]]]},"properties":{}}},
    {"code":1171710,"id":"26c4ac","name":"上八木","original_name":"上八木","name_kana":"かみやぎ","closed":false,"lat":34.489805,"lng":132.506037,"prefecture":34,"lines":[11717],"attr":"cool","postal_code":"731-0101","address":"広島市安佐南区八木８丁目","voronoi":{"type":"Feature","geometry":{"type":"Polygon","coordinates":[[[132.48958,34.49933],[132.50078,34.484439],[132.51529,34.487916],[132.515482,34.491123],[132.498339,34.502564],[132.48958,34.49933]]]},"properties":{}}},
    {"code":1171711,"id":"4df498","name":"中島(広島)","original_name":"中島","name_kana":"なかしま","closed":false,"lat":34.500351,"lng":132.513075,"prefecture":34,"lines":[11717],"attr":"cool","postal_code":"731-0223","address":"広島市安佐北区可部南１丁目","voronoi":{"type":"Feature","geometry":{"type":"Polygon","coordinates":[[[132.515482,34.491123],[132.498339,34.502564],[132.499479,34.503722],[132.535327,34.510897],[132.515482,34.491123]]]},"properties":{}}},
    {"code":1171712,"id":"e004e3","name":"可部","original_name":"可部","name_kana":"かべ","closed":false,"lat":34.512066,"lng":132.51073,"prefecture":34,"lines":[11717],"attr":"cool","postal_code":"731-0221","address":"広島市安佐北区可部２丁目","voronoi":{"type":"Feature","geometry":{"type":"Polygon","coordinates":[[[132.499479,34.503722],[132.535327,34.510897],[132.551416,34.520511],[132.559105,34.572078],[132.559019,34.577601],[132.499662,34.504244],[132.499479,34.503722]]]},"properties":{}}},
    {"code":1171713,"id":"1b4580","name":"河戸帆待川","original_name":"河戸帆待川","name_kana":"こうどほまちがわ","closed":false,"lat":34.5167,"lng":132.505003,"prefecture":34,"lines":[11717],"attr":"eco","postal_code":"731-0231","address":"広島市安佐北区亀山二丁目27-12","open_date":"2017-03-04","voronoi":{"type":"Feature","geometry":{"type":"Polygon","coordinates":[[[132.560211,34.617763],[132.558075,34.631282],[132.51981,34.726823],[132.513576,34.728816],[132.499662,34.504244],[132.559019,34.577601],[132.560211,34.617763]]]},"properties":{}}},
    {"code":1171715,"id":"0f51ff","name":"あき亀山","original_name":"あき亀山","name_kana":"あきかめやま","closed":false,"lat":34.517264,"lng":132.4959,"prefecture":34,"lines":[11717],"attr":"eco","postal_code":"731-0232","address":"広島市安佐北区亀山南一丁目1-1","open_date":"2017-03-04","voronoi":{"type":"Feature","geometry":{"type":"Polygon","coordinates":[[[132.48958,34.49933],[132.498339,34.502564],[132.499479,34.503722],[132.499662,34.504244],[132.513576,34.728816],[132.483882,34.739019],[132.388054,34.721203],[132.326466,34.705416],[132.392731,34.598546],[132.397531,34.591499],[132.435501,34.53941],[132.451816,34.519281],[132.469599,34.501186],[132.472798,34.50013],[132.48958,34.49933]]]},"properties":{}}}
  ]
}