{
  "code":11716,
  "id":"cf673d",
  "name":"JR呉線",
  "name_kana":"じぇいあーるくれせん",
  "station_size":32,
  "company_code":4,
  "closed":false,
  "color":"#FFA500",
  "symbol":"Y",
  "station_list":[
    {"code":1161019,"id":"df3be8","name":"糸崎","original_name":"糸崎","name_kana":"いとざき","closed":false,"lat":34.392429,"lng":133.104317,"prefecture":34,"lines":[11610,11716],"attr":"eco","postal_code":"729-0324","address":"三原市糸崎町","voronoi":{"type":"Feature","geometry":{"type":"Polygon","coordinates":[[[133.089498,34.385409],[133.12158,34.470097],[133.146617,34.412799],[133.159467,34.320992],[133.089498,34.385409]]]},"properties":{}}},
    {"code":100310,"id":"4d901a","name":"三原","original_name":"三原","name_kana":"みはら","closed":false,"lat":34.400486,"lng":133.083049,"prefecture":34,"lines":[1003,11610,11611,11716],"attr":"eco","postal_code":"723-0014","address":"三原市城町","voronoi":{"type":"Feature","geometry":{"type":"Polygon","coordinates":[[[133.113259,34.500334],[133.072956,34.518128],[133.046293,34.52127],[133.033632,34.388583],[133.039835,34.384307],[133.089498,34.385409],[133.12158,34.470097],[133.113259,34.500334]]]},"properties":{}}},
    {"code":1171603,"id":"610656","name":"須波","original_name":"須波","name_kana":"すなみ","closed":false,"lat":34.370061,"lng":133.083724,"prefecture":34,"lines":[11716],"attr":"cool","postal_code":"723-0031","address":"三原市須波町","voronoi":{"type":"Feature","geometry":{"type":"Polygon","coordinates":[[[133.206044,34.171285],[133.194431,34.172848],[133.039835,34.384307],[133.089498,34.385409],[133.159467,34.320992],[133.206968,34.171843],[133.206044,34.171285]]]},"properties":{}}},
    {"code":1171604,"id":"2facd0","name":"安芸幸崎","original_name":"安芸幸崎","name_kana":"あきさいざき","closed":false,"lat":34.338165,"lng":133.040096,"prefecture":34,"lines":[11716],"attr":"cool","postal_code":"729-2252","address":"三原市幸崎町能地","voronoi":{"type":"Feature","geometry":{"type":"Polygon","coordinates":[[[133.039835,34.384307],[133.033632,34.388583],[133.014723,34.374626],[133.018924,34.213811],[133.121163,34.183512],[133.18387,34.172996],[133.194431,34.172848],[133.039835,34.384307]]]},"properties":{}}},
    {"code":1171605,"id":"d1c99c","name":"忠海","original_name":"忠海","name_kana":"ただのうみ","closed":false,"lat":34.33689,"lng":132.991289,"prefecture":34,"lines":[11716],"attr":"cool","postal_code":"729-2311","address":"竹原市忠海町徳浜","voronoi":{"type":"Feature","geometry":{"type":"Polygon","coordinates":[[[132.973175,34.218094],[132.978113,34.372648],[133.014723,34.374626],[133.018924,34.213811],[132.973175,34.218094]]]},"properties":{}}},
    {"code":1171606,"id":"a58103","name":"安芸長浜","original_name":"安芸長浜","name_kana":"あきながはま","closed":false,"lat":34.337804,"lng":132.962681,"prefecture":34,"lines":[11716],"attr":"cool","postal_code":"729-2311","address":"竹原市忠海町西長浜","voronoi":{"type":"Feature","geometry":{"type":"Polygon","coordinates":[[[132.978113,34.372648],[132.973175,34.218094],[132.942997,34.217309],[132.934098,34.218039],[132.960478,34.378707],[132.978113,34.372648]]]},"properties":{}}},
    {"code":1171607,"id":"e4ea48","name":"大乗","original_name":"大乗","name_kana":"おおのり","closed":false,"lat":34.340656,"lng":132.945311,"prefecture":34,"lines":[11716],"attr":"cool","postal_code":"729-2313","address":"竹原市高崎町","voronoi":{"type":"Feature","geometry":{"type":"Polygon","coordinates":[[[132.925476,34.400049],[132.93129,34.228402],[132.9339,34.218041],[132.934098,34.218039],[132.960478,34.378707],[132.925476,34.400049]]]},"properties":{}}},
    {"code":1171608,"id":"a99429","name":"竹原","original_name":"竹原","name_kana":"たけはら","closed":false,"lat":34.33945,"lng":132.909705,"prefecture":34,"lines":[11716],"attr":"cool","postal_code":"725-0026","address":"竹原市中央一丁目","voronoi":{"type":"Feature","geometry":{"type":"Polygon","coordinates":[[[132.863802,34.38587],[132.88563,34.402194],[132.918988,34.407229],[132.925476,34.400049],[132.93129,34.228402],[132.863802,34.38587]]]},"properties":{}}},
    {"code":1171609,"id":"4c1adc","name":"吉名","original_name":"吉名","name_kana":"よしな","closed":false,"lat":34.320616,"lng":132.86576,"prefecture":34,"lines":[11716],"attr":"cool","postal_code":"725-0013","address":"竹原市吉名町","voronoi":{"type":"Feature","geometry":{"type":"Polygon","coordinates":[[[132.86034,34.192909],[132.9339,34.218041],[132.93129,34.228402],[132.863802,34.38587],[132.838827,34.379033],[132.845034,34.254522],[132.86034,34.192909]]]},"properties":{}}},
    {"code":1171610,"id":"807c13","name":"安芸津","original_name":"安芸津","name_kana":"あきつ","closed":false,"lat":34.318227,"lng":132.817838,"prefecture":34,"lines":[11716],"attr":"cool","postal_code":"739-2402","address":"東広島市安芸津町三津","voronoi":{"type":"Feature","geometry":{"type":"Polygon","coordinates":[[[132.781561,34.347867],[132.822033,34.380972],[132.838827,34.379033],[132.845034,34.254522],[132.781561,34.347867]]]},"properties":{}}},
    {"code":1171611,"id":"7c4150","name":"風早","original_name":"風早","name_kana":"かざはや","closed":false,"lat":34.303234,"lng":132.795789,"prefecture":34,"lines":[11716],"attr":"cool","postal_code":"739-2403","address":"東広島市安芸津町風早","voronoi":{"type":"Feature","geometry":{"type":"Polygon","coordinates":[[[132.795662,34.224375],[132.754056,34.336334],[132.781561,34.347867],[132.845034,34.254522],[132.86034,34.192909],[132.844022,34.181379],[132.827809,34.176292],[132.795662,34.224375]]]},"properties":{}}},
    {"code":1171612,"id":"a05e8d","name":"安浦","original_name":"安浦","name_kana":"やすうら","closed":false,"lat":34.284013,"lng":132.744067,"prefecture":34,"lines":[11716],"attr":"eco","postal_code":"737-2516","address":"呉市安浦町中央１丁目","voronoi":{"type":"Feature","geometry":{"type":"Polygon","coordinates":[[[132.651192,34.329481],[132.651981,34.327834],[132.795662,34.224375],[132.754056,34.336334],[132.670116,34.348799],[132.664709,34.346923],[132.660646,34.342585],[132.651192,34.329481]]]},"properties":{}}},
    {"code":1171613,"id":"bd72a0","name":"安登","original_name":"安登","name_kana":"あと","closed":false,"lat":34.254396,"lng":132.722741,"prefecture":34,"lines":[11716],"attr":"eco","postal_code":"737-2503","address":"呉市安浦町安登","voronoi":{"type":"Feature","geometry":{"type":"Polygon","coordinates":[[[132.651981,34.327834],[132.654039,34.320306],[132.777861,34.141723],[132.792075,34.149336],[132.827809,34.176292],[132.795662,34.224375],[132.651981,34.327834]]]},"properties":{}}},
    {"code":1171614,"id":"686dad","name":"安芸川尻","original_name":"安芸川尻","name_kana":"あきかわじり","closed":false,"lat":34.232854,"lng":132.691672,"prefecture":34,"lines":[11716],"attr":"eco","postal_code":"737-2603","address":"呉市川尻町西２","voronoi":{"type":"Feature","geometry":{"type":"Polygon","coordinates":[[[132.654039,34.320306],[132.65654,34.28301],[132.709989,34.107907],[132.746959,34.121232],[132.757637,34.126569],[132.777861,34.141723],[132.654039,34.320306]]]},"properties":{}}},
    {"code":1171615,"id":"440135","name":"仁方","original_name":"仁方","name_kana":"にがた","closed":false,"lat":34.221784,"lng":132.655406,"prefecture":34,"lines":[11716],"attr":"eco","postal_code":"737-0152","address":"呉市仁方本町２丁目","voronoi":{"type":"Feature","geometry":{"type":"Polygon","coordinates":[[[132.596698,34.04651],[132.65654,34.28301],[132.709989,34.107907],[132.596698,34.04651]]]},"properties":{}}},
    {"code":1171616,"id":"283bc2","name":"広","original_name":"広","name_kana":"ひろ","closed":false,"lat":34.228613,"lng":132.628417,"prefecture":34,"lines":[11716],"attr":"eco","postal_code":"737-0131","address":"呉市広中町","voronoi":{"type":"Feature","geometry":{"type":"Polygon","coordinates":[[[132.651192,34.329481],[132.651981,34.327834],[132.654039,34.320306],[132.65654,34.28301],[132.596698,34.04651],[132.584718,34.038797],[132.573241,34.036345],[132.64576,34.327936],[132.651192,34.329481]]]},"properties":{}}},
    {"code":1171617,"id":"c8ad9a","name":"新広","original_name":"新広","name_kana":"しんひろ","closed":false,"lat":34.23206,"lng":132.614557,"prefecture":34,"lines":[11716],"attr":"eco","postal_code":"737-0112","address":"呉市広古新開２-１","voronoi":{"type":"Feature","geometry":{"type":"Polygon","coordinates":[[[132.573241,34.036345],[132.555409,34.031863],[132.630425,34.324729],[132.64576,34.327936],[132.573241,34.036345]]]},"properties":{}}},
    {"code":1171618,"id":"fa2540","name":"安芸阿賀","original_name":"安芸阿賀","name_kana":"あきあが","closed":false,"lat":34.235843,"lng":132.599788,"prefecture":34,"lines":[11716],"attr":"eco","postal_code":"737-0003","address":"呉市阿賀中央６丁目","voronoi":{"type":"Feature","geometry":{"type":"Polygon","coordinates":[[[132.628229,34.324453],[132.611257,34.320464],[132.593227,34.309939],[132.53389,34.025611],[132.555409,34.031863],[132.630425,34.324729],[132.628229,34.324453]]]},"properties":{}}},
    {"code":1171619,"id":"bd7635","name":"呉","original_name":"呉","name_kana":"くれ","closed":false,"lat":34.244652,"lng":132.557578,"prefecture":34,"lines":[11716],"attr":"eco","postal_code":"737-0029","address":"呉市宝町","voronoi":{"type":"Feature","geometry":{"type":"Polygon","coordinates":[[[132.581971,34.307251],[132.558755,34.283803],[132.488743,34.00754],[132.53389,34.025611],[132.593227,34.309939],[132.581971,34.307251]]]},"properties":{}}},
    {"code":1171620,"id":"abcd49","name":"川原石","original_name":"川原石","name_kana":"かわらいし","closed":false,"lat":34.248817,"lng":132.541143,"prefecture":34,"lines":[11716],"attr":"eco","postal_code":"737-0823","address":"呉市海岸","voronoi":{"type":"Feature","geometry":{"type":"Polygon","coordinates":[[[132.419757,34.078523],[132.469598,33.999103],[132.488743,34.00754],[132.558755,34.283803],[132.550658,34.278589],[132.419757,34.078523]]]},"properties":{}}},
    {"code":1171621,"id":"dbe618","name":"吉浦","original_name":"吉浦","name_kana":"よしうら","closed":false,"lat":34.257947,"lng":132.527189,"prefecture":34,"lines":[11716],"attr":"eco","postal_code":"737-0861","address":"呉市吉浦本町１丁目","voronoi":{"type":"Feature","geometry":{"type":"Polygon","coordinates":[[[132.529081,34.271862],[132.414778,34.085798],[132.419757,34.078523],[132.550658,34.278589],[132.529081,34.271862]]]},"properties":{}}},
    {"code":1171622,"id":"88880a","name":"かるが浜","original_name":"かるが浜","name_kana":"かるがはま","closed":false,"lat":34.263885,"lng":132.517523,"prefecture":34,"lines":[11716],"attr":"heat","postal_code":"737-0862","address":"呉市狩留賀町","voronoi":{"type":"Feature","geometry":{"type":"Polygon","coordinates":[[[132.414778,34.085798],[132.529081,34.271862],[132.499144,34.275278],[132.465894,34.269856],[132.407592,34.253072],[132.404058,34.250593],[132.398142,34.229934],[132.386267,34.176912],[132.385658,34.173209],[132.412034,34.089577],[132.414778,34.085798]]]},"properties":{}}},
    {"code":1171623,"id":"cee971","name":"天応","original_name":"天応","name_kana":"てんのう","closed":false,"lat":34.282238,"lng":132.519617,"prefecture":34,"lines":[11716],"attr":"heat","postal_code":"737-0881","address":"呉市天応塩谷町","voronoi":{"type":"Feature","geometry":{"type":"Polygon","coordinates":[[[132.550658,34.278589],[132.558755,34.283803],[132.581971,34.307251],[132.553002,34.312359],[132.499144,34.275278],[132.529081,34.271862],[132.550658,34.278589]]]},"properties":{}}},
    {"code":1171624,"id":"6987b2","name":"呉ポートピア","original_name":"呉ポートピア","name_kana":"くれぽーとぴあ","closed":false,"lat":34.29192,"lng":132.512951,"prefecture":34,"lines":[11716],"attr":"heat","postal_code":"737-0884","address":"呉市天応伝十原町","voronoi":{"type":"Feature","geometry":{"type":"Polygon","coordinates":[[[132.553002,34.312359],[132.540474,34.316311],[132.465894,34.269856],[132.499144,34.275278],[132.553002,34.312359]]]},"properties":{}}},
    {"code":1171625,"id":"2a05ab","name":"小屋浦","original_name":"小屋浦","name_kana":"こやうら","closed":false,"lat":34.302363,"lng":132.506446,"prefecture":34,"lines":[11716],"attr":"heat","postal_code":"731-4331","address":"安芸郡坂町小屋浦","voronoi":{"type":"Feature","geometry":{"type":"Polygon","coordinates":[[[132.407592,34.253072],[132.434148,34.280087],[132.520743,34.319062],[132.539417,34.316853],[132.540474,34.316311],[132.465894,34.269856],[132.407592,34.253072]]]},"properties":{}}},
    {"code":1171626,"id":"7f9e81","name":"水尻","original_name":"水尻","name_kana":"みずしり","closed":false,"lat":34.319433,"lng":132.498763,"prefecture":34,"lines":[11716],"attr":"heat","postal_code":"731-4300","address":"安芸郡坂町字水尻","voronoi":{"type":"Feature","geometry":{"type":"Polygon","coordinates":[[[132.520743,34.319062],[132.434148,34.280087],[132.4667,34.322658],[132.468217,34.324383],[132.485049,34.341318],[132.520743,34.319062]]]},"properties":{}}},
    {"code":1171627,"id":"df96d2","name":"坂","original_name":"坂","name_kana":"さか","closed":false,"lat":34.338635,"lng":132.510736,"prefecture":34,"lines":[11716],"attr":"heat","postal_code":"731-4300","address":"安芸郡坂町","voronoi":{"type":"Feature","geometry":{"type":"Polygon","coordinates":[[[132.513186,34.3582],[132.539417,34.316853],[132.520743,34.319062],[132.485049,34.341318],[132.488379,34.351075],[132.490196,34.355451],[132.513186,34.3582]]]},"properties":{}}},
    {"code":1171628,"id":"b17648","name":"矢野","original_name":"矢野","name_kana":"やの","closed":false,"lat":34.352081,"lng":132.531931,"prefecture":34,"lines":[11716],"attr":"heat","postal_code":"736-0085","address":"広島市安芸区矢野西１丁目","voronoi":{"type":"Feature","geometry":{"type":"Polygon","coordinates":[[[132.581971,34.307251],[132.553002,34.312359],[132.540474,34.316311],[132.539417,34.316853],[132.513186,34.3582],[132.515875,34.361019],[132.557208,34.363888],[132.611257,34.320464],[132.593227,34.309939],[132.581971,34.307251]]]},"properties":{}}},
    {"code":1161112,"id":"e5e7dd","name":"海田市","original_name":"海田市","name_kana":"かいたいち","closed":false,"lat":34.372089,"lng":132.530542,"prefecture":34,"lines":[11611,11716],"attr":"heat","postal_code":"736-0068","address":"安芸郡海田町新町","voronoi":{"type":"Feature","geometry":{"type":"Polygon","coordinates":[[[132.515875,34.361019],[132.522243,34.395122],[132.522769,34.396071],[132.532033,34.407221],[132.557208,34.363888],[132.515875,34.361019]]]},"properties":{}}},
    {"code":1161113,"id":"2801b9","name":"向洋","original_name":"向洋","name_kana":"むかいなだ","closed":false,"lat":34.376636,"lng":132.506191,"prefecture":34,"lines":[11611,11716],"attr":"heat","postal_code":"735-0017","address":"安芸郡府中町青崎南","voronoi":{"type":"Feature","geometry":{"type":"Polygon","coordinates":[[[132.485902,34.370552],[132.486948,34.365061],[132.487233,34.363928],[132.488616,34.359275],[132.489396,34.357283],[132.490196,34.355451],[132.513186,34.3582],[132.515875,34.361019],[132.522243,34.395122],[132.486365,34.373902],[132.486024,34.37197],[132.485904,34.370698],[132.485902,34.370552]]]},"properties":{}}},
    {"code":1161114,"id":"ab30bc","name":"天神川","original_name":"天神川","name_kana":"てんじんがわ","closed":false,"lat":34.389959,"lng":132.498311,"prefecture":34,"lines":[11611,11716],"attr":"heat","postal_code":"732-0801","address":"広島市南区東駅町２８７","voronoi":{"type":"Feature","geometry":{"type":"Polygon","coordinates":[[[132.522769,34.396071],[132.522243,34.395122],[132.486365,34.373902],[132.486151,34.374849],[132.485993,34.376294],[132.486159,34.387873],[132.486275,34.38869],[132.487491,34.394028],[132.522769,34.396071]]]},"properties":{}}},
    {"code":100312,"id":"1f0cee","name":"広島","original_name":"広島","name_kana":"ひろしま","closed":false,"lat":34.397446,"lng":132.475593,"prefecture":34,"lines":[1003,11611,11714,11716,11717],"attr":"heat","postal_code":"732-0822","address":"広島市南区松原町","voronoi":{"type":"Feature","geometry":{"type":"Polygon","coordinates":[[[132.485284,34.414921],[132.486714,34.397996],[132.477559,34.39653],[132.470376,34.397717],[132.47028,34.397889],[132.470662,34.399501],[132.473755,34.405559],[132.478083,34.411762],[132.48278,34.414387],[132.485284,34.414921]]]},"properties":{}}}
  ]
}