{
  "code":11710,
  "id":"fb8bae",
  "name":"JR本四備讃線(瀬戸大橋線)",
  "name_kana":"じぇいあーるほんしびさんせん(せとおおはしせん)",
  "name_formal":"JR本四備讃線",
  "station_size":6,
  "company_code":4,
  "closed":false,
  "color":"#0040FF",
  "symbol":"M",
  "station_list":[
    {"code":1170908,"id":"690535","name":"茶屋町","original_name":"茶屋町","name_kana":"ちゃやまち","closed":false,"lat":34.57694,"lng":133.825906,"prefecture":33,"lines":[11709,11710,99719],"attr":"eco","postal_code":"710-1101","address":"倉敷市茶屋町","voronoi":{"type":"Feature","geometry":{"type":"Polygon","coordinates":[[[133.827394,34.565777],[133.794478,34.586359],[133.795493,34.588792],[133.849732,34.581472],[133.857278,34.574915],[133.856453,34.57402],[133.830927,34.564653],[133.827394,34.565777]]]},"properties":{}}},
    {"code":1171002,"id":"be9fff","name":"植松","original_name":"植松","name_kana":"うえまつ","closed":false,"lat":34.551158,"lng":133.827979,"prefecture":33,"lines":[11710],"attr":"cool","postal_code":"710-0151","address":"岡山市灘崎町植松","voronoi":{"type":"Feature","geometry":{"type":"Polygon","coordinates":[[[133.819902,34.549219],[133.830158,34.562507],[133.833183,34.538137],[133.826181,34.53939],[133.819902,34.549219]]]},"properties":{}}},
    {"code":1171003,"id":"4ba336","name":"木見","original_name":"木見","name_kana":"きみ","closed":false,"lat":34.52773,"lng":133.823785,"prefecture":33,"lines":[11710],"attr":"cool","postal_code":"710-0143","address":"倉敷市木見","voronoi":{"type":"Feature","geometry":{"type":"Polygon","coordinates":[[[133.833183,34.538137],[133.826181,34.53939],[133.810804,34.530111],[133.811184,34.515416],[133.820385,34.509133],[133.856529,34.500731],[133.855882,34.504838],[133.843911,34.533167],[133.833183,34.538137]]]},"properties":{}}},
    {"code":1171004,"id":"070fb4","name":"上の町","original_name":"上の町","name_kana":"かみのちょう","closed":false,"lat":34.490944,"lng":133.815233,"prefecture":33,"lines":[11710],"attr":"eco","postal_code":"711-0907","address":"倉敷市児島上の町２","voronoi":{"type":"Feature","geometry":{"type":"Polygon","coordinates":[[[133.881689,34.45815],[133.867893,34.48472],[133.856529,34.500731],[133.820385,34.509133],[133.806723,34.491039],[133.807562,34.485989],[133.81389,34.476238],[133.881689,34.45815]]]},"properties":{}}},
    {"code":1171005,"id":"c84376","name":"児島(JR)","original_name":"児島","name_kana":"こじま","closed":false,"lat":34.462817,"lng":133.807729,"prefecture":33,"lines":[11710],"attr":"eco","postal_code":"711-0921","address":"倉敷市児島駅前１丁目","voronoi":{"type":"Feature","geometry":{"type":"Polygon","coordinates":[[[133.812394,34.455477],[133.804206,34.459967],[133.802931,34.462448],[133.813762,34.476183],[133.81389,34.476238],[133.881689,34.45815],[133.881881,34.457911],[133.812394,34.455477]]]},"properties":{}}},
    {"code":1171006,"id":"60d264","name":"宇多津","original_name":"宇多津","name_kana":"うたづ","closed":false,"lat":34.306271,"lng":133.813686,"prefecture":37,"lines":[11710,11806],"attr":"cool","postal_code":"769-0203","address":"綾歌郡宇多津町浜三番丁","voronoi":{"type":"Feature","geometry":{"type":"Polygon","coordinates":[[[133.758142,34.364733],[133.802104,34.372725],[133.824954,34.373943],[133.84222,34.266288],[133.830401,34.259754],[133.758142,34.364733]]]},"properties":{}}}
  ]
}