{
  "code":11724,
  "id":179,
  "name":"JR岩徳線",
  "name_kana":"じぇいあーるがんとくせん",
  "station_size":16,
  "company_code":4,
  "closed":false,
  "color":"#00A663",
  "station_list":[
    {"code":1161128,"id":2915,"name":"岩国","original_name":"岩国","name_kana":"いわくに","closed":false,"lat":34.171828,"lng":132.225631,"prefecture":35,"lines":[11611,11612,11724],"attr":"eco","postal_code":"740-0018","address":"岩国市麻里布町１丁目","voronoi":{"type":"Feature","geometry":{"type":"Polygon","coordinates":[[[132.385658,34.173209],[132.375005,34.178487],[132.204207,34.189453],[132.214616,34.154184],[132.315696,34.099977],[132.328876,34.097347],[132.412034,34.089577],[132.385658,34.173209]]]},"properties":{}}},
    {"code":1172402,"id":3750,"name":"西岩国","original_name":"西岩国","name_kana":"にしいわくに","closed":false,"lat":34.16302,"lng":132.195786,"prefecture":35,"lines":[11724],"attr":"eco","postal_code":"741-0061","address":"岩国市錦見６丁目","voronoi":{"type":"Feature","geometry":{"type":"Polygon","coordinates":[[[132.174689,34.208034],[132.174151,34.195554],[132.191466,34.145659],[132.214616,34.154184],[132.204207,34.189453],[132.190778,34.199865],[132.174689,34.208034]]]},"properties":{}}},
    {"code":1172403,"id":3751,"name":"川西(山口)","original_name":"川西","name_kana":"かわにし","closed":false,"lat":34.156612,"lng":132.177321,"prefecture":35,"lines":[11724,99718],"attr":"eco","postal_code":"741-0082","address":"岩国市川西２丁目","voronoi":{"type":"Feature","geometry":{"type":"Polygon","coordinates":[[[132.16232,34.156736],[132.177519,34.129624],[132.18065,34.131135],[132.191466,34.145659],[132.174151,34.195554],[132.16232,34.156736]]]},"properties":{}}},
    {"code":1172404,"id":3752,"name":"柱野","original_name":"柱野","name_kana":"はしらの","closed":false,"lat":34.143874,"lng":132.154599,"prefecture":35,"lines":[11724],"attr":"eco","postal_code":"741-0073","address":"岩国市柱野","voronoi":{"type":"Feature","geometry":{"type":"Polygon","coordinates":[[[132.120282,34.134733],[132.122998,34.141034],[132.128131,34.144731],[132.157628,34.15567],[132.16232,34.156736],[132.177519,34.129624],[132.151492,34.092998],[132.120282,34.134733]]]},"properties":{}}},
    {"code":1172405,"id":3753,"name":"欽明路","original_name":"欽明路","name_kana":"きんめいじ","closed":false,"lat":34.1044,"lng":132.101813,"prefecture":35,"lines":[11724],"attr":"eco","postal_code":"742-0344","address":"岩国市玖珂町中野口","voronoi":{"type":"Feature","geometry":{"type":"Polygon","coordinates":[[[132.152323,34.083287],[132.151492,34.092998],[132.120282,34.134733],[132.099902,34.135246],[132.08109,34.130547],[132.115599,34.035416],[132.135736,34.036022],[132.152323,34.083287]]]},"properties":{}}},
    {"code":1172406,"id":3754,"name":"玖珂","original_name":"玖珂","name_kana":"くが","closed":false,"lat":34.097195,"lng":132.081951,"prefecture":35,"lines":[11724],"attr":"cool","postal_code":"742-0344","address":"岩国市玖珂町萃石","voronoi":{"type":"Feature","geometry":{"type":"Polygon","coordinates":[[[132.075512,34.028087],[132.056891,34.132425],[132.08109,34.130547],[132.115599,34.035416],[132.075512,34.028087]]]},"properties":{}}},
    {"code":1172407,"id":3755,"name":"周防高森","original_name":"周防高森","name_kana":"すおうたかもり","closed":false,"lat":34.090701,"lng":132.045564,"prefecture":35,"lines":[11724],"attr":"cool","postal_code":"742-0417","address":"岩国市周東町下久原","voronoi":{"type":"Feature","geometry":{"type":"Polygon","coordinates":[[[132.075512,34.028087],[132.068077,34.024492],[132.060623,34.024576],[132.00126,34.137648],[132.02375,34.140309],[132.0554,34.133276],[132.056891,34.132425],[132.075512,34.028087]]]},"properties":{}}},
    {"code":1172408,"id":3756,"name":"米川","original_name":"米川","name_kana":"よねかわ","closed":false,"lat":34.074521,"lng":132.014745,"prefecture":35,"lines":[11724],"attr":"cool","postal_code":"742-0424","address":"岩国市周東町差川","voronoi":{"type":"Feature","geometry":{"type":"Polygon","coordinates":[[[132.043017,34.020112],[132.060623,34.024576],[132.00126,34.137648],[131.985931,34.140046],[131.960811,34.137074],[132.011453,34.026724],[132.043017,34.020112]]]},"properties":{}}},
    {"code":1172409,"id":3757,"name":"高水","original_name":"高水","name_kana":"たかみず","closed":false,"lat":34.055395,"lng":131.973069,"prefecture":35,"lines":[11724],"attr":"cool","postal_code":"745-0621","address":"周南市原","voronoi":{"type":"Feature","geometry":{"type":"Polygon","coordinates":[[[131.960811,34.137074],[131.906807,34.145984],[131.912521,34.121432],[131.983804,34.019782],[131.986635,34.01925],[132.011453,34.026724],[131.960811,34.137074]]]},"properties":{}}},
    {"code":1172410,"id":3758,"name":"勝間","original_name":"勝間","name_kana":"かつま","closed":false,"lat":34.042008,"lng":131.953979,"prefecture":35,"lines":[11724],"attr":"heat","postal_code":"745-0612","address":"周南市呼坂","voronoi":{"type":"Feature","geometry":{"type":"Polygon","coordinates":[[[131.955491,34.015997],[131.983804,34.019782],[131.912521,34.121432],[131.915269,34.093537],[131.921053,34.07784],[131.955491,34.015997]]]},"properties":{}}},
    {"code":1172411,"id":3759,"name":"大河内","original_name":"大河内","name_kana":"おおかわち","closed":false,"lat":34.03098,"lng":131.934175,"prefecture":35,"lines":[11724],"attr":"heat","postal_code":"745-0651","address":"周南市大河内","voronoi":{"type":"Feature","geometry":{"type":"Polygon","coordinates":[[[131.955491,34.015997],[131.921053,34.07784],[131.930216,34.000526],[131.931411,34.00012],[131.955491,34.015997]]]},"properties":{}}},
    {"code":1172412,"id":3760,"name":"周防久保","original_name":"周防久保","name_kana":"すおうくぼ","closed":false,"lat":34.029211,"lng":131.919248,"prefecture":35,"lines":[11724],"attr":"heat","postal_code":"744-0061","address":"下松市大字河内","voronoi":{"type":"Feature","geometry":{"type":"Polygon","coordinates":[[[131.930216,34.000526],[131.899989,34.002969],[131.898366,34.007072],[131.915269,34.093537],[131.921053,34.07784],[131.930216,34.000526]]]},"properties":{}}},
    {"code":1172413,"id":3761,"name":"生野屋","original_name":"生野屋","name_kana":"いくのや","closed":false,"lat":34.035445,"lng":131.887359,"prefecture":35,"lines":[11724],"attr":"heat","postal_code":"744-0031","address":"下松市大字生野屋","voronoi":{"type":"Feature","geometry":{"type":"Polygon","coordinates":[[[131.906807,34.145984],[131.912521,34.121432],[131.915269,34.093537],[131.898366,34.007072],[131.877033,34.022657],[131.880363,34.162473],[131.882451,34.16147],[131.906807,34.145984]]]},"properties":{}}},
    {"code":1172414,"id":3762,"name":"周防花岡","original_name":"周防花岡","name_kana":"すおうはなおか","closed":false,"lat":34.035922,"lng":131.867328,"prefecture":35,"lines":[11724],"attr":"heat","postal_code":"744-0024","address":"下松市大字末武上","voronoi":{"type":"Feature","geometry":{"type":"Polygon","coordinates":[[[131.842805,34.075434],[131.84968,34.021986],[131.877033,34.022657],[131.880363,34.162473],[131.865957,34.170853],[131.842805,34.075434]]]},"properties":{}}},
    {"code":1161215,"id":2930,"name":"櫛ヶ浜","original_name":"櫛ヶ浜","name_kana":"くしがはま","closed":false,"lat":34.031002,"lng":131.829079,"prefecture":35,"lines":[11612,11724],"attr":"eco","postal_code":"745-0801","address":"山口県周南市大字久米字院内3975-1","voronoi":{"type":"Feature","geometry":{"type":"Polygon","coordinates":[[[131.709682,33.775149],[131.722746,33.916982],[131.728682,33.930072],[131.842805,34.075434],[131.84968,34.021986],[131.709682,33.775149]]]},"properties":{}}},
    {"code":100314,"id":2931,"name":"徳山","original_name":"徳山","name_kana":"とくやま","closed":false,"lat":34.051555,"lng":131.8029,"prefecture":35,"lines":[1003,11612,11724],"attr":"eco","postal_code":"745-0034","address":"周南市御幸通り２丁目","voronoi":{"type":"Feature","geometry":{"type":"Polygon","coordinates":[[[131.865957,34.170853],[131.842805,34.075434],[131.728682,33.930072],[131.747373,33.988707],[131.851765,34.181542],[131.865804,34.171003],[131.865957,34.170853]]]},"properties":{}}}
  ]
}