{
  "code":11801,
  "id":180,
  "name":"JR土讃線",
  "name_kana":"じぇいあーるどさんせん",
  "station_size":61,
  "company_code":5,
  "closed":false,
  "color":"#FF3399",
  "station_list":[
    {"code":1180101,"id":3763,"name":"多度津","original_name":"多度津","name_kana":"たどつ","closed":false,"lat":34.271238,"lng":133.757235,"prefecture":37,"numbering":["D12"],"lines":[11801,11806],"attr":"cool","postal_code":"764-0011","address":"仲多度郡多度津町栄町３丁目","voronoi":{"type":"Feature","geometry":{"type":"Polygon","coordinates":[[[133.672244,34.374607],[133.753145,34.247225],[133.775258,34.266622],[133.705802,34.368142],[133.672244,34.374607]]]},"properties":{}}},
    {"code":1180102,"id":3764,"name":"金蔵寺","original_name":"金蔵寺","name_kana":"こんぞうじ","closed":false,"lat":34.248152,"lng":133.777486,"prefecture":37,"numbering":["D13"],"lines":[11801],"attr":"cool","postal_code":"765-0022","address":"善通寺市稲木町","voronoi":{"type":"Feature","geometry":{"type":"Polygon","coordinates":[[[133.749733,34.217992],[133.753145,34.247225],[133.775258,34.266622],[133.794972,34.266622],[133.814981,34.259577],[133.750047,34.217499],[133.749733,34.217992]]]},"properties":{}}},
    {"code":1180103,"id":3765,"name":"善通寺","original_name":"善通寺","name_kana":"ぜんつうじ","closed":false,"lat":34.230021,"lng":133.789235,"prefecture":37,"numbering":["D14"],"lines":[11801],"attr":"cool","postal_code":"765-0013","address":"善通寺市文京町１丁目","voronoi":{"type":"Feature","geometry":{"type":"Polygon","coordinates":[[[133.819709,34.223829],[133.827803,34.246827],[133.829324,34.258724],[133.814981,34.259577],[133.750047,34.217499],[133.756587,34.196427],[133.765732,34.180931],[133.807701,34.213121],[133.817755,34.221624],[133.819709,34.223829]]]},"properties":{}}},
    {"code":1180104,"id":3766,"name":"琴平","original_name":"琴平","name_kana":"ことひら","closed":false,"lat":34.192106,"lng":133.8213,"prefecture":37,"numbering":["D15"],"lines":[11801],"attr":"cool","postal_code":"766-0004","address":"仲多度郡琴平町榎井","voronoi":{"type":"Feature","geometry":{"type":"Polygon","coordinates":[[[133.830693,34.173575],[133.807701,34.213121],[133.817755,34.221624],[133.830693,34.173575]]]},"properties":{}}},
    {"code":1180105,"id":3767,"name":"塩入","original_name":"塩入","name_kana":"しおいり","closed":false,"lat":34.156089,"lng":133.849938,"prefecture":37,"numbering":["D16"],"lines":[11801],"attr":"eco","postal_code":"769-0314","address":"香川県仲多度郡まんのう町帆山","voronoi":{"type":"Feature","geometry":{"type":"Polygon","coordinates":[[[133.944796,34.155582],[133.941205,34.158722],[133.91962,34.17189],[133.898459,34.181189],[133.879829,34.184342],[133.854533,34.183116],[133.831595,34.170859],[133.821611,34.162055],[133.861358,34.110382],[133.875092,34.097881],[133.888988,34.097708],[133.891141,34.098113],[133.942442,34.131243],[133.955367,34.141901],[133.956672,34.14326],[133.944796,34.155582]]]},"properties":{}}},
    {"code":1180106,"id":3768,"name":"黒川(香川)","original_name":"黒川","name_kana":"くろかわ","closed":false,"lat":34.133145,"lng":133.82011,"prefecture":37,"numbering":["D17"],"lines":[11801],"attr":"eco","postal_code":"769-0317","address":"香川県仲多度郡まんのう町新目","voronoi":{"type":"Feature","geometry":{"type":"Polygon","coordinates":[[[133.75939,34.145032],[133.766978,34.161228],[133.821611,34.162055],[133.861358,34.110382],[133.75939,34.145032]]]},"properties":{}}},
    {"code":1180107,"id":3769,"name":"讃岐財田","original_name":"讃岐財田","name_kana":"さぬきさいだ","closed":false,"lat":34.117463,"lng":133.814781,"prefecture":37,"numbering":["D18"],"lines":[11801],"attr":"cool","postal_code":"769-0401","address":"三豊市財田町財田上","voronoi":{"type":"Feature","geometry":{"type":"Polygon","coordinates":[[[133.738845,34.080091],[133.750433,34.131132],[133.75939,34.145032],[133.861358,34.110382],[133.875092,34.097881],[133.86068,34.091583],[133.761828,34.077524],[133.738845,34.080091]]]},"properties":{}}},
    {"code":1180108,"id":3770,"name":"坪尻","original_name":"坪尻","name_kana":"つぼじり","closed":false,"lat":34.053932,"lng":133.823816,"prefecture":36,"numbering":["D19"],"lines":[11801],"attr":"cool","postal_code":"778-0040","address":"三好市池田町西山立谷","voronoi":{"type":"Feature","geometry":{"type":"Polygon","coordinates":[[[133.86068,34.091583],[133.761828,34.077524],[133.827337,34.031139],[133.86068,34.091583]]]},"properties":{}}},
    {"code":1180109,"id":3771,"name":"箸蔵","original_name":"箸蔵","name_kana":"はしくら","closed":false,"lat":34.040318,"lng":133.848495,"prefecture":36,"numbering":["D20"],"lines":[11801],"attr":"cool","postal_code":"778-0020","address":"三好市池田町州津","voronoi":{"type":"Feature","geometry":{"type":"Polygon","coordinates":[[[133.87126,34.057558],[133.832929,34.012888],[133.827337,34.031139],[133.86068,34.091583],[133.875092,34.097881],[133.888988,34.097708],[133.87126,34.057558]]]},"properties":{}}},
    {"code":1180110,"id":3772,"name":"佃","original_name":"佃","name_kana":"つくだ","closed":false,"lat":34.032439,"lng":133.857677,"prefecture":36,"numbering":["D21"],"lines":[11801,11803],"attr":"cool","postal_code":"779-4806","address":"三好市井川町西井川","voronoi":{"type":"Feature","geometry":{"type":"Polygon","coordinates":[[[133.837391,33.978851],[133.836129,33.982317],[133.832929,34.012888],[133.87126,34.057558],[133.851398,33.960739],[133.837391,33.978851]]]},"properties":{}}},
    {"code":1180111,"id":3773,"name":"阿波池田","original_name":"阿波池田","name_kana":"あわいけだ","closed":false,"lat":34.026891,"lng":133.804669,"prefecture":36,"numbering":["D22"],"lines":[11801,11803],"attr":"cool","postal_code":"778-0003","address":"三好市池田町サラダ","voronoi":{"type":"Feature","geometry":{"type":"Polygon","coordinates":[[[133.832929,34.012888],[133.836129,33.982317],[133.731312,34.072654],[133.738845,34.080091],[133.761828,34.077524],[133.827337,34.031139],[133.832929,34.012888]]]},"properties":{}}},
    {"code":1180112,"id":3774,"name":"三縄","original_name":"三縄","name_kana":"みなわ","closed":false,"lat":34.006854,"lng":133.7874,"prefecture":36,"numbering":["D23"],"lines":[11801],"attr":"heat","postal_code":"779-5161","address":"三好市池田町中西","voronoi":{"type":"Feature","geometry":{"type":"Polygon","coordinates":[[[133.70981,34.03167],[133.758105,33.995043],[133.837391,33.978851],[133.836129,33.982317],[133.731312,34.072654],[133.730759,34.072254],[133.70981,34.03167]]]},"properties":{}}},
    {"code":1180113,"id":3775,"name":"祖谷口","original_name":"祖谷口","name_kana":"いやぐち","closed":false,"lat":33.972692,"lng":133.780423,"prefecture":36,"numbering":["D24"],"lines":[11801],"attr":"heat","postal_code":"779-5303","address":"三好市山城町下川","voronoi":{"type":"Feature","geometry":{"type":"Polygon","coordinates":[[[133.837391,33.978851],[133.758105,33.995043],[133.775503,33.945429],[133.844987,33.914931],[133.882111,33.909885],[133.851398,33.960739],[133.837391,33.978851]]]},"properties":{}}},
    {"code":1180114,"id":3776,"name":"阿波川口","original_name":"阿波川口","name_kana":"あわかわぐち","closed":false,"lat":33.963649,"lng":133.754634,"prefecture":36,"numbering":["D25"],"lines":[11801],"attr":"heat","postal_code":"779-5304","address":"三好市山城町大川持","voronoi":{"type":"Feature","geometry":{"type":"Polygon","coordinates":[[[133.649086,33.932463],[133.65575,33.955669],[133.693715,34.016524],[133.70981,34.03167],[133.758105,33.995043],[133.775503,33.945429],[133.649086,33.932463]]]},"properties":{}}},
    {"code":1180115,"id":3777,"name":"小歩危","original_name":"小歩危","name_kana":"こぼけ","closed":false,"lat":33.923352,"lng":133.758767,"prefecture":36,"numbering":["D26"],"lines":[11801],"attr":"eco","postal_code":"779-5451","address":"三好市山城町西宇","voronoi":{"type":"Feature","geometry":{"type":"Polygon","coordinates":[[[133.775503,33.945429],[133.649086,33.932463],[133.641967,33.918265],[133.635001,33.891442],[133.659236,33.880911],[133.844987,33.914931],[133.775503,33.945429]]]},"properties":{}}},
    {"code":1180116,"id":3778,"name":"大歩危","original_name":"大歩危","name_kana":"おおぼけ","closed":false,"lat":33.8765,"lng":133.767348,"prefecture":36,"numbering":["D27"],"lines":[11801],"attr":"eco","postal_code":"778-0105","address":"三好市西祖谷山村徳善","voronoi":{"type":"Feature","geometry":{"type":"Polygon","coordinates":[[[133.659236,33.880911],[133.696466,33.853661],[133.726413,33.840231],[133.74817,33.838126],[133.900633,33.896959],[133.882111,33.909885],[133.844987,33.914931],[133.659236,33.880911]]]},"properties":{}}},
    {"code":1180117,"id":3779,"name":"土佐岩原","original_name":"土佐岩原","name_kana":"とさいわはら","closed":false,"lat":33.822582,"lng":133.788154,"prefecture":39,"numbering":["D28"],"lines":[11801],"attr":"cool","postal_code":"789-0158","address":"長岡郡大豊町岩原","voronoi":{"type":"Feature","geometry":{"type":"Polygon","coordinates":[[[134.029585,33.798522],[134.019409,33.810073],[133.972306,33.850831],[133.931112,33.881962],[133.921053,33.888486],[133.900633,33.896959],[133.74817,33.838126],[133.891141,33.680067],[133.89447,33.681212],[134.069286,33.746324],[134.070395,33.746795],[134.07061,33.747225],[134.029585,33.798522]]]},"properties":{}}},
    {"code":1180118,"id":3780,"name":"豊永","original_name":"豊永","name_kana":"とよなが","closed":false,"lat":33.796788,"lng":133.759638,"prefecture":39,"numbering":["D29"],"lines":[11801],"attr":"cool","postal_code":"789-0166","address":"長岡郡大豊町東土居","voronoi":{"type":"Feature","geometry":{"type":"Polygon","coordinates":[[[133.726413,33.840231],[133.74817,33.838126],[133.891141,33.680067],[133.889856,33.67946],[133.887053,33.678452],[133.850444,33.669927],[133.823298,33.681707],[133.76778,33.71856],[133.726413,33.840231]]]},"properties":{}}},
    {"code":1180119,"id":3781,"name":"大田口","original_name":"大田口","name_kana":"おおたぐち","closed":false,"lat":33.785539,"lng":133.726552,"prefecture":39,"numbering":["D30"],"lines":[11801],"attr":"cool","postal_code":"789-0250","address":"長岡郡大豊町黒石","voronoi":{"type":"Feature","geometry":{"type":"Polygon","coordinates":[[[133.726413,33.840231],[133.696466,33.853661],[133.719621,33.742664],[133.750483,33.72511],[133.76778,33.71856],[133.726413,33.840231]]]},"properties":{}}},
    {"code":1180120,"id":3782,"name":"土佐穴内","original_name":"土佐穴内","name_kana":"とさあなない","closed":false,"lat":33.779192,"lng":133.696126,"prefecture":39,"numbering":["D31"],"lines":[11801],"attr":"cool","postal_code":"789-0307","address":"長岡郡大豊町穴内","voronoi":{"type":"Feature","geometry":{"type":"Polygon","coordinates":[[[133.719621,33.742664],[133.693736,33.746608],[133.618296,33.878624],[133.635001,33.891442],[133.659236,33.880911],[133.696466,33.853661],[133.719621,33.742664]]]},"properties":{}}},
    {"code":1180121,"id":3783,"name":"大杉","original_name":"大杉","name_kana":"おおすぎ","closed":false,"lat":33.761091,"lng":133.66445,"prefecture":39,"numbering":["D32"],"lines":[11801],"attr":"cool","postal_code":"789-0315","address":"長岡郡大豊町中村大王","voronoi":{"type":"Feature","geometry":{"type":"Polygon","coordinates":[[[133.462081,33.759488],[133.486865,33.741255],[133.56362,33.697433],[133.576518,33.691259],[133.693736,33.746608],[133.618296,33.878624],[133.556694,33.844207],[133.486072,33.788113],[133.462081,33.759488]]]},"properties":{}}},
    {"code":1180122,"id":3784,"name":"土佐北川","original_name":"土佐北川","name_kana":"とさきたがわ","closed":false,"lat":33.714792,"lng":133.686312,"prefecture":39,"numbering":["D33"],"lines":[11801],"attr":"cool","postal_code":"789-0324","address":"長岡郡大豊町久寿軒","voronoi":{"type":"Feature","geometry":{"type":"Polygon","coordinates":[[[133.719621,33.742664],[133.693736,33.746608],[133.576518,33.691259],[133.583346,33.685778],[133.654088,33.693744],[133.750483,33.72511],[133.719621,33.742664]]]},"properties":{}}},
    {"code":1180123,"id":3785,"name":"角茂谷","original_name":"角茂谷","name_kana":"かくもだに","closed":false,"lat":33.695689,"lng":133.692528,"prefecture":39,"numbering":["D34"],"lines":[11801],"attr":"heat","postal_code":"789-0321","address":"長岡郡大豊町角茂谷","voronoi":{"type":"Feature","geometry":{"type":"Polygon","coordinates":[[[133.761197,33.677348],[133.654088,33.693744],[133.750483,33.72511],[133.76778,33.71856],[133.823298,33.681707],[133.761197,33.677348]]]},"properties":{}}},
    {"code":1180124,"id":3786,"name":"繁藤","original_name":"繁藤","name_kana":"しげとう","closed":false,"lat":33.680389,"lng":133.690186,"prefecture":39,"numbering":["D35"],"lines":[11801],"attr":"heat","postal_code":"789-0585","address":"香美市土佐山田町繁藤","voronoi":{"type":"Feature","geometry":{"type":"Polygon","coordinates":[[[133.623368,33.652725],[133.615841,33.655099],[133.600571,33.6666],[133.583346,33.685778],[133.654088,33.693744],[133.761197,33.677348],[133.624332,33.652561],[133.623368,33.652725]]]},"properties":{}}},
    {"code":1180125,"id":3787,"name":"新改","original_name":"新改","name_kana":"しんがい","closed":false,"lat":33.649596,"lng":133.695763,"prefecture":39,"numbering":["D36"],"lines":[11801],"attr":"heat","postal_code":"782-0063","address":"香美市土佐山田町東川","voronoi":{"type":"Feature","geometry":{"type":"Polygon","coordinates":[[[133.761197,33.677348],[133.624332,33.652561],[133.671477,33.633232],[133.759077,33.610361],[133.767189,33.613407],[133.81559,33.638077],[133.833869,33.653889],[133.850444,33.669927],[133.823298,33.681707],[133.761197,33.677348]]]},"properties":{}}},
    {"code":1180126,"id":3788,"name":"土佐山田","original_name":"土佐山田","name_kana":"とさやまだ","closed":false,"lat":33.607085,"lng":133.684664,"prefecture":39,"numbering":["D37"],"lines":[11801],"attr":"heat","postal_code":"782-0037","address":"香美市土佐山田町宮前町","voronoi":{"type":"Feature","geometry":{"type":"Polygon","coordinates":[[[133.688246,33.584814],[133.671477,33.633232],[133.759077,33.610361],[133.747177,33.601153],[133.69033,33.58401],[133.688246,33.584814]]]},"properties":{}}},
    {"code":1180127,"id":3789,"name":"山田西町","original_name":"山田西町","name_kana":"やまだにしまち","closed":false,"lat":33.60453,"lng":133.677287,"prefecture":39,"numbering":["D38"],"lines":[11801],"attr":"eco","postal_code":"782-0032","address":"香美市土佐山田町西本町","voronoi":{"type":"Feature","geometry":{"type":"Polygon","coordinates":[[[133.623368,33.652725],[133.624332,33.652561],[133.671477,33.633232],[133.688246,33.584814],[133.679621,33.586514],[133.623368,33.652725]]]},"properties":{}}},
    {"code":1180128,"id":3790,"name":"土佐長岡","original_name":"土佐長岡","name_kana":"とさながおか","closed":false,"lat":33.591728,"lng":133.662219,"prefecture":39,"numbering":["D39"],"lines":[11801],"attr":"eco","postal_code":"783-0029","address":"南国市西山","voronoi":{"type":"Feature","geometry":{"type":"Polygon","coordinates":[[[133.623368,33.652725],[133.615841,33.655099],[133.620387,33.639965],[133.632897,33.613584],[133.654894,33.584086],[133.661883,33.579411],[133.679621,33.586514],[133.623368,33.652725]]]},"properties":{}}},
    {"code":1180129,"id":3791,"name":"後免","original_name":"後免","name_kana":"ごめん","closed":false,"lat":33.579245,"lng":133.645479,"prefecture":39,"numbering":["D40"],"lines":[11801,99816],"attr":"eco","postal_code":"783-0002","address":"南国市駅前町２丁目","voronoi":{"type":"Feature","geometry":{"type":"Polygon","coordinates":[[[133.632897,33.613584],[133.635484,33.596837],[133.638393,33.586523],[133.640895,33.580095],[133.644529,33.577203],[133.648227,33.577639],[133.649289,33.578134],[133.654894,33.584086],[133.632897,33.613584]]]},"properties":{}}},
    {"code":1180130,"id":3792,"name":"土佐大津","original_name":"土佐大津","name_kana":"とさおおつ","closed":false,"lat":33.576661,"lng":133.612062,"prefecture":39,"numbering":["D41"],"lines":[11801],"attr":"eco","postal_code":"780-0000","address":"高知市大津字関","voronoi":{"type":"Feature","geometry":{"type":"Polygon","coordinates":[[[133.620387,33.639965],[133.615841,33.655099],[133.600571,33.6666],[133.598387,33.633757],[133.600211,33.596657],[133.604718,33.584247],[133.610428,33.574611],[133.613396,33.576256],[133.616099,33.578624],[133.618105,33.584934],[133.619386,33.592055],[133.620517,33.63356],[133.620387,33.639965]]]},"properties":{}}},
    {"code":1180131,"id":3793,"name":"布師田","original_name":"布師田","name_kana":"ぬのしだ","closed":false,"lat":33.575595,"lng":133.590379,"prefecture":39,"numbering":["D42"],"lines":[11801],"attr":"eco","postal_code":"781-5101","address":"高知市布師田","voronoi":{"type":"Feature","geometry":{"type":"Polygon","coordinates":[[[133.597599,33.577788],[133.600211,33.596657],[133.598387,33.633757],[133.582112,33.570635],[133.584051,33.570112],[133.588502,33.570072],[133.594206,33.571691],[133.597599,33.577788]]]},"properties":{}}},
    {"code":1180132,"id":3794,"name":"土佐一宮","original_name":"土佐一宮","name_kana":"とさいっく","closed":false,"lat":33.578974,"lng":133.577274,"prefecture":39,"numbering":["D43"],"lines":[11801],"attr":"eco","postal_code":"781-8130","address":"高知市一宮","voronoi":{"type":"Feature","geometry":{"type":"Polygon","coordinates":[[[133.57997,33.569424],[133.582112,33.570635],[133.598387,33.633757],[133.600571,33.6666],[133.583346,33.685778],[133.576518,33.691259],[133.56362,33.697433],[133.569038,33.569826],[133.570655,33.569506],[133.573714,33.569182],[133.578061,33.569129],[133.579523,33.569283],[133.57997,33.569424]]]},"properties":{}}},
    {"code":1180133,"id":3795,"name":"薊野","original_name":"薊野","name_kana":"あぞうの","closed":false,"lat":33.578243,"lng":133.560056,"prefecture":39,"numbering":["D44"],"lines":[11801],"attr":"eco","postal_code":"781-0010","address":"高知市薊野","voronoi":{"type":"Feature","geometry":{"type":"Polygon","coordinates":[[[133.568333,33.569365],[133.569038,33.569826],[133.56362,33.697433],[133.486865,33.741255],[133.508903,33.671624],[133.537141,33.594679],[133.554142,33.569335],[133.556094,33.56868],[133.559761,33.568134],[133.561447,33.568125],[133.564495,33.568339],[133.568333,33.569365]]]},"properties":{}}},
    {"code":1180134,"id":3796,"name":"高知","original_name":"高知","name_kana":"こうち","closed":false,"lat":33.567242,"lng":133.543656,"prefecture":39,"numbering":["D45","K00"],"lines":[11801],"attr":"eco","postal_code":"780-0056","address":"高知市北本町２丁目","voronoi":{"type":"Feature","geometry":{"type":"Polygon","coordinates":[[[133.537141,33.594679],[133.536974,33.566822],[133.552321,33.567249],[133.554142,33.569335],[133.537141,33.594679]]]},"properties":{}}},
    {"code":1180135,"id":3797,"name":"入明","original_name":"入明","name_kana":"いりあけ","closed":false,"lat":33.567322,"lng":133.530298,"prefecture":39,"numbering":["K01"],"lines":[11801],"attr":"eco","postal_code":"780-0045","address":"高知市幸町","voronoi":{"type":"Feature","geometry":{"type":"Polygon","coordinates":[[[133.508903,33.671624],[133.52608,33.563191],[133.526432,33.563019],[133.527772,33.562658],[133.52954,33.562423],[133.531983,33.562809],[133.533997,33.56363],[133.536575,33.565521],[133.536911,33.565906],[133.536942,33.566029],[133.536974,33.566822],[133.537141,33.594679],[133.508903,33.671624]]]},"properties":{}}},
    {"code":1180136,"id":3798,"name":"円行寺口","original_name":"円行寺口","name_kana":"えんぎょうじぐち","closed":false,"lat":33.565816,"lng":133.520791,"prefecture":39,"numbering":["K02"],"lines":[11801],"attr":"eco","postal_code":"780-0000","address":"高知市西新屋敷","voronoi":{"type":"Feature","geometry":{"type":"Polygon","coordinates":[[[133.486865,33.741255],[133.508903,33.671624],[133.52608,33.563191],[133.52398,33.562047],[133.520987,33.561404],[133.518196,33.561849],[133.514371,33.5634],[133.513736,33.563922],[133.502078,33.584335],[133.447661,33.756097],[133.462081,33.759488],[133.486865,33.741255]]]},"properties":{}}},
    {"code":1180137,"id":3799,"name":"旭(高知)","original_name":"旭","name_kana":"あさひ","closed":false,"lat":33.558808,"lng":133.50852,"prefecture":39,"numbering":["K03"],"lines":[11801],"attr":"eco","postal_code":"780-0938","address":"高知市旭駅前町","voronoi":{"type":"Feature","geometry":{"type":"Polygon","coordinates":[[[133.504567,33.559007],[133.508058,33.556994],[133.511093,33.558195],[133.513736,33.563922],[133.502078,33.584335],[133.502875,33.561642],[133.504567,33.559007]]]},"properties":{}}},
    {"code":1180138,"id":3800,"name":"高知商業前","original_name":"高知商業前","name_kana":"こうちしょうぎょうまえ","closed":false,"lat":33.558419,"lng":133.497443,"prefecture":39,"numbering":["K04"],"lines":[11801],"attr":"eco","postal_code":"780-0946","address":"高知市上本宮町月の輪","voronoi":{"type":"Feature","geometry":{"type":"Polygon","coordinates":[[[133.480262,33.578124],[133.474048,33.599747],[133.460351,33.661095],[133.458805,33.669719],[133.445571,33.755736],[133.447661,33.756097],[133.502078,33.584335],[133.502875,33.561642],[133.501928,33.559908],[133.496229,33.555411],[133.494351,33.55559],[133.49125,33.557424],[133.488801,33.559616],[133.484747,33.566667],[133.480262,33.578124]]]},"properties":{}}},
    {"code":1180139,"id":3801,"name":"朝倉(JR)","original_name":"朝倉","name_kana":"あさくら","closed":false,"lat":33.551545,"lng":133.485487,"prefecture":39,"numbering":["K05"],"lines":[11801],"attr":"heat","postal_code":"780-8063","address":"高知県高知市朝倉丙133-2","voronoi":{"type":"Feature","geometry":{"type":"Polygon","coordinates":[[[133.483067,33.549886],[133.484747,33.566667],[133.488801,33.559616],[133.48858,33.556499],[133.487152,33.551926],[133.483067,33.549886]]]},"properties":{}}},
    {"code":1180140,"id":3802,"name":"枝川","original_name":"枝川","name_kana":"えだがわ","closed":false,"lat":33.550726,"lng":133.448193,"prefecture":39,"numbering":["K06"],"lines":[11801,99818],"attr":"heat","postal_code":"781-2120","address":"吾川郡いの町枝川字スミ澤","voronoi":{"type":"Feature","geometry":{"type":"Polygon","coordinates":[[[133.449426,33.523053],[133.441549,33.591756],[133.456031,33.526441],[133.458162,33.513895],[133.467376,33.413982],[133.467394,33.407175],[133.449426,33.523053]]]},"properties":{}}},
    {"code":1180141,"id":3803,"name":"伊野(JR)","original_name":"伊野","name_kana":"いの","closed":false,"lat":33.547507,"lng":133.430128,"prefecture":39,"numbering":["K07"],"lines":[11801],"attr":"heat","postal_code":"781-2100","address":"高知県吾川郡いの町1419-3","voronoi":{"type":"Feature","geometry":{"type":"Polygon","coordinates":[[[133.4669,33.377042],[133.437336,33.532363],[133.431586,33.548527],[133.429155,33.547732],[133.423936,33.538166],[133.46124,33.382047],[133.4669,33.377042]]]},"properties":{}}},
    {"code":1180142,"id":3804,"name":"波川","original_name":"波川","name_kana":"はかわ","closed":false,"lat":33.543699,"lng":133.414191,"prefecture":39,"numbering":["K08"],"lines":[11801],"attr":"heat","postal_code":"781-2128","address":"吾川郡いの町波川","voronoi":{"type":"Feature","geometry":{"type":"Polygon","coordinates":[[[133.452447,33.389089],[133.46124,33.382047],[133.423936,33.538166],[133.382377,33.66339],[133.425971,33.41288],[133.452447,33.389089]]]},"properties":{}}},
    {"code":1180161,"id":3823,"name":"小村神社前","original_name":"小村神社前","name_kana":"おむらじんじゃまえ","closed":false,"lat":33.539988,"lng":133.392866,"prefecture":39,"numbering":["K08-1"],"lines":[11801],"attr":"heat","postal_code":"781-2151","address":"高岡郡日高村下分字椋ノ島","voronoi":{"type":"Feature","geometry":{"type":"Polygon","coordinates":[[[133.424192,33.414231],[133.41795,33.419765],[133.33198,33.70069],[133.324056,33.733463],[133.36246,33.74734],[133.382377,33.66339],[133.425971,33.41288],[133.424192,33.414231]]]},"properties":{}}},
    {"code":1180143,"id":3805,"name":"日下","original_name":"日下","name_kana":"くさか","closed":false,"lat":33.533436,"lng":133.371456,"prefecture":39,"numbering":["K09"],"lines":[11801],"attr":"heat","postal_code":"781-2153","address":"高岡郡日高村本郷字米神の前","voronoi":{"type":"Feature","geometry":{"type":"Polygon","coordinates":[[[133.375343,33.451098],[133.33198,33.70069],[133.41795,33.419765],[133.375343,33.451098]]]},"properties":{}}},
    {"code":1180144,"id":3806,"name":"岡花","original_name":"岡花","name_kana":"おかばな","closed":false,"lat":33.529922,"lng":133.35123,"prefecture":39,"numbering":["K10"],"lines":[11801],"attr":"heat","postal_code":"781-2153","address":"高岡郡日高村本郷","voronoi":{"type":"Feature","geometry":{"type":"Polygon","coordinates":[[[133.33198,33.70069],[133.324056,33.733463],[133.293965,33.726027],[133.344903,33.485814],[133.371392,33.453304],[133.375343,33.451098],[133.33198,33.70069]]]},"properties":{}}},
    {"code":1180145,"id":3807,"name":"土佐加茂","original_name":"土佐加茂","name_kana":"とさかも","closed":false,"lat":33.523558,"lng":133.321219,"prefecture":39,"numbering":["K11"],"lines":[11801],"attr":"heat","postal_code":"789-1204","address":"高岡郡佐川町加茂字保木屋敷","voronoi":{"type":"Feature","geometry":{"type":"Polygon","coordinates":[[[133.305225,33.514012],[133.242752,33.711156],[133.2658,33.721276],[133.293965,33.726027],[133.344903,33.485814],[133.31266,33.504952],[133.305225,33.514012]]]},"properties":{}}},
    {"code":1180146,"id":3808,"name":"西佐川","original_name":"西佐川","name_kana":"にしさかわ","closed":false,"lat":33.512604,"lng":133.286652,"prefecture":39,"numbering":["K12"],"lines":[11801],"attr":"heat","postal_code":"789-1200","address":"高岡郡佐川町字垣添","voronoi":{"type":"Feature","geometry":{"type":"Polygon","coordinates":[[[133.057618,33.619403],[133.081057,33.651837],[133.110199,33.664701],[133.137327,33.675698],[133.242752,33.711156],[133.305225,33.514012],[133.264783,33.494178],[133.027619,33.495806],[132.995487,33.506334],[132.984418,33.511623],[133.05277,33.612469],[133.057618,33.619403]]]},"properties":{}}},
    {"code":1180147,"id":3809,"name":"佐川","original_name":"佐川","name_kana":"さかわ","closed":false,"lat":33.500189,"lng":133.292741,"prefecture":39,"numbering":["K13"],"lines":[11801],"attr":"heat","postal_code":"789-1200","address":"高岡郡佐川町大字寺中","voronoi":{"type":"Feature","geometry":{"type":"Polygon","coordinates":[[[133.305225,33.514012],[133.264783,33.494178],[133.287478,33.488357],[133.31266,33.504952],[133.305225,33.514012]]]},"properties":{}}},
    {"code":1180148,"id":3810,"name":"襟野々","original_name":"襟野々","name_kana":"えりのの","closed":false,"lat":33.488527,"lng":133.300426,"prefecture":39,"numbering":["K14"],"lines":[11801],"attr":"heat","postal_code":"789-1231","address":"高岡郡佐川町大字永野","voronoi":{"type":"Feature","geometry":{"type":"Polygon","coordinates":[[[133.344903,33.485814],[133.371392,33.453304],[133.315846,33.457917],[133.287478,33.488357],[133.31266,33.504952],[133.344903,33.485814]]]},"properties":{}}},
    {"code":1180149,"id":3811,"name":"斗賀野","original_name":"斗賀野","name_kana":"とがの","closed":false,"lat":33.475453,"lng":133.286397,"prefecture":39,"numbering":["K15"],"lines":[11801],"attr":"heat","postal_code":"789-1232","address":"高岡郡佐川町大字東組","voronoi":{"type":"Feature","geometry":{"type":"Polygon","coordinates":[[[133.287478,33.488357],[133.264783,33.494178],[133.027619,33.495806],[133.108184,33.462852],[133.200145,33.439555],[133.228121,33.440072],[133.315846,33.457917],[133.287478,33.488357]]]},"properties":{}}},
    {"code":1180150,"id":3812,"name":"吾桑","original_name":"吾桑","name_kana":"あそう","closed":false,"lat":33.43027,"lng":133.295588,"prefecture":39,"numbering":["K16"],"lines":[11801],"attr":"heat","postal_code":"785-0047","address":"須崎市吾井郷甲","voronoi":{"type":"Feature","geometry":{"type":"Polygon","coordinates":[[[133.375343,33.451098],[133.371392,33.453304],[133.315846,33.457917],[133.228121,33.440072],[133.284531,33.420973],[133.424192,33.414231],[133.41795,33.419765],[133.375343,33.451098]]]},"properties":{}}},
    {"code":1180151,"id":3813,"name":"多ノ郷","original_name":"多ノ郷","name_kana":"おおのごう","closed":false,"lat":33.410655,"lng":133.294641,"prefecture":39,"numbering":["K17"],"lines":[11801],"attr":"heat","postal_code":"785-0042","address":"須崎市妙見町","voronoi":{"type":"Feature","geometry":{"type":"Polygon","coordinates":[[[133.284531,33.420973],[133.424192,33.414231],[133.425971,33.41288],[133.452447,33.389089],[133.295059,33.401562],[133.284531,33.420973]]]},"properties":{}}},
    {"code":1180152,"id":3814,"name":"大間","original_name":"大間","name_kana":"おおま","closed":false,"lat":33.406872,"lng":133.287666,"prefecture":39,"numbering":["K18"],"lines":[11801],"attr":"heat","postal_code":"785-0035","address":"須崎市大間東町１丁目","voronoi":{"type":"Feature","geometry":{"type":"Polygon","coordinates":[[[133.284531,33.420973],[133.228121,33.440072],[133.200145,33.439555],[133.216825,33.427545],[133.28265,33.396722],[133.295059,33.401562],[133.284531,33.420973]]]},"properties":{}}},
    {"code":1180153,"id":3815,"name":"須崎","original_name":"須崎","name_kana":"すさき","closed":false,"lat":33.392649,"lng":133.293214,"prefecture":39,"numbering":["K19"],"lines":[11801],"attr":"heat","postal_code":"785-0001","address":"須崎市原町１丁目","voronoi":{"type":"Feature","geometry":{"type":"Polygon","coordinates":[[[133.47521,33.367392],[133.468524,33.375534],[133.4669,33.377042],[133.46124,33.382047],[133.452447,33.389089],[133.295059,33.401562],[133.28265,33.396722],[133.306502,33.339182],[133.401938,33.211906],[133.606984,32.997027],[133.665896,32.96351],[133.665887,32.963615],[133.631342,33.100721],[133.489518,33.349727],[133.47521,33.367392]]]},"properties":{}}},
    {"code":1180154,"id":3816,"name":"土佐新荘","original_name":"土佐新荘","name_kana":"とさしんじょう","closed":false,"lat":33.386369,"lng":133.278065,"prefecture":39,"numbering":["K20"],"lines":[11801],"attr":"heat","postal_code":"785-0009","address":"須崎市西町２丁目","voronoi":{"type":"Feature","geometry":{"type":"Polygon","coordinates":[[[133.216825,33.427545],[133.306502,33.339182],[133.28265,33.396722],[133.216825,33.427545]]]},"properties":{}}},
    {"code":1180155,"id":3817,"name":"安和","original_name":"安和","name_kana":"あわ","closed":false,"lat":33.36692,"lng":133.258901,"prefecture":39,"numbering":["K21"],"lines":[11801],"attr":"heat","postal_code":"785-0024","address":"須崎市安和","voronoi":{"type":"Feature","geometry":{"type":"Polygon","coordinates":[[[133.108184,33.462852],[133.200145,33.439555],[133.216825,33.427545],[133.306502,33.339182],[133.401938,33.211906],[133.108184,33.462852]]]},"properties":{}}},
    {"code":1180156,"id":3818,"name":"土佐久礼","original_name":"土佐久礼","name_kana":"とさくれ","closed":false,"lat":33.328972,"lng":133.226483,"prefecture":39,"numbering":["K22"],"lines":[11801],"attr":"heat","postal_code":"789-1301","address":"高岡郡中土佐町大字久礼","voronoi":{"type":"Feature","geometry":{"type":"Polygon","coordinates":[[[133.353041,33.163133],[133.260536,33.242053],[132.995487,33.506334],[133.027619,33.495806],[133.108184,33.462852],[133.401938,33.211906],[133.606984,32.997027],[133.50988,33.041067],[133.353041,33.163133]]]},"properties":{}}},
    {"code":1180157,"id":3819,"name":"影野","original_name":"影野","name_kana":"かげの","closed":false,"lat":33.275854,"lng":133.173519,"prefecture":39,"numbering":["K23"],"lines":[11801],"attr":"heat","postal_code":"786-0032","address":"高岡郡四万十町影野宮の前甲","voronoi":{"type":"Feature","geometry":{"type":"Polygon","coordinates":[[[133.044054,33.309847],[133.00239,33.411597],[132.982408,33.510456],[132.984418,33.511623],[132.995487,33.506334],[133.260536,33.242053],[133.069499,33.299659],[133.044054,33.309847]]]},"properties":{}}},
    {"code":1180158,"id":3820,"name":"六反地","original_name":"六反地","name_kana":"ろくたんじ","closed":false,"lat":33.261992,"lng":133.169339,"prefecture":39,"numbering":["K24"],"lines":[11801],"attr":"heat","postal_code":"786-0035","address":"高岡郡四万十町六反地","voronoi":{"type":"Feature","geometry":{"type":"Polygon","coordinates":[[[133.353041,33.163133],[133.069499,33.299659],[133.260536,33.242053],[133.353041,33.163133]]]},"properties":{}}},
    {"code":1180159,"id":3821,"name":"仁井田(高知)","original_name":"仁井田","name_kana":"にいだ","closed":false,"lat":33.245097,"lng":133.161204,"prefecture":39,"numbering":["K25"],"lines":[11801],"attr":"heat","postal_code":"786-0021","address":"高岡郡四万十町仁井田","voronoi":{"type":"Feature","geometry":{"type":"Polygon","coordinates":[[[133.044054,33.309847],[133.045209,33.305582],[133.279937,33.132516],[133.503768,33.042917],[133.50988,33.041067],[133.353041,33.163133],[133.069499,33.299659],[133.044054,33.309847]]]},"properties":{}}},
    {"code":1180160,"id":3822,"name":"窪川","original_name":"窪川","name_kana":"くぼかわ","closed":false,"lat":33.212656,"lng":133.137285,"prefecture":39,"numbering":["K26"],"lines":[11801,11808,99814],"attr":"heat","postal_code":"786-0013","address":"高岡郡四万十町琴平町","voronoi":{"type":"Feature","geometry":{"type":"Polygon","coordinates":[[[133.279937,33.132516],[133.045209,33.305582],[133.045252,33.3052],[133.049984,33.29169],[133.147492,33.167364],[133.279937,33.132516]]]},"properties":{}}}
  ]
}