{
  "code":11803,
  "id":182,
  "name":"JR徳島線(よしの川ブルーライン)",
  "name_kana":"じぇいあーるとくしません",
  "name_formal":"JR徳島線",
  "station_size":26,
  "company_code":5,
  "closed":false,
  "color":"#4A92B7",
  "symbol":"B",
  "station_list":[
    {"code":1180229,"id":3852,"name":"徳島","original_name":"徳島","name_kana":"とくしま","closed":false,"lat":34.074572,"lng":134.551391,"prefecture":36,"numbering":["T00"],"lines":[11802,11803,11804],"attr":"cool","postal_code":"770-0831","address":"徳島市寺島本町西２丁目","voronoi":{"type":"Feature","geometry":{"type":"Polygon","coordinates":[[[134.606894,34.108429],[134.626153,34.098767],[134.544783,34.065766],[134.539904,34.066896],[134.557574,34.104297],[134.582595,34.116001],[134.595912,34.112313],[134.606894,34.108429]]]},"properties":{}}},
    {"code":1180228,"id":3851,"name":"佐古","original_name":"佐古","name_kana":"さこ","closed":false,"lat":34.080644,"lng":134.538539,"prefecture":36,"numbering":["B01"],"lines":[11802,11803],"attr":"cool","postal_code":"770-0022","address":"徳島市佐古二番町","voronoi":{"type":"Feature","geometry":{"type":"Polygon","coordinates":[[[134.557574,34.104297],[134.52714,34.098088],[134.529342,34.063481],[134.539904,34.066896],[134.557574,34.104297]]]},"properties":{}}},
    {"code":1180303,"id":3853,"name":"蔵本","original_name":"蔵本","name_kana":"くらもと","closed":false,"lat":34.07934,"lng":134.518044,"prefecture":36,"numbering":["B02"],"lines":[11803],"attr":"cool","postal_code":"770-0042","address":"徳島市蔵本町２丁目","voronoi":{"type":"Feature","geometry":{"type":"Polygon","coordinates":[[[134.507697,34.104402],[134.516483,34.051583],[134.523635,34.05674],[134.529342,34.063481],[134.52714,34.098088],[134.507697,34.104402]]]},"properties":{}}},
    {"code":1180304,"id":3854,"name":"鮎喰","original_name":"鮎喰","name_kana":"あくい","closed":false,"lat":34.07734,"lng":134.50602,"prefecture":36,"numbering":["B03"],"lines":[11803],"attr":"cool","postal_code":"770-0053","address":"徳島市南島田町４丁目","voronoi":{"type":"Feature","geometry":{"type":"Polygon","coordinates":[[[134.507697,34.104402],[134.493804,34.112744],[134.489785,34.111493],[134.500053,34.03304],[134.516483,34.051583],[134.507697,34.104402]]]},"properties":{}}},
    {"code":1180305,"id":3855,"name":"府中(徳島)","original_name":"府中","name_kana":"こう","closed":false,"lat":34.074312,"lng":134.482886,"prefecture":36,"numbering":["B04"],"lines":[11803],"attr":"cool","postal_code":"779-3122","address":"徳島市国府町府中","voronoi":{"type":"Feature","geometry":{"type":"Polygon","coordinates":[[[134.460294,34.104343],[134.461409,34.104857],[134.487362,34.111522],[134.489785,34.111493],[134.500053,34.03304],[134.495756,34.02439],[134.471894,33.992294],[134.460294,34.104343]]]},"properties":{}}},
    {"code":1180306,"id":3856,"name":"石井(徳島)","original_name":"石井","name_kana":"いしい","closed":false,"lat":34.070321,"lng":134.444334,"prefecture":36,"numbering":["B05"],"lines":[11803],"attr":"cool","postal_code":"779-3233","address":"名西郡石井町石井","voronoi":{"type":"Feature","geometry":{"type":"Polygon","coordinates":[[[134.447817,33.935809],[134.429114,34.100289],[134.429877,34.100658],[134.454437,34.10499],[134.460294,34.104343],[134.471894,33.992294],[134.447817,33.935809]]]},"properties":{}}},
    {"code":1180307,"id":3857,"name":"下浦","original_name":"下浦","name_kana":"しもうら","closed":false,"lat":34.067669,"lng":134.421011,"prefecture":36,"numbering":["B06"],"lines":[11803],"attr":"cool","postal_code":"779-3200","address":"名西郡石井町浦庄","voronoi":{"type":"Feature","geometry":{"type":"Polygon","coordinates":[[[134.434681,33.895578],[134.422902,33.886017],[134.422164,33.885757],[134.389212,33.87975],[134.381647,33.879469],[134.377765,33.946368],[134.390787,34.024136],[134.418357,34.096627],[134.427134,34.100101],[134.429114,34.100289],[134.447817,33.935809],[134.434681,33.895578]]]},"properties":{}}},
    {"code":1180308,"id":3858,"name":"牛島","original_name":"牛島","name_kana":"うしのしま","closed":false,"lat":34.076751,"lng":134.397131,"prefecture":36,"numbering":["B07"],"lines":[11803],"attr":"cool","postal_code":"776-0001","address":"吉野川市鴨島町牛島","voronoi":{"type":"Feature","geometry":{"type":"Polygon","coordinates":[[[134.384953,34.099234],[134.418357,34.096627],[134.390787,34.024136],[134.384953,34.099234]]]},"properties":{}}},
    {"code":1180309,"id":3859,"name":"麻植塚","original_name":"麻植塚","name_kana":"おえづか","closed":false,"lat":34.07514,"lng":134.376394,"prefecture":36,"numbering":["B08"],"lines":[11803],"attr":"cool","postal_code":"776-0002","address":"吉野川市鴨島町麻植塚","voronoi":{"type":"Feature","geometry":{"type":"Polygon","coordinates":[[[134.363751,34.110728],[134.373785,33.963028],[134.377765,33.946368],[134.390787,34.024136],[134.384953,34.099234],[134.363751,34.110728]]]},"properties":{}}},
    {"code":1180310,"id":3860,"name":"鴨島","original_name":"鴨島","name_kana":"かもじま","closed":false,"lat":34.073757,"lng":134.356037,"prefecture":36,"numbering":["B09"],"lines":[11803],"attr":"cool","postal_code":"776-0010","address":"吉野川市鴨島町鴨島","voronoi":{"type":"Feature","geometry":{"type":"Polygon","coordinates":[[[134.373785,33.963028],[134.363751,34.110728],[134.342249,34.13159],[134.348458,34.038044],[134.373785,33.963028]]]},"properties":{}}},
    {"code":1180311,"id":3861,"name":"西麻植","original_name":"西麻植","name_kana":"にしおえ","closed":false,"lat":34.072442,"lng":134.336225,"prefecture":36,"numbering":["B10"],"lines":[11803],"attr":"cool","postal_code":"776-0020","address":"吉野川市鴨島町西麻植","voronoi":{"type":"Feature","geometry":{"type":"Polygon","coordinates":[[[134.297313,34.112641],[134.284279,34.156881],[134.309691,34.161732],[134.32007,34.161834],[134.342249,34.13159],[134.348458,34.038044],[134.297313,34.112641]]]},"properties":{}}},
    {"code":1180312,"id":3862,"name":"阿波川島","original_name":"阿波川島","name_kana":"あわかわしま","closed":false,"lat":34.061854,"lng":134.320782,"prefecture":36,"numbering":["B11"],"lines":[11803],"attr":"cool","postal_code":"779-3301","address":"吉野川市川島町川島","voronoi":{"type":"Feature","geometry":{"type":"Polygon","coordinates":[[[134.377765,33.946368],[134.373785,33.963028],[134.348458,34.038044],[134.297313,34.112641],[134.327063,33.862507],[134.381647,33.879469],[134.377765,33.946368]]]},"properties":{}}},
    {"code":1180313,"id":3863,"name":"学","original_name":"学","name_kana":"がく","closed":false,"lat":34.057766,"lng":134.286411,"prefecture":36,"numbering":["B12"],"lines":[11803],"attr":"cool","postal_code":"779-3306","address":"吉野川市川島町学","voronoi":{"type":"Feature","geometry":{"type":"Polygon","coordinates":[[[134.271169,33.83965],[134.264489,33.973412],[134.279512,34.157246],[134.284279,34.156881],[134.297313,34.112641],[134.327063,33.862507],[134.271169,33.83965]]]},"properties":{}}},
    {"code":1180314,"id":3864,"name":"山瀬","original_name":"山瀬","name_kana":"やませ","closed":false,"lat":34.060206,"lng":134.256553,"prefecture":36,"numbering":["B13"],"lines":[11803],"attr":"cool","postal_code":"779-3402","address":"吉野川市山川町西久保","voronoi":{"type":"Feature","geometry":{"type":"Polygon","coordinates":[[[134.231753,34.118022],[134.264489,33.973412],[134.279512,34.157246],[134.232815,34.16804],[134.231753,34.118022]]]},"properties":{}}},
    {"code":1180315,"id":3865,"name":"阿波山川","original_name":"阿波山川","name_kana":"あわやまかわ","closed":false,"lat":34.055162,"lng":134.234271,"prefecture":36,"numbering":["B14"],"lines":[11803],"attr":"heat","postal_code":"779-3404","address":"吉野川市山川町湯立","voronoi":{"type":"Feature","geometry":{"type":"Polygon","coordinates":[[[134.197191,33.950805],[134.195237,33.811521],[134.233992,33.822773],[134.254378,33.830306],[134.271169,33.83965],[134.264489,33.973412],[134.231753,34.118022],[134.197191,33.950805]]]},"properties":{}}},
    {"code":1180316,"id":3866,"name":"川田","original_name":"川田","name_kana":"かわた","closed":false,"lat":34.061311,"lng":134.204521,"prefecture":36,"numbering":["B15"],"lines":[11803],"attr":"heat","postal_code":"779-3404","address":"吉野川市山川町川田","voronoi":{"type":"Feature","geometry":{"type":"Polygon","coordinates":[[[134.231753,34.118022],[134.197191,33.950805],[134.171053,34.161274],[134.227084,34.170916],[134.232815,34.16804],[134.231753,34.118022]]]},"properties":{}}},
    {"code":1180317,"id":3867,"name":"穴吹","original_name":"穴吹","name_kana":"あなぶき","closed":false,"lat":34.056161,"lng":134.163053,"prefecture":36,"numbering":["B16"],"lines":[11803],"attr":"heat","postal_code":"777-0005","address":"美馬市穴吹町穴吹","voronoi":{"type":"Feature","geometry":{"type":"Polygon","coordinates":[[[134.159373,34.161408],[134.152586,34.161185],[134.123947,34.159472],[134.161887,33.796331],[134.195237,33.811521],[134.197191,33.950805],[134.171053,34.161274],[134.165368,34.16144],[134.159373,34.161408]]]},"properties":{}}},
    {"code":1180318,"id":3868,"name":"小島","original_name":"小島","name_kana":"おしま","closed":false,"lat":34.050309,"lng":134.10704,"prefecture":36,"numbering":["B17"],"lines":[11803],"attr":"heat","postal_code":"777-0001","address":"美馬市穴吹町三島","voronoi":{"type":"Feature","geometry":{"type":"Polygon","coordinates":[[[134.104352,34.162845],[134.095708,34.163792],[134.071431,34.165823],[134.063916,34.163744],[134.056506,34.16137],[134.056656,34.160215],[134.142687,33.784926],[134.161887,33.796331],[134.123947,34.159472],[134.112988,34.161671],[134.104352,34.162845]]]},"properties":{}}},
    {"code":1180319,"id":3869,"name":"貞光","original_name":"貞光","name_kana":"さだみつ","closed":false,"lat":34.039337,"lng":134.059177,"prefecture":36,"numbering":["B18"],"lines":[11803],"attr":"heat","postal_code":"779-4101","address":"美馬郡つるぎ町貞光","voronoi":{"type":"Feature","geometry":{"type":"Polygon","coordinates":[[[134.138753,33.782071],[134.142687,33.784926],[134.056656,34.160215],[134.029585,33.798522],[134.07061,33.747225],[134.138753,33.782071]]]},"properties":{}}},
    {"code":1180320,"id":3870,"name":"阿波半田","original_name":"阿波半田","name_kana":"あわはんだ","closed":false,"lat":34.041059,"lng":134.03617,"prefecture":36,"numbering":["B19"],"lines":[11803],"attr":"heat","postal_code":"779-4401","address":"美馬郡つるぎ町半田中藪","voronoi":{"type":"Feature","geometry":{"type":"Polygon","coordinates":[[[133.998188,34.14835],[133.998107,34.148316],[134.019409,33.810073],[134.029585,33.798522],[134.056656,34.160215],[134.056506,34.16137],[134.04547,34.161228],[134.016533,34.153788],[133.998188,34.14835]]]},"properties":{}}},
    {"code":1180321,"id":3871,"name":"江口","original_name":"江口","name_kana":"えぐち","closed":false,"lat":34.037131,"lng":133.973801,"prefecture":36,"numbering":["B20"],"lines":[11803],"attr":"heat","postal_code":"779-4703","address":"三好郡東みよし町中庄","voronoi":{"type":"Feature","geometry":{"type":"Polygon","coordinates":[[[133.955367,34.141901],[133.956672,34.14326],[133.998107,34.148316],[134.019409,33.810073],[133.972306,33.850831],[133.955367,34.141901]]]},"properties":{}}},
    {"code":1180322,"id":3872,"name":"三加茂","original_name":"三加茂","name_kana":"みかも","closed":false,"lat":34.0357,"lng":133.949211,"prefecture":36,"numbering":["B21"],"lines":[11803],"attr":"heat","postal_code":"779-4703","address":"三好郡東みよし町中庄","voronoi":{"type":"Feature","geometry":{"type":"Polygon","coordinates":[[[133.931112,33.881962],[133.942442,34.131243],[133.955367,34.141901],[133.972306,33.850831],[133.931112,33.881962]]]},"properties":{}}},
    {"code":1180323,"id":3873,"name":"阿波加茂","original_name":"阿波加茂","name_kana":"あわかも","closed":false,"lat":34.036708,"lng":133.927033,"prefecture":36,"numbering":["B22"],"lines":[11803],"attr":"eco","postal_code":"779-4701","address":"三好郡東みよし町加茂","voronoi":{"type":"Feature","geometry":{"type":"Polygon","coordinates":[[[133.921053,33.888486],[133.891141,34.098113],[133.942442,34.131243],[133.931112,33.881962],[133.921053,33.888486]]]},"properties":{}}},
    {"code":1180324,"id":3874,"name":"辻","original_name":"辻","name_kana":"つじ","closed":false,"lat":34.02912,"lng":133.873856,"prefecture":36,"numbering":["B23"],"lines":[11803],"attr":"eco","postal_code":"779-4801","address":"三好市井川町辻","voronoi":{"type":"Feature","geometry":{"type":"Polygon","coordinates":[[[133.921053,33.888486],[133.891141,34.098113],[133.888988,34.097708],[133.87126,34.057558],[133.851398,33.960739],[133.882111,33.909885],[133.900633,33.896959],[133.921053,33.888486]]]},"properties":{}}},
    {"code":1180110,"id":3772,"name":"佃","original_name":"佃","name_kana":"つくだ","closed":false,"lat":34.032439,"lng":133.857677,"prefecture":36,"numbering":["B24"],"lines":[11801,11803],"attr":"cool","postal_code":"779-4806","address":"三好市井川町西井川","voronoi":{"type":"Feature","geometry":{"type":"Polygon","coordinates":[[[133.837391,33.978851],[133.836129,33.982317],[133.832929,34.012888],[133.87126,34.057558],[133.851398,33.960739],[133.837391,33.978851]]]},"properties":{}}},
    {"code":1180111,"id":3773,"name":"阿波池田","original_name":"阿波池田","name_kana":"あわいけだ","closed":false,"lat":34.026891,"lng":133.804669,"prefecture":36,"numbering":["B25"],"lines":[11801,11803],"attr":"cool","postal_code":"778-0003","address":"三好市池田町サラダ","voronoi":{"type":"Feature","geometry":{"type":"Polygon","coordinates":[[[133.832929,34.012888],[133.836129,33.982317],[133.731312,34.072654],[133.738845,34.080091],[133.761828,34.077524],[133.827337,34.031139],[133.832929,34.012888]]]},"properties":{}}}
  ]
}