{
  "code":11806,
  "id":"96e4ef",
  "name":"JR予讃線",
  "name_kana":"じぇいあーるよさんせん",
  "station_size":57,
  "company_code":5,
  "closed":false,
  "color":"#FF9900",
  "symbol":"Y",
  "station_list":[
    {"code":1180201,"id":"a3a37a","name":"高松(香川)","original_name":"高松","name_kana":"たかまつ","closed":false,"lat":34.350754,"lng":134.046821,"prefecture":37,"numbering":["Y00"],"lines":[11802,11806],"attr":"cool","postal_code":"760-0011","address":"高松市浜ノ町","voronoi":{"type":"Feature","geometry":{"type":"Polygon","coordinates":[[[134.044574,34.342349],[134.041324,34.343381],[134.012867,34.404171],[134.006825,34.427129],[134.046795,34.452925],[134.048247,34.344607],[134.047814,34.3439],[134.044574,34.342349]]]},"properties":{}}},
    {"code":1180602,"id":"60946c","name":"香西","original_name":"香西","name_kana":"こうざい","closed":false,"lat":34.34096,"lng":134.009609,"prefecture":37,"numbering":["Y01"],"lines":[11806],"attr":"heat","postal_code":"760-0093","address":"高松市鶴市町","voronoi":{"type":"Feature","geometry":{"type":"Polygon","coordinates":[[[134.012867,34.404171],[134.006825,34.427129],[133.934972,34.401059],[134.019966,34.314673],[134.021001,34.315944],[134.023053,34.325627],[134.012867,34.404171]]]},"properties":{}}},
    {"code":1180603,"id":"c460c0","name":"鬼無","original_name":"鬼無","name_kana":"きなし","closed":false,"lat":34.325455,"lng":133.99385,"prefecture":37,"numbering":["Y02"],"lines":[11806],"attr":"heat","postal_code":"761-8023","address":"高松市鬼無町佐藤","voronoi":{"type":"Feature","geometry":{"type":"Polygon","coordinates":[[[134.019966,34.314673],[133.934972,34.401059],[133.931909,34.400333],[133.936508,34.378435],[133.945088,34.360494],[133.991968,34.301351],[134.01896,34.311518],[134.019077,34.311598],[134.019966,34.314673]]]},"properties":{}}},
    {"code":1180604,"id":"180f29","name":"端岡","original_name":"端岡","name_kana":"はしおか","closed":false,"lat":34.305021,"lng":133.968071,"prefecture":37,"numbering":["Y03"],"lines":[11806],"attr":"heat","postal_code":"769-0101","address":"高松市国分寺町新居","voronoi":{"type":"Feature","geometry":{"type":"Polygon","coordinates":[[[133.991968,34.301351],[133.945088,34.360494],[133.958593,34.281162],[133.967262,34.281821],[133.970528,34.282678],[133.987958,34.293305],[133.991968,34.301351]]]},"properties":{}}},
    {"code":1180605,"id":"498c6a","name":"国分(香川)","original_name":"国分","name_kana":"こくぶ","closed":false,"lat":34.300541,"lng":133.941754,"prefecture":37,"numbering":["Y04"],"lines":[11806],"attr":"heat","postal_code":"769-0102","address":"高松市国分寺町国分","voronoi":{"type":"Feature","geometry":{"type":"Polygon","coordinates":[[[133.945088,34.360494],[133.936508,34.378435],[133.92489,34.311484],[133.943422,34.275306],[133.951846,34.276318],[133.958593,34.281162],[133.945088,34.360494]]]},"properties":{}}},
    {"code":1180606,"id":"0d9d0d","name":"讃岐府中","original_name":"讃岐府中","name_kana":"さぬきふちゅう","closed":false,"lat":34.291404,"lng":133.923917,"prefecture":37,"numbering":["Y05"],"lines":[11806],"attr":"eco","postal_code":"762-0024","address":"坂出市府中町","voronoi":{"type":"Feature","geometry":{"type":"Polygon","coordinates":[[[133.923912,34.269748],[133.938514,34.27245],[133.943422,34.275306],[133.92489,34.311484],[133.894121,34.274478],[133.90311,34.270525],[133.923912,34.269748]]]},"properties":{}}},
    {"code":1180607,"id":"3d228e","name":"鴨川","original_name":"鴨川","name_kana":"かもがわ","closed":false,"lat":34.306863,"lng":133.905324,"prefecture":37,"numbering":["Y06"],"lines":[11806],"attr":"eco","postal_code":"762-0024","address":"坂出市府中町西福寺","voronoi":{"type":"Feature","geometry":{"type":"Polygon","coordinates":[[[133.884974,34.274971],[133.92285,34.402663],[133.931909,34.400333],[133.936508,34.378435],[133.92489,34.311484],[133.894121,34.274478],[133.884974,34.274971]]]},"properties":{}}},
    {"code":1180608,"id":"521815","name":"八十場","original_name":"八十場","name_kana":"やそば","closed":false,"lat":34.312801,"lng":133.885305,"prefecture":37,"numbering":["Y07"],"lines":[11806],"attr":"eco","postal_code":"762-0021","address":"坂出市西庄町","voronoi":{"type":"Feature","geometry":{"type":"Polygon","coordinates":[[[133.901365,34.410727],[133.872147,34.392641],[133.870525,34.273564],[133.878344,34.273448],[133.884974,34.274971],[133.92285,34.402663],[133.901365,34.410727]]]},"properties":{}}},
    {"code":1180609,"id":"f3fba3","name":"坂出","original_name":"坂出","name_kana":"さかいで","closed":false,"lat":34.313189,"lng":133.856819,"prefecture":37,"numbering":["Y08"],"lines":[11806],"attr":"eco","postal_code":"762-0045","address":"坂出市元町１丁目","voronoi":{"type":"Feature","geometry":{"type":"Polygon","coordinates":[[[133.872147,34.392641],[133.824954,34.37394],[133.84222,34.266288],[133.850464,34.266653],[133.870525,34.273564],[133.872147,34.392641]]]},"properties":{}}},
    {"code":1171006,"id":"60d264","name":"宇多津","original_name":"宇多津","name_kana":"うたづ","closed":false,"lat":34.306271,"lng":133.813686,"prefecture":37,"numbering":["Y09"],"lines":[11710,11806],"attr":"cool","postal_code":"769-0203","address":"綾歌郡宇多津町浜三番丁","voronoi":{"type":"Feature","geometry":{"type":"Polygon","coordinates":[[[133.830402,34.259755],[133.758138,34.36473],[133.802095,34.372722],[133.824954,34.37394],[133.84222,34.266288],[133.830402,34.259755]]]},"properties":{}}},
    {"code":1180611,"id":"70395f","name":"丸亀","original_name":"丸亀","name_kana":"まるがめ","closed":false,"lat":34.291974,"lng":133.792917,"prefecture":37,"numbering":["Y10"],"lines":[11806],"attr":"eco","postal_code":"763-0022","address":"丸亀市浜町","voronoi":{"type":"Feature","geometry":{"type":"Polygon","coordinates":[[[133.794972,34.266622],[133.751294,34.364574],[133.758138,34.36473],[133.830402,34.259755],[133.829324,34.258724],[133.814981,34.259577],[133.794972,34.266622]]]},"properties":{}}},
    {"code":1180612,"id":"119835","name":"讃岐塩屋","original_name":"讃岐塩屋","name_kana":"さぬきしおや","closed":false,"lat":34.285093,"lng":133.777486,"prefecture":37,"numbering":["Y11"],"lines":[11806],"attr":"eco","postal_code":"763-0065","address":"丸亀市塩屋町","voronoi":{"type":"Feature","geometry":{"type":"Polygon","coordinates":[[[133.705802,34.368142],[133.775258,34.266622],[133.794972,34.266622],[133.751294,34.364574],[133.705802,34.368142]]]},"properties":{}}},
    {"code":1180101,"id":"fc4501","name":"多度津","original_name":"多度津","name_kana":"たどつ","closed":false,"lat":34.271238,"lng":133.757235,"prefecture":37,"numbering":["Y12"],"lines":[11801,11806],"attr":"cool","postal_code":"764-0011","address":"仲多度郡多度津町栄町３丁目","voronoi":{"type":"Feature","geometry":{"type":"Polygon","coordinates":[[[133.672244,34.374607],[133.753145,34.247225],[133.775258,34.266622],[133.705802,34.368142],[133.672244,34.374607]]]},"properties":{}}},
    {"code":1180614,"id":"957bbe","name":"海岸寺","original_name":"海岸寺","name_kana":"かいがんじ","closed":false,"lat":34.253732,"lng":133.729671,"prefecture":37,"numbering":["Y13"],"lines":[11806],"attr":"eco","postal_code":"764-0037","address":"仲多度郡多度津町大字西白方","voronoi":{"type":"Feature","geometry":{"type":"Polygon","coordinates":[[[133.636456,34.378171],[133.729089,34.226154],[133.749733,34.217992],[133.753145,34.247225],[133.672244,34.374607],[133.645,34.383413],[133.640823,34.381245],[133.636456,34.378171]]]},"properties":{}}},
    {"code":1180615,"id":"ef3b94","name":"津島ノ宮","original_name":"津島ノ宮","name_kana":"つしまのみや","closed":false,"lat":34.23828,"lng":133.704313,"prefecture":37,"lines":[11806],"attr":"eco","postal_code":"767-0031","address":"三豊市三野町大見","voronoi":{"type":"Feature","geometry":{"type":"Polygon","coordinates":[[[133.70954,34.222356],[133.55132,34.329687],[133.636456,34.378171],[133.729089,34.226154],[133.70954,34.222356]]]},"properties":{}}},
    {"code":1180616,"id":"051d81","name":"詫間","original_name":"詫間","name_kana":"たくま","closed":false,"lat":34.221326,"lng":133.692812,"prefecture":37,"numbering":["Y14"],"lines":[11806],"attr":"eco","postal_code":"769-1102","address":"三豊市詫間町松崎字浜","voronoi":{"type":"Feature","geometry":{"type":"Polygon","coordinates":[[[133.70954,34.222356],[133.55132,34.329687],[133.539592,34.323873],[133.493113,34.293043],[133.454012,34.257367],[133.609311,34.197818],[133.684925,34.194369],[133.70954,34.222356]]]},"properties":{}}},
    {"code":1180617,"id":"529f6e","name":"みの","original_name":"みの","name_kana":"みの","closed":false,"lat":34.205633,"lng":133.710655,"prefecture":37,"numbering":["Y15"],"lines":[11806],"attr":"cool","postal_code":"767-0032","address":"三豊市三野町下高瀬","voronoi":{"type":"Feature","geometry":{"type":"Polygon","coordinates":[[[133.749733,34.217992],[133.729089,34.226154],[133.70954,34.222356],[133.684925,34.194369],[133.685659,34.193985],[133.756587,34.196427],[133.750047,34.217499],[133.749733,34.217992]]]},"properties":{}}},
    {"code":1180618,"id":"6ce2c8","name":"高瀬(香川)","original_name":"高瀬","name_kana":"たかせ","closed":false,"lat":34.184083,"lng":133.711397,"prefecture":37,"numbering":["Y16"],"lines":[11806],"attr":"cool","postal_code":"767-0002","address":"三豊市高瀬町新名","voronoi":{"type":"Feature","geometry":{"type":"Polygon","coordinates":[[[133.721358,34.150446],[133.685659,34.193985],[133.756587,34.196427],[133.765732,34.180931],[133.766978,34.161228],[133.75939,34.145032],[133.750433,34.131132],[133.721358,34.150446]]]},"properties":{}}},
    {"code":1180619,"id":"c3e84d","name":"比地大","original_name":"比地大","name_kana":"ひじだい","closed":false,"lat":34.166805,"lng":133.690325,"prefecture":37,"numbering":["Y17"],"lines":[11806],"attr":"cool","postal_code":"769-1501","address":"三豊市豊中町比地大","voronoi":{"type":"Feature","geometry":{"type":"Polygon","coordinates":[[[133.685659,34.193985],[133.721358,34.150446],[133.650816,34.163828],[133.609311,34.197818],[133.684925,34.194369],[133.685659,34.193985]]]},"properties":{}}},
    {"code":1180620,"id":"e96415","name":"本山(香川)","original_name":"本山","name_kana":"もとやま","closed":false,"lat":34.146589,"lng":133.68649,"prefecture":37,"numbering":["Y18"],"lines":[11806],"attr":"cool","postal_code":"769-1507","address":"三豊市豊中町岡本","voronoi":{"type":"Feature","geometry":{"type":"Polygon","coordinates":[[[133.721358,34.150446],[133.650816,34.163828],[133.70456,34.088856],[133.730759,34.072254],[133.731312,34.072654],[133.738845,34.080091],[133.750433,34.131132],[133.721358,34.150446]]]},"properties":{}}},
    {"code":1180621,"id":"748d70","name":"観音寺(香川)","original_name":"観音寺","name_kana":"かんおんじ","closed":false,"lat":34.124508,"lng":133.655687,"prefecture":37,"numbering":["Y19"],"lines":[11806],"attr":"cool","postal_code":"768-0060","address":"観音寺市観音寺町","voronoi":{"type":"Feature","geometry":{"type":"Polygon","coordinates":[[[133.447387,34.253545],[133.416777,34.232863],[133.411305,34.228449],[133.43044,34.204275],[133.509513,34.146909],[133.550147,34.12766],[133.70456,34.088856],[133.650816,34.163828],[133.609311,34.197818],[133.454012,34.257367],[133.447387,34.253545]]]},"properties":{}}},
    {"code":1180622,"id":"01dabf","name":"豊浜","original_name":"豊浜","name_kana":"とよはま","closed":false,"lat":34.080544,"lng":133.644639,"prefecture":37,"numbering":["Y20"],"lines":[11806],"attr":"cool","postal_code":"769-1601","address":"観音寺市豊浜町姫浜","voronoi":{"type":"Feature","geometry":{"type":"Polygon","coordinates":[[[133.730759,34.072254],[133.70456,34.088856],[133.550147,34.12766],[133.693715,34.016524],[133.70981,34.03167],[133.730759,34.072254]]]},"properties":{}}},
    {"code":1180623,"id":"505b94","name":"箕浦","original_name":"箕浦","name_kana":"みのうら","closed":false,"lat":34.04799,"lng":133.619439,"prefecture":37,"numbering":["Y21"],"lines":[11806],"attr":"cool","postal_code":"769-1604","address":"観音寺市豊浜町箕浦","voronoi":{"type":"Feature","geometry":{"type":"Polygon","coordinates":[[[133.509513,34.146909],[133.550147,34.12766],[133.693715,34.016524],[133.65575,33.955669],[133.509513,34.146909]]]},"properties":{}}},
    {"code":1180624,"id":"bcd3bd","name":"川之江","original_name":"川之江","name_kana":"かわのえ","closed":false,"lat":34.014903,"lng":133.57617,"prefecture":38,"numbering":["Y22"],"lines":[11806],"attr":"eco","postal_code":"799-0101","address":"四国中央市川之江町","voronoi":{"type":"Feature","geometry":{"type":"Polygon","coordinates":[[[133.43044,34.204275],[133.474615,34.0944],[133.499135,34.054663],[133.641967,33.918265],[133.649086,33.932463],[133.65575,33.955669],[133.509513,34.146909],[133.43044,34.204275]]]},"properties":{}}},
    {"code":1180625,"id":"13a41b","name":"伊予三島","original_name":"伊予三島","name_kana":"いよみしま","closed":false,"lat":33.979541,"lng":133.542401,"prefecture":38,"numbering":["Y23"],"lines":[11806],"attr":"eco","postal_code":"799-0405","address":"四国中央市三島中央３丁目","voronoi":{"type":"Feature","geometry":{"type":"Polygon","coordinates":[[[133.618296,33.878624],[133.635001,33.891442],[133.641967,33.918265],[133.499135,34.054663],[133.556694,33.844207],[133.618296,33.878624]]]},"properties":{}}},
    {"code":1180626,"id":"988e40","name":"伊予寒川","original_name":"伊予寒川","name_kana":"いよさんがわ","closed":false,"lat":33.967978,"lng":133.500123,"prefecture":38,"numbering":["Y24"],"lines":[11806],"attr":"eco","postal_code":"799-0431","address":"四国中央市寒川町","voronoi":{"type":"Feature","geometry":{"type":"Polygon","coordinates":[[[133.499135,34.054663],[133.474615,34.0944],[133.48254,33.816444],[133.486072,33.788113],[133.556694,33.844207],[133.499135,34.054663]]]},"properties":{}}},
    {"code":1180627,"id":"c3d45b","name":"赤星","original_name":"赤星","name_kana":"あかぼし","closed":false,"lat":33.96673,"lng":133.456352,"prefecture":38,"numbering":["Y25"],"lines":[11806],"attr":"eco","postal_code":"799-0704","address":"四国中央市土居町津根","voronoi":{"type":"Feature","geometry":{"type":"Polygon","coordinates":[[[133.410833,34.228363],[133.411305,34.228449],[133.43044,34.204275],[133.474615,34.0944],[133.48254,33.816444],[133.395496,34.133376],[133.398138,34.224572],[133.410833,34.228363]]]},"properties":{}}},
    {"code":1180628,"id":"c5db8c","name":"伊予土居","original_name":"伊予土居","name_kana":"いよどい","closed":false,"lat":33.959024,"lng":133.428294,"prefecture":38,"numbering":["Y26"],"lines":[11806],"attr":"eco","postal_code":"799-0711","address":"四国中央市土居町土居","voronoi":{"type":"Feature","geometry":{"type":"Polygon","coordinates":[[[133.394954,34.128518],[133.395496,34.133376],[133.48254,33.816444],[133.486072,33.788113],[133.462081,33.759488],[133.447661,33.756097],[133.445571,33.755736],[133.439009,33.755299],[133.428902,33.754689],[133.394954,34.128518]]]},"properties":{}}},
    {"code":1180629,"id":"0eae28","name":"関川","original_name":"関川","name_kana":"せきがわ","closed":false,"lat":33.955791,"lng":133.392692,"prefecture":38,"numbering":["Y27"],"lines":[11806],"attr":"eco","postal_code":"799-0722","address":"四国中央市土居町北野","voronoi":{"type":"Feature","geometry":{"type":"Polygon","coordinates":[[[133.394954,34.128518],[133.347087,33.909029],[133.357221,33.779597],[133.363917,33.748016],[133.41271,33.752298],[133.41367,33.75242],[133.428902,33.754689],[133.394954,34.128518]]]},"properties":{}}},
    {"code":1180630,"id":"182a65","name":"多喜浜","original_name":"多喜浜","name_kana":"たきはま","closed":false,"lat":33.970533,"lng":133.325094,"prefecture":38,"numbering":["Y28"],"lines":[11806],"attr":"heat","postal_code":"792-0882","address":"新居浜市又野１丁目","voronoi":{"type":"Feature","geometry":{"type":"Polygon","coordinates":[[[133.38903,34.224215],[133.398138,34.224572],[133.395496,34.133376],[133.394954,34.128518],[133.347087,33.909029],[133.197501,34.11151],[133.206044,34.171285],[133.206968,34.171843],[133.362936,34.219324],[133.384415,34.223575],[133.38903,34.224215]]]},"properties":{}}},
    {"code":1180631,"id":"747913","name":"新居浜","original_name":"新居浜","name_kana":"にいはま","closed":false,"lat":33.948124,"lng":133.294761,"prefecture":38,"numbering":["Y29"],"lines":[11806],"attr":"heat","postal_code":"792-0812","address":"新居浜市坂井町","voronoi":{"type":"Feature","geometry":{"type":"Polygon","coordinates":[[[133.357221,33.779597],[133.192569,34.091473],[133.197501,34.11151],[133.347087,33.909029],[133.357221,33.779597]]]},"properties":{}}},
    {"code":1180632,"id":"1415aa","name":"中萩","original_name":"中萩","name_kana":"なかはぎ","closed":false,"lat":33.926232,"lng":133.253294,"prefecture":38,"numbering":["Y30"],"lines":[11806],"attr":"heat","postal_code":"792-0060","address":"新居浜市大生院","voronoi":{"type":"Feature","geometry":{"type":"Polygon","coordinates":[[[133.357221,33.779597],[133.192569,34.091473],[133.187416,34.078376],[133.255698,33.753079],[133.2658,33.721276],[133.293965,33.726027],[133.324056,33.733463],[133.36246,33.74734],[133.363917,33.748016],[133.357221,33.779597]]]},"properties":{}}},
    {"code":1180633,"id":"1e54cd","name":"伊予西条","original_name":"伊予西条","name_kana":"いよさいじょう","closed":false,"lat":33.912584,"lng":133.188275,"prefecture":38,"numbering":["Y31"],"lines":[11806],"attr":"heat","postal_code":"793-0030","address":"西条市大町福森","voronoi":{"type":"Feature","geometry":{"type":"Polygon","coordinates":[[[133.146148,33.953335],[133.143743,33.962037],[133.143743,33.96208],[133.151382,34.007919],[133.161917,34.039167],[133.187416,34.078376],[133.255698,33.753079],[133.146148,33.953335]]]},"properties":{}}},
    {"code":1180634,"id":"8e871a","name":"石鎚山","original_name":"石鎚山","name_kana":"いしづちやま","closed":false,"lat":33.895882,"lng":133.157744,"prefecture":38,"numbering":["Y32"],"lines":[11806],"attr":"heat","postal_code":"793-0062","address":"西条市西田甲","voronoi":{"type":"Feature","geometry":{"type":"Polygon","coordinates":[[[133.137327,33.675698],[133.242752,33.711156],[133.2658,33.721276],[133.255698,33.753079],[133.146148,33.953335],[133.137327,33.675698]]]},"properties":{}}},
    {"code":1180635,"id":"9abb0b","name":"伊予氷見","original_name":"伊予氷見","name_kana":"いよひみ","closed":false,"lat":33.896734,"lng":133.130929,"prefecture":38,"numbering":["Y33"],"lines":[11806],"attr":"heat","postal_code":"793-0000","address":"西条市氷見","voronoi":{"type":"Feature","geometry":{"type":"Polygon","coordinates":[[[133.143743,33.962037],[133.125501,33.925781],[133.110199,33.664701],[133.137327,33.675698],[133.146148,33.953335],[133.143743,33.962037]]]},"properties":{}}},
    {"code":1180636,"id":"8c1de9","name":"伊予小松","original_name":"伊予小松","name_kana":"いよこまつ","closed":false,"lat":33.897567,"lng":133.116717,"prefecture":38,"numbering":["Y34"],"lines":[11806],"attr":"heat","postal_code":"799-1101","address":"西条市小松町新屋敷","voronoi":{"type":"Feature","geometry":{"type":"Polygon","coordinates":[[[133.110199,33.664701],[133.125501,33.925781],[133.019871,33.802752],[133.081057,33.651837],[133.110199,33.664701]]]},"properties":{}}},
    {"code":1180637,"id":"ea9832","name":"玉之江","original_name":"玉之江","name_kana":"たまのえ","closed":false,"lat":33.912829,"lng":133.098941,"prefecture":38,"numbering":["Y35"],"lines":[11806],"attr":"heat","postal_code":"799-1363","address":"西条市玉之江","voronoi":{"type":"Feature","geometry":{"type":"Polygon","coordinates":[[[133.125501,33.925781],[133.143743,33.962037],[133.143743,33.96208],[132.997665,33.846282],[133.019871,33.802752],[133.125501,33.925781]]]},"properties":{}}},
    {"code":1180638,"id":"0bf9dc","name":"壬生川","original_name":"壬生川","name_kana":"にゅうがわ","closed":false,"lat":33.929699,"lng":133.085568,"prefecture":38,"numbering":["Y36"],"lines":[11806],"attr":"heat","postal_code":"799-1351","address":"西条市三津屋","voronoi":{"type":"Feature","geometry":{"type":"Polygon","coordinates":[[[132.985778,33.865213],[132.997665,33.846282],[133.143743,33.96208],[133.151382,34.007919],[132.985778,33.865213]]]},"properties":{}}},
    {"code":1180639,"id":"89b2d6","name":"伊予三芳","original_name":"伊予三芳","name_kana":"いよみよし","closed":false,"lat":33.954382,"lng":133.064298,"prefecture":38,"numbering":["Y37"],"lines":[11806],"attr":"cool","postal_code":"799-1301","address":"西条市三芳","voronoi":{"type":"Feature","geometry":{"type":"Polygon","coordinates":[[[132.935019,33.925696],[133.161917,34.039167],[133.151382,34.007919],[132.985778,33.865213],[132.935019,33.925696]]]},"properties":{}}},
    {"code":1180640,"id":"0ecad5","name":"伊予桜井","original_name":"伊予桜井","name_kana":"いよさくらい","closed":false,"lat":34.011923,"lng":133.035522,"prefecture":38,"numbering":["Y38"],"lines":[11806],"attr":"cool","postal_code":"799-1527","address":"今治市長沢甲","voronoi":{"type":"Feature","geometry":{"type":"Polygon","coordinates":[[[133.187416,34.078376],[133.161917,34.039167],[132.935019,33.925696],[132.93275,33.92734],[133.092834,34.100223],[133.18387,34.172996],[133.194431,34.172848],[133.206044,34.171285],[133.197501,34.11151],[133.192569,34.091473],[133.187416,34.078376]]]},"properties":{}}},
    {"code":1180641,"id":"c9429a","name":"伊予富田","original_name":"伊予富田","name_kana":"いよとみた","closed":false,"lat":34.036302,"lng":133.009194,"prefecture":38,"numbering":["Y39"],"lines":[11806],"attr":"cool","postal_code":"799-1511","address":"今治市上徳甲","voronoi":{"type":"Feature","geometry":{"type":"Polygon","coordinates":[[[132.926932,33.93167],[132.926953,33.930447],[132.93275,33.92734],[133.092834,34.100223],[132.960338,34.027305],[132.928161,33.941161],[132.926932,33.93167]]]},"properties":{}}},
    {"code":1180642,"id":"35325e","name":"今治","original_name":"今治","name_kana":"いまばり","closed":false,"lat":34.063765,"lng":132.99408,"prefecture":38,"numbering":["Y40"],"lines":[11806],"attr":"cool","postal_code":"794-0028","address":"今治市北宝来町１丁目","voronoi":{"type":"Feature","geometry":{"type":"Polygon","coordinates":[[[132.960338,34.027305],[132.961765,34.06638],[133.121163,34.183512],[133.18387,34.172996],[133.092834,34.100223],[132.960338,34.027305]]]},"properties":{}}},
    {"code":1180643,"id":"83cf87","name":"波止浜","original_name":"波止浜","name_kana":"はしはま","closed":false,"lat":34.098001,"lng":132.968922,"prefecture":38,"numbering":["Y41"],"lines":[11806],"attr":"cool","postal_code":"799-2113","address":"今治市高部町","voronoi":{"type":"Feature","geometry":{"type":"Polygon","coordinates":[[[133.121163,34.183512],[132.961765,34.06638],[132.958653,34.070244],[132.942997,34.217309],[132.973175,34.218094],[133.018924,34.213811],[133.121163,34.183512]]]},"properties":{}}},
    {"code":1180644,"id":"2bffee","name":"波方","original_name":"波方","name_kana":"なみかた","closed":false,"lat":34.095217,"lng":132.942771,"prefecture":38,"numbering":["Y42"],"lines":[11806],"attr":"cool","postal_code":"799-2102","address":"今治市波方町樋口","voronoi":{"type":"Feature","geometry":{"type":"Polygon","coordinates":[[[132.9339,34.218041],[132.934098,34.218039],[132.942997,34.217309],[132.958653,34.070244],[132.89262,34.100721],[132.844022,34.181379],[132.86034,34.192909],[132.9339,34.218041]]]},"properties":{}}},
    {"code":1180645,"id":"91417e","name":"大西","original_name":"大西","name_kana":"おおにし","closed":false,"lat":34.066128,"lng":132.929345,"prefecture":38,"numbering":["Y43"],"lines":[11806],"attr":"heat","postal_code":"799-2203","address":"今治市大西町新町","voronoi":{"type":"Feature","geometry":{"type":"Polygon","coordinates":[[[132.89262,34.100721],[132.928161,33.941161],[132.960338,34.027305],[132.961765,34.06638],[132.958653,34.070244],[132.89262,34.100721]]]},"properties":{}}},
    {"code":1180646,"id":"466102","name":"伊予亀岡","original_name":"伊予亀岡","name_kana":"いよかめおか","closed":false,"lat":34.053811,"lng":132.874049,"prefecture":38,"numbering":["Y44"],"lines":[11806],"attr":"heat","postal_code":"799-2301","address":"今治市菊間町佐方","voronoi":{"type":"Feature","geometry":{"type":"Polygon","coordinates":[[[132.926932,33.93167],[132.792075,34.149336],[132.827809,34.176292],[132.844022,34.181379],[132.89262,34.100721],[132.928161,33.941161],[132.926932,33.93167]]]},"properties":{}}},
    {"code":1180647,"id":"a90073","name":"菊間","original_name":"菊間","name_kana":"きくま","closed":false,"lat":34.033404,"lng":132.841111,"prefecture":38,"numbering":["Y45"],"lines":[11806],"attr":"heat","postal_code":"799-2303","address":"今治市菊間町浜","voronoi":{"type":"Feature","geometry":{"type":"Polygon","coordinates":[[[132.757637,34.126569],[132.874352,33.936672],[132.889921,33.923489],[132.926953,33.930447],[132.926932,33.93167],[132.792075,34.149336],[132.777861,34.141723],[132.757637,34.126569]]]},"properties":{}}},
    {"code":1180648,"id":"1dc192","name":"浅海","original_name":"浅海","name_kana":"あさなみ","closed":false,"lat":34.010017,"lng":132.80306,"prefecture":38,"numbering":["Y46"],"lines":[11806],"attr":"heat","postal_code":"799-2402","address":"松山市浅海本谷","voronoi":{"type":"Feature","geometry":{"type":"Polygon","coordinates":[[[132.746959,34.121232],[132.757637,34.126569],[132.874352,33.936672],[132.834844,33.957368],[132.796166,33.986257],[132.746959,34.121232]]]},"properties":{}}},
    {"code":1180649,"id":"e0f9c9","name":"大浦","original_name":"大浦","name_kana":"おおうら","closed":false,"lat":34.000005,"lng":132.775597,"prefecture":38,"numbering":["Y47"],"lines":[11806],"attr":"heat","postal_code":"799-2408","address":"松山市大浦","voronoi":{"type":"Feature","geometry":{"type":"Polygon","coordinates":[[[132.746959,34.121232],[132.796166,33.986257],[132.666185,33.987494],[132.584718,34.038797],[132.596698,34.04651],[132.709989,34.107907],[132.746959,34.121232]]]},"properties":{}}},
    {"code":1180650,"id":"7cc157","name":"伊予北条","original_name":"伊予北条","name_kana":"いよほうじょう","closed":false,"lat":33.972903,"lng":132.775339,"prefecture":38,"numbering":["Y48"],"lines":[11806],"attr":"heat","postal_code":"799-2430","address":"松山市北条辻","voronoi":{"type":"Feature","geometry":{"type":"Polygon","coordinates":[[[132.677572,33.978185],[132.666185,33.987494],[132.796166,33.986257],[132.834844,33.957368],[132.703599,33.970056],[132.677572,33.978185]]]},"properties":{}}},
    {"code":1180651,"id":"59ff28","name":"柳原(愛媛)","original_name":"柳原","name_kana":"やなぎはら","closed":false,"lat":33.953519,"lng":132.773465,"prefecture":38,"numbering":["Y49"],"lines":[11806],"attr":"heat","postal_code":"799-2436","address":"松山市河野別府","voronoi":{"type":"Feature","geometry":{"type":"Polygon","coordinates":[[[132.88249,33.918003],[132.889921,33.923489],[132.874352,33.936672],[132.834844,33.957368],[132.703599,33.970056],[132.719374,33.962653],[132.88249,33.918003]]]},"properties":{}}},
    {"code":1180652,"id":"69fe1e","name":"粟井","original_name":"粟井","name_kana":"あわい","closed":false,"lat":33.942965,"lng":132.770576,"prefecture":38,"numbering":["Y50"],"lines":[11806],"attr":"heat","postal_code":"799-2461","address":"松山市鹿峰","voronoi":{"type":"Feature","geometry":{"type":"Polygon","coordinates":[[[132.719374,33.962653],[132.819046,33.903088],[132.874704,33.911658],[132.88249,33.918003],[132.719374,33.962653]]]},"properties":{}}},
    {"code":1180653,"id":"20bbe7","name":"光洋台","original_name":"光洋台","name_kana":"こうようだい","closed":false,"lat":33.926886,"lng":132.760967,"prefecture":38,"numbering":["Y51"],"lines":[11806],"attr":"heat","postal_code":"799-2468","address":"松山市小川","voronoi":{"type":"Feature","geometry":{"type":"Polygon","coordinates":[[[132.677572,33.978185],[132.711681,33.932054],[132.806231,33.899088],[132.819046,33.903088],[132.719374,33.962653],[132.703599,33.970056],[132.677572,33.978185]]]},"properties":{}}},
    {"code":1180654,"id":"3ce914","name":"堀江","original_name":"堀江","name_kana":"ほりえ","closed":false,"lat":33.905458,"lng":132.753496,"prefecture":38,"numbering":["Y52"],"lines":[11806],"attr":"heat","postal_code":"799-2651","address":"松山市堀江町","voronoi":{"type":"Feature","geometry":{"type":"Polygon","coordinates":[[[132.711681,33.932054],[132.715658,33.922794],[132.767643,33.880942],[132.776574,33.882193],[132.806231,33.899088],[132.711681,33.932054]]]},"properties":{}}},
    {"code":1180655,"id":"82e3be","name":"伊予和気","original_name":"伊予和気","name_kana":"いよわけ","closed":false,"lat":33.889529,"lng":132.740672,"prefecture":38,"numbering":["Y53"],"lines":[11806],"attr":"heat","postal_code":"799-2656","address":"松山市和気町１丁目","voronoi":{"type":"Feature","geometry":{"type":"Polygon","coordinates":[[[132.715658,33.922794],[132.721025,33.888986],[132.72249,33.885733],[132.727357,33.879096],[132.728677,33.878034],[132.745071,33.871108],[132.749594,33.871511],[132.759515,33.876409],[132.767643,33.880942],[132.715658,33.922794]]]},"properties":{}}},
    {"code":1180656,"id":"6649f1","name":"三津浜","original_name":"三津浜","name_kana":"みつはま","closed":false,"lat":33.86142,"lng":132.728798,"prefecture":38,"numbering":["Y54"],"lines":[11806],"attr":"heat","postal_code":"791-8076","address":"松山市会津町","voronoi":{"type":"Feature","geometry":{"type":"Polygon","coordinates":[[[132.745071,33.871108],[132.728677,33.878034],[132.723776,33.860397],[132.730591,33.855416],[132.737476,33.858588],[132.745071,33.871108]]]},"properties":{}}},
    {"code":1180657,"id":"89f6ed","name":"松山(愛媛)","original_name":"松山","name_kana":"まつやま","closed":false,"lat":33.839954,"lng":132.751149,"prefecture":38,"numbering":["Y55"],"lines":[11806,11807],"attr":"heat","postal_code":"790-0062","address":"松山市南江戸１丁目","voronoi":{"type":"Feature","geometry":{"type":"Polygon","coordinates":[[[132.737504,33.836529],[132.740841,33.842145],[132.74492,33.844528],[132.750215,33.84257],[132.753182,33.838264],[132.753048,33.835776],[132.747845,33.831928],[132.737504,33.836529]]]},"properties":{}}}
  ]
}