{
  "code":11807,
  "id":"4993bb",
  "name":"JR予讃・内子線",
  "name_kana":"じぇいあーるよさん・うちこせん",
  "station_size":41,
  "company_code":5,
  "closed":false,
  "station_list":[
    {"code":1180657,"id":"89f6ed","name":"松山(愛媛)","original_name":"松山","name_kana":"まつやま","closed":false,"lat":33.839954,"lng":132.751149,"prefecture":38,"numbering":["U00"],"lines":[11806,11807],"attr":"heat","postal_code":"790-0062","address":"松山市南江戸１丁目","voronoi":{"type":"Feature","geometry":{"type":"Polygon","coordinates":[[[132.737504,33.836529],[132.740841,33.842145],[132.74492,33.844528],[132.750215,33.84257],[132.753182,33.838264],[132.753048,33.835776],[132.747845,33.831928],[132.737504,33.836529]]]},"properties":{}}},
    {"code":1180702,"id":"9143f7","name":"市坪","original_name":"市坪","name_kana":"いちつぼ","closed":false,"lat":33.809113,"lng":132.749283,"prefecture":38,"numbering":["U01"],"lines":[11807],"attr":"heat","postal_code":"790-0947","address":"松山市市坪南２丁目","voronoi":{"type":"Feature","geometry":{"type":"Polygon","coordinates":[[[132.76483,33.797906],[132.739017,33.798512],[132.738969,33.798631],[132.73945,33.807987],[132.742782,33.815254],[132.756223,33.819908],[132.761147,33.818406],[132.764744,33.813848],[132.76483,33.797906]]]},"properties":{}}},
    {"code":1180703,"id":"3adee7","name":"北伊予","original_name":"北伊予","name_kana":"きたいよ","closed":false,"lat":33.787441,"lng":132.748774,"prefecture":38,"numbering":["U02"],"lines":[11807],"attr":"heat","postal_code":"791-3161","address":"伊予郡松前町大字神崎","voronoi":{"type":"Feature","geometry":{"type":"Polygon","coordinates":[[[132.76483,33.797906],[132.768567,33.792519],[132.771831,33.748545],[132.735615,33.791352],[132.739017,33.798512],[132.76483,33.797906]]]},"properties":{}}},
    {"code":1180741,"id":"06256a","name":"南伊予","original_name":"南伊予","name_kana":"みなみいよ","closed":false,"lat":33.777727,"lng":132.737292,"prefecture":38,"numbering":["U02-1"],"lines":[11807],"attr":"heat","postal_code":"799-3104","address":"愛媛県伊予市上三谷字堤池下甲388番地","open_date":"2020-03-14","voronoi":{"type":"Feature","geometry":{"type":"Polygon","coordinates":[[[132.771831,33.748545],[132.735615,33.791352],[132.728674,33.78712],[132.727423,33.785417],[132.752163,33.73319],[132.778647,33.720833],[132.771831,33.748545]]]},"properties":{}}},
    {"code":1180704,"id":"b341c1","name":"伊予横田","original_name":"伊予横田","name_kana":"いよよこた","closed":false,"lat":33.772909,"lng":132.727121,"prefecture":38,"numbering":["U03"],"lines":[11807],"attr":"heat","postal_code":"791-3154","address":"伊予郡松前町大字横田","voronoi":{"type":"Feature","geometry":{"type":"Polygon","coordinates":[[[132.71553,33.775835],[132.716813,33.78002],[132.727423,33.785417],[132.752163,33.73319],[132.73662,33.738279],[132.715568,33.774626],[132.71553,33.775835]]]},"properties":{}}},
    {"code":1180705,"id":"04b250","name":"鳥ノ木","original_name":"鳥ノ木","name_kana":"とりのき","closed":false,"lat":33.763751,"lng":132.711309,"prefecture":38,"numbering":["U04"],"lines":[11807],"attr":"heat","postal_code":"799-3111","address":"伊予市下吾川","voronoi":{"type":"Feature","geometry":{"type":"Polygon","coordinates":[[[132.715568,33.774626],[132.705937,33.766442],[132.710244,33.756092],[132.726356,33.738887],[132.73662,33.738279],[132.715568,33.774626]]]},"properties":{}}},
    {"code":1180706,"id":"e30aa9","name":"伊予市","original_name":"伊予市","name_kana":"いよし","closed":false,"lat":33.755532,"lng":132.702532,"prefecture":38,"numbering":["U05"],"lines":[11807],"attr":"heat","postal_code":"799-3113","address":"伊予市米湊","voronoi":{"type":"Feature","geometry":{"type":"Polygon","coordinates":[[[132.684331,33.750818],[132.706719,33.757128],[132.710244,33.756092],[132.726356,33.738887],[132.721124,33.7381],[132.684331,33.750818]]]},"properties":{}}},
    {"code":1180707,"id":"6a6bd2","name":"向井原","original_name":"向井原","name_kana":"むかいばら","closed":false,"lat":33.735871,"lng":132.695736,"prefecture":38,"numbering":["U06","S06"],"lines":[11807],"attr":"heat","postal_code":"799-3122","address":"伊予市市場","voronoi":{"type":"Feature","geometry":{"type":"Polygon","coordinates":[[[132.682337,33.71326],[132.631899,33.767702],[132.684331,33.750818],[132.721124,33.7381],[132.682337,33.71326]]]},"properties":{}}},
    {"code":1180708,"id":"96333d","name":"伊予大平","original_name":"伊予大平","name_kana":"いよおおひら","closed":false,"lat":33.715973,"lng":132.708479,"prefecture":38,"numbering":["U07"],"lines":[11807],"attr":"heat","postal_code":"799-3131","address":"伊予市大平","voronoi":{"type":"Feature","geometry":{"type":"Polygon","coordinates":[[[132.69135,33.682036],[132.682337,33.71326],[132.721124,33.7381],[132.726356,33.738887],[132.73662,33.738279],[132.752163,33.73319],[132.778647,33.720833],[132.809358,33.68766],[132.69135,33.682036]]]},"properties":{}}},
    {"code":1180709,"id":"716176","name":"伊予中山","original_name":"伊予中山","name_kana":"いよなかやま","closed":false,"lat":33.649881,"lng":132.711629,"prefecture":38,"numbering":["U08"],"lines":[11807],"attr":"heat","postal_code":"791-3206","address":"伊予市中山町中山","voronoi":{"type":"Feature","geometry":{"type":"Polygon","coordinates":[[[132.663659,33.646649],[132.669076,33.659281],[132.69135,33.682036],[132.809358,33.68766],[132.830842,33.675849],[132.831761,33.674935],[132.865013,33.639193],[132.978835,33.510306],[132.977177,33.50959],[132.898357,33.482204],[132.663659,33.646649]]]},"properties":{}}},
    {"code":1180710,"id":"181706","name":"伊予立川","original_name":"伊予立川","name_kana":"いよたちかわ","closed":false,"lat":33.600458,"lng":132.677,"prefecture":38,"numbering":["U09"],"lines":[11807],"attr":"heat","postal_code":"791-3331","address":"喜多郡内子町立山","voronoi":{"type":"Feature","geometry":{"type":"Polygon","coordinates":[[[132.852677,33.459859],[132.61692,33.60178],[132.635597,33.631779],[132.663659,33.646649],[132.898357,33.482204],[132.852677,33.459859]]]},"properties":{}}},
    {"code":1180711,"id":"526f12","name":"内子","original_name":"内子","name_kana":"うちこ","closed":false,"lat":33.549305,"lng":132.646207,"prefecture":38,"numbering":["U10"],"lines":[11807],"attr":"heat","postal_code":"791-3301","address":"喜多郡内子町大字内子","voronoi":{"type":"Feature","geometry":{"type":"Polygon","coordinates":[[[132.792109,33.419481],[132.852677,33.459859],[132.61692,33.60178],[132.605337,33.595541],[132.608312,33.586278],[132.618596,33.563754],[132.780806,33.417742],[132.792109,33.419481]]]},"properties":{}}},
    {"code":1180712,"id":"dd43af","name":"五十崎","original_name":"五十崎","name_kana":"いかざき","closed":false,"lat":33.537809,"lng":132.635859,"prefecture":38,"numbering":["U11"],"lines":[11807],"attr":"heat","postal_code":"795-0301","address":"喜多郡内子町五十崎","voronoi":{"type":"Feature","geometry":{"type":"Polygon","coordinates":[[[132.618596,33.563754],[132.645401,33.414339],[132.679121,33.413417],[132.77095,33.415808],[132.780806,33.417742],[132.618596,33.563754]]]},"properties":{}}},
    {"code":1180713,"id":"bea497","name":"喜多山(愛媛)","original_name":"喜多山","name_kana":"きたやま","closed":false,"lat":33.533426,"lng":132.611428,"prefecture":38,"numbering":["U12"],"lines":[11807],"attr":"heat","postal_code":"795-0075","address":"大洲市喜多山","voronoi":{"type":"Feature","geometry":{"type":"Polygon","coordinates":[[[132.63537,33.413605],[132.599698,33.429195],[132.599221,33.431334],[132.608312,33.586278],[132.618596,33.563754],[132.645401,33.414339],[132.63537,33.413605]]]},"properties":{}}},
    {"code":1180714,"id":"42a479","name":"新谷","original_name":"新谷","name_kana":"にいや","closed":false,"lat":33.534153,"lng":132.599037,"prefecture":38,"numbering":["U13"],"lines":[11807],"attr":"heat","postal_code":"795-0071","address":"大洲市新谷乙","voronoi":{"type":"Feature","geometry":{"type":"Polygon","coordinates":[[[132.601941,33.595265],[132.596563,33.584324],[132.577209,33.50803],[132.599221,33.431334],[132.608312,33.586278],[132.605337,33.595541],[132.601941,33.595265]]]},"properties":{}}},
    {"code":1180715,"id":"cfe2b6","name":"高野川","original_name":"高野川","name_kana":"こうのかわ","closed":false,"lat":33.701624,"lng":132.65877,"prefecture":38,"numbering":["S07"],"lines":[11807],"attr":"heat","postal_code":"799-3201","address":"伊予市双海町高野川","voronoi":{"type":"Feature","geometry":{"type":"Polygon","coordinates":[[[132.565847,33.807483],[132.669076,33.659281],[132.69135,33.682036],[132.682337,33.71326],[132.631899,33.767702],[132.624889,33.773285],[132.618143,33.777624],[132.582646,33.798265],[132.565847,33.807483]]]},"properties":{}}},
    {"code":1180716,"id":"82991c","name":"伊予上灘","original_name":"伊予上灘","name_kana":"いよかみなだ","closed":false,"lat":33.683626,"lng":132.632931,"prefecture":38,"numbering":["S08"],"lines":[11807],"attr":"heat","postal_code":"799-3207","address":"伊予市双海町高岸","voronoi":{"type":"Feature","geometry":{"type":"Polygon","coordinates":[[[132.534323,33.829698],[132.507008,33.839166],[132.534176,33.787242],[132.635597,33.631779],[132.663659,33.646649],[132.669076,33.659281],[132.565847,33.807483],[132.534323,33.829698]]]},"properties":{}}},
    {"code":1180717,"id":"65ce6e","name":"下灘","original_name":"下灘","name_kana":"しもなだ","closed":false,"lat":33.655109,"lng":132.589219,"prefecture":38,"numbering":["S09"],"lines":[11807],"attr":"cool","postal_code":"799-3311","address":"伊予市双海町大久保","voronoi":{"type":"Feature","geometry":{"type":"Polygon","coordinates":[[[132.61692,33.60178],[132.605337,33.595541],[132.601941,33.595265],[132.592279,33.598557],[132.534176,33.787242],[132.635597,33.631779],[132.61692,33.60178]]]},"properties":{}}},
    {"code":1180718,"id":"d7b412","name":"串","original_name":"串","name_kana":"くし","closed":false,"lat":33.647034,"lng":132.562996,"prefecture":38,"numbering":["S10"],"lines":[11807],"attr":"heat","postal_code":"799-3313","address":"伊予市双海町串","voronoi":{"type":"Feature","geometry":{"type":"Polygon","coordinates":[[[132.481119,33.854409],[132.507008,33.839166],[132.534176,33.787242],[132.592279,33.598557],[132.567971,33.600596],[132.558398,33.605662],[132.481119,33.854409]]]},"properties":{}}},
    {"code":1180719,"id":"ee8dc0","name":"喜多灘","original_name":"喜多灘","name_kana":"きたなだ","closed":false,"lat":33.637145,"lng":132.531165,"prefecture":38,"numbering":["S11"],"lines":[11807],"attr":"heat","postal_code":"799-3411","address":"大洲市長浜町今坊甲","voronoi":{"type":"Feature","geometry":{"type":"Polygon","coordinates":[[[132.481119,33.854409],[132.441854,33.881674],[132.400972,33.845309],[132.512847,33.618447],[132.525911,33.608096],[132.558398,33.605662],[132.481119,33.854409]]]},"properties":{}}},
    {"code":1180720,"id":"393343","name":"伊予長浜","original_name":"伊予長浜","name_kana":"いよながはま","closed":false,"lat":33.615297,"lng":132.486861,"prefecture":38,"numbering":["S12"],"lines":[11807],"attr":"heat","postal_code":"799-3402","address":"大洲市長浜乙","voronoi":{"type":"Feature","geometry":{"type":"Polygon","coordinates":[[[132.409743,33.55334],[132.161255,33.633363],[132.189791,33.662687],[132.381096,33.830931],[132.400972,33.845309],[132.512847,33.618447],[132.409743,33.55334]]]},"properties":{}}},
    {"code":1180721,"id":"f0fe00","name":"伊予出石","original_name":"伊予出石","name_kana":"いよいずし","closed":false,"lat":33.596338,"lng":132.498833,"prefecture":38,"numbering":["S13"],"lines":[11807],"attr":"cool","postal_code":"799-3444","address":"大洲市長浜町上老松甲","voronoi":{"type":"Feature","geometry":{"type":"Polygon","coordinates":[[[132.409743,33.55334],[132.415648,33.550667],[132.459697,33.536714],[132.471158,33.538899],[132.484715,33.543238],[132.525911,33.608096],[132.512847,33.618447],[132.409743,33.55334]]]},"properties":{}}},
    {"code":1180722,"id":"016544","name":"伊予白滝","original_name":"伊予白滝","name_kana":"いよしらたき","closed":false,"lat":33.578588,"lng":132.526778,"prefecture":38,"numbering":["S14"],"lines":[11807],"attr":"cool","postal_code":"799-3431","address":"大洲市白滝甲","voronoi":{"type":"Feature","geometry":{"type":"Polygon","coordinates":[[[132.484715,33.543238],[132.502572,33.543305],[132.567913,33.600523],[132.567971,33.600596],[132.558398,33.605662],[132.525911,33.608096],[132.484715,33.543238]]]},"properties":{}}},
    {"code":1180723,"id":"99af1a","name":"八多喜","original_name":"八多喜","name_kana":"はたき","closed":false,"lat":33.562643,"lng":132.540741,"prefecture":38,"numbering":["S15"],"lines":[11807],"attr":"cool","postal_code":"795-0041","address":"大洲市八多喜町","voronoi":{"type":"Feature","geometry":{"type":"Polygon","coordinates":[[[132.567913,33.600523],[132.502572,33.543305],[132.521229,33.53861],[132.538969,33.540265],[132.567913,33.600523]]]},"properties":{}}},
    {"code":1180724,"id":"d60195","name":"春賀","original_name":"春賀","name_kana":"はるか","closed":false,"lat":33.555636,"lng":132.555329,"prefecture":38,"numbering":["S16"],"lines":[11807],"attr":"cool","postal_code":"795-0046","address":"大洲市春賀甲","voronoi":{"type":"Feature","geometry":{"type":"Polygon","coordinates":[[[132.551744,33.53665],[132.538969,33.540265],[132.567913,33.600523],[132.567971,33.600596],[132.592279,33.598557],[132.601941,33.595265],[132.596563,33.584324],[132.551744,33.53665]]]},"properties":{}}},
    {"code":1180725,"id":"6b4465","name":"五郎","original_name":"五郎","name_kana":"ごろう","closed":false,"lat":33.541399,"lng":132.570473,"prefecture":38,"numbering":["S17"],"lines":[11807],"attr":"cool","postal_code":"795-0051","address":"大洲市五郎大谷甲","voronoi":{"type":"Feature","geometry":{"type":"Polygon","coordinates":[[[132.551744,33.53665],[132.577209,33.50803],[132.596563,33.584324],[132.551744,33.53665]]]},"properties":{}}},
    {"code":1180726,"id":"4a4199","name":"伊予大洲","original_name":"伊予大洲","name_kana":"いよおおず","closed":false,"lat":33.518601,"lng":132.54485,"prefecture":38,"numbering":["S18","U14"],"lines":[11807],"attr":"cool","postal_code":"795-0054","address":"大洲市中村","voronoi":{"type":"Feature","geometry":{"type":"Polygon","coordinates":[[[132.597937,33.429338],[132.557198,33.476998],[132.521229,33.53861],[132.538969,33.540265],[132.551744,33.53665],[132.577209,33.50803],[132.599221,33.431334],[132.599698,33.429195],[132.597937,33.429338]]]},"properties":{}}},
    {"code":1180727,"id":"c8096d","name":"西大洲","original_name":"西大洲","name_kana":"にしおおず","closed":false,"lat":33.508204,"lng":132.527041,"prefecture":38,"numbering":["U15"],"lines":[11807],"attr":"cool","postal_code":"795-0025","address":"大洲市阿蔵甲","voronoi":{"type":"Feature","geometry":{"type":"Polygon","coordinates":[[[132.502572,33.543305],[132.521229,33.53861],[132.557198,33.476998],[132.471158,33.538899],[132.484715,33.543238],[132.502572,33.543305]]]},"properties":{}}},
    {"code":1180728,"id":"8a570a","name":"伊予平野","original_name":"伊予平野","name_kana":"いよひらの","closed":false,"lat":33.495672,"lng":132.518025,"prefecture":38,"numbering":["U16"],"lines":[11807],"attr":"cool","postal_code":"795-0021","address":"大洲市平野町野田","voronoi":{"type":"Feature","geometry":{"type":"Polygon","coordinates":[[[132.471158,33.538899],[132.459697,33.536714],[132.505156,33.445533],[132.515266,33.43702],[132.579832,33.427707],[132.597937,33.429338],[132.557198,33.476998],[132.471158,33.538899]]]},"properties":{}}},
    {"code":1180729,"id":"599d65","name":"千丈","original_name":"千丈","name_kana":"せんじょう","closed":false,"lat":33.465432,"lng":132.457369,"prefecture":38,"numbering":["U17"],"lines":[11807],"attr":"cool","postal_code":"796-8020","address":"八幡浜市大字郷字堀田","voronoi":{"type":"Feature","geometry":{"type":"Polygon","coordinates":[[[132.505156,33.445533],[132.452717,33.444804],[132.415648,33.550667],[132.459697,33.536714],[132.505156,33.445533]]]},"properties":{}}},
    {"code":1180730,"id":"c06aa0","name":"八幡浜","original_name":"八幡浜","name_kana":"やわたはま","closed":false,"lat":33.458024,"lng":132.436213,"prefecture":38,"numbering":["U18"],"lines":[11807],"attr":"cool","postal_code":"796-0031","address":"八幡浜市江戸岡１丁目","voronoi":{"type":"Feature","geometry":{"type":"Polygon","coordinates":[[[132.17276,33.268247],[132.216294,33.292424],[132.452717,33.444804],[132.415648,33.550667],[132.409743,33.55334],[132.161255,33.633363],[132.087373,33.588786],[132.04291,33.55397],[132.117149,33.341659],[132.17276,33.268247]]]},"properties":{}}},
    {"code":1180731,"id":"ec8a44","name":"双岩","original_name":"双岩","name_kana":"ふたいわ","closed":false,"lat":33.424314,"lng":132.45794,"prefecture":38,"numbering":["U19"],"lines":[11807],"attr":"cool","postal_code":"796-8035","address":"八幡浜市若山","voronoi":{"type":"Feature","geometry":{"type":"Polygon","coordinates":[[[132.50359,33.425592],[132.216294,33.292424],[132.452717,33.444804],[132.505156,33.445533],[132.515266,33.43702],[132.50359,33.425592]]]},"properties":{}}},
    {"code":1180732,"id":"9df15a","name":"伊予石城","original_name":"伊予石城","name_kana":"いよいわき","closed":false,"lat":33.391582,"lng":132.473112,"prefecture":38,"numbering":["U20"],"lines":[11807],"attr":"cool","postal_code":"797-0026","address":"西予市宇和町岩木","voronoi":{"type":"Feature","geometry":{"type":"Polygon","coordinates":[[[132.474917,33.355841],[132.50359,33.425592],[132.216294,33.292424],[132.17276,33.268247],[132.232399,33.16669],[132.374218,33.251792],[132.418894,33.283167],[132.474917,33.355841]]]},"properties":{}}},
    {"code":1180733,"id":"3619fe","name":"上宇和","original_name":"上宇和","name_kana":"かみうわ","closed":false,"lat":33.379979,"lng":132.501337,"prefecture":38,"numbering":["U21"],"lines":[11807],"attr":"eco","postal_code":"797-0018","address":"西予市宇和町下松葉","voronoi":{"type":"Feature","geometry":{"type":"Polygon","coordinates":[[[132.541784,33.390109],[132.474917,33.355841],[132.50359,33.425592],[132.515266,33.43702],[132.579832,33.427707],[132.541784,33.390109]]]},"properties":{}}},
    {"code":1180734,"id":"344641","name":"卯之町","original_name":"卯之町","name_kana":"うのまち","closed":false,"lat":33.363192,"lng":132.50994,"prefecture":38,"numbering":["U22"],"lines":[11807],"attr":"eco","postal_code":"797-0015","address":"西予市宇和町卯之町","voronoi":{"type":"Feature","geometry":{"type":"Polygon","coordinates":[[[132.418894,33.283167],[132.495942,33.317506],[132.541784,33.390109],[132.474917,33.355841],[132.418894,33.283167]]]},"properties":{}}},
    {"code":1180735,"id":"7a75b2","name":"下宇和","original_name":"下宇和","name_kana":"しもうわ","closed":false,"lat":33.349786,"lng":132.531172,"prefecture":38,"numbering":["U23"],"lines":[11807],"attr":"eco","postal_code":"797-0012","address":"西予市宇和町皆田","voronoi":{"type":"Feature","geometry":{"type":"Polygon","coordinates":[[[132.599698,33.429195],[132.597937,33.429338],[132.579832,33.427707],[132.541784,33.390109],[132.495942,33.317506],[132.577185,33.330065],[132.608854,33.368986],[132.63537,33.413605],[132.599698,33.429195]]]},"properties":{}}},
    {"code":1180736,"id":"d0ca65","name":"立間","original_name":"立間","name_kana":"たちま","closed":false,"lat":33.297371,"lng":132.539275,"prefecture":38,"numbering":["U24"],"lines":[11807],"attr":"eco","postal_code":"799-3730","address":"宇和島市吉田町立間","voronoi":{"type":"Feature","geometry":{"type":"Polygon","coordinates":[[[132.57487,33.311601],[132.577185,33.330065],[132.495942,33.317506],[132.418894,33.283167],[132.374218,33.251792],[132.569965,33.290992],[132.57487,33.311601]]]},"properties":{}}},
    {"code":1180737,"id":"a3f4cc","name":"伊予吉田","original_name":"伊予吉田","name_kana":"いよよしだ","closed":false,"lat":33.273287,"lng":132.544098,"prefecture":38,"numbering":["U25"],"lines":[11807],"attr":"eco","postal_code":"799-3710","address":"宇和島市吉田町立間尻","voronoi":{"type":"Feature","geometry":{"type":"Polygon","coordinates":[[[132.570923,33.285374],[132.569965,33.290992],[132.374218,33.251792],[132.232399,33.16669],[132.254105,33.101198],[132.532932,33.238297],[132.551681,33.252447],[132.570923,33.285374]]]},"properties":{}}},
    {"code":1180738,"id":"d933c1","name":"高光","original_name":"高光","name_kana":"たかみつ","closed":false,"lat":33.25607,"lng":132.573559,"prefecture":38,"numbering":["U26"],"lines":[11807],"attr":"eco","postal_code":"798-0020","address":"宇和島市高串","voronoi":{"type":"Feature","geometry":{"type":"Polygon","coordinates":[[[132.570923,33.285374],[132.551681,33.252447],[132.620193,33.236312],[132.570923,33.285374]]]},"properties":{}}},
    {"code":1180739,"id":"180cfb","name":"北宇和島","original_name":"北宇和島","name_kana":"きたうわじま","closed":false,"lat":33.239442,"lng":132.569643,"prefecture":38,"numbering":["U27"],"lines":[11807,11808],"attr":"eco","postal_code":"798-0024","address":"宇和島市伊吹町北通り","voronoi":{"type":"Feature","geometry":{"type":"Polygon","coordinates":[[[132.532932,33.238297],[132.551681,33.252447],[132.620193,33.236312],[132.620434,33.236142],[132.6243,33.223704],[132.532932,33.238297]]]},"properties":{}}},
    {"code":1180740,"id":"d028b5","name":"宇和島","original_name":"宇和島","name_kana":"うわじま","closed":false,"lat":33.225774,"lng":132.56746,"prefecture":38,"numbering":["U28"],"lines":[11807,11808],"attr":"eco","postal_code":"798-0034","address":"宇和島市錦町","voronoi":{"type":"Feature","geometry":{"type":"Polygon","coordinates":[[[132.630136,33.210752],[132.639029,33.17839],[132.640818,33.079287],[132.305856,32.912309],[132.263644,33.062461],[132.254105,33.101198],[132.532932,33.238297],[132.6243,33.223704],[132.630136,33.210752]]]},"properties":{}}}
  ]
}