{
  "code":11802,
  "id":181,
  "name":"JR高徳線",
  "name_kana":"じぇいあーるこうとくせん",
  "station_size":29,
  "company_code":5,
  "closed":false,
  "color":"#8AC53E",
  "symbol":"T",
  "station_list":[
    {"code":1180201,"id":3824,"name":"高松(香川)","original_name":"高松","name_kana":"たかまつ","closed":false,"lat":34.350754,"lng":134.046821,"prefecture":37,"numbering":["T28"],"lines":[11802,11806],"attr":"cool","postal_code":"760-0011","address":"高松市浜ノ町","voronoi":{"type":"Feature","geometry":{"type":"Polygon","coordinates":[[[134.044574,34.342349],[134.041324,34.343381],[134.012867,34.404171],[134.006825,34.427129],[134.046795,34.452925],[134.048247,34.344607],[134.047814,34.3439],[134.044574,34.342349]]]},"properties":{}}},
    {"code":1180202,"id":3825,"name":"昭和町(香川)","original_name":"昭和町","name_kana":"しょうわちょう","closed":false,"lat":34.343882,"lng":134.032141,"prefecture":37,"numbering":["T27"],"lines":[11802],"attr":"cool","postal_code":"760-0014","address":"高松市昭和町１丁目","voronoi":{"type":"Feature","geometry":{"type":"Polygon","coordinates":[[[134.041324,34.343381],[134.012867,34.404171],[134.023053,34.325627],[134.041324,34.343381]]]},"properties":{}}},
    {"code":1180203,"id":3826,"name":"栗林公園北口","original_name":"栗林公園北口","name_kana":"りつりんこうえんきたぐち","closed":false,"lat":34.334188,"lng":134.041561,"prefecture":37,"numbering":["T26"],"lines":[11802],"attr":"cool","postal_code":"760-0008","address":"高松市中野町","voronoi":{"type":"Feature","geometry":{"type":"Polygon","coordinates":[[[134.041324,34.343381],[134.023053,34.325627],[134.021001,34.315944],[134.029286,34.318071],[134.042831,34.325482],[134.047643,34.333644],[134.047816,34.334683],[134.044574,34.342349],[134.041324,34.343381]]]},"properties":{}}},
    {"code":1180204,"id":3827,"name":"栗林","original_name":"栗林","name_kana":"りつりん","closed":false,"lat":34.332181,"lng":134.053571,"prefecture":37,"numbering":["T25"],"lines":[11802],"attr":"cool","postal_code":"760-0071","address":"高松市藤塚町３丁目","voronoi":{"type":"Feature","geometry":{"type":"Polygon","coordinates":[[[134.055586,34.335902],[134.047816,34.334683],[134.047643,34.333644],[134.059112,34.325643],[134.055586,34.335902]]]},"properties":{}}},
    {"code":1180205,"id":3828,"name":"木太町","original_name":"木太町","name_kana":"きたちょう","closed":false,"lat":34.331928,"lng":134.079889,"prefecture":37,"numbering":["T24"],"lines":[11802],"attr":"cool","postal_code":"760-0080","address":"高松市木太町","voronoi":{"type":"Feature","geometry":{"type":"Polygon","coordinates":[[[134.091128,34.332625],[134.077842,34.338029],[134.070797,34.332239],[134.078796,34.325847],[134.09483,34.325428],[134.091128,34.332625]]]},"properties":{}}},
    {"code":1180206,"id":3829,"name":"屋島","original_name":"屋島","name_kana":"やしま","closed":false,"lat":34.336655,"lng":134.109102,"prefecture":37,"numbering":["T23"],"lines":[11802],"attr":"cool","postal_code":"761-0104","address":"高松市高松町帰来","voronoi":{"type":"Feature","geometry":{"type":"Polygon","coordinates":[[[134.1022,34.335624],[134.096982,34.323573],[134.097722,34.322283],[134.099551,34.320514],[134.108477,34.316156],[134.124263,34.314437],[134.117188,34.333636],[134.108978,34.340178],[134.1022,34.335624]]]},"properties":{}}},
    {"code":1180207,"id":3830,"name":"古高松南","original_name":"古高松南","name_kana":"ふるたかまつみなみ","closed":false,"lat":34.34118,"lng":134.121381,"prefecture":37,"numbering":["T22"],"lines":[11802],"attr":"cool","postal_code":"761-0104","address":"高松市高松町","voronoi":{"type":"Feature","geometry":{"type":"Polygon","coordinates":[[[134.124263,34.314437],[134.117188,34.333636],[134.11678,34.344476],[134.127837,34.341038],[134.128438,34.335858],[134.125267,34.314066],[134.124263,34.314437]]]},"properties":{}}},
    {"code":1180208,"id":3831,"name":"八栗口","original_name":"八栗口","name_kana":"やくりぐち","closed":false,"lat":34.338948,"lng":134.136719,"prefecture":37,"numbering":["T21"],"lines":[11802],"attr":"cool","postal_code":"761-0122","address":"高松市牟礼町大町","voronoi":{"type":"Feature","geometry":{"type":"Polygon","coordinates":[[[134.128438,34.335858],[134.125267,34.314066],[134.128134,34.311927],[134.129646,34.31119],[134.141462,34.345101],[134.128438,34.335858]]]},"properties":{}}},
    {"code":1180209,"id":3832,"name":"讃岐牟礼","original_name":"讃岐牟礼","name_kana":"さぬきむれ","closed":false,"lat":34.336439,"lng":134.147592,"prefecture":37,"numbering":["T20"],"lines":[11802],"attr":"cool","postal_code":"761-0122","address":"高松市牟礼町大町","voronoi":{"type":"Feature","geometry":{"type":"Polygon","coordinates":[[[134.152008,34.341669],[134.143854,34.332564],[134.140135,34.30662],[134.146403,34.316658],[134.150378,34.327291],[134.152008,34.341669]]]},"properties":{}}},
    {"code":1180210,"id":3833,"name":"志度","original_name":"志度","name_kana":"しど","closed":false,"lat":34.321508,"lng":134.173144,"prefecture":37,"numbering":["T19"],"lines":[11802],"attr":"eco","postal_code":"769-2101","address":"さぬき市大字志度","voronoi":{"type":"Feature","geometry":{"type":"Polygon","coordinates":[[[134.222418,34.331287],[134.236532,34.363199],[134.164639,34.31668],[134.158188,34.304191],[134.219347,34.32844],[134.222418,34.331287]]]},"properties":{}}},
    {"code":1180211,"id":3834,"name":"オレンジタウン","original_name":"オレンジタウン","name_kana":"おれんじたうん","closed":false,"lat":34.301828,"lng":134.180947,"prefecture":37,"numbering":["T18"],"lines":[11802],"attr":"eco","postal_code":"769-2101","address":"さぬき市大字志度字鳥打谷","voronoi":{"type":"Feature","geometry":{"type":"Polygon","coordinates":[[[134.197453,34.296074],[134.165211,34.287628],[134.158948,34.291018],[134.153483,34.294876],[134.151711,34.296414],[134.150184,34.298561],[134.158188,34.304191],[134.219347,34.32844],[134.197453,34.296074]]]},"properties":{}}},
    {"code":1180212,"id":3835,"name":"造田","original_name":"造田","name_kana":"ぞうだ","closed":false,"lat":34.282967,"lng":134.185888,"prefecture":37,"numbering":["T17"],"lines":[11802],"attr":"eco","postal_code":"769-2315","address":"さぬき市造田","voronoi":{"type":"Feature","geometry":{"type":"Polygon","coordinates":[[[134.165211,34.287628],[134.165593,34.287066],[134.197323,34.254534],[134.197453,34.296074],[134.165211,34.287628]]]},"properties":{}}},
    {"code":1180213,"id":3836,"name":"神前(香川)","original_name":"神前","name_kana":"かんざき","closed":false,"lat":34.282895,"lng":134.208935,"prefecture":37,"numbering":["T16"],"lines":[11802],"attr":"eco","postal_code":"769-2323","address":"さぬき市寒川町神前","voronoi":{"type":"Feature","geometry":{"type":"Polygon","coordinates":[[[134.227885,34.179634],[134.197323,34.254534],[134.197453,34.296074],[134.219347,34.32844],[134.222418,34.331287],[134.238386,34.213874],[134.227885,34.179634]]]},"properties":{}}},
    {"code":1180214,"id":3837,"name":"讃岐津田","original_name":"讃岐津田","name_kana":"さぬきつだ","closed":false,"lat":34.288253,"lng":134.248335,"prefecture":37,"numbering":["T15"],"lines":[11802],"attr":"eco","postal_code":"769-2401","address":"さぬき市津田町津田","voronoi":{"type":"Feature","geometry":{"type":"Polygon","coordinates":[[[134.332869,34.507262],[134.302405,34.509181],[134.236532,34.363199],[134.222418,34.331287],[134.238386,34.213874],[134.238807,34.214537],[134.332869,34.507262]]]},"properties":{}}},
    {"code":1180215,"id":3838,"name":"鶴羽","original_name":"鶴羽","name_kana":"つるわ","closed":false,"lat":34.280005,"lng":134.274003,"prefecture":37,"numbering":["T14"],"lines":[11802],"attr":"eco","postal_code":"769-2402","address":"さぬき市津田町鶴羽","voronoi":{"type":"Feature","geometry":{"type":"Polygon","coordinates":[[[134.238807,34.214537],[134.332869,34.507262],[134.352933,34.507153],[134.371261,34.504888],[134.413234,34.497961],[134.411315,34.493096],[134.322659,34.304894],[134.238807,34.214537]]]},"properties":{}}},
    {"code":1180216,"id":3839,"name":"丹生","original_name":"丹生","name_kana":"にぶ","closed":false,"lat":34.254517,"lng":134.301468,"prefecture":37,"numbering":["T13"],"lines":[11802],"attr":"eco","postal_code":"769-2516","address":"東かがわ市土居","voronoi":{"type":"Feature","geometry":{"type":"Polygon","coordinates":[[[134.322659,34.304894],[134.309691,34.161732],[134.284279,34.156881],[134.279512,34.157246],[134.232815,34.16804],[134.227084,34.170916],[134.227885,34.179634],[134.238386,34.213874],[134.238807,34.214537],[134.322659,34.304894]]]},"properties":{}}},
    {"code":1180217,"id":3840,"name":"三本松(香川)","original_name":"三本松","name_kana":"さんぼんまつ","closed":false,"lat":34.251529,"lng":134.334453,"prefecture":37,"numbering":["T12"],"lines":[11802],"attr":"heat","postal_code":"769-2601","address":"東かがわ市三本松","voronoi":{"type":"Feature","geometry":{"type":"Polygon","coordinates":[[[134.309691,34.161732],[134.32007,34.161834],[134.330298,34.166951],[134.411315,34.493096],[134.322659,34.304894],[134.309691,34.161732]]]},"properties":{}}},
    {"code":1180218,"id":3841,"name":"讃岐白鳥","original_name":"讃岐白鳥","name_kana":"さぬきしろとり","closed":false,"lat":34.243642,"lng":134.366203,"prefecture":37,"numbering":["T11"],"lines":[11802],"attr":"heat","postal_code":"769-2702","address":"東かがわ市松原","voronoi":{"type":"Feature","geometry":{"type":"Polygon","coordinates":[[[134.351386,34.172775],[134.330298,34.166951],[134.411315,34.493096],[134.413234,34.497961],[134.418195,34.498107],[134.522352,34.49267],[134.351386,34.172775]]]},"properties":{}}},
    {"code":1180219,"id":3842,"name":"引田","original_name":"引田","name_kana":"ひけた","closed":false,"lat":34.224472,"lng":134.402072,"prefecture":37,"numbering":["T10"],"lines":[11802],"attr":"heat","postal_code":"769-2901","address":"東かがわ市引田","voronoi":{"type":"Feature","geometry":{"type":"Polygon","coordinates":[[[134.389246,34.174969],[134.371199,34.172473],[134.351386,34.172775],[134.522352,34.49267],[134.533956,34.492869],[134.561077,34.483907],[134.389246,34.174969]]]},"properties":{}}},
    {"code":1180220,"id":3843,"name":"讃岐相生","original_name":"讃岐相生","name_kana":"さぬきあいおい","closed":false,"lat":34.211977,"lng":134.424537,"prefecture":37,"numbering":["T09"],"lines":[11802],"attr":"heat","postal_code":"769-2903","address":"東かがわ市南野","voronoi":{"type":"Feature","geometry":{"type":"Polygon","coordinates":[[[134.389246,34.174969],[134.405802,34.173029],[134.510721,34.249143],[134.515604,34.25624],[134.522996,34.27209],[134.53095,34.293269],[134.538613,34.319607],[134.567638,34.482042],[134.561077,34.483907],[134.389246,34.174969]]]},"properties":{}}},
    {"code":1180221,"id":3844,"name":"阿波大宮","original_name":"阿波大宮","name_kana":"あわおおみや","closed":false,"lat":34.178751,"lng":134.448641,"prefecture":36,"numbering":["T08"],"lines":[11802],"attr":"eco","postal_code":"779-0101","address":"板野郡板野町大坂","voronoi":{"type":"Feature","geometry":{"type":"Polygon","coordinates":[[[134.485526,34.18647],[134.510721,34.249143],[134.405802,34.173029],[134.418223,34.164321],[134.435026,34.158465],[134.457482,34.160547],[134.467267,34.165035],[134.485526,34.18647]]]},"properties":{}}},
    {"code":1180222,"id":3845,"name":"板野","original_name":"板野","name_kana":"いたの","closed":false,"lat":34.141971,"lng":134.465512,"prefecture":36,"numbering":["T07"],"lines":[11802,10801],"attr":"eco","postal_code":"779-0105","address":"板野郡板野町大寺字平田","voronoi":{"type":"Feature","geometry":{"type":"Polygon","coordinates":[[[134.487362,34.111522],[134.461409,34.104857],[134.457482,34.160547],[134.467267,34.165035],[134.487362,34.111522]]]},"properties":{}}},
    {"code":1180223,"id":3846,"name":"阿波川端","original_name":"阿波川端","name_kana":"あわかわばた","closed":false,"lat":34.148827,"lng":134.483769,"prefecture":36,"numbering":["T06"],"lines":[11802],"attr":"heat","postal_code":"779-0103","address":"板野郡板野町川端","voronoi":{"type":"Feature","geometry":{"type":"Polygon","coordinates":[[[134.485526,34.18647],[134.467267,34.165035],[134.487362,34.111522],[134.489785,34.111493],[134.493804,34.112744],[134.494496,34.113821],[134.501748,34.129348],[134.485526,34.18647]]]},"properties":{}}},
    {"code":1180224,"id":3847,"name":"板東","original_name":"板東","name_kana":"ばんどう","closed":false,"lat":34.155369,"lng":134.506805,"prefecture":36,"numbering":["T05"],"lines":[11802],"attr":"heat","postal_code":"779-0234","address":"鳴門市大麻町板東","voronoi":{"type":"Feature","geometry":{"type":"Polygon","coordinates":[[[134.485526,34.18647],[134.510721,34.249143],[134.515604,34.25624],[134.521376,34.183597],[134.516417,34.140855],[134.501748,34.129348],[134.485526,34.18647]]]},"properties":{}}},
    {"code":1180225,"id":3848,"name":"池谷","original_name":"池谷","name_kana":"いけのたに","closed":false,"lat":34.152783,"lng":134.529097,"prefecture":36,"numbering":["T04"],"lines":[11802,11805],"attr":"heat","postal_code":"779-0303","address":"鳴門市大麻町池谷","voronoi":{"type":"Feature","geometry":{"type":"Polygon","coordinates":[[[134.516417,34.140855],[134.521376,34.183597],[134.541938,34.139955],[134.516417,34.140855]]]},"properties":{}}},
    {"code":1180226,"id":3849,"name":"勝瑞","original_name":"勝瑞","name_kana":"しょうずい","closed":false,"lat":34.128063,"lng":134.528225,"prefecture":36,"numbering":["T03"],"lines":[11802],"attr":"cool","postal_code":"771-1271","address":"板野郡藍住町勝瑞","voronoi":{"type":"Feature","geometry":{"type":"Polygon","coordinates":[[[134.494496,34.113821],[134.501748,34.129348],[134.516417,34.140855],[134.541938,34.139955],[134.554695,34.134847],[134.558812,34.131293],[134.494496,34.113821]]]},"properties":{}}},
    {"code":1180227,"id":3850,"name":"吉成","original_name":"吉成","name_kana":"よしなり","closed":false,"lat":34.118603,"lng":134.530795,"prefecture":36,"numbering":["T02"],"lines":[11802],"attr":"cool","postal_code":"771-1153","address":"徳島市応神町吉成字轟","voronoi":{"type":"Feature","geometry":{"type":"Polygon","coordinates":[[[134.507697,34.104402],[134.493804,34.112744],[134.494496,34.113821],[134.558812,34.131293],[134.580646,34.117845],[134.582595,34.116001],[134.557574,34.104297],[134.52714,34.098088],[134.507697,34.104402]]]},"properties":{}}},
    {"code":1180228,"id":3851,"name":"佐古","original_name":"佐古","name_kana":"さこ","closed":false,"lat":34.080644,"lng":134.538539,"prefecture":36,"numbering":["T01"],"lines":[11802,11803],"attr":"cool","postal_code":"770-0022","address":"徳島市佐古二番町","voronoi":{"type":"Feature","geometry":{"type":"Polygon","coordinates":[[[134.557574,34.104297],[134.52714,34.098088],[134.529342,34.063481],[134.539904,34.066896],[134.557574,34.104297]]]},"properties":{}}},
    {"code":1180229,"id":3852,"name":"徳島","original_name":"徳島","name_kana":"とくしま","closed":false,"lat":34.074572,"lng":134.551391,"prefecture":36,"numbering":["T00"],"lines":[11802,11803,11804],"attr":"cool","postal_code":"770-0831","address":"徳島市寺島本町西２丁目","voronoi":{"type":"Feature","geometry":{"type":"Polygon","coordinates":[[[134.606894,34.108429],[134.626153,34.098767],[134.544783,34.065766],[134.539904,34.066896],[134.557574,34.104297],[134.582595,34.116001],[134.595912,34.112313],[134.606894,34.108429]]]},"properties":{}}}
  ]
}