{
  "code":11908,
  "id":"08dc5a",
  "name":"JR篠栗線(福北ゆたか線)",
  "name_kana":"じぇいあーるささぐりせん(ふくほくゆたかせん)",
  "name_formal":"JR篠栗線",
  "station_size":12,
  "company_code":6,
  "closed":false,
  "color":"#FFFF00",
  "station_list":[
    {"code":1190801,"id":"8835ce","name":"桂川(福岡)","original_name":"桂川","name_kana":"けいせん","closed":false,"lat":33.584705,"lng":130.662752,"prefecture":40,"lines":[11908,11911,11912],"attr":"heat","postal_code":"820-0608","address":"嘉穂郡桂川町大字豆田","voronoi":{"type":"Feature","geometry":{"type":"Polygon","coordinates":[[[130.689589,33.54056],[130.645892,33.583779],[130.65013,33.609808],[130.711554,33.56481],[130.734055,33.515889],[130.689589,33.54056]]]},"properties":{}}},
    {"code":1190802,"id":"1caa1c","name":"筑前大分","original_name":"筑前大分","name_kana":"ちくぜんだいぶ","closed":false,"lat":33.590006,"lng":130.630196,"prefecture":40,"lines":[11908],"attr":"cool","postal_code":"820-0712","address":"飯塚市大分","voronoi":{"type":"Feature","geometry":{"type":"Polygon","coordinates":[[[130.640897,33.638509],[130.65013,33.609808],[130.645892,33.583779],[130.617718,33.565536],[130.630233,33.654934],[130.630294,33.654862],[130.640897,33.638509]]]},"properties":{}}},
    {"code":1190803,"id":"24d09d","name":"九郎原","original_name":"九郎原","name_kana":"くろうばる","closed":false,"lat":33.592492,"lng":130.612439,"prefecture":40,"lines":[11908],"attr":"cool","postal_code":"820-0713","address":"飯塚市内住","voronoi":{"type":"Feature","geometry":{"type":"Polygon","coordinates":[[[130.630233,33.654934],[130.627079,33.65992],[130.571143,33.572302],[130.582945,33.54573],[130.614024,33.560813],[130.617718,33.565536],[130.630233,33.654934]]]},"properties":{}}},
    {"code":1190804,"id":"85fe84","name":"城戸南蔵院前","original_name":"城戸南蔵院前","name_kana":"きどなんぞういんまえ","closed":false,"lat":33.61826,"lng":130.572076,"prefecture":40,"lines":[11908],"attr":"cool","postal_code":"811-2405","address":"糟屋郡篠栗町大字篠栗","voronoi":{"type":"Feature","geometry":{"type":"Polygon","coordinates":[[[130.611151,33.710368],[130.612816,33.707453],[130.621376,33.685486],[130.62232,33.682285],[130.627079,33.65992],[130.571143,33.572302],[130.554838,33.583575],[130.588811,33.712506],[130.611151,33.710368]]]},"properties":{}}},
    {"code":1190805,"id":"44be87","name":"筑前山手","original_name":"筑前山手","name_kana":"ちくぜんやまて","closed":false,"lat":33.622251,"lng":130.55693,"prefecture":40,"lines":[11908],"attr":"eco","postal_code":"811-2405","address":"糟屋郡篠栗町大字篠栗","voronoi":{"type":"Feature","geometry":{"type":"Polygon","coordinates":[[[130.539095,33.593738],[130.543202,33.589165],[130.544847,33.587815],[130.554838,33.583575],[130.588811,33.712506],[130.584217,33.713329],[130.54506,33.701515],[130.539095,33.593738]]]},"properties":{}}},
    {"code":1190806,"id":"e3c96a","name":"篠栗","original_name":"篠栗","name_kana":"ささぐり","closed":false,"lat":33.624045,"lng":130.524515,"prefecture":40,"lines":[11908],"attr":"eco","postal_code":"811-2405","address":"糟屋郡篠栗町大字篠栗","voronoi":{"type":"Feature","geometry":{"type":"Polygon","coordinates":[[[130.538268,33.700908],[130.514538,33.688312],[130.505106,33.682022],[130.503859,33.675351],[130.512111,33.609633],[130.517815,33.604098],[130.534297,33.595411],[130.539095,33.593738],[130.54506,33.701515],[130.538268,33.700908]]]},"properties":{}}},
    {"code":1190807,"id":"579856","name":"門松","original_name":"門松","name_kana":"かどまつ","closed":false,"lat":33.620531,"lng":130.496529,"prefecture":40,"lines":[11908],"attr":"eco","postal_code":"811-2302","address":"糟屋郡粕屋町大隈","voronoi":{"type":"Feature","geometry":{"type":"Polygon","coordinates":[[[130.496649,33.608624],[130.488626,33.613193],[130.485066,33.622743],[130.485221,33.636026],[130.503859,33.675351],[130.512111,33.609633],[130.496649,33.608624]]]},"properties":{}}},
    {"code":1190808,"id":"89df86","name":"長者原","original_name":"長者原","name_kana":"ちょうじゃばる","closed":false,"lat":33.613567,"lng":130.477848,"prefecture":40,"lines":[11908,11917],"attr":"heat","postal_code":"811-2304","address":"糟屋郡粕屋町仲原","voronoi":{"type":"Feature","geometry":{"type":"Polygon","coordinates":[[[130.485066,33.622743],[130.473543,33.615902],[130.476705,33.60391],[130.488626,33.613193],[130.485066,33.622743]]]},"properties":{}}},
    {"code":1190809,"id":"49f048","name":"原町","original_name":"原町","name_kana":"はるまち","closed":false,"lat":33.611748,"lng":130.470949,"prefecture":40,"lines":[11908],"attr":"heat","postal_code":"811-2307","address":"糟屋郡粕屋町大字原町","voronoi":{"type":"Feature","geometry":{"type":"Polygon","coordinates":[[[130.458427,33.620252],[130.45842,33.620129],[130.460314,33.612868],[130.472661,33.598253],[130.473763,33.598929],[130.476705,33.60391],[130.473543,33.615902],[130.458427,33.620252]]]},"properties":{}}},
    {"code":1190810,"id":"df9280","name":"柚須","original_name":"柚須","name_kana":"ゆす","closed":false,"lat":33.613206,"lng":130.445031,"prefecture":40,"lines":[11908],"attr":"heat","postal_code":"811-2305","address":"糟屋郡粕屋町柚須","voronoi":{"type":"Feature","geometry":{"type":"Polygon","coordinates":[[[130.441955,33.629594],[130.438586,33.626274],[130.434354,33.610169],[130.436404,33.602949],[130.442704,33.604314],[130.45842,33.620129],[130.458427,33.620252],[130.45805,33.62167],[130.450197,33.629261],[130.4449,33.630925],[130.441955,33.629594]]]},"properties":{}}},
    {"code":1190230,"id":"2becef","name":"吉塚","original_name":"吉塚","name_kana":"よしづか","closed":false,"lat":33.607142,"lng":130.423674,"prefecture":40,"lines":[11902,11908,10901],"attr":"heat","postal_code":"812-0046","address":"福岡市博多区吉塚本町","voronoi":{"type":"Feature","geometry":{"type":"Polygon","coordinates":[[[130.419345,33.604121],[130.422128,33.598576],[130.425984,33.597889],[130.436185,33.602404],[130.436404,33.602949],[130.434354,33.610169],[130.424441,33.612779],[130.423661,33.612412],[130.419345,33.604121]]]},"properties":{}}},
    {"code":100319,"id":"dee3bc","name":"博多","original_name":"博多","name_kana":"はかた","closed":false,"lat":33.590002,"lng":130.420622,"prefecture":40,"lines":[1003,1010,11901,11902,11903,11908,99905,99907],"attr":"heat","postal_code":"812-0012","address":"福岡市博多区博多駅中央街","voronoi":{"type":"Feature","geometry":{"type":"Polygon","coordinates":[[[130.415351,33.580138],[130.414161,33.583248],[130.415214,33.588558],[130.422064,33.598543],[130.422128,33.598576],[130.425984,33.597889],[130.425907,33.579233],[130.422315,33.577379],[130.416911,33.578768],[130.415351,33.580138]]]},"properties":{}}}
  ]
}