{
  "code":11907,
  "id":"f7aa6c",
  "name":"JR日豊本線(佐伯～鹿児島中央)",
  "name_kana":"じぇいあーるにっぽうほんせん",
  "station_size":56,
  "company_code":6,
  "closed":false,
  "station_list":[
    {"code":1190660,"id":"5065cb","name":"佐伯","original_name":"佐伯","name_kana":"さいき","closed":false,"lat":32.972521,"lng":131.901857,"prefecture":44,"lines":[11906,11907],"attr":"cool","postal_code":"876-0803","address":"佐伯市駅前２丁目","voronoi":{"type":"Feature","geometry":{"type":"Polygon","coordinates":[[[131.983859,32.710913],[131.877797,32.97417],[131.91039,32.993428],[131.994796,32.987413],[132.305719,32.911326],[132.285714,32.505197],[132.260489,32.517711],[132.077251,32.637633],[131.983859,32.710913]]]},"properties":{}}},
    {"code":1190702,"id":"372000","name":"上岡","original_name":"上岡","name_kana":"かみおか","closed":false,"lat":32.956302,"lng":131.8616,"prefecture":44,"lines":[11907],"attr":"cool","postal_code":"876-0045","address":"佐伯市上岡区上岡","voronoi":{"type":"Feature","geometry":{"type":"Polygon","coordinates":[[[131.962865,32.724851],[131.904824,32.8075],[131.796598,33.015765],[131.815606,33.015423],[131.877797,32.97417],[131.983859,32.710913],[131.962865,32.724851]]]},"properties":{}}},
    {"code":1190703,"id":"49fb57","name":"直見","original_name":"直見","name_kana":"なおみ","closed":false,"lat":32.928396,"lng":131.807899,"prefecture":44,"lines":[11907],"attr":"heat","postal_code":"879-3103","address":"佐伯市直川大字下直見","voronoi":{"type":"Feature","geometry":{"type":"Polygon","coordinates":[[[131.718553,32.985257],[131.73127,33.013551],[131.732497,33.014953],[131.787242,33.019379],[131.796598,33.015765],[131.904824,32.8075],[131.718553,32.985257]]]},"properties":{}}},
    {"code":1190704,"id":"e753ed","name":"直川","original_name":"直川","name_kana":"なおかわ","closed":false,"lat":32.898667,"lng":131.779529,"prefecture":44,"lines":[11907],"attr":"eco","postal_code":"879-3102","address":"佐伯市直川大字上直見","voronoi":{"type":"Feature","geometry":{"type":"Polygon","coordinates":[[[131.685041,32.938083],[131.718553,32.985257],[131.904824,32.8075],[131.962865,32.724851],[131.860375,32.766534],[131.81388,32.79665],[131.685041,32.938083]]]},"properties":{}}},
    {"code":1190705,"id":"baf985","name":"重岡","original_name":"重岡","name_kana":"しげおか","closed":false,"lat":32.840339,"lng":131.715499,"prefecture":44,"lines":[11907],"attr":"eco","postal_code":"879-3201","address":"佐伯市宇目大字大平","voronoi":{"type":"Feature","geometry":{"type":"Polygon","coordinates":[[[131.577218,32.845427],[131.570749,32.836066],[131.81388,32.79665],[131.685041,32.938083],[131.667734,32.928257],[131.577218,32.845427]]]},"properties":{}}},
    {"code":1190706,"id":"06be1c","name":"宗太郎","original_name":"宗太郎","name_kana":"そうたろう","closed":false,"lat":32.78628,"lng":131.706735,"prefecture":44,"lines":[11907],"attr":"eco","postal_code":"879-3204","address":"佐伯市宇目大字重岡","voronoi":{"type":"Feature","geometry":{"type":"Polygon","coordinates":[[[131.507386,32.773897],[131.49463,32.758032],[131.582988,32.749684],[131.860375,32.766534],[131.81388,32.79665],[131.570749,32.836066],[131.507386,32.773897]]]},"properties":{}}},
    {"code":1190707,"id":"6b17c9","name":"市棚","original_name":"市棚","name_kana":"いちたな","closed":false,"lat":32.728336,"lng":131.710255,"prefecture":45,"lines":[11907],"attr":"heat","postal_code":"882-0097","address":"延岡市北川町川内名","voronoi":{"type":"Feature","geometry":{"type":"Polygon","coordinates":[[[131.777896,32.684862],[131.582988,32.749684],[131.860375,32.766534],[131.962865,32.724851],[131.983859,32.710913],[132.077251,32.637633],[131.777896,32.684862]]]},"properties":{}}},
    {"code":1190708,"id":"226a57","name":"北川","original_name":"北川","name_kana":"きたがわ","closed":false,"lat":32.690558,"lng":131.697691,"prefecture":45,"lines":[11907],"attr":"heat","postal_code":"882-0097","address":"延岡市北川町川内名","voronoi":{"type":"Feature","geometry":{"type":"Polygon","coordinates":[[[131.442484,32.701127],[131.476822,32.74401],[131.49463,32.758032],[131.582988,32.749684],[131.777896,32.684862],[131.619844,32.670011],[131.509341,32.684349],[131.442484,32.701127]]]},"properties":{}}},
    {"code":1190709,"id":"087e11","name":"日向長井","original_name":"日向長井","name_kana":"ひゅうがながい","closed":false,"lat":32.664325,"lng":131.700156,"prefecture":45,"lines":[11907],"attr":"heat","postal_code":"889-0102","address":"延岡市北川町長井","voronoi":{"type":"Feature","geometry":{"type":"Polygon","coordinates":[[[132.260489,32.517711],[132.009421,32.55231],[131.619844,32.670011],[131.777896,32.684862],[132.077251,32.637633],[132.260489,32.517711]]]},"properties":{}}},
    {"code":1190710,"id":"e77abb","name":"北延岡","original_name":"北延岡","name_kana":"きたのべおか","closed":false,"lat":32.630276,"lng":131.689869,"prefecture":45,"lines":[11907],"attr":"heat","postal_code":"882-0002","address":"延岡市差木野町","voronoi":{"type":"Feature","geometry":{"type":"Polygon","coordinates":[[[131.619844,32.670011],[131.509341,32.684349],[131.741264,32.584138],[131.836281,32.566688],[132.009421,32.55231],[131.619844,32.670011]]]},"properties":{}}},
    {"code":1190711,"id":"f6b116","name":"延岡","original_name":"延岡","name_kana":"のべおか","closed":false,"lat":32.589944,"lng":131.672442,"prefecture":45,"lines":[11907],"attr":"heat","postal_code":"882-0053","address":"延岡市幸町３丁目","voronoi":{"type":"Feature","geometry":{"type":"Polygon","coordinates":[[[131.535207,32.554666],[131.741264,32.584138],[131.509341,32.684349],[131.442484,32.701127],[131.407599,32.672268],[131.363428,32.623137],[131.349419,32.589586],[131.390621,32.57839],[131.535207,32.554666]]]},"properties":{}}},
    {"code":1190712,"id":"d8f375","name":"南延岡","original_name":"南延岡","name_kana":"みなみのべおか","closed":false,"lat":32.559272,"lng":131.676829,"prefecture":45,"lines":[11907],"attr":"heat","postal_code":"882-0867","address":"延岡市構口町１丁目","voronoi":{"type":"Feature","geometry":{"type":"Polygon","coordinates":[[[131.836281,32.566688],[131.741264,32.584138],[131.535207,32.554666],[131.601406,32.536188],[131.622647,32.535437],[131.836281,32.566688]]]},"properties":{}}},
    {"code":1190713,"id":"76a535","name":"旭ヶ丘(宮崎)","original_name":"旭ヶ丘","name_kana":"あさひがおか","closed":false,"lat":32.52812,"lng":131.681386,"prefecture":45,"lines":[11907],"attr":"heat","postal_code":"889-0507","address":"宮崎県延岡市旭ヶ丘6丁目","voronoi":{"type":"Feature","geometry":{"type":"Polygon","coordinates":[[[132.260489,32.517711],[132.285714,32.505197],[132.365323,32.301996],[131.622647,32.535437],[131.836281,32.566688],[132.009421,32.55231],[132.260489,32.517711]]]},"properties":{}}},
    {"code":1190714,"id":"24090f","name":"土々呂","original_name":"土々呂","name_kana":"ととろ","closed":false,"lat":32.507832,"lng":131.675009,"prefecture":45,"lines":[11907],"attr":"heat","postal_code":"889-0513","address":"延岡市土々呂町５丁目","voronoi":{"type":"Feature","geometry":{"type":"Polygon","coordinates":[[[131.83158,32.377173],[131.601406,32.536188],[131.622647,32.535437],[132.365323,32.301996],[132.416445,32.176976],[131.83158,32.377173]]]},"properties":{}}},
    {"code":1190715,"id":"26b837","name":"門川","original_name":"門川","name_kana":"かどがわ","closed":false,"lat":32.477381,"lng":131.653972,"prefecture":45,"lines":[11907],"attr":"eco","postal_code":"889-0621","address":"東臼杵郡門川町大字東栄町２丁目","voronoi":{"type":"Feature","geometry":{"type":"Polygon","coordinates":[[[131.601406,32.536188],[131.535207,32.554666],[131.390621,32.57839],[131.713701,32.414711],[131.784834,32.38856],[131.83158,32.377173],[131.601406,32.536188]]]},"properties":{}}},
    {"code":1190716,"id":"88d407","name":"日向市","original_name":"日向市","name_kana":"ひゅうがし","closed":false,"lat":32.4258,"lng":131.62784,"prefecture":45,"lines":[11907],"attr":"eco","postal_code":"883-0044","address":"日向市上町１丁目","voronoi":{"type":"Feature","geometry":{"type":"Polygon","coordinates":[[[131.349419,32.589586],[131.273169,32.491735],[131.278432,32.46813],[131.35393,32.442655],[131.451021,32.417814],[131.713701,32.414711],[131.390621,32.57839],[131.349419,32.589586]]]},"properties":{}}},
    {"code":1190717,"id":"903071","name":"財光寺","original_name":"財光寺","name_kana":"ざいこうじ","closed":false,"lat":32.405654,"lng":131.627602,"prefecture":45,"lines":[11907],"attr":"eco","postal_code":"883-0021","address":"日向市大字財光寺字沖ノ下","voronoi":{"type":"Feature","geometry":{"type":"Polygon","coordinates":[[[131.451021,32.417814],[131.713701,32.414711],[131.784834,32.38856],[131.546978,32.38735],[131.451021,32.417814]]]},"properties":{}}},
    {"code":1190718,"id":"0bd8c4","name":"南日向","original_name":"南日向","name_kana":"みなみひゅうが","closed":false,"lat":32.369867,"lng":131.627784,"prefecture":45,"lines":[11907],"attr":"eco","postal_code":"883-0022","address":"日向市大字平岩","voronoi":{"type":"Feature","geometry":{"type":"Polygon","coordinates":[[[132.416445,32.176976],[132.576539,31.86802],[132.569573,31.870668],[132.094428,32.069835],[131.546978,32.38735],[131.784834,32.38856],[131.83158,32.377173],[132.416445,32.176976]]]},"properties":{}}},
    {"code":1190719,"id":"e4eb2c","name":"美々津","original_name":"美々津","name_kana":"みみつ","closed":false,"lat":32.325892,"lng":131.602279,"prefecture":45,"lines":[11907],"attr":"heat","postal_code":"889-1111","address":"日向市美々津町","voronoi":{"type":"Feature","geometry":{"type":"Polygon","coordinates":[[[131.792625,32.194699],[131.35393,32.442655],[131.451021,32.417814],[131.546978,32.38735],[132.094428,32.069835],[131.958733,32.119535],[131.792625,32.194699]]]},"properties":{}}},
    {"code":1190720,"id":"7c172e","name":"東都農","original_name":"東都農","name_kana":"ひがしつの","closed":false,"lat":32.290109,"lng":131.582054,"prefecture":45,"lines":[11907],"attr":"eco","postal_code":"889-1201","address":"児湯郡都農町大字川北","voronoi":{"type":"Feature","geometry":{"type":"Polygon","coordinates":[[[131.279799,32.373749],[131.278432,32.46813],[131.35393,32.442655],[131.792625,32.194699],[131.279799,32.373749]]]},"properties":{}}},
    {"code":1190721,"id":"c9b90b","name":"都農","original_name":"都農","name_kana":"つの","closed":false,"lat":32.251085,"lng":131.568429,"prefecture":45,"lines":[11907],"attr":"eco","postal_code":"889-1201","address":"児湯郡都農町大字川北","voronoi":{"type":"Feature","geometry":{"type":"Polygon","coordinates":[[[131.279799,32.373749],[131.275735,32.294842],[131.958733,32.119535],[131.792625,32.194699],[131.279799,32.373749]]]},"properties":{}}},
    {"code":1190722,"id":"2360fd","name":"川南","original_name":"川南","name_kana":"かわみなみ","closed":false,"lat":32.192224,"lng":131.553321,"prefecture":45,"lines":[11907],"attr":"cool","postal_code":"889-1302","address":"児湯郡川南町大字平田","voronoi":{"type":"Feature","geometry":{"type":"Polygon","coordinates":[[[132.569573,31.870668],[132.094428,32.069835],[131.958733,32.119535],[131.275735,32.294842],[131.267891,32.244414],[131.332119,32.216686],[132.569573,31.870668]]]},"properties":{}}},
    {"code":1190723,"id":"f2c973","name":"高鍋","original_name":"高鍋","name_kana":"たかなべ","closed":false,"lat":32.122866,"lng":131.533927,"prefecture":45,"lines":[11907],"attr":"cool","postal_code":"884-0004","address":"児湯郡高鍋町大字蚊口浦","voronoi":{"type":"Feature","geometry":{"type":"Polygon","coordinates":[[[131.839957,31.891143],[131.332119,32.216686],[132.569573,31.870668],[132.576539,31.86802],[132.673607,31.726589],[132.423919,31.772165],[132.18811,31.819149],[131.839957,31.891143]]]},"properties":{}}},
    {"code":1190724,"id":"3b9998","name":"日向新富","original_name":"日向新富","name_kana":"ひゅうがしんとみ","closed":false,"lat":32.072479,"lng":131.501627,"prefecture":45,"lines":[11907],"attr":"cool","postal_code":"889-1402","address":"児湯郡新富町大字三納代","voronoi":{"type":"Feature","geometry":{"type":"Polygon","coordinates":[[[131.839957,31.891143],[131.332119,32.216686],[131.267891,32.244414],[131.237617,32.168838],[131.804713,31.895603],[131.839957,31.891143]]]},"properties":{}}},
    {"code":1190725,"id":"19ba9e","name":"佐土原","original_name":"佐土原","name_kana":"さどわら","closed":false,"lat":32.022412,"lng":131.477504,"prefecture":45,"lines":[11907],"attr":"cool","postal_code":"880-0211","address":"宮崎市佐土原町下田島","voronoi":{"type":"Feature","geometry":{"type":"Polygon","coordinates":[[[131.637842,31.903386],[131.629742,31.905383],[131.230589,32.155339],[131.237617,32.168838],[131.804713,31.895603],[131.637842,31.903386]]]},"properties":{}}},
    {"code":1190726,"id":"619f76","name":"日向住吉","original_name":"日向住吉","name_kana":"ひゅうがすみよし","closed":false,"lat":31.991244,"lng":131.457986,"prefecture":45,"lines":[11907],"attr":"cool","postal_code":"880-0121","address":"宮崎市大字島之内","voronoi":{"type":"Feature","geometry":{"type":"Polygon","coordinates":[[[131.579351,31.91278],[131.629742,31.905383],[131.230589,32.155339],[131.216913,32.132814],[131.216934,32.112905],[131.22205,32.087052],[131.579351,31.91278]]]},"properties":{}}},
    {"code":1190727,"id":"24fa60","name":"蓮ヶ池","original_name":"蓮ヶ池","name_kana":"はすがいけ","closed":false,"lat":31.960113,"lng":131.442802,"prefecture":45,"lines":[11907],"attr":"cool","postal_code":"880-0837","address":"宮崎県宮崎市村角町","voronoi":{"type":"Feature","geometry":{"type":"Polygon","coordinates":[[[131.579351,31.91278],[131.22205,32.087052],[131.223484,32.075845],[131.228095,32.068009],[131.470039,31.92996],[131.535877,31.913895],[131.579351,31.91278]]]},"properties":{}}},
    {"code":1190728,"id":"6d3be2","name":"宮崎神宮","original_name":"宮崎神宮","name_kana":"みやざきじんぐう","closed":false,"lat":31.938067,"lng":131.430223,"prefecture":45,"lines":[11907],"attr":"cool","postal_code":"880-0053","address":"宮崎市神宮３","voronoi":{"type":"Feature","geometry":{"type":"Polygon","coordinates":[[[131.330436,31.941039],[131.36416,31.927993],[131.388349,31.92355],[131.470039,31.92996],[131.228095,32.068009],[131.233885,32.056862],[131.31365,31.956009],[131.330436,31.941039]]]},"properties":{}}},
    {"code":1190729,"id":"71e13a","name":"宮崎","original_name":"宮崎","name_kana":"みやざき","closed":false,"lat":31.915742,"lng":131.431975,"prefecture":45,"lines":[11907,11927,11928],"attr":"cool","postal_code":"880-0811","address":"宮崎市錦町","voronoi":{"type":"Feature","geometry":{"type":"Polygon","coordinates":[[[131.470039,31.92996],[131.388349,31.92355],[131.446324,31.896462],[131.447784,31.896412],[131.535877,31.913895],[131.470039,31.92996]]]},"properties":{}}},
    {"code":1190730,"id":"085e8a","name":"南宮崎","original_name":"南宮崎","name_kana":"みなみみやざき","closed":false,"lat":31.895097,"lng":131.422329,"prefecture":45,"lines":[11907,11927,11928],"attr":"cool","postal_code":"880-0901","address":"宮崎市東大淀２丁目","voronoi":{"type":"Feature","geometry":{"type":"Polygon","coordinates":[[[131.36416,31.927993],[131.388349,31.92355],[131.446324,31.896462],[131.418013,31.882439],[131.36416,31.927993]]]},"properties":{}}},
    {"code":1190731,"id":"85753a","name":"加納(宮崎)","original_name":"加納","name_kana":"かのう","closed":false,"lat":31.876084,"lng":131.406246,"prefecture":45,"lines":[11907],"attr":"cool","postal_code":"889-1605","address":"宮崎県宮崎市清武町加納乙4-3","voronoi":{"type":"Feature","geometry":{"type":"Polygon","coordinates":[[[131.418013,31.882439],[131.36416,31.927993],[131.330436,31.941039],[131.336501,31.930021],[131.411867,31.853433],[131.419411,31.866301],[131.418013,31.882439]]]},"properties":{}}},
    {"code":1190732,"id":"13eb4b","name":"清武","original_name":"清武","name_kana":"きよたけ","closed":false,"lat":31.859418,"lng":131.38931,"prefecture":45,"lines":[11907],"attr":"cool","postal_code":"889-1604","address":"宮崎県宮崎市清武町船引484","voronoi":{"type":"Feature","geometry":{"type":"Polygon","coordinates":[[[131.411867,31.853433],[131.336501,31.930021],[131.386522,31.800294],[131.411906,31.843532],[131.411867,31.853433]]]},"properties":{}}},
    {"code":1190733,"id":"3b78a3","name":"日向沓掛","original_name":"日向沓掛","name_kana":"ひゅうがくつかけ","closed":false,"lat":31.842241,"lng":131.344763,"prefecture":45,"lines":[11907],"attr":"cool","postal_code":"889-1602","address":"宮崎県宮崎市清武町今泉3512","voronoi":{"type":"Feature","geometry":{"type":"Polygon","coordinates":[[[131.386417,31.799387],[131.386522,31.800294],[131.336501,31.930021],[131.330436,31.941039],[131.31365,31.956009],[131.332468,31.755565],[131.378164,31.763591],[131.386417,31.799387]]]},"properties":{}}},
    {"code":1190734,"id":"335130","name":"田野(宮崎)","original_name":"田野","name_kana":"たの","closed":false,"lat":31.838438,"lng":131.304255,"prefecture":45,"lines":[11907],"attr":"cool","postal_code":"889-1701","address":"宮崎市田野町甲","voronoi":{"type":"Feature","geometry":{"type":"Polygon","coordinates":[[[131.332468,31.755565],[131.273785,31.730171],[131.233885,32.056862],[131.31365,31.956009],[131.332468,31.755565]]]},"properties":{}}},
    {"code":1190735,"id":"9ebfa5","name":"青井岳","original_name":"青井岳","name_kana":"あおいだけ","closed":false,"lat":31.827922,"lng":131.218153,"prefecture":45,"lines":[11907],"attr":"cool","postal_code":"880-2303","address":"都城市山之口町山之口（その他）","voronoi":{"type":"Feature","geometry":{"type":"Polygon","coordinates":[[[131.179407,31.978729],[131.144332,31.86457],[131.252675,31.708249],[131.273785,31.730171],[131.233885,32.056862],[131.228095,32.068009],[131.223484,32.075845],[131.179407,31.978729]]]},"properties":{}}},
    {"code":1190736,"id":"8b6683","name":"山之口","original_name":"山之口","name_kana":"やまのくち","closed":false,"lat":31.782582,"lng":131.152735,"prefecture":45,"lines":[11907],"attr":"cool","postal_code":"889-1802","address":"都城市山之口町花木","voronoi":{"type":"Feature","geometry":{"type":"Polygon","coordinates":[[[131.144332,31.86457],[131.252675,31.708249],[131.243828,31.689521],[131.107507,31.797705],[131.118851,31.826774],[131.143383,31.863651],[131.144332,31.86457]]]},"properties":{}}},
    {"code":1190737,"id":"30156f","name":"餅原","original_name":"餅原","name_kana":"もちばる","closed":false,"lat":31.757094,"lng":131.132508,"prefecture":45,"lines":[11907],"attr":"cool","postal_code":"889-1913","address":"北諸県郡三股町大字餅原","voronoi":{"type":"Feature","geometry":{"type":"Polygon","coordinates":[[[131.097324,31.763727],[131.098269,31.761033],[131.240602,31.680862],[131.241534,31.682505],[131.243828,31.689521],[131.107507,31.797705],[131.099512,31.788593],[131.098971,31.787275],[131.097324,31.763727]]]},"properties":{}}},
    {"code":1190738,"id":"47c2b3","name":"三股","original_name":"三股","name_kana":"みまた","closed":false,"lat":31.733794,"lng":131.119384,"prefecture":45,"lines":[11907],"attr":"cool","postal_code":"889-1901","address":"北諸県郡三股町大字樺山","voronoi":{"type":"Feature","geometry":{"type":"Polygon","coordinates":[[[131.127464,31.601768],[131.109131,31.60328],[131.094119,31.693175],[131.098269,31.761033],[131.240602,31.680862],[131.225293,31.646083],[131.151511,31.603323],[131.127464,31.601768]]]},"properties":{}}},
    {"code":1190739,"id":"1f43bd","name":"都城","original_name":"都城","name_kana":"みやこのじょう","closed":false,"lat":31.73657,"lng":131.073992,"prefecture":45,"lines":[11907,11929],"attr":"cool","postal_code":"885-0023","address":"都城市栄町","voronoi":{"type":"Feature","geometry":{"type":"Polygon","coordinates":[[[131.098269,31.761033],[131.094119,31.693175],[131.055233,31.743194],[131.097324,31.763727],[131.098269,31.761033]]]},"properties":{}}},
    {"code":1190740,"id":"b2299e","name":"西都城","original_name":"西都城","name_kana":"にしみやこのじょう","closed":false,"lat":31.723381,"lng":131.057027,"prefecture":45,"lines":[11907],"attr":"cool","postal_code":"885-0077","address":"都城市松元町","voronoi":{"type":"Feature","geometry":{"type":"Polygon","coordinates":[[[131.04032,31.744942],[131.055233,31.743194],[131.094119,31.693175],[131.109131,31.60328],[131.071745,31.597186],[131.04032,31.744942]]]},"properties":{}}},
    {"code":1190741,"id":"378f6b","name":"五十市","original_name":"五十市","name_kana":"いそいち","closed":false,"lat":31.718448,"lng":131.033833,"prefecture":45,"lines":[11907],"attr":"cool","postal_code":"885-0086","address":"都城市久保原町","voronoi":{"type":"Feature","geometry":{"type":"Polygon","coordinates":[[[131.071745,31.597186],[130.975685,31.572142],[131.020821,31.75734],[131.04032,31.744942],[131.071745,31.597186]]]},"properties":{}}},
    {"code":1190742,"id":"160b12","name":"財部","original_name":"財部","name_kana":"たからべ","closed":false,"lat":31.728796,"lng":130.991374,"prefecture":46,"lines":[11907],"attr":"cool","postal_code":"899-4102","address":"曽於市財部町北俣","voronoi":{"type":"Feature","geometry":{"type":"Polygon","coordinates":[[[130.867114,31.52697],[130.975685,31.572142],[131.020821,31.75734],[131.017473,31.764405],[130.99952,31.782944],[130.867114,31.52697]]]},"properties":{}}},
    {"code":1190743,"id":"d3c024","name":"北俣","original_name":"北俣","name_kana":"きたまた","closed":false,"lat":31.745007,"lng":130.960034,"prefecture":46,"lines":[11907],"attr":"cool","postal_code":"899-4102","address":"曽於市財部町北俣","voronoi":{"type":"Feature","geometry":{"type":"Polygon","coordinates":[[[130.984935,31.81382],[130.881246,31.680552],[130.862476,31.637259],[130.863247,31.525011],[130.867114,31.52697],[130.99952,31.782944],[130.984935,31.81382]]]},"properties":{}}},
    {"code":1190744,"id":"468007","name":"大隅大川原","original_name":"大隅大川原","name_kana":"おおすみおおかわら","closed":false,"lat":31.772767,"lng":130.924355,"prefecture":46,"lines":[11907],"attr":"cool","postal_code":"899-4103","address":"曽於市財部町下財部","voronoi":{"type":"Feature","geometry":{"type":"Polygon","coordinates":[[[130.881246,31.680552],[130.915255,31.86209],[130.919502,31.870265],[130.977574,31.842136],[130.98221,31.832572],[130.982752,31.830869],[130.984935,31.81382],[130.881246,31.680552]]]},"properties":{}}},
    {"code":1190745,"id":"6c1ee4","name":"北永野田","original_name":"北永野田","name_kana":"きたながのだ","closed":false,"lat":31.782118,"lng":130.87444,"prefecture":46,"lines":[11907],"attr":"cool","postal_code":"899-4202","address":"霧島市霧島永水","voronoi":{"type":"Feature","geometry":{"type":"Polygon","coordinates":[[[130.819185,31.76219],[130.862476,31.637259],[130.881246,31.680552],[130.915255,31.86209],[130.819185,31.76219]]]},"properties":{}}},
    {"code":1190746,"id":"226292","name":"霧島神宮","original_name":"霧島神宮","name_kana":"きりしまじんぐう","closed":false,"lat":31.818181,"lng":130.836939,"prefecture":46,"lines":[11907],"attr":"eco","postal_code":"899-4203","address":"霧島市霧島大窪","voronoi":{"type":"Feature","geometry":{"type":"Polygon","coordinates":[[[130.784051,31.839915],[130.784217,31.835966],[130.796106,31.78647],[130.798622,31.782468],[130.819185,31.76219],[130.915255,31.86209],[130.919502,31.870265],[130.899543,31.900019],[130.891705,31.908325],[130.856889,31.923781],[130.834466,31.927401],[130.830842,31.927621],[130.823848,31.921637],[130.784051,31.839915]]]},"properties":{}}},
    {"code":1190747,"id":"aee38b","name":"国分(鹿児島)","original_name":"国分","name_kana":"こくぶ","closed":false,"lat":31.743657,"lng":130.763447,"prefecture":46,"lines":[11907],"attr":"eco","postal_code":"899-4345","address":"霧島市国分府中","voronoi":{"type":"Feature","geometry":{"type":"Polygon","coordinates":[[[130.750268,31.585643],[130.819529,31.47105],[130.819546,31.471045],[130.863247,31.525011],[130.862476,31.637259],[130.819185,31.76219],[130.798622,31.782468],[130.751948,31.750294],[130.750268,31.585643]]]},"properties":{}}},
    {"code":1190748,"id":"0f2107","name":"隼人","original_name":"隼人","name_kana":"はやと","closed":false,"lat":31.743893,"lng":130.740316,"prefecture":46,"lines":[11907,11926],"attr":"eco","postal_code":"899-5117","address":"霧島市隼人町見次","voronoi":{"type":"Feature","geometry":{"type":"Polygon","coordinates":[[[130.750268,31.585643],[130.71234,31.639147],[130.703393,31.773811],[130.703844,31.773768],[130.751948,31.750294],[130.750268,31.585643]]]},"properties":{}}},
    {"code":1190749,"id":"247109","name":"加治木","original_name":"加治木","name_kana":"かじき","closed":false,"lat":31.739271,"lng":130.670752,"prefecture":46,"lines":[11907],"attr":"eco","postal_code":"899-5231","address":"鹿児島県姶良市加治木町反土903","voronoi":{"type":"Feature","geometry":{"type":"Polygon","coordinates":[[[130.66951,31.682772],[130.652343,31.809662],[130.687308,31.788816],[130.700145,31.778066],[130.703393,31.773811],[130.71234,31.639147],[130.68019,31.66243],[130.67838,31.665236],[130.66951,31.682772]]]},"properties":{}}},
    {"code":1190750,"id":"76ad40","name":"錦江","original_name":"錦江","name_kana":"きんこう","closed":false,"lat":31.73691,"lng":130.6533,"prefecture":46,"lines":[11907],"attr":"heat","postal_code":"899-5223","address":"鹿児島県姶良市加治木町新生町83","voronoi":{"type":"Feature","geometry":{"type":"Polygon","coordinates":[[[130.66951,31.682772],[130.652343,31.809662],[130.6237,31.831845],[130.59891,31.82326],[130.66116,31.69435],[130.66951,31.682772]]]},"properties":{}}},
    {"code":1190751,"id":"63d574","name":"帖佐","original_name":"帖佐","name_kana":"ちょうさ","closed":false,"lat":31.72697,"lng":130.632716,"prefecture":46,"lines":[11907],"attr":"heat","postal_code":"899-5421","address":"鹿児島県姶良市東餅田2575","voronoi":{"type":"Feature","geometry":{"type":"Polygon","coordinates":[[[130.568494,31.816422],[130.59891,31.82326],[130.66116,31.69435],[130.540847,31.791399],[130.55423,31.810001],[130.568494,31.816422]]]},"properties":{}}},
    {"code":1190752,"id":"1aa420","name":"姶良","original_name":"姶良","name_kana":"あいら","closed":false,"lat":31.715246,"lng":130.623259,"prefecture":46,"lines":[11907],"attr":"heat","postal_code":"899-5431","address":"鹿児島県姶良市西餅田3546-1","voronoi":{"type":"Feature","geometry":{"type":"Polygon","coordinates":[[[130.529554,31.774269],[130.535433,31.784849],[130.540847,31.791399],[130.66116,31.69435],[130.66951,31.682772],[130.67838,31.665236],[130.529554,31.774269]]]},"properties":{}}},
    {"code":1190753,"id":"299e43","name":"重富","original_name":"重富","name_kana":"しげとみ","closed":false,"lat":31.702717,"lng":130.61408,"prefecture":46,"lines":[11907],"attr":"heat","postal_code":"899-5651","address":"鹿児島県姶良市脇元3001","voronoi":{"type":"Feature","geometry":{"type":"Polygon","coordinates":[[[130.507328,31.693199],[130.503915,31.694937],[130.503255,31.695874],[130.491845,31.716384],[130.529554,31.774269],[130.67838,31.665236],[130.68019,31.66243],[130.507328,31.693199]]]},"properties":{}}},
    {"code":1190754,"id":"9208f3","name":"竜ヶ水","original_name":"竜ヶ水","name_kana":"りゅうがみず","closed":false,"lat":31.64743,"lng":130.604239,"prefecture":46,"lines":[11907],"attr":"heat","postal_code":"892-0871","address":"鹿児島県鹿児島市吉野町10252","voronoi":{"type":"Feature","geometry":{"type":"Polygon","coordinates":[[[130.786061,31.469643],[130.819529,31.47105],[130.750268,31.585643],[130.71234,31.639147],[130.68019,31.66243],[130.507328,31.693199],[130.527119,31.675269],[130.678791,31.541012],[130.680679,31.539702],[130.764668,31.48358],[130.786061,31.469643]]]},"properties":{}}},
    {"code":1190412,"id":"662dbf","name":"鹿児島","original_name":"鹿児島","name_kana":"かごしま","closed":false,"lat":31.602098,"lng":130.564112,"prefecture":46,"lines":[11904,11907],"attr":"heat","postal_code":"892-0812","address":"鹿児島市浜町","voronoi":{"type":"Feature","geometry":{"type":"Polygon","coordinates":[[[130.527119,31.675269],[130.566321,31.595456],[130.56855,31.592161],[130.599279,31.572899],[130.602825,31.571308],[130.628639,31.560554],[130.678791,31.541012],[130.527119,31.675269]]]},"properties":{}}},
    {"code":101012,"id":"4f45fc","name":"鹿児島中央","original_name":"鹿児島中央","name_kana":"かごしまちゅうおう","closed":false,"lat":31.583727,"lng":130.541789,"prefecture":46,"lines":[1010,11904,11907,11930],"attr":"heat","postal_code":"890-0053","address":"鹿児島市中央町","voronoi":{"type":"Feature","geometry":{"type":"Polygon","coordinates":[[[130.54214,31.586873],[130.513642,31.630507],[130.523042,31.580308],[130.528698,31.579692],[130.532919,31.579717],[130.538425,31.580571],[130.543055,31.58242],[130.54214,31.586873]]]},"properties":{}}}
  ]
}