{
  "code":11911,
  "id":"dd8b48",
  "name":"JR筑豊本線(福北ゆたか線)(折尾～桂川)",
  "name_kana":"じぇいあーるちくほうほんせん(ふくほくゆたかせん)",
  "name_formal":"JR筑豊本線(折尾～桂川)",
  "station_size":16,
  "company_code":6,
  "closed":false,
  "color":"#FFFF00",
  "station_list":[
    {"code":1190214,"id":"dddb7e","name":"折尾","original_name":"折尾","name_kana":"おりお","closed":false,"lat":33.863629,"lng":130.713109,"prefecture":40,"lines":[11902,11910,11911],"attr":"cool","postal_code":"807-0861","address":"北九州市八幡西区堀川町","voronoi":{"type":"Feature","geometry":{"type":"Polygon","coordinates":[[[130.673757,33.90703],[130.706877,33.853051],[130.722998,33.849619],[130.724846,33.852283],[130.727876,33.860983],[130.673757,33.90703]]]},"properties":{}}},
    {"code":1191102,"id":"0e0d98","name":"東水巻","original_name":"東水巻","name_kana":"ひがしみずまき","closed":false,"lat":33.840852,"lng":130.70826,"prefecture":40,"lines":[11911],"attr":"eco","postal_code":"807-0042","address":"遠賀郡水巻町吉田","voronoi":{"type":"Feature","geometry":{"type":"Polygon","coordinates":[[[130.722605,33.840022],[130.723426,33.843769],[130.723553,33.845671],[130.722998,33.849619],[130.706877,33.853051],[130.690523,33.833549],[130.69211,33.833126],[130.720421,33.835446],[130.722605,33.840022]]]},"properties":{}}},
    {"code":1191103,"id":"2d292f","name":"中間","original_name":"中間","name_kana":"なかま","closed":false,"lat":33.828132,"lng":130.709302,"prefecture":40,"lines":[11911],"attr":"eco","postal_code":"809-0034","address":"中間市大字中間","voronoi":{"type":"Feature","geometry":{"type":"Polygon","coordinates":[[[130.720515,33.833734],[130.720421,33.835446],[130.69211,33.833126],[130.709765,33.820387],[130.715094,33.823756],[130.71952,33.830311],[130.720515,33.833734]]]},"properties":{}}},
    {"code":1191104,"id":"3f6588","name":"筑前垣生","original_name":"筑前垣生","name_kana":"ちくぜんはぶ","closed":false,"lat":33.818385,"lng":130.702269,"prefecture":40,"lines":[11911],"attr":"eco","postal_code":"809-0001","address":"中間市大字垣生","voronoi":{"type":"Feature","geometry":{"type":"Polygon","coordinates":[[[130.69211,33.833126],[130.690523,33.833549],[130.688405,33.833072],[130.668226,33.812547],[130.701088,33.808008],[130.709199,33.815732],[130.709765,33.820387],[130.69211,33.833126]]]},"properties":{}}},
    {"code":1191105,"id":"80c26b","name":"鞍手","original_name":"鞍手","name_kana":"くらて","closed":false,"lat":33.797699,"lng":130.699412,"prefecture":40,"lines":[11911],"attr":"eco","postal_code":"807-1311","address":"鞍手郡鞍手町小牧","voronoi":{"type":"Feature","geometry":{"type":"Polygon","coordinates":[[[130.668226,33.812547],[130.701088,33.808008],[130.709214,33.799056],[130.710036,33.79008],[130.64082,33.761287],[130.643271,33.786731],[130.653237,33.804613],[130.668226,33.812547]]]},"properties":{}}},
    {"code":1191106,"id":"ed2f8b","name":"筑前植木","original_name":"筑前植木","name_kana":"ちくぜんうえき","closed":false,"lat":33.777174,"lng":130.70795,"prefecture":40,"lines":[11911],"attr":"cool","postal_code":"822-0031","address":"直方市植木字平牟田","voronoi":{"type":"Feature","geometry":{"type":"Polygon","coordinates":[[[130.713902,33.786418],[130.711916,33.789141],[130.710036,33.79008],[130.64082,33.761287],[130.635282,33.740291],[130.65012,33.742704],[130.716829,33.772956],[130.716272,33.780189],[130.713902,33.786418]]]},"properties":{}}},
    {"code":1191107,"id":"1d953b","name":"新入","original_name":"新入","name_kana":"しんにゅう","closed":false,"lat":33.763498,"lng":130.714152,"prefecture":40,"lines":[11911],"attr":"cool","postal_code":"822-0000","address":"直方市新入","voronoi":{"type":"Feature","geometry":{"type":"Polygon","coordinates":[[[130.72361,33.76261],[130.716904,33.754463],[130.703616,33.745353],[130.65012,33.742704],[130.716829,33.772956],[130.721474,33.769606],[130.72361,33.76261]]]},"properties":{}}},
    {"code":1191108,"id":"4ede9b","name":"直方","original_name":"直方","name_kana":"のおがた","closed":false,"lat":33.748639,"lng":130.724339,"prefecture":40,"lines":[11911,99902],"attr":"cool","postal_code":"822-0034","address":"直方市大字山部","voronoi":{"type":"Feature","geometry":{"type":"Polygon","coordinates":[[[130.703616,33.745353],[130.709673,33.742833],[130.739358,33.744523],[130.737446,33.746178],[130.716904,33.754463],[130.703616,33.745353]]]},"properties":{}}},
    {"code":1191109,"id":"84072f","name":"勝野","original_name":"勝野","name_kana":"かつの","closed":false,"lat":33.728338,"lng":130.715893,"prefecture":40,"lines":[11911],"attr":"heat","postal_code":"820-1102","address":"鞍手郡小竹町赤地字兵丹","voronoi":{"type":"Feature","geometry":{"type":"Polygon","coordinates":[[[130.709673,33.742833],[130.720818,33.733169],[130.718423,33.711835],[130.627511,33.728068],[130.635282,33.740291],[130.65012,33.742704],[130.703616,33.745353],[130.709673,33.742833]]]},"properties":{}}},
    {"code":1191110,"id":"9db4a9","name":"小竹","original_name":"小竹","name_kana":"こたけ","closed":false,"lat":33.697227,"lng":130.710338,"prefecture":40,"lines":[11911],"attr":"heat","postal_code":"820-1103","address":"鞍手郡小竹町大字勝野","voronoi":{"type":"Feature","geometry":{"type":"Polygon","coordinates":[[[130.718423,33.711835],[130.627511,33.728068],[130.611151,33.710368],[130.612816,33.707453],[130.737793,33.675297],[130.738661,33.685101],[130.738644,33.68544],[130.73636,33.695755],[130.735718,33.696634],[130.722549,33.709889],[130.718423,33.711835]]]},"properties":{}}},
    {"code":1191111,"id":"815623","name":"鯰田","original_name":"鯰田","name_kana":"なまずた","closed":false,"lat":33.669341,"lng":130.703163,"prefecture":40,"lines":[11911],"attr":"heat","postal_code":"820-0001","address":"飯塚市鯰田本町","voronoi":{"type":"Feature","geometry":{"type":"Polygon","coordinates":[[[130.621376,33.685486],[130.612816,33.707453],[130.737793,33.675297],[130.738397,33.673556],[130.741762,33.660837],[130.741757,33.660423],[130.738041,33.654322],[130.735609,33.652701],[130.621376,33.685486]]]},"properties":{}}},
    {"code":1191112,"id":"626f81","name":"浦田(福岡)","original_name":"浦田","name_kana":"うらた","closed":false,"lat":33.655801,"lng":130.699277,"prefecture":40,"lines":[11911],"attr":"heat","postal_code":"820-0001","address":"飯塚市鯰田","voronoi":{"type":"Feature","geometry":{"type":"Polygon","coordinates":[[[130.735609,33.652701],[130.621376,33.685486],[130.62232,33.682285],[130.714361,33.642414],[130.733693,33.650797],[130.735609,33.652701]]]},"properties":{}}},
    {"code":1191113,"id":"c18c6d","name":"新飯塚","original_name":"新飯塚","name_kana":"しんいいづか","closed":false,"lat":33.644261,"lng":130.694278,"prefecture":40,"lines":[11911,11915],"attr":"heat","postal_code":"820-0003","address":"飯塚市大字立岩","voronoi":{"type":"Feature","geometry":{"type":"Polygon","coordinates":[[[130.703608,33.632864],[130.714361,33.642414],[130.62232,33.682285],[130.627079,33.65992],[130.630233,33.654934],[130.630294,33.654862],[130.703608,33.632864]]]},"properties":{}}},
    {"code":1191114,"id":"36c6d3","name":"飯塚","original_name":"飯塚","name_kana":"いいづか","closed":false,"lat":33.628487,"lng":130.689545,"prefecture":40,"lines":[11911],"attr":"heat","postal_code":"820-0017","address":"飯塚市菰田西１丁目","voronoi":{"type":"Feature","geometry":{"type":"Polygon","coordinates":[[[130.630294,33.654862],[130.640897,33.638509],[130.697701,33.609856],[130.703608,33.632864],[130.630294,33.654862]]]},"properties":{}}},
    {"code":1191115,"id":"734f24","name":"天道","original_name":"天道","name_kana":"てんとう","closed":false,"lat":33.605342,"lng":130.67787,"prefecture":40,"lines":[11911],"attr":"heat","postal_code":"820-0075","address":"飯塚市天道","voronoi":{"type":"Feature","geometry":{"type":"Polygon","coordinates":[[[130.640897,33.638509],[130.65013,33.609808],[130.711554,33.56481],[130.706666,33.590797],[130.697701,33.609856],[130.640897,33.638509]]]},"properties":{}}},
    {"code":1190801,"id":"8835ce","name":"桂川(福岡)","original_name":"桂川","name_kana":"けいせん","closed":false,"lat":33.584705,"lng":130.662752,"prefecture":40,"lines":[11908,11911,11912],"attr":"heat","postal_code":"820-0608","address":"嘉穂郡桂川町大字豆田","voronoi":{"type":"Feature","geometry":{"type":"Polygon","coordinates":[[[130.689589,33.54056],[130.645892,33.583779],[130.65013,33.609808],[130.711554,33.56481],[130.734055,33.515889],[130.689589,33.54056]]]},"properties":{}}}
  ]
}