{
  "code":11917,
  "id":"310de4",
  "name":"JR香椎線(香椎～宇美)",
  "name_kana":"じぇいあーるかしいせん",
  "station_size":11,
  "company_code":6,
  "closed":false,
  "station_list":[
    {"code":1190227,"id":"304596","name":"香椎","original_name":"香椎","name_kana":"かしい","closed":false,"lat":33.659228,"lng":130.444063,"prefecture":40,"lines":[11902,11916,11917],"attr":"heat","postal_code":"813-0013","address":"福岡市東区香椎駅前１丁目","voronoi":{"type":"Feature","geometry":{"type":"Polygon","coordinates":[[[130.444359,33.66683],[130.442329,33.657626],[130.449272,33.655177],[130.467452,33.67141],[130.444359,33.66683]]]},"properties":{}}},
    {"code":1191702,"id":"0cad51","name":"香椎神宮","original_name":"香椎神宮","name_kana":"かしいじんぐう","closed":false,"lat":33.649544,"lng":130.45271,"prefecture":40,"lines":[11917],"attr":"cool","postal_code":"813-0011","address":"福岡市東区香椎５丁目","voronoi":{"type":"Feature","geometry":{"type":"Polygon","coordinates":[[[130.446559,33.650438],[130.449272,33.655177],[130.467452,33.67141],[130.49135,33.682793],[130.502557,33.681817],[130.484717,33.665467],[130.446809,33.643304],[130.446559,33.650438]]]},"properties":{}}},
    {"code":1191703,"id":"ef31eb","name":"舞松原","original_name":"舞松原","name_kana":"まいまつばら","closed":false,"lat":33.645386,"lng":130.455141,"prefecture":40,"lines":[11917],"attr":"eco","postal_code":"813-0042","address":"福岡市東区舞松原６丁目","voronoi":{"type":"Feature","geometry":{"type":"Polygon","coordinates":[[[130.446809,33.643304],[130.444518,33.634302],[130.4449,33.630925],[130.450197,33.629261],[130.484717,33.665467],[130.446809,33.643304]]]},"properties":{}}},
    {"code":1191704,"id":"6344cf","name":"土井","original_name":"土井","name_kana":"どい","closed":false,"lat":33.634968,"lng":130.466068,"prefecture":40,"lines":[11917],"attr":"eco","postal_code":"813-0032","address":"福岡市東区土井３丁目","voronoi":{"type":"Feature","geometry":{"type":"Polygon","coordinates":[[[130.503859,33.675351],[130.485221,33.636026],[130.45805,33.62167],[130.450197,33.629261],[130.484717,33.665467],[130.502557,33.681817],[130.505106,33.682022],[130.503859,33.675351]]]},"properties":{}}},
    {"code":1191705,"id":"81ece0","name":"伊賀","original_name":"伊賀","name_kana":"いが","closed":false,"lat":33.6208,"lng":130.473554,"prefecture":40,"lines":[11917],"attr":"eco","postal_code":"811-2312","address":"糟屋郡粕屋町大字戸原","voronoi":{"type":"Feature","geometry":{"type":"Polygon","coordinates":[[[130.485066,33.622743],[130.485221,33.636026],[130.45805,33.62167],[130.458427,33.620252],[130.473543,33.615902],[130.485066,33.622743]]]},"properties":{}}},
    {"code":1190808,"id":"89df86","name":"長者原","original_name":"長者原","name_kana":"ちょうじゃばる","closed":false,"lat":33.613567,"lng":130.477848,"prefecture":40,"lines":[11908,11917],"attr":"heat","postal_code":"811-2304","address":"糟屋郡粕屋町仲原","voronoi":{"type":"Feature","geometry":{"type":"Polygon","coordinates":[[[130.485066,33.622743],[130.473543,33.615902],[130.476705,33.60391],[130.488626,33.613193],[130.485066,33.622743]]]},"properties":{}}},
    {"code":1191707,"id":"c47945","name":"酒殿","original_name":"酒殿","name_kana":"さかど","closed":false,"lat":33.602652,"lng":130.486348,"prefecture":40,"lines":[11917],"attr":"heat","postal_code":"811-2303","address":"糟屋郡粕屋町大字酒殿","voronoi":{"type":"Feature","geometry":{"type":"Polygon","coordinates":[[[130.490163,33.595617],[130.473763,33.598929],[130.476705,33.60391],[130.488626,33.613193],[130.496649,33.608624],[130.490163,33.595617]]]},"properties":{}}},
    {"code":1191708,"id":"c0b4ea","name":"須恵","original_name":"須恵","name_kana":"すえ","closed":false,"lat":33.596803,"lng":130.498077,"prefecture":40,"lines":[11917],"attr":"heat","postal_code":"811-2112","address":"福岡県糟屋郡須恵町大字植木587-8","voronoi":{"type":"Feature","geometry":{"type":"Polygon","coordinates":[[[130.496649,33.608624],[130.490163,33.595617],[130.494148,33.5865],[130.517815,33.604098],[130.512111,33.609633],[130.496649,33.608624]]]},"properties":{}}},
    {"code":1191709,"id":"225031","name":"須恵中央","original_name":"須恵中央","name_kana":"すえちゅうおう","closed":false,"lat":33.587296,"lng":130.505146,"prefecture":40,"lines":[11917],"attr":"heat","postal_code":"811-2113","address":"福岡県糟屋郡須恵町大字須恵806","voronoi":{"type":"Feature","geometry":{"type":"Polygon","coordinates":[[[130.517815,33.604098],[130.534297,33.595411],[130.499199,33.579688],[130.493016,33.57926],[130.494148,33.5865],[130.517815,33.604098]]]},"properties":{}}},
    {"code":1191710,"id":"3b5a70","name":"新原","original_name":"新原","name_kana":"しんばる","closed":false,"lat":33.579061,"lng":130.508835,"prefecture":40,"lines":[11917],"attr":"heat","postal_code":"811-2111","address":"福岡県糟屋郡須恵町大字新原249-1","voronoi":{"type":"Feature","geometry":{"type":"Polygon","coordinates":[[[130.539095,33.593738],[130.534297,33.595411],[130.499199,33.579688],[130.511402,33.574283],[130.543202,33.589165],[130.539095,33.593738]]]},"properties":{}}},
    {"code":1191711,"id":"d9ebe0","name":"宇美","original_name":"宇美","name_kana":"うみ","closed":false,"lat":33.569251,"lng":130.513426,"prefecture":40,"lines":[11917,10901],"attr":"heat","postal_code":"811-2101","address":"糟屋郡宇美町大字宇美","voronoi":{"type":"Feature","geometry":{"type":"Polygon","coordinates":[[[130.511402,33.574283],[130.498334,33.548705],[130.503863,33.544536],[130.504248,33.544338],[130.544847,33.587815],[130.543202,33.589165],[130.511402,33.574283]]]},"properties":{}}}
  ]
}