{
  "code":11925,
  "id":"69939b",
  "name":"JR肥薩線(えびの高原線)(八代～吉松)",
  "name_kana":"じぇいあーるひさつせん(えびのこうげんせん)",
  "name_formal":"JR肥薩線(八代～吉松)",
  "station_size":19,
  "company_code":6,
  "closed":false,
  "station_list":[
    {"code":1190349,"id":"5c4fda","name":"八代","original_name":"八代","name_kana":"やつしろ","closed":false,"lat":32.503805,"lng":130.621609,"prefecture":43,"lines":[11903,11925,99921],"attr":"cool","postal_code":"866-0831","address":"八代市萩原町１丁目","voronoi":{"type":"Feature","geometry":{"type":"Polygon","coordinates":[[[130.632096,32.484888],[130.52176,32.52011],[130.564468,32.571141],[130.645877,32.4942],[130.632096,32.484888]]]},"properties":{}}},
    {"code":1192502,"id":"6a4933","name":"段","original_name":"段","name_kana":"だん","closed":false,"lat":32.468101,"lng":130.645736,"prefecture":43,"lines":[11925],"attr":"heat","postal_code":"869-6101","address":"八代市坂本町西部","voronoi":{"type":"Feature","geometry":{"type":"Polygon","coordinates":[[[130.674052,32.500322],[130.716142,32.500437],[130.756187,32.490146],[130.622168,32.440682],[130.632096,32.484888],[130.645877,32.4942],[130.674052,32.500322]]]},"properties":{}}},
    {"code":1192503,"id":"bff482","name":"坂本","original_name":"坂本","name_kana":"さかもと","closed":false,"lat":32.435149,"lng":130.657898,"prefecture":43,"lines":[11925],"attr":"heat","postal_code":"869-6105","address":"八代市坂本町坂本","voronoi":{"type":"Feature","geometry":{"type":"Polygon","coordinates":[[[130.839106,32.482248],[130.756187,32.490146],[130.622168,32.440682],[130.620209,32.438485],[130.673413,32.411827],[130.827012,32.400259],[130.835244,32.412379],[130.851069,32.437687],[130.871857,32.475051],[130.839106,32.482248]]]},"properties":{}}},
    {"code":1192504,"id":"a577ce","name":"葉木","original_name":"葉木","name_kana":"はき","closed":false,"lat":32.410293,"lng":130.645444,"prefecture":43,"lines":[11925],"attr":"heat","postal_code":"869-6111","address":"八代市坂本町葉木","voronoi":{"type":"Feature","geometry":{"type":"Polygon","coordinates":[[[130.628886,32.390641],[130.673413,32.411827],[130.620209,32.438485],[130.619601,32.438179],[130.601355,32.393174],[130.607954,32.390339],[130.628886,32.390641]]]},"properties":{}}},
    {"code":1192505,"id":"2c59a3","name":"鎌瀬","original_name":"鎌瀬","name_kana":"かませ","closed":false,"lat":32.391092,"lng":130.65458,"prefecture":43,"lines":[11925],"attr":"heat","postal_code":"869-6112","address":"八代市坂本町鎌瀬","voronoi":{"type":"Feature","geometry":{"type":"Polygon","coordinates":[[[130.821169,32.389137],[130.824117,32.394538],[130.827012,32.400259],[130.673413,32.411827],[130.628886,32.390641],[130.75203,32.336808],[130.775797,32.3472],[130.804497,32.366323],[130.821169,32.389137]]]},"properties":{}}},
    {"code":1192506,"id":"60d73a","name":"瀬戸石","original_name":"瀬戸石","name_kana":"せといし","closed":false,"lat":32.371474,"lng":130.646004,"prefecture":43,"lines":[11925],"attr":"heat","postal_code":"869-5221","address":"八代市坂本町川嶽","voronoi":{"type":"Feature","geometry":{"type":"Polygon","coordinates":[[[130.735553,32.327629],[130.700578,32.314972],[130.688355,32.312918],[130.673359,32.312127],[130.671799,32.31302],[130.607954,32.390339],[130.628886,32.390641],[130.75203,32.336808],[130.735553,32.327629]]]},"properties":{}}},
    {"code":1192507,"id":"3f71e1","name":"海路","original_name":"海路","name_kana":"かいじ","closed":false,"lat":32.349407,"lng":130.61928,"prefecture":43,"lines":[11925],"attr":"heat","postal_code":"869-6216","address":"葦北郡芦北町海路","voronoi":{"type":"Feature","geometry":{"type":"Polygon","coordinates":[[[130.601355,32.393174],[130.586787,32.386853],[130.575297,32.375598],[130.624818,32.324791],[130.671799,32.31302],[130.607954,32.390339],[130.601355,32.393174]]]},"properties":{}}},
    {"code":1192508,"id":"88afb6","name":"吉尾","original_name":"吉尾","name_kana":"よしお","closed":false,"lat":32.330958,"lng":130.600352,"prefecture":43,"lines":[11925],"attr":"heat","postal_code":"869-5400","address":"葦北郡芦北町上蔀","voronoi":{"type":"Feature","geometry":{"type":"Polygon","coordinates":[[[130.548109,32.319253],[130.554348,32.349459],[130.557963,32.35996],[130.565722,32.370192],[130.575297,32.375598],[130.624818,32.324791],[130.552861,32.302074],[130.548109,32.319253]]]},"properties":{}}},
    {"code":1192509,"id":"958277","name":"白石(熊本)","original_name":"白石","name_kana":"しろいし","closed":false,"lat":32.305694,"lng":130.608328,"prefecture":43,"lines":[11925],"attr":"heat","postal_code":"869-6302","address":"葦北郡芦北町白石","voronoi":{"type":"Feature","geometry":{"type":"Polygon","coordinates":[[[130.641279,32.286636],[130.557003,32.286941],[130.552947,32.299143],[130.552861,32.302074],[130.624818,32.324791],[130.671799,32.31302],[130.673359,32.312127],[130.641279,32.286636]]]},"properties":{}}},
    {"code":1192510,"id":"3736fc","name":"球泉洞","original_name":"球泉洞","name_kana":"きゅうせんどう","closed":false,"lat":32.267817,"lng":130.608191,"prefecture":43,"lines":[11925],"attr":"eco","postal_code":"869-6400","address":"球磨郡球磨村大坂間","voronoi":{"type":"Feature","geometry":{"type":"Polygon","coordinates":[[[130.557003,32.286941],[130.552955,32.164169],[130.592626,32.16433],[130.641279,32.286636],[130.557003,32.286941]]]},"properties":{}}},
    {"code":1192511,"id":"85b79c","name":"一勝地","original_name":"一勝地","name_kana":"いっしょうち","closed":false,"lat":32.250231,"lng":130.652399,"prefecture":43,"lines":[11925],"attr":"eco","postal_code":"869-6403","address":"球磨郡球磨村大字一勝地","voronoi":{"type":"Feature","geometry":{"type":"Polygon","coordinates":[[[130.641279,32.286636],[130.592626,32.16433],[130.62147,32.15772],[130.688355,32.312918],[130.673359,32.312127],[130.641279,32.286636]]]},"properties":{}}},
    {"code":1192512,"id":"1eddf8","name":"那良口","original_name":"那良口","name_kana":"ならぐち","closed":false,"lat":32.243732,"lng":130.667479,"prefecture":43,"lines":[11925],"attr":"eco","postal_code":"869-6402","address":"球磨郡球磨村大字三ケ浦","voronoi":{"type":"Feature","geometry":{"type":"Polygon","coordinates":[[[130.700578,32.314972],[130.688355,32.312918],[130.62147,32.15772],[130.656774,32.146429],[130.700578,32.314972]]]},"properties":{}}},
    {"code":1192513,"id":"b5c055","name":"渡","original_name":"渡","name_kana":"わたり","closed":false,"lat":32.236631,"lng":130.694801,"prefecture":43,"lines":[11925],"attr":"eco","postal_code":"869-6401","address":"球磨郡球磨村渡島田入枝","voronoi":{"type":"Feature","geometry":{"type":"Polygon","coordinates":[[[130.660394,32.144661],[130.656774,32.146429],[130.700578,32.314972],[130.735553,32.327629],[130.688465,32.150608],[130.660394,32.144661]]]},"properties":{}}},
    {"code":1192514,"id":"be5c0c","name":"西人吉","original_name":"西人吉","name_kana":"にしひとよし","closed":false,"lat":32.22841,"lng":130.725707,"prefecture":43,"lines":[11925],"attr":"cool","postal_code":"868-0086","address":"人吉市下原田町","voronoi":{"type":"Feature","geometry":{"type":"Polygon","coordinates":[[[130.775797,32.3472],[130.755711,32.258817],[130.70937,32.15271],[130.704455,32.150965],[130.688465,32.150608],[130.735553,32.327629],[130.75203,32.336808],[130.775797,32.3472]]]},"properties":{}}},
    {"code":1192515,"id":"c900e0","name":"人吉(人吉温泉)","original_name":"人吉(人吉温泉)","name_kana":"ひとよしおんせん","closed":false,"lat":32.216142,"lng":130.753797,"prefecture":43,"lines":[11925,99920],"attr":"cool","postal_code":"868-0008","address":"人吉市中青井町","voronoi":{"type":"Feature","geometry":{"type":"Polygon","coordinates":[[[130.71484,32.153493],[130.70937,32.15271],[130.755711,32.258817],[130.766029,32.187402],[130.71484,32.153493]]]},"properties":{}}},
    {"code":1192516,"id":"79ec49","name":"大畑","original_name":"大畑","name_kana":"おこば","closed":false,"lat":32.16493,"lng":130.787722,"prefecture":43,"lines":[11925],"attr":"cool","postal_code":"868-0811","address":"人吉市大畑麓町","voronoi":{"type":"Feature","geometry":{"type":"Polygon","coordinates":[[[130.772347,32.18954],[130.79493,32.185495],[130.844513,32.157455],[130.873775,32.126676],[130.848119,32.114303],[130.84775,32.114217],[130.71484,32.153493],[130.766029,32.187402],[130.772347,32.18954]]]},"properties":{}}},
    {"code":1192517,"id":"5d1691","name":"矢岳","original_name":"矢岳","name_kana":"やたけ","closed":false,"lat":32.104278,"lng":130.769799,"prefecture":43,"lines":[11925],"attr":"cool","postal_code":"868-0813","address":"人吉市矢岳町","voronoi":{"type":"Feature","geometry":{"type":"Polygon","coordinates":[[[130.794023,32.074022],[130.759924,32.075115],[130.704455,32.150965],[130.70937,32.15271],[130.71484,32.153493],[130.84775,32.114217],[130.794023,32.074022]]]},"properties":{}}},
    {"code":1192518,"id":"c0f476","name":"真幸","original_name":"真幸","name_kana":"まさき","closed":false,"lat":32.074544,"lng":130.72914,"prefecture":45,"lines":[11925],"attr":"cool","postal_code":"889-4162","address":"えびの市内竪","voronoi":{"type":"Feature","geometry":{"type":"Polygon","coordinates":[[[130.759924,32.075115],[130.704455,32.150965],[130.688465,32.150608],[130.660394,32.144661],[130.672834,32.034569],[130.710297,32.039941],[130.74489,32.055129],[130.759924,32.075115]]]},"properties":{}}},
    {"code":1192519,"id":"4db963","name":"吉松","original_name":"吉松","name_kana":"よしまつ","closed":false,"lat":32.012026,"lng":130.738104,"prefecture":46,"lines":[11925,11926,11929],"attr":"heat","postal_code":"899-6104","address":"姶良郡湧水町川西","voronoi":{"type":"Feature","geometry":{"type":"Polygon","coordinates":[[[130.670376,32.028086],[130.671351,31.995291],[130.801289,31.964755],[130.789609,31.994947],[130.710297,32.039941],[130.672834,32.034569],[130.670376,32.028086]]]},"properties":{}}}
  ]
}