{
  "code":11924,
  "id":210,
  "name":"JR三角線",
  "name_kana":"じぇいあーるみすみせん",
  "station_size":13,
  "company_code":6,
  "closed":false,
  "station_list":[
    {"code":101007,"id":4093,"name":"熊本","original_name":"熊本","name_kana":"くまもと","closed":false,"lat":32.78988,"lng":130.68899,"prefecture":43,"lines":[1010,11903,11923,11924],"attr":"heat","postal_code":"860-0047","address":"熊本市春日３丁目","voronoi":{"type":"Feature","geometry":{"type":"Polygon","coordinates":[[[130.688679,32.788368],[130.690925,32.793071],[130.687708,32.799317],[130.686073,32.800682],[130.642548,32.81754],[130.604742,32.822966],[130.6025,32.822234],[130.584385,32.807227],[130.594411,32.796834],[130.609168,32.793504],[130.685164,32.787909],[130.688679,32.788368]]]},"properties":{}}},
    {"code":1190351,"id":9307,"name":"西熊本","original_name":"西熊本","name_kana":"にしくまもと","closed":false,"lat":32.7625,"lng":130.682812,"prefecture":43,"lines":[11903,11924],"attr":"eco","postal_code":"861-4134","address":"熊本市南区刈草一丁目","open_date":"2016-03-26","voronoi":{"type":"Feature","geometry":{"type":"Polygon","coordinates":[[[130.594411,32.796834],[130.609168,32.793504],[130.693158,32.772053],[130.715423,32.747852],[130.618601,32.762871],[130.594411,32.796834]]]},"properties":{}}},
    {"code":1190342,"id":4094,"name":"川尻","original_name":"川尻","name_kana":"かわしり","closed":false,"lat":32.743772,"lng":130.679907,"prefecture":43,"lines":[11903,11924],"attr":"heat","postal_code":"861-4113","address":"熊本市八幡町","voronoi":{"type":"Feature","geometry":{"type":"Polygon","coordinates":[[[130.635744,32.738289],[130.740801,32.713523],[130.740017,32.715363],[130.736244,32.723585],[130.734518,32.727099],[130.724958,32.741891],[130.715423,32.747852],[130.618601,32.762871],[130.626541,32.747271],[130.635744,32.738289]]]},"properties":{}}},
    {"code":1190350,"id":9121,"name":"富合","original_name":"富合","name_kana":"とみあい","closed":false,"lat":32.713658,"lng":130.672808,"prefecture":43,"lines":[11903,11924],"attr":"heat","postal_code":"861-4163","address":"熊本県熊本市南区富合町志々水63-6","open_date":"2011-03-22","voronoi":{"type":"Feature","geometry":{"type":"Polygon","coordinates":[[[130.740801,32.713523],[130.635744,32.738289],[130.650159,32.707871],[130.76011,32.68715],[130.740801,32.713523]]]},"properties":{}}},
    {"code":1190343,"id":4095,"name":"宇土","original_name":"宇土","name_kana":"うと","closed":false,"lat":32.694237,"lng":130.669148,"prefecture":43,"lines":[11903,11924],"attr":"eco","postal_code":"869-0406","address":"宇土市三拾町","voronoi":{"type":"Feature","geometry":{"type":"Polygon","coordinates":[[[130.769653,32.676709],[130.650375,32.672611],[130.650159,32.707871],[130.76011,32.68715],[130.769653,32.676709]]]},"properties":{}}},
    {"code":1192404,"id":4470,"name":"緑川","original_name":"緑川","name_kana":"みどりかわ","closed":false,"lat":32.694006,"lng":130.631339,"prefecture":43,"lines":[11924],"attr":"heat","postal_code":"869-0463","address":"宇土市野鶴町岩崎","voronoi":{"type":"Feature","geometry":{"type":"Polygon","coordinates":[[[130.635744,32.738289],[130.650159,32.707871],[130.650375,32.672611],[130.605125,32.630002],[130.601221,32.642422],[130.626541,32.747271],[130.635744,32.738289]]]},"properties":{}}},
    {"code":1192405,"id":4471,"name":"住吉(熊本)","original_name":"住吉","name_kana":"すみよし","closed":false,"lat":32.702066,"lng":130.597963,"prefecture":43,"lines":[11924],"attr":"heat","postal_code":"869-0401","address":"宇土市住吉町","voronoi":{"type":"Feature","geometry":{"type":"Polygon","coordinates":[[[130.601221,32.642422],[130.590777,32.657815],[130.54627,32.805212],[130.584385,32.807227],[130.594411,32.796834],[130.618601,32.762871],[130.626541,32.747271],[130.601221,32.642422]]]},"properties":{}}},
    {"code":1192406,"id":4472,"name":"肥後長浜","original_name":"肥後長浜","name_kana":"ひごながはま","closed":false,"lat":32.690694,"lng":130.560302,"prefecture":43,"lines":[11924],"attr":"eco","postal_code":"869-3171","address":"宇土市長浜町","voronoi":{"type":"Feature","geometry":{"type":"Polygon","coordinates":[[[130.512152,32.70288],[130.476156,32.75108],[130.497655,32.797764],[130.533312,32.806756],[130.54627,32.805212],[130.590777,32.657815],[130.512152,32.70288]]]},"properties":{}}},
    {"code":1192407,"id":4473,"name":"網田","original_name":"網田","name_kana":"おうだ","closed":false,"lat":32.667493,"lng":130.547004,"prefecture":43,"lines":[11924],"attr":"eco","postal_code":"869-3173","address":"宇土市下網田町","voronoi":{"type":"Feature","geometry":{"type":"Polygon","coordinates":[[[130.590777,32.657815],[130.512152,32.70288],[130.536611,32.639614],[130.572176,32.582356],[130.594521,32.598655],[130.602416,32.607926],[130.605125,32.630002],[130.601221,32.642422],[130.590777,32.657815]]]},"properties":{}}},
    {"code":1192408,"id":4474,"name":"赤瀬","original_name":"赤瀬","name_kana":"あかせ","closed":false,"lat":32.653252,"lng":130.510167,"prefecture":43,"lines":[11924],"attr":"eco","postal_code":"869-3175","address":"宇土市赤瀬町","voronoi":{"type":"Feature","geometry":{"type":"Polygon","coordinates":[[[130.450653,32.665193],[130.422798,32.689788],[130.445784,32.717713],[130.476156,32.75108],[130.512152,32.70288],[130.536611,32.639614],[130.450653,32.665193]]]},"properties":{}}},
    {"code":1192409,"id":4475,"name":"石打ダム","original_name":"石打ダム","name_kana":"いしうちだむ","closed":false,"lat":32.642653,"lng":130.507013,"prefecture":43,"lines":[11924],"attr":"cool","postal_code":"869-3204","address":"宇城市三角町中村","voronoi":{"type":"Feature","geometry":{"type":"Polygon","coordinates":[[[130.572176,32.582356],[130.569495,32.578987],[130.460087,32.655193],[130.450653,32.665193],[130.536611,32.639614],[130.572176,32.582356]]]},"properties":{}}},
    {"code":1192410,"id":4476,"name":"波多浦","original_name":"波多浦","name_kana":"はたうら","closed":false,"lat":32.615524,"lng":130.488117,"prefecture":43,"lines":[11924],"attr":"cool","postal_code":"869-3205","address":"宇城市三角町波多","voronoi":{"type":"Feature","geometry":{"type":"Polygon","coordinates":[[[130.564468,32.571141],[130.568761,32.577596],[130.569495,32.578987],[130.460087,32.655193],[130.519505,32.518105],[130.52176,32.52011],[130.564468,32.571141]]]},"properties":{}}},
    {"code":1192411,"id":4477,"name":"三角","original_name":"三角","name_kana":"みすみ","closed":false,"lat":32.607616,"lng":130.469872,"prefecture":43,"lines":[11924],"attr":"cool","postal_code":"869-3207","address":"宇城市三角町三角浦","voronoi":{"type":"Feature","geometry":{"type":"Polygon","coordinates":[[[130.14236,32.459721],[130.207243,32.556186],[130.422798,32.689788],[130.450653,32.665193],[130.460087,32.655193],[130.519505,32.518105],[130.519267,32.517848],[130.459989,32.49251],[130.311022,32.458695],[130.283829,32.454597],[130.200717,32.448981],[130.14236,32.459721]]]},"properties":{}}}
  ]
}