{
  "code":11929,
  "id":"9429c7",
  "name":"JR吉都線(えびの高原線)",
  "name_kana":"じぇいあーるきっとせん(えびのこうげんせん)",
  "name_formal":"JR吉都線",
  "station_size":17,
  "company_code":6,
  "closed":false,
  "station_list":[
    {"code":1190739,"id":"1f43bd","name":"都城","original_name":"都城","name_kana":"みやこのじょう","closed":false,"lat":31.73657,"lng":131.073992,"prefecture":45,"lines":[11907,11929],"attr":"cool","postal_code":"885-0023","address":"都城市栄町","voronoi":{"type":"Feature","geometry":{"type":"Polygon","coordinates":[[[131.098269,31.761033],[131.094119,31.693175],[131.055233,31.743194],[131.097324,31.763727],[131.098269,31.761033]]]},"properties":{}}},
    {"code":1192902,"id":"1e85e9","name":"日向庄内","original_name":"日向庄内","name_kana":"ひゅうがしょうない","closed":false,"lat":31.762056,"lng":131.06156,"prefecture":45,"lines":[11929],"attr":"eco","postal_code":"885-0112","address":"都城市乙房町","voronoi":{"type":"Feature","geometry":{"type":"Polygon","coordinates":[[[131.055233,31.743194],[131.097324,31.763727],[131.098971,31.787275],[131.017473,31.764405],[131.020821,31.75734],[131.04032,31.744942],[131.055233,31.743194]]]},"properties":{}}},
    {"code":1192903,"id":"37f9de","name":"谷頭","original_name":"谷頭","name_kana":"たにがしら","closed":false,"lat":31.789348,"lng":131.053901,"prefecture":45,"lines":[11929],"attr":"eco","postal_code":"889-4602","address":"都城市山田町中霧島","voronoi":{"type":"Feature","geometry":{"type":"Polygon","coordinates":[[[130.99952,31.782944],[131.017473,31.764405],[131.098971,31.787275],[131.099512,31.788593],[130.982752,31.830869],[130.984935,31.81382],[130.99952,31.782944]]]},"properties":{}}},
    {"code":1192904,"id":"1a4a0a","name":"万ヶ塚","original_name":"万ヶ塚","name_kana":"まんがつか","closed":false,"lat":31.817215,"lng":131.063991,"prefecture":45,"lines":[11929],"attr":"eco","postal_code":"885-1105","address":"宮崎県都城市丸谷町","voronoi":{"type":"Feature","geometry":{"type":"Polygon","coordinates":[[[130.98221,31.832572],[131.118851,31.826774],[131.107507,31.797705],[131.099512,31.788593],[130.982752,31.830869],[130.98221,31.832572]]]},"properties":{}}},
    {"code":1192905,"id":"fcfa8a","name":"東高崎","original_name":"東高崎","name_kana":"ひがしたかさき","closed":false,"lat":31.840946,"lng":131.064998,"prefecture":45,"lines":[11929],"attr":"eco","postal_code":"889-4504","address":"都城市高崎町東霧島","voronoi":{"type":"Feature","geometry":{"type":"Polygon","coordinates":[[[130.994719,31.853687],[130.99073,31.852236],[130.977574,31.842136],[130.98221,31.832572],[131.118851,31.826774],[131.143383,31.863651],[130.994719,31.853687]]]},"properties":{}}},
    {"code":1192906,"id":"7c6bfa","name":"高崎新田","original_name":"高崎新田","name_kana":"たかさきしんでん","closed":false,"lat":31.875693,"lng":131.062669,"prefecture":45,"lines":[11929],"attr":"eco","postal_code":"889-4505","address":"都城市高崎町大牟田","voronoi":{"type":"Feature","geometry":{"type":"Polygon","coordinates":[[[131.144332,31.86457],[131.179407,31.978729],[130.994719,31.853687],[131.143383,31.863651],[131.144332,31.86457]]]},"properties":{}}},
    {"code":1192907,"id":"e8195e","name":"日向前田","original_name":"日向前田","name_kana":"ひゅうがまえだ","closed":false,"lat":31.908605,"lng":131.040386,"prefecture":45,"lines":[11929],"attr":"eco","postal_code":"889-4506","address":"都城市高崎町前田","voronoi":{"type":"Feature","geometry":{"type":"Polygon","coordinates":[[[130.99073,31.852236],[130.994719,31.853687],[131.179407,31.978729],[131.223484,32.075845],[131.22205,32.087052],[131.216934,32.112905],[131.070028,31.997993],[131.040373,31.96451],[130.99073,31.852236]]]},"properties":{}}},
    {"code":1192908,"id":"cf9af6","name":"高原","original_name":"高原","name_kana":"たかはる","closed":false,"lat":31.926899,"lng":130.999012,"prefecture":45,"lines":[11929],"attr":"heat","postal_code":"889-4412","address":"西諸県郡高原町大字西麓","voronoi":{"type":"Feature","geometry":{"type":"Polygon","coordinates":[[[130.899543,31.900019],[130.919502,31.870265],[130.977574,31.842136],[130.99073,31.852236],[131.040373,31.96451],[130.899543,31.900019]]]},"properties":{}}},
    {"code":1192909,"id":"730b6e","name":"広原","original_name":"広原","name_kana":"ひろわら","closed":false,"lat":31.957766,"lng":130.984877,"prefecture":45,"lines":[11929],"attr":"heat","postal_code":"889-4411","address":"西諸県郡高原町大字広原","voronoi":{"type":"Feature","geometry":{"type":"Polygon","coordinates":[[[131.040373,31.96451],[130.899543,31.900019],[130.891705,31.908325],[130.936058,31.962473],[131.070028,31.997993],[131.040373,31.96451]]]},"properties":{}}},
    {"code":1192910,"id":"2c9b53","name":"小林(宮崎)","original_name":"小林","name_kana":"こばやし","closed":false,"lat":31.990749,"lng":130.976132,"prefecture":45,"lines":[11929],"attr":"heat","postal_code":"886-0004","address":"小林市大字細野","voronoi":{"type":"Feature","geometry":{"type":"Polygon","coordinates":[[[131.001548,32.134111],[131.03549,32.135287],[131.216913,32.132814],[131.216934,32.112905],[131.070028,31.997993],[130.936058,31.962473],[130.994518,32.132598],[130.996376,32.133051],[131.001548,32.134111]]]},"properties":{}}},
    {"code":1192911,"id":"22d568","name":"西小林","original_name":"西小林","name_kana":"にしこばやし","closed":false,"lat":32.009409,"lng":130.921829,"prefecture":45,"lines":[11929],"attr":"cool","postal_code":"886-0006","address":"小林市北西方","voronoi":{"type":"Feature","geometry":{"type":"Polygon","coordinates":[[[130.983854,32.132205],[130.940628,32.126859],[130.856889,31.923781],[130.891705,31.908325],[130.936058,31.962473],[130.994518,32.132598],[130.983854,32.132205]]]},"properties":{}}},
    {"code":1192912,"id":"f4a14a","name":"えびの飯野","original_name":"えびの飯野","name_kana":"えびのいいの","closed":false,"lat":32.030295,"lng":130.871178,"prefecture":45,"lines":[11929],"attr":"cool","postal_code":"889-4301","address":"えびの市大字原田","voronoi":{"type":"Feature","geometry":{"type":"Polygon","coordinates":[[[130.91056,32.13016],[130.895538,32.129208],[130.884078,32.127264],[130.834466,31.927401],[130.856889,31.923781],[130.940628,32.126859],[130.91056,32.13016]]]},"properties":{}}},
    {"code":1192913,"id":"bf2c7c","name":"えびの上江","original_name":"えびの上江","name_kana":"えびのうわえ","closed":false,"lat":32.035519,"lng":130.850133,"prefecture":45,"lines":[11929],"attr":"cool","postal_code":"889-4304","address":"えびの市大字上江","voronoi":{"type":"Feature","geometry":{"type":"Polygon","coordinates":[[[130.873775,32.126676],[130.884078,32.127264],[130.834466,31.927401],[130.830842,31.927621],[130.815615,31.950292],[130.848119,32.114303],[130.873775,32.126676]]]},"properties":{}}},
    {"code":1192914,"id":"1abb4c","name":"えびの","original_name":"えびの","name_kana":"えびの","closed":false,"lat":32.042242,"lng":130.81621,"prefecture":45,"lines":[11929],"attr":"cool","postal_code":"889-4221","address":"えびの市大字栗下","voronoi":{"type":"Feature","geometry":{"type":"Polygon","coordinates":[[[130.801289,31.964755],[130.815615,31.950292],[130.848119,32.114303],[130.84775,32.114217],[130.794023,32.074022],[130.789082,31.997955],[130.789609,31.994947],[130.801289,31.964755]]]},"properties":{}}},
    {"code":1192915,"id":"9d8306","name":"京町温泉","original_name":"京町温泉","name_kana":"きょうまちおんせん","closed":false,"lat":32.045379,"lng":130.767911,"prefecture":45,"lines":[11929],"attr":"cool","postal_code":"889-4151","address":"えびの市大字向江","voronoi":{"type":"Feature","geometry":{"type":"Polygon","coordinates":[[[130.74489,32.055129],[130.759924,32.075115],[130.794023,32.074022],[130.789082,31.997955],[130.74489,32.055129]]]},"properties":{}}},
    {"code":1192916,"id":"6f6614","name":"鶴丸","original_name":"鶴丸","name_kana":"つるまる","closed":false,"lat":32.030394,"lng":130.748524,"prefecture":46,"lines":[11929],"attr":"heat","postal_code":"899-6101","address":"姶良郡湧水町鶴丸","voronoi":{"type":"Feature","geometry":{"type":"Polygon","coordinates":[[[130.74489,32.055129],[130.710297,32.039941],[130.789609,31.994947],[130.789082,31.997955],[130.74489,32.055129]]]},"properties":{}}},
    {"code":1192519,"id":"4db963","name":"吉松","original_name":"吉松","name_kana":"よしまつ","closed":false,"lat":32.012026,"lng":130.738104,"prefecture":46,"lines":[11925,11926,11929],"attr":"heat","postal_code":"899-6104","address":"姶良郡湧水町川西","voronoi":{"type":"Feature","geometry":{"type":"Polygon","coordinates":[[[130.670376,32.028086],[130.671351,31.995291],[130.801289,31.964755],[130.789609,31.994947],[130.710297,32.039941],[130.672834,32.034569],[130.670376,32.028086]]]},"properties":{}}}
  ]
}