{
  "code":11930,
  "id":216,
  "name":"JR指宿枕崎線",
  "name_kana":"じぇいあーるいぶすきまくらざきせん",
  "station_size":36,
  "company_code":6,
  "closed":false,
  "station_list":[
    {"code":101012,"id":4112,"name":"鹿児島中央","original_name":"鹿児島中央","name_kana":"かごしまちゅうおう","closed":false,"lat":31.583727,"lng":130.541789,"prefecture":46,"lines":[1010,11904,11907,11930],"attr":"heat","postal_code":"890-0053","address":"鹿児島市中央町","voronoi":{"type":"Feature","geometry":{"type":"Polygon","coordinates":[[[130.54214,31.586873],[130.513642,31.630507],[130.523042,31.580308],[130.528698,31.579692],[130.532919,31.579717],[130.538425,31.580571],[130.543055,31.58242],[130.54214,31.586873]]]},"properties":{}}},
    {"code":1193002,"id":4547,"name":"郡元(JR)","original_name":"郡元","name_kana":"こおりもと","closed":false,"lat":31.565607,"lng":130.541976,"prefecture":46,"lines":[11930],"attr":"heat","postal_code":"890-0081","address":"鹿児島県鹿児島市唐湊4丁目17","voronoi":{"type":"Feature","geometry":{"type":"Polygon","coordinates":[[[130.533603,31.566654],[130.521162,31.564415],[130.519838,31.559924],[130.524647,31.558682],[130.531322,31.558346],[130.538576,31.559511],[130.541176,31.560075],[130.542906,31.561365],[130.543678,31.565477],[130.541047,31.566971],[130.533603,31.566654]]]},"properties":{}}},
    {"code":1193003,"id":4548,"name":"南鹿児島","original_name":"南鹿児島","name_kana":"みなみかごしま","closed":false,"lat":31.554786,"lng":130.543714,"prefecture":46,"lines":[11930],"attr":"heat","postal_code":"890-0069","address":"鹿児島市南郡元町","voronoi":{"type":"Feature","geometry":{"type":"Polygon","coordinates":[[[130.531322,31.558346],[130.538576,31.559511],[130.555829,31.545295],[130.531322,31.558346]]]},"properties":{}}},
    {"code":1193004,"id":4549,"name":"宇宿","original_name":"宇宿","name_kana":"うすき","closed":false,"lat":31.544234,"lng":130.536458,"prefecture":46,"lines":[11930],"attr":"heat","postal_code":"890-0073","address":"鹿児島市宇宿３丁目","voronoi":{"type":"Feature","geometry":{"type":"Polygon","coordinates":[[[130.519838,31.559924],[130.514219,31.554365],[130.519171,31.550368],[130.5369,31.541071],[130.537131,31.546085],[130.530541,31.553885],[130.524647,31.558682],[130.519838,31.559924]]]},"properties":{}}},
    {"code":1193005,"id":4550,"name":"谷山(JR)","original_name":"谷山","name_kana":"たにやま","closed":false,"lat":31.527094,"lng":130.51886,"prefecture":46,"lines":[11930],"attr":"heat","postal_code":"891-0141","address":"鹿児島県鹿児島市谷山中央1丁目4127","voronoi":{"type":"Feature","geometry":{"type":"Polygon","coordinates":[[[130.493585,31.546629],[130.521783,31.510265],[130.537668,31.503671],[130.506639,31.550452],[130.493585,31.546629]]]},"properties":{}}},
    {"code":1193006,"id":4551,"name":"慈眼寺","original_name":"慈眼寺","name_kana":"じげんじ","closed":false,"lat":31.517286,"lng":130.506212,"prefecture":46,"lines":[11930],"attr":"heat","postal_code":"891-0144","address":"鹿児島市下福元町","voronoi":{"type":"Feature","geometry":{"type":"Polygon","coordinates":[[[130.521783,31.510265],[130.419092,31.500571],[130.394785,31.501793],[130.466821,31.54578],[130.493585,31.546629],[130.521783,31.510265]]]},"properties":{}}},
    {"code":1193007,"id":4552,"name":"坂之上","original_name":"坂之上","name_kana":"さかのうえ","closed":false,"lat":31.500454,"lng":130.507801,"prefecture":46,"lines":[11930],"attr":"heat","postal_code":"891-0144","address":"鹿児島市下福元町","voronoi":{"type":"Feature","geometry":{"type":"Polygon","coordinates":[[[130.555666,31.480533],[130.419092,31.500571],[130.521783,31.510265],[130.537668,31.503671],[130.561791,31.490978],[130.575138,31.482804],[130.555666,31.480533]]]},"properties":{}}},
    {"code":1193008,"id":4553,"name":"五位野","original_name":"五位野","name_kana":"ごいの","closed":false,"lat":31.475201,"lng":130.504096,"prefecture":46,"lines":[11930],"attr":"heat","postal_code":"891-0133","address":"鹿児島市平川町","voronoi":{"type":"Feature","geometry":{"type":"Polygon","coordinates":[[[130.419092,31.500571],[130.394785,31.501793],[130.394271,31.5016],[130.333249,31.471072],[130.316654,31.459463],[130.36116,31.414604],[130.368151,31.40892],[130.555666,31.480533],[130.419092,31.500571]]]},"properties":{}}},
    {"code":1193009,"id":4554,"name":"平川","original_name":"平川","name_kana":"ひらかわ","closed":false,"lat":31.450132,"lng":130.51367,"prefecture":46,"lines":[11930],"attr":"heat","postal_code":"891-0133","address":"鹿児島市平川町","voronoi":{"type":"Feature","geometry":{"type":"Polygon","coordinates":[[[130.583447,31.481318],[130.624546,31.471961],[130.626839,31.471377],[130.39026,31.394248],[130.371606,31.405865],[130.370432,31.406701],[130.368151,31.40892],[130.555666,31.480533],[130.575138,31.482804],[130.583447,31.481318]]]},"properties":{}}},
    {"code":1193010,"id":4555,"name":"瀬々串","original_name":"瀬々串","name_kana":"せせくし","closed":false,"lat":31.421839,"lng":130.522894,"prefecture":46,"lines":[11930],"attr":"heat","postal_code":"891-0201","address":"鹿児島市喜入瀬々串町","voronoi":{"type":"Feature","geometry":{"type":"Polygon","coordinates":[[[130.410149,31.378588],[130.39026,31.394248],[130.626839,31.471377],[130.660946,31.467269],[130.665578,31.466667],[130.4315,31.365638],[130.424619,31.368924],[130.410149,31.378588]]]},"properties":{}}},
    {"code":1193011,"id":4556,"name":"中名","original_name":"中名","name_kana":"なかみょう","closed":false,"lat":31.393591,"lng":130.535086,"prefecture":46,"lines":[11930],"attr":"heat","postal_code":"891-0202","address":"鹿児島市喜入中名町","voronoi":{"type":"Feature","geometry":{"type":"Polygon","coordinates":[[[130.432852,31.364734],[130.4315,31.365638],[130.665578,31.466667],[130.679433,31.466306],[130.688253,31.465962],[130.726533,31.462803],[130.749668,31.460784],[130.738242,31.452465],[130.604585,31.394084],[130.432852,31.364734]]]},"properties":{}}},
    {"code":1193012,"id":4557,"name":"喜入","original_name":"喜入","name_kana":"きいれ","closed":false,"lat":31.371468,"lng":130.538867,"prefecture":46,"lines":[11930],"attr":"heat","postal_code":"891-0203","address":"鹿児島市喜入町７１０８","voronoi":{"type":"Feature","geometry":{"type":"Polygon","coordinates":[[[130.432852,31.364734],[130.478672,31.326507],[130.48989,31.31992],[130.604585,31.394084],[130.432852,31.364734]]]},"properties":{}}},
    {"code":1193013,"id":4558,"name":"前之浜","original_name":"前之浜","name_kana":"まえのはま","closed":false,"lat":31.343433,"lng":130.556995,"prefecture":46,"lines":[11930],"attr":"heat","postal_code":"891-0205","address":"鹿児島市喜入前之浜町","voronoi":{"type":"Feature","geometry":{"type":"Polygon","coordinates":[[[130.643951,31.369574],[130.686979,31.403837],[130.738242,31.452465],[130.604585,31.394084],[130.48989,31.31992],[130.507505,31.302913],[130.517499,31.296507],[130.643951,31.369574]]]},"properties":{}}},
    {"code":1193014,"id":4559,"name":"生見","original_name":"生見","name_kana":"ぬくみ","closed":false,"lat":31.307292,"lng":130.577878,"prefecture":46,"lines":[11930],"attr":"heat","postal_code":"891-0206","address":"鹿児島市喜入生見町","voronoi":{"type":"Feature","geometry":{"type":"Polygon","coordinates":[[[130.554989,31.256449],[130.553133,31.256937],[130.548553,31.258849],[130.539371,31.267947],[130.517499,31.296507],[130.643951,31.369574],[130.554989,31.256449]]]},"properties":{}}},
    {"code":1193015,"id":4560,"name":"薩摩今和泉","original_name":"薩摩今和泉","name_kana":"さつまいまいずみ","closed":false,"lat":31.29068,"lng":130.599002,"prefecture":46,"lines":[11930],"attr":"heat","postal_code":"891-0315","address":"指宿市岩本","voronoi":{"type":"Feature","geometry":{"type":"Polygon","coordinates":[[[130.554989,31.256449],[130.576239,31.244823],[130.580445,31.243349],[130.586465,31.248497],[130.686979,31.403837],[130.643951,31.369574],[130.554989,31.256449]]]},"properties":{}}},
    {"code":1193016,"id":4561,"name":"宮ヶ浜","original_name":"宮ヶ浜","name_kana":"みやがはま","closed":false,"lat":31.277218,"lng":130.619807,"prefecture":46,"lines":[11930],"attr":"heat","postal_code":"891-0311","address":"鹿児島県指宿市西方4672番地","voronoi":{"type":"Feature","geometry":{"type":"Polygon","coordinates":[[[130.819546,31.471045],[130.819529,31.47105],[130.786061,31.469643],[130.749668,31.460784],[130.738242,31.452465],[130.686979,31.403837],[130.586465,31.248497],[130.729319,31.312653],[130.85518,31.383966],[130.819546,31.471045]]]},"properties":{}}},
    {"code":1193017,"id":4562,"name":"二月田","original_name":"二月田","name_kana":"にがつでん","closed":false,"lat":31.254339,"lng":130.630082,"prefecture":46,"lines":[11930],"attr":"heat","postal_code":"891-0402","address":"指宿市十町","voronoi":{"type":"Feature","geometry":{"type":"Polygon","coordinates":[[[130.618851,31.233009],[130.729319,31.312653],[130.586465,31.248497],[130.580445,31.243349],[130.581988,31.241672],[130.598672,31.232987],[130.618851,31.233009]]]},"properties":{}}},
    {"code":1193018,"id":4563,"name":"指宿","original_name":"指宿","name_kana":"いぶすき","closed":false,"lat":31.236925,"lng":130.642637,"prefecture":46,"lines":[11930],"attr":"heat","postal_code":"891-0405","address":"指宿市湊１丁目","voronoi":{"type":"Feature","geometry":{"type":"Polygon","coordinates":[[[130.618851,31.233009],[130.729319,31.312653],[130.85518,31.383966],[131.042246,31.023015],[130.618851,31.233009]]]},"properties":{}}},
    {"code":1193019,"id":4564,"name":"山川","original_name":"山川","name_kana":"やまかわ","closed":false,"lat":31.211702,"lng":130.630127,"prefecture":46,"lines":[11930],"attr":"cool","postal_code":"891-0516","address":"指宿市山川成川","voronoi":{"type":"Feature","geometry":{"type":"Polygon","coordinates":[[[130.598672,31.232987],[132.263675,28.14788],[131.568027,29.81179],[131.145728,30.798981],[131.055543,30.9992],[131.042246,31.023015],[130.618851,31.233009],[130.598672,31.232987]]]},"properties":{}}},
    {"code":1193020,"id":4565,"name":"大山(鹿児島)","original_name":"大山","name_kana":"おおやま","closed":false,"lat":31.195011,"lng":130.5992,"prefecture":46,"lines":[11930],"attr":"cool","postal_code":"891-0614","address":"指宿市山川大山（その他）","voronoi":{"type":"Feature","geometry":{"type":"Polygon","coordinates":[[[132.263675,28.14788],[132.933567,26.568085],[131.349254,27.500526],[130.582131,31.219662],[130.581988,31.241672],[130.598672,31.232987],[132.263675,28.14788]]]},"properties":{}}},
    {"code":1193021,"id":4566,"name":"西大山","original_name":"西大山","name_kana":"にしおおやま","closed":false,"lat":31.190269,"lng":130.57621,"prefecture":46,"lines":[11930],"attr":"cool","postal_code":"891-0614","address":"指宿市山川大山（その他）","voronoi":{"type":"Feature","geometry":{"type":"Polygon","coordinates":[[[129.857544,28.372224],[130.511911,31.051565],[130.582131,31.219662],[131.349254,27.500526],[129.857544,28.372224]]]},"properties":{}}},
    {"code":1193022,"id":4567,"name":"薩摩川尻","original_name":"薩摩川尻","name_kana":"さつまかわしり","closed":false,"lat":31.194791,"lng":130.565385,"prefecture":46,"lines":[11930],"attr":"cool","postal_code":"891-0603","address":"指宿市開聞十町","voronoi":{"type":"Feature","geometry":{"type":"Polygon","coordinates":[[[130.525109,31.115704],[130.576239,31.244823],[130.580445,31.243349],[130.581988,31.241672],[130.582131,31.219662],[130.511911,31.051565],[130.524733,31.114441],[130.525109,31.115704]]]},"properties":{}}},
    {"code":1193023,"id":4568,"name":"東開聞","original_name":"東開聞","name_kana":"ひがしかいもん","closed":false,"lat":31.200924,"lng":130.549897,"prefecture":46,"lines":[11930],"attr":"cool","postal_code":"891-0603","address":"指宿市開聞十町","voronoi":{"type":"Feature","geometry":{"type":"Polygon","coordinates":[[[130.554989,31.256449],[130.553133,31.256937],[130.525109,31.115704],[130.576239,31.244823],[130.554989,31.256449]]]},"properties":{}}},
    {"code":1193024,"id":4569,"name":"開聞","original_name":"開聞","name_kana":"かいもん","closed":false,"lat":31.203932,"lng":130.534737,"prefecture":46,"lines":[11930],"attr":"cool","postal_code":"891-0603","address":"指宿市開聞十町","voronoi":{"type":"Feature","geometry":{"type":"Polygon","coordinates":[[[130.548553,31.258849],[130.553133,31.256937],[130.525109,31.115704],[130.524733,31.114441],[130.527346,31.229879],[130.548553,31.258849]]]},"properties":{}}},
    {"code":1193025,"id":4570,"name":"入野(鹿児島)","original_name":"入野","name_kana":"いりの","closed":false,"lat":31.204293,"lng":130.518788,"prefecture":46,"lines":[11930],"attr":"cool","postal_code":"891-0603","address":"指宿市開聞十町","voronoi":{"type":"Feature","geometry":{"type":"Polygon","coordinates":[[[130.431567,31.158756],[130.416842,31.134213],[130.39796,31.097072],[130.369056,31.019035],[130.143736,30.323282],[129.588411,28.525847],[129.857544,28.372224],[130.511911,31.051565],[130.524733,31.114441],[130.527346,31.229879],[130.431567,31.158756]]]},"properties":{}}},
    {"code":1193026,"id":4571,"name":"頴娃","original_name":"頴娃","name_kana":"えい","closed":false,"lat":31.229085,"lng":130.500378,"prefecture":46,"lines":[11930],"attr":"cool","postal_code":"891-0701","address":"南九州市頴娃町郡","voronoi":{"type":"Feature","geometry":{"type":"Polygon","coordinates":[[[130.461992,31.209446],[130.439487,31.178425],[130.431567,31.158756],[130.527346,31.229879],[130.548553,31.258849],[130.539371,31.267947],[130.461992,31.209446]]]},"properties":{}}},
    {"code":1193027,"id":4572,"name":"西頴娃","original_name":"西頴娃","name_kana":"にしえい","closed":false,"lat":31.241025,"lng":130.491351,"prefecture":46,"lines":[11930],"attr":"cool","postal_code":"891-0702","address":"南九州市頴娃町牧之内","voronoi":{"type":"Feature","geometry":{"type":"Polygon","coordinates":[[[130.461992,31.209446],[130.507505,31.302913],[130.517499,31.296507],[130.539371,31.267947],[130.461992,31.209446]]]},"properties":{}}},
    {"code":1193028,"id":4573,"name":"御領(鹿児島)","original_name":"御領","name_kana":"ごりょう","closed":false,"lat":31.252032,"lng":130.468747,"prefecture":46,"lines":[11930],"attr":"eco","postal_code":"891-0703","address":"南九州市頴娃町御領","voronoi":{"type":"Feature","geometry":{"type":"Polygon","coordinates":[[[130.461992,31.209446],[130.439487,31.178425],[130.44428,31.214099],[130.478672,31.326507],[130.48989,31.31992],[130.507505,31.302913],[130.461992,31.209446]]]},"properties":{}}},
    {"code":1193029,"id":4574,"name":"石垣","original_name":"石垣","name_kana":"いしかき","closed":false,"lat":31.259228,"lng":130.445227,"prefecture":46,"lines":[11930],"attr":"eco","postal_code":"891-0704","address":"南九州市頴娃町別府","voronoi":{"type":"Feature","geometry":{"type":"Polygon","coordinates":[[[130.478672,31.326507],[130.432852,31.364734],[130.4315,31.365638],[130.424619,31.368924],[130.425686,31.343821],[130.44428,31.214099],[130.478672,31.326507]]]},"properties":{}}},
    {"code":1193030,"id":4575,"name":"水成川","original_name":"水成川","name_kana":"みずなりかわ","closed":false,"lat":31.257145,"lng":130.430695,"prefecture":46,"lines":[11930],"attr":"eco","postal_code":"891-0704","address":"南九州市頴娃町別府","voronoi":{"type":"Feature","geometry":{"type":"Polygon","coordinates":[[[130.439487,31.178425],[130.431567,31.158756],[130.416842,31.134213],[130.425686,31.343821],[130.44428,31.214099],[130.439487,31.178425]]]},"properties":{}}},
    {"code":1193031,"id":4576,"name":"頴娃大川","original_name":"頴娃大川","name_kana":"えいおおかわ","closed":false,"lat":31.257875,"lng":130.413394,"prefecture":46,"lines":[11930],"attr":"eco","postal_code":"891-0701","address":"南九州市頴娃町郡","voronoi":{"type":"Feature","geometry":{"type":"Polygon","coordinates":[[[130.410149,31.378588],[130.397324,31.128944],[130.39796,31.097072],[130.416842,31.134213],[130.425686,31.343821],[130.424619,31.368924],[130.410149,31.378588]]]},"properties":{}}},
    {"code":1193032,"id":4577,"name":"松ヶ浦","original_name":"松ヶ浦","name_kana":"まつがうら","closed":false,"lat":31.258843,"lng":130.394551,"prefecture":46,"lines":[11930],"attr":"eco","postal_code":"891-0912","address":"鹿児島県南九州市知覧町南別府小山25067","voronoi":{"type":"Feature","geometry":{"type":"Polygon","coordinates":[[[130.371606,31.405865],[130.397324,31.128944],[130.410149,31.378588],[130.39026,31.394248],[130.371606,31.405865]]]},"properties":{}}},
    {"code":1193033,"id":4578,"name":"薩摩塩屋","original_name":"薩摩塩屋","name_kana":"さつましおや","closed":false,"lat":31.257132,"lng":130.376128,"prefecture":46,"lines":[11930],"attr":"eco","postal_code":"891-0911","address":"南九州市知覧町塩屋","voronoi":{"type":"Feature","geometry":{"type":"Polygon","coordinates":[[[130.365026,31.359607],[130.370432,31.406701],[130.371606,31.405865],[130.397324,31.128944],[130.39796,31.097072],[130.369056,31.019035],[130.365026,31.359607]]]},"properties":{}}},
    {"code":1193034,"id":4579,"name":"白沢(鹿児島)","original_name":"白沢","name_kana":"しらさわ","closed":false,"lat":31.256898,"lng":130.356352,"prefecture":46,"lines":[11930],"attr":"eco","postal_code":"898-0032","address":"枕崎市別府","voronoi":{"type":"Feature","geometry":{"type":"Polygon","coordinates":[[[130.143736,30.323282],[130.365026,31.359607],[130.369056,31.019035],[130.143736,30.323282]]]},"properties":{}}},
    {"code":1193035,"id":4580,"name":"薩摩板敷","original_name":"薩摩板敷","name_kana":"さつまいたしき","closed":false,"lat":31.262313,"lng":130.330993,"prefecture":46,"lines":[11930],"attr":"eco","postal_code":"898-0032","address":"枕崎市別府","voronoi":{"type":"Feature","geometry":{"type":"Polygon","coordinates":[[[130.143736,30.323282],[130.365026,31.359607],[130.370432,31.406701],[130.368151,31.40892],[130.36116,31.414604],[129.478586,28.583585],[129.588411,28.525847],[130.143736,30.323282]]]},"properties":{}}},
    {"code":1193036,"id":4581,"name":"枕崎","original_name":"枕崎","name_kana":"まくらざき","closed":false,"lat":31.27215,"lng":130.299439,"prefecture":46,"lines":[11930],"attr":"eco","postal_code":"898-0014","address":"枕崎市東本町","voronoi":{"type":"Feature","geometry":{"type":"Polygon","coordinates":[[[130.281311,31.468966],[130.316654,31.459463],[130.36116,31.414604],[129.478586,28.583585],[125.479591,30.656021],[127.405459,31.219816],[128.834743,31.401335],[129.09559,31.430852],[129.830345,31.471571],[130.134959,31.482377],[130.177325,31.482044],[130.281311,31.468966]]]},"properties":{}}}
  ]
}