{
  "code":21005,
  "id":221,
  "name":"東武亀戸線",
  "name_kana":"とうぶかめいどせん",
  "station_size":5,
  "company_code":11,
  "closed":false,
  "color":"#0F6CC3",
  "symbol":"TS",
  "station_list":[
    {"code":2100204,"id":4619,"name":"曳舟","original_name":"曳舟","name_kana":"ひきふね","closed":false,"lat":35.718418,"lng":139.816634,"prefecture":13,"numbering":["TS04"],"lines":[21002,21005],"attr":"heat","postal_code":"131-0032","address":"墨田区東向島２丁目","voronoi":{"type":"Feature","geometry":{"type":"Polygon","coordinates":[[[139.818361,35.712845],[139.818304,35.72122],[139.807791,35.725976],[139.804767,35.722639],[139.805137,35.721596],[139.810684,35.716526],[139.818361,35.712845]]]},"properties":{}}},
    {"code":2100502,"id":4722,"name":"小村井","original_name":"小村井","name_kana":"おむらい","closed":false,"lat":35.710316,"lng":139.827595,"prefecture":13,"numbering":["TS41"],"lines":[21005],"attr":"heat","postal_code":"131-0044","address":"墨田区文花２-２０-１","voronoi":{"type":"Feature","geometry":{"type":"Polygon","coordinates":[[[139.820108,35.704531],[139.826119,35.703914],[139.837105,35.718413],[139.828718,35.718965],[139.82028,35.71109],[139.820108,35.704531]]]},"properties":{}}},
    {"code":2100503,"id":4723,"name":"東あずま","original_name":"東あずま","name_kana":"ひがしあずま","closed":false,"lat":35.707067,"lng":139.831883,"prefecture":13,"numbering":["TS42"],"lines":[21005],"attr":"heat","postal_code":"131-0043","address":"墨田区立花４-２３-８","voronoi":{"type":"Feature","geometry":{"type":"Polygon","coordinates":[[[139.837105,35.718413],[139.826119,35.703914],[139.828395,35.702598],[139.836889,35.704441],[139.83776,35.718513],[139.837105,35.718413]]]},"properties":{}}},
    {"code":2100504,"id":4724,"name":"亀戸水神","original_name":"亀戸水神","name_kana":"かめいどすいじん","closed":false,"lat":35.699976,"lng":139.833422,"prefecture":13,"numbering":["TS43"],"lines":[21005],"attr":"heat","postal_code":"136-0071","address":"江東区亀戸８-５-１","voronoi":{"type":"Feature","geometry":{"type":"Polygon","coordinates":[[[139.840539,35.696268],[139.831459,35.69426],[139.828395,35.702598],[139.836889,35.704441],[139.841749,35.697846],[139.840539,35.696268]]]},"properties":{}}},
    {"code":1131323,"id":1496,"name":"亀戸","original_name":"亀戸","name_kana":"かめいど","closed":false,"lat":35.697345,"lng":139.826262,"prefecture":13,"numbering":["TS44"],"lines":[11313,21005],"attr":"heat","postal_code":"136-0071","address":"江東区亀戸５丁目","voronoi":{"type":"Feature","geometry":{"type":"Polygon","coordinates":[[[139.820336,35.694022],[139.819875,35.7043],[139.820108,35.704531],[139.826119,35.703914],[139.828395,35.702598],[139.831459,35.69426],[139.830711,35.693316],[139.820834,35.693385],[139.820336,35.694022]]]},"properties":{}}}
  ]
}