{
  "code":21003,
  "id":"86d172",
  "name":"東武日光線",
  "name_kana":"とうぶにっこうせん",
  "station_size":26,
  "company_code":11,
  "closed":false,
  "color":"#FF8000",
  "symbol":"TN",
  "station_list":[
    {"code":2100230,"id":"abcde2","name":"東武動物公園","original_name":"東武動物公園","name_kana":"とうぶどうぶつこうえん","closed":false,"lat":36.024604,"lng":139.726901,"prefecture":11,"numbering":["TS30"],"lines":[21002,21003],"attr":"heat","postal_code":"345-0801","address":"南埼玉郡宮代町大字百間２丁目","voronoi":{"type":"Feature","geometry":{"type":"Polygon","coordinates":[[[139.716336,36.036055],[139.698643,36.005601],[139.699424,35.998765],[139.70392,35.997686],[139.793086,36.049603],[139.803882,36.069424],[139.773073,36.062007],[139.716336,36.036055]]]},"properties":{}}},
    {"code":2100302,"id":"ae0964","name":"杉戸高野台","original_name":"杉戸高野台","name_kana":"すぎとたかのだい","closed":false,"lat":36.051536,"lng":139.714582,"prefecture":11,"numbering":["TN01"],"lines":[21003],"attr":"eco","postal_code":"345-0047","address":"北葛飾郡杉戸町高野台東１丁目","voronoi":{"type":"Feature","geometry":{"type":"Polygon","coordinates":[[[139.696014,36.058842],[139.69766,36.063183],[139.773073,36.062007],[139.716336,36.036055],[139.696014,36.058842]]]},"properties":{}}},
    {"code":2100303,"id":"27beb2","name":"幸手","original_name":"幸手","name_kana":"さって","closed":false,"lat":36.074297,"lng":139.714937,"prefecture":11,"numbering":["TN02"],"lines":[21003],"attr":"eco","postal_code":"340-0115","address":"幸手市中１丁目","voronoi":{"type":"Feature","geometry":{"type":"Polygon","coordinates":[[[139.701791,36.093121],[139.694669,36.076266],[139.69766,36.063183],[139.773073,36.062007],[139.803882,36.069424],[139.826412,36.091762],[139.832709,36.099633],[139.701791,36.093121]]]},"properties":{}}},
    {"code":2100304,"id":"3c4cdb","name":"南栗橋","original_name":"南栗橋","name_kana":"みなみくりはし","closed":false,"lat":36.113157,"lng":139.713004,"prefecture":11,"numbering":["TN03"],"lines":[21003],"attr":"cool","postal_code":"349-1112","address":"埼玉県久喜市南栗橋一丁目20","voronoi":{"type":"Feature","geometry":{"type":"Polygon","coordinates":[[[139.842835,36.108766],[139.832709,36.099633],[139.701791,36.093121],[139.688086,36.112685],[139.74131,36.154975],[139.800249,36.157353],[139.838021,36.150328],[139.839775,36.143949],[139.842835,36.108766]]]},"properties":{}}},
    {"code":1131914,"id":"1ec168","name":"栗橋","original_name":"栗橋","name_kana":"くりはし","closed":false,"lat":36.136852,"lng":139.694177,"prefecture":11,"numbering":["TN04"],"lines":[11319,21003],"attr":"eco","postal_code":"349-1121","address":"埼玉県久喜市栗橋北一丁目1-1","voronoi":{"type":"Feature","geometry":{"type":"Polygon","coordinates":[[[139.675388,36.116714],[139.688086,36.112685],[139.74131,36.154975],[139.700349,36.166047],[139.652689,36.159838],[139.648549,36.157793],[139.660903,36.130001],[139.675388,36.116714]]]},"properties":{}}},
    {"code":2100306,"id":"5d0856","name":"新古河","original_name":"新古河","name_kana":"しんこが","closed":false,"lat":36.192686,"lng":139.686904,"prefecture":11,"numbering":["TN05"],"lines":[21003],"attr":"heat","postal_code":"349-1205","address":"埼玉県加須市向古河732","voronoi":{"type":"Feature","geometry":{"type":"Polygon","coordinates":[[[139.652689,36.159838],[139.700349,36.166047],[139.695548,36.230913],[139.691834,36.235678],[139.652689,36.159838]]]},"properties":{}}},
    {"code":2100307,"id":"4fcc89","name":"柳生","original_name":"柳生","name_kana":"やぎゅう","closed":false,"lat":36.206756,"lng":139.659645,"prefecture":11,"numbering":["TN06"],"lines":[21003],"attr":"heat","postal_code":"349-1202","address":"北埼玉郡北川辺町小野袋字仕出","voronoi":{"type":"Feature","geometry":{"type":"Polygon","coordinates":[[[139.690361,36.240445],[139.606792,36.180887],[139.606877,36.180734],[139.630513,36.162658],[139.648549,36.157793],[139.652689,36.159838],[139.691834,36.235678],[139.690361,36.240445]]]},"properties":{}}},
    {"code":2100308,"id":"46e873","name":"板倉東洋大前","original_name":"板倉東洋大前","name_kana":"いたくらとうようだいまえ","closed":false,"lat":36.222404,"lng":139.648493,"prefecture":10,"numbering":["TN07"],"lines":[21003],"attr":"cool","postal_code":"374-0112","address":"邑楽郡板倉町朝日野１丁目","voronoi":{"type":"Feature","geometry":{"type":"Polygon","coordinates":[[[139.588866,36.203421],[139.587495,36.215694],[139.587883,36.227681],[139.590117,36.233975],[139.690151,36.242836],[139.690361,36.240445],[139.606792,36.180887],[139.588866,36.203421]]]},"properties":{}}},
    {"code":2100309,"id":"031f18","name":"藤岡","original_name":"藤岡","name_kana":"ふじおか","closed":false,"lat":36.255628,"lng":139.64555,"prefecture":9,"numbering":["TN08"],"lines":[21003],"attr":"heat","postal_code":"323-1104","address":"栃木県栃木市藤岡町藤岡5078-2","voronoi":{"type":"Feature","geometry":{"type":"Polygon","coordinates":[[[139.659531,36.289734],[139.696734,36.265711],[139.690151,36.242836],[139.590117,36.233975],[139.590362,36.238254],[139.605721,36.274033],[139.621872,36.29632],[139.659531,36.289734]]]},"properties":{}}},
    {"code":2100310,"id":"7add4b","name":"静和","original_name":"静和","name_kana":"しずわ","closed":false,"lat":36.31651,"lng":139.684864,"prefecture":9,"numbering":["TN09"],"lines":[21003],"attr":"heat","postal_code":"329-4304","address":"下都賀郡岩舟町大字静和","voronoi":{"type":"Feature","geometry":{"type":"Polygon","coordinates":[[[139.688167,36.331704],[139.677058,36.336659],[139.659531,36.289734],[139.696734,36.265711],[139.714118,36.275726],[139.731802,36.298713],[139.688167,36.331704]]]},"properties":{}}},
    {"code":2100311,"id":"edb5dd","name":"新大平下","original_name":"新大平下","name_kana":"しんおおひらした","closed":false,"lat":36.339024,"lng":139.701886,"prefecture":9,"numbering":["TN10"],"lines":[21003],"attr":"heat","postal_code":"329-4404","address":"栃木県栃木市大平町富田571-2","voronoi":{"type":"Feature","geometry":{"type":"Polygon","coordinates":[[[139.688167,36.331704],[139.71592,36.355948],[139.743542,36.331465],[139.746848,36.309685],[139.731802,36.298713],[139.688167,36.331704]]]},"properties":{}}},
    {"code":1134119,"id":"44db1b","name":"栃木","original_name":"栃木","name_kana":"とちぎ","closed":false,"lat":36.371912,"lng":139.731037,"prefecture":9,"numbering":["TN11"],"lines":[11341,21003,21008],"attr":"heat","postal_code":"328-0041","address":"栃木市河合町１丁目","voronoi":{"type":"Feature","geometry":{"type":"Polygon","coordinates":[[[139.743542,36.331465],[139.758568,36.367498],[139.711279,36.396724],[139.674826,36.406946],[139.674706,36.406385],[139.71592,36.355948],[139.743542,36.331465]]]},"properties":{}}},
    {"code":2100313,"id":"4db48d","name":"新栃木","original_name":"新栃木","name_kana":"しんとちぎ","closed":false,"lat":36.390149,"lng":139.742308,"prefecture":9,"numbering":["TN12"],"lines":[21003,21008],"attr":"heat","postal_code":"328-0012","address":"栃木市平柳町１丁目","voronoi":{"type":"Feature","geometry":{"type":"Polygon","coordinates":[[[139.767473,36.376327],[139.758568,36.367498],[139.711279,36.396724],[139.744782,36.39912],[139.767473,36.376327]]]},"properties":{}}},
    {"code":2100314,"id":"8a2c56","name":"合戦場","original_name":"合戦場","name_kana":"かっせんば","closed":false,"lat":36.407647,"lng":139.741057,"prefecture":9,"numbering":["TN13"],"lines":[21003],"attr":"heat","postal_code":"328-0113","address":"栃木県栃木市都賀町合戦場513","voronoi":{"type":"Feature","geometry":{"type":"Polygon","coordinates":[[[139.752982,36.416221],[139.672459,36.439091],[139.674826,36.406946],[139.711279,36.396724],[139.744782,36.39912],[139.752982,36.416221]]]},"properties":{}}},
    {"code":2100315,"id":"94a4dd","name":"家中","original_name":"家中","name_kana":"いえなか","closed":false,"lat":36.429783,"lng":139.747344,"prefecture":9,"numbering":["TN14"],"lines":[21003],"attr":"heat","postal_code":"328-0111","address":"栃木県栃木市都賀町家中5897-9","voronoi":{"type":"Feature","geometry":{"type":"Polygon","coordinates":[[[139.669336,36.452636],[139.672459,36.439091],[139.752982,36.416221],[139.758454,36.417465],[139.778034,36.440963],[139.778708,36.446272],[139.669336,36.452636]]]},"properties":{}}},
    {"code":2100316,"id":"e5baad","name":"東武金崎","original_name":"東武金崎","name_kana":"とうぶかなさき","closed":false,"lat":36.466288,"lng":139.749468,"prefecture":9,"numbering":["TN15"],"lines":[21003],"attr":"cool","postal_code":"322-0601","address":"栃木県栃木市西方町金崎243-2","voronoi":{"type":"Feature","geometry":{"type":"Polygon","coordinates":[[[139.785967,36.455466],[139.789448,36.4729],[139.789344,36.490087],[139.789081,36.491255],[139.657228,36.477483],[139.669336,36.452636],[139.778708,36.446272],[139.785967,36.455466]]]},"properties":{}}},
    {"code":2100317,"id":"d16208","name":"楡木","original_name":"楡木","name_kana":"にれぎ","closed":false,"lat":36.507497,"lng":139.745164,"prefecture":9,"numbering":["TN16"],"lines":[21003],"attr":"cool","postal_code":"322-0526","address":"鹿沼市楡木町","voronoi":{"type":"Feature","geometry":{"type":"Polygon","coordinates":[[[139.634391,36.505822],[139.657228,36.477483],[139.789081,36.491255],[139.796889,36.523608],[139.79667,36.527027],[139.634391,36.505822]]]},"properties":{}}},
    {"code":2100318,"id":"666438","name":"樅山","original_name":"樅山","name_kana":"もみやま","closed":false,"lat":36.532667,"lng":139.741875,"prefecture":9,"numbering":["TN17"],"lines":[21003],"attr":"cool","postal_code":"322-0046","address":"鹿沼市樅山町","voronoi":{"type":"Feature","geometry":{"type":"Polygon","coordinates":[[[139.771593,36.541458],[139.796782,36.527682],[139.79667,36.527027],[139.634391,36.505822],[139.609212,36.530616],[139.657202,36.549487],[139.684362,36.551873],[139.771593,36.541458]]]},"properties":{}}},
    {"code":2100319,"id":"414e86","name":"新鹿沼","original_name":"新鹿沼","name_kana":"しんかぬま","closed":false,"lat":36.556998,"lng":139.74478,"prefecture":9,"numbering":["TN18"],"lines":[21003],"attr":"cool","postal_code":"322-0044","address":"鹿沼市鳥居跡町","voronoi":{"type":"Feature","geometry":{"type":"Polygon","coordinates":[[[139.771593,36.541458],[139.684362,36.551873],[139.748428,36.571066],[139.771593,36.541458]]]},"properties":{}}},
    {"code":2100320,"id":"0b942b","name":"北鹿沼","original_name":"北鹿沼","name_kana":"きたかぬま","closed":false,"lat":36.580811,"lng":139.737646,"prefecture":9,"numbering":["TN19"],"lines":[21003],"attr":"cool","postal_code":"322-0072","address":"鹿沼市玉田町","voronoi":{"type":"Feature","geometry":{"type":"Polygon","coordinates":[[[139.657202,36.549487],[139.734995,36.609659],[139.765019,36.614866],[139.748428,36.571066],[139.684362,36.551873],[139.657202,36.549487]]]},"properties":{}}},
    {"code":2100321,"id":"682b21","name":"板荷","original_name":"板荷","name_kana":"いたが","closed":false,"lat":36.619476,"lng":139.707739,"prefecture":9,"numbering":["TN20"],"lines":[21003],"attr":"cool","postal_code":"321-1111","address":"鹿沼市板荷","voronoi":{"type":"Feature","geometry":{"type":"Polygon","coordinates":[[[139.570622,36.547779],[139.57704,36.622341],[139.577368,36.624827],[139.578541,36.625628],[139.619364,36.652942],[139.71174,36.635208],[139.734995,36.609659],[139.657202,36.549487],[139.609212,36.530616],[139.570622,36.547779]]]},"properties":{}}},
    {"code":2100322,"id":"3b99f0","name":"下小代","original_name":"下小代","name_kana":"しもごしろ","closed":false,"lat":36.651303,"lng":139.713849,"prefecture":9,"numbering":["TN21"],"lines":[21003],"attr":"cool","postal_code":"321-1107","address":"日光市小代","voronoi":{"type":"Feature","geometry":{"type":"Polygon","coordinates":[[[139.730442,36.664999],[139.737282,36.661392],[139.71174,36.635208],[139.619364,36.652942],[139.622417,36.655855],[139.630249,36.658859],[139.730442,36.664999]]]},"properties":{}}},
    {"code":2100323,"id":"d36d78","name":"明神","original_name":"明神","name_kana":"みょうじん","closed":false,"lat":36.676566,"lng":139.712301,"prefecture":9,"numbering":["TN22"],"lines":[21003],"attr":"eco","postal_code":"321-1101","address":"日光市明神","voronoi":{"type":"Feature","geometry":{"type":"Polygon","coordinates":[[[139.730442,36.664999],[139.630249,36.658859],[139.709025,36.703716],[139.711022,36.704515],[139.730442,36.664999]]]},"properties":{}}},
    {"code":2100324,"id":"1b14b6","name":"下今市","original_name":"下今市","name_kana":"しもいまいち","closed":false,"lat":36.72563,"lng":139.692666,"prefecture":9,"numbering":["TN23"],"lines":[21003,21009],"attr":"eco","postal_code":"321-1261","address":"日光市今市","voronoi":{"type":"Feature","geometry":{"type":"Polygon","coordinates":[[[139.709025,36.703716],[139.686749,36.726314],[139.687158,36.728353],[139.721553,36.732255],[139.732182,36.725943],[139.711022,36.704515],[139.709025,36.703716]]]},"properties":{}}},
    {"code":2100325,"id":"fedb9e","name":"上今市","original_name":"上今市","name_kana":"かみいまいち","closed":false,"lat":36.727962,"lng":139.681026,"prefecture":9,"numbering":["TN24"],"lines":[21003],"attr":"eco","postal_code":"321-1261","address":"日光市今市","voronoi":{"type":"Feature","geometry":{"type":"Polygon","coordinates":[[[139.671722,36.767646],[139.663105,36.772565],[139.633032,36.681476],[139.686749,36.726314],[139.687158,36.728353],[139.671722,36.767646]]]},"properties":{}}},
    {"code":2100326,"id":"56b201","name":"東武日光","original_name":"東武日光","name_kana":"とうぶにっこう","closed":false,"lat":36.748233,"lng":139.61975,"prefecture":9,"numbering":["TN25"],"lines":[21003],"attr":"eco","postal_code":"321-1406","address":"日光市松原町","voronoi":{"type":"Feature","geometry":{"type":"Polygon","coordinates":[[[139.642147,36.808889],[139.622501,36.840427],[139.579604,36.866968],[139.405441,36.932781],[139.577368,36.624827],[139.578541,36.625628],[139.642147,36.808889]]]},"properties":{}}}
  ]
}