{
  "code":21008,
  "id":"dcf19c",
  "name":"東武宇都宮線",
  "name_kana":"とうぶうつのみやせん",
  "station_size":12,
  "company_code":11,
  "closed":false,
  "color":"#FF8000",
  "symbol":"TN",
  "station_list":[
    {"code":1134119,"id":"44db1b","name":"栃木","original_name":"栃木","name_kana":"とちぎ","closed":false,"lat":36.371912,"lng":139.731037,"prefecture":9,"numbering":["TN11"],"lines":[11341,21003,21008],"attr":"heat","postal_code":"328-0041","address":"栃木市河合町１丁目","voronoi":{"type":"Feature","geometry":{"type":"Polygon","coordinates":[[[139.743542,36.331465],[139.758568,36.367498],[139.711279,36.396724],[139.674826,36.406946],[139.674706,36.406385],[139.71592,36.355948],[139.743542,36.331465]]]},"properties":{}}},
    {"code":2100313,"id":"4db48d","name":"新栃木","original_name":"新栃木","name_kana":"しんとちぎ","closed":false,"lat":36.390149,"lng":139.742308,"prefecture":9,"numbering":["TN12"],"lines":[21003,21008],"attr":"heat","postal_code":"328-0012","address":"栃木市平柳町１丁目","voronoi":{"type":"Feature","geometry":{"type":"Polygon","coordinates":[[[139.767473,36.376327],[139.758568,36.367498],[139.711279,36.396724],[139.744782,36.39912],[139.767473,36.376327]]]},"properties":{}}},
    {"code":2100803,"id":"d1f758","name":"野州平川","original_name":"野州平川","name_kana":"やしゅうひらかわ","closed":false,"lat":36.401554,"lng":139.753764,"prefecture":9,"numbering":["TN31"],"lines":[21008],"attr":"cool","postal_code":"328-0011","address":"栃木市大宮町２２９０-１９","voronoi":{"type":"Feature","geometry":{"type":"Polygon","coordinates":[[[139.773056,36.379346],[139.767473,36.376327],[139.744782,36.39912],[139.752982,36.416221],[139.758454,36.417465],[139.773056,36.379346]]]},"properties":{}}},
    {"code":2100804,"id":"787ada","name":"野州大塚","original_name":"野州大塚","name_kana":"やしゅうおおつか","closed":false,"lat":36.408759,"lng":139.772574,"prefecture":9,"numbering":["TN32"],"lines":[21008],"attr":"cool","postal_code":"328-0007","address":"栃木市大塚町１２５８-１０","voronoi":{"type":"Feature","geometry":{"type":"Polygon","coordinates":[[[139.773056,36.379346],[139.758454,36.417465],[139.778034,36.440963],[139.8023,36.383655],[139.773056,36.379346]]]},"properties":{}}},
    {"code":2100805,"id":"74e89d","name":"壬生","original_name":"壬生","name_kana":"みぶ","closed":false,"lat":36.422472,"lng":139.80496,"prefecture":9,"numbering":["TN33"],"lines":[21008],"attr":"cool","postal_code":"321-0222","address":"下都賀郡壬生町駅東町３-１","voronoi":{"type":"Feature","geometry":{"type":"Polygon","coordinates":[[[139.824322,36.399017],[139.803854,36.383136],[139.8023,36.383655],[139.778034,36.440963],[139.778708,36.446272],[139.785967,36.455466],[139.836993,36.42224],[139.824322,36.399017]]]},"properties":{}}},
    {"code":2100806,"id":"4a0cc1","name":"国谷","original_name":"国谷","name_kana":"くにや","closed":false,"lat":36.451442,"lng":139.823824,"prefecture":9,"numbering":["TN34"],"lines":[21008],"attr":"eco","postal_code":"321-0214","address":"下都賀郡壬生町大字壬生甲３７８０-８","voronoi":{"type":"Feature","geometry":{"type":"Polygon","coordinates":[[[139.789448,36.4729],[139.785967,36.455466],[139.836993,36.42224],[139.837721,36.42264],[139.84774,36.451298],[139.789448,36.4729]]]},"properties":{}}},
    {"code":2100807,"id":"395542","name":"おもちゃのまち","original_name":"おもちゃのまち","name_kana":"おもちゃのまち","closed":false,"lat":36.466774,"lng":139.829506,"prefecture":9,"numbering":["TN35"],"lines":[21008],"attr":"eco","postal_code":"321-0203","address":"下都賀郡壬生町幸町１-２２-１","voronoi":{"type":"Feature","geometry":{"type":"Polygon","coordinates":[[[139.860692,36.467146],[139.860659,36.467203],[139.789344,36.490087],[139.789448,36.4729],[139.84774,36.451298],[139.860692,36.467146]]]},"properties":{}}},
    {"code":2100808,"id":"f8dd0b","name":"安塚","original_name":"安塚","name_kana":"やすづか","closed":false,"lat":36.485678,"lng":139.835572,"prefecture":9,"numbering":["TN36"],"lines":[21008],"attr":"eco","postal_code":"321-0201","address":"下都賀郡壬生町大字安塚１０５３","voronoi":{"type":"Feature","geometry":{"type":"Polygon","coordinates":[[[139.789344,36.490087],[139.789081,36.491255],[139.796889,36.523608],[139.85545,36.493506],[139.860659,36.467203],[139.789344,36.490087]]]},"properties":{}}},
    {"code":2100809,"id":"1b7138","name":"西川田","original_name":"西川田","name_kana":"にしかわだ","closed":false,"lat":36.514227,"lng":139.850247,"prefecture":9,"numbering":["TN37"],"lines":[21008],"attr":"eco","postal_code":"321-0152","address":"宇都宮市西川田町５-１-１７","voronoi":{"type":"Feature","geometry":{"type":"Polygon","coordinates":[[[139.843488,36.530202],[139.870504,36.513126],[139.85545,36.493506],[139.796889,36.523608],[139.79667,36.527027],[139.796782,36.527682],[139.806922,36.543211],[139.843488,36.530202]]]},"properties":{}}},
    {"code":2100810,"id":"ff752b","name":"江曽島","original_name":"江曽島","name_kana":"えそじま","closed":false,"lat":36.530951,"lng":139.860818,"prefecture":9,"numbering":["TN38"],"lines":[21008],"attr":"eco","postal_code":"321-0162","address":"栃木県宇都宮市大和2丁目12-31","open_date":"1944-07-01","voronoi":{"type":"Feature","geometry":{"type":"Polygon","coordinates":[[[139.86724,36.53665],[139.843488,36.530202],[139.870504,36.513126],[139.886362,36.519961],[139.86724,36.53665]]]},"properties":{}}},
    {"code":2100811,"id":"3786d1","name":"南宇都宮","original_name":"南宇都宮","name_kana":"みなみうつのみや","closed":false,"lat":36.543783,"lng":139.872017,"prefecture":9,"numbering":["TN39"],"lines":[21008],"attr":"eco","postal_code":"320-0838","address":"宇都宮市吉野２-８-２３","voronoi":{"type":"Feature","geometry":{"type":"Polygon","coordinates":[[[139.8567,36.562109],[139.86724,36.53665],[139.886362,36.519961],[139.901401,36.521405],[139.896121,36.532893],[139.889303,36.544521],[139.8567,36.562109]]]},"properties":{}}},
    {"code":2100812,"id":"2a7b4d","name":"東武宇都宮","original_name":"東武宇都宮","name_kana":"とうぶうつのみや","closed":false,"lat":36.559373,"lng":139.880427,"prefecture":9,"numbering":["TN40"],"lines":[21008],"attr":"eco","postal_code":"320-0808","address":"宇都宮市宮園町５-４","voronoi":{"type":"Feature","geometry":{"type":"Polygon","coordinates":[[[139.848548,36.669086],[139.863732,36.658947],[139.889809,36.615987],[139.889303,36.544521],[139.8567,36.562109],[139.824687,36.594966],[139.830171,36.649339],[139.831788,36.652489],[139.846713,36.669882],[139.848548,36.669086]]]},"properties":{}}}
  ]
}