{
  "code":21001,
  "id":217,
  "name":"東武東上線",
  "name_kana":"とうぶとうじょうせん",
  "station_size":39,
  "company_code":11,
  "closed":false,
  "color":"#004098",
  "symbol":"TJ",
  "station_list":[
    {"code":1130212,"id":1290,"name":"池袋","original_name":"池袋","name_kana":"いけぶくろ","closed":false,"lat":35.730256,"lng":139.711086,"prefecture":13,"numbering":["TJ01"],"lines":[11302,11321,11333,21001,22001,28002,28006,28010],"attr":"heat","postal_code":"171-0022","address":"東京都豊島区南池袋一丁目28-2","open_date":"1903-04-01","voronoi":{"type":"Feature","geometry":{"type":"Polygon","coordinates":[[[139.71553,35.728395],[139.712811,35.725256],[139.710605,35.724398],[139.710581,35.72441],[139.704876,35.73164],[139.706709,35.739267],[139.706917,35.739364],[139.718277,35.733531],[139.71553,35.728395]]]},"properties":{}}},
    {"code":2100102,"id":4582,"name":"北池袋","original_name":"北池袋","name_kana":"きたいけぶくろ","closed":false,"lat":35.741283,"lng":139.716749,"prefecture":13,"numbering":["TJ02"],"lines":[21001],"attr":"heat","postal_code":"170-0011","address":"豊島区池袋本町１-３６-６","voronoi":{"type":"Feature","geometry":{"type":"Polygon","coordinates":[[[139.718484,35.733568],[139.720386,35.734823],[139.723128,35.740038],[139.717055,35.744072],[139.70706,35.739649],[139.706917,35.739364],[139.718277,35.733531],[139.718484,35.733568]]]},"properties":{}}},
    {"code":2100103,"id":4583,"name":"下板橋","original_name":"下板橋","name_kana":"しもいたばし","closed":false,"lat":35.745721,"lng":139.714785,"prefecture":13,"numbering":["TJ03"],"lines":[21001],"attr":"heat","postal_code":"170-0011","address":"豊島区池袋本町４-４３-１１","voronoi":{"type":"Feature","geometry":{"type":"Polygon","coordinates":[[[139.708224,35.744951],[139.70706,35.739649],[139.717055,35.744072],[139.717266,35.74756],[139.715325,35.750928],[139.708224,35.744951]]]},"properties":{}}},
    {"code":2100104,"id":4584,"name":"大山(東京)","original_name":"大山","name_kana":"おおやま","closed":false,"lat":35.748398,"lng":139.702589,"prefecture":13,"numbering":["TJ04"],"lines":[21001],"attr":"heat","postal_code":"173-0023","address":"板橋区大山町４-１","voronoi":{"type":"Feature","geometry":{"type":"Polygon","coordinates":[[[139.708224,35.744951],[139.704448,35.754781],[139.701661,35.755415],[139.693239,35.746837],[139.697157,35.741707],[139.706709,35.739267],[139.706917,35.739364],[139.70706,35.739649],[139.708224,35.744951]]]},"properties":{}}},
    {"code":2100105,"id":4585,"name":"中板橋","original_name":"中板橋","name_kana":"なかいたばし","closed":false,"lat":35.756214,"lng":139.694628,"prefecture":13,"numbering":["TJ05"],"lines":[21001],"attr":"heat","postal_code":"173-0021","address":"板橋区弥生町３３-１","voronoi":{"type":"Feature","geometry":{"type":"Polygon","coordinates":[[[139.693239,35.746837],[139.687799,35.748458],[139.68774,35.748533],[139.695056,35.764592],[139.698275,35.762621],[139.701661,35.755415],[139.693239,35.746837]]]},"properties":{}}},
    {"code":2100106,"id":4586,"name":"ときわ台(東京)","original_name":"ときわ台","name_kana":"ときわだい","closed":false,"lat":35.758771,"lng":139.689015,"prefecture":13,"numbering":["TJ06"],"lines":[21001],"attr":"cool","postal_code":"174-0071","address":"板橋区常盤台１-４３-１","voronoi":{"type":"Feature","geometry":{"type":"Polygon","coordinates":[[[139.693397,35.766798],[139.695056,35.764592],[139.68774,35.748533],[139.679951,35.753968],[139.685209,35.767706],[139.689214,35.768368],[139.693397,35.766798]]]},"properties":{}}},
    {"code":2100107,"id":4587,"name":"上板橋","original_name":"上板橋","name_kana":"かみいたばし","closed":false,"lat":35.763596,"lng":139.67641,"prefecture":13,"numbering":["TJ07"],"lines":[21001],"attr":"cool","postal_code":"174-0076","address":"板橋区上板橋２-３６-７","voronoi":{"type":"Feature","geometry":{"type":"Polygon","coordinates":[[[139.679951,35.753968],[139.675055,35.753433],[139.666916,35.759717],[139.672191,35.774652],[139.675804,35.774202],[139.685209,35.767706],[139.679951,35.753968]]]},"properties":{}}},
    {"code":2100108,"id":4588,"name":"東武練馬","original_name":"東武練馬","name_kana":"とうぶねりま","closed":false,"lat":35.768698,"lng":139.661964,"prefecture":13,"numbering":["TJ08"],"lines":[21001],"attr":"cool","postal_code":"175-0083","address":"板橋区徳丸２-２-１４","voronoi":{"type":"Feature","geometry":{"type":"Polygon","coordinates":[[[139.672191,35.774652],[139.67122,35.775709],[139.666139,35.779044],[139.655958,35.77867],[139.654115,35.778011],[139.652944,35.767004],[139.663436,35.759062],[139.666916,35.759717],[139.672191,35.774652]]]},"properties":{}}},
    {"code":2100109,"id":4589,"name":"下赤塚","original_name":"下赤塚","name_kana":"しもあかつか","closed":false,"lat":35.770558,"lng":139.644482,"prefecture":13,"numbering":["TJ09"],"lines":[21001],"attr":"eco","postal_code":"175-0093","address":"板橋区赤塚新町１-２３-１","voronoi":{"type":"Feature","geometry":{"type":"Polygon","coordinates":[[[139.650756,35.765405],[139.638729,35.774361],[139.642981,35.781348],[139.648132,35.780995],[139.654115,35.778011],[139.652944,35.767004],[139.650756,35.765405]]]},"properties":{}}},
    {"code":2100110,"id":4590,"name":"成増","original_name":"成増","name_kana":"なります","closed":false,"lat":35.777723,"lng":139.632708,"prefecture":13,"numbering":["TJ10"],"lines":[21001],"attr":"eco","postal_code":"175-0094","address":"板橋区成増２-１３-１","voronoi":{"type":"Feature","geometry":{"type":"Polygon","coordinates":[[[139.628737,35.794707],[139.623916,35.785643],[139.637083,35.771968],[139.638729,35.774361],[139.642981,35.781348],[139.628737,35.794707]]]},"properties":{}}},
    {"code":2100111,"id":4591,"name":"和光市","original_name":"和光市","name_kana":"わこうし","closed":false,"lat":35.788507,"lng":139.612434,"prefecture":11,"numbering":["TJ11"],"lines":[21001,28006,28010],"attr":"eco","postal_code":"351-0114","address":"埼玉県和光市本町4-6","open_date":"1934-02-01","voronoi":{"type":"Feature","geometry":{"type":"Polygon","coordinates":[[[139.602742,35.76688],[139.593166,35.773174],[139.622101,35.815766],[139.626774,35.814483],[139.628737,35.794707],[139.623916,35.785643],[139.614167,35.770091],[139.607208,35.766338],[139.602742,35.76688]]]},"properties":{}}},
    {"code":2100112,"id":4592,"name":"朝霞","original_name":"朝霞","name_kana":"あさか","closed":false,"lat":35.796736,"lng":139.600321,"prefecture":11,"numbering":["TJ12"],"lines":[21001],"attr":"eco","postal_code":"351-0011","address":"朝霞市本町２-１３-５２","voronoi":{"type":"Feature","geometry":{"type":"Polygon","coordinates":[[[139.574847,35.778648],[139.575405,35.778274],[139.593166,35.773174],[139.622101,35.815766],[139.614269,35.82029],[139.603745,35.812989],[139.577181,35.79316],[139.574847,35.778648]]]},"properties":{}}},
    {"code":2100113,"id":4593,"name":"朝霞台","original_name":"朝霞台","name_kana":"あさかだい","closed":false,"lat":35.814328,"lng":139.587189,"prefecture":11,"numbering":["TJ13"],"lines":[21001],"attr":"eco","postal_code":"351-0022","address":"朝霞市東弁財１-４-１７","voronoi":{"type":"Feature","geometry":{"type":"Polygon","coordinates":[[[139.572954,35.805562],[139.577181,35.79316],[139.603745,35.812989],[139.579675,35.81578],[139.572954,35.805562]]]},"properties":{}}},
    {"code":2100114,"id":4594,"name":"志木","original_name":"志木","name_kana":"しき","closed":false,"lat":35.822105,"lng":139.575367,"prefecture":11,"numbering":["TJ14"],"lines":[21001],"attr":"eco","postal_code":"352-0001","address":"新座市東北２-３８-１","voronoi":{"type":"Feature","geometry":{"type":"Polygon","coordinates":[[[139.590327,35.859751],[139.562354,35.816593],[139.572954,35.805562],[139.579675,35.81578],[139.596253,35.845673],[139.590327,35.859751]]]},"properties":{}}},
    {"code":2100115,"id":4595,"name":"柳瀬川","original_name":"柳瀬川","name_kana":"やなせがわ","closed":false,"lat":35.830723,"lng":139.562071,"prefecture":11,"numbering":["TJ15"],"lines":[21001],"attr":"eco","postal_code":"353-0006","address":"志木市館２-５-１","voronoi":{"type":"Feature","geometry":{"type":"Polygon","coordinates":[[[139.562354,35.816593],[139.546745,35.819924],[139.581387,35.872006],[139.590087,35.860923],[139.590327,35.859751],[139.562354,35.816593]]]},"properties":{}}},
    {"code":2100116,"id":4596,"name":"みずほ台","original_name":"みずほ台","name_kana":"みずほだい","closed":false,"lat":35.838233,"lng":139.55078,"prefecture":11,"numbering":["TJ16"],"lines":[21001],"attr":"eco","postal_code":"354-0015","address":"富士見市東みずほ台２-２９-１","voronoi":{"type":"Feature","geometry":{"type":"Polygon","coordinates":[[[139.580507,35.873556],[139.581387,35.872006],[139.546745,35.819924],[139.531158,35.817412],[139.529669,35.818671],[139.567431,35.875908],[139.580507,35.873556]]]},"properties":{}}},
    {"code":2100117,"id":4597,"name":"鶴瀬","original_name":"鶴瀬","name_kana":"つるせ","closed":false,"lat":35.845776,"lng":139.539347,"prefecture":11,"numbering":["TJ17"],"lines":[21001],"attr":"eco","postal_code":"354-0024","address":"富士見市鶴瀬東１-１１-１","voronoi":{"type":"Feature","geometry":{"type":"Polygon","coordinates":[[[139.567431,35.875908],[139.529669,35.818671],[139.508723,35.829098],[139.556339,35.879894],[139.567431,35.875908]]]},"properties":{}}},
    {"code":2100118,"id":4598,"name":"ふじみ野","original_name":"ふじみ野","name_kana":"ふじみの","closed":false,"lat":35.860735,"lng":139.523389,"prefecture":11,"numbering":["TJ18"],"lines":[21001],"attr":"eco","postal_code":"354-0031","address":"富士見市大字勝瀬３３４７","voronoi":{"type":"Feature","geometry":{"type":"Polygon","coordinates":[[[139.549556,35.884902],[139.535931,35.883525],[139.485548,35.838952],[139.489625,35.834024],[139.492417,35.831443],[139.508723,35.829098],[139.556339,35.879894],[139.549556,35.884902]]]},"properties":{}}},
    {"code":2100119,"id":4599,"name":"上福岡","original_name":"上福岡","name_kana":"かみふくおか","closed":false,"lat":35.873855,"lng":139.511782,"prefecture":11,"numbering":["TJ19"],"lines":[21001],"attr":"eco","postal_code":"356-0004","address":"ふじみ野市上福岡１-１-１","voronoi":{"type":"Feature","geometry":{"type":"Polygon","coordinates":[[[139.473825,35.848384],[139.47664,35.858641],[139.512633,35.889292],[139.535931,35.883525],[139.485548,35.838952],[139.473825,35.848384]]]},"properties":{}}},
    {"code":2100120,"id":4600,"name":"新河岸","original_name":"新河岸","name_kana":"しんがし","closed":false,"lat":35.890911,"lng":139.497257,"prefecture":11,"numbering":["TJ20"],"lines":[21001],"attr":"eco","postal_code":"350-1133","address":"川越市大字砂９１４-５","voronoi":{"type":"Feature","geometry":{"type":"Polygon","coordinates":[[[139.501447,35.908929],[139.475847,35.886001],[139.47664,35.858641],[139.512633,35.889292],[139.501447,35.908929]]]},"properties":{}}},
    {"code":1132205,"id":1647,"name":"川越","original_name":"川越","name_kana":"かわごえ","closed":false,"lat":35.906742,"lng":139.483078,"prefecture":11,"numbering":["TJ21"],"lines":[11322,21001],"attr":"eco","postal_code":"350-1122","address":"川越市脇田町","voronoi":{"type":"Feature","geometry":{"type":"Polygon","coordinates":[[[139.467493,35.900131],[139.475847,35.886001],[139.501447,35.908929],[139.502104,35.915893],[139.478337,35.909049],[139.467493,35.900131]]]},"properties":{}}},
    {"code":2100122,"id":4601,"name":"川越市","original_name":"川越市","name_kana":"かわごえし","closed":false,"lat":35.914146,"lng":139.476989,"prefecture":11,"numbering":["TJ22"],"lines":[21001],"attr":"eco","postal_code":"350-0041","address":"川越市六軒町１-４-４","voronoi":{"type":"Feature","geometry":{"type":"Polygon","coordinates":[[[139.489139,35.980878],[139.478337,35.909049],[139.467493,35.900131],[139.464452,35.902963],[139.487076,35.981868],[139.489139,35.980878]]]},"properties":{}}},
    {"code":2100123,"id":4602,"name":"霞ヶ関","original_name":"霞ヶ関","name_kana":"かすみがせき","closed":false,"lat":35.925635,"lng":139.442897,"prefecture":11,"numbering":["TJ23"],"lines":[21001],"attr":"eco","postal_code":"350-1103","address":"埼玉県川越市霞ケ関東一丁目1-4","voronoi":{"type":"Feature","geometry":{"type":"Polygon","coordinates":[[[139.470804,35.993728],[139.469382,35.992894],[139.431721,35.928394],[139.447878,35.913497],[139.476995,35.988455],[139.470804,35.993728]]]},"properties":{}}},
    {"code":2100124,"id":4603,"name":"鶴ヶ島","original_name":"鶴ヶ島","name_kana":"つるがしま","closed":false,"lat":35.936771,"lng":139.423825,"prefecture":11,"numbering":["TJ24"],"lines":[21001],"attr":"eco","postal_code":"350-2203","address":"埼玉県鶴ヶ島市大字上広谷18-5","voronoi":{"type":"Feature","geometry":{"type":"Polygon","coordinates":[[[139.451688,35.985882],[139.450052,35.984637],[139.404648,35.928412],[139.418156,35.920273],[139.431721,35.928394],[139.469382,35.992894],[139.451688,35.985882]]]},"properties":{}}},
    {"code":2100125,"id":4604,"name":"若葉","original_name":"若葉","name_kana":"わかば","closed":false,"lat":35.948919,"lng":139.408782,"prefecture":11,"numbering":["TJ25"],"lines":[21001],"attr":"eco","postal_code":"350-0215","address":"坂戸市関間４-１３-１","voronoi":{"type":"Feature","geometry":{"type":"Polygon","coordinates":[[[139.391505,35.935373],[139.392929,35.929137],[139.404648,35.928412],[139.450052,35.984637],[139.406679,35.962463],[139.391505,35.935373]]]},"properties":{}}},
    {"code":2100126,"id":4605,"name":"坂戸","original_name":"坂戸","name_kana":"さかど","closed":false,"lat":35.957181,"lng":139.394032,"prefecture":11,"numbering":["TJ26"],"lines":[21001,21007],"attr":"heat","postal_code":"350-0225","address":"坂戸市日の出町１-１","voronoi":{"type":"Feature","geometry":{"type":"Polygon","coordinates":[[[139.366623,35.97025],[139.406679,35.962463],[139.391505,35.935373],[139.366623,35.97025]]]},"properties":{}}},
    {"code":2100127,"id":4606,"name":"北坂戸","original_name":"北坂戸","name_kana":"きたさかど","closed":false,"lat":35.972098,"lng":139.396932,"prefecture":11,"numbering":["TJ27"],"lines":[21001],"attr":"heat","postal_code":"350-0272","address":"坂戸市末広町１","voronoi":{"type":"Feature","geometry":{"type":"Polygon","coordinates":[[[139.406679,35.962463],[139.450052,35.984637],[139.451688,35.985882],[139.348432,35.988643],[139.353492,35.981269],[139.366623,35.97025],[139.406679,35.962463]]]},"properties":{}}},
    {"code":2100128,"id":4607,"name":"高坂","original_name":"高坂","name_kana":"たかさか","closed":false,"lat":36.002572,"lng":139.397747,"prefecture":11,"numbering":["TJ28"],"lines":[21001],"attr":"heat","postal_code":"355-0047","address":"東松山市大字高坂１３３４","voronoi":{"type":"Feature","geometry":{"type":"Polygon","coordinates":[[[139.451688,35.985882],[139.348432,35.988643],[139.346991,35.989778],[139.346247,35.990666],[139.362195,36.011],[139.380726,36.020902],[139.463836,36.010774],[139.469551,35.999491],[139.470804,35.993728],[139.469382,35.992894],[139.451688,35.985882]]]},"properties":{}}},
    {"code":2100129,"id":4608,"name":"東松山","original_name":"東松山","name_kana":"ひがしまつやま","closed":false,"lat":36.034608,"lng":139.401651,"prefecture":11,"numbering":["TJ29"],"lines":[21001],"attr":"heat","postal_code":"355-0028","address":"東松山市箭弓町１-１２-１１","voronoi":{"type":"Feature","geometry":{"type":"Polygon","coordinates":[[[139.439508,36.05972],[139.459369,36.030373],[139.463836,36.010774],[139.380726,36.020902],[139.40394,36.079213],[139.423655,36.07164],[139.439508,36.05972]]]},"properties":{}}},
    {"code":2100130,"id":4609,"name":"森林公園(埼玉)","original_name":"森林公園","name_kana":"しんりんこうえん","closed":false,"lat":36.045239,"lng":139.374947,"prefecture":11,"numbering":["TJ30"],"lines":[21001],"attr":"heat","postal_code":"355-0811","address":"比企郡滑川町大字羽尾３９７７","voronoi":{"type":"Feature","geometry":{"type":"Polygon","coordinates":[[[139.380726,36.020902],[139.40394,36.079213],[139.389392,36.091328],[139.368211,36.0946],[139.360665,36.095095],[139.357324,36.094339],[139.362195,36.011],[139.380726,36.020902]]]},"properties":{}}},
    {"code":2100131,"id":4610,"name":"つきのわ","original_name":"つきのわ","name_kana":"つきのわ","closed":false,"lat":36.04352,"lng":139.345541,"prefecture":11,"numbering":["TJ31"],"lines":[21001],"attr":"heat","postal_code":"355-0813","address":"比企郡滑川町月輪字中丸１２４７-２","voronoi":{"type":"Feature","geometry":{"type":"Polygon","coordinates":[[[139.346247,35.990666],[139.344358,35.991038],[139.341715,35.992091],[139.337765,35.99434],[139.335622,35.997365],[139.338317,36.094014],[139.346031,36.095058],[139.357324,36.094339],[139.362195,36.011],[139.346247,35.990666]]]},"properties":{}}},
    {"code":2100132,"id":4611,"name":"武蔵嵐山","original_name":"武蔵嵐山","name_kana":"むさしらんざん","closed":false,"lat":36.044001,"lng":139.32829,"prefecture":11,"numbering":["TJ32"],"lines":[21001],"attr":"heat","postal_code":"355-0221","address":"比企郡嵐山町大字菅谷１３５-６","voronoi":{"type":"Feature","geometry":{"type":"Polygon","coordinates":[[[139.302923,36.090229],[139.291784,36.03992],[139.335622,35.997365],[139.338317,36.094014],[139.320429,36.094649],[139.302923,36.090229]]]},"properties":{}}},
    {"code":1131805,"id":1575,"name":"小川町(埼玉)","original_name":"小川町","name_kana":"おがわまち","closed":false,"lat":36.05903,"lng":139.260412,"prefecture":11,"numbering":["TJ33"],"lines":[11318,21001],"attr":"heat","postal_code":"355-0328","address":"比企郡小川町大字大塚","voronoi":{"type":"Feature","geometry":{"type":"Polygon","coordinates":[[[139.291784,36.03992],[139.216513,36.001587],[139.211515,36.004854],[139.233514,36.045624],[139.261873,36.085159],[139.278202,36.097386],[139.283423,36.097448],[139.294198,36.094688],[139.302923,36.090229],[139.291784,36.03992]]]},"properties":{}}},
    {"code":2100134,"id":4612,"name":"東武竹沢","original_name":"東武竹沢","name_kana":"とうぶたけざわ","closed":false,"lat":36.0754,"lng":139.237591,"prefecture":11,"numbering":["TJ34"],"lines":[21001],"attr":"cool","postal_code":"355-0331","address":"比企郡小川町大字靱負６８７-１","voronoi":{"type":"Feature","geometry":{"type":"Polygon","coordinates":[[[139.233514,36.045624],[139.261873,36.085159],[139.233837,36.083014],[139.233514,36.045624]]]},"properties":{}}},
    {"code":2100135,"id":9372,"name":"みなみ寄居","original_name":"みなみ寄居","name_kana":"みなみよりい","closed":false,"lat":36.091111,"lng":139.236389,"prefecture":11,"numbering":["TJ35"],"lines":[21001],"attr":"cool","postal_code":"369-1216","address":"埼玉県大里郡寄居町大字富田","open_date":"2020-10-31","voronoi":{"type":"Feature","geometry":{"type":"Polygon","coordinates":[[[139.278202,36.097386],[139.261873,36.085159],[139.233837,36.083014],[139.215406,36.090598],[139.215874,36.094314],[139.218242,36.097212],[139.267104,36.103047],[139.268043,36.102701],[139.278202,36.097386]]]},"properties":{}}},
    {"code":2100136,"id":4613,"name":"男衾","original_name":"男衾","name_kana":"おぶすま","closed":false,"lat":36.107415,"lng":139.234442,"prefecture":11,"numbering":["TJ36"],"lines":[21001],"attr":"cool","postal_code":"369-1216","address":"大里郡寄居町大字富田１７９２-１","voronoi":{"type":"Feature","geometry":{"type":"Polygon","coordinates":[[[139.23769,36.123376],[139.267104,36.103047],[139.218242,36.097212],[139.222616,36.114937],[139.23769,36.123376]]]},"properties":{}}},
    {"code":2100137,"id":4614,"name":"鉢形","original_name":"鉢形","name_kana":"はちがた","closed":false,"lat":36.11378,"lng":139.208649,"prefecture":11,"numbering":["TJ37"],"lines":[21001],"attr":"cool","postal_code":"369-1224","address":"大里郡寄居町大字鉢形１６-１","voronoi":{"type":"Feature","geometry":{"type":"Polygon","coordinates":[[[139.200727,36.105961],[139.206515,36.12108],[139.214806,36.122009],[139.222616,36.114937],[139.218242,36.097212],[139.215874,36.094314],[139.200727,36.105961]]]},"properties":{}}},
    {"code":2100138,"id":4615,"name":"玉淀","original_name":"玉淀","name_kana":"たまよど","closed":false,"lat":36.117071,"lng":139.200052,"prefecture":11,"numbering":["TJ38"],"lines":[21001],"attr":"cool","postal_code":"369-1203","address":"大里郡寄居町大字寄居８３０-１","voronoi":{"type":"Feature","geometry":{"type":"Polygon","coordinates":[[[139.198485,36.125877],[139.195465,36.107188],[139.200727,36.105961],[139.206515,36.12108],[139.198485,36.125877]]]},"properties":{}}},
    {"code":1131808,"id":1578,"name":"寄居","original_name":"寄居","name_kana":"よりい","closed":false,"lat":36.118013,"lng":139.194224,"prefecture":11,"numbering":["TJ39"],"lines":[11318,21001,99306],"attr":"cool","postal_code":"369-1203","address":"大里郡寄居町大字寄居","voronoi":{"type":"Feature","geometry":{"type":"Polygon","coordinates":[[[139.195465,36.107188],[139.172238,36.106139],[139.180182,36.139091],[139.188749,36.137529],[139.198485,36.125877],[139.195465,36.107188]]]},"properties":{}}}
  ]
}