{
  "code":21009,
  "id":225,
  "name":"東武鬼怒川線",
  "name_kana":"とうぶきぬがわせん",
  "station_size":9,
  "company_code":11,
  "closed":false,
  "color":"#FFA500",
  "symbol":"TN",
  "station_list":[
    {"code":2100324,"id":4688,"name":"下今市","original_name":"下今市","name_kana":"しもいまいち","closed":false,"lat":36.72563,"lng":139.692666,"prefecture":9,"numbering":["TN23"],"lines":[21003,21009],"attr":"eco","postal_code":"321-1261","address":"日光市今市","voronoi":{"type":"Feature","geometry":{"type":"Polygon","coordinates":[[[139.709025,36.703716],[139.686749,36.726314],[139.687158,36.728353],[139.721553,36.732255],[139.732182,36.725943],[139.711022,36.704515],[139.709025,36.703716]]]},"properties":{}}},
    {"code":2100902,"id":4742,"name":"大谷向","original_name":"大谷向","name_kana":"だいやむこう","closed":false,"lat":36.73224,"lng":139.691916,"prefecture":9,"numbering":["TN51"],"lines":[21009],"attr":"cool","postal_code":"321-1261","address":"日光市今市","voronoi":{"type":"Feature","geometry":{"type":"Polygon","coordinates":[[[139.687158,36.728353],[139.671722,36.767646],[139.678203,36.765098],[139.721553,36.732255],[139.687158,36.728353]]]},"properties":{}}},
    {"code":2100903,"id":4743,"name":"大桑(栃木)","original_name":"大桑","name_kana":"おおくわ","closed":false,"lat":36.76079,"lng":139.713546,"prefecture":9,"numbering":["TN52"],"lines":[21009],"attr":"cool","postal_code":"321-2411","address":"日光市大桑町","voronoi":{"type":"Feature","geometry":{"type":"Polygon","coordinates":[[[139.818038,36.786581],[139.678203,36.765098],[139.721553,36.732255],[139.732182,36.725943],[139.829414,36.750553],[139.829497,36.753623],[139.822834,36.785566],[139.818038,36.786581]]]},"properties":{}}},
    {"code":2100904,"id":4744,"name":"新高徳","original_name":"新高徳","name_kana":"しんたかとく","closed":false,"lat":36.779816,"lng":139.710623,"prefecture":9,"numbering":["TN53"],"lines":[21009],"attr":"heat","postal_code":"321-2523","address":"日光市高徳","voronoi":{"type":"Feature","geometry":{"type":"Polygon","coordinates":[[[139.678203,36.765098],[139.671722,36.767646],[139.663105,36.772565],[139.659657,36.781974],[139.731642,36.795315],[139.749601,36.796231],[139.817026,36.786892],[139.818038,36.786581],[139.678203,36.765098]]]},"properties":{}}},
    {"code":2100905,"id":4745,"name":"小佐越","original_name":"小佐越","name_kana":"こさごえ","closed":false,"lat":36.802252,"lng":139.706465,"prefecture":9,"numbering":["TN54"],"lines":[21009],"attr":"heat","postal_code":"321-2522","address":"日光市鬼怒川温泉大原","voronoi":{"type":"Feature","geometry":{"type":"Polygon","coordinates":[[[139.731642,36.795315],[139.625085,36.840512],[139.622501,36.840427],[139.642147,36.808889],[139.659657,36.781974],[139.731642,36.795315]]]},"properties":{}}},
    {"code":2100909,"id":9325,"name":"東武ワールドスクウェア","original_name":"東武ワールドスクウェア","name_kana":"とうぶわーるどすくうぇあ","closed":false,"lat":36.808594,"lng":139.709155,"prefecture":9,"numbering":["TN55"],"lines":[21009],"attr":"heat","postal_code":"321-2522","address":"栃木県日光市鬼怒川温泉大原334-10","open_date":"2017-07-22","voronoi":{"type":"Feature","geometry":{"type":"Polygon","coordinates":[[[139.625085,36.840512],[139.660796,36.843058],[139.749601,36.796231],[139.731642,36.795315],[139.625085,36.840512]]]},"properties":{}}},
    {"code":2100906,"id":4746,"name":"鬼怒川温泉","original_name":"鬼怒川温泉","name_kana":"きぬがわおんせん","closed":false,"lat":36.822622,"lng":139.716552,"prefecture":9,"numbering":["TN56"],"lines":[21009],"attr":"heat","postal_code":"321-2522","address":"日光市鬼怒川温泉大原字三ツ石","voronoi":{"type":"Feature","geometry":{"type":"Polygon","coordinates":[[[139.667168,36.844384],[139.660796,36.843058],[139.749601,36.796231],[139.817026,36.786892],[139.761211,36.817544],[139.685983,36.843406],[139.667168,36.844384]]]},"properties":{}}},
    {"code":2100907,"id":4747,"name":"鬼怒川公園","original_name":"鬼怒川公園","name_kana":"きぬがわこうえん","closed":false,"lat":36.841,"lng":139.72287,"prefecture":9,"numbering":["TN57"],"lines":[21009],"attr":"heat","postal_code":"321-2613","address":"日光市藤原","voronoi":{"type":"Feature","geometry":{"type":"Polygon","coordinates":[[[139.685983,36.843406],[139.761211,36.817544],[139.722646,36.851376],[139.685983,36.843406]]]},"properties":{}}},
    {"code":2100908,"id":4748,"name":"新藤原","original_name":"新藤原","name_kana":"しんふじわら","closed":false,"lat":36.852505,"lng":139.732963,"prefecture":9,"numbering":["TN58"],"lines":[21009,99341],"attr":"heat","postal_code":"321-2521","address":"日光市藤原３１９-４","voronoi":{"type":"Feature","geometry":{"type":"Polygon","coordinates":[[[139.848859,36.937734],[139.805933,36.936198],[139.748275,36.895355],[139.722646,36.851376],[139.761211,36.817544],[139.817026,36.786892],[139.818038,36.786581],[139.822834,36.785566],[139.847026,36.890828],[139.848859,36.937734]]]},"properties":{}}}
  ]
}