{
  "code":21004,
  "id":"ceacd5",
  "name":"東武野田線",
  "name_kana":"とうぶのだせん",
  "station_size":35,
  "company_code":11,
  "closed":false,
  "color":"#33CCCC",
  "symbol":"TD",
  "station_list":[
    {"code":100403,"id":"d73fff","name":"大宮(埼玉)","original_name":"大宮","name_kana":"おおみや","closed":false,"lat":35.906439,"lng":139.62405,"prefecture":11,"numbering":["TD01"],"lines":[1004,1005,11319,11321,11322,11323,11332,11333,21004,99321],"attr":"heat","postal_code":"330-0853","address":"さいたま市大宮区錦町","voronoi":{"type":"Feature","geometry":{"type":"Polygon","coordinates":[[[139.626974,35.898754],[139.602983,35.891948],[139.59364,35.891205],[139.597842,35.902919],[139.618328,35.912182],[139.636384,35.911043],[139.640439,35.908968],[139.626974,35.898754]]]},"properties":{}}},
    {"code":2100402,"id":"ab1df5","name":"北大宮","original_name":"北大宮","name_kana":"きたおおみや","closed":false,"lat":35.91716,"lng":139.624726,"prefecture":11,"numbering":["TD02"],"lines":[21004],"attr":"heat","postal_code":"330-0801","address":"さいたま市大宮区土手町３-２８５","voronoi":{"type":"Feature","geometry":{"type":"Polygon","coordinates":[[[139.618328,35.912182],[139.624466,35.925854],[139.636384,35.911043],[139.618328,35.912182]]]},"properties":{}}},
    {"code":2100403,"id":"569e2f","name":"大宮公園","original_name":"大宮公園","name_kana":"おおみやこうえん","closed":false,"lat":35.92374,"lng":139.632903,"prefecture":11,"numbering":["TD03"],"lines":[21004],"attr":"heat","postal_code":"330-0805","address":"さいたま市大宮区寿能町１-１７２","voronoi":{"type":"Feature","geometry":{"type":"Polygon","coordinates":[[[139.636384,35.911043],[139.640439,35.908968],[139.647267,35.909125],[139.641035,35.928655],[139.62418,35.927098],[139.624466,35.925854],[139.636384,35.911043]]]},"properties":{}}},
    {"code":2100404,"id":"5a06b5","name":"大和田(埼玉)","original_name":"大和田","name_kana":"おおわだ","closed":false,"lat":35.929359,"lng":139.65051,"prefecture":11,"numbering":["TD04"],"lines":[21004],"attr":"heat","postal_code":"337-0053","address":"さいたま市見沼区大和田町２-１７７４","voronoi":{"type":"Feature","geometry":{"type":"Polygon","coordinates":[[[139.641035,35.928655],[139.647267,35.909125],[139.66018,35.902968],[139.673577,35.899564],[139.653449,35.943297],[139.642293,35.937417],[139.641035,35.928655]]]},"properties":{}}},
    {"code":2100405,"id":"d1efb3","name":"七里","original_name":"七里","name_kana":"ななさと","closed":false,"lat":35.936464,"lng":139.665948,"prefecture":11,"numbering":["TD05"],"lines":[21004],"attr":"cool","postal_code":"337-0017","address":"さいたま市見沼区風渡野６０３","voronoi":{"type":"Feature","geometry":{"type":"Polygon","coordinates":[[[139.687417,35.90141],[139.679225,35.897032],[139.677363,35.897611],[139.673577,35.899564],[139.653449,35.943297],[139.661135,35.959345],[139.670169,35.961952],[139.695136,35.912565],[139.687417,35.90141]]]},"properties":{}}},
    {"code":2100406,"id":"c33781","name":"岩槻","original_name":"岩槻","name_kana":"いわつき","closed":false,"lat":35.950239,"lng":139.693197,"prefecture":11,"numbering":["TD06"],"lines":[21004],"attr":"cool","postal_code":"339-0057","address":"さいたま市岩槻区本町","voronoi":{"type":"Feature","geometry":{"type":"Polygon","coordinates":[[[139.670169,35.961952],[139.685504,35.981808],[139.721819,35.928885],[139.695136,35.912565],[139.670169,35.961952]]]},"properties":{}}},
    {"code":2100407,"id":"68f598","name":"東岩槻","original_name":"東岩槻","name_kana":"ひがしいわつき","closed":false,"lat":35.963273,"lng":139.712192,"prefecture":11,"numbering":["TD07"],"lines":[21004],"attr":"cool","postal_code":"339-0005","address":"さいたま市岩槻区東岩槻１-１２-１","voronoi":{"type":"Feature","geometry":{"type":"Polygon","coordinates":[[[139.709295,35.994224],[139.70392,35.997686],[139.699424,35.998765],[139.687689,35.988991],[139.685504,35.981808],[139.721819,35.928885],[139.731007,35.930944],[139.709295,35.994224]]]},"properties":{}}},
    {"code":2100408,"id":"159fda","name":"豊春","original_name":"豊春","name_kana":"とよはる","closed":false,"lat":35.968014,"lng":139.72601,"prefecture":11,"numbering":["TD08"],"lines":[21004],"attr":"eco","postal_code":"344-0046","address":"春日部市大字上蛭田１３６-１","voronoi":{"type":"Feature","geometry":{"type":"Polygon","coordinates":[[[139.7364,35.931073],[139.731007,35.930944],[139.709295,35.994224],[139.72173,35.989894],[139.724238,35.9879],[139.745146,35.95607],[139.744511,35.949509],[139.737242,35.93234],[139.7364,35.931073]]]},"properties":{}}},
    {"code":2100409,"id":"de1b7a","name":"八木崎","original_name":"八木崎","name_kana":"やぎさき","closed":false,"lat":35.978376,"lng":139.741785,"prefecture":11,"numbering":["TD09"],"lines":[21004],"attr":"eco","postal_code":"344-0061","address":"春日部市大字粕壁６９４６","voronoi":{"type":"Feature","geometry":{"type":"Polygon","coordinates":[[[139.746306,35.983897],[139.724238,35.9879],[139.745146,35.95607],[139.749595,35.963694],[139.746306,35.983897]]]},"properties":{}}},
    {"code":2100227,"id":"d9fd31","name":"春日部","original_name":"春日部","name_kana":"かすかべ","closed":false,"lat":35.980095,"lng":139.752345,"prefecture":11,"numbering":["TD10"],"lines":[21002,21004],"attr":"heat","postal_code":"344-0061","address":"春日部市粕壁１丁目","voronoi":{"type":"Feature","geometry":{"type":"Polygon","coordinates":[[[139.746306,35.983897],[139.749595,35.963694],[139.76521,35.977256],[139.765073,35.998706],[139.746306,35.983897]]]},"properties":{}}},
    {"code":2100411,"id":"a98a8b","name":"藤の牛島","original_name":"藤の牛島","name_kana":"ふじのうしじま","closed":false,"lat":35.98026,"lng":139.778038,"prefecture":11,"numbering":["TD11"],"lines":[21004],"attr":"eco","postal_code":"344-0004","address":"春日部市大字牛島１５７６","voronoi":{"type":"Feature","geometry":{"type":"Polygon","coordinates":[[[139.76521,35.977256],[139.765073,35.998706],[139.76786,36.00783],[139.792603,36.048204],[139.793135,35.960244],[139.786207,35.961881],[139.76521,35.977256]]]},"properties":{}}},
    {"code":2100412,"id":"c0915d","name":"南桜井(埼玉)","original_name":"南桜井","name_kana":"みなみさくらい","closed":false,"lat":35.980441,"lng":139.807988,"prefecture":11,"numbering":["TD12"],"lines":[21004],"attr":"eco","postal_code":"344-0115","address":"春日部市米島１１８５","voronoi":{"type":"Feature","geometry":{"type":"Polygon","coordinates":[[[139.803882,36.069424],[139.793086,36.049603],[139.792603,36.048204],[139.793135,35.960244],[139.80118,35.950664],[139.813757,35.941217],[139.81889,35.938459],[139.826412,36.091762],[139.803882,36.069424]]]},"properties":{}}},
    {"code":2100413,"id":"523c81","name":"川間","original_name":"川間","name_kana":"かわま","closed":false,"lat":35.979172,"lng":139.83385,"prefecture":12,"numbering":["TD13"],"lines":[21004],"attr":"heat","postal_code":"270-0235","address":"野田市尾崎８３２","voronoi":{"type":"Feature","geometry":{"type":"Polygon","coordinates":[[[139.81889,35.938459],[139.821264,35.936034],[139.833166,35.951548],[139.882525,36.065037],[139.848229,36.104069],[139.842835,36.108766],[139.832709,36.099633],[139.826412,36.091762],[139.81889,35.938459]]]},"properties":{}}},
    {"code":2100414,"id":"26ce94","name":"七光台","original_name":"七光台","name_kana":"ななこうだい","closed":false,"lat":35.970884,"lng":139.852906,"prefecture":12,"numbering":["TD14"],"lines":[21004],"attr":"heat","postal_code":"278-0042","address":"野田市吉春９３１-５","voronoi":{"type":"Feature","geometry":{"type":"Polygon","coordinates":[[[139.916205,36.000304],[139.833166,35.951548],[139.882525,36.065037],[139.888639,36.059404],[139.906402,36.036877],[139.909799,36.030751],[139.915021,36.015349],[139.916205,36.000304]]]},"properties":{}}},
    {"code":2100415,"id":"855153","name":"清水公園","original_name":"清水公園","name_kana":"しみずこうえん","closed":false,"lat":35.959364,"lng":139.85967,"prefecture":12,"numbering":["TD15"],"lines":[21004],"attr":"heat","postal_code":"278-0043","address":"野田市清水３７５","voronoi":{"type":"Feature","geometry":{"type":"Polygon","coordinates":[[[139.916205,36.000304],[139.833166,35.951548],[139.821264,35.936034],[139.822706,35.932664],[139.899024,35.975314],[139.906317,35.980446],[139.91748,35.993067],[139.916205,36.000304]]]},"properties":{}}},
    {"code":2100416,"id":"ec5d87","name":"愛宕(千葉)","original_name":"愛宕","name_kana":"あたご","closed":false,"lat":35.950154,"lng":139.864817,"prefecture":12,"numbering":["TD16"],"lines":[21004],"attr":"heat","postal_code":"278-0035","address":"野田市中野台１２１７","voronoi":{"type":"Feature","geometry":{"type":"Polygon","coordinates":[[[139.822706,35.932664],[139.825395,35.923595],[139.831713,35.919947],[139.836554,35.918522],[139.899024,35.975314],[139.822706,35.932664]]]},"properties":{}}},
    {"code":2100417,"id":"343645","name":"野田市","original_name":"野田市","name_kana":"のだし","closed":false,"lat":35.943652,"lng":139.870728,"prefecture":12,"numbering":["TD17"],"lines":[21004],"attr":"heat","postal_code":"278-0037","address":"野田市野田１２８","voronoi":{"type":"Feature","geometry":{"type":"Polygon","coordinates":[[[139.906317,35.980446],[139.899024,35.975314],[139.836554,35.918522],[139.863104,35.907603],[139.906317,35.980446]]]},"properties":{}}},
    {"code":2100418,"id":"fd18f2","name":"梅郷","original_name":"梅郷","name_kana":"うめさと","closed":false,"lat":35.931575,"lng":139.891086,"prefecture":12,"numbering":["TD18"],"lines":[21004],"attr":"heat","postal_code":"278-0022","address":"野田市山崎１８９２","voronoi":{"type":"Feature","geometry":{"type":"Polygon","coordinates":[[[139.935478,35.95713],[139.932646,35.96485],[139.91748,35.993067],[139.906317,35.980446],[139.863104,35.907603],[139.868162,35.903192],[139.873011,35.900702],[139.934632,35.954411],[139.935478,35.95713]]]},"properties":{}}},
    {"code":2100419,"id":"ed35b9","name":"運河","original_name":"運河","name_kana":"うんが","closed":false,"lat":35.914392,"lng":139.906063,"prefecture":12,"numbering":["TD19"],"lines":[21004],"attr":"heat","postal_code":"270-0101","address":"流山市東深井４０５","voronoi":{"type":"Feature","geometry":{"type":"Polygon","coordinates":[[[139.931748,35.911913],[139.934632,35.954411],[139.873011,35.900702],[139.87605,35.89758],[139.931748,35.911913]]]},"properties":{}}},
    {"code":2100420,"id":"c227f1","name":"江戸川台","original_name":"江戸川台","name_kana":"えどがわだい","closed":false,"lat":35.897344,"lng":139.91045,"prefecture":12,"numbering":["TD20"],"lines":[21004],"attr":"heat","postal_code":"270-0111","address":"流山市江戸川台東１-３","voronoi":{"type":"Feature","geometry":{"type":"Polygon","coordinates":[[[139.887626,35.880418],[139.893388,35.879214],[139.931968,35.900298],[139.932783,35.90832],[139.931748,35.911913],[139.87605,35.89758],[139.882885,35.885457],[139.887626,35.880418]]]},"properties":{}}},
    {"code":2100421,"id":"bb1202","name":"初石","original_name":"初石","name_kana":"はついし","closed":false,"lat":35.883783,"lng":139.917861,"prefecture":12,"numbering":["TD21"],"lines":[21004],"attr":"heat","postal_code":"270-0121","address":"流山市西初石３-１００","voronoi":{"type":"Feature","geometry":{"type":"Polygon","coordinates":[[[139.931968,35.900298],[139.893388,35.879214],[139.909818,35.869774],[139.909973,35.86976],[139.935479,35.887234],[139.931968,35.900298]]]},"properties":{}}},
    {"code":2100422,"id":"7fc77a","name":"流山おおたかの森","original_name":"流山おおたかの森","name_kana":"ながれやまおおたかのもり","closed":false,"lat":35.872051,"lng":139.925898,"prefecture":12,"numbering":["TD22"],"lines":[21004,99309],"attr":"heat","postal_code":"270-0121","address":"流山市西初石六丁目","voronoi":{"type":"Feature","geometry":{"type":"Polygon","coordinates":[[[139.935479,35.887234],[139.909973,35.86976],[139.928222,35.858628],[139.938413,35.883529],[139.935479,35.887234]]]},"properties":{}}},
    {"code":2100423,"id":"3ee2f6","name":"豊四季","original_name":"豊四季","name_kana":"とよしき","closed":false,"lat":35.86657,"lng":139.93929,"prefecture":12,"numbering":["TD23"],"lines":[21004],"attr":"heat","postal_code":"277-0863","address":"柏市豊四季１５９","voronoi":{"type":"Feature","geometry":{"type":"Polygon","coordinates":[[[139.938413,35.883529],[139.928222,35.858628],[139.93215,35.850761],[139.937589,35.84945],[139.954768,35.861069],[139.956564,35.874516],[139.938413,35.883529]]]},"properties":{}}},
    {"code":1132015,"id":"bcbda8","name":"柏","original_name":"柏","name_kana":"かしわ","closed":false,"lat":35.862316,"lng":139.971148,"prefecture":12,"numbering":["TD24"],"lines":[11320,21004],"attr":"heat","postal_code":"277-0005","address":"柏市柏１","voronoi":{"type":"Feature","geometry":{"type":"Polygon","coordinates":[[[139.994911,35.849529],[139.96918,35.882182],[139.956564,35.874516],[139.954768,35.861069],[139.96535,35.850861],[139.983865,35.847681],[139.994911,35.849529]]]},"properties":{}}},
    {"code":2100425,"id":"bcd4b5","name":"新柏","original_name":"新柏","name_kana":"しんかしわ","closed":false,"lat":35.838128,"lng":139.966994,"prefecture":12,"numbering":["TD25"],"lines":[21004],"attr":"eco","postal_code":"277-0084","address":"柏市新柏１-１５１０","voronoi":{"type":"Feature","geometry":{"type":"Polygon","coordinates":[[[139.959593,35.819992],[139.951708,35.823935],[139.96535,35.850861],[139.983865,35.847681],[139.959593,35.819992]]]},"properties":{}}},
    {"code":2100426,"id":"cba7f6","name":"増尾","original_name":"増尾","name_kana":"ますお","closed":false,"lat":35.829704,"lng":139.976604,"prefecture":12,"numbering":["TD26"],"lines":[21004],"attr":"eco","postal_code":"277-0033","address":"柏市増尾１-１-１","voronoi":{"type":"Feature","geometry":{"type":"Polygon","coordinates":[[[139.969268,35.814137],[139.963416,35.816087],[139.959593,35.819992],[139.983865,35.847681],[139.994911,35.849529],[139.996096,35.849234],[139.998563,35.847296],[139.969268,35.814137]]]},"properties":{}}},
    {"code":2100427,"id":"eb4dce","name":"逆井","original_name":"逆井","name_kana":"さかさい","closed":false,"lat":35.823336,"lng":139.983812,"prefecture":12,"numbering":["TD27"],"lines":[21004],"attr":"eco","postal_code":"277-0042","address":"柏市逆井８４８","voronoi":{"type":"Feature","geometry":{"type":"Polygon","coordinates":[[[140.014375,35.838773],[139.981885,35.806285],[139.979947,35.806752],[139.969268,35.814137],[139.998563,35.847296],[140.014375,35.838773]]]},"properties":{}}},
    {"code":2100428,"id":"60f794","name":"高柳","original_name":"高柳","name_kana":"たかやなぎ","closed":false,"lat":35.808211,"lng":139.998936,"prefecture":12,"numbering":["TD28"],"lines":[21004],"attr":"eco","postal_code":"277-0941","address":"柏市高柳１４８９","voronoi":{"type":"Feature","geometry":{"type":"Polygon","coordinates":[[[140.014375,35.838773],[139.981885,35.806285],[139.986206,35.800733],[140.018919,35.801318],[140.037719,35.827025],[140.025682,35.8367],[140.025567,35.836775],[140.014375,35.838773]]]},"properties":{}}},
    {"code":2100429,"id":"0b4b27","name":"六実","original_name":"六実","name_kana":"むつみ","closed":false,"lat":35.793715,"lng":139.999195,"prefecture":12,"numbering":["TD29"],"lines":[21004],"attr":"eco","postal_code":"270-2204","address":"松戸市六実４-６-１","voronoi":{"type":"Feature","geometry":{"type":"Polygon","coordinates":[[[139.986206,35.800733],[140.018919,35.801318],[140.014858,35.787267],[139.992494,35.786836],[139.988,35.78871],[139.986206,35.800733]]]},"properties":{}}},
    {"code":2100430,"id":"a3a320","name":"新鎌ヶ谷","original_name":"新鎌ヶ谷","name_kana":"しんかまがや","closed":false,"lat":35.780221,"lng":139.999455,"prefecture":12,"numbering":["TD30"],"lines":[21004,23006,99329,99340],"attr":"cool","postal_code":"273-0107","address":"千葉県鎌ケ谷市新鎌ケ谷一丁目13-1","open_date":"1991-03-31","voronoi":{"type":"Feature","geometry":{"type":"Polygon","coordinates":[[[139.997138,35.775749],[139.992494,35.786836],[140.014858,35.787267],[140.016037,35.778133],[139.997138,35.775749]]]},"properties":{}}},
    {"code":2100431,"id":"37fef2","name":"鎌ヶ谷","original_name":"鎌ヶ谷","name_kana":"かまがや","closed":false,"lat":35.763765,"lng":139.997266,"prefecture":12,"numbering":["TD31"],"lines":[21004],"attr":"cool","postal_code":"273-0113","address":"千葉県鎌ケ谷市道野辺中央2-1-10","voronoi":{"type":"Feature","geometry":{"type":"Polygon","coordinates":[[[139.979107,35.756245],[139.984039,35.766555],[139.993452,35.770007],[140.006949,35.764713],[140.002034,35.751007],[139.979107,35.756245]]]},"properties":{}}},
    {"code":2100432,"id":"e94c2e","name":"馬込沢","original_name":"馬込沢","name_kana":"まごめざわ","closed":false,"lat":35.741586,"lng":139.992199,"prefecture":12,"numbering":["TD32"],"lines":[21004],"attr":"cool","postal_code":"273-0047","address":"船橋市藤原７-２-１","voronoi":{"type":"Feature","geometry":{"type":"Polygon","coordinates":[[[140.008026,35.728678],[140.003793,35.724047],[139.979657,35.735617],[139.97271,35.75146],[139.973222,35.752974],[139.979107,35.756245],[140.002034,35.751007],[140.009367,35.741244],[140.008026,35.728678]]]},"properties":{}}},
    {"code":2100433,"id":"e29a12","name":"塚田","original_name":"塚田","name_kana":"つかだ","closed":false,"lat":35.722102,"lng":139.982859,"prefecture":12,"numbering":["TD33"],"lines":[21004],"attr":"cool","postal_code":"273-0042","address":"船橋市前貝塚町５６４","voronoi":{"type":"Feature","geometry":{"type":"Polygon","coordinates":[[[139.979657,35.735617],[139.971234,35.719354],[139.994263,35.712941],[139.995625,35.713065],[140.002971,35.720009],[140.003793,35.724047],[139.979657,35.735617]]]},"properties":{}}},
    {"code":2100434,"id":"c09dd6","name":"新船橋","original_name":"新船橋","name_kana":"しんふなばし","closed":false,"lat":35.710993,"lng":139.979765,"prefecture":12,"numbering":["TD34"],"lines":[21004],"attr":"cool","postal_code":"273-0045","address":"船橋市山手１-３-１","voronoi":{"type":"Feature","geometry":{"type":"Polygon","coordinates":[[[139.971234,35.719354],[139.994263,35.712941],[139.987511,35.709285],[139.976116,35.707995],[139.969522,35.718168],[139.969523,35.718211],[139.971234,35.719354]]]},"properties":{}}},
    {"code":1131331,"id":"d88909","name":"船橋","original_name":"船橋","name_kana":"ふなばし","closed":false,"lat":35.701865,"lng":139.984707,"prefecture":12,"numbering":["TD35"],"lines":[11313,11314,21004],"attr":"cool","postal_code":"273-0005","address":"船橋市本町７丁目","voronoi":{"type":"Feature","geometry":{"type":"Polygon","coordinates":[[[139.99479,35.705253],[139.976386,35.697218],[139.987511,35.709285],[139.994263,35.712941],[139.995625,35.713065],[139.99479,35.705253]]]},"properties":{}}}
  ]
}