{
  "code":21010,
  "id":226,
  "name":"東武佐野線",
  "name_kana":"とうぶさのせん",
  "station_size":10,
  "company_code":11,
  "closed":false,
  "color":"#FF0000",
  "symbol":"TI",
  "station_list":[
    {"code":2100240,"id":4653,"name":"館林","original_name":"館林","name_kana":"たてばやし","closed":false,"lat":36.246606,"lng":139.527811,"prefecture":10,"numbering":["TI10"],"lines":[21002,21010,21012],"attr":"eco","postal_code":"374-0024","address":"館林市本町２丁目","voronoi":{"type":"Feature","geometry":{"type":"Polygon","coordinates":[[[139.515474,36.236913],[139.518525,36.263232],[139.562488,36.235167],[139.515474,36.236913]]]},"properties":{}}},
    {"code":2101002,"id":4749,"name":"渡瀬(群馬)","original_name":"渡瀬","name_kana":"わたらせ","closed":false,"lat":36.261807,"lng":139.537515,"prefecture":10,"numbering":["TI31"],"lines":[21010],"attr":"cool","postal_code":"374-0073","address":"館林市足次町６５","voronoi":{"type":"Feature","geometry":{"type":"Polygon","coordinates":[[[139.587883,36.227681],[139.562488,36.235167],[139.518525,36.263232],[139.5179,36.264806],[139.525139,36.287468],[139.526403,36.28792],[139.537091,36.289661],[139.590362,36.238254],[139.590117,36.233975],[139.587883,36.227681]]]},"properties":{}}},
    {"code":2101003,"id":4750,"name":"田島","original_name":"田島","name_kana":"たじま","closed":false,"lat":36.290229,"lng":139.564943,"prefecture":9,"numbering":["TI32"],"lines":[21010],"attr":"cool","postal_code":"327-0031","address":"佐野市田島町１８４","voronoi":{"type":"Feature","geometry":{"type":"Polygon","coordinates":[[[139.537091,36.289661],[139.590362,36.238254],[139.605721,36.274033],[139.552131,36.310672],[139.537091,36.289661]]]},"properties":{}}},
    {"code":2101004,"id":4751,"name":"佐野市","original_name":"佐野市","name_kana":"さのし","closed":false,"lat":36.306153,"lng":139.57583,"prefecture":9,"numbering":["TI33"],"lines":[21010],"attr":"cool","postal_code":"327-0006","address":"佐野市上台町２１６４","voronoi":{"type":"Feature","geometry":{"type":"Polygon","coordinates":[[[139.621265,36.298763],[139.553738,36.318208],[139.552131,36.310672],[139.605721,36.274033],[139.621872,36.29632],[139.621265,36.298763]]]},"properties":{}}},
    {"code":1134116,"id":1904,"name":"佐野","original_name":"佐野","name_kana":"さの","closed":false,"lat":36.316668,"lng":139.578858,"prefecture":9,"numbering":["TI34"],"lines":[11341,21010],"attr":"eco","postal_code":"327-0846","address":"佐野市若松町","voronoi":{"type":"Feature","geometry":{"type":"Polygon","coordinates":[[[139.553738,36.318208],[139.553669,36.325687],[139.618879,36.317833],[139.621265,36.298763],[139.553738,36.318208]]]},"properties":{}}},
    {"code":2101006,"id":4752,"name":"堀米","original_name":"堀米","name_kana":"ほりごめ","closed":false,"lat":36.328467,"lng":139.580279,"prefecture":9,"numbering":["TI35"],"lines":[21010],"attr":"cool","postal_code":"327-0843","address":"佐野市堀米町１２７４","voronoi":{"type":"Feature","geometry":{"type":"Polygon","coordinates":[[[139.551344,36.335481],[139.553669,36.325687],[139.618879,36.317833],[139.619404,36.339218],[139.551344,36.335481]]]},"properties":{}}},
    {"code":2101007,"id":4753,"name":"吉水","original_name":"吉水","name_kana":"よしみず","closed":false,"lat":36.345621,"lng":139.579337,"prefecture":9,"numbering":["TI36"],"lines":[21010],"attr":"eco","postal_code":"327-0314","address":"佐野市新吉水町６０-１","voronoi":{"type":"Feature","geometry":{"type":"Polygon","coordinates":[[[139.621311,36.347082],[139.6067,36.353222],[139.536125,36.361709],[139.551344,36.335481],[139.619404,36.339218],[139.621311,36.347082]]]},"properties":{}}},
    {"code":2101008,"id":4754,"name":"田沼","original_name":"田沼","name_kana":"たぬま","closed":false,"lat":36.367094,"lng":139.581919,"prefecture":9,"numbering":["TI37"],"lines":[21010],"attr":"eco","postal_code":"327-0312","address":"佐野市栃本町１７６６","voronoi":{"type":"Feature","geometry":{"type":"Polygon","coordinates":[[[139.536125,36.361709],[139.6067,36.353222],[139.487878,36.47279],[139.485204,36.470466],[139.506483,36.394537],[139.516742,36.381999],[139.536125,36.361709]]]},"properties":{}}},
    {"code":2101009,"id":4755,"name":"多田(栃木)","original_name":"多田","name_kana":"ただ","closed":false,"lat":36.37809,"lng":139.592984,"prefecture":9,"numbering":["TI38"],"lines":[21010],"attr":"heat","postal_code":"327-0311","address":"佐野市多田町１２７２-２","voronoi":{"type":"Feature","geometry":{"type":"Polygon","coordinates":[[[139.6067,36.353222],[139.487878,36.47279],[139.492221,36.477008],[139.633055,36.36189],[139.621311,36.347082],[139.6067,36.353222]]]},"properties":{}}},
    {"code":2101010,"id":4756,"name":"葛生","original_name":"葛生","name_kana":"くずう","closed":false,"lat":36.397937,"lng":139.609207,"prefecture":9,"numbering":["TI39"],"lines":[21010],"attr":"heat","postal_code":"327-0501","address":"佐野市葛生東１-１-５","voronoi":{"type":"Feature","geometry":{"type":"Polygon","coordinates":[[[139.634391,36.505822],[139.657228,36.477483],[139.669336,36.452636],[139.672459,36.439091],[139.674826,36.406946],[139.674706,36.406385],[139.657975,36.37891],[139.633055,36.36189],[139.492221,36.477008],[139.528578,36.519372],[139.531513,36.521895],[139.570622,36.547779],[139.609212,36.530616],[139.634391,36.505822]]]},"properties":{}}}
  ]
}