{
  "code":22007,
  "id":235,
  "name":"西武新宿線",
  "name_kana":"せいぶしんじゅくせん",
  "station_size":29,
  "company_code":12,
  "closed":false,
  "color":"#0099CC",
  "symbol":"SS",
  "station_list":[
    {"code":2200701,"id":4812,"name":"西武新宿","original_name":"西武新宿","name_kana":"せいぶしんじゅく","closed":false,"lat":35.696254,"lng":139.7,"prefecture":13,"numbering":["SS01"],"lines":[22007],"attr":"cool","postal_code":"160-0021","address":"新宿区歌舞伎町１-３０-１","voronoi":{"type":"Feature","geometry":{"type":"Polygon","coordinates":[[[139.70352,35.698373],[139.698858,35.698636],[139.695946,35.696913],[139.696264,35.695737],[139.70279,35.693861],[139.704545,35.695449],[139.70352,35.698373]]]},"properties":{}}},
    {"code":1130210,"id":1288,"name":"高田馬場","original_name":"高田馬場","name_kana":"たかだのばば","closed":false,"lat":35.712677,"lng":139.703715,"prefecture":13,"numbering":["SS02"],"lines":[11302,22007,28004],"attr":"eco","postal_code":"169-0075","address":"東京都新宿区高田馬場一丁目35-1","open_date":"1910-09-15","voronoi":{"type":"Feature","geometry":{"type":"Polygon","coordinates":[[[139.708626,35.713154],[139.707572,35.715739],[139.70093,35.717879],[139.697337,35.708441],[139.698576,35.707775],[139.703106,35.706449],[139.708626,35.713154]]]},"properties":{}}},
    {"code":2200703,"id":4813,"name":"下落合","original_name":"下落合","name_kana":"しもおちあい","closed":false,"lat":35.715846,"lng":139.695391,"prefecture":13,"numbering":["SS03"],"lines":[22007],"attr":"cool","postal_code":"161-0033","address":"新宿区下落合１-１６-１","voronoi":{"type":"Feature","geometry":{"type":"Polygon","coordinates":[[[139.694539,35.708082],[139.691364,35.713366],[139.69071,35.72081],[139.699034,35.721607],[139.699561,35.721083],[139.70093,35.717879],[139.697337,35.708441],[139.694539,35.708082]]]},"properties":{}}},
    {"code":2200704,"id":4814,"name":"中井","original_name":"中井","name_kana":"なかい","closed":false,"lat":35.715106,"lng":139.686967,"prefecture":13,"numbering":["SS04"],"lines":[22007,99301],"attr":"cool","postal_code":"161-0032","address":"新宿区中落合１-１９-１","voronoi":{"type":"Feature","geometry":{"type":"Polygon","coordinates":[[[139.680016,35.712495],[139.679642,35.712606],[139.679851,35.71708],[139.689827,35.721379],[139.69071,35.72081],[139.691364,35.713366],[139.680016,35.712495]]]},"properties":{}}},
    {"code":2200705,"id":4815,"name":"新井薬師前","original_name":"新井薬師前","name_kana":"あらいやくしまえ","closed":false,"lat":35.715778,"lng":139.672582,"prefecture":13,"numbering":["SS05"],"lines":[22007],"attr":"cool","postal_code":"164-0002","address":"中野区上高田５-４３-２０","voronoi":{"type":"Feature","geometry":{"type":"Polygon","coordinates":[[[139.675109,35.706796],[139.666186,35.712808],[139.670932,35.724079],[139.674444,35.724483],[139.679851,35.71708],[139.679642,35.712606],[139.675109,35.706796]]]},"properties":{}}},
    {"code":2200706,"id":4816,"name":"沼袋","original_name":"沼袋","name_kana":"ぬまぶくろ","closed":false,"lat":35.719458,"lng":139.663841,"prefecture":13,"numbering":["SS06"],"lines":[22007],"attr":"cool","postal_code":"165-0025","address":"中野区沼袋１-３５-１","voronoi":{"type":"Feature","geometry":{"type":"Polygon","coordinates":[[[139.658445,35.728337],[139.658144,35.711637],[139.666186,35.712808],[139.670932,35.724079],[139.661455,35.729014],[139.659523,35.728891],[139.658445,35.728337]]]},"properties":{}}},
    {"code":2200707,"id":4817,"name":"野方","original_name":"野方","name_kana":"のがた","closed":false,"lat":35.719658,"lng":139.652733,"prefecture":13,"numbering":["SS07"],"lines":[22007],"attr":"cool","postal_code":"165-0027","address":"中野区野方６-３-３","voronoi":{"type":"Feature","geometry":{"type":"Polygon","coordinates":[[[139.658445,35.728337],[139.651469,35.728962],[139.646283,35.713545],[139.657598,35.711122],[139.658144,35.711637],[139.658445,35.728337]]]},"properties":{}}},
    {"code":2200708,"id":4818,"name":"都立家政","original_name":"都立家政","name_kana":"とりつかせい","closed":false,"lat":35.722313,"lng":139.644839,"prefecture":13,"numbering":["SS08"],"lines":[22007],"attr":"cool","postal_code":"165-0032","address":"中野区鷺宮１-１６-１","voronoi":{"type":"Feature","geometry":{"type":"Polygon","coordinates":[[[139.642257,35.730107],[139.641414,35.713022],[139.642494,35.712468],[139.646283,35.713545],[139.651469,35.728962],[139.646257,35.73215],[139.642257,35.730107]]]},"properties":{}}},
    {"code":2200709,"id":4819,"name":"鷺ノ宮","original_name":"鷺ノ宮","name_kana":"さぎのみや","closed":false,"lat":35.722605,"lng":139.63892,"prefecture":13,"numbering":["SS09"],"lines":[22007],"attr":"cool","postal_code":"165-0032","address":"中野区鷺宮３-１５-１","voronoi":{"type":"Feature","geometry":{"type":"Polygon","coordinates":[[[139.631065,35.714797],[139.632202,35.727772],[139.634387,35.729293],[139.642257,35.730107],[139.641414,35.713022],[139.631065,35.714797]]]},"properties":{}}},
    {"code":2200710,"id":4820,"name":"下井草","original_name":"下井草","name_kana":"しもいぐさ","closed":false,"lat":35.723852,"lng":139.624688,"prefecture":13,"numbering":["SS10"],"lines":[22007],"attr":"cool","postal_code":"167-0022","address":"杉並区下井草２-４４-１０","voronoi":{"type":"Feature","geometry":{"type":"Polygon","coordinates":[[[139.632202,35.727772],[139.621074,35.732405],[139.620706,35.732231],[139.619164,35.714954],[139.627834,35.7129],[139.631065,35.714797],[139.632202,35.727772]]]},"properties":{}}},
    {"code":2200711,"id":4821,"name":"井荻","original_name":"井荻","name_kana":"いおぎ","closed":false,"lat":35.72469,"lng":139.615303,"prefecture":13,"numbering":["SS11"],"lines":[22007],"attr":"cool","postal_code":"167-0022","address":"杉並区下井草５-２３-１５","voronoi":{"type":"Feature","geometry":{"type":"Polygon","coordinates":[[[139.619164,35.714954],[139.620706,35.732231],[139.609544,35.733244],[139.608521,35.713357],[139.609457,35.712641],[139.619164,35.714954]]]},"properties":{}}},
    {"code":2200712,"id":4822,"name":"上井草","original_name":"上井草","name_kana":"かみいぐさ","closed":false,"lat":35.725326,"lng":139.602937,"prefecture":13,"numbering":["SS12"],"lines":[22007],"attr":"heat","postal_code":"167-0023","address":"杉並区上井草３-３２-１","voronoi":{"type":"Feature","geometry":{"type":"Polygon","coordinates":[[[139.609274,35.733488],[139.598421,35.735894],[139.596757,35.715315],[139.608521,35.713357],[139.609544,35.733244],[139.609274,35.733488]]]},"properties":{}}},
    {"code":2200713,"id":4823,"name":"上石神井","original_name":"上石神井","name_kana":"かみしゃくじい","closed":false,"lat":35.726189,"lng":139.592266,"prefecture":13,"numbering":["SS13"],"lines":[22007],"attr":"heat","postal_code":"177-0044","address":"練馬区上石神井１-２-４５","voronoi":{"type":"Feature","geometry":{"type":"Polygon","coordinates":[[[139.594708,35.739039],[139.598421,35.735894],[139.596757,35.715315],[139.589215,35.71292],[139.583379,35.716083],[139.585221,35.736778],[139.594708,35.739039]]]},"properties":{}}},
    {"code":2200714,"id":4824,"name":"武蔵関","original_name":"武蔵関","name_kana":"むさしせき","closed":false,"lat":35.7276,"lng":139.576417,"prefecture":13,"numbering":["SS14"],"lines":[22007],"attr":"heat","postal_code":"177-0051","address":"練馬区関町北２-２９-１","voronoi":{"type":"Feature","geometry":{"type":"Polygon","coordinates":[[[139.583379,35.716083],[139.585221,35.736778],[139.577774,35.740301],[139.570801,35.737372],[139.568775,35.714881],[139.569791,35.714224],[139.583379,35.716083]]]},"properties":{}}},
    {"code":2200715,"id":4825,"name":"東伏見","original_name":"東伏見","name_kana":"ひがしふしみ","closed":false,"lat":35.728761,"lng":139.563529,"prefecture":13,"numbering":["SS15"],"lines":[22007],"attr":"heat","postal_code":"202-0021","address":"西東京市東伏見２-５-１","voronoi":{"type":"Feature","geometry":{"type":"Polygon","coordinates":[[[139.570801,35.737372],[139.557857,35.740181],[139.558161,35.716185],[139.568775,35.714881],[139.570801,35.737372]]]},"properties":{}}},
    {"code":2200716,"id":4826,"name":"西武柳沢","original_name":"西武柳沢","name_kana":"せいぶやぎさわ","closed":false,"lat":35.728621,"lng":139.552477,"prefecture":13,"numbering":["SS16"],"lines":[22007],"attr":"heat","postal_code":"202-0015","address":"西東京市保谷町３-１１-２４","voronoi":{"type":"Feature","geometry":{"type":"Polygon","coordinates":[[[139.547093,35.715641],[139.544792,35.738786],[139.555621,35.741924],[139.557857,35.740181],[139.558161,35.716185],[139.551446,35.714153],[139.547093,35.715641]]]},"properties":{}}},
    {"code":2200717,"id":4827,"name":"田無","original_name":"田無","name_kana":"たなし","closed":false,"lat":35.727307,"lng":139.539259,"prefecture":13,"numbering":["SS17"],"lines":[22007],"attr":"heat","postal_code":"188-0011","address":"西東京市田無町４-１-１","voronoi":{"type":"Feature","geometry":{"type":"Polygon","coordinates":[[[139.533845,35.713465],[139.547093,35.715641],[139.544792,35.738786],[139.53006,35.742803],[139.52555,35.742052],[139.526661,35.717503],[139.533845,35.713465]]]},"properties":{}}},
    {"code":2200718,"id":4828,"name":"花小金井","original_name":"花小金井","name_kana":"はなこがねい","closed":false,"lat":35.726129,"lng":139.513228,"prefecture":13,"numbering":["SS18"],"lines":[22007],"attr":"eco","postal_code":"187-0002","address":"小平市花小金井１-１０-５","voronoi":{"type":"Feature","geometry":{"type":"Polygon","coordinates":[[[139.515481,35.712202],[139.497474,35.717101],[139.496845,35.722379],[139.509058,35.750266],[139.51269,35.749738],[139.52555,35.742052],[139.526661,35.717503],[139.515481,35.712202]]]},"properties":{}}},
    {"code":2200719,"id":4829,"name":"小平","original_name":"小平","name_kana":"こだいら","closed":false,"lat":35.736963,"lng":139.488491,"prefecture":13,"numbering":["SS19"],"lines":[22007,22008],"attr":"eco","postal_code":"187-0041","address":"小平市美園町１-３４-１","voronoi":{"type":"Feature","geometry":{"type":"Polygon","coordinates":[[[139.481672,35.735732],[139.48499,35.729152],[139.496845,35.722379],[139.509058,35.750266],[139.50286,35.755789],[139.497138,35.756895],[139.491934,35.757537],[139.486635,35.750883],[139.481672,35.735732]]]},"properties":{}}},
    {"code":2200720,"id":4830,"name":"久米川","original_name":"久米川","name_kana":"くめがわ","closed":false,"lat":35.749575,"lng":139.472653,"prefecture":13,"numbering":["SS20"],"lines":[22007],"attr":"eco","postal_code":"189-0013","address":"東村山市栄町２-３-１","voronoi":{"type":"Feature","geometry":{"type":"Polygon","coordinates":[[[139.472939,35.74428],[139.465418,35.75233],[139.483208,35.763891],[139.491934,35.757537],[139.486635,35.750883],[139.472939,35.74428]]]},"properties":{}}},
    {"code":2200721,"id":4831,"name":"東村山","original_name":"東村山","name_kana":"ひがしむらやま","closed":false,"lat":35.76006,"lng":139.465839,"prefecture":13,"numbering":["SS21"],"lines":[22007,22009,22010],"attr":"cool","postal_code":"189-0014","address":"東村山市本町２-３-３２","voronoi":{"type":"Feature","geometry":{"type":"Polygon","coordinates":[[[139.462688,35.775286],[139.462478,35.775215],[139.4549,35.758383],[139.456096,35.751198],[139.465418,35.75233],[139.483208,35.763891],[139.478671,35.770783],[139.462688,35.775286]]]},"properties":{}}},
    {"code":2200131,"id":4799,"name":"所沢","original_name":"所沢","name_kana":"ところざわ","closed":false,"lat":35.786627,"lng":139.473324,"prefecture":11,"numbering":["SS22"],"lines":[22001,22007],"attr":"eco","postal_code":"359-0037","address":"所沢市くすのき台１-１４-５","voronoi":{"type":"Feature","geometry":{"type":"Polygon","coordinates":[[[139.491389,35.801855],[139.478671,35.770783],[139.462688,35.775286],[139.464863,35.789402],[139.49051,35.806323],[139.491389,35.801855]]]},"properties":{}}},
    {"code":2200723,"id":4832,"name":"航空公園","original_name":"航空公園","name_kana":"こうくうこうえん","closed":false,"lat":35.798272,"lng":139.465641,"prefecture":11,"numbering":["SS23"],"lines":[22007],"attr":"eco","postal_code":"359-0042","address":"所沢市並木２-４-１","voronoi":{"type":"Feature","geometry":{"type":"Polygon","coordinates":[[[139.457339,35.797523],[139.464863,35.789402],[139.49051,35.806323],[139.492417,35.831443],[139.489625,35.834024],[139.457339,35.797523]]]},"properties":{}}},
    {"code":2200724,"id":4833,"name":"新所沢","original_name":"新所沢","name_kana":"しんところざわ","closed":false,"lat":35.805854,"lng":139.457069,"prefecture":11,"numbering":["SS24"],"lines":[22007],"attr":"heat","postal_code":"359-1111","address":"所沢市緑町１-２１-２５","voronoi":{"type":"Feature","geometry":{"type":"Polygon","coordinates":[[[139.489625,35.834024],[139.457339,35.797523],[139.448969,35.798085],[139.44287,35.819932],[139.467687,35.847673],[139.469292,35.848228],[139.473825,35.848384],[139.485548,35.838952],[139.489625,35.834024]]]},"properties":{}}},
    {"code":2200725,"id":4834,"name":"入曽","original_name":"入曽","name_kana":"いりそ","closed":false,"lat":35.832481,"lng":139.427304,"prefecture":11,"numbering":["SS25"],"lines":[22007],"attr":"heat","postal_code":"350-1316","address":"狭山市南入曽５６７","voronoi":{"type":"Feature","geometry":{"type":"Polygon","coordinates":[[[139.43387,35.852719],[139.41383,35.84101],[139.412011,35.836851],[139.425378,35.819945],[139.432689,35.816518],[139.44287,35.819932],[139.467687,35.847673],[139.43387,35.852719]]]},"properties":{}}},
    {"code":2200726,"id":4835,"name":"狭山市","original_name":"狭山市","name_kana":"さやまし","closed":false,"lat":35.856936,"lng":139.413015,"prefecture":11,"numbering":["SS26"],"lines":[22007],"attr":"cool","postal_code":"350-1305","address":"狭山市入間川１-１-１","voronoi":{"type":"Feature","geometry":{"type":"Polygon","coordinates":[[[139.386786,35.874392],[139.392762,35.879981],[139.409319,35.882203],[139.43387,35.852719],[139.41383,35.84101],[139.386786,35.874392]]]},"properties":{}}},
    {"code":2200727,"id":4836,"name":"新狭山","original_name":"新狭山","name_kana":"しんさやま","closed":false,"lat":35.873993,"lng":139.433499,"prefecture":11,"numbering":["SS27"],"lines":[22007],"attr":"cool","postal_code":"350-1331","address":"狭山市新狭山３-１２-１","voronoi":{"type":"Feature","geometry":{"type":"Polygon","coordinates":[[[139.469292,35.848228],[139.433273,35.895786],[139.426393,35.896083],[139.409319,35.882203],[139.43387,35.852719],[139.467687,35.847673],[139.469292,35.848228]]]},"properties":{}}},
    {"code":2200728,"id":4837,"name":"南大塚","original_name":"南大塚","name_kana":"みなみおおつか","closed":false,"lat":35.889663,"lng":139.454189,"prefecture":11,"numbering":["SS28"],"lines":[22007],"attr":"cool","postal_code":"350-1165","address":"川越市南台３-１４","voronoi":{"type":"Feature","geometry":{"type":"Polygon","coordinates":[[[139.467493,35.900131],[139.475847,35.886001],[139.47664,35.858641],[139.473825,35.848384],[139.469292,35.848228],[139.433273,35.895786],[139.448374,35.905999],[139.464452,35.902963],[139.467493,35.900131]]]},"properties":{}}},
    {"code":2200729,"id":4838,"name":"本川越","original_name":"本川越","name_kana":"ほんかわごえ","closed":false,"lat":35.913524,"lng":139.481125,"prefecture":11,"numbering":["SS29"],"lines":[22007],"attr":"cool","postal_code":"350-0043","address":"川越市新富町１-２２","voronoi":{"type":"Feature","geometry":{"type":"Polygon","coordinates":[[[139.503945,35.974328],[139.489139,35.980878],[139.478337,35.909049],[139.502104,35.915893],[139.514898,35.963595],[139.503945,35.974328]]]},"properties":{}}}
  ]
}