{
  "code":22006,
  "id":234,
  "name":"西武山口線",
  "name_kana":"せいぶやまぐちせん",
  "station_size":3,
  "company_code":12,
  "closed":false,
  "color":"#FF3333",
  "symbol":"SY",
  "station_list":[
    {"code":2200601,"id":4810,"name":"多摩湖","original_name":"多摩湖","name_kana":"たまこ","closed":false,"lat":35.765881,"lng":139.442747,"prefecture":13,"numbering":["SY01"],"lines":[22006,22011],"attr":"cool","postal_code":"189-0026","address":"東村山市多摩湖町３-１５-１８","voronoi":{"type":"Feature","geometry":{"type":"Polygon","coordinates":[[[139.431848,35.759616],[139.444822,35.770209],[139.44732,35.76168],[139.431848,35.759616]]]},"properties":{}}},
    {"code":2200602,"id":4811,"name":"西武園ゆうえんち","original_name":"西武園ゆうえんち","name_kana":"せいぶえんゆうえんち","closed":false,"lat":35.769042,"lng":139.440166,"prefecture":11,"numbering":["SY02"],"lines":[22006],"attr":"cool","postal_code":"359-1145","address":"所沢市山口２９３９","voronoi":{"type":"Feature","geometry":{"type":"Polygon","coordinates":[[[139.430388,35.775146],[139.428875,35.758711],[139.431848,35.759616],[139.444822,35.770209],[139.44538,35.7738],[139.430388,35.775146]]]},"properties":{}}},
    {"code":2200503,"id":4809,"name":"西武球場前","original_name":"西武球場前","name_kana":"せいぶきゅうじょうまえ","closed":false,"lat":35.77093,"lng":139.41966,"prefecture":11,"numbering":["SY03"],"lines":[22005,22006],"attr":"eco","postal_code":"359-1153","address":"所沢市上山口２０９０-３","voronoi":{"type":"Feature","geometry":{"type":"Polygon","coordinates":[[[139.383213,35.764711],[139.383287,35.788307],[139.420597,35.790842],[139.425343,35.7879],[139.430388,35.775146],[139.428875,35.758711],[139.427763,35.756845],[139.385336,35.763331],[139.383213,35.764711]]]},"properties":{}}}
  ]
}