{
  "code":22001,
  "id":"a92a6a",
  "name":"西武池袋線",
  "name_kana":"せいぶいけぶくろせん",
  "station_size":32,
  "company_code":12,
  "closed":false,
  "color":"#FF6600",
  "symbol":"SI",
  "station_list":[
    {"code":1130212,"id":"a4dfd2","name":"池袋","original_name":"池袋","name_kana":"いけぶくろ","closed":false,"lat":35.730256,"lng":139.711086,"prefecture":13,"numbering":["SI01"],"lines":[11302,11321,11333,21001,22001,28002,28006,28010],"attr":"heat","postal_code":"171-0022","address":"東京都豊島区南池袋一丁目28-2","open_date":"1903-04-01","voronoi":{"type":"Feature","geometry":{"type":"Polygon","coordinates":[[[139.71553,35.728395],[139.712811,35.725256],[139.710605,35.724398],[139.710581,35.72441],[139.704876,35.73164],[139.706709,35.739267],[139.706917,35.739364],[139.718277,35.733531],[139.71553,35.728395]]]},"properties":{}}},
    {"code":2200132,"id":"3e50cd","name":"上り屋敷","original_name":"上り屋敷","name_kana":"あがりやしき","closed":true,"lat":35.725278,"lng":139.704778,"prefecture":13,"lines":[22001],"attr":"unknown","postal_code":"171-0021","address":"東京都豊島区西池袋２丁目５−６","voronoi":{"type":"Feature","geometry":{"type":"Polygon","coordinates":[[[139.6998,35.72777],[139.699034,35.721607],[139.699561,35.721083],[139.710581,35.72441],[139.704876,35.73164],[139.6998,35.72777]]]},"properties":{}}},
    {"code":2200102,"id":"c7a446","name":"椎名町","original_name":"椎名町","name_kana":"しいなまち","closed":false,"lat":35.726572,"lng":139.694363,"prefecture":13,"numbering":["SI02"],"lines":[22001],"attr":"heat","postal_code":"171-0051","address":"豊島区長崎１-１-２２","voronoi":{"type":"Feature","geometry":{"type":"Polygon","coordinates":[[[139.6998,35.72777],[139.692355,35.732636],[139.689839,35.731537],[139.688368,35.726826],[139.689827,35.721379],[139.69071,35.72081],[139.699034,35.721607],[139.6998,35.72777]]]},"properties":{}}},
    {"code":2200103,"id":"1f5e9d","name":"東長崎","original_name":"東長崎","name_kana":"ひがしながさき","closed":false,"lat":35.73003,"lng":139.683294,"prefecture":13,"numbering":["SI03"],"lines":[22001],"attr":"heat","postal_code":"171-0051","address":"豊島区長崎５-１-１","voronoi":{"type":"Feature","geometry":{"type":"Polygon","coordinates":[[[139.676086,35.726809],[139.677249,35.732673],[139.680089,35.736627],[139.681971,35.737272],[139.689839,35.731537],[139.688368,35.726826],[139.676086,35.726809]]]},"properties":{}}},
    {"code":2200104,"id":"148e07","name":"江古田","original_name":"江古田","name_kana":"えこだ","closed":false,"lat":35.737557,"lng":139.672814,"prefecture":13,"numbering":["SI04"],"lines":[22001],"attr":"heat","postal_code":"176-0005","address":"練馬区旭丘１-７８-７","voronoi":{"type":"Feature","geometry":{"type":"Polygon","coordinates":[[[139.668591,35.736401],[139.677249,35.732673],[139.680089,35.736627],[139.673244,35.742938],[139.668591,35.736401]]]},"properties":{}}},
    {"code":2200105,"id":"2cb4f9","name":"桜台(東京)","original_name":"桜台","name_kana":"さくらだい","closed":false,"lat":35.738797,"lng":139.662602,"prefecture":13,"numbering":["SI05"],"lines":[22001],"attr":"heat","postal_code":"176-0002","address":"練馬区桜台１-５-１","voronoi":{"type":"Feature","geometry":{"type":"Polygon","coordinates":[[[139.661455,35.729014],[139.6668,35.735889],[139.663915,35.74422],[139.65765,35.745948],[139.659523,35.728891],[139.661455,35.729014]]]},"properties":{}}},
    {"code":2200106,"id":"a254f6","name":"練馬","original_name":"練馬","name_kana":"ねりま","closed":false,"lat":35.737893,"lng":139.654368,"prefecture":13,"numbering":["SI06"],"lines":[22001,22003,22004,99301],"attr":"heat","postal_code":"176-0001","address":"練馬区練馬１-３-５","voronoi":{"type":"Feature","geometry":{"type":"Polygon","coordinates":[[[139.65606,35.747476],[139.64624,35.732399],[139.646257,35.73215],[139.651469,35.728962],[139.658445,35.728337],[139.659523,35.728891],[139.65765,35.745948],[139.65606,35.747476]]]},"properties":{}}},
    {"code":2200107,"id":"61b48a","name":"中村橋","original_name":"中村橋","name_kana":"なかむらばし","closed":false,"lat":35.736767,"lng":139.637456,"prefecture":13,"numbering":["SI07"],"lines":[22001],"attr":"heat","postal_code":"176-0023","address":"練馬区中村北４-２-１","voronoi":{"type":"Feature","geometry":{"type":"Polygon","coordinates":[[[139.642257,35.730107],[139.634387,35.729293],[139.632531,35.745305],[139.640515,35.743793],[139.64624,35.732399],[139.646257,35.73215],[139.642257,35.730107]]]},"properties":{}}},
    {"code":2200108,"id":"78d6bb","name":"富士見台","original_name":"富士見台","name_kana":"ふじみだい","closed":false,"lat":35.735867,"lng":139.62969,"prefecture":13,"numbering":["SI08"],"lines":[22001],"attr":"heat","postal_code":"176-0021","address":"練馬区貫井３-７-４","voronoi":{"type":"Feature","geometry":{"type":"Polygon","coordinates":[[[139.626461,35.747068],[139.621074,35.732405],[139.632202,35.727772],[139.634387,35.729293],[139.632531,35.745305],[139.629697,35.747223],[139.626461,35.747068]]]},"properties":{}}},
    {"code":2200109,"id":"368b05","name":"練馬高野台","original_name":"練馬高野台","name_kana":"ねりまたかのだい","closed":false,"lat":35.740622,"lng":139.616749,"prefecture":13,"numbering":["SI09"],"lines":[22001],"attr":"heat","postal_code":"177-0033","address":"練馬区高野台１-７-２７","voronoi":{"type":"Feature","geometry":{"type":"Polygon","coordinates":[[[139.621074,35.732405],[139.620706,35.732231],[139.609544,35.733244],[139.609274,35.733488],[139.61554,35.754299],[139.626461,35.747068],[139.621074,35.732405]]]},"properties":{}}},
    {"code":2200110,"id":"9b97c7","name":"石神井公園","original_name":"石神井公園","name_kana":"しゃくじいこうえん","closed":false,"lat":35.743563,"lng":139.606981,"prefecture":13,"numbering":["SI10"],"lines":[22001],"attr":"cool","postal_code":"177-0041","address":"練馬区石神井町３-２３-１０","voronoi":{"type":"Feature","geometry":{"type":"Polygon","coordinates":[[[139.602742,35.76688],[139.594708,35.739039],[139.598421,35.735894],[139.609274,35.733488],[139.61554,35.754299],[139.607208,35.766338],[139.602742,35.76688]]]},"properties":{}}},
    {"code":2200111,"id":"77a7c6","name":"大泉学園","original_name":"大泉学園","name_kana":"おおいずみがくえん","closed":false,"lat":35.749406,"lng":139.586732,"prefecture":13,"numbering":["SI11"],"lines":[22001],"attr":"cool","postal_code":"178-0063","address":"練馬区東大泉１-２９-７","voronoi":{"type":"Feature","geometry":{"type":"Polygon","coordinates":[[[139.577774,35.740301],[139.575405,35.778274],[139.593166,35.773174],[139.602742,35.76688],[139.594708,35.739039],[139.585221,35.736778],[139.577774,35.740301]]]},"properties":{}}},
    {"code":2200112,"id":"b2c5f9","name":"保谷","original_name":"保谷","name_kana":"ほうや","closed":false,"lat":35.748222,"lng":139.567753,"prefecture":13,"numbering":["SI12"],"lines":[22001],"attr":"cool","postal_code":"202-0012","address":"西東京市東町３-１４-３０","voronoi":{"type":"Feature","geometry":{"type":"Polygon","coordinates":[[[139.555621,35.741924],[139.560658,35.775732],[139.574847,35.778648],[139.575405,35.778274],[139.577774,35.740301],[139.570801,35.737372],[139.557857,35.740181],[139.555621,35.741924]]]},"properties":{}}},
    {"code":2200113,"id":"c2cac5","name":"ひばりヶ丘","original_name":"ひばりヶ丘","name_kana":"ひばりがおか","closed":false,"lat":35.751485,"lng":139.545852,"prefecture":13,"numbering":["SI13"],"lines":[22001],"attr":"cool","postal_code":"202-0005","address":"東京都西東京市住吉町三丁目","voronoi":{"type":"Feature","geometry":{"type":"Polygon","coordinates":[[[139.555621,35.741924],[139.560658,35.775732],[139.555222,35.77682],[139.53006,35.742803],[139.544792,35.738786],[139.555621,35.741924]]]},"properties":{}}},
    {"code":2200114,"id":"214e4a","name":"東久留米","original_name":"東久留米","name_kana":"ひがしくるめ","closed":false,"lat":35.760445,"lng":139.533739,"prefecture":13,"numbering":["SI14"],"lines":[22001],"attr":"cool","postal_code":"203-0014","address":"東久留米市東本町１-８","voronoi":{"type":"Feature","geometry":{"type":"Polygon","coordinates":[[[139.51269,35.749738],[139.541744,35.783841],[139.555222,35.77682],[139.53006,35.742803],[139.52555,35.742052],[139.51269,35.749738]]]},"properties":{}}},
    {"code":2200115,"id":"ff8f93","name":"清瀬","original_name":"清瀬","name_kana":"きよせ","closed":false,"lat":35.772221,"lng":139.519917,"prefecture":13,"numbering":["SI15"],"lines":[22001],"attr":"eco","postal_code":"204-0021","address":"清瀬市元町１-２-４","voronoi":{"type":"Feature","geometry":{"type":"Polygon","coordinates":[[[139.51269,35.749738],[139.509058,35.750266],[139.50286,35.755789],[139.509899,35.781528],[139.537332,35.788927],[139.541744,35.783841],[139.51269,35.749738]]]},"properties":{}}},
    {"code":2200116,"id":"3b8e1e","name":"秋津","original_name":"秋津","name_kana":"あきつ","closed":false,"lat":35.778614,"lng":139.496539,"prefecture":13,"numbering":["SI16"],"lines":[22001],"attr":"eco","postal_code":"189-0001","address":"東村山市秋津町５-７-８","voronoi":{"type":"Feature","geometry":{"type":"Polygon","coordinates":[[[139.493015,35.79983],[139.497138,35.756895],[139.50286,35.755789],[139.509899,35.781528],[139.493015,35.79983]]]},"properties":{}}},
    {"code":2200131,"id":"7de51b","name":"所沢","original_name":"所沢","name_kana":"ところざわ","closed":false,"lat":35.786627,"lng":139.473324,"prefecture":11,"numbering":["SI17"],"lines":[22001,22007],"attr":"eco","postal_code":"359-0037","address":"所沢市くすのき台１-１４-５","voronoi":{"type":"Feature","geometry":{"type":"Polygon","coordinates":[[[139.491389,35.801855],[139.478671,35.770783],[139.462688,35.775286],[139.464863,35.789402],[139.49051,35.806323],[139.491389,35.801855]]]},"properties":{}}},
    {"code":2200117,"id":"403959","name":"西所沢","original_name":"西所沢","name_kana":"にしところざわ","closed":false,"lat":35.789303,"lng":139.455959,"prefecture":11,"numbering":["SI18"],"lines":[22001,22005],"attr":"eco","postal_code":"359-1144","address":"所沢市西所沢１-１１-９","voronoi":{"type":"Feature","geometry":{"type":"Polygon","coordinates":[[[139.462478,35.775215],[139.462688,35.775286],[139.464863,35.789402],[139.457339,35.797523],[139.448969,35.798085],[139.444327,35.790668],[139.452431,35.778494],[139.462478,35.775215]]]},"properties":{}}},
    {"code":2200118,"id":"1e6c5a","name":"小手指","original_name":"小手指","name_kana":"こてさし","closed":false,"lat":35.800535,"lng":139.438016,"prefecture":11,"numbering":["SI19"],"lines":[22001],"attr":"eco","postal_code":"359-1141","address":"所沢市小手指町１-８-１","voronoi":{"type":"Feature","geometry":{"type":"Polygon","coordinates":[[[139.44287,35.819932],[139.432689,35.816518],[139.420597,35.790842],[139.425343,35.7879],[139.444327,35.790668],[139.448969,35.798085],[139.44287,35.819932]]]},"properties":{}}},
    {"code":2200119,"id":"9213bd","name":"狭山ヶ丘","original_name":"狭山ヶ丘","name_kana":"さやまがおか","closed":false,"lat":35.810445,"lng":139.416975,"prefecture":11,"numbering":["SI20"],"lines":[22001],"attr":"eco","postal_code":"359-1161","address":"埼玉県所沢市狭山ヶ丘一丁目2980","voronoi":{"type":"Feature","geometry":{"type":"Polygon","coordinates":[[[139.377282,35.800561],[139.376887,35.799737],[139.383287,35.788307],[139.420597,35.790842],[139.432689,35.816518],[139.425378,35.819945],[139.377282,35.800561]]]},"properties":{}}},
    {"code":2200120,"id":"b6f639","name":"武蔵藤沢","original_name":"武蔵藤沢","name_kana":"むさしふじさわ","closed":false,"lat":35.820963,"lng":139.412736,"prefecture":11,"numbering":["SI21"],"lines":[22001],"attr":"eco","postal_code":"358-0011","address":"入間市下藤沢４９４-４","voronoi":{"type":"Feature","geometry":{"type":"Polygon","coordinates":[[[139.377282,35.800561],[139.380384,35.81032],[139.398481,35.82883],[139.412011,35.836851],[139.425378,35.819945],[139.377282,35.800561]]]},"properties":{}}},
    {"code":2200121,"id":"c28602","name":"稲荷山公園","original_name":"稲荷山公園","name_kana":"いなりやまこうえん","closed":false,"lat":35.845112,"lng":139.39842,"prefecture":11,"numbering":["SI22"],"lines":[22001],"attr":"eco","postal_code":"350-1324","address":"狭山市稲荷山１-１","voronoi":{"type":"Feature","geometry":{"type":"Polygon","coordinates":[[[139.38618,35.8741],[139.398481,35.82883],[139.412011,35.836851],[139.41383,35.84101],[139.386786,35.874392],[139.38618,35.8741]]]},"properties":{}}},
    {"code":2200122,"id":"0bd95a","name":"入間市","original_name":"入間市","name_kana":"いるまし","closed":false,"lat":35.842904,"lng":139.390294,"prefecture":11,"numbering":["SI23"],"lines":[22001],"attr":"eco","postal_code":"358-0008","address":"入間市河原町２-１","voronoi":{"type":"Feature","geometry":{"type":"Polygon","coordinates":[[[139.370261,35.868912],[139.38618,35.8741],[139.398481,35.82883],[139.380384,35.81032],[139.370261,35.868912]]]},"properties":{}}},
    {"code":2200123,"id":"b65c70","name":"仏子","original_name":"仏子","name_kana":"ぶし","closed":false,"lat":35.83769,"lng":139.360115,"prefecture":11,"numbering":["SI24"],"lines":[22001],"attr":"eco","postal_code":"358-0053","address":"入間市仏子８８０","voronoi":{"type":"Feature","geometry":{"type":"Polygon","coordinates":[[[139.348787,35.819019],[139.362799,35.802556],[139.376887,35.799737],[139.377282,35.800561],[139.380384,35.81032],[139.370261,35.868912],[139.35922,35.870809],[139.358876,35.87068],[139.348787,35.819019]]]},"properties":{}}},
    {"code":2200124,"id":"cf0568","name":"元加治","original_name":"元加治","name_kana":"もとかじ","closed":false,"lat":35.84058,"lng":139.345316,"prefecture":11,"numbering":["SI25"],"lines":[22001],"attr":"heat","postal_code":"358-0054","address":"入間市野田１６７","voronoi":{"type":"Feature","geometry":{"type":"Polygon","coordinates":[[[139.348787,35.819019],[139.326371,35.831652],[139.326988,35.833195],[139.350189,35.869554],[139.358876,35.87068],[139.348787,35.819019]]]},"properties":{}}},
    {"code":2200125,"id":"6b6685","name":"飯能","original_name":"飯能","name_kana":"はんのう","closed":false,"lat":35.851189,"lng":139.318824,"prefecture":11,"numbering":["SI26"],"lines":[22001],"attr":"heat","postal_code":"357-0038","address":"飯能市仲町１１-２１","voronoi":{"type":"Feature","geometry":{"type":"Polygon","coordinates":[[[139.318116,35.869626],[139.326988,35.833195],[139.326371,35.831652],[139.291973,35.823368],[139.272629,35.83785],[139.288714,35.855867],[139.318116,35.869626]]]},"properties":{}}},
    {"code":1131708,"id":"532b6d","name":"東飯能","original_name":"東飯能","name_kana":"ひがしはんのう","closed":false,"lat":35.852928,"lng":139.325965,"prefecture":11,"numbering":["SI27"],"lines":[11317,22001],"attr":"heat","postal_code":"357-0034","address":"飯能市東町１丁目","voronoi":{"type":"Feature","geometry":{"type":"Polygon","coordinates":[[[139.326821,35.876083],[139.318116,35.869626],[139.326988,35.833195],[139.350189,35.869554],[139.326821,35.876083]]]},"properties":{}}},
    {"code":2200127,"id":"205ed3","name":"高麗","original_name":"高麗","name_kana":"こま","closed":false,"lat":35.881982,"lng":139.304414,"prefecture":11,"numbering":["SI28"],"lines":[22001],"attr":"heat","postal_code":"350-1255","address":"日高市武蔵台１-１-１","voronoi":{"type":"Feature","geometry":{"type":"Polygon","coordinates":[[[139.326821,35.876083],[139.311957,35.910973],[139.296487,35.912242],[139.288714,35.855867],[139.318116,35.869626],[139.326821,35.876083]]]},"properties":{}}},
    {"code":2200128,"id":"d309de","name":"武蔵横手","original_name":"武蔵横手","name_kana":"むさしよこて","closed":false,"lat":35.885256,"lng":139.280667,"prefecture":11,"numbering":["SI29"],"lines":[22001],"attr":"cool","postal_code":"350-1257","address":"日高市横手字山下７５０","voronoi":{"type":"Feature","geometry":{"type":"Polygon","coordinates":[[[139.288714,35.855867],[139.296487,35.912242],[139.281443,35.919979],[139.253823,35.841591],[139.267895,35.838238],[139.272629,35.83785],[139.288714,35.855867]]]},"properties":{}}},
    {"code":2200129,"id":"bea9ea","name":"東吾野","original_name":"東吾野","name_kana":"ひがしあがの","closed":false,"lat":35.892439,"lng":139.260281,"prefecture":11,"numbering":["SI30"],"lines":[22001],"attr":"cool","postal_code":"357-0211","address":"飯能市平戸２２０","voronoi":{"type":"Feature","geometry":{"type":"Polygon","coordinates":[[[139.26682,35.93478],[139.261431,35.937789],[139.222631,35.856885],[139.230124,35.85223],[139.251357,35.841643],[139.253823,35.841591],[139.281443,35.919979],[139.26682,35.93478]]]},"properties":{}}},
    {"code":2200130,"id":"26e62c","name":"吾野","original_name":"吾野","name_kana":"あがの","closed":false,"lat":35.908502,"lng":139.226787,"prefecture":11,"numbering":["SI31"],"lines":[22001,22002],"attr":"cool","postal_code":"357-0213","address":"飯能市坂石町分３２６-１","voronoi":{"type":"Feature","geometry":{"type":"Polygon","coordinates":[[[139.222631,35.856885],[139.194697,35.862232],[139.192962,35.862798],[139.179455,35.871702],[139.245839,35.958745],[139.261431,35.937789],[139.222631,35.856885]]]},"properties":{}}}
  ]
}