{
  "code":22010,
  "id":238,
  "name":"西武国分寺線",
  "name_kana":"せいぶこくぶんじせん",
  "station_size":5,
  "company_code":12,
  "closed":false,
  "color":"#32CD32",
  "symbol":"SK",
  "station_list":[
    {"code":1131106,"id":1430,"name":"国分寺","original_name":"国分寺","name_kana":"こくぶんじ","closed":false,"lat":35.700123,"lng":139.480841,"prefecture":13,"numbering":["SK01"],"lines":[11311,11312,22010,22011],"attr":"cool","postal_code":"185-0012","address":"東京都国分寺市本町二丁目1-23","voronoi":{"type":"Feature","geometry":{"type":"Polygon","coordinates":[[[139.473375,35.701608],[139.473626,35.691767],[139.485894,35.685998],[139.491049,35.685824],[139.494297,35.687317],[139.49327,35.709008],[139.473375,35.701608]]]},"properties":{}}},
    {"code":2201002,"id":4846,"name":"恋ヶ窪","original_name":"恋ヶ窪","name_kana":"こいがくぼ","closed":false,"lat":35.711385,"lng":139.463944,"prefecture":13,"numbering":["SK02"],"lines":[22010],"attr":"heat","postal_code":"185-0003","address":"東京都国分寺市戸倉一丁目1-4","voronoi":{"type":"Feature","geometry":{"type":"Polygon","coordinates":[[[139.470424,35.719116],[139.449112,35.714041],[139.456049,35.703994],[139.470194,35.706485],[139.472674,35.715759],[139.470424,35.719116]]]},"properties":{}}},
    {"code":2201003,"id":4847,"name":"鷹の台","original_name":"鷹の台","name_kana":"たかのだい","closed":false,"lat":35.723097,"lng":139.461155,"prefecture":13,"numbering":["SK03"],"lines":[22010],"attr":"cool","postal_code":"187-0024","address":"小平市たかの台４５-４","voronoi":{"type":"Feature","geometry":{"type":"Polygon","coordinates":[[[139.443848,35.717308],[139.44932,35.732435],[139.463416,35.730159],[139.470556,35.721791],[139.470424,35.719116],[139.449112,35.714041],[139.443848,35.717308]]]},"properties":{}}},
    {"code":2200803,"id":4840,"name":"小川(東京)","original_name":"小川","name_kana":"おがわ","closed":false,"lat":35.737573,"lng":139.463493,"prefecture":13,"numbering":["SK04"],"lines":[22008,22010],"attr":"cool","postal_code":"187-0031","address":"小平市小川東町１-２０-１","voronoi":{"type":"Feature","geometry":{"type":"Polygon","coordinates":[[[139.463416,35.730159],[139.44932,35.732435],[139.447932,35.740987],[139.454363,35.747633],[139.470347,35.738539],[139.47042,35.738231],[139.463416,35.730159]]]},"properties":{}}},
    {"code":2200721,"id":4831,"name":"東村山","original_name":"東村山","name_kana":"ひがしむらやま","closed":false,"lat":35.76006,"lng":139.465839,"prefecture":13,"numbering":["SK05"],"lines":[22007,22009,22010],"attr":"cool","postal_code":"189-0014","address":"東村山市本町２-３-３２","voronoi":{"type":"Feature","geometry":{"type":"Polygon","coordinates":[[[139.462688,35.775286],[139.462478,35.775215],[139.4549,35.758383],[139.456096,35.751198],[139.465418,35.75233],[139.483208,35.763891],[139.478671,35.770783],[139.462688,35.775286]]]},"properties":{}}}
  ]
}