{
  "code":23001,
  "id":"8d594c",
  "name":"京成本線",
  "name_kana":"けいせいほんせん",
  "station_size":45,
  "company_code":13,
  "closed":false,
  "color":"#005AAA",
  "symbol":"KS",
  "station_list":[
    {"code":2300101,"id":"447730","name":"京成上野","original_name":"京成上野","name_kana":"けいせいうえの","closed":false,"lat":35.711232,"lng":139.773571,"prefecture":13,"numbering":["KS01"],"lines":[23001,23006],"attr":"heat","postal_code":"110-0007","address":"東京都台東区上野公園1-60","open_date":"1933-12-10","voronoi":{"type":"Feature","geometry":{"type":"Polygon","coordinates":[[[139.771736,35.709747],[139.770469,35.711296],[139.772847,35.714272],[139.773598,35.714831],[139.776972,35.710251],[139.773364,35.709429],[139.771736,35.709747]]]},"properties":{}}},
    {"code":2300145,"id":"fb774c","name":"博物館動物園","original_name":"博物館動物園","name_kana":"はくぶつかんどうぶつえん","closed":true,"lat":35.718642,"lng":139.773474,"prefecture":13,"lines":[23001],"attr":"unknown","postal_code":"110-0007","address":"東京都台東区上野公園１３−２３","voronoi":{"type":"Feature","geometry":{"type":"Polygon","coordinates":[[[139.773659,35.71504],[139.769196,35.720339],[139.768862,35.722445],[139.77356,35.723553],[139.77724,35.717674],[139.773659,35.71504]]]},"properties":{}}},
    {"code":1130218,"id":"84218b","name":"日暮里","original_name":"日暮里","name_kana":"にっぽり","closed":false,"lat":35.727908,"lng":139.771287,"prefecture":13,"numbering":["KS02"],"lines":[11302,11320,11332,23001,23006,99342],"attr":"heat","postal_code":"116-0013","address":"東京都荒川区西日暮里二丁目19-1","open_date":"1905-04-01","voronoi":{"type":"Feature","geometry":{"type":"Polygon","coordinates":[[[139.768862,35.722445],[139.77356,35.723553],[139.777241,35.727409],[139.77241,35.732565],[139.771666,35.732771],[139.766993,35.727655],[139.768458,35.722661],[139.768862,35.722445]]]},"properties":{}}},
    {"code":2300103,"id":"062c62","name":"新三河島","original_name":"新三河島","name_kana":"しんみかわしま","closed":false,"lat":35.73714,"lng":139.773834,"prefecture":13,"numbering":["KS03"],"lines":[23001],"attr":"heat","postal_code":"116-0013","address":"荒川区西日暮里６-２-１","voronoi":{"type":"Feature","geometry":{"type":"Polygon","coordinates":[[[139.777927,35.739364],[139.778761,35.738138],[139.77241,35.732565],[139.771666,35.732771],[139.76845,35.737097],[139.7731,35.741337],[139.773213,35.741329],[139.777927,35.739364]]]},"properties":{}}},
    {"code":2300104,"id":"a537fe","name":"町屋","original_name":"町屋","name_kana":"まちや","closed":false,"lat":35.742354,"lng":139.781499,"prefecture":13,"numbering":["KS04"],"lines":[23001,28005],"attr":"heat","postal_code":"116-0001","address":"荒川区町屋１丁目","voronoi":{"type":"Feature","geometry":{"type":"Polygon","coordinates":[[[139.777927,35.739364],[139.778761,35.738138],[139.779777,35.737643],[139.782527,35.74],[139.783117,35.744157],[139.77799,35.739574],[139.777927,35.739364]]]},"properties":{}}},
    {"code":2300144,"id":"024cd8","name":"西千住","original_name":"西千住","name_kana":"にしせんじゅ","closed":true,"lat":35.744336,"lng":139.793168,"prefecture":13,"lines":[23001],"attr":"unknown","postal_code":"120-0044","address":"東京都足立区１２ 千住緑町２丁目１５−３","voronoi":{"type":"Feature","geometry":{"type":"Polygon","coordinates":[[[139.790436,35.739249],[139.792541,35.738425],[139.798008,35.749225],[139.793684,35.758701],[139.786988,35.759832],[139.785885,35.758571],[139.785334,35.757356],[139.78573,35.754356],[139.789221,35.74105],[139.790436,35.739249]]]},"properties":{}}},
    {"code":2300105,"id":"59da0a","name":"千住大橋","original_name":"千住大橋","name_kana":"せんじゅおおはし","closed":false,"lat":35.74243,"lng":139.796934,"prefecture":13,"numbering":["KS05"],"lines":[23001],"attr":"eco","postal_code":"120-0038","address":"足立区千住橋戸町１１-１","voronoi":{"type":"Feature","geometry":{"type":"Polygon","coordinates":[[[139.793094,35.737924],[139.792541,35.738425],[139.798008,35.749225],[139.799453,35.747641],[139.802971,35.739642],[139.794508,35.737157],[139.793094,35.737924]]]},"properties":{}}},
    {"code":2300106,"id":"2fa681","name":"京成関屋","original_name":"京成関屋","name_kana":"けいせいせきや","closed":false,"lat":35.744008,"lng":139.81183,"prefecture":13,"numbering":["KS06"],"lines":[23001],"attr":"eco","postal_code":"120-0023","address":"足立区千住曙町２-２","voronoi":{"type":"Feature","geometry":{"type":"Polygon","coordinates":[[[139.806409,35.738031],[139.80987,35.733719],[139.813611,35.736812],[139.81493,35.744361],[139.808182,35.744188],[139.806409,35.738031]]]},"properties":{}}},
    {"code":2300107,"id":"45ef17","name":"堀切菖蒲園","original_name":"堀切菖蒲園","name_kana":"ほりきりしょうぶえん","closed":false,"lat":35.747649,"lng":139.827545,"prefecture":13,"numbering":["KS07"],"lines":[23001],"attr":"eco","postal_code":"124-0006","address":"葛飾区堀切５-１-１","voronoi":{"type":"Feature","geometry":{"type":"Polygon","coordinates":[[[139.828302,35.738429],[139.833678,35.740955],[139.833757,35.756231],[139.820731,35.753973],[139.819355,35.752208],[139.825133,35.740067],[139.828302,35.738429]]]},"properties":{}}},
    {"code":2300108,"id":"2aeb93","name":"お花茶屋","original_name":"お花茶屋","name_kana":"おはなぢゃや","closed":false,"lat":35.747585,"lng":139.83988,"prefecture":13,"numbering":["KS08"],"lines":[23001],"attr":"cool","postal_code":"124-0005","address":"葛飾区宝町２-３７-１","voronoi":{"type":"Feature","geometry":{"type":"Polygon","coordinates":[[[139.83996,35.73896],[139.833678,35.740955],[139.833757,35.756231],[139.837186,35.759712],[139.848937,35.75494],[139.848064,35.746519],[139.83996,35.73896]]]},"properties":{}}},
    {"code":2300109,"id":"5f4d37","name":"青砥","original_name":"青砥","name_kana":"あおと","closed":false,"lat":35.745883,"lng":139.856292,"prefecture":13,"numbering":["KS09"],"lines":[23001,23002,23006],"attr":"cool","postal_code":"125-0062","address":"東京都葛飾区青戸三丁目36番1号","open_date":"1928-11-01","voronoi":{"type":"Feature","geometry":{"type":"Polygon","coordinates":[[[139.862649,35.731681],[139.848064,35.746519],[139.848937,35.75494],[139.856869,35.75829],[139.867383,35.736251],[139.865173,35.73181],[139.862649,35.731681]]]},"properties":{}}},
    {"code":2300110,"id":"74a83b","name":"京成高砂","original_name":"京成高砂","name_kana":"けいせいたかさご","closed":false,"lat":35.750932,"lng":139.866875,"prefecture":13,"numbering":["KS10"],"lines":[23001,23002,23003,23006,99340],"attr":"cool","postal_code":"125-0054","address":"東京都葛飾区高砂五丁目28-1","voronoi":{"type":"Feature","geometry":{"type":"Polygon","coordinates":[[[139.873129,35.750393],[139.866863,35.760056],[139.859488,35.761532],[139.856869,35.75829],[139.867383,35.736251],[139.871906,35.740047],[139.873178,35.742489],[139.873129,35.750393]]]},"properties":{}}},
    {"code":2300111,"id":"31292c","name":"京成小岩","original_name":"京成小岩","name_kana":"けいせいこいわ","closed":false,"lat":35.742158,"lng":139.88371,"prefecture":13,"numbering":["KS11"],"lines":[23001],"attr":"cool","postal_code":"133-0051","address":"江戸川区北小岩２-１０-９","voronoi":{"type":"Feature","geometry":{"type":"Polygon","coordinates":[[[139.871906,35.740047],[139.888706,35.736378],[139.893001,35.748499],[139.890593,35.751015],[139.873178,35.742489],[139.871906,35.740047]]]},"properties":{}}},
    {"code":2300112,"id":"0e0bda","name":"江戸川","original_name":"江戸川","name_kana":"えどがわ","closed":false,"lat":35.737723,"lng":139.896226,"prefecture":13,"numbering":["KS12"],"lines":[23001],"attr":"cool","postal_code":"133-0051","address":"江戸川区北小岩３-２４-１５","voronoi":{"type":"Feature","geometry":{"type":"Polygon","coordinates":[[[139.888706,35.736378],[139.893001,35.748499],[139.901743,35.746945],[139.897754,35.727328],[139.893376,35.721413],[139.888706,35.736378]]]},"properties":{}}},
    {"code":2300113,"id":"b540aa","name":"国府台","original_name":"国府台","name_kana":"こうのだい","closed":false,"lat":35.736301,"lng":139.90322,"prefecture":12,"numbering":["KS13"],"lines":[23001],"attr":"heat","postal_code":"272-0034","address":"市川市市川３-３０-１","voronoi":{"type":"Feature","geometry":{"type":"Polygon","coordinates":[[[139.897754,35.727328],[139.907504,35.733815],[139.915329,35.746876],[139.911357,35.748522],[139.901743,35.746945],[139.897754,35.727328]]]},"properties":{}}},
    {"code":2300114,"id":"a8aaf1","name":"市川真間","original_name":"市川真間","name_kana":"いちかわまま","closed":false,"lat":35.73121,"lng":139.911717,"prefecture":12,"numbering":["KS14"],"lines":[23001],"attr":"heat","postal_code":"272-0826","address":"市川市真間１-１１-１","voronoi":{"type":"Feature","geometry":{"type":"Polygon","coordinates":[[[139.913546,35.724452],[139.907504,35.733815],[139.915329,35.746876],[139.921905,35.74635],[139.913546,35.724452]]]},"properties":{}}},
    {"code":2300115,"id":"ff3d26","name":"菅野","original_name":"菅野","name_kana":"すがの","closed":false,"lat":35.728272,"lng":139.919413,"prefecture":12,"numbering":["KS15"],"lines":[23001],"attr":"heat","postal_code":"272-0824","address":"市川市菅野２-７-１","voronoi":{"type":"Feature","geometry":{"type":"Polygon","coordinates":[[[139.913546,35.724452],[139.913077,35.71607],[139.914581,35.715008],[139.922588,35.723692],[139.933113,35.744328],[139.92499,35.746809],[139.921905,35.74635],[139.913546,35.724452]]]},"properties":{}}},
    {"code":2300116,"id":"15f601","name":"京成八幡","original_name":"京成八幡","name_kana":"けいせいやわた","closed":false,"lat":35.723811,"lng":139.92816,"prefecture":12,"numbering":["KS16"],"lines":[23001],"attr":"heat","postal_code":"272-0021","address":"市川市八幡３-２-１","voronoi":{"type":"Feature","geometry":{"type":"Polygon","coordinates":[[[139.922588,35.723692],[139.933113,35.744328],[139.933253,35.74432],[139.940242,35.739221],[139.93275,35.721076],[139.922588,35.723692]]]},"properties":{}}},
    {"code":2300117,"id":"cd31da","name":"鬼越","original_name":"鬼越","name_kana":"おにごえ","closed":false,"lat":35.719776,"lng":139.937932,"prefecture":12,"numbering":["KS17"],"lines":[23001],"attr":"heat","postal_code":"272-0022","address":"市川市鬼越１-４-５","voronoi":{"type":"Feature","geometry":{"type":"Polygon","coordinates":[[[139.932868,35.709854],[139.931517,35.709514],[139.93275,35.721076],[139.940242,35.739221],[139.948236,35.736241],[139.948573,35.735329],[139.940431,35.71695],[139.932868,35.709854]]]},"properties":{}}},
    {"code":2300118,"id":"ee6ab3","name":"京成中山","original_name":"京成中山","name_kana":"けいせいなかやま","closed":false,"lat":35.716998,"lng":139.944203,"prefecture":12,"numbering":["KS18"],"lines":[23001],"attr":"heat","postal_code":"273-0035","address":"船橋市本中山１-９-１","voronoi":{"type":"Feature","geometry":{"type":"Polygon","coordinates":[[[139.948573,35.735329],[139.940431,35.71695],[139.947892,35.713904],[139.952475,35.728776],[139.948573,35.735329]]]},"properties":{}}},
    {"code":2300119,"id":"0d99e9","name":"東中山","original_name":"東中山","name_kana":"ひがしなかやま","closed":false,"lat":35.714385,"lng":139.952683,"prefecture":12,"numbering":["KS19"],"lines":[23001],"attr":"heat","postal_code":"273-0036","address":"船橋市東中山２-２-２２","voronoi":{"type":"Feature","geometry":{"type":"Polygon","coordinates":[[[139.947955,35.708363],[139.947892,35.713904],[139.952475,35.728776],[139.959901,35.722257],[139.953816,35.708621],[139.95073,35.705643],[139.947955,35.708363]]]},"properties":{}}},
    {"code":2300120,"id":"289900","name":"京成西船","original_name":"京成西船","name_kana":"けいせいにしふな","closed":false,"lat":35.711627,"lng":139.958863,"prefecture":12,"numbering":["KS20"],"lines":[23001],"attr":"heat","postal_code":"273-0031","address":"船橋市西船４-１５-２７","voronoi":{"type":"Feature","geometry":{"type":"Polygon","coordinates":[[[139.969522,35.718168],[139.966158,35.710533],[139.953816,35.708621],[139.959901,35.722257],[139.969523,35.718211],[139.969522,35.718168]]]},"properties":{}}},
    {"code":2300121,"id":"e70822","name":"海神","original_name":"海神","name_kana":"かいじん","closed":false,"lat":35.705888,"lng":139.971888,"prefecture":12,"numbering":["KS21"],"lines":[23001],"attr":"heat","postal_code":"273-0021","address":"船橋市海神５-１-２２","voronoi":{"type":"Feature","geometry":{"type":"Polygon","coordinates":[[[139.969522,35.718168],[139.966158,35.710533],[139.964886,35.699274],[139.973875,35.69167],[139.976116,35.696976],[139.976116,35.707995],[139.969522,35.718168]]]},"properties":{}}},
    {"code":2300122,"id":"34aa3a","name":"京成船橋","original_name":"京成船橋","name_kana":"けいせいふなばし","closed":false,"lat":35.700161,"lng":139.985451,"prefecture":12,"numbering":["KS22"],"lines":[23001],"attr":"heat","postal_code":"273-0005","address":"船橋市本町１-５-１","voronoi":{"type":"Feature","geometry":{"type":"Polygon","coordinates":[[[139.99479,35.705253],[139.99475,35.703122],[139.9761,35.685181],[139.973875,35.69167],[139.976116,35.696976],[139.976386,35.697218],[139.99479,35.705253]]]},"properties":{}}},
    {"code":2300123,"id":"276f3d","name":"大神宮下","original_name":"大神宮下","name_kana":"だいじんぐうした","closed":false,"lat":35.693945,"lng":139.991431,"prefecture":12,"numbering":["KS23"],"lines":[23001],"attr":"heat","postal_code":"273-0003","address":"船橋市宮本２-９-９","voronoi":{"type":"Feature","geometry":{"type":"Polygon","coordinates":[[[139.997849,35.696519],[139.99475,35.703122],[139.9761,35.685181],[139.97639,35.681719],[139.991684,35.687188],[139.997849,35.696519]]]},"properties":{}}},
    {"code":2300124,"id":"999f13","name":"船橋競馬場","original_name":"船橋競馬場","name_kana":"ふなばしけいばじょう","closed":false,"lat":35.689606,"lng":139.997998,"prefecture":12,"numbering":["KS24"],"lines":[23001],"attr":"heat","postal_code":"273-0003","address":"船橋市宮本８-４２-１","voronoi":{"type":"Feature","geometry":{"type":"Polygon","coordinates":[[[140.005038,35.69234],[139.997849,35.696519],[139.991684,35.687188],[140.001463,35.6844],[140.005038,35.69234]]]},"properties":{}}},
    {"code":2300125,"id":"1729dc","name":"谷津","original_name":"谷津","name_kana":"やつ","closed":false,"lat":35.685257,"lng":140.007658,"prefecture":12,"numbering":["KS25"],"lines":[23001],"attr":"heat","postal_code":"275-0026","address":"習志野市谷津５-４-５","voronoi":{"type":"Feature","geometry":{"type":"Polygon","coordinates":[[[140.001463,35.6844],[140.005038,35.69234],[140.011184,35.693915],[140.01617,35.683698],[140.015619,35.67785],[140.004313,35.67459],[140.001463,35.6844]]]},"properties":{}}},
    {"code":2300126,"id":"28818e","name":"京成津田沼","original_name":"京成津田沼","name_kana":"けいせいつだぬま","closed":false,"lat":35.68364,"lng":140.024823,"prefecture":12,"numbering":["KS26"],"lines":[23001,23004,99329],"attr":"heat","postal_code":"275-0016","address":"習志野市津田沼３-１-１","voronoi":{"type":"Feature","geometry":{"type":"Polygon","coordinates":[[[140.020472,35.686284],[140.01617,35.683698],[140.015619,35.67785],[140.025078,35.670887],[140.029031,35.671203],[140.035562,35.681374],[140.036864,35.68344],[140.03632,35.688895],[140.020472,35.686284]]]},"properties":{}}},
    {"code":2300127,"id":"ea62e9","name":"京成大久保","original_name":"京成大久保","name_kana":"けいせいおおくぼ","closed":false,"lat":35.686016,"lng":140.048629,"prefecture":12,"numbering":["KS27"],"lines":[23001],"attr":"heat","postal_code":"275-0012","address":"習志野市本大久保３-１０-１","voronoi":{"type":"Feature","geometry":{"type":"Polygon","coordinates":[[[140.058932,35.67532],[140.055754,35.674403],[140.036864,35.68344],[140.03632,35.688895],[140.036741,35.691405],[140.040641,35.697019],[140.050925,35.701695],[140.057752,35.703058],[140.058932,35.67532]]]},"properties":{}}},
    {"code":2300128,"id":"71d2e2","name":"実籾","original_name":"実籾","name_kana":"みもみ","closed":false,"lat":35.686852,"lng":140.068289,"prefecture":12,"numbering":["KS28"],"lines":[23001],"attr":"heat","postal_code":"275-0002","address":"習志野市実籾町１-１-１","voronoi":{"type":"Feature","geometry":{"type":"Polygon","coordinates":[[[140.057752,35.703058],[140.058932,35.67532],[140.065355,35.67227],[140.072591,35.669532],[140.09367,35.672371],[140.070763,35.707882],[140.068878,35.708114],[140.061468,35.706389],[140.057752,35.703058]]]},"properties":{}}},
    {"code":2300129,"id":"8ee0a2","name":"八千代台","original_name":"八千代台","name_kana":"やちよだい","closed":false,"lat":35.701465,"lng":140.090942,"prefecture":12,"numbering":["KS29"],"lines":[23001],"attr":"eco","postal_code":"276-0031","address":"八千代市八千代台北１","voronoi":{"type":"Feature","geometry":{"type":"Polygon","coordinates":[[[140.099116,35.670411],[140.09367,35.672371],[140.070763,35.707882],[140.088256,35.719034],[140.094005,35.716247],[140.117349,35.678282],[140.099116,35.670411]]]},"properties":{}}},
    {"code":2300130,"id":"2e73f3","name":"京成大和田","original_name":"京成大和田","name_kana":"けいせいおおわだ","closed":false,"lat":35.712309,"lng":140.108578,"prefecture":12,"numbering":["KS30"],"lines":[23001],"attr":"eco","postal_code":"276-0045","address":"八千代市大和田字小板橋３０８","voronoi":{"type":"Feature","geometry":{"type":"Polygon","coordinates":[[[140.117248,35.714255],[140.117069,35.714923],[140.109769,35.721195],[140.094005,35.716247],[140.117349,35.678282],[140.12301,35.678898],[140.123568,35.679033],[140.117248,35.714255]]]},"properties":{}}},
    {"code":2300131,"id":"e9d73a","name":"勝田台","original_name":"勝田台","name_kana":"かつただい","closed":false,"lat":35.715445,"lng":140.126053,"prefecture":12,"numbering":["KS31"],"lines":[23001],"attr":"eco","postal_code":"276-0023","address":"八千代市勝田台１-８-１","voronoi":{"type":"Feature","geometry":{"type":"Polygon","coordinates":[[[140.13886,35.684161],[140.131832,35.678964],[140.123568,35.679033],[140.117248,35.714255],[140.135326,35.718274],[140.13886,35.684161]]]},"properties":{}}},
    {"code":2300132,"id":"6fd8c3","name":"志津","original_name":"志津","name_kana":"しづ","closed":false,"lat":35.717406,"lng":140.144982,"prefecture":12,"numbering":["KS32"],"lines":[23001],"attr":"eco","postal_code":"285-0846","address":"佐倉市上志津１６６９","voronoi":{"type":"Feature","geometry":{"type":"Polygon","coordinates":[[[140.13886,35.684161],[140.161199,35.692354],[140.149657,35.72222],[140.147336,35.724868],[140.135082,35.727702],[140.135326,35.718274],[140.13886,35.684161]]]},"properties":{}}},
    {"code":2300133,"id":"5d976d","name":"ユーカリが丘","original_name":"ユーカリが丘","name_kana":"ゆーかりがおか","closed":false,"lat":35.721801,"lng":140.156354,"prefecture":12,"numbering":["KS33"],"lines":[23001,99313],"attr":"eco","postal_code":"285-0858","address":"佐倉市ユーカリが丘４-８-２","voronoi":{"type":"Feature","geometry":{"type":"Polygon","coordinates":[[[140.170009,35.693647],[140.161199,35.692354],[140.149657,35.72222],[140.167986,35.72766],[140.176691,35.701765],[140.170009,35.693647]]]},"properties":{}}},
    {"code":2300134,"id":"1cd2de","name":"京成臼井","original_name":"京成臼井","name_kana":"けいせいうすい","closed":false,"lat":35.730017,"lng":140.180796,"prefecture":12,"numbering":["KS34"],"lines":[23001],"attr":"cool","postal_code":"285-0837","address":"佐倉市王子台３-３０-３","voronoi":{"type":"Feature","geometry":{"type":"Polygon","coordinates":[[[140.167329,35.732348],[140.167324,35.732159],[140.167986,35.72766],[140.176691,35.701765],[140.200345,35.712146],[140.204652,35.721903],[140.207683,35.75266],[140.177682,35.764304],[140.167329,35.732348]]]},"properties":{}}},
    {"code":2300135,"id":"98ff24","name":"京成佐倉","original_name":"京成佐倉","name_kana":"けいせいさくら","closed":false,"lat":35.725205,"lng":140.229633,"prefecture":12,"numbering":["KS35"],"lines":[23001],"attr":"cool","postal_code":"285-0014","address":"佐倉市栄町１００１-５","voronoi":{"type":"Feature","geometry":{"type":"Polygon","coordinates":[[[140.204652,35.721903],[140.207683,35.75266],[140.232302,35.763139],[140.243076,35.714669],[140.204652,35.721903]]]},"properties":{}}},
    {"code":2300136,"id":"bad671","name":"大佐倉","original_name":"大佐倉","name_kana":"おおさくら","closed":false,"lat":35.729908,"lng":140.25079,"prefecture":12,"numbering":["KS36"],"lines":[23001],"attr":"cool","postal_code":"285-0041","address":"佐倉市大佐倉松山２７７","voronoi":{"type":"Feature","geometry":{"type":"Polygon","coordinates":[[[140.247585,35.709287],[140.243076,35.714669],[140.232302,35.763139],[140.242833,35.771856],[140.250077,35.76225],[140.263462,35.725046],[140.263834,35.720064],[140.247585,35.709287]]]},"properties":{}}},
    {"code":2300137,"id":"3aad37","name":"京成酒々井","original_name":"京成酒々井","name_kana":"けいせいしすい","closed":false,"lat":35.736867,"lng":140.270132,"prefecture":12,"numbering":["KS37"],"lines":[23001],"attr":"cool","postal_code":"285-0921","address":"印旛郡酒々井町中川５６０-１","voronoi":{"type":"Feature","geometry":{"type":"Polygon","coordinates":[[[140.250077,35.76225],[140.280061,35.741675],[140.263462,35.725046],[140.250077,35.76225]]]},"properties":{}}},
    {"code":2300138,"id":"fc3e36","name":"宗吾参道","original_name":"宗吾参道","name_kana":"そうごさんどう","closed":false,"lat":35.752669,"lng":140.280975,"prefecture":12,"numbering":["KS38"],"lines":[23001],"attr":"cool","postal_code":"285-0907","address":"印旛郡酒々井町下岩橋字仲田４３２-３","voronoi":{"type":"Feature","geometry":{"type":"Polygon","coordinates":[[[140.299154,35.736472],[140.280061,35.741675],[140.250077,35.76225],[140.242833,35.771856],[140.245634,35.778114],[140.269854,35.779645],[140.275758,35.778375],[140.299154,35.736472]]]},"properties":{}}},
    {"code":2300139,"id":"051874","name":"公津の杜","original_name":"公津の杜","name_kana":"こうづのもり","closed":false,"lat":35.760446,"lng":140.294904,"prefecture":12,"numbering":["KS39"],"lines":[23001],"attr":"cool","postal_code":"286-0048","address":"成田市公津の杜４-１１-２","voronoi":{"type":"Feature","geometry":{"type":"Polygon","coordinates":[[[140.305876,35.767485],[140.341381,35.721445],[140.341439,35.719978],[140.334573,35.718397],[140.324249,35.71931],[140.299154,35.736472],[140.275758,35.778375],[140.294256,35.780176],[140.305876,35.767485]]]},"properties":{}}},
    {"code":2300140,"id":"056004","name":"京成成田","original_name":"京成成田","name_kana":"けいせいなりた","closed":false,"lat":35.776308,"lng":140.315473,"prefecture":12,"numbering":["KS40"],"lines":[23001],"attr":"cool","postal_code":"286-0033","address":"成田市花崎町８１４","voronoi":{"type":"Feature","geometry":{"type":"Polygon","coordinates":[[[140.352449,35.79368],[140.336197,35.800497],[140.305876,35.767485],[140.341381,35.721445],[140.351907,35.780518],[140.352449,35.79368]]]},"properties":{}}},
    {"code":2300141,"id":"579aa2","name":"東成田","original_name":"東成田","name_kana":"ひがしなりた","closed":false,"lat":35.770091,"lng":140.387225,"prefecture":12,"numbering":["KS44"],"lines":[23001,99324],"attr":"cool","postal_code":"286-0104","address":"成田市古込字込前１２４","voronoi":{"type":"Feature","geometry":{"type":"Polygon","coordinates":[[[140.363533,35.776503],[140.40201,35.768822],[140.394737,35.763317],[140.363533,35.776503]]]},"properties":{}}},
    {"code":1132813,"id":"c54383","name":"空港第２ビル（成田第２・第３ターミナル）","original_name":"空港第２ビル（成田第２・第３ターミナル）","name_kana":"くうこうだいにびる（なりただいに・だいさんたーみなる）","closed":false,"lat":35.773327,"lng":140.387871,"prefecture":12,"numbering":["KS41"],"lines":[11327,11328,23001,23006],"attr":"cool","postal_code":"282-0004","address":"千葉県成田市古込字古込1-1","open_date":"1992-12-03","voronoi":{"type":"Feature","geometry":{"type":"Polygon","coordinates":[[[140.400723,35.83379],[140.427767,35.828717],[140.465099,35.806333],[140.40201,35.768822],[140.363533,35.776503],[140.351907,35.780518],[140.352449,35.79368],[140.400723,35.83379]]]},"properties":{}}},
    {"code":1132705,"id":"4b73cf","name":"成田空港（成田第１ターミナル）","original_name":"成田空港（成田第１ターミナル）","name_kana":"なりたくうこう（なりただいいちたーみなる）","closed":false,"lat":35.763983,"lng":140.384644,"prefecture":12,"numbering":["KS42"],"lines":[11327,11328,23001,23006],"attr":"cool","postal_code":"282-0011","address":"千葉県成田市三里塚御料牧場1-1","open_date":"1991-03-19","voronoi":{"type":"Feature","geometry":{"type":"Polygon","coordinates":[[[140.394737,35.763317],[140.363533,35.776503],[140.351907,35.780518],[140.341381,35.721445],[140.341439,35.719978],[140.358267,35.708731],[140.394737,35.763317]]]},"properties":{}}}
  ]
}