{
  "code":23003,
  "id":243,
  "name":"京成金町線",
  "name_kana":"けいせいかなまちせん",
  "station_size":3,
  "company_code":13,
  "closed":false,
  "color":"#005AAA",
  "symbol":"KS",
  "station_list":[
    {"code":2300110,"id":4865,"name":"京成高砂","original_name":"京成高砂","name_kana":"けいせいたかさご","closed":false,"lat":35.750932,"lng":139.866875,"prefecture":13,"numbering":["KS10"],"lines":[23001,23002,23003,23006,99340],"attr":"cool","postal_code":"125-0054","address":"東京都葛飾区高砂五丁目28-1","voronoi":{"type":"Feature","geometry":{"type":"Polygon","coordinates":[[[139.873129,35.750393],[139.866863,35.760056],[139.859488,35.761532],[139.856869,35.75829],[139.867383,35.736251],[139.871906,35.740047],[139.873178,35.742489],[139.873129,35.750393]]]},"properties":{}}},
    {"code":2300302,"id":4901,"name":"柴又","original_name":"柴又","name_kana":"しばまた","closed":false,"lat":35.756323,"lng":139.875188,"prefecture":13,"numbering":["KS50"],"lines":[23003],"attr":"cool","postal_code":"125-0052","address":"葛飾区柴又４-８-１４","voronoi":{"type":"Feature","geometry":{"type":"Polygon","coordinates":[[[139.866863,35.760056],[139.88616,35.767682],[139.886934,35.767957],[139.887244,35.761519],[139.873129,35.750393],[139.866863,35.760056]]]},"properties":{}}},
    {"code":2300303,"id":4902,"name":"京成金町","original_name":"京成金町","name_kana":"けいせいかなまち","closed":false,"lat":35.768471,"lng":139.870387,"prefecture":13,"numbering":["KS51"],"lines":[23003],"attr":"cool","postal_code":"125-0042","address":"葛飾区金町５-３７-９","voronoi":{"type":"Feature","geometry":{"type":"Polygon","coordinates":[[[139.858765,35.770024],[139.859488,35.761532],[139.866863,35.760056],[139.88616,35.767682],[139.858765,35.770024]]]},"properties":{}}}
  ]
}