{
  "code":24002,
  "id":"dbc973",
  "name":"京王相模原線",
  "name_kana":"けいおうさがみはらせん",
  "station_size":12,
  "company_code":14,
  "closed":false,
  "color":"#DD3377",
  "symbol":"KO",
  "station_list":[
    {"code":2400118,"id":"7bab77","name":"調布","original_name":"調布","name_kana":"ちょうふ","closed":false,"lat":35.652181,"lng":139.543988,"prefecture":13,"numbering":["KO18"],"lines":[24001,24002],"attr":"heat","postal_code":"182-0024","address":"調布市布田４-３２-１","voronoi":{"type":"Feature","geometry":{"type":"Polygon","coordinates":[[[139.536096,35.652377],[139.545465,35.643373],[139.55383,35.671178],[139.553359,35.677043],[139.552755,35.677238],[139.544817,35.677145],[139.536096,35.652377]]]},"properties":{}}},
    {"code":2400202,"id":"f16248","name":"京王多摩川","original_name":"京王多摩川","name_kana":"けいおうたまがわ","closed":false,"lat":35.644499,"lng":139.536606,"prefecture":13,"numbering":["KO35"],"lines":[24002],"attr":"cool","postal_code":"182-0025","address":"調布市多摩川４-４０-１","voronoi":{"type":"Feature","geometry":{"type":"Polygon","coordinates":[[[139.545465,35.643373],[139.536096,35.652377],[139.527716,35.64789],[139.528964,35.641736],[139.533404,35.63943],[139.544092,35.638011],[139.546564,35.640334],[139.545465,35.643373]]]},"properties":{}}},
    {"code":2400203,"id":"3861f8","name":"京王稲田堤","original_name":"京王稲田堤","name_kana":"けいおういなだづつみ","closed":false,"lat":35.633895,"lng":139.531099,"prefecture":14,"numbering":["KO36"],"lines":[24002],"attr":"cool","postal_code":"214-0001","address":"川崎市多摩区菅４-１-１","voronoi":{"type":"Feature","geometry":{"type":"Polygon","coordinates":[[[139.528964,35.641736],[139.524223,35.635177],[139.524942,35.625069],[139.532659,35.623783],[139.533404,35.63943],[139.528964,35.641736]]]},"properties":{}}},
    {"code":2400204,"id":"02d6a2","name":"京王よみうりランド","original_name":"京王よみうりランド","name_kana":"けいおうよみうりらんど","closed":false,"lat":35.632934,"lng":139.517597,"prefecture":13,"numbering":["KO37"],"lines":[24002],"attr":"cool","postal_code":"206-0812","address":"東京都稲城市矢野口","voronoi":{"type":"Feature","geometry":{"type":"Polygon","coordinates":[[[139.511416,35.640152],[139.524223,35.635177],[139.524942,35.625069],[139.517635,35.620934],[139.506567,35.621617],[139.509602,35.637768],[139.511416,35.640152]]]},"properties":{}}},
    {"code":2400205,"id":"cb33c8","name":"稲城","original_name":"稲城","name_kana":"いなぎ","closed":false,"lat":35.636166,"lng":139.500398,"prefecture":13,"numbering":["KO38"],"lines":[24002],"attr":"cool","postal_code":"206-0802","address":"稲城市東長沼３１０８","voronoi":{"type":"Feature","geometry":{"type":"Polygon","coordinates":[[[139.494575,35.64229],[139.483147,35.633016],[139.490054,35.621447],[139.494537,35.618633],[139.496477,35.618264],[139.503454,35.619814],[139.506567,35.621617],[139.509602,35.637768],[139.494575,35.64229]]]},"properties":{}}},
    {"code":2400206,"id":"1c1932","name":"若葉台","original_name":"若葉台","name_kana":"わかばだい","closed":false,"lat":35.619325,"lng":139.472189,"prefecture":14,"numbering":["KO39"],"lines":[24002],"attr":"cool","postal_code":"215-0035","address":"川崎市麻生区黒川６０９","voronoi":{"type":"Feature","geometry":{"type":"Polygon","coordinates":[[[139.468484,35.616973],[139.46715,35.640188],[139.467185,35.640267],[139.469429,35.641081],[139.483147,35.633016],[139.490054,35.621447],[139.479472,35.614356],[139.468484,35.616973]]]},"properties":{}}},
    {"code":2400207,"id":"0a5e4d","name":"京王永山","original_name":"京王永山","name_kana":"けいおうながやま","closed":false,"lat":35.630102,"lng":139.448204,"prefecture":13,"numbering":["KO40"],"lines":[24002],"attr":"heat","postal_code":"206-0025","address":"多摩市永山１-１８-１","voronoi":{"type":"Feature","geometry":{"type":"Polygon","coordinates":[[[139.453161,35.619823],[139.443018,35.640187],[139.463618,35.641406],[139.467185,35.640267],[139.46715,35.640188],[139.453161,35.619823]]]},"properties":{}}},
    {"code":2400208,"id":"d040c4","name":"京王多摩センター","original_name":"京王多摩センター","name_kana":"けいおうたませんたー","closed":false,"lat":35.62518,"lng":139.42402,"prefecture":13,"numbering":["KO41"],"lines":[24002],"attr":"heat","postal_code":"206-0033","address":"多摩市落合１-１０-２","voronoi":{"type":"Feature","geometry":{"type":"Polygon","coordinates":[[[139.419803,35.627511],[139.423492,35.624374],[139.429276,35.630158],[139.419803,35.627511]]]},"properties":{}}},
    {"code":2400209,"id":"5145f5","name":"京王堀之内","original_name":"京王堀之内","name_kana":"けいおうほりのうち","closed":false,"lat":35.624438,"lng":139.400314,"prefecture":13,"numbering":["KO42"],"lines":[24002],"attr":"heat","postal_code":"192-0355","address":"八王子市堀之内３-２４-４","voronoi":{"type":"Feature","geometry":{"type":"Polygon","coordinates":[[[139.393687,35.638355],[139.407548,35.631748],[139.410777,35.627557],[139.396417,35.606648],[139.384287,35.630719],[139.39301,35.638473],[139.393687,35.638355]]]},"properties":{}}},
    {"code":2400210,"id":"1e7615","name":"南大沢","original_name":"南大沢","name_kana":"みなみおおさわ","closed":false,"lat":35.6141,"lng":139.3798,"prefecture":13,"numbering":["KO43"],"lines":[24002],"attr":"eco","postal_code":"192-0364","address":"八王子市南大沢２-１-６","voronoi":{"type":"Feature","geometry":{"type":"Polygon","coordinates":[[[139.384287,35.630719],[139.396417,35.606648],[139.39728,35.595973],[139.387479,35.594395],[139.386018,35.594784],[139.359828,35.622124],[139.377555,35.630744],[139.384287,35.630719]]]},"properties":{}}},
    {"code":2400211,"id":"29914f","name":"多摩境","original_name":"多摩境","name_kana":"たまさかい","closed":false,"lat":35.601826,"lng":139.366987,"prefecture":13,"numbering":["KO44"],"lines":[24002],"attr":"eco","postal_code":"194-0212","address":"町田市小山町２７１８-１","voronoi":{"type":"Feature","geometry":{"type":"Polygon","coordinates":[[[139.361392,35.590001],[139.357562,35.592596],[139.350823,35.61463],[139.351452,35.618969],[139.35522,35.621536],[139.356955,35.622044],[139.359828,35.622124],[139.386018,35.594784],[139.361392,35.590001]]]},"properties":{}}},
    {"code":1130616,"id":"d9f5cb","name":"橋本(神奈川)","original_name":"橋本","name_kana":"はしもと","closed":false,"lat":35.594975,"lng":139.344586,"prefecture":14,"numbering":["KO45"],"lines":[11306,11309,24002],"attr":"heat","postal_code":"252-0143","address":"神奈川県相模原市緑区橋本六丁目1番25号","voronoi":{"type":"Feature","geometry":{"type":"Polygon","coordinates":[[[139.302819,35.562891],[139.350823,35.61463],[139.357562,35.592596],[139.302819,35.562891]]]},"properties":{}}}
  ]
}