{
  "code":24006,
  "id":252,
  "name":"京王井の頭線",
  "name_kana":"けいおういのがしらせん",
  "station_size":17,
  "company_code":14,
  "closed":false,
  "color":"#333388",
  "symbol":"IN",
  "station_list":[
    {"code":1130205,"id":1283,"name":"渋谷","original_name":"渋谷","name_kana":"しぶや","closed":false,"lat":35.658871,"lng":139.701238,"prefecture":13,"numbering":["IN01"],"lines":[11302,11321,11328,11333,24006,26001,26003,28001,28008,28010],"attr":"cool","postal_code":"150-0043","address":"東京都渋谷区道玄坂一丁目1-1","open_date":"1885-03-01","voronoi":{"type":"Feature","geometry":{"type":"Polygon","coordinates":[[[139.696334,35.6654],[139.695946,35.664944],[139.698522,35.652816],[139.708288,35.654687],[139.710216,35.656084],[139.706239,35.662992],[139.698065,35.665201],[139.696334,35.6654]]]},"properties":{}}},
    {"code":2400602,"id":4969,"name":"神泉","original_name":"神泉","name_kana":"しんせん","closed":false,"lat":35.657244,"lng":139.693579,"prefecture":13,"numbering":["IN02"],"lines":[24006],"attr":"cool","postal_code":"150-0045","address":"渋谷区神泉町４-６","voronoi":{"type":"Feature","geometry":{"type":"Polygon","coordinates":[[[139.692375,35.649146],[139.68843,35.654647],[139.68966,35.662586],[139.695946,35.664944],[139.698522,35.652816],[139.696575,35.650728],[139.692375,35.649146]]]},"properties":{}}},
    {"code":2400603,"id":4970,"name":"駒場東大前","original_name":"駒場東大前","name_kana":"こまばとうだいまえ","closed":false,"lat":35.65868,"lng":139.684308,"prefecture":13,"numbering":["IN03"],"lines":[24006],"attr":"cool","postal_code":"153-0041","address":"目黒区駒場３-９-１","voronoi":{"type":"Feature","geometry":{"type":"Polygon","coordinates":[[[139.68843,35.654647],[139.678096,35.654633],[139.679389,35.662793],[139.684639,35.664875],[139.68966,35.662586],[139.68843,35.654647]]]},"properties":{}}},
    {"code":2400604,"id":4971,"name":"池ノ上","original_name":"池ノ上","name_kana":"いけのうえ","closed":false,"lat":35.660402,"lng":139.67344,"prefecture":13,"numbering":["IN04"],"lines":[24006],"attr":"cool","postal_code":"155-0032","address":"世田谷区代沢２-４３-８","voronoi":{"type":"Feature","geometry":{"type":"Polygon","coordinates":[[[139.668783,35.652976],[139.670468,35.662654],[139.678656,35.663355],[139.679389,35.662793],[139.678096,35.654633],[139.675179,35.651394],[139.670085,35.652396],[139.668783,35.652976]]]},"properties":{}}},
    {"code":2400605,"id":4972,"name":"下北沢","original_name":"下北沢","name_kana":"しもきたざわ","closed":false,"lat":35.661539,"lng":139.66691,"prefecture":13,"numbering":["IN05"],"lines":[24006,25001],"attr":"cool","postal_code":"155-0031","address":"世田谷区北沢２丁目","voronoi":{"type":"Feature","geometry":{"type":"Polygon","coordinates":[[[139.667331,35.667642],[139.670468,35.662654],[139.668783,35.652976],[139.668388,35.652988],[139.663554,35.661077],[139.664605,35.667449],[139.664936,35.667708],[139.667331,35.667642]]]},"properties":{}}},
    {"code":2400606,"id":4973,"name":"新代田","original_name":"新代田","name_kana":"しんだいた","closed":false,"lat":35.662593,"lng":139.660524,"prefecture":13,"numbering":["IN06"],"lines":[24006],"attr":"cool","postal_code":"155-0033","address":"世田谷区代田５-３０-１８","voronoi":{"type":"Feature","geometry":{"type":"Polygon","coordinates":[[[139.658006,35.659729],[139.663554,35.661077],[139.664605,35.667449],[139.658062,35.666593],[139.658006,35.659729]]]},"properties":{}}},
    {"code":2400607,"id":4974,"name":"東松原","original_name":"東松原","name_kana":"ひがしまつばら","closed":false,"lat":35.662634,"lng":139.655535,"prefecture":13,"numbering":["IN07"],"lines":[24006],"attr":"cool","postal_code":"156-0043","address":"世田谷区松原５-２-６","voronoi":{"type":"Feature","geometry":{"type":"Polygon","coordinates":[[[139.657185,35.658578],[139.658006,35.659729],[139.658062,35.666593],[139.65543,35.6678],[139.648633,35.662047],[139.648835,35.660987],[139.657185,35.658578]]]},"properties":{}}},
    {"code":2400106,"id":4924,"name":"明大前","original_name":"明大前","name_kana":"めいだいまえ","closed":false,"lat":35.668758,"lng":139.650352,"prefecture":13,"numbering":["IN08"],"lines":[24001,24006],"attr":"cool","postal_code":"156-0043","address":"世田谷区松原２-４５-１","voronoi":{"type":"Feature","geometry":{"type":"Polygon","coordinates":[[[139.644878,35.670841],[139.646969,35.663643],[139.648633,35.662047],[139.65543,35.6678],[139.653268,35.676192],[139.651074,35.677108],[139.644878,35.670841]]]},"properties":{}}},
    {"code":2400609,"id":4975,"name":"永福町","original_name":"永福町","name_kana":"えいふくちょう","closed":false,"lat":35.67629,"lng":139.642733,"prefecture":13,"numbering":["IN09"],"lines":[24006],"attr":"heat","postal_code":"168-0064","address":"杉並区永福２-６０-３１","voronoi":{"type":"Feature","geometry":{"type":"Polygon","coordinates":[[[139.651074,35.677108],[139.645885,35.687018],[139.642304,35.687899],[139.636963,35.67205],[139.637085,35.671887],[139.644878,35.670841],[139.651074,35.677108]]]},"properties":{}}},
    {"code":2400610,"id":4976,"name":"西永福","original_name":"西永福","name_kana":"にしえいふく","closed":false,"lat":35.678918,"lng":139.634936,"prefecture":13,"numbering":["IN10"],"lines":[24006],"attr":"heat","postal_code":"168-0064","address":"杉並区永福３-３６-１","voronoi":{"type":"Feature","geometry":{"type":"Polygon","coordinates":[[[139.629172,35.674578],[139.636963,35.67205],[139.642304,35.687899],[139.640617,35.689061],[139.63451,35.689304],[139.629172,35.674578]]]},"properties":{}}},
    {"code":2400611,"id":4977,"name":"浜田山","original_name":"浜田山","name_kana":"はまだやま","closed":false,"lat":35.681603,"lng":139.627528,"prefecture":13,"numbering":["IN11"],"lines":[24006],"attr":"heat","postal_code":"168-0065","address":"杉並区浜田山３-３１-２","voronoi":{"type":"Feature","geometry":{"type":"Polygon","coordinates":[[[139.620578,35.676836],[139.628179,35.674309],[139.629172,35.674578],[139.63451,35.689304],[139.62526,35.69353],[139.622686,35.692697],[139.620578,35.676836]]]},"properties":{}}},
    {"code":2400612,"id":4978,"name":"高井戸","original_name":"高井戸","name_kana":"たかいど","closed":false,"lat":35.683253,"lng":139.615115,"prefecture":13,"numbering":["IN12"],"lines":[24006],"attr":"heat","postal_code":"168-0071","address":"杉並区高井戸西２-１-２６","voronoi":{"type":"Feature","geometry":{"type":"Polygon","coordinates":[[[139.620578,35.676836],[139.620067,35.676546],[139.612065,35.676659],[139.609896,35.677825],[139.613196,35.694925],[139.622686,35.692697],[139.620578,35.676836]]]},"properties":{}}},
    {"code":2400613,"id":4979,"name":"富士見ヶ丘","original_name":"富士見ヶ丘","name_kana":"ふじみがおか","closed":false,"lat":35.684805,"lng":139.607072,"prefecture":13,"numbering":["IN13"],"lines":[24006],"attr":"heat","postal_code":"168-0082","address":"東京都杉並区久我山五丁目1番25号","voronoi":{"type":"Feature","geometry":{"type":"Polygon","coordinates":[[[139.609896,35.677825],[139.613196,35.694925],[139.609969,35.697059],[139.607145,35.695915],[139.59955,35.678001],[139.601772,35.677159],[139.609896,35.677825]]]},"properties":{}}},
    {"code":2400614,"id":4980,"name":"久我山","original_name":"久我山","name_kana":"くがやま","closed":false,"lat":35.688138,"lng":139.599211,"prefecture":13,"numbering":["IN14"],"lines":[24006],"attr":"eco","postal_code":"168-0082","address":"杉並区久我山４-１-１１","voronoi":{"type":"Feature","geometry":{"type":"Polygon","coordinates":[[[139.59659,35.696016],[139.589193,35.677254],[139.59955,35.678001],[139.607145,35.695915],[139.59659,35.696016]]]},"properties":{}}},
    {"code":2400615,"id":4981,"name":"三鷹台","original_name":"三鷹台","name_kana":"みたかだい","closed":false,"lat":35.692046,"lng":139.589298,"prefecture":13,"numbering":["IN15"],"lines":[24006],"attr":"eco","postal_code":"181-0001","address":"三鷹市井の頭１-３２-１","voronoi":{"type":"Feature","geometry":{"type":"Polygon","coordinates":[[[139.58853,35.676941],[139.573068,35.67922],[139.591231,35.700588],[139.59659,35.696016],[139.589193,35.677254],[139.58853,35.676941]]]},"properties":{}}},
    {"code":2400616,"id":4982,"name":"井の頭公園","original_name":"井の頭公園","name_kana":"いのかしらこうえん","closed":false,"lat":35.697304,"lng":139.583112,"prefecture":13,"numbering":["IN16"],"lines":[24006],"attr":"eco","postal_code":"181-0001","address":"三鷹市井の頭３-３５-１２","voronoi":{"type":"Feature","geometry":{"type":"Polygon","coordinates":[[[139.567018,35.68008],[139.57025,35.693771],[139.589512,35.704859],[139.591231,35.700588],[139.573068,35.67922],[139.571611,35.679145],[139.567018,35.68008]]]},"properties":{}}},
    {"code":1131104,"id":1428,"name":"吉祥寺","original_name":"吉祥寺","name_kana":"きちじょうじ","closed":false,"lat":35.703119,"lng":139.579765,"prefecture":13,"numbering":["IN17"],"lines":[11311,11312,11313,24006],"attr":"heat","postal_code":"180-0003","address":"東京都武蔵野市吉祥寺南町","voronoi":{"type":"Feature","geometry":{"type":"Polygon","coordinates":[[[139.589215,35.71292],[139.583379,35.716083],[139.569791,35.714224],[139.57025,35.693771],[139.589512,35.704859],[139.589215,35.71292]]]},"properties":{}}}
  ]
}