{
  "code":24003,
  "id":249,
  "name":"京王高尾線",
  "name_kana":"けいおうたかおせん",
  "station_size":7,
  "company_code":14,
  "closed":false,
  "color":"#DD3377",
  "symbol":"KO",
  "station_list":[
    {"code":2400133,"id":4950,"name":"北野(東京)","original_name":"北野","name_kana":"きたの","closed":false,"lat":35.644479,"lng":139.354489,"prefecture":13,"numbering":["KO33"],"lines":[24001,24003],"attr":"heat","postal_code":"192-0911","address":"八王子市打越町３３５-１","voronoi":{"type":"Feature","geometry":{"type":"Polygon","coordinates":[[[139.357132,35.657495],[139.345733,35.648121],[139.345734,35.647955],[139.35522,35.621536],[139.356955,35.622044],[139.361974,35.655762],[139.357132,35.657495]]]},"properties":{}}},
    {"code":2400302,"id":4962,"name":"京王片倉","original_name":"京王片倉","name_kana":"けいおうかたくら","closed":false,"lat":35.644343,"lng":139.337035,"prefecture":13,"numbering":["KO48"],"lines":[24003],"attr":"cool","postal_code":"192-0914","address":"八王子市片倉町３４-９","voronoi":{"type":"Feature","geometry":{"type":"Polygon","coordinates":[[[139.345734,35.647955],[139.333994,35.637439],[139.329039,35.639742],[139.329089,35.651512],[139.344357,35.648839],[139.345733,35.648121],[139.345734,35.647955]]]},"properties":{}}},
    {"code":2400303,"id":4963,"name":"山田(東京)","original_name":"山田","name_kana":"やまだ","closed":false,"lat":35.644411,"lng":139.321082,"prefecture":13,"numbering":["KO49"],"lines":[24003],"attr":"cool","postal_code":"193-0932","address":"八王子市緑町４３４","voronoi":{"type":"Feature","geometry":{"type":"Polygon","coordinates":[[[139.329039,35.639742],[139.329089,35.651512],[139.325845,35.656727],[139.314453,35.648851],[139.315637,35.630387],[139.329039,35.639742]]]},"properties":{}}},
    {"code":2400304,"id":4964,"name":"めじろ台","original_name":"めじろ台","name_kana":"めじろだい","closed":false,"lat":35.643601,"lng":139.308446,"prefecture":13,"numbering":["KO50"],"lines":[24003],"attr":"eco","postal_code":"193-0833","address":"八王子市めじろ台１-１００-１","voronoi":{"type":"Feature","geometry":{"type":"Polygon","coordinates":[[[139.314453,35.648851],[139.308521,35.650762],[139.300689,35.644281],[139.306305,35.616545],[139.308328,35.617827],[139.315637,35.630387],[139.314453,35.648851]]]},"properties":{}}},
    {"code":2400305,"id":4965,"name":"狭間","original_name":"狭間","name_kana":"はざま","closed":false,"lat":35.640637,"lng":139.293808,"prefecture":13,"numbering":["KO51"],"lines":[24003],"attr":"eco","postal_code":"193-0834","address":"八王子市東浅川町７７３","voronoi":{"type":"Feature","geometry":{"type":"Polygon","coordinates":[[[139.2963,35.647234],[139.300689,35.644281],[139.306305,35.616545],[139.29363,35.602295],[139.286007,35.624401],[139.288361,35.643927],[139.2963,35.647234]]]},"properties":{}}},
    {"code":1131112,"id":1434,"name":"高尾(東京)","original_name":"高尾","name_kana":"たかお","closed":false,"lat":35.642026,"lng":139.282288,"prefecture":13,"numbering":["KO52"],"lines":[11311,11312,24003],"attr":"eco","postal_code":"193-0844","address":"八王子市高尾町","voronoi":{"type":"Feature","geometry":{"type":"Polygon","coordinates":[[[139.249185,35.680622],[139.243629,35.679002],[139.286007,35.624401],[139.288361,35.643927],[139.249185,35.680622]]]},"properties":{}}},
    {"code":2400307,"id":4966,"name":"高尾山口","original_name":"高尾山口","name_kana":"たかおさんぐち","closed":false,"lat":35.632377,"lng":139.269856,"prefecture":13,"numbering":["KO53"],"lines":[24003],"attr":"heat","postal_code":"193-0844","address":"八王子市高尾町２２４１","voronoi":{"type":"Feature","geometry":{"type":"Polygon","coordinates":[[[139.286007,35.624401],[139.243629,35.679002],[139.239782,35.678475],[139.220739,35.670501],[139.249146,35.516855],[139.26583,35.534718],[139.29363,35.602295],[139.286007,35.624401]]]},"properties":{}}}
  ]
}