{
  "code":25003,
  "id":"605584",
  "name":"小田急多摩線",
  "name_kana":"おだきゅうたません",
  "station_size":8,
  "company_code":15,
  "closed":false,
  "color":"#2288CC",
  "symbol":"OT",
  "station_list":[
    {"code":2500123,"id":"d914d1","name":"新百合ヶ丘","original_name":"新百合ヶ丘","name_kana":"しんゆりがおか","closed":false,"lat":35.603705,"lng":139.507608,"prefecture":14,"numbering":["OH23"],"lines":[25001,25003],"attr":"cool","postal_code":"215-0004","address":"川崎市麻生区万福寺一丁目18番1号","voronoi":{"type":"Feature","geometry":{"type":"Polygon","coordinates":[[[139.496477,35.618264],[139.503454,35.619814],[139.527213,35.58183],[139.52592,35.580139],[139.501749,35.597261],[139.496477,35.618264]]]},"properties":{}}},
    {"code":2500302,"id":"795a88","name":"五月台","original_name":"五月台","name_kana":"さつきだい","closed":false,"lat":35.600174,"lng":139.493542,"prefecture":14,"numbering":["OT01"],"lines":[25003],"attr":"cool","postal_code":"215-0025","address":"川崎市麻生区五力田３丁目","voronoi":{"type":"Feature","geometry":{"type":"Polygon","coordinates":[[[139.496477,35.618264],[139.494537,35.618633],[139.483559,35.594445],[139.487457,35.591759],[139.501749,35.597261],[139.496477,35.618264]]]},"properties":{}}},
    {"code":2500303,"id":"c990ed","name":"栗平","original_name":"栗平","name_kana":"くりひら","closed":false,"lat":35.605731,"lng":139.481298,"prefecture":14,"numbering":["OT02"],"lines":[25003],"attr":"cool","postal_code":"215-0031","address":"川崎市麻生区栗平２-１-１","voronoi":{"type":"Feature","geometry":{"type":"Polygon","coordinates":[[[139.465127,35.59407],[139.483559,35.594445],[139.494537,35.618633],[139.490054,35.621447],[139.479472,35.614356],[139.465127,35.59407]]]},"properties":{}}},
    {"code":2500304,"id":"9d364f","name":"黒川(神奈川)","original_name":"黒川","name_kana":"くろかわ","closed":false,"lat":35.613203,"lng":139.470731,"prefecture":14,"numbering":["OT03"],"lines":[25003],"attr":"eco","postal_code":"215-0034","address":"川崎市麻生区南黒川４丁目","voronoi":{"type":"Feature","geometry":{"type":"Polygon","coordinates":[[[139.468484,35.616973],[139.445196,35.591574],[139.454538,35.590194],[139.465127,35.59407],[139.479472,35.614356],[139.468484,35.616973]]]},"properties":{}}},
    {"code":2500305,"id":"08712f","name":"はるひ野","original_name":"はるひ野","name_kana":"はるひの","closed":false,"lat":35.618885,"lng":139.464534,"prefecture":14,"numbering":["OT04"],"lines":[25003],"attr":"eco","postal_code":"215-0035","address":"川崎市麻生区黒川字谷ツ１０２１番１","voronoi":{"type":"Feature","geometry":{"type":"Polygon","coordinates":[[[139.44135,35.601393],[139.440224,35.591677],[139.445196,35.591574],[139.468484,35.616973],[139.46715,35.640188],[139.453161,35.619823],[139.441496,35.602367],[139.44135,35.601393]]]},"properties":{}}},
    {"code":2500306,"id":"ba5e6b","name":"小田急永山","original_name":"小田急永山","name_kana":"おだきゅうながやま","closed":false,"lat":35.629972,"lng":139.447943,"prefecture":13,"numbering":["OT05"],"lines":[25003],"attr":"cool","postal_code":"206-0025","address":"多摩市永山１丁目","voronoi":{"type":"Feature","geometry":{"type":"Polygon","coordinates":[[[139.453161,35.619823],[139.441496,35.602367],[139.435148,35.631972],[139.435674,35.639848],[139.443018,35.640187],[139.453161,35.619823]]]},"properties":{}}},
    {"code":2500307,"id":"6c2cf8","name":"小田急多摩センター","original_name":"小田急多摩センター","name_kana":"おだきゅうたませんたー","closed":false,"lat":35.624902,"lng":139.424298,"prefecture":13,"numbering":["OT06"],"lines":[25003],"attr":"cool","postal_code":"206-0033","address":"多摩市落合１丁目","voronoi":{"type":"Feature","geometry":{"type":"Polygon","coordinates":[[[139.435148,35.631972],[139.429276,35.630158],[139.423492,35.624374],[139.44135,35.601393],[139.441496,35.602367],[139.435148,35.631972]]]},"properties":{}}},
    {"code":2500308,"id":"c6dbfc","name":"唐木田","original_name":"唐木田","name_kana":"からきだ","closed":false,"lat":35.616672,"lng":139.411622,"prefecture":13,"numbering":["OT07"],"lines":[25003],"attr":"cool","postal_code":"206-0033","address":"多摩市落合","voronoi":{"type":"Feature","geometry":{"type":"Polygon","coordinates":[[[139.436365,35.588969],[139.42008,35.586947],[139.402138,35.593146],[139.39728,35.595973],[139.396417,35.606648],[139.410777,35.627557],[139.412811,35.62707],[139.412899,35.627007],[139.436718,35.589313],[139.436365,35.588969]]]},"properties":{}}}
  ]
}