{
  "code":25002,
  "id":"135c5c",
  "name":"小田急江ノ島線",
  "name_kana":"おだきゅうえのしません",
  "station_size":17,
  "company_code":15,
  "closed":false,
  "color":"#2288CC",
  "symbol":"OE",
  "station_list":[
    {"code":2500128,"id":"dc69a7","name":"相模大野","original_name":"相模大野","name_kana":"さがみおおの","closed":false,"lat":35.532208,"lng":139.437836,"prefecture":14,"numbering":["OH28"],"lines":[25001,25002],"attr":"cool","postal_code":"252-0303","address":"相模原市南区相模大野三丁目8番1号","voronoi":{"type":"Feature","geometry":{"type":"Polygon","coordinates":[[[139.453559,35.527738],[139.430666,35.545834],[139.417208,35.535289],[139.428199,35.525463],[139.453559,35.527738]]]},"properties":{}}},
    {"code":2500202,"id":"c5b9c2","name":"東林間","original_name":"東林間","name_kana":"ひがしりんかん","closed":false,"lat":35.520541,"lng":139.438883,"prefecture":14,"numbering":["OE01"],"lines":[25002],"attr":"heat","postal_code":"252-0302","address":"相模原市南区上鶴間七丁目7番1号","voronoi":{"type":"Feature","geometry":{"type":"Polygon","coordinates":[[[139.453559,35.527738],[139.428199,35.525463],[139.433068,35.510776],[139.449924,35.517832],[139.454746,35.527368],[139.453559,35.527738]]]},"properties":{}}},
    {"code":2500203,"id":"f2c7c5","name":"中央林間","original_name":"中央林間","name_kana":"ちゅうおうりんかん","closed":false,"lat":35.508066,"lng":139.444105,"prefecture":14,"numbering":["OE02"],"lines":[25002,26003],"attr":"heat","postal_code":"242-0007","address":"大和市中央林間３-３-８","voronoi":{"type":"Feature","geometry":{"type":"Polygon","coordinates":[[[139.428365,35.496448],[139.433068,35.510776],[139.449924,35.517832],[139.45232,35.503778],[139.428365,35.496448]]]},"properties":{}}},
    {"code":2500204,"id":"906598","name":"南林間","original_name":"南林間","name_kana":"みなみりんかん","closed":false,"lat":35.495627,"lng":139.447911,"prefecture":14,"numbering":["OE03"],"lines":[25002],"attr":"heat","postal_code":"242-0006","address":"大和市南林間１-６-１１","voronoi":{"type":"Feature","geometry":{"type":"Polygon","coordinates":[[[139.45232,35.503778],[139.428365,35.496448],[139.428082,35.49608],[139.4277,35.491978],[139.435514,35.485875],[139.459591,35.498544],[139.45232,35.503778]]]},"properties":{}}},
    {"code":2500205,"id":"00d737","name":"鶴間","original_name":"鶴間","name_kana":"つるま","closed":false,"lat":35.49057,"lng":139.450572,"prefecture":14,"numbering":["OE04"],"lines":[25002],"attr":"heat","postal_code":"242-0005","address":"大和市西鶴間１-１-１","voronoi":{"type":"Feature","geometry":{"type":"Polygon","coordinates":[[[139.46571,35.496069],[139.472407,35.489752],[139.471406,35.488164],[139.451778,35.477861],[139.436095,35.48522],[139.435514,35.485875],[139.459591,35.498544],[139.46571,35.496069]]]},"properties":{}}},
    {"code":2500206,"id":"9f87c8","name":"大和(神奈川)","original_name":"大和","name_kana":"やまと","closed":false,"lat":35.46965,"lng":139.461553,"prefecture":14,"numbering":["OE05"],"lines":[25002,29001],"attr":"eco","postal_code":"242-0016","address":"大和市大和南１-１-１","voronoi":{"type":"Feature","geometry":{"type":"Polygon","coordinates":[[[139.450747,35.457254],[139.451778,35.477861],[139.471406,35.488164],[139.472356,35.461969],[139.450747,35.457254]]]},"properties":{}}},
    {"code":2500207,"id":"63c8cc","name":"桜ヶ丘","original_name":"桜ヶ丘","name_kana":"さくらがおか","closed":false,"lat":35.450486,"lng":139.465734,"prefecture":14,"numbering":["OE06"],"lines":[25002],"attr":"eco","postal_code":"242-0024","address":"神奈川県大和市福田","voronoi":{"type":"Feature","geometry":{"type":"Polygon","coordinates":[[[139.438841,35.442798],[139.450747,35.457254],[139.472356,35.461969],[139.487207,35.449418],[139.480989,35.440734],[139.438841,35.442798]]]},"properties":{}}},
    {"code":2500208,"id":"2ce4a2","name":"高座渋谷","original_name":"高座渋谷","name_kana":"こうざしぶや","closed":false,"lat":35.432519,"lng":139.464854,"prefecture":14,"numbering":["OE07"],"lines":[25002],"attr":"eco","postal_code":"242-0024","address":"大和市福田２０１９","voronoi":{"type":"Feature","geometry":{"type":"Polygon","coordinates":[[[139.480989,35.440734],[139.438841,35.442798],[139.433095,35.43924],[139.421583,35.422758],[139.421612,35.422549],[139.421906,35.421582],[139.475177,35.422794],[139.479774,35.428808],[139.480989,35.440734]]]},"properties":{}}},
    {"code":2500209,"id":"129fc7","name":"長後","original_name":"長後","name_kana":"ちょうご","closed":false,"lat":35.41261,"lng":139.465307,"prefecture":14,"numbering":["OE08"],"lines":[25002],"attr":"eco","postal_code":"252-0807","address":"藤沢市下土棚４７２","voronoi":{"type":"Feature","geometry":{"type":"Polygon","coordinates":[[[139.423283,35.401526],[139.421906,35.421582],[139.475177,35.422794],[139.476191,35.414769],[139.472034,35.404986],[139.423283,35.401526]]]},"properties":{}}},
    {"code":2500210,"id":"23d860","name":"湘南台","original_name":"湘南台","name_kana":"しょうなんだい","closed":false,"lat":35.396488,"lng":139.466451,"prefecture":14,"numbering":["OE09"],"lines":[25002,29002,99316],"attr":"cool","postal_code":"252-0804","address":"藤沢市湘南台２-１５","voronoi":{"type":"Feature","geometry":{"type":"Polygon","coordinates":[[[139.423283,35.401526],[139.422456,35.394573],[139.422458,35.39446],[139.432288,35.378115],[139.477692,35.393149],[139.474689,35.400316],[139.472034,35.404986],[139.423283,35.401526]]]},"properties":{}}},
    {"code":2500211,"id":"a3d31b","name":"六会日大前","original_name":"六会日大前","name_kana":"むつあいにちだいまえ","closed":false,"lat":35.383761,"lng":139.470665,"prefecture":14,"numbering":["OE10"],"lines":[25002],"attr":"cool","postal_code":"252-0813","address":"藤沢市亀井野１-１-１","voronoi":{"type":"Feature","geometry":{"type":"Polygon","coordinates":[[[139.502522,35.377389],[139.477692,35.393149],[139.432288,35.378115],[139.434416,35.372592],[139.440564,35.369504],[139.502689,35.377033],[139.502522,35.377389]]]},"properties":{}}},
    {"code":2500212,"id":"0515ba","name":"善行","original_name":"善行","name_kana":"ぜんぎょう","closed":false,"lat":35.36285,"lng":139.473199,"prefecture":14,"numbering":["OE11"],"lines":[25002],"attr":"cool","postal_code":"251-0871","address":"藤沢市善行１-２７","voronoi":{"type":"Feature","geometry":{"type":"Polygon","coordinates":[[[139.503165,35.364343],[139.504855,35.374777],[139.502689,35.377033],[139.440564,35.369504],[139.457764,35.352245],[139.494832,35.359443],[139.503165,35.364343]]]},"properties":{}}},
    {"code":2500213,"id":"3c30ee","name":"藤沢本町","original_name":"藤沢本町","name_kana":"ふじさわほんまち","closed":false,"lat":35.348188,"lng":139.476046,"prefecture":14,"numbering":["OE12"],"lines":[25002],"attr":"cool","postal_code":"251-0052","address":"藤沢市藤沢３-３-４","voronoi":{"type":"Feature","geometry":{"type":"Polygon","coordinates":[[[139.457764,35.352245],[139.462504,35.34015],[139.47838,35.33956],[139.494832,35.359443],[139.457764,35.352245]]]},"properties":{}}},
    {"code":1130108,"id":"c75cd8","name":"藤沢","original_name":"藤沢","name_kana":"ふじさわ","closed":false,"lat":35.338882,"lng":139.487293,"prefecture":14,"numbering":["OE13"],"lines":[11301,25002,99320],"attr":"cool","postal_code":"251-0052","address":"藤沢市藤沢","voronoi":{"type":"Feature","geometry":{"type":"Polygon","coordinates":[[[139.499344,35.33221],[139.503012,35.335421],[139.50524,35.347125],[139.505539,35.357207],[139.503165,35.364343],[139.494832,35.359443],[139.47838,35.33956],[139.479736,35.337483],[139.499344,35.33221]]]},"properties":{}}},
    {"code":2500215,"id":"4f2a4c","name":"本鵠沼","original_name":"本鵠沼","name_kana":"ほんくげぬま","closed":false,"lat":35.331129,"lng":139.475412,"prefecture":14,"numbering":["OE14"],"lines":[25002],"attr":"cool","postal_code":"251-0028","address":"藤沢市本鵠沼２-１３-１４","voronoi":{"type":"Feature","geometry":{"type":"Polygon","coordinates":[[[139.479215,35.32643],[139.480697,35.330267],[139.479736,35.337483],[139.47838,35.33956],[139.462504,35.34015],[139.460666,35.331053],[139.47671,35.324561],[139.479215,35.32643]]]},"properties":{}}},
    {"code":2500216,"id":"63d012","name":"鵠沼海岸","original_name":"鵠沼海岸","name_kana":"くげぬまかいがん","closed":false,"lat":35.320744,"lng":139.47121,"prefecture":14,"numbering":["OE15"],"lines":[25002],"attr":"cool","postal_code":"251-0037","address":"藤沢市鵠沼海岸２-４-１０","voronoi":{"type":"Feature","geometry":{"type":"Polygon","coordinates":[[[139.477132,35.317705],[139.474879,35.312789],[139.429967,35.266596],[139.433738,35.290745],[139.460666,35.331053],[139.47671,35.324561],[139.477132,35.317705]]]},"properties":{}}},
    {"code":2500217,"id":"919844","name":"片瀬江ノ島","original_name":"片瀬江ノ島","name_kana":"かたせえのしま","closed":false,"lat":35.309345,"lng":139.482934,"prefecture":14,"numbering":["OE16"],"lines":[25002],"attr":"cool","postal_code":"251-0035","address":"藤沢市片瀬海岸２-１５-３","voronoi":{"type":"Feature","geometry":{"type":"Polygon","coordinates":[[[139.466286,35.138805],[139.395251,35.057832],[139.396283,35.147364],[139.429967,35.266596],[139.474879,35.312789],[139.48454,35.312185],[139.487583,35.303657],[139.480169,35.231119],[139.466286,35.138805]]]},"properties":{}}}
  ]
}