{
  "code":26007,
  "id":"0477d1",
  "name":"東急世田谷線",
  "name_kana":"とうきゅうせたがやせん",
  "station_size":10,
  "company_code":16,
  "closed":false,
  "color":"#FCC70D",
  "symbol":"SG",
  "station_list":[
    {"code":2600303,"id":"ad40c9","name":"三軒茶屋","original_name":"三軒茶屋","name_kana":"さんげんちゃや","closed":false,"lat":35.643716,"lng":139.670156,"prefecture":13,"numbering":["SG01"],"lines":[26003,26007],"attr":"cool","postal_code":"154-0004","address":"世田谷区太子堂４-２１-１","voronoi":{"type":"Feature","geometry":{"type":"Polygon","coordinates":[[[139.679804,35.638386],[139.673675,35.632202],[139.66688,35.637808],[139.670085,35.652396],[139.675179,35.651394],[139.680476,35.640499],[139.679804,35.638386]]]},"properties":{}}},
    {"code":2600702,"id":"90e179","name":"西太子堂","original_name":"西太子堂","name_kana":"にしたいしどう","closed":false,"lat":35.644545,"lng":139.666382,"prefecture":13,"numbering":["SG02"],"lines":[26007],"attr":"eco","postal_code":"154-0004","address":"世田谷区太子堂４-１０-３","voronoi":{"type":"Feature","geometry":{"type":"Polygon","coordinates":[[[139.661995,35.639873],[139.664518,35.651634],[139.668388,35.652988],[139.668783,35.652976],[139.670085,35.652396],[139.66688,35.637808],[139.661995,35.639873]]]},"properties":{}}},
    {"code":2600703,"id":"3ce792","name":"若林(東京)","original_name":"若林","name_kana":"わかやばし","closed":false,"lat":35.645933,"lng":139.659911,"prefecture":13,"numbering":["SG03"],"lines":[26007],"attr":"eco","postal_code":"154-0023","address":"世田谷区若林４-３-１５","voronoi":{"type":"Feature","geometry":{"type":"Polygon","coordinates":[[[139.655376,35.650111],[139.659833,35.639562],[139.661995,35.639873],[139.664518,35.651634],[139.658999,35.652367],[139.655376,35.650111]]]},"properties":{}}},
    {"code":2600704,"id":"a6352d","name":"松陰神社前","original_name":"松陰神社前","name_kana":"しょういんじんじゃまえ","closed":false,"lat":35.643947,"lng":139.655211,"prefecture":13,"numbering":["SG04"],"lines":[26007],"attr":"eco","postal_code":"154-0023","address":"世田谷区若林４-２１-１６","voronoi":{"type":"Feature","geometry":{"type":"Polygon","coordinates":[[[139.655376,35.650111],[139.652541,35.649739],[139.653791,35.635818],[139.659833,35.639562],[139.655376,35.650111]]]},"properties":{}}},
    {"code":2600705,"id":"79afb9","name":"世田谷","original_name":"世田谷","name_kana":"せたがや","closed":false,"lat":35.643564,"lng":139.650945,"prefecture":13,"numbering":["SG05"],"lines":[26007],"attr":"eco","postal_code":"154-0017","address":"世田谷区世田谷４-９-６","voronoi":{"type":"Feature","geometry":{"type":"Polygon","coordinates":[[[139.650262,35.649068],[139.64867,35.646644],[139.648486,35.637292],[139.652985,35.63496],[139.653791,35.635818],[139.652541,35.649739],[139.652325,35.649786],[139.650262,35.649068]]]},"properties":{}}},
    {"code":2600706,"id":"73a799","name":"上町","original_name":"上町","name_kana":"かみまち","closed":false,"lat":35.643656,"lng":139.646276,"prefecture":13,"numbering":["SG06"],"lines":[26007],"attr":"eco","postal_code":"154-0017","address":"世田谷区世田谷３-４-３","voronoi":{"type":"Feature","geometry":{"type":"Polygon","coordinates":[[[139.64867,35.646644],[139.638013,35.642948],[139.635165,35.638955],[139.648486,35.637292],[139.64867,35.646644]]]},"properties":{}}},
    {"code":2600707,"id":"1910fc","name":"宮の坂","original_name":"宮の坂","name_kana":"みやのさか","closed":false,"lat":35.647508,"lng":139.64494,"prefecture":13,"numbering":["SG07"],"lines":[26007],"attr":"heat","postal_code":"156-0051","address":"世田谷区宮坂１-２４-７","voronoi":{"type":"Feature","geometry":{"type":"Polygon","coordinates":[[[139.638013,35.642948],[139.64867,35.646644],[139.650262,35.649068],[139.6468,35.65041],[139.641435,35.651738],[139.638013,35.642948]]]},"properties":{}}},
    {"code":2600708,"id":"bd2d9e","name":"山下(東京)","original_name":"山下","name_kana":"やました","closed":false,"lat":35.653844,"lng":139.646509,"prefecture":13,"numbering":["SG08"],"lines":[26007],"attr":"heat","postal_code":"154-0021","address":"世田谷区豪徳寺１-４４-５","voronoi":{"type":"Feature","geometry":{"type":"Polygon","coordinates":[[[139.6468,35.65041],[139.647167,35.659063],[139.640719,35.654377],[139.641435,35.651738],[139.6468,35.65041]]]},"properties":{}}},
    {"code":2600709,"id":"01db2e","name":"松原(東京)","original_name":"松原","name_kana":"まつばら","closed":false,"lat":35.660048,"lng":139.642,"prefecture":13,"numbering":["SG09"],"lines":[26007],"attr":"heat","postal_code":"156-0043","address":"世田谷区松原４-１０-８","voronoi":{"type":"Feature","geometry":{"type":"Polygon","coordinates":[[[139.648596,35.660294],[139.647167,35.659063],[139.640719,35.654377],[139.633362,35.659257],[139.635658,35.662479],[139.646969,35.663643],[139.648633,35.662047],[139.648835,35.660987],[139.648596,35.660294]]]},"properties":{}}},
    {"code":2400107,"id":"65dfd5","name":"下高井戸","original_name":"下高井戸","name_kana":"しもたかいど","closed":false,"lat":35.66615,"lng":139.641372,"prefecture":13,"numbering":["SG10"],"lines":[24001,26007],"attr":"cool","postal_code":"156-0043","address":"世田谷区松原３-２９-１７","voronoi":{"type":"Feature","geometry":{"type":"Polygon","coordinates":[[[139.646969,35.663643],[139.635658,35.662479],[139.637085,35.671887],[139.644878,35.670841],[139.646969,35.663643]]]},"properties":{}}}
  ]
}