{
  "code":26005,
  "id":260,
  "name":"東急池上線",
  "name_kana":"とうきゅういけがみせん",
  "station_size":15,
  "company_code":16,
  "closed":false,
  "color":"#EE86A7",
  "symbol":"IK",
  "station_list":[
    {"code":1130202,"id":1280,"name":"五反田","original_name":"五反田","name_kana":"ごたんだ","closed":false,"lat":35.625974,"lng":139.723822,"prefecture":13,"numbering":["IK01"],"lines":[11302,26005,99302],"attr":"eco","postal_code":"141-0022","address":"東京都品川区東五反田一丁目26","open_date":"1911-10-15","voronoi":{"type":"Feature","geometry":{"type":"Polygon","coordinates":[[[139.72986,35.625649],[139.726151,35.622888],[139.719219,35.625644],[139.719459,35.629605],[139.722286,35.632466],[139.724184,35.632099],[139.72986,35.625649]]]},"properties":{}}},
    {"code":2600502,"id":5104,"name":"大崎広小路","original_name":"大崎広小路","name_kana":"おおさきひろこうじ","closed":false,"lat":35.622244,"lng":139.722339,"prefecture":13,"numbering":["IK02"],"lines":[26005],"attr":"eco","postal_code":"141-0032","address":"品川区大崎４-１-１","voronoi":{"type":"Feature","geometry":{"type":"Polygon","coordinates":[[[139.726151,35.622888],[139.719219,35.625644],[139.716765,35.621259],[139.71865,35.619027],[139.723178,35.615551],[139.726151,35.622888]]]},"properties":{}}},
    {"code":2600503,"id":5105,"name":"戸越銀座","original_name":"戸越銀座","name_kana":"とごしぎんざ","closed":false,"lat":35.615928,"lng":139.714862,"prefecture":13,"numbering":["IK03"],"lines":[26005],"attr":"eco","postal_code":"142-0051","address":"品川区平塚２-１６-１","voronoi":{"type":"Feature","geometry":{"type":"Polygon","coordinates":[[[139.708395,35.615323],[139.711001,35.621166],[139.716765,35.621259],[139.71865,35.619027],[139.713775,35.61288],[139.708395,35.615323]]]},"properties":{}}},
    {"code":2600504,"id":5106,"name":"荏原中延","original_name":"荏原中延","name_kana":"えばらなかのぶ","closed":false,"lat":35.610056,"lng":139.712196,"prefecture":13,"numbering":["IK04"],"lines":[26005],"attr":"eco","postal_code":"142-0053","address":"品川区中延２-８-１","voronoi":{"type":"Feature","geometry":{"type":"Polygon","coordinates":[[[139.705039,35.611741],[139.705676,35.613332],[139.708395,35.615323],[139.713775,35.61288],[139.715534,35.611228],[139.7149,35.608076],[139.708958,35.607625],[139.706057,35.609776],[139.705039,35.611741]]]},"properties":{}}},
    {"code":2600406,"id":5096,"name":"旗の台","original_name":"旗の台","name_kana":"はたのだい","closed":false,"lat":35.604923,"lng":139.702286,"prefecture":13,"numbering":["IK05"],"lines":[26004,26005],"attr":"cool","postal_code":"142-0064","address":"品川区旗の台２-１３-１","voronoi":{"type":"Feature","geometry":{"type":"Polygon","coordinates":[[[139.705039,35.611741],[139.699944,35.610003],[139.698052,35.607281],[139.697996,35.606921],[139.703582,35.597918],[139.706057,35.609776],[139.705039,35.611741]]]},"properties":{}}},
    {"code":2600506,"id":5107,"name":"長原(東京)","original_name":"長原","name_kana":"ながはら","closed":false,"lat":35.60219,"lng":139.697881,"prefecture":13,"numbering":["IK06"],"lines":[26005],"attr":"eco","postal_code":"145-0064","address":"大田区上池台１-１０-１０","voronoi":{"type":"Feature","geometry":{"type":"Polygon","coordinates":[[[139.703582,35.597918],[139.697996,35.606921],[139.693872,35.602339],[139.69755,35.592231],[139.703102,35.595151],[139.703774,35.596773],[139.703582,35.597918]]]},"properties":{}}},
    {"code":2600507,"id":5108,"name":"洗足池","original_name":"洗足池","name_kana":"せんぞくいけ","closed":false,"lat":35.599648,"lng":139.690896,"prefecture":13,"numbering":["IK07"],"lines":[26005],"attr":"eco","postal_code":"145-0065","address":"大田区東雪谷１-１-６","voronoi":{"type":"Feature","geometry":{"type":"Polygon","coordinates":[[[139.686158,35.602118],[139.689166,35.604039],[139.693872,35.602339],[139.69755,35.592231],[139.694064,35.588129],[139.692285,35.589169],[139.686158,35.602118]]]},"properties":{}}},
    {"code":2600508,"id":5109,"name":"石川台","original_name":"石川台","name_kana":"いしかわだい","closed":false,"lat":35.596888,"lng":139.685063,"prefecture":13,"numbering":["IK08"],"lines":[26005],"attr":"heat","postal_code":"145-0065","address":"大田区東雪谷２-２３-１","voronoi":{"type":"Feature","geometry":{"type":"Polygon","coordinates":[[[139.686158,35.602118],[139.683463,35.602334],[139.677984,35.599113],[139.677803,35.598787],[139.688499,35.59001],[139.692285,35.589169],[139.686158,35.602118]]]},"properties":{}}},
    {"code":2600509,"id":5110,"name":"雪が谷大塚","original_name":"雪が谷大塚","name_kana":"ゆきがやおおつか","closed":false,"lat":35.592038,"lng":139.681083,"prefecture":13,"numbering":["IK09"],"lines":[26005],"attr":"heat","postal_code":"145-0066","address":"大田区南雪谷２-２-１６","voronoi":{"type":"Feature","geometry":{"type":"Polygon","coordinates":[[[139.688499,35.59001],[139.676769,35.587613],[139.675297,35.588824],[139.674199,35.594369],[139.67503,35.596754],[139.677803,35.598787],[139.688499,35.59001]]]},"properties":{}}},
    {"code":2600510,"id":5111,"name":"御嶽山","original_name":"御嶽山","name_kana":"おんたけさん","closed":false,"lat":35.585236,"lng":139.682473,"prefecture":13,"numbering":["IK10"],"lines":[26005],"attr":"heat","postal_code":"145-0073","address":"大田区北嶺町３２-１７","voronoi":{"type":"Feature","geometry":{"type":"Polygon","coordinates":[[[139.680729,35.580498],[139.678747,35.580887],[139.676769,35.587613],[139.688499,35.59001],[139.692285,35.589169],[139.694064,35.588129],[139.694076,35.587954],[139.680729,35.580498]]]},"properties":{}}},
    {"code":2600511,"id":5112,"name":"久が原","original_name":"久が原","name_kana":"くがはら","closed":false,"lat":35.579499,"lng":139.685678,"prefecture":13,"numbering":["IK11"],"lines":[26005],"attr":"heat","postal_code":"146-0084","address":"大田区南久が原２-６-１０","voronoi":{"type":"Feature","geometry":{"type":"Polygon","coordinates":[[[139.695958,35.58277],[139.687621,35.575423],[139.684708,35.57546],[139.680729,35.580498],[139.694076,35.587954],[139.695958,35.58277]]]},"properties":{}}},
    {"code":2600512,"id":5113,"name":"千鳥町","original_name":"千鳥町","name_kana":"ちどりちょう","closed":false,"lat":35.572983,"lng":139.69142,"prefecture":13,"numbering":["IK12"],"lines":[26005],"attr":"cool","postal_code":"146-0083","address":"大田区千鳥１-２０-１","voronoi":{"type":"Feature","geometry":{"type":"Polygon","coordinates":[[[139.697033,35.571458],[139.689146,35.569803],[139.687621,35.575423],[139.695958,35.58277],[139.69782,35.580822],[139.697033,35.571458]]]},"properties":{}}},
    {"code":2600513,"id":5114,"name":"池上","original_name":"池上","name_kana":"いけがみ","closed":false,"lat":35.572025,"lng":139.702822,"prefecture":13,"numbering":["IK13"],"lines":[26005],"attr":"cool","postal_code":"146-0082","address":"大田区池上６-３-１０","voronoi":{"type":"Feature","geometry":{"type":"Polygon","coordinates":[[[139.697033,35.571458],[139.69782,35.580822],[139.716372,35.57692],[139.71481,35.57475],[139.703758,35.566696],[139.698426,35.568052],[139.697033,35.571458]]]},"properties":{}}},
    {"code":2600514,"id":5115,"name":"蓮沼","original_name":"蓮沼","name_kana":"はすぬま","closed":false,"lat":35.564173,"lng":139.708544,"prefecture":13,"numbering":["IK14"],"lines":[26005],"attr":"cool","postal_code":"144-0051","address":"大田区西蒲田７-１７-１","voronoi":{"type":"Feature","geometry":{"type":"Polygon","coordinates":[[[139.703758,35.566696],[139.706315,35.554508],[139.710775,35.556502],[139.71481,35.57475],[139.703758,35.566696]]]},"properties":{}}},
    {"code":1133230,"id":1793,"name":"蒲田","original_name":"蒲田","name_kana":"かまた","closed":false,"lat":35.562517,"lng":139.716032,"prefecture":13,"numbering":["IK15"],"lines":[11332,26005,26006],"attr":"cool","postal_code":"144-0052","address":"大田区蒲田５丁目","voronoi":{"type":"Feature","geometry":{"type":"Polygon","coordinates":[[[139.716372,35.57692],[139.71481,35.57475],[139.710775,35.556502],[139.718556,35.555877],[139.721163,35.567464],[139.717613,35.577435],[139.716372,35.57692]]]},"properties":{}}}
  ]
}