{
  "code":26009,
  "id":"8e20ba",
  "name":"東急新横浜線",
  "name_kana":"とうきゅうしんよこはません",
  "station_size":3,
  "company_code":16,
  "closed":false,
  "color":"#6F1585",
  "symbol":"SH",
  "station_list":[
    {"code":100203,"id":"659bd9","name":"新横浜","original_name":"新横浜","name_kana":"しんよこはま","closed":false,"lat":35.506824,"lng":139.617348,"prefecture":14,"numbering":["SH01"],"lines":[1002,11306,26009,29003,99316],"attr":"cool","postal_code":"222-0026","address":"横浜市港北区篠原町","voronoi":{"type":"Feature","geometry":{"type":"Polygon","coordinates":[[[139.607983,35.501673],[139.60887,35.510786],[139.622078,35.515593],[139.625085,35.502435],[139.624478,35.50124],[139.607983,35.501673]]]},"properties":{}}},
    {"code":2600902,"id":"0de5b1","name":"新綱島","original_name":"新綱島","name_kana":"しんつなしま","closed":false,"lat":35.536788,"lng":139.636074,"prefecture":14,"numbering":["SH02"],"lines":[26009],"attr":"eco","postal_code":"223-0052","address":"神奈川県横浜市港北区綱島東１丁目８-１１","open_date":"2023-03-18","voronoi":{"type":"Feature","geometry":{"type":"Polygon","coordinates":[[[139.654435,35.520229],[139.634681,35.52885],[139.636176,35.543598],[139.642379,35.544791],[139.65768,35.535072],[139.658621,35.53285],[139.658986,35.52665],[139.654435,35.520229]]]},"properties":{}}},
    {"code":2600113,"id":"b16830","name":"日吉(神奈川)","original_name":"日吉","name_kana":"ひよし","closed":false,"lat":35.5539,"lng":139.646944,"prefecture":14,"numbering":["SH03"],"lines":[26001,26002,26009,99343],"attr":"eco","postal_code":"223-0061","address":"横浜市港北区日吉２-１-１","voronoi":{"type":"Feature","geometry":{"type":"Polygon","coordinates":[[[139.640047,35.566843],[139.636039,35.565924],[139.642379,35.544791],[139.65768,35.535072],[139.659331,35.554218],[139.640047,35.566843]]]},"properties":{}}}
  ]
}