{
  "code":27001,
  "id":264,
  "name":"京急本線",
  "name_kana":"けいきゅうほんせん",
  "station_size":50,
  "company_code":17,
  "closed":false,
  "color":"#00BFFF",
  "symbol":"KK",
  "station_list":[
    {"code":2700101,"id":5131,"name":"泉岳寺","original_name":"泉岳寺","name_kana":"せんがくじ","closed":false,"lat":35.638692,"lng":139.74002,"prefecture":13,"numbering":["A07"],"lines":[27001,99302],"attr":"eco","postal_code":"108-0074","address":"港区高輪２-１６-３４","voronoi":{"type":"Feature","geometry":{"type":"Polygon","coordinates":[[[139.734728,35.635787],[139.734108,35.636647],[139.74055,35.645697],[139.747139,35.63863],[139.734728,35.635787]]]},"properties":{}}},
    {"code":100202,"id":1260,"name":"品川","original_name":"品川","name_kana":"しながわ","closed":false,"lat":35.62876,"lng":139.738999,"prefecture":13,"numbering":["KK01"],"lines":[1002,11301,11302,11308,11328,11332,27001],"attr":"eco","postal_code":"108-0074","address":"東京都港区高輪三丁目26-27","open_date":"1872-06-12","voronoi":{"type":"Feature","geometry":{"type":"Polygon","coordinates":[[[139.733042,35.625425],[139.744812,35.625783],[139.747046,35.630241],[139.73566,35.633222],[139.733042,35.625425]]]},"properties":{}}},
    {"code":2700103,"id":5132,"name":"北品川","original_name":"北品川","name_kana":"きたしながわ","closed":false,"lat":35.622458,"lng":139.739191,"prefecture":13,"numbering":["KK02"],"lines":[27001],"attr":"eco","postal_code":"140-0001","address":"品川区北品川１-１-４","voronoi":{"type":"Feature","geometry":{"type":"Polygon","coordinates":[[[139.744812,35.625783],[139.733042,35.625425],[139.732797,35.625189],[139.734709,35.617535],[139.744954,35.622141],[139.744812,35.625783]]]},"properties":{}}},
    {"code":2700104,"id":5133,"name":"新馬場","original_name":"新馬場","name_kana":"しんばんば","closed":false,"lat":35.61762,"lng":139.741366,"prefecture":13,"numbering":["KK03"],"lines":[27001],"attr":"eco","postal_code":"140-0001","address":"品川区北品川２-１８-１","voronoi":{"type":"Feature","geometry":{"type":"Polygon","coordinates":[[[139.748534,35.61584],[139.74694,35.614405],[139.737107,35.612512],[139.734155,35.614205],[139.734709,35.617535],[139.744954,35.622141],[139.748534,35.61584]]]},"properties":{}}},
    {"code":2700105,"id":5134,"name":"青物横丁","original_name":"青物横丁","name_kana":"あおものよこちょう","closed":false,"lat":35.609351,"lng":139.742958,"prefecture":13,"numbering":["KK04"],"lines":[27001],"attr":"eco","postal_code":"140-0004","address":"品川区南品川３-１-２０","voronoi":{"type":"Feature","geometry":{"type":"Polygon","coordinates":[[[139.74596,35.606601],[139.74694,35.614405],[139.737107,35.612512],[139.738914,35.607779],[139.74596,35.606601]]]},"properties":{}}},
    {"code":2700106,"id":5135,"name":"鮫洲","original_name":"鮫洲","name_kana":"さめず","closed":false,"lat":35.604977,"lng":139.742227,"prefecture":13,"numbering":["KK05"],"lines":[27001],"attr":"eco","postal_code":"140-0011","address":"品川区東大井１-２-２０","voronoi":{"type":"Feature","geometry":{"type":"Polygon","coordinates":[[[139.738085,35.603006],[139.744286,35.599813],[139.748302,35.601767],[139.74596,35.606601],[139.738914,35.607779],[139.738085,35.603006]]]},"properties":{}}},
    {"code":2700107,"id":5136,"name":"立会川","original_name":"立会川","name_kana":"たちあいがわ","closed":false,"lat":35.598489,"lng":139.738886,"prefecture":13,"numbering":["KK06"],"lines":[27001],"attr":"eco","postal_code":"140-0011","address":"品川区東大井２-２３-１","voronoi":{"type":"Feature","geometry":{"type":"Polygon","coordinates":[[[139.744286,35.599813],[139.738085,35.603006],[139.730088,35.598851],[139.729888,35.597749],[139.732868,35.594389],[139.740902,35.591852],[139.744286,35.599813]]]},"properties":{}}},
    {"code":2700108,"id":5137,"name":"大森海岸","original_name":"大森海岸","name_kana":"おおもりかいがん","closed":false,"lat":35.587576,"lng":139.73544,"prefecture":13,"numbering":["KK07"],"lines":[27001],"attr":"heat","postal_code":"140-0013","address":"品川区南大井３-３２-１","voronoi":{"type":"Feature","geometry":{"type":"Polygon","coordinates":[[[139.730884,35.583384],[139.741374,35.582759],[139.743498,35.587785],[139.740902,35.591852],[139.732868,35.594389],[139.730884,35.583384]]]},"properties":{}}},
    {"code":2700109,"id":5138,"name":"平和島","original_name":"平和島","name_kana":"へいわじま","closed":false,"lat":35.57868,"lng":139.73491,"prefecture":13,"numbering":["KK08"],"lines":[27001],"attr":"heat","postal_code":"143-0016","address":"大田区大森北６-１３-１１","voronoi":{"type":"Feature","geometry":{"type":"Polygon","coordinates":[[[139.730884,35.583384],[139.725009,35.579458],[139.741025,35.572069],[139.742969,35.575707],[139.741374,35.582759],[139.730884,35.583384]]]},"properties":{}}},
    {"code":2700110,"id":5139,"name":"大森町","original_name":"大森町","name_kana":"おおもりまち","closed":false,"lat":35.572431,"lng":139.732027,"prefecture":13,"numbering":["KK09"],"lines":[27001],"attr":"heat","postal_code":"143-0015","address":"大田区大森西３-２４-７","voronoi":{"type":"Feature","geometry":{"type":"Polygon","coordinates":[[[139.725009,35.579458],[139.718102,35.577803],[139.738963,35.563686],[139.74024,35.564156],[139.741025,35.572069],[139.725009,35.579458]]]},"properties":{}}},
    {"code":2700111,"id":5140,"name":"梅屋敷(東京)","original_name":"梅屋敷","name_kana":"うめやしき","closed":false,"lat":35.566873,"lng":139.728266,"prefecture":13,"numbering":["KK10"],"lines":[27001],"attr":"heat","postal_code":"144-0052","address":"大田区蒲田２-２８-１","voronoi":{"type":"Feature","geometry":{"type":"Polygon","coordinates":[[[139.718102,35.577803],[139.717941,35.577801],[139.717613,35.577435],[139.721163,35.567464],[139.729994,35.560801],[139.736097,35.561469],[139.738963,35.563686],[139.718102,35.577803]]]},"properties":{}}},
    {"code":2700112,"id":5141,"name":"京急蒲田","original_name":"京急蒲田","name_kana":"けいきゅうかまた","closed":false,"lat":35.560796,"lng":139.723681,"prefecture":13,"numbering":["KK11"],"lines":[27001,27002],"attr":"cool","postal_code":"144-0052","address":"大田区蒲田４-５０-１０","voronoi":{"type":"Feature","geometry":{"type":"Polygon","coordinates":[[[139.721952,35.553216],[139.718556,35.555877],[139.721163,35.567464],[139.729994,35.560801],[139.721952,35.553216]]]},"properties":{}}},
    {"code":2700113,"id":5142,"name":"雑色","original_name":"雑色","name_kana":"ぞうしき","closed":false,"lat":35.549725,"lng":139.715005,"prefecture":13,"numbering":["KK18"],"lines":[27001],"attr":"cool","postal_code":"144-0055","address":"大田区仲六郷２-４２-１","voronoi":{"type":"Feature","geometry":{"type":"Polygon","coordinates":[[[139.703597,35.551388],[139.706315,35.554508],[139.710775,35.556502],[139.718556,35.555877],[139.721952,35.553216],[139.724385,35.54577],[139.722692,35.544448],[139.716335,35.54195],[139.714981,35.542173],[139.703597,35.551388]]]},"properties":{}}},
    {"code":2700114,"id":5143,"name":"六郷土手","original_name":"六郷土手","name_kana":"ろくごうどて","closed":false,"lat":35.540577,"lng":139.7076,"prefecture":13,"numbering":["KK19"],"lines":[27001],"attr":"cool","postal_code":"144-0055","address":"大田区仲六郷４-２７-１１","voronoi":{"type":"Feature","geometry":{"type":"Polygon","coordinates":[[[139.706598,35.534672],[139.693826,35.545759],[139.693723,35.548135],[139.703597,35.551388],[139.714981,35.542173],[139.706598,35.534672]]]},"properties":{}}},
    {"code":2700115,"id":5144,"name":"京急川崎","original_name":"京急川崎","name_kana":"けいきゅうかわさき","closed":false,"lat":35.53285,"lng":139.700893,"prefecture":14,"numbering":["KK20"],"lines":[27001,27003],"attr":"cool","postal_code":"210-0006","address":"川崎市川崎区砂子１-３-１","voronoi":{"type":"Feature","geometry":{"type":"Polygon","coordinates":[[[139.693487,35.544707],[139.702243,35.525318],[139.707731,35.524737],[139.708411,35.524887],[139.706598,35.534672],[139.693826,35.545759],[139.693487,35.544707]]]},"properties":{}}},
    {"code":1130326,"id":1329,"name":"八丁畷","original_name":"八丁畷","name_kana":"はっちょうなわて","closed":false,"lat":35.523071,"lng":139.691446,"prefecture":14,"numbering":["KK27"],"lines":[11303,27001],"attr":"cool","postal_code":"210-0022","address":"川崎市川崎区池田１丁目","voronoi":{"type":"Feature","geometry":{"type":"Polygon","coordinates":[[[139.697871,35.524695],[139.692947,35.516649],[139.684749,35.524172],[139.690896,35.529807],[139.697871,35.524695]]]},"properties":{}}},
    {"code":2700117,"id":5145,"name":"鶴見市場","original_name":"鶴見市場","name_kana":"つるみいちば","closed":false,"lat":35.517594,"lng":139.68642,"prefecture":14,"numbering":["KK28"],"lines":[27001],"attr":"cool","postal_code":"230-0025","address":"横浜市鶴見区市場大和町７-１","voronoi":{"type":"Feature","geometry":{"type":"Polygon","coordinates":[[[139.693344,35.508627],[139.692947,35.516649],[139.684749,35.524172],[139.672991,35.522245],[139.681345,35.512918],[139.688797,35.506796],[139.689663,35.506916],[139.693344,35.508627]]]},"properties":{}}},
    {"code":2700118,"id":5146,"name":"京急鶴見","original_name":"京急鶴見","name_kana":"けいきゅうつるみ","closed":false,"lat":35.507032,"lng":139.677743,"prefecture":14,"numbering":["KK29"],"lines":[27001],"attr":"cool","postal_code":"230-0051","address":"横浜市鶴見区鶴見中央１-３０-２２","voronoi":{"type":"Feature","geometry":{"type":"Polygon","coordinates":[[[139.686566,35.504478],[139.688797,35.506796],[139.681345,35.512918],[139.674409,35.504713],[139.680841,35.50249],[139.686566,35.504478]]]},"properties":{}}},
    {"code":2700119,"id":5147,"name":"花月総持寺","original_name":"花月総持寺","name_kana":"かげつそうじじ","closed":false,"lat":35.500358,"lng":139.672813,"prefecture":14,"numbering":["KK30"],"lines":[27001],"attr":"cool","postal_code":"230-0052","address":"横浜市鶴見区生麦５-１-３","voronoi":{"type":"Feature","geometry":{"type":"Polygon","coordinates":[[[139.675273,35.494298],[139.674628,35.492682],[139.659006,35.510783],[139.673497,35.504778],[139.675273,35.494298]]]},"properties":{}}},
    {"code":2700120,"id":5148,"name":"生麦","original_name":"生麦","name_kana":"なまむぎ","closed":false,"lat":35.4956,"lng":139.6673,"prefecture":14,"numbering":["KK31"],"lines":[27001],"attr":"cool","postal_code":"230-0052","address":"横浜市鶴見区生麦３-１-３５","voronoi":{"type":"Feature","geometry":{"type":"Polygon","coordinates":[[[139.674628,35.492682],[139.659006,35.510783],[139.653648,35.514487],[139.65602,35.499031],[139.67687,35.470463],[139.674628,35.492682]]]},"properties":{}}},
    {"code":2700121,"id":5149,"name":"京急新子安","original_name":"京急新子安","name_kana":"けいきゅうしんこやす","closed":false,"lat":35.487242,"lng":139.655848,"prefecture":14,"numbering":["KK32"],"lines":[27001],"attr":"cool","postal_code":"221-0021","address":"横浜市神奈川区子安通３-２８９","voronoi":{"type":"Feature","geometry":{"type":"Polygon","coordinates":[[[139.677579,35.461891],[139.677743,35.468193],[139.67687,35.470463],[139.65602,35.499031],[139.653973,35.495219],[139.659138,35.464114],[139.677579,35.461891]]]},"properties":{}}},
    {"code":2700122,"id":5150,"name":"子安","original_name":"子安","name_kana":"こやす","closed":false,"lat":35.484556,"lng":139.644965,"prefecture":14,"numbering":["KK33"],"lines":[27001],"attr":"cool","postal_code":"221-0021","address":"横浜市神奈川区子安通１-４６","voronoi":{"type":"Feature","geometry":{"type":"Polygon","coordinates":[[[139.653762,35.465065],[139.638433,35.489683],[139.649353,35.487835],[139.655196,35.464976],[139.653762,35.465065]]]},"properties":{}}},
    {"code":2700123,"id":5151,"name":"神奈川新町","original_name":"神奈川新町","name_kana":"かながわしんまち","closed":false,"lat":35.481559,"lng":139.640152,"prefecture":14,"numbering":["KK34"],"lines":[27001],"attr":"cool","postal_code":"221-0041","address":"横浜市神奈川区亀住町１９-１","voronoi":{"type":"Feature","geometry":{"type":"Polygon","coordinates":[[[139.63714,35.490358],[139.635809,35.488314],[139.634914,35.483399],[139.635976,35.481382],[139.647559,35.466067],[139.651154,35.464881],[139.653762,35.465065],[139.638433,35.489683],[139.6372,35.490382],[139.63714,35.490358]]]},"properties":{}}},
    {"code":2700124,"id":5152,"name":"京急東神奈川","original_name":"京急東神奈川","name_kana":"けいきゅうひがしかながわ","closed":false,"lat":35.477412,"lng":139.634669,"prefecture":14,"numbering":["KK35"],"lines":[27001],"attr":"cool","postal_code":"221-0044","address":"横浜市神奈川区東神奈川１-１１-５","voronoi":{"type":"Feature","geometry":{"type":"Polygon","coordinates":[[[139.647559,35.466067],[139.635976,35.481382],[139.631812,35.473406],[139.636899,35.467323],[139.647559,35.466067]]]},"properties":{}}},
    {"code":2700125,"id":5153,"name":"神奈川","original_name":"神奈川","name_kana":"かながわ","closed":false,"lat":35.471304,"lng":139.627364,"prefecture":14,"numbering":["KK36"],"lines":[27001],"attr":"cool","postal_code":"221-0057","address":"横浜市神奈川区青木町１-１","voronoi":{"type":"Feature","geometry":{"type":"Polygon","coordinates":[[[139.629915,35.475125],[139.622707,35.470872],[139.627428,35.466566],[139.633435,35.466013],[139.636899,35.467323],[139.631812,35.473406],[139.629915,35.475125]]]},"properties":{}}},
    {"code":1130105,"id":1262,"name":"横浜","original_name":"横浜","name_kana":"よこはま","closed":false,"lat":35.466195,"lng":139.622704,"prefecture":14,"numbering":["KK37"],"lines":[11301,11307,11308,11328,11332,11333,26001,27001,29001,99310,99316],"attr":"cool","postal_code":"220-0011","address":"横浜市西区高島２丁目","voronoi":{"type":"Feature","geometry":{"type":"Polygon","coordinates":[[[139.614755,35.468292],[139.621,35.462082],[139.622626,35.462303],[139.627428,35.466566],[139.622707,35.470872],[139.619443,35.471878],[139.614755,35.468292]]]},"properties":{}}},
    {"code":2700127,"id":5154,"name":"戸部","original_name":"戸部","name_kana":"とべ","closed":false,"lat":35.456631,"lng":139.61956,"prefecture":14,"numbering":["KK38"],"lines":[27001],"attr":"cool","postal_code":"220-0041","address":"横浜市西区戸部本町４８-１１","voronoi":{"type":"Feature","geometry":{"type":"Polygon","coordinates":[[[139.61402,35.455483],[139.616414,35.447376],[139.617712,35.447598],[139.624192,35.451761],[139.624281,35.451945],[139.620487,35.460108],[139.61402,35.455483]]]},"properties":{}}},
    {"code":2700128,"id":5155,"name":"日ノ出町","original_name":"日ノ出町","name_kana":"ひのでちょう","closed":false,"lat":35.445524,"lng":139.626696,"prefecture":14,"numbering":["KK39"],"lines":[27001],"attr":"cool","postal_code":"231-0066","address":"横浜市中区日ノ出町１-３１","voronoi":{"type":"Feature","geometry":{"type":"Polygon","coordinates":[[[139.617712,35.447598],[139.626301,35.441357],[139.628289,35.440902],[139.631838,35.446034],[139.624192,35.451761],[139.617712,35.447598]]]},"properties":{}}},
    {"code":2700129,"id":5156,"name":"黄金町","original_name":"黄金町","name_kana":"こがねちょう","closed":false,"lat":35.439694,"lng":139.62246,"prefecture":14,"numbering":["KK40"],"lines":[27001],"attr":"cool","postal_code":"232-0005","address":"横浜市南区白金町１-１","voronoi":{"type":"Feature","geometry":{"type":"Polygon","coordinates":[[[139.621651,35.436455],[139.617205,35.440689],[139.615452,35.446416],[139.616414,35.447376],[139.617712,35.447598],[139.626301,35.441357],[139.621651,35.436455]]]},"properties":{}}},
    {"code":2700130,"id":5157,"name":"南太田","original_name":"南太田","name_kana":"みなみおおた","closed":false,"lat":35.436923,"lng":139.613408,"prefecture":14,"numbering":["KK41"],"lines":[27001],"attr":"cool","postal_code":"232-0006","address":"横浜市南区南太田１-２５-１","voronoi":{"type":"Feature","geometry":{"type":"Polygon","coordinates":[[[139.60575,35.44073],[139.606941,35.435697],[139.614745,35.432029],[139.617205,35.440689],[139.615452,35.446416],[139.608389,35.444421],[139.60575,35.44073]]]},"properties":{}}},
    {"code":2700131,"id":5158,"name":"井土ヶ谷","original_name":"井土ヶ谷","name_kana":"いどがや","closed":false,"lat":35.433895,"lng":139.60061,"prefecture":14,"numbering":["KK42"],"lines":[27001],"attr":"cool","postal_code":"232-0052","address":"横浜市南区井土ケ谷中町","voronoi":{"type":"Feature","geometry":{"type":"Polygon","coordinates":[[[139.60575,35.44073],[139.578169,35.438715],[139.578282,35.437319],[139.600377,35.42846],[139.604146,35.428983],[139.606941,35.435697],[139.60575,35.44073]]]},"properties":{}}},
    {"code":2700132,"id":5159,"name":"弘明寺(京浜急行電鉄)","original_name":"弘明寺","name_kana":"ぐみょうじ","closed":false,"lat":35.42437,"lng":139.596791,"prefecture":14,"numbering":["KK43"],"lines":[27001],"attr":"cool","postal_code":"232-0067","address":"横浜市南区弘明寺町267","voronoi":{"type":"Feature","geometry":{"type":"Polygon","coordinates":[[[139.600377,35.42846],[139.578282,35.437319],[139.575998,35.422053],[139.580678,35.41715],[139.59802,35.416872],[139.600377,35.42846]]]},"properties":{}}},
    {"code":2700133,"id":5160,"name":"上大岡","original_name":"上大岡","name_kana":"かみおおおか","closed":false,"lat":35.409418,"lng":139.596552,"prefecture":14,"numbering":["KK44"],"lines":[27001,99316],"attr":"heat","postal_code":"233-0002","address":"横浜市港南区上大岡西１-６-１","voronoi":{"type":"Feature","geometry":{"type":"Polygon","coordinates":[[[139.580678,35.41715],[139.582057,35.413052],[139.60153,35.400037],[139.607658,35.405599],[139.610475,35.41191],[139.59802,35.416872],[139.580678,35.41715]]]},"properties":{}}},
    {"code":2700134,"id":5161,"name":"屏風浦","original_name":"屏風浦","name_kana":"びょうぶがうら","closed":false,"lat":35.394176,"lng":139.610387,"prefecture":14,"numbering":["KK45"],"lines":[27001],"attr":"heat","postal_code":"235-0023","address":"横浜市磯子区森３-１８-６","voronoi":{"type":"Feature","geometry":{"type":"Polygon","coordinates":[[[139.598368,35.391099],[139.60153,35.400037],[139.607658,35.405599],[139.617071,35.393176],[139.614156,35.38955],[139.60531,35.384994],[139.598368,35.391099]]]},"properties":{}}},
    {"code":2700135,"id":5162,"name":"杉田(神奈川)","original_name":"杉田","name_kana":"すぎた","closed":false,"lat":35.383796,"lng":139.615734,"prefecture":14,"numbering":["KK46"],"lines":[27001],"attr":"heat","postal_code":"235-0033","address":"横浜市磯子区杉田２-１-９","voronoi":{"type":"Feature","geometry":{"type":"Polygon","coordinates":[[[139.614156,35.38955],[139.60531,35.384994],[139.610553,35.36524],[139.610611,35.365274],[139.623121,35.375572],[139.623619,35.377982],[139.614156,35.38955]]]},"properties":{}}},
    {"code":2700136,"id":5163,"name":"京急富岡","original_name":"京急富岡","name_kana":"けいきゅうとみおか","closed":false,"lat":35.366743,"lng":139.629772,"prefecture":14,"numbering":["KK47"],"lines":[27001],"attr":"heat","postal_code":"236-0052","address":"横浜市金沢区富岡西７-１-１","voronoi":{"type":"Feature","geometry":{"type":"Polygon","coordinates":[[[139.636588,35.368566],[139.634953,35.372589],[139.623121,35.375572],[139.610611,35.365274],[139.636071,35.363066],[139.636588,35.368566]]]},"properties":{}}},
    {"code":2700137,"id":5164,"name":"能見台","original_name":"能見台","name_kana":"のうけんだい","closed":false,"lat":35.360528,"lng":139.629233,"prefecture":14,"numbering":["KK48"],"lines":[27001],"attr":"heat","postal_code":"236-0053","address":"横浜市金沢区能見台通２-１","voronoi":{"type":"Feature","geometry":{"type":"Polygon","coordinates":[[[139.636071,35.363066],[139.610611,35.365274],[139.610553,35.36524],[139.607366,35.359588],[139.629195,35.350108],[139.635425,35.352342],[139.636731,35.361249],[139.636071,35.363066]]]},"properties":{}}},
    {"code":2700138,"id":5165,"name":"金沢文庫","original_name":"金沢文庫","name_kana":"かなざわぶんこ","closed":false,"lat":35.342966,"lng":139.621606,"prefecture":14,"numbering":["KK49"],"lines":[27001],"attr":"eco","postal_code":"236-0016","address":"横浜市金沢区谷津町３８４","voronoi":{"type":"Feature","geometry":{"type":"Polygon","coordinates":[[[139.603805,35.33917],[139.589748,35.346154],[139.591504,35.348626],[139.607366,35.359588],[139.629195,35.350108],[139.628795,35.343648],[139.62494,35.336603],[139.603805,35.33917]]]},"properties":{}}},
    {"code":2700139,"id":5166,"name":"金沢八景","original_name":"金沢八景","name_kana":"かなざわはっけい","closed":false,"lat":35.331223,"lng":139.62018,"prefecture":14,"numbering":["KK50"],"lines":[27001,27004,99317],"attr":"heat","postal_code":"236-0027","address":"横浜市金沢区瀬戸１５-１","voronoi":{"type":"Feature","geometry":{"type":"Polygon","coordinates":[[[139.603805,35.33917],[139.620135,35.32262],[139.625461,35.324217],[139.626057,35.334386],[139.62494,35.336603],[139.603805,35.33917]]]},"properties":{}}},
    {"code":2700140,"id":5167,"name":"追浜","original_name":"追浜","name_kana":"おっぱま","closed":false,"lat":35.315461,"lng":139.624905,"prefecture":14,"numbering":["KK54"],"lines":[27001],"attr":"heat","postal_code":"237-0064","address":"横須賀市追浜町３-３","voronoi":{"type":"Feature","geometry":{"type":"Polygon","coordinates":[[[139.612433,35.308374],[139.612787,35.307884],[139.639171,35.308512],[139.648847,35.313965],[139.625461,35.324217],[139.620135,35.32262],[139.612433,35.308374]]]},"properties":{}}},
    {"code":2700141,"id":5168,"name":"京急田浦","original_name":"京急田浦","name_kana":"けいきゅうたうら","closed":false,"lat":35.300892,"lng":139.625252,"prefecture":14,"numbering":["KK55"],"lines":[27001],"attr":"heat","postal_code":"237-0076","address":"横須賀市船越町５-２","voronoi":{"type":"Feature","geometry":{"type":"Polygon","coordinates":[[[139.612787,35.307884],[139.615917,35.27306],[139.639171,35.308512],[139.612787,35.307884]]]},"properties":{}}},
    {"code":2700142,"id":5169,"name":"安針塚","original_name":"安針塚","name_kana":"あんじんづか","closed":false,"lat":35.286641,"lng":139.64292,"prefecture":14,"numbering":["KK56"],"lines":[27001],"attr":"eco","postal_code":"237-0072","address":"横須賀市長浦町２-３２","voronoi":{"type":"Feature","geometry":{"type":"Polygon","coordinates":[[[139.608193,35.244742],[139.634423,35.260962],[139.649532,35.286048],[139.652351,35.29997],[139.615074,35.268067],[139.608193,35.244742]]]},"properties":{}}},
    {"code":2700143,"id":5170,"name":"逸見","original_name":"逸見","name_kana":"へみ","closed":false,"lat":35.28048,"lng":139.653149,"prefecture":14,"numbering":["KK57"],"lines":[27001],"attr":"eco","postal_code":"238-0045","address":"横須賀市東逸見町２-１８","voronoi":{"type":"Feature","geometry":{"type":"Polygon","coordinates":[[[139.65778,35.279747],[139.649532,35.286048],[139.634423,35.260962],[139.657501,35.268899],[139.65778,35.279747]]]},"properties":{}}},
    {"code":2700144,"id":5171,"name":"汐入","original_name":"汐入","name_kana":"しおいり","closed":false,"lat":35.280241,"lng":139.662443,"prefecture":14,"numbering":["KK58"],"lines":[27001],"attr":"heat","postal_code":"238-0042","address":"横須賀市汐入町２-４１","voronoi":{"type":"Feature","geometry":{"type":"Polygon","coordinates":[[[139.664009,35.268548],[139.657501,35.268899],[139.65778,35.279747],[139.671515,35.303678],[139.664009,35.268548]]]},"properties":{}}},
    {"code":2700145,"id":5172,"name":"横須賀中央","original_name":"横須賀中央","name_kana":"よこすかちゅうおう","closed":false,"lat":35.27858,"lng":139.670217,"prefecture":14,"numbering":["KK59"],"lines":[27001],"attr":"eco","postal_code":"238-0007","address":"横須賀市若松町２-２５","voronoi":{"type":"Feature","geometry":{"type":"Polygon","coordinates":[[[139.719568,35.329492],[139.676262,35.316205],[139.671515,35.303678],[139.664009,35.268548],[139.665521,35.267913],[139.699913,35.294404],[139.706463,35.303798],[139.719568,35.329492]]]},"properties":{}}},
    {"code":2700146,"id":5173,"name":"県立大学","original_name":"県立大学","name_kana":"けんりつだいがく","closed":false,"lat":35.269731,"lng":139.677033,"prefecture":14,"numbering":["KK60"],"lines":[27001],"attr":"eco","postal_code":"238-0012","address":"横須賀市安浦町２-２８","voronoi":{"type":"Feature","geometry":{"type":"Polygon","coordinates":[[[139.665521,35.267913],[139.674743,35.256356],[139.675578,35.256738],[139.698786,35.292022],[139.699913,35.294404],[139.665521,35.267913]]]},"properties":{}}},
    {"code":2700147,"id":5174,"name":"堀ノ内","original_name":"堀ノ内","name_kana":"ほりのうち","closed":false,"lat":35.26322,"lng":139.686932,"prefecture":14,"numbering":["KK61"],"lines":[27001,27005],"attr":"eco","postal_code":"238-0014","address":"横須賀市三春町３-４５","voronoi":{"type":"Feature","geometry":{"type":"Polygon","coordinates":[[[139.690931,35.261357],[139.68158,35.256494],[139.675578,35.256738],[139.698786,35.292022],[139.690931,35.261357]]]},"properties":{}}},
    {"code":2700148,"id":5175,"name":"京急大津","original_name":"京急大津","name_kana":"けいきゅうおおつ","closed":false,"lat":35.261068,"lng":139.695334,"prefecture":14,"numbering":["KK62"],"lines":[27001],"attr":"eco","postal_code":"239-0808","address":"横須賀市大津町１-１１-１９","voronoi":{"type":"Feature","geometry":{"type":"Polygon","coordinates":[[[139.690931,35.261357],[139.700071,35.249695],[139.706463,35.303798],[139.699913,35.294404],[139.698786,35.292022],[139.690931,35.261357]]]},"properties":{}}},
    {"code":2700149,"id":5176,"name":"馬堀海岸","original_name":"馬堀海岸","name_kana":"まぼりかいがん","closed":false,"lat":35.259651,"lng":139.707328,"prefecture":14,"numbering":["KK63"],"lines":[27001],"attr":"eco","postal_code":"239-0802","address":"横須賀市馬堀町３-２０-１","voronoi":{"type":"Feature","geometry":{"type":"Polygon","coordinates":[[[139.719568,35.329492],[139.75526,35.353693],[139.772557,35.31676],[139.773909,35.310502],[139.701698,35.246963],[139.700444,35.247268],[139.700071,35.249695],[139.706463,35.303798],[139.719568,35.329492]]]},"properties":{}}},
    {"code":2700150,"id":5177,"name":"浦賀","original_name":"浦賀","name_kana":"うらが","closed":false,"lat":35.250933,"lng":139.714999,"prefecture":14,"numbering":["KK64"],"lines":[27001],"attr":"eco","postal_code":"239-0822","address":"横須賀市浦賀町１-８６","voronoi":{"type":"Feature","geometry":{"type":"Polygon","coordinates":[[[139.763654,35.204992],[139.711352,35.239307],[139.701698,35.246963],[139.773909,35.310502],[139.788772,35.259211],[139.763654,35.204992]]]},"properties":{}}}
  ]
}