{
  "code":28003,
  "id":"14d1ab",
  "name":"東京メトロ日比谷線",
  "name_kana":"とうきょうめとろひびやせん",
  "station_size":22,
  "company_code":18,
  "closed":false,
  "color":"#9CAEB7",
  "symbol":"H",
  "station_list":[
    {"code":1132005,"id":"6a369b","name":"北千住","original_name":"北千住","name_kana":"きたせんじゅ","closed":false,"lat":35.749677,"lng":139.804872,"prefecture":13,"numbering":["H22"],"lines":[11320,21002,28003,28005,99309],"attr":"cool","postal_code":"120-0026","address":"足立区千住旭町","voronoi":{"type":"Feature","geometry":{"type":"Polygon","coordinates":[[[139.79368,35.7587],[139.798792,35.760262],[139.803745,35.7588],[139.811828,35.751839],[139.808969,35.747964],[139.799459,35.747635],[139.798004,35.749229],[139.79368,35.7587]]]},"properties":{}}},
    {"code":1132004,"id":"a02091","name":"南千住","original_name":"南千住","name_kana":"みなみせんじゅ","closed":false,"lat":35.734033,"lng":139.7994,"prefecture":13,"numbering":["H21"],"lines":[11320,28003,99309],"attr":"heat","postal_code":"116-0003","address":"荒川区南千住４丁目","voronoi":{"type":"Feature","geometry":{"type":"Polygon","coordinates":[[[139.804767,35.722639],[139.807791,35.725976],[139.809815,35.730125],[139.80987,35.733719],[139.806413,35.738027],[139.802969,35.739642],[139.794508,35.737157],[139.795871,35.731058],[139.800433,35.722871],[139.804767,35.722639]]]},"properties":{}}},
    {"code":2800303,"id":"b0682e","name":"三ノ輪","original_name":"三ノ輪","name_kana":"みのわ","closed":false,"lat":35.729623,"lng":139.791485,"prefecture":13,"numbering":["H20"],"lines":[28003],"attr":"eco","postal_code":"110-0011","address":"台東区三ノ輪２-１４-７","voronoi":{"type":"Feature","geometry":{"type":"Polygon","coordinates":[[[139.798369,35.722088],[139.791629,35.721702],[139.784027,35.727592],[139.784657,35.728189],[139.788985,35.730867],[139.795871,35.731058],[139.800433,35.722871],[139.798369,35.722088]]]},"properties":{}}},
    {"code":2800304,"id":"a6c4cd","name":"入谷(東京)","original_name":"入谷","name_kana":"いりや","closed":false,"lat":35.719862,"lng":139.783924,"prefecture":13,"numbering":["H19"],"lines":[28003],"attr":"eco","postal_code":"110-0013","address":"台東区入谷１-６-４","voronoi":{"type":"Feature","geometry":{"type":"Polygon","coordinates":[[[139.786851,35.715011],[139.78133,35.715866],[139.780049,35.717319],[139.78292,35.727778],[139.784027,35.727592],[139.791629,35.721702],[139.786851,35.715011]]]},"properties":{}}},
    {"code":100402,"id":"93946c","name":"上野","original_name":"上野","name_kana":"うえの","closed":false,"lat":35.71379,"lng":139.777043,"prefecture":13,"numbering":["H18"],"lines":[1004,1005,11302,11319,11320,11323,11332,11343,28001,28003],"attr":"heat","postal_code":"110-0005","address":"東京都台東区上野七丁目1-1","open_date":"1883-07-28","voronoi":{"type":"Feature","geometry":{"type":"Polygon","coordinates":[[[139.780049,35.717319],[139.777239,35.717674],[139.773657,35.715036],[139.773597,35.714832],[139.776972,35.710251],[139.777212,35.710141],[139.778651,35.709958],[139.78133,35.715866],[139.780049,35.717319]]]},"properties":{}}},
    {"code":2800306,"id":"72c1e6","name":"仲御徒町","original_name":"仲御徒町","name_kana":"なかおかちまち","closed":false,"lat":35.706649,"lng":139.776138,"prefecture":13,"numbering":["H17"],"lines":[28003],"attr":"eco","postal_code":"110-0005","address":"台東区上野５-２４-１２","voronoi":{"type":"Feature","geometry":{"type":"Polygon","coordinates":[[[139.779189,35.701045],[139.776161,35.70212],[139.774276,35.704388],[139.776194,35.708664],[139.777212,35.710141],[139.778651,35.709958],[139.778856,35.709673],[139.779428,35.70126],[139.779189,35.701045]]]},"properties":{}}},
    {"code":1130222,"id":"41a869","name":"秋葉原","original_name":"秋葉原","name_kana":"あきはばら","closed":false,"lat":35.698619,"lng":139.773288,"prefecture":13,"numbering":["H16"],"lines":[11302,11313,11332,28003,99309],"attr":"heat","postal_code":"101-0021","address":"東京都千代田区外神田一丁目17","open_date":"1890-11-01","voronoi":{"type":"Feature","geometry":{"type":"Polygon","coordinates":[[[139.779189,35.701045],[139.776161,35.70212],[139.77081,35.700184],[139.771145,35.695559],[139.771446,35.69508],[139.771967,35.694895],[139.779175,35.700919],[139.779189,35.701045]]]},"properties":{}}},
    {"code":2800308,"id":"0cc552","name":"小伝馬町","original_name":"小伝馬町","name_kana":"こでんまちょう","closed":false,"lat":35.690737,"lng":139.778433,"prefecture":13,"numbering":["H15"],"lines":[28003],"attr":"eco","postal_code":"103-0001","address":"中央区日本橋小伝馬町１１-１","voronoi":{"type":"Feature","geometry":{"type":"Polygon","coordinates":[[[139.775392,35.692195],[139.779018,35.694136],[139.780398,35.692064],[139.781274,35.689318],[139.777894,35.686378],[139.777666,35.686688],[139.775392,35.692195]]]},"properties":{}}},
    {"code":2800309,"id":"ab81cc","name":"人形町","original_name":"人形町","name_kana":"にんぎょうちょう","closed":false,"lat":35.686307,"lng":139.782285,"prefecture":13,"numbering":["H14"],"lines":[28003,99302],"attr":"eco","postal_code":"103-0013","address":"中央区日本橋人形町２-６-５","voronoi":{"type":"Feature","geometry":{"type":"Polygon","coordinates":[[[139.784734,35.688702],[139.785713,35.686101],[139.781833,35.68279],[139.77792,35.684151],[139.777718,35.684572],[139.777894,35.686378],[139.781274,35.689318],[139.783803,35.689107],[139.784734,35.688702]]]},"properties":{}}},
    {"code":2800310,"id":"0929eb","name":"茅場町","original_name":"茅場町","name_kana":"かやばちょう","closed":false,"lat":35.679752,"lng":139.780005,"prefecture":13,"numbering":["H13"],"lines":[28003,28004],"attr":"heat","postal_code":"103-0025","address":"中央区日本橋茅場町１-４-６","voronoi":{"type":"Feature","geometry":{"type":"Polygon","coordinates":[[[139.775898,35.678509],[139.77792,35.684151],[139.781833,35.68279],[139.786581,35.674088],[139.786342,35.673831],[139.775898,35.678509]]]},"properties":{}}},
    {"code":1132602,"id":"ea172b","name":"八丁堀(東京)","original_name":"八丁堀","name_kana":"はっちょうぼり","closed":false,"lat":35.674617,"lng":139.777705,"prefecture":13,"numbering":["H12"],"lines":[11326,28003],"attr":"heat","postal_code":"104-0032","address":"中央区八丁堀３丁目","voronoi":{"type":"Feature","geometry":{"type":"Polygon","coordinates":[[[139.775898,35.678509],[139.775171,35.678101],[139.77454,35.673662],[139.779582,35.668815],[139.786033,35.673136],[139.786342,35.673831],[139.775898,35.678509]]]},"properties":{}}},
    {"code":2800312,"id":"634af8","name":"築地","original_name":"築地","name_kana":"つきじ","closed":false,"lat":35.668115,"lng":139.772603,"prefecture":13,"numbering":["H11"],"lines":[28003],"attr":"heat","postal_code":"104-0045","address":"中央区築地３-１５-１","voronoi":{"type":"Feature","geometry":{"type":"Polygon","coordinates":[[[139.770384,35.670598],[139.769477,35.667002],[139.772112,35.662348],[139.777908,35.664664],[139.778495,35.666769],[139.770384,35.670598]]]},"properties":{}}},
    {"code":2800313,"id":"291247","name":"東銀座","original_name":"東銀座","name_kana":"ひがしぎんざ","closed":false,"lat":35.669464,"lng":139.767253,"prefecture":13,"numbering":["H10"],"lines":[28003,99302],"attr":"heat","postal_code":"104-0061","address":"中央区銀座４-１２-１５","voronoi":{"type":"Feature","geometry":{"type":"Polygon","coordinates":[[[139.770082,35.672032],[139.766494,35.671879],[139.763139,35.667511],[139.763176,35.667469],[139.769477,35.667002],[139.770384,35.670598],[139.770173,35.671964],[139.770082,35.672032]]]},"properties":{}}},
    {"code":2800111,"id":"1e31fc","name":"銀座","original_name":"銀座","name_kana":"ぎんざ","closed":false,"lat":35.671989,"lng":139.763965,"prefecture":13,"numbering":["H09"],"lines":[28001,28002,28003],"attr":"cool","postal_code":"104-0061","address":"中央区銀座４-１-２","voronoi":{"type":"Feature","geometry":{"type":"Polygon","coordinates":[[[139.765046,35.673768],[139.766494,35.671879],[139.763139,35.667511],[139.762858,35.667624],[139.760001,35.670275],[139.762309,35.673642],[139.765046,35.673768]]]},"properties":{}}},
    {"code":2800315,"id":"3a7f35","name":"日比谷","original_name":"日比谷","name_kana":"ひびや","closed":false,"lat":35.67459,"lng":139.76017,"prefecture":13,"numbering":["H08"],"lines":[28003,28005,99303],"attr":"heat","postal_code":"100-0006","address":"千代田区有楽町１丁目","voronoi":{"type":"Feature","geometry":{"type":"Polygon","coordinates":[[[139.760001,35.670275],[139.759876,35.670299],[139.755519,35.674404],[139.755478,35.674912],[139.756803,35.678998],[139.761348,35.677751],[139.762309,35.673642],[139.760001,35.670275]]]},"properties":{}}},
    {"code":2800211,"id":"53bc5a","name":"霞ケ関","original_name":"霞ケ関","name_kana":"かすみがせき","closed":false,"lat":35.673838,"lng":139.750899,"prefecture":13,"numbering":["H07"],"lines":[28002,28003,28005],"attr":"heat","postal_code":"100-0013","address":"千代田区霞が関２丁目","voronoi":{"type":"Feature","geometry":{"type":"Polygon","coordinates":[[[139.755478,35.674912],[139.755519,35.674404],[139.752831,35.671307],[139.74804,35.672726],[139.748095,35.676135],[139.755478,35.674912]]]},"properties":{}}},
    {"code":2800317,"id":"a46932","name":"虎ノ門ヒルズ","original_name":"虎ノ門ヒルズ","name_kana":"とらのもんひるず","closed":false,"lat":35.667409,"lng":139.747758,"prefecture":13,"numbering":["H06"],"lines":[28003],"attr":"cool","postal_code":"105-0001","address":"東京都港区虎ノ門１丁目２２-１８","open_date":"2020-06-06","voronoi":{"type":"Feature","geometry":{"type":"Polygon","coordinates":[[[139.752447,35.66602],[139.748758,35.66377],[139.743253,35.667112],[139.742904,35.668796],[139.743661,35.669569],[139.746351,35.670616],[139.7524,35.666178],[139.752447,35.66602]]]},"properties":{}}},
    {"code":2800318,"id":"052f60","name":"神谷町","original_name":"神谷町","name_kana":"かみやちょう","closed":false,"lat":35.662978,"lng":139.745069,"prefecture":13,"numbering":["H05"],"lines":[28003],"attr":"cool","postal_code":"105-0001","address":"港区虎ノ門５-１２-１１","voronoi":{"type":"Feature","geometry":{"type":"Polygon","coordinates":[[[139.747311,35.658463],[139.748758,35.66377],[139.743253,35.667112],[139.740087,35.65977],[139.740104,35.659754],[139.747311,35.658463]]]},"properties":{}}},
    {"code":2800319,"id":"1cf8c3","name":"六本木","original_name":"六本木","name_kana":"ろっぽんぎ","closed":false,"lat":35.662836,"lng":139.731443,"prefecture":13,"numbering":["H04"],"lines":[28003,99301],"attr":"cool","postal_code":"106-0032","address":"港区六本木６-１-２５","voronoi":{"type":"Feature","geometry":{"type":"Polygon","coordinates":[[[139.733486,35.668969],[139.732395,35.669694],[139.724915,35.659227],[139.729321,35.655371],[139.736618,35.66039],[139.733486,35.668969]]]},"properties":{}}},
    {"code":2800320,"id":"9fcef9","name":"広尾","original_name":"広尾","name_kana":"ひろお","closed":false,"lat":35.652279,"lng":139.722202,"prefecture":13,"numbering":["H03"],"lines":[28003],"attr":"cool","postal_code":"106-0047","address":"港区南麻布５-１０-２８","voronoi":{"type":"Feature","geometry":{"type":"Polygon","coordinates":[[[139.719764,35.660673],[139.713262,35.655716],[139.718831,35.643637],[139.726745,35.645803],[139.730166,35.650146],[139.729321,35.655371],[139.724915,35.659227],[139.719764,35.660673]]]},"properties":{}}},
    {"code":1130204,"id":"43da5d","name":"恵比寿","original_name":"恵比寿","name_kana":"えびす","closed":false,"lat":35.646685,"lng":139.71007,"prefecture":13,"numbering":["H02"],"lines":[11302,11321,11333,28003],"attr":"cool","postal_code":"150-0022","address":"東京都渋谷区恵比寿南一丁目5-5","open_date":"1901-02-25","voronoi":{"type":"Feature","geometry":{"type":"Polygon","coordinates":[[[139.718331,35.642722],[139.706305,35.637346],[139.70532,35.64133],[139.708288,35.654687],[139.710216,35.656084],[139.713262,35.655716],[139.718831,35.643637],[139.718331,35.642722]]]},"properties":{}}},
    {"code":2600103,"id":"026a31","name":"中目黒","original_name":"中目黒","name_kana":"なかめぐろ","closed":false,"lat":35.643854,"lng":139.698621,"prefecture":13,"numbering":["H01"],"lines":[26001,28003],"attr":"cool","postal_code":"153-0051","address":"目黒区上目黒３-４-１","voronoi":{"type":"Feature","geometry":{"type":"Polygon","coordinates":[[[139.70532,35.64133],[139.706305,35.637346],[139.703624,35.632715],[139.701729,35.632236],[139.690579,35.645339],[139.692375,35.649146],[139.696575,35.650728],[139.70532,35.64133]]]},"properties":{}}}
  ]
}