{
  "code":28009,
  "id":"3ab722",
  "name":"東京メトロ南北線",
  "name_kana":"とうきょうめとろなんぼくせん",
  "station_size":19,
  "company_code":18,
  "closed":false,
  "color":"#00A968",
  "symbol":"N",
  "station_list":[
    {"code":1130203,"id":"0db398","name":"目黒","original_name":"目黒","name_kana":"めぐろ","closed":false,"lat":35.633923,"lng":139.715775,"prefecture":13,"numbering":["N01"],"lines":[11302,26002,28009,99303],"attr":"eco","postal_code":"141-0021","address":"東京都品川区上大崎二丁目16-9","open_date":"1885-03-16","voronoi":{"type":"Feature","geometry":{"type":"Polygon","coordinates":[[[139.718331,35.642722],[139.706305,35.637346],[139.703624,35.632715],[139.70476,35.631761],[139.719459,35.629605],[139.722286,35.632466],[139.718331,35.642722]]]},"properties":{}}},
    {"code":2800918,"id":"33a57c","name":"白金台","original_name":"白金台","name_kana":"しろかねだい","closed":false,"lat":35.637917,"lng":139.726133,"prefecture":13,"numbering":["N02"],"lines":[28009,99303],"attr":"eco","postal_code":"108-0071","address":"港区白金台３-２","voronoi":{"type":"Feature","geometry":{"type":"Polygon","coordinates":[[[139.718331,35.642722],[139.718831,35.643637],[139.726745,35.645803],[139.732033,35.637349],[139.724184,35.632099],[139.722286,35.632466],[139.718331,35.642722]]]},"properties":{}}},
    {"code":2800917,"id":"3cde0d","name":"白金高輪","original_name":"白金高輪","name_kana":"しろかねたかなわ","closed":false,"lat":35.642903,"lng":139.734104,"prefecture":13,"numbering":["N03"],"lines":[28009,99303],"attr":"eco","postal_code":"108-0074","address":"港区高輪１-３-２０","voronoi":{"type":"Feature","geometry":{"type":"Polygon","coordinates":[[[139.730166,35.650146],[139.726745,35.645803],[139.732033,35.637349],[139.734108,35.636647],[139.74055,35.645697],[139.740139,35.647651],[139.730166,35.650146]]]},"properties":{}}},
    {"code":2800916,"id":"6a2cb4","name":"麻布十番","original_name":"麻布十番","name_kana":"あざぶじゅうばん","closed":false,"lat":35.654682,"lng":139.737051,"prefecture":13,"numbering":["N04"],"lines":[28009,99301],"attr":"eco","postal_code":"106-0045","address":"港区麻布十番４-４-９","voronoi":{"type":"Feature","geometry":{"type":"Polygon","coordinates":[[[139.740087,35.65977],[139.740104,35.659754],[139.74067,35.648277],[139.740139,35.647651],[139.730166,35.650146],[139.729321,35.655371],[139.736618,35.66039],[139.740087,35.65977]]]},"properties":{}}},
    {"code":2800915,"id":"068fd5","name":"六本木一丁目","original_name":"六本木一丁目","name_kana":"ろっぽんぎいっちょうめ","closed":false,"lat":35.665595,"lng":139.739,"prefecture":13,"numbering":["N05"],"lines":[28009],"attr":"eco","postal_code":"106-0032","address":"港区六本木１-４-１","voronoi":{"type":"Feature","geometry":{"type":"Polygon","coordinates":[[[139.740087,35.65977],[139.743251,35.667108],[139.742902,35.668797],[139.740376,35.669558],[139.733486,35.668969],[139.736618,35.66039],[139.740087,35.65977]]]},"properties":{}}},
    {"code":2800114,"id":"55f6a4","name":"溜池山王","original_name":"溜池山王","name_kana":"ためいけさんのう","closed":false,"lat":35.673621,"lng":139.741419,"prefecture":13,"numbering":["N06"],"lines":[28001,28009],"attr":"cool","postal_code":"100-0014","address":"千代田区永田町２-１１-１","voronoi":{"type":"Feature","geometry":{"type":"Polygon","coordinates":[[[139.739585,35.675773],[139.740376,35.669558],[139.742902,35.668797],[139.743661,35.669571],[139.743082,35.676696],[139.73971,35.675934],[139.739585,35.675773]]]},"properties":{}}},
    {"code":2800616,"id":"4aa7d8","name":"永田町","original_name":"永田町","name_kana":"ながたちょう","closed":false,"lat":35.678757,"lng":139.740258,"prefecture":13,"numbering":["N07"],"lines":[28006,28008,28009],"attr":"heat","postal_code":"100-0014","address":"東京都千代田区永田町一丁目11-28","open_date":"1974-10-30","voronoi":{"type":"Feature","geometry":{"type":"Polygon","coordinates":[[[139.746247,35.681182],[139.740711,35.682276],[139.737229,35.680522],[139.73971,35.675934],[139.743082,35.676696],[139.746078,35.679776],[139.746247,35.681182]]]},"properties":{}}},
    {"code":1131102,"id":"90f3a3","name":"四ツ谷(四ッ谷)","original_name":"四ツ谷(四ッ谷)","name_kana":"よつや","closed":false,"lat":35.686041,"lng":139.730644,"prefecture":13,"numbering":["N08"],"lines":[11311,11312,11313,28002,28009],"attr":"heat","postal_code":"160-0004","address":"東京都新宿区四谷一丁目","voronoi":{"type":"Feature","geometry":{"type":"Polygon","coordinates":[[[139.729092,35.692064],[139.7347,35.686979],[139.732916,35.680871],[139.729443,35.678406],[139.728094,35.679065],[139.724891,35.684348],[139.725497,35.687677],[139.729092,35.692064]]]},"properties":{}}},
    {"code":1131315,"id":"51ad8c","name":"市ケ谷(市ヶ谷)","original_name":"市ケ谷(市ヶ谷)","name_kana":"いちがや","closed":false,"lat":35.691107,"lng":139.735238,"prefecture":13,"numbering":["N09"],"lines":[11313,28006,28009,99304],"attr":"heat","postal_code":"162-0843","address":"東京都新宿区市谷田町一丁目1","open_date":"1974-10-30","voronoi":{"type":"Feature","geometry":{"type":"Polygon","coordinates":[[[139.730902,35.696246],[139.741071,35.695658],[139.743034,35.693846],[139.738226,35.688159],[139.7347,35.686979],[139.729092,35.692064],[139.72933,35.694339],[139.730902,35.696246]]]},"properties":{}}},
    {"code":1131316,"id":"e0bb13","name":"飯田橋","original_name":"飯田橋","name_kana":"いいだばし","closed":false,"lat":35.701835,"lng":139.745143,"prefecture":13,"numbering":["N10"],"lines":[11313,28004,28006,28009,99301],"attr":"eco","postal_code":"102-0072","address":"東京都千代田区飯田橋四丁目10-2","open_date":"1964-12-23","voronoi":{"type":"Feature","geometry":{"type":"Polygon","coordinates":[[[139.743905,35.693656],[139.743034,35.693846],[139.741071,35.695658],[139.740146,35.704445],[139.74077,35.707831],[139.742159,35.709935],[139.743362,35.710566],[139.749692,35.703549],[139.74977,35.700046],[139.743905,35.693656]]]},"properties":{}}},
    {"code":2800204,"id":"626699","name":"後楽園","original_name":"後楽園","name_kana":"こうらくえん","closed":false,"lat":35.707898,"lng":139.751864,"prefecture":13,"numbering":["N11"],"lines":[28002,28009],"attr":"eco","postal_code":"112-0003","address":"文京区春日１-２-３","voronoi":{"type":"Feature","geometry":{"type":"Polygon","coordinates":[[[139.743362,35.710566],[139.745698,35.71434],[139.755719,35.70617],[139.755702,35.706061],[139.749692,35.703549],[139.743362,35.710566]]]},"properties":{}}},
    {"code":2800908,"id":"668f91","name":"東大前","original_name":"東大前","name_kana":"とうだいまえ","closed":false,"lat":35.717633,"lng":139.758025,"prefecture":13,"numbering":["N12"],"lines":[28009],"attr":"cool","postal_code":"113-0023","address":"文京区向丘１-１９-２","voronoi":{"type":"Feature","geometry":{"type":"Polygon","coordinates":[[[139.758844,35.722771],[139.755985,35.720932],[139.752493,35.715484],[139.758296,35.712036],[139.761691,35.712621],[139.761938,35.720731],[139.758844,35.722771]]]},"properties":{}}},
    {"code":2800907,"id":"076841","name":"本駒込","original_name":"本駒込","name_kana":"ほんこまごめ","closed":false,"lat":35.724155,"lng":139.753828,"prefecture":13,"numbering":["N13"],"lines":[28009],"attr":"cool","postal_code":"113-0023","address":"文京区向丘２-３７-１","voronoi":{"type":"Feature","geometry":{"type":"Polygon","coordinates":[[[139.757639,35.730908],[139.758844,35.722771],[139.755985,35.720932],[139.748972,35.725252],[139.751231,35.730623],[139.755001,35.732341],[139.757639,35.730908]]]},"properties":{}}},
    {"code":1130215,"id":"fca8bb","name":"駒込","original_name":"駒込","name_kana":"こまごめ","closed":false,"lat":35.736825,"lng":139.748053,"prefecture":13,"numbering":["N14"],"lines":[11302,28009],"attr":"heat","postal_code":"170-0003","address":"東京都豊島区駒込二丁目1-1","open_date":"1910-11-15","voronoi":{"type":"Feature","geometry":{"type":"Polygon","coordinates":[[[139.751231,35.730623],[139.744459,35.733113],[139.742016,35.739437],[139.745827,35.741816],[139.749561,35.742631],[139.75446,35.739795],[139.755001,35.732341],[139.751231,35.730623]]]},"properties":{}}},
    {"code":2800905,"id":"f48beb","name":"西ケ原","original_name":"西ケ原","name_kana":"にしがはら","closed":false,"lat":35.746008,"lng":139.742322,"prefecture":13,"numbering":["N15"],"lines":[28009],"attr":"cool","postal_code":"114-0024","address":"東京都北区西ヶ原二丁目3-8","voronoi":{"type":"Feature","geometry":{"type":"Polygon","coordinates":[[[139.743359,35.748504],[139.745827,35.741816],[139.742016,35.739437],[139.738329,35.740323],[139.738003,35.742389],[139.738917,35.747039],[139.740061,35.748371],[139.743359,35.748504]]]},"properties":{}}},
    {"code":1133212,"id":"b8c715","name":"王子","original_name":"王子","name_kana":"おうじ","closed":false,"lat":35.752395,"lng":139.738194,"prefecture":13,"numbering":["N16"],"lines":[11332,28009],"attr":"cool","postal_code":"114-0002","address":"北区王子１丁目","voronoi":{"type":"Feature","geometry":{"type":"Polygon","coordinates":[[[139.736419,35.751839],[139.739753,35.750578],[139.741187,35.754369],[139.736419,35.751839]]]},"properties":{}}},
    {"code":2800903,"id":"89ed88","name":"王子神谷","original_name":"王子神谷","name_kana":"おうじかみや","closed":false,"lat":35.765172,"lng":139.735933,"prefecture":13,"numbering":["N17"],"lines":[28009],"attr":"cool","postal_code":"114-0002","address":"北区王子５-２-１１","voronoi":{"type":"Feature","geometry":{"type":"Polygon","coordinates":[[[139.753006,35.770038],[139.751459,35.776047],[139.730478,35.770571],[139.732321,35.758354],[139.744066,35.760227],[139.744318,35.760336],[139.750715,35.765574],[139.753154,35.768426],[139.753006,35.770038]]]},"properties":{}}},
    {"code":2800902,"id":"e28f9a","name":"志茂","original_name":"志茂","name_kana":"しも","closed":false,"lat":35.777948,"lng":139.732599,"prefecture":13,"numbering":["N18"],"lines":[28009],"attr":"cool","postal_code":"115-0042","address":"北区志茂２-１-１８","voronoi":{"type":"Feature","geometry":{"type":"Polygon","coordinates":[[[139.749081,35.791109],[139.731745,35.789116],[139.726774,35.779575],[139.726724,35.772095],[139.730478,35.770571],[139.751459,35.776047],[139.751583,35.777236],[139.750846,35.785005],[139.749081,35.791109]]]},"properties":{}}},
    {"code":2800901,"id":"146fbb","name":"赤羽岩淵","original_name":"赤羽岩淵","name_kana":"あかばねいわぶち","closed":false,"lat":35.783417,"lng":139.722103,"prefecture":13,"numbering":["N19"],"lines":[28009,99307],"attr":"cool","postal_code":"115-0045","address":"北区赤羽１-５２-８","voronoi":{"type":"Feature","geometry":{"type":"Polygon","coordinates":[[[139.722735,35.793383],[139.715274,35.79151],[139.713306,35.782511],[139.726774,35.779575],[139.731745,35.789116],[139.722735,35.793383]]]},"properties":{}}}
  ]
}