{
  "code":28006,
  "id":274,
  "name":"東京メトロ有楽町線",
  "name_kana":"とうきょうめとろゆうらくちょうせん",
  "station_size":24,
  "company_code":18,
  "closed":false,
  "color":"#D7C447",
  "symbol":"Y",
  "station_list":[
    {"code":2100111,"id":4591,"name":"和光市","original_name":"和光市","name_kana":"わこうし","closed":false,"lat":35.788507,"lng":139.612434,"prefecture":11,"numbering":["Y01"],"lines":[21001,28006,28010],"attr":"eco","postal_code":"351-0114","address":"埼玉県和光市本町4-6","open_date":"1934-02-01","voronoi":{"type":"Feature","geometry":{"type":"Polygon","coordinates":[[[139.602742,35.76688],[139.593166,35.773174],[139.622101,35.815766],[139.626774,35.814483],[139.628737,35.794707],[139.623916,35.785643],[139.614167,35.770091],[139.607208,35.766338],[139.602742,35.76688]]]},"properties":{}}},
    {"code":2800602,"id":5307,"name":"地下鉄成増","original_name":"地下鉄成増","name_kana":"ちかてつなります","closed":false,"lat":35.776557,"lng":139.631497,"prefecture":13,"numbering":["Y02"],"lines":[28006,28010],"attr":"eco","postal_code":"175-0094","address":"東京都板橋区成増二丁目11-3","open_date":"1983-06-24","voronoi":{"type":"Feature","geometry":{"type":"Polygon","coordinates":[[[139.623916,35.785643],[139.614167,35.770091],[139.634377,35.766847],[139.637083,35.771968],[139.623916,35.785643]]]},"properties":{}}},
    {"code":2800603,"id":5308,"name":"地下鉄赤塚","original_name":"地下鉄赤塚","name_kana":"ちかてつあかつか","closed":false,"lat":35.769939,"lng":139.644021,"prefecture":13,"numbering":["Y03"],"lines":[28006,28010],"attr":"eco","postal_code":"179-0081","address":"東京都練馬区北町八丁目37-16","open_date":"1983-06-24","voronoi":{"type":"Feature","geometry":{"type":"Polygon","coordinates":[[[139.644353,35.76024],[139.638359,35.761467],[139.634377,35.766847],[139.637083,35.771968],[139.638729,35.774361],[139.650756,35.765405],[139.644353,35.76024]]]},"properties":{}}},
    {"code":2800604,"id":5274,"name":"平和台(東京)","original_name":"平和台","name_kana":"へいわだい","closed":false,"lat":35.757863,"lng":139.653762,"prefecture":13,"numbering":["Y04"],"lines":[28006,28010],"attr":"eco","postal_code":"179-0085","address":"東京都練馬区早宮2-17-48","open_date":"1983-06-24","voronoi":{"type":"Feature","geometry":{"type":"Polygon","coordinates":[[[139.650756,35.765405],[139.644353,35.76024],[139.648881,35.750686],[139.655765,35.748168],[139.663436,35.759062],[139.652944,35.767004],[139.650756,35.765405]]]},"properties":{}}},
    {"code":2800605,"id":5275,"name":"氷川台","original_name":"氷川台","name_kana":"ひかわだい","closed":false,"lat":35.74955,"lng":139.665567,"prefecture":13,"numbering":["Y05"],"lines":[28006,28010],"attr":"eco","postal_code":"179-0084","address":"東京都練馬区氷川台三丁目38-18","open_date":"1983-06-24","voronoi":{"type":"Feature","geometry":{"type":"Polygon","coordinates":[[[139.663915,35.74422],[139.65765,35.745948],[139.65606,35.747476],[139.655765,35.748168],[139.663436,35.759062],[139.666916,35.759717],[139.675055,35.753433],[139.672112,35.746772],[139.663915,35.74422]]]},"properties":{}}},
    {"code":2200301,"id":4805,"name":"小竹向原","original_name":"小竹向原","name_kana":"こたけむかいはら","closed":false,"lat":35.743803,"lng":139.678572,"prefecture":13,"numbering":["Y06"],"lines":[22003,28006,28010],"attr":"eco","postal_code":"176-0004","address":"東京都練馬区小竹町二丁目16-15","open_date":"1983-06-24","voronoi":{"type":"Feature","geometry":{"type":"Polygon","coordinates":[[[139.681971,35.737272],[139.680089,35.736627],[139.673244,35.742938],[139.672112,35.746772],[139.675055,35.753433],[139.679951,35.753968],[139.68774,35.748533],[139.687799,35.748458],[139.681971,35.737272]]]},"properties":{}}},
    {"code":2800607,"id":5276,"name":"千川","original_name":"千川","name_kana":"せんかわ","closed":false,"lat":35.738229,"lng":139.689271,"prefecture":13,"numbering":["Y07"],"lines":[28006,28010],"attr":"eco","postal_code":"171-0043","address":"東京都豊島区要町三丁目10-7","open_date":"1983-06-24","voronoi":{"type":"Feature","geometry":{"type":"Polygon","coordinates":[[[139.693239,35.746837],[139.697157,35.741707],[139.692355,35.732636],[139.689839,35.731537],[139.681971,35.737272],[139.687799,35.748458],[139.693239,35.746837]]]},"properties":{}}},
    {"code":2800608,"id":5277,"name":"要町","original_name":"要町","name_kana":"かなめちょう","closed":false,"lat":35.73323,"lng":139.698715,"prefecture":13,"numbering":["Y08"],"lines":[28006,28010],"attr":"eco","postal_code":"171-0043","address":"東京都豊島区要町一丁目1-10","open_date":"1983-06-24","voronoi":{"type":"Feature","geometry":{"type":"Polygon","coordinates":[[[139.6998,35.72777],[139.692355,35.732636],[139.697157,35.741707],[139.706709,35.739267],[139.704876,35.73164],[139.6998,35.72777]]]},"properties":{}}},
    {"code":1130212,"id":1290,"name":"池袋","original_name":"池袋","name_kana":"いけぶくろ","closed":false,"lat":35.730256,"lng":139.711086,"prefecture":13,"numbering":["Y09"],"lines":[11302,11321,11333,21001,22001,28002,28006,28010],"attr":"heat","postal_code":"171-0022","address":"東京都豊島区南池袋一丁目28-2","open_date":"1903-04-01","voronoi":{"type":"Feature","geometry":{"type":"Polygon","coordinates":[[[139.71553,35.728395],[139.712811,35.725256],[139.710605,35.724398],[139.710581,35.72441],[139.704876,35.73164],[139.706709,35.739267],[139.706917,35.739364],[139.718277,35.733531],[139.71553,35.728395]]]},"properties":{}}},
    {"code":2800610,"id":5278,"name":"東池袋","original_name":"東池袋","name_kana":"ひがしいけぶくろ","closed":false,"lat":35.725732,"lng":139.719546,"prefecture":13,"numbering":["Y10"],"lines":[28006],"attr":"eco","postal_code":"170-0013","address":"東京都豊島区東池袋四丁目4-4","open_date":"1974-10-30","voronoi":{"type":"Feature","geometry":{"type":"Polygon","coordinates":[[[139.71553,35.728395],[139.719028,35.724732],[139.721965,35.72776],[139.718484,35.733568],[139.718277,35.733531],[139.71553,35.728395]]]},"properties":{}}},
    {"code":2800611,"id":5279,"name":"護国寺","original_name":"護国寺","name_kana":"ごこくじ","closed":false,"lat":35.719044,"lng":139.72754,"prefecture":13,"numbering":["Y11"],"lines":[28006],"attr":"eco","postal_code":"112-0012","address":"東京都文京区大塚五丁目40-8","open_date":"1974-10-30","voronoi":{"type":"Feature","geometry":{"type":"Polygon","coordinates":[[[139.731722,35.715013],[139.732961,35.720829],[139.725119,35.723697],[139.725028,35.723673],[139.721642,35.719586],[139.721108,35.71861],[139.721049,35.718061],[139.726393,35.711665],[139.731722,35.715013]]]},"properties":{}}},
    {"code":2800612,"id":5280,"name":"江戸川橋","original_name":"江戸川橋","name_kana":"えどがわばし","closed":false,"lat":35.709495,"lng":139.733538,"prefecture":13,"numbering":["Y12"],"lines":[28006],"attr":"eco","postal_code":"112-0014","address":"東京都文京区関口一丁目19-6","open_date":"1974-10-30","voronoi":{"type":"Feature","geometry":{"type":"Polygon","coordinates":[[[139.731722,35.715013],[139.726393,35.711665],[139.726319,35.711204],[139.728053,35.705584],[139.74077,35.707831],[139.742159,35.709935],[139.731722,35.715013]]]},"properties":{}}},
    {"code":1131316,"id":1491,"name":"飯田橋","original_name":"飯田橋","name_kana":"いいだばし","closed":false,"lat":35.701835,"lng":139.745143,"prefecture":13,"numbering":["Y13"],"lines":[11313,28004,28006,28009,99301],"attr":"eco","postal_code":"102-0072","address":"東京都千代田区飯田橋四丁目10-2","open_date":"1964-12-23","voronoi":{"type":"Feature","geometry":{"type":"Polygon","coordinates":[[[139.743905,35.693656],[139.743036,35.693845],[139.741071,35.695659],[139.740146,35.704445],[139.74077,35.707831],[139.742159,35.709935],[139.743362,35.710566],[139.749692,35.703549],[139.74977,35.700046],[139.743905,35.693656]]]},"properties":{}}},
    {"code":1131315,"id":1490,"name":"市ケ谷(市ヶ谷)","original_name":"市ケ谷(市ヶ谷)","name_kana":"いちがや","closed":false,"lat":35.691105,"lng":139.735241,"prefecture":13,"numbering":["Y14"],"lines":[11313,28006,28009,99304],"attr":"heat","postal_code":"162-0843","address":"東京都新宿区市谷田町一丁目1","open_date":"1974-10-30","voronoi":{"type":"Feature","geometry":{"type":"Polygon","coordinates":[[[139.729094,35.692067],[139.729332,35.694338],[139.730902,35.696244],[139.741071,35.695659],[139.743036,35.693845],[139.738226,35.688157],[139.734699,35.686978],[139.729094,35.692067]]]},"properties":{}}},
    {"code":2800615,"id":5281,"name":"麹町","original_name":"麹町","name_kana":"こうじまち","closed":false,"lat":35.684006,"lng":139.737613,"prefecture":13,"numbering":["Y15"],"lines":[28006],"attr":"heat","postal_code":"102-0083","address":"東京都千代田区麹町三丁目2","open_date":"1974-10-30","voronoi":{"type":"Feature","geometry":{"type":"Polygon","coordinates":[[[139.738226,35.688157],[139.734699,35.686978],[139.732916,35.680871],[139.737229,35.680522],[139.740711,35.682276],[139.738226,35.688157]]]},"properties":{}}},
    {"code":2800616,"id":5302,"name":"永田町","original_name":"永田町","name_kana":"ながたちょう","closed":false,"lat":35.678757,"lng":139.740258,"prefecture":13,"numbering":["Y16"],"lines":[28006,28008,28009],"attr":"heat","postal_code":"100-0014","address":"東京都千代田区永田町一丁目11-28","open_date":"1974-10-30","voronoi":{"type":"Feature","geometry":{"type":"Polygon","coordinates":[[[139.746247,35.681182],[139.740711,35.682276],[139.737229,35.680522],[139.73971,35.675934],[139.743082,35.676696],[139.746078,35.679776],[139.746247,35.681182]]]},"properties":{}}},
    {"code":2800617,"id":5283,"name":"桜田門","original_name":"桜田門","name_kana":"さくらだもん","closed":false,"lat":35.677405,"lng":139.75149,"prefecture":13,"numbering":["Y17"],"lines":[28006],"attr":"heat","postal_code":"100-0013","address":"東京都千代田区霞が関二丁目1-1","open_date":"1974-10-30","voronoi":{"type":"Feature","geometry":{"type":"Polygon","coordinates":[[[139.755478,35.674912],[139.756803,35.678998],[139.755183,35.68362],[139.750038,35.685687],[139.746247,35.681182],[139.746078,35.679776],[139.748095,35.676135],[139.755478,35.674912]]]},"properties":{}}},
    {"code":1130225,"id":1302,"name":"有楽町","original_name":"有楽町","name_kana":"ゆうらくちょう","closed":false,"lat":35.675441,"lng":139.763806,"prefecture":13,"numbering":["Y18"],"lines":[11302,11332,28006],"attr":"heat","postal_code":"100-0006","address":"東京都千代田区有楽町二丁目9","open_date":"1910-06-25","voronoi":{"type":"Feature","geometry":{"type":"Polygon","coordinates":[[[139.76422,35.678699],[139.761348,35.677751],[139.762309,35.673642],[139.765046,35.673768],[139.766421,35.67785],[139.76422,35.678699]]]},"properties":{}}},
    {"code":2800619,"id":5284,"name":"銀座一丁目","original_name":"銀座一丁目","name_kana":"ぎんざいっちょうめ","closed":false,"lat":35.67435,"lng":139.767045,"prefecture":13,"numbering":["Y19"],"lines":[28006],"attr":"heat","postal_code":"104-0061","address":"東京都中央区銀座一丁目7-12","open_date":"1974-10-30","voronoi":{"type":"Feature","geometry":{"type":"Polygon","coordinates":[[[139.766725,35.677891],[139.766421,35.67785],[139.765046,35.673768],[139.766494,35.671879],[139.770082,35.672032],[139.769509,35.674468],[139.766725,35.677891]]]},"properties":{}}},
    {"code":2800620,"id":5285,"name":"新富町(東京)","original_name":"新富町","name_kana":"しんとみちょう","closed":false,"lat":35.670462,"lng":139.773711,"prefecture":13,"numbering":["Y20"],"lines":[28006],"attr":"cool","postal_code":"104-0045","address":"東京都中央区築地一丁目1-1","open_date":"1980-03-27","voronoi":{"type":"Feature","geometry":{"type":"Polygon","coordinates":[[[139.770173,35.671964],[139.77454,35.673662],[139.779582,35.668815],[139.778495,35.666769],[139.770384,35.670598],[139.770173,35.671964]]]},"properties":{}}},
    {"code":2800621,"id":5286,"name":"月島","original_name":"月島","name_kana":"つきしま","closed":false,"lat":35.664871,"lng":139.784233,"prefecture":13,"numbering":["Y21"],"lines":[28006,99301],"attr":"cool","postal_code":"104-0052","address":"東京都中央区月島一丁目3-9","open_date":"1988-06-08","voronoi":{"type":"Feature","geometry":{"type":"Polygon","coordinates":[[[139.786033,35.673136],[139.79065,35.660405],[139.787872,35.657065],[139.784963,35.656027],[139.777908,35.664664],[139.778495,35.666769],[139.779582,35.668815],[139.786033,35.673136]]]},"properties":{}}},
    {"code":2800622,"id":5287,"name":"豊洲","original_name":"豊洲","name_kana":"とよす","closed":false,"lat":35.654908,"lng":139.79621,"prefecture":13,"numbering":["Y22"],"lines":[28006,99311],"attr":"cool","postal_code":"135-0061","address":"東京都江東区豊洲四丁目1-1","open_date":"1988-06-08","voronoi":{"type":"Feature","geometry":{"type":"Polygon","coordinates":[[[139.798191,35.646706],[139.787872,35.657065],[139.79065,35.660405],[139.800429,35.663027],[139.806472,35.658495],[139.806963,35.65576],[139.802843,35.649441],[139.798191,35.646706]]]},"properties":{}}},
    {"code":2800623,"id":5288,"name":"辰巳","original_name":"辰巳","name_kana":"たつみ","closed":false,"lat":35.645576,"lng":139.81052,"prefecture":13,"numbering":["Y23"],"lines":[28006],"attr":"cool","postal_code":"135-0053","address":"東京都江東区辰巳一丁目1-44","open_date":"1988-06-08","voronoi":{"type":"Feature","geometry":{"type":"Polygon","coordinates":[[[139.806963,35.65576],[139.802843,35.649441],[139.819626,35.62704],[139.81883,35.649593],[139.806963,35.65576]]]},"properties":{}}},
    {"code":1132605,"id":1726,"name":"新木場","original_name":"新木場","name_kana":"しんきば","closed":false,"lat":35.646172,"lng":139.827402,"prefecture":13,"numbering":["Y24"],"lines":[11326,28006,99337],"attr":"cool","postal_code":"136-0082","address":"東京都江東区新木場一丁目5","open_date":"1988-06-08","voronoi":{"type":"Feature","geometry":{"type":"Polygon","coordinates":[[[139.842752,35.612434],[139.844856,35.652769],[139.843312,35.655433],[139.828713,35.657529],[139.81883,35.649593],[139.819626,35.62704],[139.825211,35.602257],[139.831193,35.588745],[139.833576,35.58776],[139.842752,35.612434]]]},"properties":{}}}
  ]
}