{
  "code":28004,
  "id":"63424b",
  "name":"東京メトロ東西線",
  "name_kana":"とうきょうめとろとうざいせん",
  "station_size":23,
  "company_code":18,
  "closed":false,
  "color":"#00A7DB",
  "symbol":"T",
  "station_list":[
    {"code":1131214,"id":"558810","name":"中野(東京)","original_name":"中野","name_kana":"なかの","closed":false,"lat":35.705765,"lng":139.665835,"prefecture":13,"numbering":["T01"],"lines":[11312,11313,28004],"attr":"heat","postal_code":"164-0001","address":"中野区中野５丁目","voronoi":{"type":"Feature","geometry":{"type":"Polygon","coordinates":[[[139.663494,35.700107],[139.65774,35.705898],[139.657598,35.711122],[139.658144,35.711637],[139.666186,35.712808],[139.675109,35.706796],[139.675198,35.704627],[139.663494,35.700107]]]},"properties":{}}},
    {"code":2800402,"id":"22131d","name":"落合(東京)","original_name":"落合","name_kana":"おちあい","closed":false,"lat":35.710976,"lng":139.687284,"prefecture":13,"numbering":["T02"],"lines":[28004],"attr":"eco","postal_code":"161-0034","address":"新宿区上落合２-１３-７","voronoi":{"type":"Feature","geometry":{"type":"Polygon","coordinates":[[[139.680016,35.712495],[139.691531,35.705121],[139.694539,35.708082],[139.691364,35.713366],[139.680016,35.712495]]]},"properties":{}}},
    {"code":1130210,"id":"4cf552","name":"高田馬場","original_name":"高田馬場","name_kana":"たかだのばば","closed":false,"lat":35.712677,"lng":139.703715,"prefecture":13,"numbering":["T03"],"lines":[11302,22007,28004],"attr":"eco","postal_code":"169-0075","address":"東京都新宿区高田馬場一丁目35-1","open_date":"1910-09-15","voronoi":{"type":"Feature","geometry":{"type":"Polygon","coordinates":[[[139.708626,35.713154],[139.707572,35.715739],[139.70093,35.717879],[139.697337,35.708441],[139.698576,35.707775],[139.703106,35.706449],[139.708626,35.713154]]]},"properties":{}}},
    {"code":2800404,"id":"b17028","name":"早稲田(東京メトロ)","original_name":"早稲田","name_kana":"わせだ","closed":false,"lat":35.705723,"lng":139.721319,"prefecture":13,"numbering":["T04"],"lines":[28004],"attr":"eco","postal_code":"162-0043","address":"東京都新宿区早稲田南町12","voronoi":{"type":"Feature","geometry":{"type":"Polygon","coordinates":[[[139.715169,35.706782],[139.714774,35.704869],[139.721507,35.701625],[139.728046,35.705532],[139.728053,35.705584],[139.726319,35.711204],[139.715293,35.7069],[139.715169,35.706782]]]},"properties":{}}},
    {"code":2800405,"id":"d4c0cb","name":"神楽坂","original_name":"神楽坂","name_kana":"かぐらざか","closed":false,"lat":35.70379,"lng":139.734546,"prefecture":13,"numbering":["T05"],"lines":[28004],"attr":"eco","postal_code":"162-0805","address":"新宿区矢来町１１２","voronoi":{"type":"Feature","geometry":{"type":"Polygon","coordinates":[[[139.728046,35.705532],[139.728053,35.705584],[139.74077,35.707831],[139.740146,35.704445],[139.730403,35.700281],[139.728046,35.705532]]]},"properties":{}}},
    {"code":1131316,"id":"e0bb13","name":"飯田橋","original_name":"飯田橋","name_kana":"いいだばし","closed":false,"lat":35.701835,"lng":139.745143,"prefecture":13,"numbering":["T06"],"lines":[11313,28004,28006,28009,99301],"attr":"eco","postal_code":"102-0072","address":"東京都千代田区飯田橋四丁目10-2","open_date":"1964-12-23","voronoi":{"type":"Feature","geometry":{"type":"Polygon","coordinates":[[[139.743905,35.693656],[139.743034,35.693846],[139.741071,35.695658],[139.740146,35.704445],[139.74077,35.707831],[139.742159,35.709935],[139.743362,35.710566],[139.749692,35.703549],[139.74977,35.700046],[139.743905,35.693656]]]},"properties":{}}},
    {"code":2800407,"id":"0545be","name":"九段下","original_name":"九段下","name_kana":"くだんした","closed":false,"lat":35.695589,"lng":139.751948,"prefecture":13,"numbering":["T07"],"lines":[28004,28008,99304],"attr":"eco","postal_code":"102-0074","address":"千代田区九段南１-６-１","voronoi":{"type":"Feature","geometry":{"type":"Polygon","coordinates":[[[139.754611,35.698271],[139.74977,35.700046],[139.743905,35.693656],[139.749262,35.688065],[139.754918,35.693655],[139.754611,35.698271]]]},"properties":{}}},
    {"code":2800408,"id":"d7153d","name":"竹橋","original_name":"竹橋","name_kana":"たけばし","closed":false,"lat":35.690662,"lng":139.756817,"prefecture":13,"numbering":["T08"],"lines":[28004],"attr":"eco","postal_code":"100-0003","address":"千代田区一ツ橋１-１-１","voronoi":{"type":"Feature","geometry":{"type":"Polygon","coordinates":[[[139.761991,35.692603],[139.754918,35.693655],[139.749262,35.688065],[139.750038,35.685687],[139.755183,35.68362],[139.760586,35.68651],[139.762629,35.691184],[139.761991,35.692603]]]},"properties":{}}},
    {"code":2800208,"id":"d9a155","name":"大手町(東京)","original_name":"大手町","name_kana":"おおてまち","closed":false,"lat":35.686563,"lng":139.766193,"prefecture":13,"numbering":["T09"],"lines":[28002,28004,28005,28008,99303],"attr":"heat","postal_code":"100-0004","address":"千代田区大手町１丁目","voronoi":{"type":"Feature","geometry":{"type":"Polygon","coordinates":[[[139.765638,35.690945],[139.762629,35.691184],[139.760586,35.68651],[139.763811,35.684018],[139.769607,35.683917],[139.770053,35.684644],[139.769846,35.68749],[139.766381,35.690832],[139.765638,35.690945]]]},"properties":{}}},
    {"code":2800109,"id":"4996b7","name":"日本橋(東京)","original_name":"日本橋","name_kana":"にほんばし","closed":false,"lat":35.682078,"lng":139.773516,"prefecture":13,"numbering":["T10"],"lines":[28001,28004,99302],"attr":"heat","postal_code":"103-0027","address":"中央区日本橋１丁目","voronoi":{"type":"Feature","geometry":{"type":"Polygon","coordinates":[[[139.770053,35.684644],[139.769607,35.683917],[139.769904,35.680711],[139.77307,35.678656],[139.775171,35.678101],[139.775898,35.678509],[139.77792,35.684151],[139.77774,35.684525],[139.770053,35.684644]]]},"properties":{}}},
    {"code":2800310,"id":"0929eb","name":"茅場町","original_name":"茅場町","name_kana":"かやばちょう","closed":false,"lat":35.679752,"lng":139.780005,"prefecture":13,"numbering":["T11"],"lines":[28003,28004],"attr":"heat","postal_code":"103-0025","address":"中央区日本橋茅場町１-４-６","voronoi":{"type":"Feature","geometry":{"type":"Polygon","coordinates":[[[139.775898,35.678509],[139.77792,35.684151],[139.781833,35.68279],[139.786581,35.674088],[139.786342,35.673831],[139.775898,35.678509]]]},"properties":{}}},
    {"code":2800412,"id":"8ff791","name":"門前仲町","original_name":"門前仲町","name_kana":"もんぜんなかちょう","closed":false,"lat":35.671851,"lng":139.796209,"prefecture":13,"numbering":["T12"],"lines":[28004,99301],"attr":"heat","postal_code":"135-0048","address":"江東区門前仲町１丁目","voronoi":{"type":"Feature","geometry":{"type":"Polygon","coordinates":[[[139.802785,35.675624],[139.791943,35.678417],[139.788638,35.675112],[139.800264,35.664703],[139.802785,35.675624]]]},"properties":{}}},
    {"code":2800413,"id":"bb0a81","name":"木場","original_name":"木場","name_kana":"きば","closed":false,"lat":35.669351,"lng":139.807042,"prefecture":13,"numbering":["T13"],"lines":[28004],"attr":"heat","postal_code":"135-0042","address":"江東区木場５-５-１","voronoi":{"type":"Feature","geometry":{"type":"Polygon","coordinates":[[[139.806472,35.658495],[139.800429,35.663027],[139.800264,35.664703],[139.802785,35.675624],[139.80795,35.678942],[139.811537,35.679135],[139.812071,35.678901],[139.812456,35.664282],[139.806472,35.658495]]]},"properties":{}}},
    {"code":2800414,"id":"d8a42d","name":"東陽町","original_name":"東陽町","name_kana":"とうようちょう","closed":false,"lat":35.669629,"lng":139.817596,"prefecture":13,"numbering":["T14"],"lines":[28004],"attr":"heat","postal_code":"135-0016","address":"江東区東陽４-２-１","voronoi":{"type":"Feature","geometry":{"type":"Polygon","coordinates":[[[139.82119,35.679799],[139.812071,35.678901],[139.812456,35.664282],[139.823792,35.664018],[139.824701,35.678267],[139.82119,35.679799]]]},"properties":{}}},
    {"code":2800415,"id":"ad768b","name":"南砂町","original_name":"南砂町","name_kana":"みなみすなまち","closed":false,"lat":35.668796,"lng":139.83065,"prefecture":13,"numbering":["T15"],"lines":[28004],"attr":"cool","postal_code":"136-0076","address":"江東区南砂３-１１-８５","voronoi":{"type":"Feature","geometry":{"type":"Polygon","coordinates":[[[139.828713,35.657529],[139.823792,35.664018],[139.824701,35.678267],[139.83151,35.679739],[139.841362,35.677405],[139.846028,35.674091],[139.843312,35.655433],[139.828713,35.657529]]]},"properties":{}}},
    {"code":2800416,"id":"646eff","name":"西葛西","original_name":"西葛西","name_kana":"にしかさい","closed":false,"lat":35.664631,"lng":139.859259,"prefecture":13,"numbering":["T16"],"lines":[28004],"attr":"cool","postal_code":"134-0088","address":"江戸川区西葛西６-１４-１","voronoi":{"type":"Feature","geometry":{"type":"Polygon","coordinates":[[[139.86512,35.655042],[139.844856,35.652769],[139.843312,35.655433],[139.846028,35.674091],[139.851462,35.676899],[139.866582,35.672955],[139.86512,35.655042]]]},"properties":{}}},
    {"code":2800417,"id":"9e9cdc","name":"葛西","original_name":"葛西","name_kana":"かさい","closed":false,"lat":35.663554,"lng":139.872458,"prefecture":13,"numbering":["T17"],"lines":[28004],"attr":"cool","postal_code":"134-0083","address":"江戸川区中葛西５-４３-１１","voronoi":{"type":"Feature","geometry":{"type":"Polygon","coordinates":[[[139.880524,35.650835],[139.884246,35.652361],[139.881896,35.672849],[139.874649,35.676223],[139.866582,35.672955],[139.86512,35.655042],[139.874758,35.649545],[139.880524,35.650835]]]},"properties":{}}},
    {"code":2800418,"id":"d772ed","name":"浦安(千葉)","original_name":"浦安","name_kana":"うらやす","closed":false,"lat":35.665932,"lng":139.893193,"prefecture":12,"numbering":["T18"],"lines":[28004],"attr":"eco","postal_code":"279-0002","address":"浦安市北栄１-１３-１","voronoi":{"type":"Feature","geometry":{"type":"Polygon","coordinates":[[[139.892714,35.649669],[139.895437,35.648954],[139.904718,35.659906],[139.891502,35.677746],[139.881896,35.672849],[139.884246,35.652361],[139.892714,35.649669]]]},"properties":{}}},
    {"code":2800419,"id":"1bfffe","name":"南行徳","original_name":"南行徳","name_kana":"みなみぎょうとく","closed":false,"lat":35.672687,"lng":139.902311,"prefecture":12,"numbering":["T19"],"lines":[28004],"attr":"eco","postal_code":"272-0143","address":"市川市相之川４-１７-１","voronoi":{"type":"Feature","geometry":{"type":"Polygon","coordinates":[[[139.913518,35.671433],[139.903212,35.683743],[139.894226,35.681696],[139.891502,35.677746],[139.904718,35.659906],[139.911008,35.662688],[139.913518,35.671433]]]},"properties":{}}},
    {"code":2800420,"id":"f63910","name":"行徳","original_name":"行徳","name_kana":"ぎょうとく","closed":false,"lat":35.682686,"lng":139.914254,"prefecture":12,"numbering":["T20"],"lines":[28004],"attr":"eco","postal_code":"272-0133","address":"市川市行徳駅前２-４-１","voronoi":{"type":"Feature","geometry":{"type":"Polygon","coordinates":[[[139.925951,35.678701],[139.913518,35.671433],[139.903212,35.683743],[139.910399,35.694995],[139.91189,35.69567],[139.925951,35.678701]]]},"properties":{}}},
    {"code":2800421,"id":"ad4799","name":"妙典","original_name":"妙典","name_kana":"みょうでん","closed":false,"lat":35.690935,"lng":139.924209,"prefecture":12,"numbering":["T21"],"lines":[28004],"attr":"cool","postal_code":"272-0115","address":"市川市富浜１-２-１０","voronoi":{"type":"Feature","geometry":{"type":"Polygon","coordinates":[[[139.941989,35.678356],[139.925951,35.678701],[139.91189,35.69567],[139.91989,35.706549],[139.927079,35.705781],[139.941928,35.68475],[139.941989,35.678356]]]},"properties":{}}},
    {"code":2800422,"id":"963e23","name":"原木中山","original_name":"原木中山","name_kana":"ばらきなかやま","closed":false,"lat":35.703517,"lng":139.942029,"prefecture":12,"numbering":["T22"],"lines":[28004],"attr":"cool","postal_code":"273-0035","address":"船橋市本中山７-７-１","voronoi":{"type":"Feature","geometry":{"type":"Polygon","coordinates":[[[139.927079,35.705781],[139.941928,35.68475],[139.952098,35.699283],[139.95073,35.705643],[139.947955,35.708363],[139.932868,35.709854],[139.931517,35.709514],[139.927079,35.705781]]]},"properties":{}}},
    {"code":1130524,"id":"c67257","name":"西船橋","original_name":"西船橋","name_kana":"にしふなばし","closed":false,"lat":35.707283,"lng":139.959536,"prefecture":12,"numbering":["T23"],"lines":[11305,11313,28004,99338],"attr":"eco","postal_code":"273-0031","address":"船橋市西船４丁目","voronoi":{"type":"Feature","geometry":{"type":"Polygon","coordinates":[[[139.964886,35.699274],[139.966158,35.710533],[139.953816,35.708621],[139.95073,35.705643],[139.952098,35.699283],[139.964886,35.699274]]]},"properties":{}}}
  ]
}