{
  "code":28010,
  "id":"e98d36",
  "name":"東京メトロ副都心線",
  "name_kana":"とうきょうめとろふくとしんせん",
  "station_size":16,
  "company_code":18,
  "closed":false,
  "color":"#BB641D",
  "symbol":"F",
  "station_list":[
    {"code":2100111,"id":"3174d1","name":"和光市","original_name":"和光市","name_kana":"わこうし","closed":false,"lat":35.788507,"lng":139.612434,"prefecture":11,"numbering":["F01"],"lines":[21001,28006,28010],"attr":"eco","postal_code":"351-0114","address":"埼玉県和光市本町4-6","open_date":"1934-02-01","voronoi":{"type":"Feature","geometry":{"type":"Polygon","coordinates":[[[139.602742,35.76688],[139.593166,35.773174],[139.622101,35.815766],[139.626774,35.814483],[139.628737,35.794707],[139.623916,35.785643],[139.614167,35.770091],[139.607208,35.766338],[139.602742,35.76688]]]},"properties":{}}},
    {"code":2800602,"id":"ff93b4","name":"地下鉄成増","original_name":"地下鉄成増","name_kana":"ちかてつなります","closed":false,"lat":35.776557,"lng":139.631497,"prefecture":13,"numbering":["F02"],"lines":[28006,28010],"attr":"eco","postal_code":"175-0094","address":"東京都板橋区成増二丁目11-3","open_date":"1983-06-24","voronoi":{"type":"Feature","geometry":{"type":"Polygon","coordinates":[[[139.623916,35.785643],[139.614167,35.770091],[139.634377,35.766847],[139.637083,35.771968],[139.623916,35.785643]]]},"properties":{}}},
    {"code":2800603,"id":"53aa8a","name":"地下鉄赤塚","original_name":"地下鉄赤塚","name_kana":"ちかてつあかつか","closed":false,"lat":35.769939,"lng":139.644021,"prefecture":13,"numbering":["F03"],"lines":[28006,28010],"attr":"eco","postal_code":"179-0081","address":"東京都練馬区北町八丁目37-16","open_date":"1983-06-24","voronoi":{"type":"Feature","geometry":{"type":"Polygon","coordinates":[[[139.644353,35.76024],[139.638359,35.761467],[139.634377,35.766847],[139.637083,35.771968],[139.638729,35.774361],[139.650756,35.765405],[139.644353,35.76024]]]},"properties":{}}},
    {"code":2800604,"id":"fd476e","name":"平和台(東京)","original_name":"平和台","name_kana":"へいわだい","closed":false,"lat":35.757863,"lng":139.653762,"prefecture":13,"numbering":["F04"],"lines":[28006,28010],"attr":"eco","postal_code":"179-0085","address":"東京都練馬区早宮2-17-48","open_date":"1983-06-24","voronoi":{"type":"Feature","geometry":{"type":"Polygon","coordinates":[[[139.650756,35.765405],[139.644353,35.76024],[139.648881,35.750686],[139.655765,35.748168],[139.663436,35.759062],[139.652944,35.767004],[139.650756,35.765405]]]},"properties":{}}},
    {"code":2800605,"id":"99d1ef","name":"氷川台","original_name":"氷川台","name_kana":"ひかわだい","closed":false,"lat":35.74955,"lng":139.665567,"prefecture":13,"numbering":["F05"],"lines":[28006,28010],"attr":"eco","postal_code":"179-0084","address":"東京都練馬区氷川台三丁目38-18","open_date":"1983-06-24","voronoi":{"type":"Feature","geometry":{"type":"Polygon","coordinates":[[[139.663915,35.74422],[139.65765,35.745948],[139.65606,35.747476],[139.655765,35.748168],[139.663436,35.759062],[139.666916,35.759717],[139.675055,35.753433],[139.672112,35.746772],[139.663915,35.74422]]]},"properties":{}}},
    {"code":2200301,"id":"46f29b","name":"小竹向原","original_name":"小竹向原","name_kana":"こたけむかいはら","closed":false,"lat":35.743803,"lng":139.678572,"prefecture":13,"numbering":["F06"],"lines":[22003,28006,28010],"attr":"eco","postal_code":"176-0004","address":"東京都練馬区小竹町二丁目16-15","open_date":"1983-06-24","voronoi":{"type":"Feature","geometry":{"type":"Polygon","coordinates":[[[139.681971,35.737272],[139.680089,35.736627],[139.673244,35.742938],[139.672112,35.746772],[139.675055,35.753433],[139.679951,35.753968],[139.68774,35.748533],[139.687799,35.748458],[139.681971,35.737272]]]},"properties":{}}},
    {"code":2800607,"id":"d0a586","name":"千川","original_name":"千川","name_kana":"せんかわ","closed":false,"lat":35.738229,"lng":139.689271,"prefecture":13,"numbering":["F07"],"lines":[28006,28010],"attr":"eco","postal_code":"171-0043","address":"東京都豊島区要町三丁目10-7","open_date":"1983-06-24","voronoi":{"type":"Feature","geometry":{"type":"Polygon","coordinates":[[[139.693239,35.746837],[139.697157,35.741707],[139.692355,35.732636],[139.689839,35.731537],[139.681971,35.737272],[139.687799,35.748458],[139.693239,35.746837]]]},"properties":{}}},
    {"code":2800608,"id":"2cdd1b","name":"要町","original_name":"要町","name_kana":"かなめちょう","closed":false,"lat":35.73323,"lng":139.698715,"prefecture":13,"numbering":["F08"],"lines":[28006,28010],"attr":"eco","postal_code":"171-0043","address":"東京都豊島区要町一丁目1-10","open_date":"1983-06-24","voronoi":{"type":"Feature","geometry":{"type":"Polygon","coordinates":[[[139.704876,35.731643],[139.699799,35.72777],[139.692355,35.732636],[139.697157,35.741707],[139.706709,35.739267],[139.704876,35.731643]]]},"properties":{}}},
    {"code":1130212,"id":"a4dfd2","name":"池袋","original_name":"池袋","name_kana":"いけぶくろ","closed":false,"lat":35.730256,"lng":139.711086,"prefecture":13,"numbering":["F09"],"lines":[11302,11321,11333,21001,22001,28002,28006,28010],"attr":"heat","postal_code":"171-0022","address":"東京都豊島区南池袋一丁目28-2","open_date":"1903-04-01","voronoi":{"type":"Feature","geometry":{"type":"Polygon","coordinates":[[[139.71553,35.728395],[139.712811,35.725256],[139.710605,35.724398],[139.71058,35.724411],[139.704876,35.731643],[139.706709,35.739267],[139.706917,35.739364],[139.718277,35.733531],[139.71553,35.728395]]]},"properties":{}}},
    {"code":2801010,"id":"885b19","name":"雑司が谷","original_name":"雑司が谷","name_kana":"ぞうしがや","closed":false,"lat":35.720233,"lng":139.714795,"prefecture":13,"numbering":["F10"],"lines":[28010],"attr":"heat","postal_code":"171-0032","address":"豊島区雑司が谷二丁目","voronoi":{"type":"Feature","geometry":{"type":"Polygon","coordinates":[[[139.719227,35.717206],[139.710596,35.723349],[139.710503,35.720066],[139.716596,35.716511],[139.717708,35.716458],[139.719227,35.717206]]]},"properties":{}}},
    {"code":2801011,"id":"e25310","name":"西早稲田","original_name":"西早稲田","name_kana":"にしわせだ","closed":false,"lat":35.708242,"lng":139.709101,"prefecture":13,"numbering":["F11"],"lines":[28010],"attr":"heat","postal_code":"162-0051","address":"新宿区西早稲田二丁目","voronoi":{"type":"Feature","geometry":{"type":"Polygon","coordinates":[[[139.71278,35.702862],[139.705054,35.704111],[139.703106,35.706449],[139.708626,35.713154],[139.710049,35.712555],[139.715169,35.706782],[139.714774,35.704869],[139.71278,35.702862]]]},"properties":{}}},
    {"code":2801012,"id":"ab88e5","name":"東新宿","original_name":"東新宿","name_kana":"ひがししんじゅく","closed":false,"lat":35.698915,"lng":139.707593,"prefecture":13,"numbering":["F12"],"lines":[28010,99301],"attr":"heat","postal_code":"160-0022","address":"新宿区新宿７-２７-３","voronoi":{"type":"Feature","geometry":{"type":"Polygon","coordinates":[[[139.709395,35.693827],[139.704545,35.695449],[139.70352,35.698373],[139.705054,35.704111],[139.71278,35.702862],[139.713007,35.694911],[139.709395,35.693827]]]},"properties":{}}},
    {"code":2800217,"id":"a6c08b","name":"新宿三丁目","original_name":"新宿三丁目","name_kana":"しんじゅくさんちょうめ","closed":false,"lat":35.690847,"lng":139.704895,"prefecture":13,"numbering":["F13"],"lines":[28002,28010,99304],"attr":"cool","postal_code":"160-0022","address":"新宿区新宿３-１４-１","voronoi":{"type":"Feature","geometry":{"type":"Polygon","coordinates":[[[139.702152,35.692377],[139.70279,35.693861],[139.704545,35.695449],[139.709395,35.693827],[139.706309,35.685913],[139.703526,35.686933],[139.702152,35.692377]]]},"properties":{}}},
    {"code":2801014,"id":"206ac3","name":"北参道","original_name":"北参道","name_kana":"きたさんどう","closed":false,"lat":35.678459,"lng":139.705453,"prefecture":13,"numbering":["F14"],"lines":[28010],"attr":"heat","postal_code":"151-0051","address":"渋谷区千駄ヶ谷４丁目","voronoi":{"type":"Feature","geometry":{"type":"Polygon","coordinates":[[[139.707238,35.673375],[139.699486,35.676214],[139.6995,35.677512],[139.699663,35.677732],[139.707045,35.683204],[139.710828,35.674754],[139.711011,35.673487],[139.710606,35.672852],[139.707238,35.673375]]]},"properties":{}}},
    {"code":2800518,"id":"20eddf","name":"明治神宮前〈原宿〉","original_name":"明治神宮前〈原宿〉","name_kana":"めいじじんぐうまえ","closed":false,"lat":35.669072,"lng":139.703995,"prefecture":13,"numbering":["F15"],"lines":[28005,28010],"attr":"cool","postal_code":"150-0001","address":"渋谷区神宮前１丁目","voronoi":{"type":"Feature","geometry":{"type":"Polygon","coordinates":[[[139.707238,35.673375],[139.698068,35.665201],[139.706239,35.662993],[139.710637,35.672558],[139.710606,35.672852],[139.707238,35.673375]]]},"properties":{}}},
    {"code":1130205,"id":"8e9a53","name":"渋谷","original_name":"渋谷","name_kana":"しぶや","closed":false,"lat":35.658871,"lng":139.701238,"prefecture":13,"numbering":["F16"],"lines":[11302,11321,11328,11333,24006,26001,26003,28001,28008,28010],"attr":"cool","postal_code":"150-0043","address":"東京都渋谷区道玄坂一丁目1-1","open_date":"1885-03-01","voronoi":{"type":"Feature","geometry":{"type":"Polygon","coordinates":[[[139.706239,35.662993],[139.710216,35.656084],[139.708288,35.654687],[139.698522,35.652816],[139.695946,35.664944],[139.696334,35.6654],[139.698068,35.665201],[139.706239,35.662993]]]},"properties":{}}}
  ]
}