{
  "code":29002,
  "id":279,
  "name":"相鉄いずみ野線",
  "name_kana":"そうてついずみのせん",
  "station_size":8,
  "company_code":19,
  "closed":false,
  "color":"#2288CC",
  "symbol":"SO",
  "station_list":[
    {"code":2900110,"id":5322,"name":"二俣川","original_name":"二俣川","name_kana":"ふたまたがわ","closed":false,"lat":35.463335,"lng":139.532207,"prefecture":14,"numbering":["SO10"],"lines":[29001,29002],"attr":"eco","postal_code":"241-0821","address":"横浜市旭区二俣川２-９１-７","voronoi":{"type":"Feature","geometry":{"type":"Polygon","coordinates":[[[139.519929,35.482142],[139.521288,35.491175],[139.526619,35.490399],[139.552112,35.452518],[139.546698,35.448482],[139.523375,35.461128],[139.519929,35.482142]]]},"properties":{}}},
    {"code":2900202,"id":5329,"name":"南万騎が原","original_name":"南万騎が原","name_kana":"みなみまきがはら","closed":false,"lat":35.452522,"lng":139.526344,"prefecture":14,"numbering":["SO31"],"lines":[29002],"attr":"eco","postal_code":"241-0835","address":"横浜市旭区柏町１２８","voronoi":{"type":"Feature","geometry":{"type":"Polygon","coordinates":[[[139.523375,35.461128],[139.515445,35.449003],[139.540714,35.440263],[139.546698,35.448482],[139.523375,35.461128]]]},"properties":{}}},
    {"code":2900203,"id":5330,"name":"緑園都市","original_name":"緑園都市","name_kana":"りょくえんとし","closed":false,"lat":35.439502,"lng":139.521841,"prefecture":14,"numbering":["SO32"],"lines":[29002],"attr":"eco","postal_code":"245-0002","address":"横浜市泉区緑園３-１-１","voronoi":{"type":"Feature","geometry":{"type":"Polygon","coordinates":[[[139.532309,35.42132],[139.536069,35.422517],[139.540714,35.440263],[139.515445,35.449003],[139.507135,35.446004],[139.521211,35.423606],[139.525207,35.42212],[139.532309,35.42132]]]},"properties":{}}},
    {"code":2900204,"id":5331,"name":"弥生台","original_name":"弥生台","name_kana":"やよいだい","closed":false,"lat":35.429933,"lng":139.506615,"prefecture":14,"numbering":["SO33"],"lines":[29002],"attr":"eco","postal_code":"245-0008","address":"横浜市泉区弥生台５-２","voronoi":{"type":"Feature","geometry":{"type":"Polygon","coordinates":[[[139.521211,35.423606],[139.507866,35.420274],[139.501164,35.423033],[139.500088,35.447782],[139.507135,35.446004],[139.521211,35.423606]]]},"properties":{}}},
    {"code":2900205,"id":5332,"name":"いずみ野","original_name":"いずみ野","name_kana":"いずみの","closed":false,"lat":35.429434,"lng":139.495135,"prefecture":14,"numbering":["SO34"],"lines":[29002],"attr":"cool","postal_code":"245-0016","address":"横浜市泉区和泉町５７３６","voronoi":{"type":"Feature","geometry":{"type":"Polygon","coordinates":[[[139.479774,35.428808],[139.480989,35.440734],[139.487207,35.449418],[139.490157,35.450322],[139.498689,35.448648],[139.500088,35.447782],[139.501164,35.423033],[139.49422,35.42072],[139.479774,35.428808]]]},"properties":{}}},
    {"code":2900206,"id":5333,"name":"いずみ中央","original_name":"いずみ中央","name_kana":"いずみちゅうおう","closed":false,"lat":35.415385,"lng":139.48727,"prefecture":14,"numbering":["SO35"],"lines":[29002],"attr":"cool","postal_code":"245-0016","address":"横浜市泉区和泉町３５４０","voronoi":{"type":"Feature","geometry":{"type":"Polygon","coordinates":[[[139.479774,35.428808],[139.475177,35.422794],[139.476191,35.414769],[139.489476,35.407989],[139.493042,35.406766],[139.49422,35.42072],[139.479774,35.428808]]]},"properties":{}}},
    {"code":2900207,"id":5334,"name":"ゆめが丘","original_name":"ゆめが丘","name_kana":"ゆめがおか","closed":false,"lat":35.405436,"lng":139.482192,"prefecture":14,"numbering":["SO36"],"lines":[29002],"attr":"cool","postal_code":"245-0017","address":"横浜市泉区下飯田町１５５５-９","voronoi":{"type":"Feature","geometry":{"type":"Polygon","coordinates":[[[139.472034,35.404986],[139.476191,35.414769],[139.489476,35.407989],[139.474689,35.400316],[139.472034,35.404986]]]},"properties":{}}},
    {"code":2500210,"id":5031,"name":"湘南台","original_name":"湘南台","name_kana":"しょうなんだい","closed":false,"lat":35.396488,"lng":139.466451,"prefecture":14,"numbering":["SO37"],"lines":[25002,29002,99316],"attr":"cool","postal_code":"252-0804","address":"藤沢市湘南台２-１５","voronoi":{"type":"Feature","geometry":{"type":"Polygon","coordinates":[[[139.423283,35.401526],[139.422456,35.394573],[139.422458,35.39446],[139.432288,35.378115],[139.477692,35.393149],[139.474689,35.400316],[139.472034,35.404986],[139.423283,35.401526]]]},"properties":{}}}
  ]
}