{
  "code":29001,
  "id":278,
  "name":"相鉄本線",
  "name_kana":"そうてつほんせん",
  "station_size":18,
  "company_code":19,
  "closed":false,
  "color":"#2288CC",
  "symbol":"SO",
  "station_list":[
    {"code":1130105,"id":1262,"name":"横浜","original_name":"横浜","name_kana":"よこはま","closed":false,"lat":35.466195,"lng":139.622704,"prefecture":14,"numbering":["SO01"],"lines":[11301,11307,11308,11328,11332,11333,26001,27001,29001,99310,99316],"attr":"cool","postal_code":"220-0011","address":"横浜市西区高島２丁目","voronoi":{"type":"Feature","geometry":{"type":"Polygon","coordinates":[[[139.614755,35.468292],[139.621,35.462082],[139.622626,35.462303],[139.627428,35.466566],[139.622707,35.470872],[139.619443,35.471878],[139.614755,35.468292]]]},"properties":{}}},
    {"code":2900102,"id":5314,"name":"平沼橋","original_name":"平沼橋","name_kana":"ひらぬまばし","closed":false,"lat":35.460355,"lng":139.616897,"prefecture":14,"numbering":["SO02"],"lines":[29001],"attr":"eco","postal_code":"220-0024","address":"横浜市西区西平沼町３-７","voronoi":{"type":"Feature","geometry":{"type":"Polygon","coordinates":[[[139.620487,35.460108],[139.621,35.462082],[139.614755,35.468292],[139.610089,35.467689],[139.606262,35.464967],[139.606581,35.464249],[139.61402,35.455483],[139.620487,35.460108]]]},"properties":{}}},
    {"code":2900103,"id":5315,"name":"西横浜","original_name":"西横浜","name_kana":"にしよこはま","closed":false,"lat":35.453437,"lng":139.608745,"prefecture":14,"numbering":["SO03"],"lines":[29001],"attr":"eco","postal_code":"220-0024","address":"横浜市西区西平沼町８-１","voronoi":{"type":"Feature","geometry":{"type":"Polygon","coordinates":[[[139.616414,35.447376],[139.615452,35.446416],[139.608389,35.444421],[139.60521,35.448733],[139.606581,35.464249],[139.61402,35.455483],[139.616414,35.447376]]]},"properties":{}}},
    {"code":2900104,"id":5316,"name":"天王町","original_name":"天王町","name_kana":"てんのうちょう","closed":false,"lat":35.453984,"lng":139.602554,"prefecture":14,"numbering":["SO04"],"lines":[29001],"attr":"eco","postal_code":"240-0003","address":"横浜市保土ケ谷区天王町２-４５-５","voronoi":{"type":"Feature","geometry":{"type":"Polygon","coordinates":[[[139.60521,35.448733],[139.596272,35.452293],[139.604055,35.465245],[139.606262,35.464967],[139.606581,35.464249],[139.60521,35.448733]]]},"properties":{}}},
    {"code":2900105,"id":5317,"name":"星川(神奈川)","original_name":"星川","name_kana":"ほしかわ","closed":false,"lat":35.458634,"lng":139.594816,"prefecture":14,"numbering":["SO05"],"lines":[29001],"attr":"eco","postal_code":"240-0006","address":"横浜市保土ケ谷区星川１-１-１","voronoi":{"type":"Feature","geometry":{"type":"Polygon","coordinates":[[[139.604055,35.465245],[139.596217,35.469879],[139.58166,35.446326],[139.596272,35.452293],[139.604055,35.465245]]]},"properties":{}}},
    {"code":2900106,"id":5318,"name":"和田町","original_name":"和田町","name_kana":"わだまち","closed":false,"lat":35.463597,"lng":139.586786,"prefecture":14,"numbering":["SO06"],"lines":[29001],"attr":"eco","postal_code":"240-0044","address":"横浜市保土ケ谷区仏向町４","voronoi":{"type":"Feature","geometry":{"type":"Polygon","coordinates":[[[139.594254,35.472705],[139.596217,35.469879],[139.58166,35.446326],[139.576707,35.442539],[139.571944,35.446836],[139.587585,35.472446],[139.594254,35.472705]]]},"properties":{}}},
    {"code":2900107,"id":5319,"name":"上星川","original_name":"上星川","name_kana":"かみほしかわ","closed":false,"lat":35.467694,"lng":139.580078,"prefecture":14,"numbering":["SO07"],"lines":[29001],"attr":"eco","postal_code":"240-0042","address":"横浜市保土ケ谷区上星川町２２","voronoi":{"type":"Feature","geometry":{"type":"Polygon","coordinates":[[[139.571944,35.446836],[139.560628,35.453892],[139.56137,35.456973],[139.576239,35.477504],[139.587585,35.472446],[139.571944,35.446836]]]},"properties":{}}},
    {"code":2900108,"id":5320,"name":"西谷","original_name":"西谷","name_kana":"にしや","closed":false,"lat":35.478092,"lng":139.565721,"prefecture":14,"numbering":["SO08"],"lines":[29001,29003],"attr":"eco","postal_code":"240-0052","address":"横浜市保土ケ谷区西谷町１１０１","open_date":"1926-12-01","voronoi":{"type":"Feature","geometry":{"type":"Polygon","coordinates":[[[139.576239,35.477504],[139.573685,35.494224],[139.554151,35.495026],[139.56137,35.456973],[139.576239,35.477504]]]},"properties":{}}},
    {"code":2900109,"id":5321,"name":"鶴ヶ峰","original_name":"鶴ヶ峰","name_kana":"つるがみね","closed":false,"lat":35.475031,"lng":139.549586,"prefecture":14,"numbering":["SO09"],"lines":[29001],"attr":"eco","postal_code":"241-0022","address":"横浜市旭区鶴ケ峰二丁目","voronoi":{"type":"Feature","geometry":{"type":"Polygon","coordinates":[[[139.560628,35.453892],[139.552112,35.452518],[139.526619,35.490399],[139.551118,35.496502],[139.554151,35.495026],[139.56137,35.456973],[139.560628,35.453892]]]},"properties":{}}},
    {"code":2900110,"id":5322,"name":"二俣川","original_name":"二俣川","name_kana":"ふたまたがわ","closed":false,"lat":35.463335,"lng":139.532207,"prefecture":14,"numbering":["SO10"],"lines":[29001,29002],"attr":"eco","postal_code":"241-0821","address":"横浜市旭区二俣川２-９１-７","voronoi":{"type":"Feature","geometry":{"type":"Polygon","coordinates":[[[139.519929,35.482142],[139.521288,35.491175],[139.526619,35.490399],[139.552112,35.452518],[139.546698,35.448482],[139.523375,35.461128],[139.519929,35.482142]]]},"properties":{}}},
    {"code":2900111,"id":5323,"name":"希望ヶ丘","original_name":"希望ヶ丘","name_kana":"きぼうがおか","closed":false,"lat":35.460399,"lng":139.5143,"prefecture":14,"numbering":["SO11"],"lines":[29001],"attr":"cool","postal_code":"241-0825","address":"横浜市旭区中希望が丘","voronoi":{"type":"Feature","geometry":{"type":"Polygon","coordinates":[[[139.500088,35.447782],[139.498689,35.448648],[139.519929,35.482142],[139.523375,35.461128],[139.515445,35.449003],[139.507135,35.446004],[139.500088,35.447782]]]},"properties":{}}},
    {"code":2900112,"id":5324,"name":"三ツ境","original_name":"三ツ境","name_kana":"みつきょう","closed":false,"lat":35.467779,"lng":139.502662,"prefecture":14,"numbering":["SO12"],"lines":[29001],"attr":"cool","postal_code":"246-0022","address":"横浜市瀬谷区三ツ境４","voronoi":{"type":"Feature","geometry":{"type":"Polygon","coordinates":[[[139.490157,35.450322],[139.495884,35.494015],[139.505369,35.49805],[139.515716,35.495567],[139.521288,35.491175],[139.519929,35.482142],[139.498689,35.448648],[139.490157,35.450322]]]},"properties":{}}},
    {"code":2900113,"id":5325,"name":"瀬谷","original_name":"瀬谷","name_kana":"せや","closed":false,"lat":35.470412,"lng":139.482574,"prefecture":14,"numbering":["SO13"],"lines":[29001],"attr":"cool","postal_code":"246-0031","address":"横浜市瀬谷区瀬谷４-１-１","voronoi":{"type":"Feature","geometry":{"type":"Polygon","coordinates":[[[139.490157,35.450322],[139.487207,35.449418],[139.472356,35.461969],[139.471406,35.488164],[139.472407,35.489752],[139.486072,35.493828],[139.495884,35.494015],[139.490157,35.450322]]]},"properties":{}}},
    {"code":2500206,"id":5027,"name":"大和(神奈川)","original_name":"大和","name_kana":"やまと","closed":false,"lat":35.46965,"lng":139.461553,"prefecture":14,"numbering":["SO14"],"lines":[25002,29001],"attr":"eco","postal_code":"242-0016","address":"大和市大和南１-１-１","voronoi":{"type":"Feature","geometry":{"type":"Polygon","coordinates":[[[139.450747,35.457254],[139.451778,35.477861],[139.471406,35.488164],[139.472356,35.461969],[139.450747,35.457254]]]},"properties":{}}},
    {"code":2900115,"id":5326,"name":"相模大塚","original_name":"相模大塚","name_kana":"さがみおおつか","closed":false,"lat":35.470666,"lng":139.441232,"prefecture":14,"numbering":["SO15"],"lines":[29001],"attr":"cool","postal_code":"242-0028","address":"大和市桜森３-１-１","voronoi":{"type":"Feature","geometry":{"type":"Polygon","coordinates":[[[139.450747,35.457254],[139.451778,35.477861],[139.436095,35.48522],[139.43303,35.439656],[139.433095,35.43924],[139.438841,35.442798],[139.450747,35.457254]]]},"properties":{}}},
    {"code":2900116,"id":5327,"name":"さがみ野","original_name":"さがみ野","name_kana":"さがみの","closed":false,"lat":35.471485,"lng":139.429055,"prefecture":14,"numbering":["SO16"],"lines":[29001],"attr":"heat","postal_code":"243-0401","address":"海老名市東柏ケ谷２-３０-２８","voronoi":{"type":"Feature","geometry":{"type":"Polygon","coordinates":[[[139.435514,35.485875],[139.4277,35.491978],[139.417065,35.484121],[139.43303,35.439656],[139.436095,35.48522],[139.435514,35.485875]]]},"properties":{}}},
    {"code":2900117,"id":5328,"name":"かしわ台","original_name":"かしわ台","name_kana":"かしわだい","closed":false,"lat":35.466744,"lng":139.415851,"prefecture":14,"numbering":["SO17"],"lines":[29001],"attr":"heat","postal_code":"243-0402","address":"海老名市柏ケ谷１０２６","voronoi":{"type":"Feature","geometry":{"type":"Polygon","coordinates":[[[139.417065,35.484121],[139.43303,35.439656],[139.433095,35.43924],[139.421583,35.422758],[139.419519,35.424482],[139.400326,35.46533],[139.417005,35.484107],[139.417065,35.484121]]]},"properties":{}}},
    {"code":1130911,"id":1419,"name":"海老名","original_name":"海老名","name_kana":"えびな","closed":false,"lat":35.454282,"lng":139.389328,"prefecture":14,"numbering":["SO18"],"lines":[11309,25001,29001],"attr":"cool","postal_code":"243-0434","address":"海老名市上郷","voronoi":{"type":"Feature","geometry":{"type":"Polygon","coordinates":[[[139.400326,35.46533],[139.400281,35.465348],[139.364093,35.469214],[139.401964,35.43075],[139.419519,35.424482],[139.400326,35.46533]]]},"properties":{}}}
  ]
}