{
  "code":30007,
  "id":"26f31b",
  "name":"名鉄空港線",
  "name_kana":"めいてつくうこうせん",
  "station_size":3,
  "company_code":20,
  "closed":false,
  "color":"#0000CD",
  "symbol":"TA",
  "station_list":[
    {"code":3000701,"id":"bea5fb","name":"常滑","original_name":"常滑","name_kana":"とこなめ","closed":false,"lat":34.891167,"lng":136.834992,"prefecture":23,"numbering":["TA22"],"lines":[30007,30008],"attr":"eco","postal_code":"479-0838","address":"常滑市鯉江本町５-１４１","voronoi":{"type":"Feature","geometry":{"type":"Polygon","coordinates":[[[136.825784,34.888859],[136.870641,34.862219],[136.873598,34.869564],[136.879156,34.904528],[136.877844,34.908941],[136.873224,34.918566],[136.851447,34.907819],[136.825784,34.888859]]]},"properties":{}}},
    {"code":3000702,"id":"411bc8","name":"りんくう常滑","original_name":"りんくう常滑","name_kana":"りんくうとこなめ","closed":false,"lat":34.87967,"lng":136.828164,"prefecture":23,"numbering":["TA23"],"lines":[30007],"attr":"cool","postal_code":"479-0882","address":"常滑市りんくう町","voronoi":{"type":"Feature","geometry":{"type":"Polygon","coordinates":[[[136.870641,34.862219],[136.868875,34.854897],[136.85778,34.848967],[136.782581,34.892381],[136.801988,34.892338],[136.825784,34.888859],[136.870641,34.862219]]]},"properties":{}}},
    {"code":3000703,"id":"7070e7","name":"中部国際空港","original_name":"中部国際空港","name_kana":"ちゅうぶこくさいくうこう","closed":false,"lat":34.859262,"lng":136.816382,"prefecture":23,"numbering":["TA24"],"lines":[30007],"attr":"eco","postal_code":"479-0881","address":"常滑市セントレア","voronoi":{"type":"Feature","geometry":{"type":"Polygon","coordinates":[[[136.830471,34.822449],[136.792265,34.792211],[136.714599,34.752646],[136.713497,34.803955],[136.71454,34.824429],[136.717395,34.851931],[136.719687,34.865405],[136.728793,34.902362],[136.77002,34.89564],[136.782581,34.892381],[136.85778,34.848967],[136.830471,34.822449]]]},"properties":{}}}
  ]
}