{
  "code":30002,
  "id":281,
  "name":"名鉄豊川線",
  "name_kana":"めいてつとよかわせん",
  "station_size":5,
  "company_code":20,
  "closed":false,
  "color":"#DC143C",
  "symbol":"TK",
  "station_list":[
    {"code":3000104,"id":5337,"name":"国府(愛知)","original_name":"国府","name_kana":"こう","closed":false,"lat":34.83752,"lng":137.328101,"prefecture":23,"numbering":["NH04"],"lines":[30001,30002],"attr":"cool","postal_code":"442-0856","address":"豊川市久保町葉善寺","voronoi":{"type":"Feature","geometry":{"type":"Polygon","coordinates":[[[137.31035,34.830642],[137.330491,34.821251],[137.337871,34.826916],[137.349813,34.861219],[137.31035,34.830642]]]},"properties":{}}},
    {"code":3000202,"id":5393,"name":"八幡(愛知)","original_name":"八幡","name_kana":"やわた","closed":false,"lat":34.82916,"lng":137.352113,"prefecture":23,"numbering":["TK01"],"lines":[30002],"attr":"heat","postal_code":"442-0857","address":"豊川市八幡町野路","voronoi":{"type":"Feature","geometry":{"type":"Polygon","coordinates":[[[137.337871,34.826916],[137.349813,34.861219],[137.366889,34.89211],[137.367139,34.89245],[137.374356,34.868421],[137.358578,34.81755],[137.337871,34.826916]]]},"properties":{}}},
    {"code":3000203,"id":5394,"name":"諏訪町","original_name":"諏訪町","name_kana":"すわちょう","closed":false,"lat":34.823464,"lng":137.370479,"prefecture":23,"numbering":["TK02"],"lines":[30002],"attr":"heat","postal_code":"442-0068","address":"豊川市諏訪３-２５０","voronoi":{"type":"Feature","geometry":{"type":"Polygon","coordinates":[[[137.368195,34.810095],[137.365683,34.810815],[137.359206,34.815761],[137.358578,34.81755],[137.374356,34.868421],[137.384763,34.849661],[137.384409,34.839684],[137.384364,34.83901],[137.378092,34.817529],[137.368195,34.810095]]]},"properties":{}}},
    {"code":3000204,"id":5395,"name":"稲荷口","original_name":"稲荷口","name_kana":"いなりぐち","closed":false,"lat":34.818435,"lng":137.387703,"prefecture":23,"numbering":["TK03"],"lines":[30002],"attr":"cool","postal_code":"442-0044","address":"豊川市二見町駅前通","voronoi":{"type":"Feature","geometry":{"type":"Polygon","coordinates":[[[137.378092,34.817529],[137.384364,34.83901],[137.397649,34.805579],[137.378092,34.817529]]]},"properties":{}}},
    {"code":3000205,"id":5396,"name":"豊川稲荷","original_name":"豊川稲荷","name_kana":"とよかわいなり","closed":false,"lat":34.821755,"lng":137.396058,"prefecture":23,"numbering":["TK04"],"lines":[30002],"attr":"eco","postal_code":"442-0033","address":"豊川市豊川町仁保通１８","voronoi":{"type":"Feature","geometry":{"type":"Polygon","coordinates":[[[137.384364,34.83901],[137.384409,34.839684],[137.414409,34.796529],[137.413614,34.796288],[137.407428,34.794914],[137.397649,34.805579],[137.384364,34.83901]]]},"properties":{}}}
  ]
}