{
  "code":30012,
  "id":"0ef6c7",
  "name":"名鉄瀬戸線",
  "name_kana":"めいてつせとせん",
  "station_size":20,
  "company_code":20,
  "closed":false,
  "color":"#800080",
  "symbol":"ST",
  "station_list":[
    {"code":3001204,"id":"0e0b4b","name":"栄町(愛知)","original_name":"栄町","name_kana":"さかえまち","closed":false,"lat":35.170567,"lng":136.908962,"prefecture":23,"numbering":["ST01"],"lines":[30012],"attr":"cool","postal_code":"461-0005","address":"名古屋市東区東桜１-１２","voronoi":{"type":"Feature","geometry":{"type":"Polygon","coordinates":[[[136.911939,35.173022],[136.907487,35.171907],[136.910416,35.167182],[136.914718,35.1672],[136.914711,35.167714],[136.911939,35.173022]]]},"properties":{}}},
    {"code":3001205,"id":"c0cc53","name":"東大手","original_name":"東大手","name_kana":"ひがしおおて","closed":false,"lat":35.183727,"lng":136.908376,"prefecture":23,"numbering":["ST02"],"lines":[30012],"attr":"cool","postal_code":"460-0001","address":"名古屋市中区三の丸４-１７","voronoi":{"type":"Feature","geometry":{"type":"Polygon","coordinates":[[[136.909159,35.188513],[136.90445,35.186001],[136.909712,35.178724],[136.91173,35.178679],[136.914187,35.18053],[136.909159,35.188513]]]},"properties":{}}},
    {"code":3001207,"id":"3f0e8e","name":"清水(愛知)","original_name":"清水","name_kana":"しみず","closed":false,"lat":35.187152,"lng":136.913814,"prefecture":23,"numbering":["ST03"],"lines":[30012],"attr":"cool","postal_code":"462-0844","address":"名古屋市北区清水２-５-１","voronoi":{"type":"Feature","geometry":{"type":"Polygon","coordinates":[[[136.914187,35.18053],[136.909159,35.188513],[136.91029,35.191549],[136.915422,35.193409],[136.91572,35.193168],[136.917513,35.180998],[136.914187,35.18053]]]},"properties":{}}},
    {"code":3001208,"id":"d739ac","name":"尼ヶ坂","original_name":"尼ヶ坂","name_kana":"あまがさか","closed":false,"lat":35.187957,"lng":136.91928,"prefecture":23,"numbering":["ST04"],"lines":[30012],"attr":"cool","postal_code":"462-0837","address":"名古屋市北区大杉1丁目20-1","voronoi":{"type":"Feature","geometry":{"type":"Polygon","coordinates":[[[136.924368,35.191163],[136.91572,35.193168],[136.917513,35.180998],[136.922832,35.17961],[136.924705,35.180941],[136.924368,35.191163]]]},"properties":{}}},
    {"code":3001209,"id":"23d67c","name":"森下(愛知)","original_name":"森下","name_kana":"もりした","closed":false,"lat":35.188299,"lng":136.929657,"prefecture":23,"numbering":["ST05"],"lines":[30012],"attr":"cool","postal_code":"461-0025","address":"名古屋市東区徳川２-２５","voronoi":{"type":"Feature","geometry":{"type":"Polygon","coordinates":[[[136.937283,35.180844],[136.932482,35.192071],[136.925338,35.192189],[136.924368,35.191163],[136.924705,35.180941],[136.937283,35.180844]]]},"properties":{}}},
    {"code":1141105,"id":"86e45d","name":"大曽根","original_name":"大曽根","name_kana":"おおぞね","closed":false,"lat":35.191508,"lng":136.937161,"prefecture":23,"numbering":["ST06"],"lines":[11411,30012,99514,99523],"attr":"eco","postal_code":"461-0022","address":"名古屋市東区東大曽根町","voronoi":{"type":"Feature","geometry":{"type":"Polygon","coordinates":[[[136.937255,35.200025],[136.932482,35.192071],[136.937283,35.180844],[136.937585,35.180716],[136.940162,35.180736],[136.941729,35.196259],[136.940541,35.202028],[136.937255,35.200025]]]},"properties":{}}},
    {"code":3001211,"id":"ecc8a4","name":"矢田(愛知)","original_name":"矢田","name_kana":"やだ","closed":false,"lat":35.193699,"lng":136.947802,"prefecture":23,"numbering":["ST07"],"lines":[30012],"attr":"cool","postal_code":"461-0043","address":"名古屋市東区大幸１-１０","voronoi":{"type":"Feature","geometry":{"type":"Polygon","coordinates":[[[136.952931,35.193881],[136.949591,35.189602],[136.941729,35.196259],[136.940541,35.202028],[136.940889,35.202651],[136.950074,35.200348],[136.950294,35.200126],[136.952931,35.193881]]]},"properties":{}}},
    {"code":3001212,"id":"427396","name":"守山自衛隊前","original_name":"守山自衛隊前","name_kana":"もりやまじえいたいまえ","closed":false,"lat":35.196258,"lng":136.957843,"prefecture":23,"numbering":["ST08"],"lines":[30012],"attr":"cool","postal_code":"463-0065","address":"名古屋市守山区廿軒家５-７","voronoi":{"type":"Feature","geometry":{"type":"Polygon","coordinates":[[[136.961003,35.20005],[136.960234,35.199916],[136.954026,35.193544],[136.960026,35.190426],[136.962181,35.191243],[136.961003,35.20005]]]},"properties":{}}},
    {"code":3001213,"id":"d0aa5a","name":"瓢箪山(愛知)","original_name":"瓢箪山","name_kana":"ひょうたんやま","closed":false,"lat":35.197222,"lng":136.965048,"prefecture":23,"numbering":["ST09"],"lines":[30012],"attr":"cool","postal_code":"463-0062","address":"名古屋市守山区長栄１５-１７","voronoi":{"type":"Feature","geometry":{"type":"Polygon","coordinates":[[[136.968661,35.204977],[136.973177,35.188806],[136.962181,35.191243],[136.961003,35.20005],[136.963396,35.203779],[136.968661,35.204977]]]},"properties":{}}},
    {"code":3001214,"id":"2e2e85","name":"小幡","original_name":"小幡","name_kana":"おばた","closed":false,"lat":35.200216,"lng":136.975769,"prefecture":23,"numbering":["ST10"],"lines":[30012],"attr":"cool","postal_code":"463-0048","address":"名古屋市守山区小幡南１-２１-２１","voronoi":{"type":"Feature","geometry":{"type":"Polygon","coordinates":[[[136.97479,35.208587],[136.979684,35.207726],[136.988573,35.185941],[136.983988,35.183051],[136.976905,35.185577],[136.973177,35.188806],[136.968661,35.204977],[136.96924,35.205758],[136.97479,35.208587]]]},"properties":{}}},
    {"code":3001215,"id":"cd7163","name":"喜多山(愛知)","original_name":"喜多山","name_kana":"きたやま","closed":false,"lat":35.205099,"lng":136.987735,"prefecture":23,"numbering":["ST11"],"lines":[30012],"attr":"heat","postal_code":"463-0011","address":"名古屋市守山区小幡字二軒家２６１０-１３","voronoi":{"type":"Feature","geometry":{"type":"Polygon","coordinates":[[[136.990465,35.213794],[136.984351,35.211607],[136.979684,35.207726],[136.988573,35.185941],[136.99366,35.187071],[136.995805,35.188391],[136.990465,35.213794]]]},"properties":{}}},
    {"code":3001216,"id":"3e9ced","name":"大森・金城学院前","original_name":"大森・金城学院前","name_kana":"おおもり・きんじょうがくいんまえ","closed":false,"lat":35.206934,"lng":136.996465,"prefecture":23,"numbering":["ST12"],"lines":[30012],"attr":"heat","postal_code":"463-0021","address":"名古屋市守山区大森３-３０１","voronoi":{"type":"Feature","geometry":{"type":"Polygon","coordinates":[[[136.999503,35.224186],[136.990465,35.213794],[136.995805,35.188391],[137.005461,35.191472],[137.006792,35.192188],[137.008164,35.193584],[136.999503,35.224186]]]},"properties":{}}},
    {"code":3001217,"id":"f52a5b","name":"印場","original_name":"印場","name_kana":"いんば","closed":false,"lat":35.211085,"lng":137.011132,"prefecture":23,"numbering":["ST13"],"lines":[30012],"attr":"heat","postal_code":"488-0841","address":"尾張旭市印場元町北山４４０９-３","voronoi":{"type":"Feature","geometry":{"type":"Polygon","coordinates":[[[136.999503,35.224186],[137.000884,35.229258],[137.006211,35.233551],[137.007894,35.233593],[137.02062,35.198132],[137.008164,35.193584],[136.999503,35.224186]]]},"properties":{}}},
    {"code":3001218,"id":"7c77b8","name":"旭前","original_name":"旭前","name_kana":"あさひまえ","closed":false,"lat":35.214162,"lng":137.019706,"prefecture":23,"numbering":["ST14"],"lines":[30012],"attr":"heat","postal_code":"488-0855","address":"愛知県尾張旭市旭前町五丁目4-5","voronoi":{"type":"Feature","geometry":{"type":"Polygon","coordinates":[[[137.030632,35.198758],[137.02062,35.198132],[137.007894,35.233593],[137.024646,35.237455],[137.030632,35.198758]]]},"properties":{}}},
    {"code":3001219,"id":"624dd2","name":"尾張旭","original_name":"尾張旭","name_kana":"おわりあさひ","closed":false,"lat":35.216743,"lng":137.036393,"prefecture":23,"numbering":["ST15"],"lines":[30012],"attr":"heat","postal_code":"488-0801","address":"尾張旭市東大道町原田２５９１-３","voronoi":{"type":"Feature","geometry":{"type":"Polygon","coordinates":[[[137.04508,35.239767],[137.031301,35.241901],[137.024646,35.237455],[137.030632,35.198758],[137.034186,35.197251],[137.04378,35.196999],[137.04508,35.239767]]]},"properties":{}}},
    {"code":3001220,"id":"5369ad","name":"三郷(愛知)","original_name":"三郷","name_kana":"さんごう","closed":false,"lat":35.216258,"lng":137.052352,"prefecture":23,"numbering":["ST16"],"lines":[30012],"attr":"heat","postal_code":"488-0015","address":"尾張旭市三郷町栄９２-１","voronoi":{"type":"Feature","geometry":{"type":"Polygon","coordinates":[[[137.052325,35.238967],[137.049543,35.240564],[137.04508,35.239767],[137.04378,35.196999],[137.050736,35.193938],[137.054796,35.193718],[137.061796,35.195099],[137.066281,35.208918],[137.052325,35.238967]]]},"properties":{}}},
    {"code":3001221,"id":"60c6c6","name":"水野","original_name":"水野","name_kana":"みずの","closed":false,"lat":35.224296,"lng":137.069659,"prefecture":23,"numbering":["ST17"],"lines":[30012],"attr":"eco","postal_code":"489-0917","address":"瀬戸市效範町２-７５","voronoi":{"type":"Feature","geometry":{"type":"Polygon","coordinates":[[[137.052325,35.238967],[137.071806,35.23726],[137.075117,35.21504],[137.066281,35.208918],[137.052325,35.238967]]]},"properties":{}}},
    {"code":3001222,"id":"8dc7de","name":"新瀬戸","original_name":"新瀬戸","name_kana":"しんせと","closed":false,"lat":35.225485,"lng":137.077639,"prefecture":23,"numbering":["ST18"],"lines":[30012],"attr":"eco","postal_code":"489-0066","address":"瀬戸市東横山町６２","voronoi":{"type":"Feature","geometry":{"type":"Polygon","coordinates":[[[137.080583,35.220972],[137.071843,35.237268],[137.071806,35.23726],[137.075117,35.21504],[137.080217,35.216186],[137.080583,35.220972]]]},"properties":{}}},
    {"code":3001223,"id":"dedfa0","name":"瀬戸市役所前","original_name":"瀬戸市役所前","name_kana":"せとしやくしょまえ","closed":false,"lat":35.224986,"lng":137.084177,"prefecture":23,"numbering":["ST19"],"lines":[30012],"attr":"eco","postal_code":"489-0065","address":"瀬戸市西追分町２","voronoi":{"type":"Feature","geometry":{"type":"Polygon","coordinates":[[[137.080217,35.216186],[137.080583,35.220972],[137.083761,35.240435],[137.090569,35.243712],[137.090808,35.21485],[137.080217,35.216186]]]},"properties":{}}},
    {"code":3001224,"id":"c45106","name":"尾張瀬戸","original_name":"尾張瀬戸","name_kana":"おわりせと","closed":false,"lat":35.225094,"lng":137.09727,"prefecture":23,"numbering":["ST20"],"lines":[30012],"attr":"eco","postal_code":"489-0811","address":"瀬戸市山脇町７","voronoi":{"type":"Feature","geometry":{"type":"Polygon","coordinates":[[[137.090569,35.243712],[137.102529,35.25568],[137.125521,35.262757],[137.19178,35.259573],[137.221934,35.240575],[137.209456,35.230655],[137.09578,35.21069],[137.090808,35.21485],[137.090569,35.243712]]]},"properties":{}}}
  ]
}