{
  "code":30020,
  "id":298,
  "name":"名鉄竹鼻線",
  "name_kana":"めいてつたけはなせん",
  "station_size":9,
  "company_code":20,
  "closed":false,
  "color":"#DAA520",
  "symbol":"TH",
  "station_list":[
    {"code":3000156,"id":5388,"name":"笠松","original_name":"笠松","name_kana":"かさまつ","closed":false,"lat":35.37466,"lng":136.764664,"prefecture":21,"numbering":["NH56"],"lines":[30001,30020],"attr":"heat","postal_code":"501-6037","address":"羽島郡笠松町西金池町","voronoi":{"type":"Feature","geometry":{"type":"Polygon","coordinates":[[[136.748064,35.387823],[136.764487,35.36799],[136.780962,35.377988],[136.748064,35.387823]]]},"properties":{}}},
    {"code":3002002,"id":5599,"name":"西笠松","original_name":"西笠松","name_kana":"にしかさまつ","closed":false,"lat":35.36906,"lng":136.757901,"prefecture":21,"numbering":["TH01"],"lines":[30020],"attr":"cool","postal_code":"501-6077","address":"羽島郡笠松町天王町４５","voronoi":{"type":"Feature","geometry":{"type":"Polygon","coordinates":[[[136.748064,35.387823],[136.764487,35.36799],[136.759407,35.351976],[136.752046,35.351962],[136.744071,35.388846],[136.746064,35.388914],[136.748064,35.387823]]]},"properties":{}}},
    {"code":3002003,"id":5600,"name":"柳津(岐阜)","original_name":"柳津","name_kana":"やないづ","closed":false,"lat":35.365114,"lng":136.73965,"prefecture":21,"numbering":["TH02"],"lines":[30020],"attr":"heat","postal_code":"501-6111","address":"岐阜市柳津町宮東","voronoi":{"type":"Feature","geometry":{"type":"Polygon","coordinates":[[[136.742562,35.389419],[136.744071,35.388846],[136.752046,35.351962],[136.746472,35.348584],[136.710525,35.371609],[136.714931,35.378073],[136.742562,35.389419]]]},"properties":{}}},
    {"code":3002004,"id":5601,"name":"南宿","original_name":"南宿","name_kana":"みなみじゅく","closed":false,"lat":35.347869,"lng":136.728604,"prefecture":21,"numbering":["TH03"],"lines":[30020],"attr":"heat","postal_code":"501-6203","address":"羽島市足近町南宿字北出９１６-１","voronoi":{"type":"Feature","geometry":{"type":"Polygon","coordinates":[[[136.746472,35.348584],[136.710525,35.371609],[136.695265,35.360664],[136.706329,35.34904],[136.742886,35.340473],[136.746472,35.348584]]]},"properties":{}}},
    {"code":3002005,"id":5602,"name":"須賀","original_name":"須賀","name_kana":"すか","closed":false,"lat":35.340192,"lng":136.726805,"prefecture":21,"numbering":["TH04"],"lines":[30020],"attr":"eco","postal_code":"501-6217","address":"羽島市正木町須賀小松２１９","voronoi":{"type":"Feature","geometry":{"type":"Polygon","coordinates":[[[136.740372,35.325704],[136.742886,35.340473],[136.706329,35.34904],[136.70661,35.348614],[136.740372,35.325704]]]},"properties":{}}},
    {"code":3002006,"id":5603,"name":"不破一色","original_name":"不破一色","name_kana":"ふわいしき","closed":false,"lat":35.332959,"lng":136.721897,"prefecture":21,"numbering":["TH05"],"lines":[30020],"attr":"eco","postal_code":"501-6216","address":"羽島市正木町須賀字道下２２２１-５","voronoi":{"type":"Feature","geometry":{"type":"Polygon","coordinates":[[[136.72225,35.309675],[136.70661,35.348614],[136.740372,35.325704],[136.740465,35.323966],[136.735733,35.302448],[136.730569,35.299135],[136.72225,35.309675]]]},"properties":{}}},
    {"code":3002007,"id":5604,"name":"竹鼻","original_name":"竹鼻","name_kana":"たけはな","closed":false,"lat":35.326734,"lng":136.706399,"prefecture":21,"numbering":["TH06"],"lines":[30020],"attr":"eco","postal_code":"501-6232","address":"羽島市竹鼻町狐穴字栄町３３０５","voronoi":{"type":"Feature","geometry":{"type":"Polygon","coordinates":[[[136.706329,35.34904],[136.70661,35.348614],[136.72225,35.309675],[136.707801,35.318256],[136.680234,35.354759],[136.685571,35.358914],[136.695265,35.360664],[136.706329,35.34904]]]},"properties":{}}},
    {"code":3002008,"id":5605,"name":"羽島市役所前","original_name":"羽島市役所前","name_kana":"はしましやくしょまえ","closed":false,"lat":35.321924,"lng":136.70003,"prefecture":21,"numbering":["TH07"],"lines":[30020],"attr":"eco","postal_code":"501-6241","address":"羽島市竹鼻町字宮町７６１","voronoi":{"type":"Feature","geometry":{"type":"Polygon","coordinates":[[[136.693145,35.319033],[136.707801,35.318256],[136.680234,35.354759],[136.678242,35.353517],[136.678183,35.353459],[136.689429,35.326777],[136.693145,35.319033]]]},"properties":{}}},
    {"code":3002009,"id":5606,"name":"江吉良","original_name":"江吉良","name_kana":"えぎら","closed":false,"lat":35.31543,"lng":136.699686,"prefecture":21,"numbering":["TH08"],"lines":[30020,30021],"attr":"heat","postal_code":"501-6236","address":"羽島市江吉良町江東８３９","voronoi":{"type":"Feature","geometry":{"type":"Polygon","coordinates":[[[136.717412,35.284562],[136.692986,35.268099],[136.693145,35.319033],[136.707801,35.318256],[136.72225,35.309675],[136.730569,35.299135],[136.727503,35.294487],[136.717412,35.284562]]]},"properties":{}}}
  ]
}