{
  "code":30021,
  "id":"60c5a6",
  "name":"名鉄羽島線",
  "name_kana":"めいてつはしません",
  "station_size":2,
  "company_code":20,
  "closed":false,
  "color":"#DAA520",
  "symbol":"TH",
  "station_list":[
    {"code":3002009,"id":"98f5a7","name":"江吉良","original_name":"江吉良","name_kana":"えぎら","closed":false,"lat":35.31543,"lng":136.699686,"prefecture":21,"numbering":["TH08"],"lines":[30020,30021],"attr":"heat","postal_code":"501-6236","address":"羽島市江吉良町江東８３９","voronoi":{"type":"Feature","geometry":{"type":"Polygon","coordinates":[[[136.717412,35.284562],[136.692986,35.268099],[136.693145,35.319033],[136.707801,35.318256],[136.72225,35.309675],[136.730569,35.299135],[136.727503,35.294487],[136.717412,35.284562]]]},"properties":{}}},
    {"code":3002102,"id":"b10d41","name":"新羽島","original_name":"新羽島","name_kana":"しんはしま","closed":false,"lat":35.315471,"lng":136.686582,"prefecture":21,"numbering":["TH09"],"lines":[30021],"attr":"heat","postal_code":"501-6301","address":"羽島市舟橋町宮北１-１-１","voronoi":{"type":"Feature","geometry":{"type":"Polygon","coordinates":[[[136.666299,35.250308],[136.666203,35.250394],[136.689429,35.326777],[136.693145,35.319033],[136.692986,35.268099],[136.690209,35.265612],[136.679428,35.257694],[136.666299,35.250308]]]},"properties":{}}}
  ]
}