{
  "code":31005,
  "id":"a2b225",
  "name":"近鉄大阪線",
  "name_kana":"きんてつおおさかせん",
  "station_size":48,
  "company_code":21,
  "closed":false,
  "color":"#77BBFF",
  "symbol":"D",
  "station_list":[
    {"code":3100103,"id":"b0e96b","name":"大阪上本町","original_name":"大阪上本町","name_kana":"おおさかうえほんまち","closed":false,"lat":34.665513,"lng":135.522189,"prefecture":27,"numbering":["D03"],"lines":[31001,31005],"attr":"heat","postal_code":"543-0001","address":"大阪市天王寺区上本町六丁目1-55","voronoi":{"type":"Feature","geometry":{"type":"Polygon","coordinates":[[[135.524815,34.67317],[135.526341,34.671139],[135.52608,34.662819],[135.521022,34.658722],[135.517955,34.662263],[135.520062,34.670505],[135.524815,34.67317]]]},"properties":{}}},
    {"code":1162317,"id":"14945a","name":"鶴橋","original_name":"鶴橋","name_kana":"つるはし","closed":false,"lat":34.665264,"lng":135.530133,"prefecture":27,"numbering":["D04"],"lines":[11623,31005,99622],"attr":"cool","postal_code":"543-0025","address":"大阪市天王寺区下味原町","voronoi":{"type":"Feature","geometry":{"type":"Polygon","coordinates":[[[135.537056,34.667563],[135.526341,34.671139],[135.52608,34.662819],[135.539197,34.658534],[135.537056,34.667563]]]},"properties":{}}},
    {"code":3100503,"id":"678b9f","name":"今里(近畿日本鉄道)","original_name":"今里","name_kana":"いまざと","closed":false,"lat":34.664788,"lng":135.549917,"prefecture":27,"numbering":["D05"],"lines":[31005],"attr":"heat","postal_code":"544-0001","address":"大阪市生野区新今里四丁目1-17","voronoi":{"type":"Feature","geometry":{"type":"Polygon","coordinates":[[[135.550441,34.65803],[135.553697,34.664356],[135.549117,34.669682],[135.540323,34.656721],[135.541096,34.654035],[135.550441,34.65803]]]},"properties":{}}},
    {"code":3100504,"id":"988952","name":"布施","original_name":"布施","name_kana":"ふせ","closed":false,"lat":34.664092,"lng":135.563516,"prefecture":27,"numbering":["D06"],"lines":[31005,31020],"attr":"heat","postal_code":"577-0056","address":"東大阪市長堂１-１-１８","voronoi":{"type":"Feature","geometry":{"type":"Polygon","coordinates":[[[135.564655,34.673408],[135.567358,34.671778],[135.568075,34.661761],[135.563471,34.65528],[135.562184,34.656271],[135.558696,34.666173],[135.561106,34.67191],[135.564655,34.673408]]]},"properties":{}}},
    {"code":3100505,"id":"fa0b70","name":"俊徳道","original_name":"俊徳道","name_kana":"しゅんとくみち","closed":false,"lat":34.658224,"lng":135.571777,"prefecture":27,"numbering":["D07"],"lines":[31005],"attr":"heat","postal_code":"577-0843","address":"東大阪市荒川２-７０","voronoi":{"type":"Feature","geometry":{"type":"Polygon","coordinates":[[[135.563471,34.65528],[135.568075,34.661761],[135.571298,34.661523],[135.571361,34.661509],[135.573212,34.653456],[135.563479,34.655255],[135.563471,34.65528]]]},"properties":{}}},
    {"code":3100506,"id":"50e8f6","name":"長瀬","original_name":"長瀬","name_kana":"ながせ","closed":false,"lat":34.64988,"lng":135.577612,"prefecture":27,"numbering":["D08"],"lines":[31005],"attr":"heat","postal_code":"577-0807","address":"東大阪市菱屋西１-２４-２６","voronoi":{"type":"Feature","geometry":{"type":"Polygon","coordinates":[[[135.573712,34.653329],[135.579566,34.656907],[135.585254,34.655334],[135.58949,34.651704],[135.574864,34.641774],[135.57425,34.642338],[135.573712,34.653329]]]},"properties":{}}},
    {"code":3100507,"id":"327ac7","name":"弥刀","original_name":"弥刀","name_kana":"みと","closed":false,"lat":34.641337,"lng":135.583412,"prefecture":27,"numbering":["D09"],"lines":[31005],"attr":"heat","postal_code":"577-0816","address":"東大阪市友井３-１-２２","voronoi":{"type":"Feature","geometry":{"type":"Polygon","coordinates":[[[135.58949,34.651704],[135.574864,34.641774],[135.576334,34.633756],[135.578264,34.631781],[135.581221,34.631871],[135.597829,34.649445],[135.58949,34.651704]]]},"properties":{}}},
    {"code":3100508,"id":"4e0b0c","name":"久宝寺口","original_name":"久宝寺口","name_kana":"きゅうほうじぐち","closed":false,"lat":34.634593,"lng":135.590548,"prefecture":27,"numbering":["D10"],"lines":[31005],"attr":"heat","postal_code":"581-0816","address":"八尾市佐堂町３-１１-７","voronoi":{"type":"Feature","geometry":{"type":"Polygon","coordinates":[[[135.581221,34.631871],[135.597829,34.649445],[135.598443,34.649468],[135.602511,34.646933],[135.59491,34.626335],[135.59283,34.625544],[135.581221,34.631871]]]},"properties":{}}},
    {"code":3100509,"id":"016868","name":"近鉄八尾","original_name":"近鉄八尾","name_kana":"きんてつやお","closed":false,"lat":34.62978,"lng":135.603591,"prefecture":27,"numbering":["D11"],"lines":[31005],"attr":"heat","postal_code":"581-0802","address":"八尾市北本町２-１５３-２","voronoi":{"type":"Feature","geometry":{"type":"Polygon","coordinates":[[[135.612642,34.645497],[135.602511,34.646933],[135.59491,34.626335],[135.610207,34.618446],[135.613413,34.645152],[135.612642,34.645497]]]},"properties":{}}},
    {"code":3100510,"id":"78e81b","name":"河内山本","original_name":"河内山本","name_kana":"かわちやまもと","closed":false,"lat":34.627892,"lng":135.619317,"prefecture":27,"numbering":["D12"],"lines":[31005,31021],"attr":"heat","postal_code":"581-0867","address":"八尾市山本町１-１-１７","voronoi":{"type":"Feature","geometry":{"type":"Polygon","coordinates":[[[135.621918,34.645388],[135.631257,34.643361],[135.630306,34.628678],[135.610866,34.617068],[135.610207,34.618446],[135.613413,34.645152],[135.621918,34.645388]]]},"properties":{}}},
    {"code":3100511,"id":"dfc002","name":"高安","original_name":"高安","name_kana":"たかやす","closed":false,"lat":34.619376,"lng":135.624403,"prefecture":27,"numbering":["D13"],"lines":[31005],"attr":"eco","postal_code":"581-0021","address":"八尾市山本高安町１-１-４６","voronoi":{"type":"Feature","geometry":{"type":"Polygon","coordinates":[[[135.614348,34.612384],[135.611119,34.613802],[135.610866,34.617068],[135.630306,34.628678],[135.633186,34.62191],[135.633378,34.616149],[135.614348,34.612384]]]},"properties":{}}},
    {"code":3100512,"id":"f33ef5","name":"恩智","original_name":"恩智","name_kana":"おんぢ","closed":false,"lat":34.609747,"lng":135.626308,"prefecture":27,"numbering":["D14"],"lines":[31005],"attr":"eco","postal_code":"581-0883","address":"八尾市恩智中町１-１０３","voronoi":{"type":"Feature","geometry":{"type":"Polygon","coordinates":[[[135.641133,34.604153],[135.641371,34.602485],[135.623494,34.602457],[135.614348,34.612384],[135.633378,34.616149],[135.641133,34.604153]]]},"properties":{}}},
    {"code":3100513,"id":"49b6f2","name":"法善寺","original_name":"法善寺","name_kana":"ほうぜんじ","closed":false,"lat":34.595176,"lng":135.626331,"prefecture":27,"numbering":["D15"],"lines":[31005],"attr":"eco","postal_code":"582-0005","address":"柏原市法善寺町４-１-２２","voronoi":{"type":"Feature","geometry":{"type":"Polygon","coordinates":[[[135.618851,34.592998],[135.623847,34.59128],[135.646699,34.594578],[135.641371,34.602485],[135.623494,34.602457],[135.618851,34.592998]]]},"properties":{}}},
    {"code":3100514,"id":"e94ff1","name":"堅下","original_name":"堅下","name_kana":"かたしも","closed":false,"lat":34.588246,"lng":135.627331,"prefecture":27,"numbering":["D16"],"lines":[31005],"attr":"eco","postal_code":"582-0018","address":"柏原市大県２-５-１","voronoi":{"type":"Feature","geometry":{"type":"Polygon","coordinates":[[[135.623847,34.59128],[135.646699,34.594578],[135.649398,34.591769],[135.648936,34.590614],[135.644772,34.587805],[135.628078,34.584204],[135.62644,34.584783],[135.623847,34.59128]]]},"properties":{}}},
    {"code":3100515,"id":"98f0a7","name":"安堂","original_name":"安堂","name_kana":"あんどう","closed":false,"lat":34.580213,"lng":135.629064,"prefecture":27,"numbering":["D17"],"lines":[31005],"attr":"cool","postal_code":"582-0016","address":"柏原市安堂町２-１","voronoi":{"type":"Feature","geometry":{"type":"Polygon","coordinates":[[[135.644772,34.587805],[135.628078,34.584204],[135.624865,34.574179],[135.628458,34.571557],[135.631156,34.572884],[135.644772,34.587805]]]},"properties":{}}},
    {"code":3100516,"id":"d7cf63","name":"河内国分","original_name":"河内国分","name_kana":"かわちこくぶ","closed":false,"lat":34.566754,"lng":135.635684,"prefecture":27,"numbering":["D18"],"lines":[31005],"attr":"cool","postal_code":"582-0021","address":"柏原市国分本町１-２-４","voronoi":{"type":"Feature","geometry":{"type":"Polygon","coordinates":[[[135.631156,34.572884],[135.628458,34.571557],[135.626994,34.557456],[135.63208,34.554143],[135.644536,34.564484],[135.631156,34.572884]]]},"properties":{}}},
    {"code":3100517,"id":"9f94c5","name":"大阪教育大前","original_name":"大阪教育大前","name_kana":"おおさかきょういくだいまえ","closed":false,"lat":34.555366,"lng":135.645139,"prefecture":27,"numbering":["D19"],"lines":[31005],"attr":"cool","postal_code":"582-0026","address":"柏原市旭ケ丘４-４５５５-１","voronoi":{"type":"Feature","geometry":{"type":"Polygon","coordinates":[[[135.657002,34.561861],[135.655344,34.539492],[135.635388,34.54618],[135.63208,34.554143],[135.644536,34.564484],[135.651374,34.567241],[135.657002,34.561861]]]},"properties":{}}},
    {"code":3100518,"id":"d12110","name":"関屋(奈良)","original_name":"関屋","name_kana":"せきや","closed":false,"lat":34.553688,"lng":135.667778,"prefecture":29,"numbering":["D20"],"lines":[31005],"attr":"eco","postal_code":"639-0255","address":"香芝市関屋１５７８-３","voronoi":{"type":"Feature","geometry":{"type":"Polygon","coordinates":[[[135.683199,34.564985],[135.676438,34.545834],[135.66272,34.528758],[135.655344,34.539492],[135.657002,34.561861],[135.682527,34.567919],[135.683199,34.564985]]]},"properties":{}}},
    {"code":3100519,"id":"c7c0e7","name":"二上","original_name":"二上","name_kana":"にじょう","closed":false,"lat":34.546511,"lng":135.68811,"prefecture":29,"numbering":["D21"],"lines":[31005],"attr":"eco","postal_code":"639-0252","address":"香芝市穴虫２０２３","voronoi":{"type":"Feature","geometry":{"type":"Polygon","coordinates":[[[135.695118,34.540979],[135.697863,34.549663],[135.698147,34.55115],[135.683199,34.564985],[135.676438,34.545834],[135.6944,34.540678],[135.695118,34.540979]]]},"properties":{}}},
    {"code":3100520,"id":"7d5cde","name":"近鉄下田","original_name":"近鉄下田","name_kana":"きんてつしもだ","closed":false,"lat":34.541478,"lng":135.704033,"prefecture":29,"numbering":["D22"],"lines":[31005],"attr":"eco","postal_code":"639-0231","address":"香芝市下田西１-７-１４","voronoi":{"type":"Feature","geometry":{"type":"Polygon","coordinates":[[[135.70728,34.53045],[135.710288,34.536676],[135.697863,34.549663],[135.695118,34.540979],[135.706181,34.529303],[135.70728,34.53045]]]},"properties":{}}},
    {"code":3100521,"id":"a7fa8b","name":"五位堂","original_name":"五位堂","name_kana":"ごいどう","closed":false,"lat":34.534763,"lng":135.717937,"prefecture":29,"numbering":["D23"],"lines":[31005],"attr":"eco","postal_code":"639-0225","address":"香芝市瓦口２６８","voronoi":{"type":"Feature","geometry":{"type":"Polygon","coordinates":[[[135.70728,34.53045],[135.710288,34.536676],[135.723878,34.556428],[135.725753,34.557545],[135.732279,34.554692],[135.736887,34.550372],[135.726251,34.531781],[135.70728,34.53045]]]},"properties":{}}},
    {"code":3100522,"id":"96261b","name":"築山","original_name":"築山","name_kana":"つきやま","closed":false,"lat":34.526125,"lng":135.733036,"prefecture":29,"numbering":["D24"],"lines":[31005],"attr":"eco","postal_code":"635-0071","address":"大和高田市築山４６７-３","voronoi":{"type":"Feature","geometry":{"type":"Polygon","coordinates":[[[135.736887,34.550372],[135.726251,34.531781],[135.724891,34.518895],[135.73173,34.514362],[135.750921,34.542172],[135.751354,34.544407],[135.736887,34.550372]]]},"properties":{}}},
    {"code":3100523,"id":"f5ac56","name":"大和高田","original_name":"大和高田","name_kana":"やまとたかだ","closed":false,"lat":34.519757,"lng":135.742264,"prefecture":29,"numbering":["D25"],"lines":[31005],"attr":"eco","postal_code":"635-0097","address":"大和高田市北本町１４-４","voronoi":{"type":"Feature","geometry":{"type":"Polygon","coordinates":[[[135.737638,34.513503],[135.751733,34.523664],[135.750921,34.542172],[135.73173,34.514362],[135.732156,34.513566],[135.737638,34.513503]]]},"properties":{}}},
    {"code":3100524,"id":"c4aecb","name":"松塚","original_name":"松塚","name_kana":"まつづか","closed":false,"lat":34.520601,"lng":135.761507,"prefecture":29,"numbering":["D26"],"lines":[31005],"attr":"eco","postal_code":"635-0001","address":"大和高田市松塚２４-２","voronoi":{"type":"Feature","geometry":{"type":"Polygon","coordinates":[[[135.766531,34.544804],[135.758595,34.545902],[135.751354,34.544407],[135.750921,34.542172],[135.751733,34.523664],[135.755015,34.512122],[135.766817,34.516315],[135.769178,34.542578],[135.766531,34.544804]]]},"properties":{}}},
    {"code":3100525,"id":"4bf4d5","name":"真菅","original_name":"真菅","name_kana":"ますが","closed":false,"lat":34.519585,"lng":135.772806,"prefecture":29,"numbering":["D27"],"lines":[31005],"attr":"eco","postal_code":"634-0831","address":"橿原市曽我町１０７０","voronoi":{"type":"Feature","geometry":{"type":"Polygon","coordinates":[[[135.772908,34.540763],[135.780965,34.532915],[135.783935,34.521638],[135.781073,34.513256],[135.778034,34.507963],[135.766817,34.516315],[135.769178,34.542578],[135.772908,34.540763]]]},"properties":{}}},
    {"code":3100214,"id":"7e0813","name":"大和八木","original_name":"大和八木","name_kana":"やまとやぎ","closed":false,"lat":34.513208,"lng":135.791484,"prefecture":29,"numbering":["D39"],"lines":[31002,31005],"attr":"heat","postal_code":"634-0804","address":"橿原市内膳町５-１-２","voronoi":{"type":"Feature","geometry":{"type":"Polygon","coordinates":[[[135.803398,34.516359],[135.803405,34.516584],[135.783935,34.521638],[135.781073,34.513256],[135.793101,34.510859],[135.803398,34.516359]]]},"properties":{}}},
    {"code":3100527,"id":"847807","name":"耳成","original_name":"耳成","name_kana":"みみなし","closed":false,"lat":34.512409,"lng":135.815071,"prefecture":29,"numbering":["D40"],"lines":[31005],"attr":"heat","postal_code":"634-0014","address":"橿原市石原田町２０８-２","voronoi":{"type":"Feature","geometry":{"type":"Polygon","coordinates":[[[135.821779,34.5337],[135.82209,34.523364],[135.816433,34.490114],[135.806569,34.500564],[135.803398,34.516359],[135.803405,34.516584],[135.814461,34.534071],[135.818036,34.536658],[135.821779,34.5337]]]},"properties":{}}},
    {"code":3100528,"id":"4a58b1","name":"大福","original_name":"大福","name_kana":"だいふく","closed":false,"lat":34.512851,"lng":135.829756,"prefecture":29,"numbering":["D41"],"lines":[31005],"attr":"heat","postal_code":"633-0067","address":"桜井市大福北方２４１-２","voronoi":{"type":"Feature","geometry":{"type":"Polygon","coordinates":[[[135.821779,34.5337],[135.82209,34.523364],[135.838585,34.487532],[135.837995,34.521434],[135.831076,34.530479],[135.821779,34.5337]]]},"properties":{}}},
    {"code":1163710,"id":"b17e7a","name":"桜井(奈良)","original_name":"桜井","name_kana":"さくらい","closed":false,"lat":34.513143,"lng":135.846527,"prefecture":29,"numbering":["D42"],"lines":[11637,31005],"attr":"heat","postal_code":"633-0091","address":"桜井市桜井","voronoi":{"type":"Feature","geometry":{"type":"Polygon","coordinates":[[[135.856915,34.454355],[135.840485,34.470837],[135.838585,34.487532],[135.837995,34.521434],[135.857186,34.518817],[135.865471,34.454294],[135.856915,34.454355]]]},"properties":{}}},
    {"code":3100530,"id":"e07d67","name":"大和朝倉","original_name":"大和朝倉","name_kana":"やまとあさくら","closed":false,"lat":34.51602,"lng":135.868933,"prefecture":29,"numbering":["D43"],"lines":[31005],"attr":"heat","postal_code":"633-0017","address":"桜井市大字慈恩寺１０２９","voronoi":{"type":"Feature","geometry":{"type":"Polygon","coordinates":[[[135.857186,34.518817],[135.865471,34.454294],[135.909619,34.445764],[135.878492,34.553218],[135.872963,34.547905],[135.857186,34.518817]]]},"properties":{}}},
    {"code":3100531,"id":"0e57fa","name":"長谷寺","original_name":"長谷寺","name_kana":"はせでら","closed":false,"lat":34.526889,"lng":135.906453,"prefecture":29,"numbering":["D44"],"lines":[31005],"attr":"heat","postal_code":"633-0112","address":"桜井市大字初瀬２４９９","voronoi":{"type":"Feature","geometry":{"type":"Polygon","coordinates":[[[135.924795,34.621902],[135.936501,34.43333],[135.936002,34.433543],[135.909619,34.445764],[135.878492,34.553218],[135.879975,34.558541],[135.890178,34.579892],[135.903648,34.600206],[135.924795,34.621902]]]},"properties":{}}},
    {"code":3100532,"id":"6910cc","name":"榛原","original_name":"榛原","name_kana":"はいばら","closed":false,"lat":34.529887,"lng":135.954747,"prefecture":29,"numbering":["D45"],"lines":[31005],"attr":"cool","postal_code":"633-0253","address":"宇陀市榛原区萩原２４２６","voronoi":{"type":"Feature","geometry":{"type":"Polygon","coordinates":[[[135.930178,34.631307],[135.924795,34.621902],[135.936501,34.43333],[135.950274,34.422826],[136.086759,34.332519],[136.096855,34.339655],[136.097993,34.359254],[135.93303,34.634808],[135.931147,34.632672],[135.930178,34.631307]]]},"properties":{}}},
    {"code":3100533,"id":"869609","name":"室生口大野","original_name":"室生口大野","name_kana":"むろうぐちおおの","closed":false,"lat":34.566109,"lng":136.015252,"prefecture":29,"numbering":["D46"],"lines":[31005],"attr":"cool","postal_code":"633-0315","address":"宇陀市室生区大野１７５６","voronoi":{"type":"Feature","geometry":{"type":"Polygon","coordinates":[[[136.097993,34.359254],[135.93303,34.634808],[135.938082,34.647205],[135.971721,34.661318],[136.113073,34.427671],[136.097993,34.359254]]]},"properties":{}}},
    {"code":3100534,"id":"5dfdf1","name":"三本松(奈良)","original_name":"三本松","name_kana":"さんぼんまつ","closed":false,"lat":34.578571,"lng":136.035851,"prefecture":29,"numbering":["D47"],"lines":[31005],"attr":"cool","postal_code":"633-0317","address":"宇陀市室生区三本松２９３７","voronoi":{"type":"Feature","geometry":{"type":"Polygon","coordinates":[[[135.971721,34.661318],[135.982887,34.6676],[136.010707,34.669435],[136.123732,34.463647],[136.113073,34.427671],[135.971721,34.661318]]]},"properties":{}}},
    {"code":3100535,"id":"3f925b","name":"赤目口","original_name":"赤目口","name_kana":"あかめぐち","closed":false,"lat":34.599467,"lng":136.073897,"prefecture":24,"numbering":["D48"],"lines":[31005],"attr":"heat","postal_code":"518-0465","address":"名張市赤目町丈六２５７-１","voronoi":{"type":"Feature","geometry":{"type":"Polygon","coordinates":[[[136.010707,34.669435],[136.123732,34.463647],[136.158519,34.537807],[136.021722,34.672819],[136.010707,34.669435]]]},"properties":{}}},
    {"code":3100536,"id":"d337e1","name":"名張","original_name":"名張","name_kana":"なばり","closed":false,"lat":34.621612,"lng":136.095753,"prefecture":24,"numbering":["D49"],"lines":[31005],"attr":"heat","postal_code":"518-0713","address":"名張市平尾２９６１","voronoi":{"type":"Feature","geometry":{"type":"Polygon","coordinates":[[[136.161873,34.542842],[136.158519,34.537807],[136.021722,34.672819],[136.043199,34.683778],[136.173396,34.572094],[136.161873,34.542842]]]},"properties":{}}},
    {"code":3100537,"id":"cd4343","name":"桔梗が丘","original_name":"桔梗が丘","name_kana":"ききょうがおか","closed":false,"lat":34.641297,"lng":136.112639,"prefecture":24,"numbering":["D50"],"lines":[31005],"attr":"heat","postal_code":"518-0621","address":"名張市桔梗が丘１番町１-１","voronoi":{"type":"Feature","geometry":{"type":"Polygon","coordinates":[[[136.168279,34.609437],[136.180398,34.584422],[136.173396,34.572094],[136.043199,34.683778],[136.05105,34.689524],[136.072494,34.699442],[136.168279,34.609437]]]},"properties":{}}},
    {"code":3100538,"id":"389f20","name":"美旗","original_name":"美旗","name_kana":"みはた","closed":false,"lat":34.662989,"lng":136.133022,"prefecture":24,"numbering":["D51"],"lines":[31005],"attr":"heat","postal_code":"518-0611","address":"名張市新田１８９１","voronoi":{"type":"Feature","geometry":{"type":"Polygon","coordinates":[[[136.168279,34.609437],[136.072494,34.699442],[136.079823,34.704961],[136.109884,34.701919],[136.122815,34.696926],[136.129782,34.692813],[136.163912,34.629258],[136.168279,34.609437]]]},"properties":{}}},
    {"code":3100539,"id":"ff94c3","name":"伊賀神戸","original_name":"伊賀神戸","name_kana":"いがかんべ","closed":false,"lat":34.673639,"lng":136.152854,"prefecture":24,"numbering":["D52"],"lines":[31005,99531],"attr":"heat","postal_code":"518-0115","address":"伊賀市比土２６２８-３","voronoi":{"type":"Feature","geometry":{"type":"Polygon","coordinates":[[[136.163912,34.629258],[136.129782,34.692813],[136.138797,34.691462],[136.15351,34.6857],[136.164491,34.647495],[136.163912,34.629258]]]},"properties":{}}},
    {"code":3100540,"id":"6ae63c","name":"青山町","original_name":"青山町","name_kana":"あおやまちょう","closed":false,"lat":34.672848,"lng":136.177763,"prefecture":24,"numbering":["D53"],"lines":[31005],"attr":"heat","postal_code":"518-0226","address":"伊賀市阿保４０５","voronoi":{"type":"Feature","geometry":{"type":"Polygon","coordinates":[[[136.170957,34.685018],[136.185027,34.695527],[136.210997,34.623462],[136.211965,34.607578],[136.180398,34.584422],[136.168279,34.609437],[136.163912,34.629258],[136.164491,34.647495],[136.170957,34.685018]]]},"properties":{}}},
    {"code":3100541,"id":"6a81c9","name":"伊賀上津","original_name":"伊賀上津","name_kana":"いがこうづ","closed":false,"lat":34.682695,"lng":136.205088,"prefecture":24,"numbering":["D54"],"lines":[31005],"attr":"heat","postal_code":"518-0205","address":"伊賀市伊勢路１９２","voronoi":{"type":"Feature","geometry":{"type":"Polygon","coordinates":[[[136.196005,34.72589],[136.207182,34.743739],[136.213445,34.751853],[136.235061,34.751632],[136.210997,34.623462],[136.185027,34.695527],[136.189592,34.711806],[136.196005,34.72589]]]},"properties":{}}},
    {"code":3100542,"id":"f972ea","name":"西青山","original_name":"西青山","name_kana":"にしあおやま","closed":false,"lat":34.676518,"lng":136.237988,"prefecture":24,"numbering":["D55"],"lines":[31005],"attr":"cool","postal_code":"518-0205","address":"伊賀市伊勢路青山１３５３-４","voronoi":{"type":"Feature","geometry":{"type":"Polygon","coordinates":[[[136.270353,34.759313],[136.235061,34.751632],[136.210997,34.623462],[136.211965,34.607578],[136.214761,34.608177],[136.260713,34.626273],[136.266336,34.631482],[136.27955,34.65265],[136.28071,34.758236],[136.270353,34.759313]]]},"properties":{}}},
    {"code":3100543,"id":"d743cf","name":"東青山","original_name":"東青山","name_kana":"ひがしあおやま","closed":false,"lat":34.675599,"lng":136.321627,"prefecture":24,"numbering":["D56"],"lines":[31005],"attr":"cool","postal_code":"515-2623","address":"津市白山町上ノ村字北谷１０７４","voronoi":{"type":"Feature","geometry":{"type":"Polygon","coordinates":[[[136.334534,34.658488],[136.337939,34.758339],[136.293808,34.763274],[136.28071,34.758236],[136.27955,34.65265],[136.31841,34.650792],[136.334534,34.658488]]]},"properties":{}}},
    {"code":3100544,"id":"018456","name":"榊原温泉口","original_name":"榊原温泉口","name_kana":"さかきばらおんせんぐち","closed":false,"lat":34.67468,"lng":136.348576,"prefecture":24,"numbering":["D57"],"lines":[31005],"attr":"cool","postal_code":"515-2621","address":"津市白山町佐田字寒谷１５２６-２","voronoi":{"type":"Feature","geometry":{"type":"Polygon","coordinates":[[[136.354784,34.66181],[136.402783,34.753631],[136.377633,34.760294],[136.337939,34.758339],[136.334534,34.658488],[136.339814,34.657224],[136.354784,34.66181]]]},"properties":{}}},
    {"code":3100545,"id":"e6cbb8","name":"大三","original_name":"大三","name_kana":"おおみつ","closed":false,"lat":34.664058,"lng":136.368896,"prefecture":24,"numbering":["D58"],"lines":[31005],"attr":"eco","postal_code":"515-2602","address":"津市白山町二本木字横町８１５-１","voronoi":{"type":"Feature","geometry":{"type":"Polygon","coordinates":[[[136.390802,34.672993],[136.370923,34.649946],[136.354784,34.66181],[136.402783,34.753631],[136.403825,34.753485],[136.405381,34.751427],[136.390802,34.672993]]]},"properties":{}}},
    {"code":3100546,"id":"a23dce","name":"伊勢石橋","original_name":"伊勢石橋","name_kana":"いせいしばし","closed":false,"lat":34.656783,"lng":136.408034,"prefecture":24,"numbering":["D59"],"lines":[31005],"attr":"eco","postal_code":"515-2524","address":"津市一志町大仰字久保垣内５２２-１","voronoi":{"type":"Feature","geometry":{"type":"Polygon","coordinates":[[[136.422422,34.661357],[136.421884,34.653368],[136.398823,34.645914],[136.390802,34.672993],[136.405381,34.751427],[136.420883,34.738069],[136.423333,34.734237],[136.422422,34.661357]]]},"properties":{}}},
    {"code":3100547,"id":"920cec","name":"川合高岡","original_name":"川合高岡","name_kana":"かわいたかおか","closed":false,"lat":34.656425,"lng":136.436692,"prefecture":24,"numbering":["D60"],"lines":[31005],"attr":"eco","postal_code":"515-2516","address":"津市一志町田尻字垣内田９８-３","voronoi":{"type":"Feature","geometry":{"type":"Polygon","coordinates":[[[136.42767,34.729596],[136.455365,34.670036],[136.455719,34.667956],[136.442749,34.653059],[136.422422,34.661357],[136.423333,34.734237],[136.42767,34.729596]]]},"properties":{}}},
    {"code":3100548,"id":"e9fec5","name":"伊勢中川","original_name":"伊勢中川","name_kana":"いせなかがわ","closed":false,"lat":34.635028,"lng":136.477894,"prefecture":24,"numbering":["D61"],"lines":[31005,31009,31027],"attr":"heat","postal_code":"515-2321","address":"松阪市嬉野中川町７５４","voronoi":{"type":"Feature","geometry":{"type":"Polygon","coordinates":[[[136.497621,34.634533],[136.502696,34.643124],[136.49679,34.649472],[136.465531,34.649027],[136.453753,34.619826],[136.492351,34.629416],[136.497621,34.634533]]]},"properties":{}}}
  ]
}