{
  "code":31002,
  "id":301,
  "name":"近鉄橿原線",
  "name_kana":"きんてつかしはらせん",
  "station_size":17,
  "company_code":21,
  "closed":false,
  "color":"#EEC900",
  "symbol":"B",
  "station_list":[
    {"code":3100201,"id":5611,"name":"大和西大寺","original_name":"大和西大寺","name_kana":"やまとさいだいじ","closed":false,"lat":34.69358,"lng":135.783169,"prefecture":29,"numbering":["B26"],"lines":[31002,31020,31025],"attr":"eco","postal_code":"631-0823","address":"奈良市西大寺国見町１-１-１","voronoi":{"type":"Feature","geometry":{"type":"Polygon","coordinates":[[[135.772978,34.699398],[135.770488,34.686984],[135.796426,34.687712],[135.798584,34.695015],[135.772978,34.699398]]]},"properties":{}}},
    {"code":3100202,"id":5612,"name":"尼ヶ辻","original_name":"尼ヶ辻","name_kana":"あまがつじ","closed":false,"lat":34.681109,"lng":135.783519,"prefecture":29,"numbering":["B27"],"lines":[31002],"attr":"eco","postal_code":"630-8024","address":"奈良県奈良市尼辻中町11-1","voronoi":{"type":"Feature","geometry":{"type":"Polygon","coordinates":[[[135.770488,34.686984],[135.762558,34.676543],[135.798382,34.675402],[135.796426,34.687712],[135.770488,34.686984]]]},"properties":{}}},
    {"code":3100203,"id":5613,"name":"西ノ京","original_name":"西ノ京","name_kana":"にしのきょう","closed":false,"lat":34.670652,"lng":135.783186,"prefecture":29,"numbering":["B28"],"lines":[31002],"attr":"eco","postal_code":"630-8042","address":"奈良市西ノ京町字金岡４０８","voronoi":{"type":"Feature","geometry":{"type":"Polygon","coordinates":[[[135.762558,34.676543],[135.798382,34.675402],[135.80393,34.665058],[135.802454,34.664578],[135.752317,34.665894],[135.757546,34.672531],[135.762558,34.676543]]]},"properties":{}}},
    {"code":3100204,"id":5614,"name":"九条(奈良)","original_name":"九条","name_kana":"くじょう","closed":false,"lat":34.659523,"lng":135.782894,"prefecture":29,"numbering":["B29"],"lines":[31002],"attr":"eco","postal_code":"639-1001","address":"大和郡山市九条町字出口３７５","voronoi":{"type":"Feature","geometry":{"type":"Polygon","coordinates":[[[135.802454,34.664578],[135.784369,34.652379],[135.745923,34.658475],[135.745907,34.658936],[135.748475,34.662494],[135.752317,34.665894],[135.802454,34.664578]]]},"properties":{}}},
    {"code":3100205,"id":5615,"name":"近鉄郡山","original_name":"近鉄郡山","name_kana":"きんてつこおりやま","closed":false,"lat":34.646041,"lng":135.780756,"prefecture":29,"numbering":["B30"],"lines":[31002],"attr":"eco","postal_code":"639-1007","address":"大和郡山市南郡山町２３２","voronoi":{"type":"Feature","geometry":{"type":"Polygon","coordinates":[[[135.74519,34.653662],[135.745923,34.658475],[135.784369,34.652379],[135.788943,34.633069],[135.773519,34.63312],[135.74519,34.653662]]]},"properties":{}}},
    {"code":3100206,"id":5616,"name":"筒井(奈良)","original_name":"筒井","name_kana":"つつい","closed":false,"lat":34.620152,"lng":135.78067,"prefecture":29,"numbering":["B31"],"lines":[31002],"attr":"cool","postal_code":"639-1123","address":"大和郡山市筒井町八王寺６４０","voronoi":{"type":"Feature","geometry":{"type":"Polygon","coordinates":[[[135.788943,34.633069],[135.803351,34.628074],[135.803437,34.623776],[135.793068,34.615231],[135.770936,34.611717],[135.773519,34.63312],[135.788943,34.633069]]]},"properties":{}}},
    {"code":3100207,"id":5617,"name":"平端","original_name":"平端","name_kana":"ひらはた","closed":false,"lat":34.606712,"lng":135.782804,"prefecture":29,"numbering":["B32"],"lines":[31002,31011],"attr":"cool","postal_code":"639-1033","address":"大和郡山市昭和町５１","voronoi":{"type":"Feature","geometry":{"type":"Polygon","coordinates":[[[135.761236,34.59964],[135.770936,34.611717],[135.793068,34.615231],[135.788866,34.603581],[135.761582,34.596769],[135.761236,34.59964]]]},"properties":{}}},
    {"code":3100208,"id":5618,"name":"ファミリー公園前","original_name":"ファミリー公園前","name_kana":"ふぁみりーこうえんまえ","closed":false,"lat":34.597968,"lng":135.784987,"prefecture":29,"numbering":["B33"],"lines":[31002],"attr":"cool","postal_code":"639-1100","address":"大和郡山市宮堂毘沙門３３９-２","voronoi":{"type":"Feature","geometry":{"type":"Polygon","coordinates":[[[135.788866,34.603581],[135.761582,34.596769],[135.761284,34.592714],[135.763167,34.59161],[135.793766,34.591141],[135.788866,34.603581]]]},"properties":{}}},
    {"code":3100209,"id":5619,"name":"結崎","original_name":"結崎","name_kana":"ゆうざき","closed":false,"lat":34.584586,"lng":135.784782,"prefecture":29,"numbering":["B34"],"lines":[31002],"attr":"cool","postal_code":"636-0202","address":"磯城郡川西町結崎出屋敷５８４","voronoi":{"type":"Feature","geometry":{"type":"Polygon","coordinates":[[[135.793766,34.591141],[135.763167,34.59161],[135.774205,34.579558],[135.778833,34.577559],[135.807421,34.579706],[135.805103,34.584192],[135.793766,34.591141]]]},"properties":{}}},
    {"code":3100210,"id":5620,"name":"石見","original_name":"石見","name_kana":"いわみ","closed":false,"lat":34.571499,"lng":135.785765,"prefecture":29,"numbering":["B35"],"lines":[31002],"attr":"heat","postal_code":"636-0212","address":"磯城郡三宅町石見４８５","voronoi":{"type":"Feature","geometry":{"type":"Polygon","coordinates":[[[135.797335,34.564769],[135.810641,34.568431],[135.810172,34.576837],[135.807421,34.579706],[135.778833,34.577559],[135.784822,34.562104],[135.797335,34.564769]]]},"properties":{}}},
    {"code":3100211,"id":5621,"name":"田原本","original_name":"田原本","name_kana":"たわらもと","closed":false,"lat":34.553068,"lng":135.790837,"prefecture":29,"numbering":["B36"],"lines":[31002],"attr":"heat","postal_code":"636-0300","address":"磯城郡田原本町１７１","voronoi":{"type":"Feature","geometry":{"type":"Polygon","coordinates":[[[135.815114,34.553547],[135.784873,34.545136],[135.797335,34.564769],[135.810641,34.568431],[135.814131,34.561154],[135.815114,34.553547]]]},"properties":{}}},
    {"code":3100212,"id":5622,"name":"笠縫","original_name":"笠縫","name_kana":"かさぬい","closed":false,"lat":34.541422,"lng":135.794076,"prefecture":29,"numbering":["B37"],"lines":[31002],"attr":"heat","postal_code":"636-0343","address":"磯城郡田原本町秦庄３３０","voronoi":{"type":"Feature","geometry":{"type":"Polygon","coordinates":[[[135.814461,34.534071],[135.780965,34.532915],[135.772908,34.540763],[135.784873,34.545136],[135.815114,34.553547],[135.817086,34.548613],[135.818036,34.536658],[135.814461,34.534071]]]},"properties":{}}},
    {"code":3100213,"id":5623,"name":"新ノ口","original_name":"新ノ口","name_kana":"にのくち","closed":false,"lat":34.525332,"lng":135.794631,"prefecture":29,"numbering":["B38"],"lines":[31002],"attr":"heat","postal_code":"634-0802","address":"橿原市新口町１２７","voronoi":{"type":"Feature","geometry":{"type":"Polygon","coordinates":[[[135.803405,34.516584],[135.814461,34.534071],[135.780965,34.532915],[135.783935,34.521638],[135.803405,34.516584]]]},"properties":{}}},
    {"code":3100214,"id":5624,"name":"大和八木","original_name":"大和八木","name_kana":"やまとやぎ","closed":false,"lat":34.513208,"lng":135.791484,"prefecture":29,"numbering":["B39"],"lines":[31002,31005],"attr":"heat","postal_code":"634-0804","address":"橿原市内膳町５-１-２","voronoi":{"type":"Feature","geometry":{"type":"Polygon","coordinates":[[[135.803398,34.516359],[135.803405,34.516584],[135.783935,34.521638],[135.781073,34.513256],[135.793101,34.510859],[135.803398,34.516359]]]},"properties":{}}},
    {"code":3100215,"id":5625,"name":"八木西口","original_name":"八木西口","name_kana":"やぎにしぐち","closed":false,"lat":34.509309,"lng":135.790707,"prefecture":29,"numbering":["B40"],"lines":[31002],"attr":"heat","postal_code":"634-0078","address":"橿原市八木町１-８-３２","voronoi":{"type":"Feature","geometry":{"type":"Polygon","coordinates":[[[135.777946,34.501189],[135.778086,34.500959],[135.782957,34.498993],[135.789781,34.500455],[135.793101,34.510859],[135.781073,34.513256],[135.778034,34.507963],[135.777946,34.501189]]]},"properties":{}}},
    {"code":3100216,"id":5626,"name":"畝傍御陵前","original_name":"畝傍御陵前","name_kana":"うねびごりょうまえ","closed":false,"lat":34.492758,"lng":135.794254,"prefecture":29,"numbering":["B41"],"lines":[31002],"attr":"heat","postal_code":"634-0061","address":"橿原市大久保町４５５","voronoi":{"type":"Feature","geometry":{"type":"Polygon","coordinates":[[[135.782957,34.498993],[135.789781,34.500455],[135.806569,34.500564],[135.816433,34.490114],[135.817316,34.488598],[135.788404,34.488315],[135.782957,34.498993]]]},"properties":{}}},
    {"code":3100217,"id":5627,"name":"橿原神宮前","original_name":"橿原神宮前","name_kana":"かしはらじんぐうまえ","closed":false,"lat":34.483987,"lng":135.79434,"prefecture":29,"numbering":["B42"],"lines":[31002,31003,31007],"attr":"heat","postal_code":"634-0063","address":"橿原市久米町６１８","voronoi":{"type":"Feature","geometry":{"type":"Polygon","coordinates":[[[135.821668,34.483588],[135.786563,34.477466],[135.788404,34.488315],[135.817316,34.488598],[135.821668,34.483588]]]},"properties":{}}}
  ]
}