{
  "code":31003,
  "id":"1ab09f",
  "name":"近鉄南大阪線",
  "name_kana":"きんてつみなみおおさかせん",
  "station_size":28,
  "company_code":21,
  "closed":false,
  "color":"#006400",
  "symbol":"F",
  "station_list":[
    {"code":3100301,"id":"776659","name":"大阪阿部野橋","original_name":"大阪阿部野橋","name_kana":"おおさかあべのばし","closed":false,"lat":34.645494,"lng":135.515056,"prefecture":27,"numbering":["F01"],"lines":[31003],"attr":"heat","postal_code":"545-0052","address":"大阪市阿倍野区阿倍野筋１-１-４３","voronoi":{"type":"Feature","geometry":{"type":"Polygon","coordinates":[[[135.520015,34.644111],[135.518768,34.641466],[135.516685,34.640812],[135.513396,34.644055],[135.51431,34.646801],[135.518307,34.649922],[135.520015,34.644111]]]},"properties":{}}},
    {"code":3100302,"id":"22d84f","name":"河堀口","original_name":"河堀口","name_kana":"こぼれぐち","closed":false,"lat":34.641166,"lng":135.524237,"prefecture":27,"numbering":["F02"],"lines":[31003],"attr":"heat","postal_code":"545-0002","address":"大阪市阿倍野区天王寺町南２-２４-１","voronoi":{"type":"Feature","geometry":{"type":"Polygon","coordinates":[[[135.530859,34.63891],[135.532385,34.645569],[135.520015,34.644111],[135.518768,34.641466],[135.519518,34.640557],[135.530432,34.638687],[135.530859,34.63891]]]},"properties":{}}},
    {"code":3100303,"id":"1a3f80","name":"北田辺","original_name":"北田辺","name_kana":"きたたなべ","closed":false,"lat":34.632184,"lng":135.528934,"prefecture":27,"numbering":["F03"],"lines":[31003],"attr":"heat","postal_code":"546-0044","address":"大阪市東住吉区北田辺４-１６-２９","voronoi":{"type":"Feature","geometry":{"type":"Polygon","coordinates":[[[135.535854,34.631365],[135.530859,34.63891],[135.530432,34.638687],[135.523781,34.633166],[135.52888,34.628774],[135.535854,34.631365]]]},"properties":{}}},
    {"code":3100304,"id":"4484d5","name":"今川(大阪)","original_name":"今川","name_kana":"いまがわ","closed":false,"lat":34.626226,"lng":135.531148,"prefecture":27,"numbering":["F04"],"lines":[31003],"attr":"heat","postal_code":"546-0043","address":"大阪市東住吉区駒川３-４-５５","voronoi":{"type":"Feature","geometry":{"type":"Polygon","coordinates":[[[135.535854,34.631365],[135.541358,34.62827],[135.541129,34.627482],[135.526334,34.621563],[135.52888,34.628774],[135.535854,34.631365]]]},"properties":{}}},
    {"code":3100305,"id":"d3df19","name":"針中野","original_name":"針中野","name_kana":"はりなかの","closed":false,"lat":34.616969,"lng":135.533078,"prefecture":27,"numbering":["F05"],"lines":[31003],"attr":"heat","postal_code":"546-0043","address":"大阪市東住吉区駒川５-２４-８","voronoi":{"type":"Feature","geometry":{"type":"Polygon","coordinates":[[[135.541606,34.611342],[135.524701,34.61155],[135.52516,34.618685],[135.5255,34.619168],[135.540908,34.619311],[135.542446,34.613393],[135.541606,34.611342]]]},"properties":{}}},
    {"code":3100306,"id":"611a30","name":"矢田(大阪)","original_name":"矢田","name_kana":"やた","closed":false,"lat":34.605926,"lng":135.532942,"prefecture":27,"numbering":["F06"],"lines":[31003],"attr":"heat","postal_code":"546-0023","address":"大阪市東住吉区矢田２-２５-２７","voronoi":{"type":"Feature","geometry":{"type":"Polygon","coordinates":[[[135.521975,34.604844],[135.525522,34.594763],[135.544226,34.597151],[135.541606,34.611342],[135.524701,34.61155],[135.523116,34.609468],[135.521975,34.604844]]]},"properties":{}}},
    {"code":3100307,"id":"e761d8","name":"河内天美","original_name":"河内天美","name_kana":"かわちあまみ","closed":false,"lat":34.585823,"lng":135.535509,"prefecture":27,"numbering":["F07"],"lines":[31003],"attr":"heat","postal_code":"580-0033","address":"松原市天美南３-１５-４１","voronoi":{"type":"Feature","geometry":{"type":"Polygon","coordinates":[[[135.527426,34.576923],[135.524204,34.592454],[135.525522,34.594763],[135.544226,34.597151],[135.551695,34.592038],[135.551171,34.590937],[135.546521,34.586247],[135.527426,34.576923]]]},"properties":{}}},
    {"code":3100308,"id":"244a44","name":"布忍","original_name":"布忍","name_kana":"ぬのせ","closed":false,"lat":34.577824,"lng":135.539415,"prefecture":27,"numbering":["F08"],"lines":[31003],"attr":"heat","postal_code":"580-0025","address":"松原市北新町１-２-１","voronoi":{"type":"Feature","geometry":{"type":"Polygon","coordinates":[[[135.526808,34.57342],[135.532358,34.56029],[135.536071,34.558938],[135.546521,34.586247],[135.527426,34.576923],[135.526808,34.57342]]]},"properties":{}}},
    {"code":3100309,"id":"3b900c","name":"高見ノ里","original_name":"高見ノ里","name_kana":"たかみのさと","closed":false,"lat":34.575232,"lng":135.546189,"prefecture":27,"numbering":["F09"],"lines":[31003],"attr":"heat","postal_code":"580-0021","address":"松原市高見の里３-１-１","voronoi":{"type":"Feature","geometry":{"type":"Polygon","coordinates":[[[135.551171,34.590937],[135.546521,34.586247],[135.536071,34.558938],[135.540719,34.556156],[135.552329,34.552776],[135.551171,34.590937]]]},"properties":{}}},
    {"code":3100310,"id":"783704","name":"河内松原","original_name":"河内松原","name_kana":"かわちまつばら","closed":false,"lat":34.575563,"lng":135.557097,"prefecture":27,"numbering":["F10"],"lines":[31003],"attr":"heat","postal_code":"580-0016","address":"松原市上田３-５-１","voronoi":{"type":"Feature","geometry":{"type":"Polygon","coordinates":[[[135.559305,34.592846],[135.566648,34.588266],[135.561515,34.547517],[135.552329,34.552776],[135.551171,34.590937],[135.551695,34.592038],[135.558304,34.593106],[135.559305,34.592846]]]},"properties":{}}},
    {"code":3100311,"id":"d184d2","name":"恵我ノ荘","original_name":"恵我ノ荘","name_kana":"えがのしょう","closed":false,"lat":34.573591,"lng":135.572751,"prefecture":27,"numbering":["F11"],"lines":[31003],"attr":"eco","postal_code":"583-0885","address":"羽曳野市南恵我之荘８-１-２３","voronoi":{"type":"Feature","geometry":{"type":"Polygon","coordinates":[[[135.571283,34.588089],[135.566648,34.588266],[135.561515,34.547517],[135.56446,34.544477],[135.571452,34.540393],[135.573059,34.539698],[135.580606,34.58429],[135.571283,34.588089]]]},"properties":{}}},
    {"code":3100312,"id":"2a62df","name":"高鷲","original_name":"高鷲","name_kana":"たかわし","closed":false,"lat":34.571602,"lng":135.584503,"prefecture":27,"numbering":["F12"],"lines":[31003],"attr":"eco","postal_code":"583-0882","address":"羽曳野市高鷲１-１-１２","voronoi":{"type":"Feature","geometry":{"type":"Polygon","coordinates":[[[135.589181,34.584967],[135.580606,34.58429],[135.573059,34.539698],[135.575811,34.537874],[135.580643,34.540108],[135.589409,34.552465],[135.589181,34.584967]]]},"properties":{}}},
    {"code":3100313,"id":"80892e","name":"藤井寺","original_name":"藤井寺","name_kana":"ふじいでら","closed":false,"lat":34.571669,"lng":135.594046,"prefecture":27,"numbering":["F13"],"lines":[31003],"attr":"eco","postal_code":"583-0027","address":"藤井寺市岡２-７-１８","voronoi":{"type":"Feature","geometry":{"type":"Polygon","coordinates":[[[135.589181,34.584967],[135.589409,34.552465],[135.604816,34.565705],[135.604878,34.586069],[135.599988,34.589825],[135.589181,34.584967]]]},"properties":{}}},
    {"code":3100314,"id":"636f86","name":"土師ノ里","original_name":"土師ノ里","name_kana":"はじのさと","closed":false,"lat":34.571603,"lng":135.615622,"prefecture":27,"numbering":["F14"],"lines":[31003],"attr":"eco","postal_code":"583-0012","address":"藤井寺市道明寺１-１-２８","voronoi":{"type":"Feature","geometry":{"type":"Polygon","coordinates":[[[135.604816,34.565705],[135.604878,34.586069],[135.606137,34.586052],[135.615153,34.581395],[135.621645,34.575292],[135.613003,34.56264],[135.604816,34.565705]]]},"properties":{}}},
    {"code":3100315,"id":"1335e5","name":"道明寺","original_name":"道明寺","name_kana":"どうみょうじ","closed":false,"lat":34.56834,"lng":135.620399,"prefecture":27,"numbering":["F15"],"lines":[31003,31012],"attr":"heat","postal_code":"583-0012","address":"藤井寺市道明寺３-２９-１","voronoi":{"type":"Feature","geometry":{"type":"Polygon","coordinates":[[[135.620115,34.556969],[135.613003,34.56264],[135.621645,34.575292],[135.624865,34.574179],[135.628458,34.571557],[135.626994,34.557456],[135.620115,34.556969]]]},"properties":{}}},
    {"code":3100316,"id":"600aec","name":"古市(大阪)","original_name":"古市","name_kana":"ふるいち","closed":false,"lat":34.55416,"lng":135.609092,"prefecture":27,"numbering":["F16"],"lines":[31003,31022],"attr":"heat","postal_code":"583-0852","address":"羽曳野市古市１-１-２２","voronoi":{"type":"Feature","geometry":{"type":"Polygon","coordinates":[[[135.604816,34.565705],[135.589409,34.552465],[135.580643,34.540108],[135.608023,34.538409],[135.620115,34.556969],[135.613003,34.56264],[135.604816,34.565705]]]},"properties":{}}},
    {"code":3100317,"id":"220670","name":"駒ヶ谷","original_name":"駒ヶ谷","name_kana":"こまがたに","closed":false,"lat":34.545751,"lng":135.621999,"prefecture":27,"numbering":["F17"],"lines":[31003],"attr":"cool","postal_code":"583-0841","address":"大阪府羽曳野市駒ケ谷159-1","voronoi":{"type":"Feature","geometry":{"type":"Polygon","coordinates":[[[135.620115,34.556969],[135.608023,34.538409],[135.621797,34.529549],[135.635388,34.54618],[135.63208,34.554143],[135.626994,34.557456],[135.620115,34.556969]]]},"properties":{}}},
    {"code":3100318,"id":"af702e","name":"上ノ太子","original_name":"上ノ太子","name_kana":"かみのたいし","closed":false,"lat":34.532974,"lng":135.637634,"prefecture":27,"numbering":["F18"],"lines":[31003],"attr":"cool","postal_code":"583-0842","address":"羽曳野市飛鳥８１１","voronoi":{"type":"Feature","geometry":{"type":"Polygon","coordinates":[[[135.635388,34.54618],[135.621797,34.529549],[135.630563,34.50366],[135.658047,34.46815],[135.66536,34.49829],[135.665491,34.506789],[135.66272,34.528758],[135.655344,34.539492],[135.635388,34.54618]]]},"properties":{}}},
    {"code":3100319,"id":"d09ef8","name":"二上山","original_name":"二上山","name_kana":"にじょうざん","closed":false,"lat":34.53907,"lng":135.685974,"prefecture":29,"numbering":["F19"],"lines":[31003],"attr":"cool","postal_code":"639-0245","address":"香芝市畑４-１０６-２","voronoi":{"type":"Feature","geometry":{"type":"Polygon","coordinates":[[[135.66272,34.528758],[135.665491,34.506789],[135.6944,34.540678],[135.676438,34.545834],[135.66272,34.528758]]]},"properties":{}}},
    {"code":3100320,"id":"64a6cd","name":"二上神社口","original_name":"二上神社口","name_kana":"にじょうじんじゃぐち","closed":false,"lat":34.532104,"lng":135.69414,"prefecture":29,"numbering":["F20"],"lines":[31003],"attr":"cool","postal_code":"639-0271","address":"葛城市加守５４４","voronoi":{"type":"Feature","geometry":{"type":"Polygon","coordinates":[[[135.706091,34.528807],[135.66536,34.49829],[135.665491,34.506789],[135.6944,34.540678],[135.695118,34.540979],[135.706181,34.529303],[135.706091,34.528807]]]},"properties":{}}},
    {"code":3100321,"id":"ca429b","name":"当麻寺","original_name":"当麻寺","name_kana":"たいまでら","closed":false,"lat":34.516412,"lng":135.705897,"prefecture":29,"numbering":["F21"],"lines":[31003],"attr":"heat","postal_code":"639-0276","address":"葛城市當麻５４-２","voronoi":{"type":"Feature","geometry":{"type":"Polygon","coordinates":[[[135.66536,34.49829],[135.658047,34.46815],[135.658388,34.465212],[135.714323,34.519637],[135.706091,34.528807],[135.66536,34.49829]]]},"properties":{}}},
    {"code":3100322,"id":"921462","name":"磐城","original_name":"磐城","name_kana":"いわき","closed":false,"lat":34.511302,"lng":135.710869,"prefecture":29,"numbering":["F22"],"lines":[31003],"attr":"heat","postal_code":"639-2164","address":"葛城市長尾２２０-２","voronoi":{"type":"Feature","geometry":{"type":"Polygon","coordinates":[[[135.718183,34.517852],[135.714323,34.519637],[135.658388,34.465212],[135.658801,34.458822],[135.670882,34.464426],[135.712315,34.495167],[135.718183,34.517852]]]},"properties":{}}},
    {"code":3100323,"id":"380e2f","name":"尺土","original_name":"尺土","name_kana":"しゃくど","closed":false,"lat":34.508577,"lng":135.721404,"prefecture":29,"numbering":["F23"],"lines":[31003,31018],"attr":"heat","postal_code":"639-2162","address":"葛城市尺土２２８","voronoi":{"type":"Feature","geometry":{"type":"Polygon","coordinates":[[[135.712315,34.495167],[135.718183,34.517852],[135.724891,34.518895],[135.73173,34.514362],[135.732156,34.513566],[135.731284,34.500948],[135.712315,34.495167]]]},"properties":{}}},
    {"code":3100324,"id":"dd91cb","name":"高田市","original_name":"高田市","name_kana":"たかだし","closed":false,"lat":34.507145,"lng":135.742119,"prefecture":29,"numbering":["F24"],"lines":[31003],"attr":"heat","postal_code":"635-0085","address":"大和高田市片塩町１７-４","voronoi":{"type":"Feature","geometry":{"type":"Polygon","coordinates":[[[135.752669,34.50851],[135.737638,34.513503],[135.732156,34.513566],[135.731284,34.500948],[135.732034,34.500333],[135.743943,34.496355],[135.752669,34.50851]]]},"properties":{}}},
    {"code":3100325,"id":"d1db4a","name":"浮孔","original_name":"浮孔","name_kana":"うきあな","closed":false,"lat":34.498077,"lng":135.754749,"prefecture":29,"numbering":["F25"],"lines":[31003],"attr":"eco","postal_code":"635-0041","address":"大和高田市田井１１","voronoi":{"type":"Feature","geometry":{"type":"Polygon","coordinates":[[[135.75415,34.509316],[135.762421,34.501697],[135.752416,34.479181],[135.743943,34.496355],[135.752669,34.50851],[135.75415,34.509316]]]},"properties":{}}},
    {"code":3100326,"id":"8a9a09","name":"坊城","original_name":"坊城","name_kana":"ぼうじょう","closed":false,"lat":34.493577,"lng":135.764876,"prefecture":29,"numbering":["F26"],"lines":[31003],"attr":"eco","postal_code":"634-0835","address":"橿原市東坊城町２８１-２","voronoi":{"type":"Feature","geometry":{"type":"Polygon","coordinates":[[[135.765525,34.47292],[135.778086,34.500959],[135.777946,34.501189],[135.762421,34.501697],[135.752416,34.479181],[135.752624,34.477915],[135.763098,34.473023],[135.765525,34.47292]]]},"properties":{}}},
    {"code":3100327,"id":"a6a05d","name":"橿原神宮西口","original_name":"橿原神宮西口","name_kana":"かしはらじんぐうにしぐち","closed":false,"lat":34.486187,"lng":135.781372,"prefecture":29,"numbering":["F27"],"lines":[31003],"attr":"eco","postal_code":"634-0821","address":"橿原市西池尻町３７６-２","voronoi":{"type":"Feature","geometry":{"type":"Polygon","coordinates":[[[135.782957,34.498993],[135.778086,34.500959],[135.765525,34.47292],[135.777442,34.466486],[135.786563,34.477466],[135.788404,34.488315],[135.782957,34.498993]]]},"properties":{}}},
    {"code":3100217,"id":"31c525","name":"橿原神宮前","original_name":"橿原神宮前","name_kana":"かしはらじんぐうまえ","closed":false,"lat":34.483987,"lng":135.79434,"prefecture":29,"numbering":["F42"],"lines":[31002,31003,31007],"attr":"heat","postal_code":"634-0063","address":"橿原市久米町６１８","voronoi":{"type":"Feature","geometry":{"type":"Polygon","coordinates":[[[135.821668,34.483588],[135.786563,34.477466],[135.788404,34.488315],[135.817316,34.488598],[135.821668,34.483588]]]},"properties":{}}}
  ]
}