{
  "code":31019,
  "id":"e35dc1",
  "name":"近鉄鈴鹿線",
  "name_kana":"きんてつすずかせん",
  "station_size":5,
  "company_code":21,
  "closed":false,
  "color":"#0000FF",
  "symbol":"L",
  "station_list":[
    {"code":3101901,"id":"fefc94","name":"伊勢若松","original_name":"伊勢若松","name_kana":"いせわかまつ","closed":false,"lat":34.869431,"lng":136.616765,"prefecture":24,"numbering":["L29"],"lines":[31019,31027],"attr":"eco","postal_code":"510-0222","address":"鈴鹿市若松西４-１７-８","voronoi":{"type":"Feature","geometry":{"type":"Polygon","coordinates":[[[136.605936,34.865922],[136.713497,34.803955],[136.71454,34.824429],[136.607327,34.880777],[136.605936,34.865922]]]},"properties":{}}},
    {"code":3101902,"id":"5676bd","name":"柳","original_name":"柳","name_kana":"やなぎ","closed":false,"lat":34.871381,"lng":136.595947,"prefecture":24,"numbering":["L30"],"lines":[31019],"attr":"eco","postal_code":"513-0811","address":"鈴鹿市柳町７２６-４","voronoi":{"type":"Feature","geometry":{"type":"Polygon","coordinates":[[[136.605281,34.887401],[136.582027,34.86478],[136.589172,34.853406],[136.605936,34.865922],[136.607327,34.880777],[136.605281,34.887401]]]},"properties":{}}},
    {"code":3101903,"id":"030e62","name":"鈴鹿市","original_name":"鈴鹿市","name_kana":"すずかし","closed":false,"lat":34.883899,"lng":136.582812,"prefecture":24,"numbering":["L31"],"lines":[31019],"attr":"cool","postal_code":"513-0801","address":"鈴鹿市神戸１-１-１","voronoi":{"type":"Feature","geometry":{"type":"Polygon","coordinates":[[[136.596777,34.893708],[136.584748,34.900766],[136.571691,34.886947],[136.574673,34.870279],[136.575929,34.869722],[136.596777,34.893708]]]},"properties":{}}},
    {"code":3101904,"id":"a7cd32","name":"三日市","original_name":"三日市","name_kana":"みっかいち","closed":false,"lat":34.880232,"lng":136.562316,"prefecture":24,"numbering":["L32"],"lines":[31019],"attr":"cool","postal_code":"513-0807","address":"鈴鹿市三日市２-６-１","voronoi":{"type":"Feature","geometry":{"type":"Polygon","coordinates":[[[136.555751,34.864464],[136.548468,34.892851],[136.54892,34.894305],[136.571691,34.886947],[136.574673,34.870279],[136.555751,34.864464]]]},"properties":{}}},
    {"code":3101905,"id":"182b72","name":"平田町","original_name":"平田町","name_kana":"ひらたちょう","closed":false,"lat":34.875124,"lng":136.542406,"prefecture":24,"numbering":["L33"],"lines":[31019],"attr":"heat","postal_code":"513-0806","address":"鈴鹿市算所３-１-１","voronoi":{"type":"Feature","geometry":{"type":"Polygon","coordinates":[[[136.518065,34.867822],[136.548468,34.892851],[136.555751,34.864464],[136.552007,34.859296],[136.527621,34.850172],[136.520513,34.849928],[136.518065,34.867822]]]},"properties":{}}}
  ]
}