{
  "code":31011,
  "id":"87cd16",
  "name":"近鉄天理線",
  "name_kana":"きんてつてんりせん",
  "station_size":4,
  "company_code":21,
  "closed":false,
  "color":"#EEC900",
  "symbol":"H",
  "station_list":[
    {"code":3100207,"id":"0c9863","name":"平端","original_name":"平端","name_kana":"ひらはた","closed":false,"lat":34.606712,"lng":135.782804,"prefecture":29,"numbering":["H32"],"lines":[31002,31011],"attr":"cool","postal_code":"639-1033","address":"大和郡山市昭和町５１","voronoi":{"type":"Feature","geometry":{"type":"Polygon","coordinates":[[[135.761236,34.59964],[135.770936,34.611717],[135.793068,34.615231],[135.788866,34.603581],[135.761582,34.596769],[135.761236,34.59964]]]},"properties":{}}},
    {"code":3101102,"id":"edd025","name":"二階堂","original_name":"二階堂","name_kana":"にかいどう","closed":false,"lat":34.602121,"lng":135.79553,"prefecture":29,"numbering":["H33"],"lines":[31011],"attr":"eco","postal_code":"632-0081","address":"天理市二階堂上ノ庄町１４７-２","voronoi":{"type":"Feature","geometry":{"type":"Polygon","coordinates":[[[135.793766,34.591141],[135.788866,34.603581],[135.793068,34.615231],[135.803437,34.623776],[135.80692,34.618111],[135.805103,34.584192],[135.793766,34.591141]]]},"properties":{}}},
    {"code":3101103,"id":"0b218d","name":"前栽","original_name":"前栽","name_kana":"せんざい","closed":false,"lat":34.600996,"lng":135.816536,"prefecture":29,"numbering":["H34"],"lines":[31011],"attr":"eco","postal_code":"632-0078","address":"天理市杉本町２９０-６","voronoi":{"type":"Feature","geometry":{"type":"Polygon","coordinates":[[[135.810172,34.576837],[135.807421,34.579706],[135.805103,34.584192],[135.80692,34.618111],[135.823321,34.610105],[135.823555,34.586087],[135.810172,34.576837]]]},"properties":{}}},
    {"code":1163705,"id":"063976","name":"天理","original_name":"天理","name_kana":"てんり","closed":false,"lat":34.60113,"lng":135.830283,"prefecture":29,"numbering":["H35"],"lines":[11637,31011],"attr":"eco","postal_code":"632-0016","address":"天理市川原城町","voronoi":{"type":"Feature","geometry":{"type":"Polygon","coordinates":[[[135.823321,34.610105],[135.823555,34.586087],[135.903648,34.600206],[135.924795,34.621902],[135.930178,34.631307],[135.823321,34.610105]]]},"properties":{}}}
  ]
}