{
  "code":31013,
  "id":"cbf1d8",
  "name":"四日市あすなろう鉄道内部線",
  "name_kana":"よっかいちあすなろうてつどううつべせん",
  "name_formal":"内部線",
  "station_size":8,
  "company_code":247,
  "closed":false,
  "station_list":[
    {"code":3100801,"id":"a33b9c","name":"近鉄四日市（あすなろう四日市）","original_name":"近鉄四日市（あすなろう四日市）","name_kana":"きんてつよっかいち（あすなろうよっかいち）","closed":false,"lat":34.966495,"lng":136.618352,"prefecture":24,"lines":[31008,31013,31027,31028,31029],"attr":"eco","postal_code":"510-0075","address":"四日市市安島１-１-５６","voronoi":{"type":"Feature","geometry":{"type":"Polygon","coordinates":[[[136.611938,34.975862],[136.610409,34.967161],[136.616008,34.961066],[136.62321,34.961321],[136.625856,34.969606],[136.611938,34.975862]]]},"properties":{}}},
    {"code":3101302,"id":"2865ee","name":"赤堀","original_name":"赤堀","name_kana":"あかほり","closed":false,"lat":34.95919,"lng":136.6104,"prefecture":24,"lines":[31013,31028,31029],"attr":"eco","postal_code":"510-0826","address":"四日市市赤堀２-１３-２０","voronoi":{"type":"Feature","geometry":{"type":"Polygon","coordinates":[[[136.604606,34.962724],[136.611347,34.950297],[136.611641,34.950285],[136.616008,34.961066],[136.610409,34.967161],[136.604606,34.962724]]]},"properties":{}}},
    {"code":3101303,"id":"1cf5ec","name":"日永","original_name":"日永","name_kana":"ひなが","closed":false,"lat":34.95594,"lng":136.604409,"prefecture":24,"lines":[31013,31014,31028,31029],"attr":"eco","postal_code":"510-0885","address":"四日市市日永１-１４-６","voronoi":{"type":"Feature","geometry":{"type":"Polygon","coordinates":[[[136.608935,34.949419],[136.597438,34.955932],[136.596166,34.961466],[136.596379,34.961676],[136.604606,34.962724],[136.611347,34.950297],[136.608935,34.949419]]]},"properties":{}}},
    {"code":3101304,"id":"523e39","name":"南日永","original_name":"南日永","name_kana":"みなみひなが","closed":false,"lat":34.949949,"lng":136.601015,"prefecture":24,"lines":[31013,31028],"attr":"eco","postal_code":"510-0885","address":"四日市市日永４-５-４８","voronoi":{"type":"Feature","geometry":{"type":"Polygon","coordinates":[[[136.594621,34.946515],[136.597438,34.955932],[136.608935,34.949419],[136.603754,34.944107],[136.594621,34.946515]]]},"properties":{}}},
    {"code":3101305,"id":"8b8c75","name":"泊(三重)","original_name":"泊","name_kana":"とまり","closed":false,"lat":34.940375,"lng":136.598491,"prefecture":24,"lines":[31013,31028],"attr":"eco","postal_code":"510-0884","address":"四日市市泊町３-２０","voronoi":{"type":"Feature","geometry":{"type":"Polygon","coordinates":[[[136.604734,34.934492],[136.585744,34.94132],[136.594621,34.946515],[136.603754,34.944107],[136.604734,34.934492]]]},"properties":{}}},
    {"code":3101306,"id":"3de7e6","name":"追分(三重)","original_name":"追分","name_kana":"おいわけ","closed":false,"lat":34.933931,"lng":136.596174,"prefecture":24,"lines":[31013,31028],"attr":"cool","postal_code":"510-0882","address":"四日市市追分３-３-１９","voronoi":{"type":"Feature","geometry":{"type":"Polygon","coordinates":[[[136.582006,34.940332],[136.605376,34.92312],[136.608854,34.923472],[136.608977,34.926945],[136.604734,34.934492],[136.585744,34.94132],[136.582006,34.940332]]]},"properties":{}}},
    {"code":3101307,"id":"7e42c6","name":"小古曽","original_name":"小古曽","name_kana":"おごそ","closed":false,"lat":34.928701,"lng":136.592322,"prefecture":24,"lines":[31013,31028],"attr":"heat","postal_code":"510-0958","address":"四日市市小古曽２-６-１２","voronoi":{"type":"Feature","geometry":{"type":"Polygon","coordinates":[[[136.58178,34.940321],[136.594292,34.919303],[136.605376,34.92312],[136.582006,34.940332],[136.58178,34.940321]]]},"properties":{}}},
    {"code":3101308,"id":"76ab5c","name":"内部","original_name":"内部","name_kana":"うつべ","closed":false,"lat":34.925515,"lng":136.58697,"prefecture":24,"lines":[31013,31028],"attr":"heat","postal_code":"510-0958","address":"四日市市小古曽３-５-２９","voronoi":{"type":"Feature","geometry":{"type":"Polygon","coordinates":[[[136.594292,34.919303],[136.581237,34.909129],[136.540414,34.937124],[136.540307,34.937297],[136.541611,34.938029],[136.557329,34.944066],[136.58178,34.940321],[136.594292,34.919303]]]},"properties":{}}}
  ]
}