{
  "code":31018,
  "id":315,
  "name":"近鉄御所線",
  "name_kana":"きんてつごせせん",
  "station_size":4,
  "company_code":21,
  "closed":false,
  "color":"#006400",
  "symbol":"P",
  "station_list":[
    {"code":3100323,"id":5650,"name":"尺土","original_name":"尺土","name_kana":"しゃくど","closed":false,"lat":34.508577,"lng":135.721404,"prefecture":29,"numbering":["P23"],"lines":[31003,31018],"attr":"heat","postal_code":"639-2162","address":"葛城市尺土２２８","voronoi":{"type":"Feature","geometry":{"type":"Polygon","coordinates":[[[135.712315,34.495167],[135.718183,34.517852],[135.724891,34.518895],[135.73173,34.514362],[135.732156,34.513566],[135.731284,34.500948],[135.712315,34.495167]]]},"properties":{}}},
    {"code":3101802,"id":5782,"name":"近鉄新庄","original_name":"近鉄新庄","name_kana":"きんてつしんじょう","closed":false,"lat":34.489105,"lng":135.727338,"prefecture":29,"numbering":["P24"],"lines":[31018],"attr":"cool","postal_code":"639-2111","address":"葛城市柿本１５７-４","voronoi":{"type":"Feature","geometry":{"type":"Polygon","coordinates":[[[135.670882,34.464426],[135.690136,34.468492],[135.731486,34.483233],[135.732034,34.500333],[135.731284,34.500948],[135.712315,34.495167],[135.670882,34.464426]]]},"properties":{}}},
    {"code":3101803,"id":5783,"name":"忍海","original_name":"忍海","name_kana":"おしみ","closed":false,"lat":34.476062,"lng":135.731988,"prefecture":29,"numbering":["P25"],"lines":[31018],"attr":"cool","postal_code":"639-2123","address":"葛城市忍海３４２-２","voronoi":{"type":"Feature","geometry":{"type":"Polygon","coordinates":[[[135.731421,34.470334],[135.690136,34.468492],[135.731486,34.483233],[135.750795,34.477163],[135.746131,34.472792],[135.731421,34.470334]]]},"properties":{}}},
    {"code":3101804,"id":5784,"name":"近鉄御所","original_name":"近鉄御所","name_kana":"きんてつごせ","closed":false,"lat":34.46468,"lng":135.732496,"prefecture":29,"numbering":["P26"],"lines":[31018],"attr":"cool","postal_code":"639-2200","address":"御所市１８０-１","voronoi":{"type":"Feature","geometry":{"type":"Polygon","coordinates":[[[135.656936,34.449889],[135.662098,34.436079],[135.697276,34.428583],[135.714806,34.431891],[135.731598,34.438706],[135.737043,34.452711],[135.731421,34.470334],[135.690136,34.468492],[135.670882,34.464426],[135.658801,34.458822],[135.657435,34.454251],[135.656936,34.449889]]]},"properties":{}}}
  ]
}