{
  "code":31016,
  "id":"ecf225",
  "name":"近鉄生駒線",
  "name_kana":"きんてついこません",
  "station_size":12,
  "company_code":21,
  "closed":false,
  "color":"#FF0000",
  "symbol":"G",
  "station_list":[
    {"code":3101601,"id":"8289b8","name":"生駒","original_name":"生駒","name_kana":"いこま","closed":false,"lat":34.693082,"lng":135.698006,"prefecture":29,"numbering":["G17"],"lines":[31016,31020,31023],"attr":"heat","postal_code":"630-0257","address":"生駒市元町１-１-１","voronoi":{"type":"Feature","geometry":{"type":"Polygon","coordinates":[[[135.687537,34.720286],[135.705905,34.707701],[135.704131,34.691333],[135.699455,34.685904],[135.687537,34.720286]]]},"properties":{}}},
    {"code":3101602,"id":"56e6a6","name":"菜畑","original_name":"菜畑","name_kana":"なばた","closed":false,"lat":34.685535,"lng":135.706769,"prefecture":29,"numbering":["G18"],"lines":[31016],"attr":"heat","postal_code":"630-0263","address":"生駒市中菜畑１-５４-２","voronoi":{"type":"Feature","geometry":{"type":"Polygon","coordinates":[[[135.697723,34.679305],[135.697848,34.683432],[135.699455,34.685904],[135.704131,34.691333],[135.719735,34.681963],[135.697723,34.679305]]]},"properties":{}}},
    {"code":3101603,"id":"1b5953","name":"一分","original_name":"一分","name_kana":"いちぶ","closed":false,"lat":34.675408,"lng":135.707992,"prefecture":29,"numbering":["G19"],"lines":[31016],"attr":"heat","postal_code":"630-0222","address":"生駒市壱分町９０２-３","voronoi":{"type":"Feature","geometry":{"type":"Polygon","coordinates":[[[135.697723,34.679305],[135.696938,34.677912],[135.693705,34.669297],[135.730287,34.672161],[135.723853,34.681334],[135.719735,34.681963],[135.697723,34.679305]]]},"properties":{}}},
    {"code":3101604,"id":"e1fc6f","name":"南生駒","original_name":"南生駒","name_kana":"みなみいこま","closed":false,"lat":34.665484,"lng":135.708769,"prefecture":29,"numbering":["G20"],"lines":[31016],"attr":"heat","postal_code":"630-0223","address":"生駒市小瀬町６９２-２","voronoi":{"type":"Feature","geometry":{"type":"Polygon","coordinates":[[[135.693705,34.669297],[135.730287,34.672161],[135.741509,34.661988],[135.688765,34.660761],[135.690901,34.665037],[135.693171,34.668644],[135.693705,34.669297]]]},"properties":{}}},
    {"code":3101605,"id":"56468d","name":"萩の台","original_name":"萩の台","name_kana":"はぎのだい","closed":false,"lat":34.656974,"lng":135.708967,"prefecture":29,"numbering":["G21"],"lines":[31016],"attr":"heat","postal_code":"630-0224","address":"生駒市萩の台１-３-１","voronoi":{"type":"Feature","geometry":{"type":"Polygon","coordinates":[[[135.74519,34.653662],[135.745923,34.658475],[135.745907,34.658936],[135.741509,34.661988],[135.688765,34.660761],[135.686458,34.657861],[135.69519,34.653562],[135.743405,34.650862],[135.74519,34.653662]]]},"properties":{}}},
    {"code":3101606,"id":"718eba","name":"東山(奈良)","original_name":"東山","name_kana":"ひがしやま","closed":false,"lat":34.648633,"lng":135.7085,"prefecture":29,"numbering":["G22"],"lines":[31016],"attr":"heat","postal_code":"630-0225","address":"生駒市東山町１１４４-１２","voronoi":{"type":"Feature","geometry":{"type":"Polygon","coordinates":[[[135.734766,34.632873],[135.743405,34.650862],[135.69519,34.653562],[135.71192,34.637781],[135.734766,34.632873]]]},"properties":{}}},
    {"code":3101607,"id":"77e9f4","name":"元山上口","original_name":"元山上口","name_kana":"もとさんじょうぐち","closed":false,"lat":34.640562,"lng":135.700887,"prefecture":29,"numbering":["G23"],"lines":[31016],"attr":"heat","postal_code":"636-0901","address":"生駒郡平群町椣原８０２","voronoi":{"type":"Feature","geometry":{"type":"Polygon","coordinates":[[[135.671814,34.650224],[135.668487,34.644167],[135.669104,34.64155],[135.677316,34.627164],[135.71192,34.637781],[135.69519,34.653562],[135.686458,34.657861],[135.671814,34.650224]]]},"properties":{}}},
    {"code":3101608,"id":"e4b10c","name":"平群","original_name":"平群","name_kana":"へぐり","closed":false,"lat":34.629291,"lng":135.704345,"prefecture":29,"numbering":["G24"],"lines":[31016],"attr":"eco","postal_code":"636-0932","address":"生駒郡平群町吉新４-３-３２","voronoi":{"type":"Feature","geometry":{"type":"Polygon","coordinates":[[[135.677316,34.627164],[135.678657,34.622822],[135.728296,34.623706],[135.734595,34.631437],[135.734766,34.632873],[135.71192,34.637781],[135.677316,34.627164]]]},"properties":{}}},
    {"code":3101609,"id":"b3e347","name":"竜田川","original_name":"竜田川","name_kana":"たつたがわ","closed":false,"lat":34.617272,"lng":135.704559,"prefecture":29,"numbering":["G25"],"lines":[31016],"attr":"eco","postal_code":"636-0914","address":"生駒郡平群町西宮２-７-１２","voronoi":{"type":"Feature","geometry":{"type":"Polygon","coordinates":[[[135.716259,34.607363],[135.686051,34.617041],[135.67877,34.621225],[135.678657,34.622822],[135.728296,34.623706],[135.720965,34.608005],[135.719751,34.607323],[135.716259,34.607363]]]},"properties":{}}},
    {"code":3101610,"id":"3e38ab","name":"勢野北口","original_name":"勢野北口","name_kana":"せやきたぐち","closed":false,"lat":34.606098,"lng":135.700979,"prefecture":29,"numbering":["G26"],"lines":[31016],"attr":"eco","postal_code":"636-0811","address":"生駒郡三郷町勢野東４-３-５０","voronoi":{"type":"Feature","geometry":{"type":"Polygon","coordinates":[[[135.686051,34.617041],[135.700306,34.601008],[135.701113,34.601291],[135.716259,34.607363],[135.686051,34.617041]]]},"properties":{}}},
    {"code":3101611,"id":"ad184a","name":"信貴山下","original_name":"信貴山下","name_kana":"しぎさんした","closed":false,"lat":34.600935,"lng":135.695172,"prefecture":29,"numbering":["G27"],"lines":[31016],"attr":"cool","postal_code":"636-0812","address":"生駒郡三郷町勢野西１-４-１","voronoi":{"type":"Feature","geometry":{"type":"Polygon","coordinates":[[[135.674052,34.605907],[135.67877,34.621225],[135.686051,34.617041],[135.700306,34.601008],[135.696575,34.591558],[135.674052,34.605907]]]},"properties":{}}},
    {"code":1160708,"id":"5b8137","name":"王寺","original_name":"王寺","name_kana":"おうじ","closed":false,"lat":34.597448,"lng":135.704005,"prefecture":29,"numbering":["G28"],"lines":[11607,11636,31016],"attr":"cool","postal_code":"636-0003","address":"北葛城郡王寺町久度２丁目","voronoi":{"type":"Feature","geometry":{"type":"Polygon","coordinates":[[[135.701113,34.601291],[135.700306,34.601008],[135.696575,34.591558],[135.698436,34.587975],[135.709423,34.5879],[135.710466,34.589957],[135.701113,34.601291]]]},"properties":{}}}
  ]
}