{
  "code":31029,
  "id":311,
  "name":"近鉄八王子線",
  "name_kana":"きんてつはちおうじせん",
  "station_size":4,
  "company_code":21,
  "closed":false,
  "station_list":[
    {"code":3100801,"id":5713,"name":"近鉄四日市（あすなろう四日市）","original_name":"近鉄四日市（あすなろう四日市）","name_kana":"きんてつよっかいち（あすなろうよっかいち）","closed":false,"lat":34.966495,"lng":136.618352,"prefecture":24,"lines":[31008,31013,31027,31028,31029],"attr":"eco","postal_code":"510-0075","address":"四日市市安島１-１-５６","voronoi":{"type":"Feature","geometry":{"type":"Polygon","coordinates":[[[136.611938,34.975862],[136.610409,34.967161],[136.616008,34.961066],[136.62321,34.961321],[136.625856,34.969606],[136.611938,34.975862]]]},"properties":{}}},
    {"code":3101302,"id":5740,"name":"赤堀","original_name":"赤堀","name_kana":"あかほり","closed":false,"lat":34.95919,"lng":136.6104,"prefecture":24,"lines":[31013,31028,31029],"attr":"eco","postal_code":"510-0826","address":"四日市市赤堀２-１３-２０","voronoi":{"type":"Feature","geometry":{"type":"Polygon","coordinates":[[[136.604606,34.962724],[136.611347,34.950297],[136.611641,34.950285],[136.616008,34.961066],[136.610409,34.967161],[136.604606,34.962724]]]},"properties":{}}},
    {"code":3101303,"id":5741,"name":"日永","original_name":"日永","name_kana":"ひなが","closed":false,"lat":34.95594,"lng":136.604409,"prefecture":24,"lines":[31013,31014,31028,31029],"attr":"eco","postal_code":"510-0885","address":"四日市市日永１-１４-６","voronoi":{"type":"Feature","geometry":{"type":"Polygon","coordinates":[[[136.608935,34.949419],[136.597438,34.955932],[136.596166,34.961466],[136.596379,34.961676],[136.604606,34.962724],[136.611347,34.950297],[136.608935,34.949419]]]},"properties":{}}},
    {"code":3101404,"id":5747,"name":"西日野","original_name":"西日野","name_kana":"にしひの","closed":false,"lat":34.952896,"lng":136.591163,"prefecture":24,"lines":[31014,31029],"attr":"heat","postal_code":"510-0943","address":"四日市市西日野町字東浦３０","voronoi":{"type":"Feature","geometry":{"type":"Polygon","coordinates":[[[136.574575,34.96092],[136.557329,34.944066],[136.58178,34.940321],[136.582006,34.940332],[136.585744,34.94132],[136.594621,34.946515],[136.597438,34.955932],[136.596166,34.961466],[136.574575,34.96092]]]},"properties":{}}}
  ]
}