{
  "code":32003,
  "id":327,
  "name":"南海和歌山港線",
  "name_kana":"なんかいわかやまこうせん",
  "station_size":2,
  "company_code":22,
  "closed":false,
  "color":"#0065AF",
  "symbol":"NK",
  "station_list":[
    {"code":1164003,"id":3350,"name":"和歌山市","original_name":"和歌山市","name_kana":"わかやまし","closed":false,"lat":34.236717,"lng":135.166731,"prefecture":30,"numbering":["NK45"],"lines":[11640,32001,32003,32005],"attr":"eco","postal_code":"640-8203","address":"和歌山市東蔵前丁","voronoi":{"type":"Feature","geometry":{"type":"Polygon","coordinates":[[[135.177587,34.225884],[135.177004,34.224272],[135.167706,34.215438],[135.150194,34.233714],[135.155228,34.245326],[135.171692,34.24607],[135.178013,34.228343],[135.177587,34.225884]]]},"properties":{}}},
    {"code":3200305,"id":5929,"name":"和歌山港","original_name":"和歌山港","name_kana":"わかやまこう","closed":false,"lat":34.217321,"lng":135.146488,"prefecture":30,"numbering":["NK45-1"],"lines":[32003],"attr":"eco","postal_code":"640-0000","address":"和歌山市薬種畑","voronoi":{"type":"Feature","geometry":{"type":"Polygon","coordinates":[[[135.067687,34.175424],[135.107704,34.164856],[135.143735,34.17016],[135.166424,34.201661],[135.167706,34.215438],[135.150194,34.233714],[135.134999,34.231023],[135.118131,34.223742],[135.106132,34.215325],[135.089089,34.199371],[135.077067,34.186705],[135.067687,34.175424]]]},"properties":{}}}
  ]
}