{
  "code":32005,
  "id":"59ff87",
  "name":"南海加太線",
  "name_kana":"なんかいかだせん",
  "station_size":9,
  "company_code":22,
  "closed":false,
  "color":"#0065AF",
  "symbol":"NK",
  "station_list":[
    {"code":1164003,"id":"71b015","name":"和歌山市","original_name":"和歌山市","name_kana":"わかやまし","closed":false,"lat":34.236717,"lng":135.166731,"prefecture":30,"numbering":["NK45"],"lines":[11640,32001,32003,32005],"attr":"eco","postal_code":"640-8203","address":"和歌山市東蔵前丁","voronoi":{"type":"Feature","geometry":{"type":"Polygon","coordinates":[[[135.177587,34.225884],[135.177004,34.224272],[135.167706,34.215438],[135.150194,34.233714],[135.155228,34.245326],[135.171692,34.24607],[135.178013,34.228343],[135.177587,34.225884]]]},"properties":{}}},
    {"code":3200139,"id":"b80516","name":"紀ノ川","original_name":"紀ノ川","name_kana":"きのかわ","closed":false,"lat":34.254937,"lng":135.165908,"prefecture":30,"numbering":["NK44"],"lines":[32001,32005],"attr":"eco","postal_code":"640-8464","address":"和歌山市市小路１６２-３","voronoi":{"type":"Feature","geometry":{"type":"Polygon","coordinates":[[[135.183904,34.260703],[135.171692,34.24607],[135.155228,34.245326],[135.150847,34.260646],[135.170159,34.277658],[135.182147,34.282661],[135.185543,34.264012],[135.183904,34.260703]]]},"properties":{}}},
    {"code":3200503,"id":"b59c98","name":"東松江(和歌山)","original_name":"東松江","name_kana":"ひがしまつえ","closed":false,"lat":34.247837,"lng":135.141082,"prefecture":30,"numbering":["NK44-1"],"lines":[32005],"attr":"eco","postal_code":"640-8422","address":"和歌山市松江東４-１４-１","voronoi":{"type":"Feature","geometry":{"type":"Polygon","coordinates":[[[135.134999,34.231023],[135.138716,34.263203],[135.150847,34.260646],[135.155228,34.245326],[135.150194,34.233714],[135.134999,34.231023]]]},"properties":{}}},
    {"code":3200504,"id":"b2d1e4","name":"中松江","original_name":"中松江","name_kana":"なかまつえ","closed":false,"lat":34.248781,"lng":135.13291,"prefecture":30,"numbering":["NK44-2"],"lines":[32005],"attr":"eco","postal_code":"640-8423","address":"和歌山市松江中３-３-１","voronoi":{"type":"Feature","geometry":{"type":"Polygon","coordinates":[[[135.138716,34.263203],[135.134999,34.231023],[135.118131,34.223742],[135.132663,34.26632],[135.138716,34.263203]]]},"properties":{}}},
    {"code":3200505,"id":"149b37","name":"八幡前(和歌山)","original_name":"八幡前","name_kana":"はちまんまえ","closed":false,"lat":34.252592,"lng":135.121744,"prefecture":30,"numbering":["NK44-3"],"lines":[32005],"attr":"cool","postal_code":"640-8435","address":"和歌山市古屋２２２-２","voronoi":{"type":"Feature","geometry":{"type":"Polygon","coordinates":[[[135.122365,34.277324],[135.106132,34.215325],[135.118131,34.223742],[135.132663,34.26632],[135.122365,34.277324]]]},"properties":{}}},
    {"code":3200506,"id":"0b7e4a","name":"西ノ庄","original_name":"西ノ庄","name_kana":"にしのしょう","closed":false,"lat":34.255461,"lng":135.110786,"prefecture":30,"numbering":["NK44-4"],"lines":[32005],"attr":"cool","postal_code":"640-0112","address":"和歌山市西庄１０１６-３","voronoi":{"type":"Feature","geometry":{"type":"Polygon","coordinates":[[[135.122365,34.277324],[135.117035,34.286603],[135.089089,34.199371],[135.106132,34.215325],[135.122365,34.277324]]]},"properties":{}}},
    {"code":3200507,"id":"4adff8","name":"二里ヶ浜","original_name":"二里ヶ浜","name_kana":"にりがはま","closed":false,"lat":34.257627,"lng":135.104025,"prefecture":30,"numbering":["NK44-5"],"lines":[32005],"attr":"cool","postal_code":"640-0113","address":"和歌山県和歌山市本脇","voronoi":{"type":"Feature","geometry":{"type":"Polygon","coordinates":[[[135.107695,34.286599],[135.077067,34.186705],[135.089089,34.199371],[135.117035,34.286603],[135.115565,34.289994],[135.111854,34.292076],[135.107695,34.286599]]]},"properties":{}}},
    {"code":3200508,"id":"322cbe","name":"磯ノ浦","original_name":"磯ノ浦","name_kana":"いそのうら","closed":false,"lat":34.260549,"lng":135.094495,"prefecture":30,"numbering":["NK44-6"],"lines":[32005],"attr":"heat","postal_code":"640-0114","address":"和歌山市磯の浦３７７-２","voronoi":{"type":"Feature","geometry":{"type":"Polygon","coordinates":[[[135.107695,34.286599],[134.975323,34.163319],[135.067687,34.175424],[135.077067,34.186705],[135.107695,34.286599]]]},"properties":{}}},
    {"code":3200509,"id":"8befe9","name":"加太(和歌山)","original_name":"加太","name_kana":"かだ","closed":false,"lat":34.275283,"lng":135.080773,"prefecture":30,"numbering":["NK44-7"],"lines":[32005],"attr":"heat","postal_code":"640-0103","address":"和歌山市加太１０３８-１","voronoi":{"type":"Feature","geometry":{"type":"Polygon","coordinates":[[[134.99881,34.446018],[134.976159,34.443592],[134.944935,34.439542],[134.937155,34.437463],[134.809731,34.398352],[134.862137,34.140868],[134.975323,34.163319],[135.107695,34.286599],[135.111854,34.292076],[134.99881,34.446018]]]},"properties":{}}}
  ]
}