{
  "code":32006,
  "id":330,
  "name":"南海多奈川線",
  "name_kana":"なんかいたながわせん",
  "station_size":4,
  "company_code":22,
  "closed":false,
  "color":"#0065AF",
  "symbol":"NK",
  "station_list":[
    {"code":3200137,"id":5926,"name":"みさき公園","original_name":"みさき公園","name_kana":"みさきこうえん","closed":false,"lat":34.323986,"lng":135.160977,"prefecture":27,"numbering":["NK41"],"lines":[32001,32006],"attr":"heat","postal_code":"599-0301","address":"泉南郡岬町淡輪３７１４","voronoi":{"type":"Feature","geometry":{"type":"Polygon","coordinates":[[[135.161318,34.305715],[135.181312,34.299748],[135.122874,34.438375],[135.110085,34.447788],[135.126465,34.394255],[135.140171,34.353383],[135.161318,34.305715]]]},"properties":{}}},
    {"code":3200602,"id":5940,"name":"深日町","original_name":"深日町","name_kana":"ふけちょう","closed":false,"lat":34.31823,"lng":135.148002,"prefecture":27,"numbering":["NK41-1"],"lines":[32006],"attr":"eco","postal_code":"599-0303","address":"泉南郡岬町深日１４３３","voronoi":{"type":"Feature","geometry":{"type":"Polygon","coordinates":[[[135.140171,34.353383],[135.146377,34.304082],[135.161318,34.305715],[135.140171,34.353383]]]},"properties":{}}},
    {"code":3200603,"id":5941,"name":"深日港","original_name":"深日港","name_kana":"ふけこう","closed":false,"lat":34.317386,"lng":135.141297,"prefecture":27,"numbering":["NK41-2"],"lines":[32006],"attr":"eco","postal_code":"599-0303","address":"泉南郡岬町深日２５３５-１","voronoi":{"type":"Feature","geometry":{"type":"Polygon","coordinates":[[[135.141667,34.302371],[135.126465,34.394255],[135.140171,34.353383],[135.146377,34.304082],[135.141667,34.302371]]]},"properties":{}}},
    {"code":3200604,"id":5942,"name":"多奈川","original_name":"多奈川","name_kana":"たながわ","closed":false,"lat":34.316705,"lng":135.137181,"prefecture":27,"numbering":["NK41-3"],"lines":[32006],"attr":"eco","postal_code":"599-0300","address":"泉南郡岬町多奈川２２９０","voronoi":{"type":"Feature","geometry":{"type":"Polygon","coordinates":[[[135.126465,34.394255],[135.141667,34.302371],[135.120712,34.291255],[135.115565,34.289994],[135.111854,34.292076],[134.99881,34.446018],[135.032902,34.456286],[135.058147,34.463015],[135.085705,34.4695],[135.110085,34.447788],[135.126465,34.394255]]]},"properties":{}}}
  ]
}