{
  "code":33003,
  "id":"171ce6",
  "name":"京阪交野線",
  "name_kana":"けいはんかたのせん",
  "station_size":8,
  "company_code":23,
  "closed":false,
  "color":"#66CC33",
  "symbol":"KH",
  "station_list":[
    {"code":3300120,"id":"793419","name":"枚方市","original_name":"枚方市","name_kana":"ひらかたし","closed":false,"lat":34.816171,"lng":135.648814,"prefecture":27,"numbering":["KH21"],"lines":[33001,33003],"attr":"heat","postal_code":"573-0032","address":"枚方市岡東町１９-１４","voronoi":{"type":"Feature","geometry":{"type":"Polygon","coordinates":[[[135.636901,34.828417],[135.648684,34.804703],[135.64996,34.806351],[135.654792,34.821327],[135.636901,34.828417]]]},"properties":{}}},
    {"code":3300302,"id":"59809b","name":"宮之阪","original_name":"宮之阪","name_kana":"みやのさか","closed":false,"lat":34.813649,"lng":135.65663,"prefecture":27,"numbering":["KH61"],"lines":[33003],"attr":"heat","postal_code":"573-0022","address":"枚方市宮之阪１-７５５-２","voronoi":{"type":"Feature","geometry":{"type":"Polygon","coordinates":[[[135.64996,34.806351],[135.654792,34.821327],[135.674685,34.824735],[135.679525,34.823301],[135.67955,34.821884],[135.64996,34.806351]]]},"properties":{}}},
    {"code":3300303,"id":"a78503","name":"星ヶ丘(大阪)","original_name":"星ヶ丘","name_kana":"ほしがおか","closed":false,"lat":34.807696,"lng":135.659755,"prefecture":27,"numbering":["KH62"],"lines":[33003],"attr":"heat","postal_code":"573-0013","address":"大阪府枚方市星丘二丁目","voronoi":{"type":"Feature","geometry":{"type":"Polygon","coordinates":[[[135.680078,34.81853],[135.647864,34.794012],[135.647097,34.796297],[135.648684,34.804703],[135.64996,34.806351],[135.67955,34.821884],[135.680078,34.81853]]]},"properties":{}}},
    {"code":3300304,"id":"ae334a","name":"村野","original_name":"村野","name_kana":"むらの","closed":false,"lat":34.801828,"lng":135.664221,"prefecture":27,"numbering":["KH63"],"lines":[33003],"attr":"heat","postal_code":"573-0016","address":"枚方市村野本町１-２５","voronoi":{"type":"Feature","geometry":{"type":"Polygon","coordinates":[[[135.680078,34.81853],[135.647864,34.794012],[135.648075,34.792252],[135.651242,34.786127],[135.681181,34.808814],[135.681263,34.814919],[135.680078,34.81853]]]},"properties":{}}},
    {"code":3300305,"id":"08b065","name":"郡津","original_name":"郡津","name_kana":"こうづ","closed":false,"lat":34.794376,"lng":135.669868,"prefecture":27,"numbering":["KH64"],"lines":[33003],"attr":"eco","postal_code":"576-0053","address":"交野市郡津５-１１-１","voronoi":{"type":"Feature","geometry":{"type":"Polygon","coordinates":[[[135.681181,34.808814],[135.651242,34.786127],[135.65167,34.784418],[135.661567,34.78207],[135.683622,34.799019],[135.681181,34.808814]]]},"properties":{}}},
    {"code":3300306,"id":"362361","name":"交野市","original_name":"交野市","name_kana":"かたのし","closed":false,"lat":34.786924,"lng":135.675595,"prefecture":27,"numbering":["KH65"],"lines":[33003],"attr":"eco","postal_code":"576-0052","address":"交野市私部３-１８-１５","voronoi":{"type":"Feature","geometry":{"type":"Polygon","coordinates":[[[135.661567,34.78207],[135.683622,34.799019],[135.689539,34.789866],[135.672589,34.775235],[135.661567,34.78207]]]},"properties":{}}},
    {"code":3300307,"id":"b4c8a4","name":"河内森","original_name":"河内森","name_kana":"かわちもり","closed":false,"lat":34.77386,"lng":135.685617,"prefecture":27,"numbering":["KH66"],"lines":[33003],"attr":"cool","postal_code":"576-0033","address":"交野市私市１-２-１","voronoi":{"type":"Feature","geometry":{"type":"Polygon","coordinates":[[[135.703554,34.782341],[135.67441,34.77103],[135.67499,34.769058],[135.718322,34.775723],[135.703554,34.782341]]]},"properties":{}}},
    {"code":3300308,"id":"08dd8a","name":"私市","original_name":"私市","name_kana":"きさいち","closed":false,"lat":34.767671,"lng":135.686569,"prefecture":27,"numbering":["KH67"],"lines":[33003],"attr":"cool","postal_code":"576-0032","address":"交野市私市山手３-６-３２","voronoi":{"type":"Feature","geometry":{"type":"Polygon","coordinates":[[[135.67499,34.769058],[135.718322,34.775723],[135.73347,34.77061],[135.703865,34.745432],[135.681125,34.730961],[135.675302,34.746876],[135.67499,34.769058]]]},"properties":{}}}
  ]
}