{
  "code":33005,
  "id":338,
  "name":"京阪石清水八幡宮参道ケーブル",
  "name_kana":"けいはんいわしみずはちまんぐうさんどうけーぶる",
  "name_formal":"京阪鋼索線",
  "station_size":2,
  "company_code":23,
  "closed":false,
  "station_list":[
    {"code":3300501,"id":9357,"name":"ケーブル八幡宮口","original_name":"ケーブル八幡宮口","name_kana":"けーぶるはちまんぐうぐち","closed":false,"lat":34.884513,"lng":135.699473,"prefecture":26,"lines":[33005],"attr":"heat","postal_code":"614-8001","address":"八幡市八幡科手１","voronoi":{"type":"Feature","geometry":{"type":"Polygon","coordinates":[[[135.692057,34.882078],[135.690937,34.888976],[135.694828,34.89893],[135.69947,34.900736],[135.699959,34.882817],[135.692057,34.882078]]]},"properties":{}}},
    {"code":3300502,"id":6036,"name":"ケーブル八幡宮山上","original_name":"ケーブル八幡宮山上","name_kana":"けーぶるはちまんぐうさんじょう","closed":false,"lat":34.881061,"lng":135.699796,"prefecture":26,"lines":[33005],"attr":"heat","postal_code":"614-8008","address":"京都府八幡市八幡平ノ山","voronoi":{"type":"Feature","geometry":{"type":"Polygon","coordinates":[[[135.699959,34.882817],[135.692057,34.882078],[135.691105,34.866996],[135.702403,34.852525],[135.708069,34.853892],[135.736812,34.87063],[135.737047,34.871722],[135.729465,34.878098],[135.699959,34.882817]]]},"properties":{}}}
  ]
}