{
  "code":33006,
  "id":"3112ac",
  "name":"京阪石山坂本線",
  "name_kana":"けいはんいしやまさかもとせん",
  "station_size":21,
  "company_code":23,
  "closed":false,
  "color":"#009933",
  "symbol":"OT",
  "station_list":[
    {"code":3300601,"id":"0bebe9","name":"石山寺","original_name":"石山寺","name_kana":"いしやまでら","closed":false,"lat":34.967122,"lng":135.90347,"prefecture":25,"numbering":["OT01"],"lines":[33006],"attr":"heat","postal_code":"520-0853","address":"大津市螢谷５-１３","voronoi":{"type":"Feature","geometry":{"type":"Polygon","coordinates":[[[135.865727,34.917623],[135.881671,34.894898],[135.906701,34.8613],[135.93713,34.865808],[135.954568,34.87332],[135.975443,34.909935],[135.919668,34.971543],[135.886826,34.968887],[135.876759,34.965817],[135.868736,34.962246],[135.859513,34.945392],[135.863794,34.921177],[135.865727,34.917623]]]},"properties":{}}},
    {"code":3300602,"id":"bf4dc0","name":"唐橋前","original_name":"唐橋前","name_kana":"からはしまえ","closed":false,"lat":34.973304,"lng":135.90297,"prefecture":25,"numbering":["OT02"],"lines":[33006],"attr":"heat","postal_code":"520-0854","address":"大津市鳥居川町７-１０","voronoi":{"type":"Feature","geometry":{"type":"Polygon","coordinates":[[[135.913523,34.981566],[135.919668,34.971543],[135.886826,34.968887],[135.901268,34.976449],[135.913523,34.981566]]]},"properties":{}}},
    {"code":3300603,"id":"d39cb3","name":"京阪石山","original_name":"京阪石山","name_kana":"けいはんいしやま","closed":false,"lat":34.979639,"lng":135.899653,"prefecture":25,"numbering":["OT03"],"lines":[33006],"attr":"heat","postal_code":"520-0832","address":"大津市粟津町２番２８号","voronoi":{"type":"Feature","geometry":{"type":"Polygon","coordinates":[[[135.898635,34.983004],[135.876759,34.965817],[135.886826,34.968887],[135.901268,34.976449],[135.898635,34.983004]]]},"properties":{}}},
    {"code":3300604,"id":"f54860","name":"粟津(滋賀)","original_name":"粟津","name_kana":"あわづ","closed":false,"lat":34.984789,"lng":135.895607,"prefecture":25,"numbering":["OT04"],"lines":[33006],"attr":"heat","postal_code":"520-0835","address":"大津市別保１-７-６","voronoi":{"type":"Feature","geometry":{"type":"Polygon","coordinates":[[[135.889408,34.985023],[135.871082,34.972667],[135.868736,34.962246],[135.876759,34.965817],[135.898635,34.983004],[135.905184,34.989156],[135.889408,34.985023]]]},"properties":{}}},
    {"code":3300605,"id":"a53770","name":"瓦ヶ浜","original_name":"瓦ヶ浜","name_kana":"かわらがはま","closed":false,"lat":34.988266,"lng":135.894696,"prefecture":25,"numbering":["OT05"],"lines":[33006],"attr":"heat","postal_code":"520-0837","address":"滋賀県大津市中庄一丁目","voronoi":{"type":"Feature","geometry":{"type":"Polygon","coordinates":[[[135.889408,34.985023],[135.89992,34.997924],[135.91081,35.006316],[135.910347,34.992557],[135.905184,34.989156],[135.889408,34.985023]]]},"properties":{}}},
    {"code":3300606,"id":"3cba68","name":"中ノ庄","original_name":"中ノ庄","name_kana":"なかのしょう","closed":false,"lat":34.990857,"lng":135.891516,"prefecture":25,"numbering":["OT06"],"lines":[33006],"attr":"heat","postal_code":"520-0837","address":"大津市中庄２-１６-２","voronoi":{"type":"Feature","geometry":{"type":"Polygon","coordinates":[[[135.89992,34.997924],[135.883009,34.989363],[135.878548,34.985475],[135.871395,34.976254],[135.871082,34.972667],[135.889408,34.985023],[135.89992,34.997924]]]},"properties":{}}},
    {"code":3300607,"id":"15c0ac","name":"膳所本町","original_name":"膳所本町","name_kana":"ぜぜほんまち","closed":false,"lat":34.995335,"lng":135.889249,"prefecture":25,"numbering":["OT07"],"lines":[33006],"attr":"heat","postal_code":"520-0815","address":"大津市膳所２-８-５","voronoi":{"type":"Feature","geometry":{"type":"Polygon","coordinates":[[[135.91081,35.006316],[135.89992,34.997924],[135.883009,34.989363],[135.912607,35.036679],[135.912854,35.036779],[135.914736,35.023944],[135.91081,35.006316]]]},"properties":{}}},
    {"code":3300608,"id":"d6ce06","name":"錦","original_name":"錦","name_kana":"にしき","closed":false,"lat":34.997587,"lng":135.885649,"prefecture":25,"numbering":["OT08"],"lines":[33006],"attr":"heat","postal_code":"520-0817","address":"大津市昭和町２-８","voronoi":{"type":"Feature","geometry":{"type":"Polygon","coordinates":[[[135.903567,35.033444],[135.891453,35.016392],[135.882964,34.998109],[135.878548,34.985475],[135.883009,34.989363],[135.912607,35.036679],[135.903567,35.033444]]]},"properties":{}}},
    {"code":3300609,"id":"c028e4","name":"京阪膳所","original_name":"京阪膳所","name_kana":"けいはんぜぜ","closed":false,"lat":34.999823,"lng":135.880833,"prefecture":25,"numbering":["OT09"],"lines":[33006],"attr":"heat","postal_code":"520-0802","address":"大津市馬場２-１１-６","voronoi":{"type":"Feature","geometry":{"type":"Polygon","coordinates":[[[135.891453,35.016392],[135.877602,35.001613],[135.882964,34.998109],[135.891453,35.016392]]]},"properties":{}}},
    {"code":3300610,"id":"1770a5","name":"石場","original_name":"石場","name_kana":"いしば","closed":false,"lat":35.004722,"lng":135.875606,"prefecture":25,"numbering":["OT10"],"lines":[33006],"attr":"heat","postal_code":"520-0807","address":"大津市松本２-１５-６","voronoi":{"type":"Feature","geometry":{"type":"Polygon","coordinates":[[[135.903567,35.033444],[135.888858,35.030625],[135.870453,35.001798],[135.871385,34.99588],[135.877602,35.001613],[135.891453,35.016392],[135.903567,35.033444]]]},"properties":{}}},
    {"code":3300611,"id":"ccddba","name":"島ノ関","original_name":"島ノ関","name_kana":"しまのせき","closed":false,"lat":35.007703,"lng":135.870937,"prefecture":25,"numbering":["OT11"],"lines":[33006],"attr":"eco","postal_code":"520-0042","address":"大津市島の関１０-７","voronoi":{"type":"Feature","geometry":{"type":"Polygon","coordinates":[[[135.870453,35.001798],[135.866332,35.007303],[135.875737,35.025574],[135.881013,35.029886],[135.888858,35.030625],[135.870453,35.001798]]]},"properties":{}}},
    {"code":3300612,"id":"43628f","name":"びわ湖浜大津","original_name":"びわ湖浜大津","name_kana":"びわこはまおおつ","closed":false,"lat":35.011283,"lng":135.863982,"prefecture":25,"numbering":["OT12"],"lines":[33006,33007],"attr":"eco","postal_code":"520-0047","address":"大津市浜大津１-３-８","voronoi":{"type":"Feature","geometry":{"type":"Polygon","coordinates":[[[135.860724,35.009055],[135.86495,35.020064],[135.875737,35.025574],[135.866332,35.007303],[135.863851,35.007102],[135.860724,35.009055]]]},"properties":{}}},
    {"code":3300613,"id":"06bd5c","name":"三井寺","original_name":"三井寺","name_kana":"みいでら","closed":false,"lat":35.012891,"lng":135.859793,"prefecture":25,"numbering":["OT13"],"lines":[33006],"attr":"eco","postal_code":"520-0047","address":"大津市浜大津３-６-１２","voronoi":{"type":"Feature","geometry":{"type":"Polygon","coordinates":[[[135.848681,35.008497],[135.860724,35.009055],[135.86495,35.020064],[135.86257,35.019544],[135.848681,35.008497]]]},"properties":{}}},
    {"code":3300614,"id":"5afe95","name":"大津市役所前","original_name":"大津市役所前","name_kana":"おおつしやくしょまえ","closed":false,"lat":35.018335,"lng":135.855463,"prefecture":25,"numbering":["OT14"],"lines":[33006],"attr":"eco","postal_code":"520-0037","address":"大津市御陵町５-１","voronoi":{"type":"Feature","geometry":{"type":"Polygon","coordinates":[[[135.844001,35.006832],[135.848681,35.008497],[135.86257,35.019544],[135.859388,35.020486],[135.826457,35.02092],[135.831547,35.01486],[135.843545,35.006858],[135.844001,35.006832]]]},"properties":{}}},
    {"code":3300615,"id":"d53790","name":"京阪大津京","original_name":"京阪大津京","name_kana":"けいはんおおつきょう","closed":false,"lat":35.02274,"lng":135.855521,"prefecture":25,"numbering":["OT15"],"lines":[33006],"attr":"cool","postal_code":"520-0025","address":"大津市皇子が丘２-５-１","voronoi":{"type":"Feature","geometry":{"type":"Polygon","coordinates":[[[135.820904,35.02729],[135.823482,35.023961],[135.826457,35.02092],[135.859388,35.020486],[135.854517,35.025527],[135.820904,35.02729]]]},"properties":{}}},
    {"code":3300616,"id":"599967","name":"近江神宮前","original_name":"近江神宮前","name_kana":"おうみじんぐうまえ","closed":false,"lat":35.028194,"lng":135.855807,"prefecture":25,"numbering":["OT16"],"lines":[33006],"attr":"cool","postal_code":"520-0027","address":"大津市錦織２-７-１６","voronoi":{"type":"Feature","geometry":{"type":"Polygon","coordinates":[[[135.820904,35.02729],[135.819835,35.028467],[135.819811,35.028548],[135.820536,35.03164],[135.82067,35.032039],[135.825722,35.038493],[135.867077,35.0304],[135.854517,35.025527],[135.820904,35.02729]]]},"properties":{}}},
    {"code":3300617,"id":"52c76e","name":"南滋賀","original_name":"南滋賀","name_kana":"みなみしが","closed":false,"lat":35.036691,"lng":135.85747,"prefecture":25,"numbering":["OT17"],"lines":[33006],"attr":"cool","postal_code":"520-0011","address":"大津市南志賀３-９-８","voronoi":{"type":"Feature","geometry":{"type":"Polygon","coordinates":[[[135.825722,35.038493],[135.83032,35.046385],[135.87046,35.03727],[135.880236,35.030183],[135.867077,35.0304],[135.825722,35.038493]]]},"properties":{}}},
    {"code":3300618,"id":"58b4e7","name":"滋賀里","original_name":"滋賀里","name_kana":"しがさと","closed":false,"lat":35.043402,"lng":135.858994,"prefecture":25,"numbering":["OT18"],"lines":[33006],"attr":"cool","postal_code":"520-0004","address":"大津市見世２-１４-７","voronoi":{"type":"Feature","geometry":{"type":"Polygon","coordinates":[[[135.859871,35.050479],[135.836775,35.06132],[135.83032,35.046385],[135.87046,35.03727],[135.859871,35.050479]]]},"properties":{}}},
    {"code":3300619,"id":"10f7b5","name":"穴太(滋賀)","original_name":"穴太","name_kana":"あのお","closed":false,"lat":35.055675,"lng":135.864755,"prefecture":25,"numbering":["OT19"],"lines":[33006],"attr":"cool","postal_code":"520-0114","address":"大津市穴太２-８-１","voronoi":{"type":"Feature","geometry":{"type":"Polygon","coordinates":[[[135.845693,35.072878],[135.875086,35.056208],[135.859871,35.050479],[135.836775,35.06132],[135.839217,35.075706],[135.845693,35.072878]]]},"properties":{}}},
    {"code":3300620,"id":"f952e7","name":"松ノ馬場","original_name":"松ノ馬場","name_kana":"まつのばんば","closed":false,"lat":35.065348,"lng":135.870241,"prefecture":25,"numbering":["OT20"],"lines":[33006],"attr":"cool","postal_code":"520-0113","address":"大津市坂本２-１０-６６","voronoi":{"type":"Feature","geometry":{"type":"Polygon","coordinates":[[[135.875086,35.056208],[135.845693,35.072878],[135.874674,35.067202],[135.882603,35.054627],[135.875086,35.056208]]]},"properties":{}}},
    {"code":3300621,"id":"07e0d2","name":"坂本比叡山口","original_name":"坂本比叡山口","name_kana":"さかもとひえいざんぐち","closed":false,"lat":35.070592,"lng":135.871268,"prefecture":25,"numbering":["OT21"],"lines":[33006],"attr":"cool","postal_code":"520-0113","address":"大津市坂本４-１２-３５","voronoi":{"type":"Feature","geometry":{"type":"Polygon","coordinates":[[[135.839217,35.075706],[135.835186,35.122847],[135.836328,35.125506],[135.875317,35.090956],[135.874674,35.067202],[135.845693,35.072878],[135.839217,35.075706]]]},"properties":{}}}
  ]
}