{
  "code":34005,
  "id":346,
  "name":"阪急甲陽線",
  "name_kana":"はんきゅうこうようせん",
  "station_size":3,
  "company_code":24,
  "closed":false,
  "color":"#0000FF",
  "symbol":"HK",
  "station_list":[
    {"code":3400109,"id":6076,"name":"夙川","original_name":"夙川","name_kana":"しゅくがわ","closed":false,"lat":34.742246,"lng":135.328207,"prefecture":28,"numbering":["HK09"],"lines":[34001,34005],"attr":"eco","postal_code":"662-0063","address":"西宮市相生町２-１","voronoi":{"type":"Feature","geometry":{"type":"Polygon","coordinates":[[[135.335056,34.745589],[135.31416,34.747402],[135.31505,34.745065],[135.321262,34.737627],[135.326883,34.738141],[135.335056,34.745589]]]},"properties":{}}},
    {"code":3400502,"id":6134,"name":"苦楽園口","original_name":"苦楽園口","name_kana":"くらくえんぐち","closed":false,"lat":34.750062,"lng":135.328885,"prefecture":28,"numbering":["HK29"],"lines":[34005],"attr":"cool","postal_code":"662-0074","address":"西宮市石刎町１-２２","voronoi":{"type":"Feature","geometry":{"type":"Polygon","coordinates":[[[135.341134,34.74871],[135.343531,34.752999],[135.343592,34.753411],[135.343428,34.754098],[135.307746,34.757647],[135.309843,34.753333],[135.31416,34.747402],[135.335056,34.745589],[135.337102,34.746001],[135.341134,34.74871]]]},"properties":{}}},
    {"code":3400503,"id":6135,"name":"甲陽園","original_name":"甲陽園","name_kana":"こうようえん","closed":false,"lat":34.760919,"lng":135.329965,"prefecture":28,"numbering":["HK30"],"lines":[34005],"attr":"cool","postal_code":"662-0016","address":"西宮市甲陽園若江町７-１９","voronoi":{"type":"Feature","geometry":{"type":"Polygon","coordinates":[[[135.299513,34.78768],[135.289969,34.784639],[135.288255,34.780891],[135.307746,34.757647],[135.343428,34.754098],[135.344795,34.764177],[135.344415,34.766113],[135.338592,34.777141],[135.326063,34.78696],[135.319527,34.789366],[135.299513,34.78768]]]},"properties":{}}}
  ]
}