{
  "code":34003,
  "id":344,
  "name":"阪急京都本線",
  "name_kana":"はんきゅうきょうとほんせん",
  "station_size":28,
  "company_code":24,
  "closed":false,
  "color":"#32CD32",
  "symbol":"HK",
  "station_list":[
    {"code":3400301,"id":6100,"name":"京都河原町","original_name":"京都河原町","name_kana":"きょうとかわらまち","closed":false,"lat":35.003765,"lng":135.769463,"prefecture":26,"numbering":["HK86"],"lines":[34003],"attr":"eco","postal_code":"600-8001","address":"京都市下京区四条通河原町西入ル真町５２","voronoi":{"type":"Feature","geometry":{"type":"Polygon","coordinates":[[[135.764257,35.006713],[135.764434,35.006971],[135.769082,35.007378],[135.770796,35.006478],[135.770584,34.999505],[135.764944,35.000262],[135.764274,35.004936],[135.764257,35.006713]]]},"properties":{}}},
    {"code":3400302,"id":6101,"name":"烏丸","original_name":"烏丸","name_kana":"からすま","closed":false,"lat":35.003665,"lng":135.759108,"prefecture":26,"numbering":["HK85"],"lines":[34003],"attr":"eco","postal_code":"600-8008","address":"京都市下京区四条通烏丸東入ル長刀鉾町１７","voronoi":{"type":"Feature","geometry":{"type":"Polygon","coordinates":[[[135.753908,35.006852],[135.753953,35.000884],[135.764274,35.004936],[135.764257,35.006713],[135.754495,35.007468],[135.753908,35.006852]]]},"properties":{}}},
    {"code":3400303,"id":6102,"name":"大宮(京都)","original_name":"大宮","name_kana":"おおみや","closed":false,"lat":35.003587,"lng":135.748756,"prefecture":26,"numbering":["HK84"],"lines":[34003],"attr":"eco","postal_code":"604-8365","address":"京都市中京区四条通大宮西入ル錦大宮町１２７","voronoi":{"type":"Feature","geometry":{"type":"Polygon","coordinates":[[[135.753908,35.006852],[135.746403,35.008403],[135.744772,35.006847],[135.753697,34.998732],[135.75371,34.998749],[135.753953,35.000884],[135.753908,35.006852]]]},"properties":{}}},
    {"code":3400304,"id":6103,"name":"西院","original_name":"西院","name_kana":"さいいん(さい)","closed":false,"lat":35.003619,"lng":135.732447,"prefecture":26,"numbering":["HK83"],"lines":[34003,99612],"attr":"eco","postal_code":"604-8854","address":"京都市中京区壬生仙念町１６","voronoi":{"type":"Feature","geometry":{"type":"Polygon","coordinates":[[[135.724427,34.999327],[135.727681,35.005727],[135.738306,35.005749],[135.740413,35.0031],[135.740404,35.002761],[135.731412,34.99237],[135.72994,34.992419],[135.724427,34.999327]]]},"properties":{}}},
    {"code":3400305,"id":6104,"name":"西京極","original_name":"西京極","name_kana":"にしきょうごく","closed":false,"lat":34.992459,"lng":135.718462,"prefecture":26,"numbering":["HK82"],"lines":[34003],"attr":"cool","postal_code":"615-0851","address":"京都市右京区西京極西池田町２","voronoi":{"type":"Feature","geometry":{"type":"Polygon","coordinates":[[[135.724427,34.999327],[135.717366,35.001421],[135.706449,34.999429],[135.707391,34.990081],[135.717623,34.978091],[135.72994,34.992419],[135.724427,34.999327]]]},"properties":{}}},
    {"code":3400306,"id":6105,"name":"桂","original_name":"桂","name_kana":"かつら","closed":false,"lat":34.979522,"lng":135.703302,"prefecture":26,"numbering":["HK81"],"lines":[34003,34009],"attr":"cool","postal_code":"615-8107","address":"京都市西京区川島北裏町９７-２","voronoi":{"type":"Feature","geometry":{"type":"Polygon","coordinates":[[[135.707391,34.990081],[135.680844,34.9721],[135.706008,34.971764],[135.717662,34.977381],[135.717623,34.978091],[135.707391,34.990081]]]},"properties":{}}},
    {"code":3400307,"id":6106,"name":"洛西口","original_name":"洛西口","name_kana":"らくさいぐち","closed":false,"lat":34.964081,"lng":135.703096,"prefecture":26,"numbering":["HK80"],"lines":[34003],"attr":"cool","postal_code":"615-8103","address":"京都市西京区川島六ノ坪町","voronoi":{"type":"Feature","geometry":{"type":"Polygon","coordinates":[[[135.706008,34.971764],[135.680844,34.9721],[135.652396,34.964447],[135.641304,34.959893],[135.665765,34.95319],[135.706303,34.959353],[135.707191,34.959997],[135.706008,34.971764]]]},"properties":{}}},
    {"code":3400308,"id":6107,"name":"東向日","original_name":"東向日","name_kana":"ひがしむこう","closed":false,"lat":34.953885,"lng":135.704646,"prefecture":26,"numbering":["HK79"],"lines":[34003],"attr":"heat","postal_code":"617-0002","address":"向日市寺戸町小佃５-２","voronoi":{"type":"Feature","geometry":{"type":"Polygon","coordinates":[[[135.669024,34.95181],[135.665765,34.95319],[135.706303,34.959353],[135.708739,34.946165],[135.669024,34.95181]]]},"properties":{}}},
    {"code":3400309,"id":6108,"name":"西向日","original_name":"西向日","name_kana":"にしむこう","closed":false,"lat":34.939892,"lng":135.702657,"prefecture":26,"numbering":["HK78"],"lines":[34003],"attr":"heat","postal_code":"617-0006","address":"向日市上植野町南開２３-１","voronoi":{"type":"Feature","geometry":{"type":"Polygon","coordinates":[[[135.722727,34.929421],[135.731669,34.934504],[135.731811,34.935133],[135.708739,34.946165],[135.669024,34.95181],[135.697826,34.932114],[135.722727,34.929421]]]},"properties":{}}},
    {"code":3400310,"id":6109,"name":"長岡天神","original_name":"長岡天神","name_kana":"ながおかてんじん","closed":false,"lat":34.924791,"lng":135.69233,"prefecture":26,"numbering":["HK77"],"lines":[34003],"attr":"heat","postal_code":"617-0824","address":"長岡京市天神１-３０-１","voronoi":{"type":"Feature","geometry":{"type":"Polygon","coordinates":[[[135.695534,34.917127],[135.621735,34.940447],[135.621473,34.940622],[135.6361,34.955946],[135.640107,34.959828],[135.641304,34.959893],[135.665765,34.95319],[135.669024,34.95181],[135.697826,34.932114],[135.695534,34.917127]]]},"properties":{}}},
    {"code":3400328,"id":9172,"name":"西山天王山","original_name":"西山天王山","name_kana":"にしやまてんのうざん","closed":false,"lat":34.912696,"lng":135.688508,"prefecture":26,"numbering":["HK76"],"lines":[34003],"attr":"cool","postal_code":"617-0843","address":"京都府長岡京市友岡四丁目22-1","open_date":"2013-12-21","voronoi":{"type":"Feature","geometry":{"type":"Polygon","coordinates":[[[135.695534,34.917127],[135.621735,34.940447],[135.649419,34.918269],[135.68366,34.902548],[135.694828,34.89893],[135.69947,34.900736],[135.703691,34.902512],[135.704469,34.906877],[135.695534,34.917127]]]},"properties":{}}},
    {"code":3400311,"id":6110,"name":"大山崎","original_name":"大山崎","name_kana":"おおやまざき","closed":false,"lat":34.891485,"lng":135.681637,"prefecture":26,"numbering":["HK75"],"lines":[34003],"attr":"cool","postal_code":"618-0071","address":"乙訓郡大山崎町字大山崎小字明島１３-２","voronoi":{"type":"Feature","geometry":{"type":"Polygon","coordinates":[[[135.678427,34.885513],[135.690937,34.888976],[135.694828,34.89893],[135.68366,34.902548],[135.678427,34.885513]]]},"properties":{}}},
    {"code":3400312,"id":6111,"name":"水無瀬","original_name":"水無瀬","name_kana":"みなせ","closed":false,"lat":34.877745,"lng":135.667853,"prefecture":27,"numbering":["HK74"],"lines":[34003],"attr":"heat","postal_code":"618-0014","address":"三島郡島本町水無瀬１-１７-１２","voronoi":{"type":"Feature","geometry":{"type":"Polygon","coordinates":[[[135.66321,34.876545],[135.670043,34.869119],[135.677897,34.872854],[135.675027,34.883806],[135.671346,34.886665],[135.66321,34.876545]]]},"properties":{}}},
    {"code":3400313,"id":6112,"name":"上牧(大阪)","original_name":"上牧","name_kana":"かんまき","closed":false,"lat":34.872018,"lng":135.661629,"prefecture":27,"numbering":["HK73"],"lines":[34003],"attr":"heat","postal_code":"569-0007","address":"高槻市神内２-１-５","voronoi":{"type":"Feature","geometry":{"type":"Polygon","coordinates":[[[135.661666,34.85767],[135.670043,34.869119],[135.66321,34.876545],[135.62984,34.882833],[135.645642,34.855419],[135.661666,34.85767]]]},"properties":{}}},
    {"code":3400314,"id":6113,"name":"高槻市","original_name":"高槻市","name_kana":"たかつきし","closed":false,"lat":34.849905,"lng":135.623265,"prefecture":27,"numbering":["HK72"],"lines":[34003],"attr":"heat","postal_code":"569-0071","address":"高槻市城北町２-１-１８","voronoi":{"type":"Feature","geometry":{"type":"Polygon","coordinates":[[[135.644652,34.848482],[135.633175,34.831479],[135.616675,34.824515],[135.615326,34.827318],[135.62746,34.885871],[135.62984,34.882833],[135.645642,34.855419],[135.644652,34.848482]]]},"properties":{}}},
    {"code":3400315,"id":6114,"name":"富田(大阪)","original_name":"富田","name_kana":"とんだ","closed":false,"lat":34.835207,"lng":135.592721,"prefecture":27,"numbering":["HK71"],"lines":[34003],"attr":"heat","postal_code":"569-0814","address":"高槻市富田町３-４-１０","voronoi":{"type":"Feature","geometry":{"type":"Polygon","coordinates":[[[135.61381,34.818859],[135.616675,34.824515],[135.615326,34.827318],[135.612558,34.831523],[135.582003,34.839265],[135.583048,34.836896],[135.607673,34.812733],[135.61381,34.818859]]]},"properties":{}}},
    {"code":3400316,"id":6115,"name":"総持寺","original_name":"総持寺","name_kana":"そうじじ","closed":false,"lat":34.827257,"lng":135.58492,"prefecture":27,"numbering":["HK70"],"lines":[34003],"attr":"heat","postal_code":"567-0802","address":"茨木市総持寺駅前町７-３","voronoi":{"type":"Feature","geometry":{"type":"Polygon","coordinates":[[[135.607673,34.812733],[135.583048,34.836896],[135.580222,34.821988],[135.601814,34.803758],[135.607673,34.812733]]]},"properties":{}}},
    {"code":3400317,"id":6116,"name":"茨木市","original_name":"茨木市","name_kana":"いばらきし","closed":false,"lat":34.816472,"lng":135.575815,"prefecture":27,"numbering":["HK69"],"lines":[34003],"attr":"cool","postal_code":"567-0816","address":"茨木市永代町１-５","voronoi":{"type":"Feature","geometry":{"type":"Polygon","coordinates":[[[135.598283,34.793519],[135.582717,34.800174],[135.569514,34.810143],[135.568127,34.823943],[135.580222,34.821988],[135.601814,34.803758],[135.598283,34.793519]]]},"properties":{}}},
    {"code":3400318,"id":6117,"name":"南茨木","original_name":"南茨木","name_kana":"みなみいばらき","closed":false,"lat":34.802351,"lng":135.565152,"prefecture":27,"numbering":["HK68"],"lines":[34003,99626],"attr":"cool","postal_code":"567-0876","address":"茨木市天王２-１-１３","voronoi":{"type":"Feature","geometry":{"type":"Polygon","coordinates":[[[135.582717,34.800174],[135.558099,34.797219],[135.556592,34.799114],[135.561356,34.808176],[135.569514,34.810143],[135.582717,34.800174]]]},"properties":{}}},
    {"code":3400327,"id":6125,"name":"摂津市","original_name":"摂津市","name_kana":"せっつし","closed":false,"lat":34.786409,"lng":135.553715,"prefecture":27,"numbering":["HK67"],"lines":[34003],"attr":"cool","postal_code":"566-0011","address":"大阪府摂津市千里丘東4丁目1-1","open_date":"2010-03-14","voronoi":{"type":"Feature","geometry":{"type":"Polygon","coordinates":[[[135.546126,34.78355],[135.544591,34.785485],[135.559,34.791718],[135.561438,34.787667],[135.553421,34.778184],[135.546126,34.78355]]]},"properties":{}}},
    {"code":3400319,"id":6118,"name":"正雀","original_name":"正雀","name_kana":"しょうじゃく","closed":false,"lat":34.775454,"lng":135.545657,"prefecture":27,"numbering":["HK66"],"lines":[34003],"attr":"eco","postal_code":"566-0013","address":"摂津市阪急正雀１-１","voronoi":{"type":"Feature","geometry":{"type":"Polygon","coordinates":[[[135.553421,34.778184],[135.556005,34.768865],[135.540621,34.767158],[135.546126,34.78355],[135.553421,34.778184]]]},"properties":{}}},
    {"code":3400320,"id":6119,"name":"相川","original_name":"相川","name_kana":"あいかわ","closed":false,"lat":34.757942,"lng":135.533853,"prefecture":27,"numbering":["HK65"],"lines":[34003],"attr":"eco","postal_code":"533-0007","address":"大阪市東淀川区相川１-７-２４","voronoi":{"type":"Feature","geometry":{"type":"Polygon","coordinates":[[[135.525971,34.755193],[135.538578,34.753875],[135.540767,34.75806],[135.53934,34.766716],[135.533214,34.769235],[135.525971,34.755193]]]},"properties":{}}},
    {"code":3400321,"id":6120,"name":"上新庄","original_name":"上新庄","name_kana":"かみしんじょう","closed":false,"lat":34.750873,"lng":135.533114,"prefecture":27,"numbering":["HK64"],"lines":[34003],"attr":"eco","postal_code":"533-0006","address":"大阪市東淀川区上新庄２-２４-５","voronoi":{"type":"Feature","geometry":{"type":"Polygon","coordinates":[[[135.524667,34.754192],[135.528245,34.743441],[135.532626,34.737536],[135.539291,34.748186],[135.538578,34.753875],[135.525971,34.755193],[135.524667,34.754192]]]},"properties":{}}},
    {"code":3400322,"id":6121,"name":"淡路","original_name":"淡路","name_kana":"あわじ","closed":false,"lat":34.738827,"lng":135.516527,"prefecture":27,"numbering":["HK63"],"lines":[34003,34008],"attr":"eco","postal_code":"533-0023","address":"大阪市東淀川区東淡路４-１７-８","voronoi":{"type":"Feature","geometry":{"type":"Polygon","coordinates":[[[135.521993,34.729749],[135.516369,34.732482],[135.510153,34.737549],[135.510368,34.742449],[135.51441,34.744323],[135.515511,34.743839],[135.523738,34.731376],[135.521993,34.729749]]]},"properties":{}}},
    {"code":3400323,"id":6122,"name":"崇禅寺","original_name":"崇禅寺","name_kana":"そうぜんじ","closed":false,"lat":34.731048,"lng":135.510186,"prefecture":27,"numbering":["HK62"],"lines":[34003],"attr":"eco","postal_code":"533-0024","address":"大阪市東淀川区柴島１-７-２８","voronoi":{"type":"Feature","geometry":{"type":"Polygon","coordinates":[[[135.505481,34.727095],[135.504617,34.728807],[135.506967,34.735151],[135.510153,34.737549],[135.516369,34.732482],[135.505481,34.727095]]]},"properties":{}}},
    {"code":3400324,"id":6123,"name":"南方(大阪)","original_name":"南方","name_kana":"みなみかた","closed":false,"lat":34.725656,"lng":135.499507,"prefecture":27,"numbering":["HK61"],"lines":[34003],"attr":"eco","postal_code":"532-0011","address":"大阪市淀川区西中島３-１７-３","voronoi":{"type":"Feature","geometry":{"type":"Polygon","coordinates":[[[135.507245,34.719505],[135.504291,34.717346],[135.492384,34.719461],[135.502356,34.729433],[135.504617,34.728807],[135.505481,34.727095],[135.507245,34.719505]]]},"properties":{}}},
    {"code":3400103,"id":6070,"name":"十三","original_name":"十三","name_kana":"じゅうそう","closed":false,"lat":34.720226,"lng":135.48248,"prefecture":27,"numbering":["HK03"],"lines":[34001,34002,34003],"attr":"eco","postal_code":"532-0023","address":"大阪市淀川区十三東２-１２-１","voronoi":{"type":"Feature","geometry":{"type":"Polygon","coordinates":[[[135.491808,34.719067],[135.480837,34.708044],[135.480352,34.707958],[135.472538,34.722135],[135.480974,34.72881],[135.488508,34.728523],[135.492074,34.719493],[135.491808,34.719067]]]},"properties":{}}},
    {"code":3400101,"id":9358,"name":"大阪梅田(阪急電鉄)","original_name":"大阪梅田","name_kana":"おおさかうめだ","closed":false,"lat":34.705514,"lng":135.498311,"prefecture":27,"numbering":["HK01"],"lines":[34001,34002,34003],"attr":"eco","postal_code":"530-0012","address":"大阪市北区芝田一丁目1-2","voronoi":{"type":"Feature","geometry":{"type":"Polygon","coordinates":[[[135.501189,34.709215],[135.495906,34.707937],[135.494516,34.706195],[135.495781,34.704927],[135.500446,34.703717],[135.502157,34.704243],[135.501189,34.709215]]]},"properties":{}}}
  ]
}