{
  "code":34008,
  "id":"c90346",
  "name":"阪急千里線",
  "name_kana":"はんきゅうせんりせん",
  "station_size":11,
  "company_code":24,
  "closed":false,
  "color":"#32CD32",
  "symbol":"HK",
  "station_list":[
    {"code":3400801,"id":"1be7fb","name":"北千里","original_name":"北千里","name_kana":"きたせんり","closed":false,"lat":34.81987,"lng":135.51111,"prefecture":27,"numbering":["HK95"],"lines":[34008],"attr":"eco","postal_code":"565-0874","address":"吹田市古江台４-２-D-１-１０１","voronoi":{"type":"Feature","geometry":{"type":"Polygon","coordinates":[[[135.506124,34.809921],[135.500448,34.81804],[135.501239,34.827999],[135.507379,34.839532],[135.520993,34.825063],[135.520178,34.81404],[135.506124,34.809921]]]},"properties":{}}},
    {"code":3400802,"id":"2dd501","name":"山田(大阪)","original_name":"山田","name_kana":"やまだ","closed":false,"lat":34.804237,"lng":135.515692,"prefecture":27,"numbering":["HK94"],"lines":[34008,99626],"attr":"eco","postal_code":"565-0824","address":"吹田市山田西４-５５７","voronoi":{"type":"Feature","geometry":{"type":"Polygon","coordinates":[[[135.520178,34.81404],[135.506124,34.809921],[135.504592,34.802771],[135.525468,34.790612],[135.521784,34.812425],[135.520178,34.81404]]]},"properties":{}}},
    {"code":3400803,"id":"326995","name":"南千里","original_name":"南千里","name_kana":"みなみせんり","closed":false,"lat":34.792393,"lng":135.508794,"prefecture":27,"numbering":["HK93"],"lines":[34008],"attr":"eco","postal_code":"565-0862","address":"吹田市津雲台１-１-１","voronoi":{"type":"Feature","geometry":{"type":"Polygon","coordinates":[[[135.523808,34.781662],[135.523637,34.781576],[135.502191,34.786867],[135.504119,34.802371],[135.504592,34.802771],[135.525468,34.790612],[135.526981,34.788346],[135.523808,34.781662]]]},"properties":{}}},
    {"code":3400804,"id":"655d79","name":"千里山","original_name":"千里山","name_kana":"せんりやま","closed":false,"lat":34.778903,"lng":135.505466,"prefecture":27,"numbering":["HK92"],"lines":[34008],"attr":"eco","postal_code":"565-0851","address":"吹田市千里山西５-１-３","voronoi":{"type":"Feature","geometry":{"type":"Polygon","coordinates":[[[135.523637,34.781576],[135.518865,34.776049],[135.501295,34.774562],[135.49739,34.784192],[135.502191,34.786867],[135.523637,34.781576]]]},"properties":{}}},
    {"code":3400805,"id":"048eeb","name":"関大前","original_name":"関大前","name_kana":"かんだいまえ","closed":false,"lat":34.770984,"lng":135.506136,"prefecture":27,"numbering":["HK91"],"lines":[34008],"attr":"eco","postal_code":"564-0073","address":"吹田市山手町３-８-１９","voronoi":{"type":"Feature","geometry":{"type":"Polygon","coordinates":[[[135.517092,34.772057],[135.501412,34.765024],[135.498673,34.767047],[135.501295,34.774562],[135.518865,34.776049],[135.517092,34.772057]]]},"properties":{}}},
    {"code":3400806,"id":"c2ab40","name":"豊津(大阪)","original_name":"豊津","name_kana":"とよつ","closed":false,"lat":34.764588,"lng":135.509005,"prefecture":27,"numbering":["HK90"],"lines":[34008],"attr":"eco","postal_code":"564-0062","address":"吹田市垂水町１-１-４","voronoi":{"type":"Feature","geometry":{"type":"Polygon","coordinates":[[[135.510185,34.757024],[135.505662,34.756354],[135.501412,34.765024],[135.517092,34.772057],[135.516724,34.768154],[135.510185,34.757024]]]},"properties":{}}},
    {"code":3400807,"id":"3b0809","name":"吹田(阪急電鉄)","original_name":"吹田","name_kana":"すいた","closed":false,"lat":34.759675,"lng":135.517366,"prefecture":27,"numbering":["HK89"],"lines":[34008],"attr":"heat","postal_code":"564-0041","address":"大阪府吹田市泉町1","voronoi":{"type":"Feature","geometry":{"type":"Polygon","coordinates":[[[135.524575,34.754213],[135.516724,34.768154],[135.510185,34.757024],[135.517238,34.752808],[135.524575,34.754213]]]},"properties":{}}},
    {"code":3400808,"id":"f84f12","name":"下新庄","original_name":"下新庄","name_kana":"しもしんじょう","closed":false,"lat":34.746474,"lng":135.519893,"prefecture":27,"numbering":["HK88"],"lines":[34008],"attr":"heat","postal_code":"533-0021","address":"大阪市東淀川区下新庄５-１-２１","voronoi":{"type":"Feature","geometry":{"type":"Polygon","coordinates":[[[135.524575,34.754213],[135.517238,34.752808],[135.514334,34.744357],[135.516041,34.743605],[135.528212,34.743538],[135.524667,34.754192],[135.524575,34.754213]]]},"properties":{}}},
    {"code":3400322,"id":"c7a239","name":"淡路","original_name":"淡路","name_kana":"あわじ","closed":false,"lat":34.738827,"lng":135.516527,"prefecture":27,"numbering":["HK63"],"lines":[34003,34008],"attr":"eco","postal_code":"533-0023","address":"大阪市東淀川区東淡路４-１７-８","voronoi":{"type":"Feature","geometry":{"type":"Polygon","coordinates":[[[135.510153,34.737549],[135.510365,34.742384],[135.514334,34.744357],[135.516041,34.743605],[135.523219,34.730788],[135.522058,34.729717],[135.516369,34.732482],[135.510153,34.737549]]]},"properties":{}}},
    {"code":3400810,"id":"57a54d","name":"柴島","original_name":"柴島","name_kana":"くにじま","closed":false,"lat":34.728437,"lng":135.511478,"prefecture":27,"numbering":["HK87"],"lines":[34008],"attr":"cool","postal_code":"533-0024","address":"大阪市東淀川区柴島２-１２-３","voronoi":{"type":"Feature","geometry":{"type":"Polygon","coordinates":[[[135.505481,34.727095],[135.507245,34.719505],[135.519011,34.719038],[135.519367,34.719301],[135.522058,34.729717],[135.516369,34.732482],[135.505481,34.727095]]]},"properties":{}}},
    {"code":3400811,"id":"217d16","name":"天神橋筋六丁目","original_name":"天神橋筋六丁目","name_kana":"てんじんばしすじろくちょうめ","closed":false,"lat":34.710265,"lng":135.510757,"prefecture":27,"numbering":["K11"],"lines":[34008,99619,99623],"attr":"cool","postal_code":"530-0022","address":"大阪市北区浪花町１４-２８","voronoi":{"type":"Feature","geometry":{"type":"Polygon","coordinates":[[[135.516564,34.708995],[135.51852,34.712761],[135.519011,34.719038],[135.507245,34.719505],[135.504291,34.717346],[135.504124,34.714849],[135.508951,34.707025],[135.509447,34.707028],[135.516564,34.708995]]]},"properties":{}}}
  ]
}