{
  "code":34007,
  "id":"63f7a1",
  "name":"阪急箕面線",
  "name_kana":"はんきゅうみのおせん",
  "station_size":4,
  "company_code":24,
  "closed":false,
  "color":"#FFA500",
  "symbol":"HK",
  "station_list":[
    {"code":3400211,"id":"08cf33","name":"石橋阪大前","original_name":"石橋阪大前","name_kana":"いしばしはんだいまえ","closed":false,"lat":34.808254,"lng":135.445487,"prefecture":27,"numbering":["HK48"],"lines":[34002,34007],"attr":"heat","postal_code":"563-0032","address":"池田市石橋２-１８-１","voronoi":{"type":"Feature","geometry":{"type":"Polygon","coordinates":[[[135.442875,34.800098],[135.450909,34.802267],[135.455025,34.809093],[135.444442,34.827936],[135.4314,34.808614],[135.433079,34.802254],[135.442875,34.800098]]]},"properties":{}}},
    {"code":3400702,"id":"25cec2","name":"桜井(大阪)","original_name":"桜井","name_kana":"さくらい","closed":false,"lat":34.816801,"lng":135.460705,"prefecture":27,"numbering":["HK57"],"lines":[34007],"attr":"heat","postal_code":"562-0043","address":"箕面市桜井２-２-１","voronoi":{"type":"Feature","geometry":{"type":"Polygon","coordinates":[[[135.445599,34.833617],[135.445061,34.832492],[135.444442,34.827936],[135.455025,34.809093],[135.465805,34.807808],[135.471123,34.81408],[135.445714,34.833568],[135.445599,34.833617]]]},"properties":{}}},
    {"code":3400703,"id":"b9e895","name":"牧落","original_name":"牧落","name_kana":"まきおち","closed":false,"lat":34.823436,"lng":135.465794,"prefecture":27,"numbering":["HK58"],"lines":[34007],"attr":"eco","postal_code":"562-0042","address":"箕面市百楽荘１-１-６","voronoi":{"type":"Feature","geometry":{"type":"Polygon","coordinates":[[[135.478214,34.825202],[135.477728,34.826575],[135.445714,34.833568],[135.471123,34.81408],[135.477601,34.817359],[135.478214,34.825202]]]},"properties":{}}},
    {"code":3400704,"id":"1df911","name":"箕面","original_name":"箕面","name_kana":"みのお","closed":false,"lat":34.834404,"lng":135.46819,"prefecture":27,"numbering":["HK59"],"lines":[34007],"attr":"eco","postal_code":"562-0001","address":"箕面市箕面１-１-１","voronoi":{"type":"Feature","geometry":{"type":"Polygon","coordinates":[[[135.445599,34.833617],[135.445693,34.844157],[135.447839,34.855785],[135.451311,34.864298],[135.452454,34.865995],[135.457648,34.871546],[135.461741,34.873844],[135.468539,34.876686],[135.481774,34.880735],[135.484105,34.874686],[135.477728,34.826575],[135.445714,34.833568],[135.445599,34.833617]]]},"properties":{}}}
  ]
}