{
  "code":34009,
  "id":350,
  "name":"阪急嵐山線",
  "name_kana":"はんきゅうあらしやません",
  "station_size":4,
  "company_code":24,
  "closed":false,
  "color":"#32CD32",
  "symbol":"HK",
  "station_list":[
    {"code":3400306,"id":6105,"name":"桂","original_name":"桂","name_kana":"かつら","closed":false,"lat":34.979522,"lng":135.703302,"prefecture":26,"numbering":["HK81"],"lines":[34003,34009],"attr":"cool","postal_code":"615-8107","address":"京都市西京区川島北裏町９７-２","voronoi":{"type":"Feature","geometry":{"type":"Polygon","coordinates":[[[135.707391,34.990081],[135.680844,34.9721],[135.706008,34.971764],[135.717662,34.977381],[135.717623,34.978091],[135.707391,34.990081]]]},"properties":{}}},
    {"code":3400902,"id":6152,"name":"上桂","original_name":"上桂","name_kana":"かみかつら","closed":false,"lat":34.990201,"lng":135.696069,"prefecture":26,"numbering":["HK96"],"lines":[34009],"attr":"cool","postal_code":"615-8227","address":"京都市西京区上桂宮ノ後町３３-２","voronoi":{"type":"Feature","geometry":{"type":"Polygon","coordinates":[[[135.706024,34.999836],[135.706449,34.999429],[135.707391,34.990081],[135.680844,34.9721],[135.652396,34.964447],[135.701066,35.002186],[135.701735,35.002074],[135.706024,34.999836]]]},"properties":{}}},
    {"code":3400903,"id":6153,"name":"松尾大社","original_name":"松尾大社","name_kana":"まつおたいしゃ","closed":false,"lat":35.000331,"lng":135.688214,"prefecture":26,"numbering":["HK97"],"lines":[34009],"attr":"cool","postal_code":"616-0023","address":"京都市西京区嵐山宮ノ前町４９","voronoi":{"type":"Feature","geometry":{"type":"Polygon","coordinates":[[[135.652396,34.964447],[135.641304,34.959893],[135.640107,34.959828],[135.640347,34.961354],[135.646008,34.973289],[135.661502,34.989824],[135.68961,35.008436],[135.69707,35.005434],[135.701066,35.002186],[135.652396,34.964447]]]},"properties":{}}},
    {"code":3400904,"id":6154,"name":"嵐山(阪急電鉄)","original_name":"嵐山","name_kana":"あらしやま","closed":false,"lat":35.010315,"lng":135.681603,"prefecture":26,"numbering":["HK98"],"lines":[34009],"attr":"eco","postal_code":"616-8384","address":"京都市右京区嵯峨天龍寺造路町","voronoi":{"type":"Feature","geometry":{"type":"Polygon","coordinates":[[[135.661502,34.989824],[135.68961,35.008436],[135.689495,35.00873],[135.68674,35.011884],[135.683861,35.013439],[135.68034,35.013336],[135.671468,35.006346],[135.661502,34.989824]]]},"properties":{}}}
  ]
}