{
  "code":35001,
  "id":351,
  "name":"阪神本線",
  "name_kana":"はんしんほんせん",
  "station_size":33,
  "company_code":25,
  "closed":false,
  "symbol":"HS",
  "station_list":[
    {"code":3500101,"id":9359,"name":"大阪梅田(阪神電気鉄道)","original_name":"大阪梅田","name_kana":"おおさかうめだ","closed":false,"lat":34.700969,"lng":135.496444,"prefecture":27,"numbering":["HS01"],"lines":[35001],"attr":"eco","postal_code":"530-0012","address":"大阪市北区芝田一丁目1-2","voronoi":{"type":"Feature","geometry":{"type":"Polygon","coordinates":[[[135.494914,34.700891],[135.49725,34.69976],[135.498087,34.699948],[135.498057,34.701517],[135.496583,34.702357],[135.494914,34.700891]]]},"properties":{}}},
    {"code":1162309,"id":3080,"name":"福島(大阪)","original_name":"福島","name_kana":"ふくしま","closed":false,"lat":34.697167,"lng":135.486563,"prefecture":27,"numbering":["HS02"],"lines":[11623,35001],"attr":"eco","postal_code":"553-0003","address":"大阪市福島区福島７丁目","voronoi":{"type":"Feature","geometry":{"type":"Polygon","coordinates":[[[135.490764,34.699966],[135.491545,34.69705],[135.490747,34.694876],[135.49048,34.694838],[135.480792,34.697796],[135.478663,34.70597],[135.478656,34.706025],[135.480352,34.707958],[135.480837,34.708044],[135.488133,34.704304],[135.490764,34.699966]]]},"properties":{}}},
    {"code":3500103,"id":6156,"name":"野田(阪神電気鉄道)","original_name":"野田","name_kana":"のだ","closed":false,"lat":34.694432,"lng":135.47606,"prefecture":27,"numbering":["HS03"],"lines":[35001],"attr":"eco","postal_code":"553-0001","address":"大阪市福島区海老江一丁目","voronoi":{"type":"Feature","geometry":{"type":"Polygon","coordinates":[[[135.475523,34.692004],[135.475355,34.696835],[135.478663,34.70597],[135.480792,34.697796],[135.48117,34.692152],[135.475523,34.692004]]]},"properties":{}}},
    {"code":3500104,"id":6157,"name":"淀川","original_name":"淀川","name_kana":"よどがわ","closed":false,"lat":34.696159,"lng":135.465249,"prefecture":27,"numbering":["HS04"],"lines":[35001],"attr":"heat","postal_code":"553-0001","address":"大阪市福島区海老江８-１７-１３","voronoi":{"type":"Feature","geometry":{"type":"Polygon","coordinates":[[[135.469979,34.703798],[135.466705,34.704508],[135.456711,34.696064],[135.45819,34.693132],[135.463876,34.689182],[135.467838,34.689632],[135.46883,34.690974],[135.469979,34.703798]]]},"properties":{}}},
    {"code":3500105,"id":6158,"name":"姫島","original_name":"姫島","name_kana":"ひめじま","closed":false,"lat":34.704466,"lng":135.45823,"prefecture":27,"numbering":["HS05"],"lines":[35001],"attr":"heat","postal_code":"555-0025","address":"大阪市西淀川区姫里１-２６-１４","voronoi":{"type":"Feature","geometry":{"type":"Polygon","coordinates":[[[135.462284,34.710201],[135.466705,34.704508],[135.456711,34.696064],[135.451613,34.6983],[135.449654,34.704812],[135.450716,34.70657],[135.462284,34.710201]]]},"properties":{}}},
    {"code":3500106,"id":6159,"name":"千船","original_name":"千船","name_kana":"ちぶね","closed":false,"lat":34.712245,"lng":135.445361,"prefecture":27,"numbering":["HS06"],"lines":[35001],"attr":"cool","postal_code":"555-0001","address":"大阪市西淀川区佃２-２-３３","voronoi":{"type":"Feature","geometry":{"type":"Polygon","coordinates":[[[135.44326,34.706182],[135.439498,34.712443],[135.447551,34.721155],[135.450281,34.719576],[135.450716,34.70657],[135.449654,34.704812],[135.44326,34.706182]]]},"properties":{}}},
    {"code":3500107,"id":6160,"name":"杭瀬","original_name":"杭瀬","name_kana":"くいせ","closed":false,"lat":34.718272,"lng":135.43884,"prefecture":28,"numbering":["HS07"],"lines":[35001],"attr":"cool","postal_code":"660-0814","address":"尼崎市杭瀬本町１-１-１","voronoi":{"type":"Feature","geometry":{"type":"Polygon","coordinates":[[[135.432678,34.713622],[135.431482,34.723031],[135.442817,34.72903],[135.447551,34.721155],[135.439498,34.712443],[135.432678,34.713622]]]},"properties":{}}},
    {"code":3500108,"id":6161,"name":"大物","original_name":"大物","name_kana":"だいもつ","closed":false,"lat":34.716583,"lng":135.425549,"prefecture":28,"numbering":["HS08"],"lines":[35001,35002],"attr":"cool","postal_code":"660-0823","address":"尼崎市大物町２-１-１","voronoi":{"type":"Feature","geometry":{"type":"Polygon","coordinates":[[[135.432678,34.713622],[135.41517,34.692464],[135.423573,34.726222],[135.431482,34.723031],[135.432678,34.713622]]]},"properties":{}}},
    {"code":3500109,"id":6162,"name":"尼崎(阪神電気鉄道)","original_name":"尼崎","name_kana":"あまがさき","closed":false,"lat":34.718634,"lng":135.417309,"prefecture":28,"numbering":["HS09"],"lines":[35001,35002],"attr":"cool","postal_code":"661-0953","address":"兵庫県尼崎市東御園町93","voronoi":{"type":"Feature","geometry":{"type":"Polygon","coordinates":[[[135.415639,34.734891],[135.410583,34.73023],[135.411951,34.687002],[135.411983,34.687011],[135.41517,34.692464],[135.423573,34.726222],[135.415639,34.734891]]]},"properties":{}}},
    {"code":3500110,"id":6163,"name":"出屋敷","original_name":"出屋敷","name_kana":"でやしき","closed":false,"lat":34.718232,"lng":135.404604,"prefecture":28,"numbering":["HS10"],"lines":[35001],"attr":"cool","postal_code":"660-0876","address":"尼崎市竹谷町２-３５","voronoi":{"type":"Feature","geometry":{"type":"Polygon","coordinates":[[[135.401441,34.685246],[135.399362,34.727355],[135.410583,34.73023],[135.411951,34.687002],[135.404975,34.683583],[135.401876,34.684272],[135.401441,34.685246]]]},"properties":{}}},
    {"code":3500111,"id":6164,"name":"尼崎センタープール前","original_name":"尼崎センタープール前","name_kana":"あまがさきせんたーぷーるまえ","closed":false,"lat":34.71776,"lng":135.395044,"prefecture":28,"numbering":["HS11"],"lines":[35001],"attr":"cool","postal_code":"660-0082","address":"尼崎市水明町３７３-６","voronoi":{"type":"Feature","geometry":{"type":"Polygon","coordinates":[[[135.399362,34.727355],[135.389749,34.729519],[135.389039,34.709002],[135.389431,34.707777],[135.399053,34.689011],[135.401441,34.685246],[135.399362,34.727355]]]},"properties":{}}},
    {"code":3500112,"id":6165,"name":"武庫川","original_name":"武庫川","name_kana":"むこがわ","closed":false,"lat":34.718154,"lng":135.383654,"prefecture":28,"numbering":["HS12"],"lines":[35001,35003],"attr":"cool","postal_code":"663-8131","address":"西宮市武庫川町２-１５","voronoi":{"type":"Feature","geometry":{"type":"Polygon","coordinates":[[[135.389039,34.709002],[135.377018,34.719017],[135.378072,34.728176],[135.386695,34.731983],[135.389749,34.729519],[135.389039,34.709002]]]},"properties":{}}},
    {"code":3500113,"id":6166,"name":"鳴尾・武庫川女子大前","original_name":"鳴尾・武庫川女子大前","name_kana":"なるお・むこがわじょしだいまえ","closed":false,"lat":34.719684,"lng":135.37036,"prefecture":28,"numbering":["HS13"],"lines":[35001],"attr":"cool","postal_code":"663-8183","address":"西宮市里中町３-１３-１８","open_date":"1905-04-12","voronoi":{"type":"Feature","geometry":{"type":"Polygon","coordinates":[[[135.358571,34.708131],[135.370476,34.71167],[135.371925,34.712718],[135.377018,34.719017],[135.378072,34.728176],[135.371385,34.72958],[135.358571,34.708131]]]},"properties":{}}},
    {"code":3500114,"id":6167,"name":"甲子園","original_name":"甲子園","name_kana":"こうしえん","closed":false,"lat":34.723987,"lng":135.363157,"prefecture":28,"numbering":["HS14"],"lines":[35001],"attr":"cool","postal_code":"663-8177","address":"西宮市甲子園七番町１-１","voronoi":{"type":"Feature","geometry":{"type":"Polygon","coordinates":[[[135.358571,34.708131],[135.349107,34.702381],[135.363875,34.733745],[135.364919,34.734416],[135.371385,34.72958],[135.358571,34.708131]]]},"properties":{}}},
    {"code":3500115,"id":6168,"name":"久寿川","original_name":"久寿川","name_kana":"くすがわ","closed":false,"lat":34.726975,"lng":135.356811,"prefecture":28,"numbering":["HS15"],"lines":[35001],"attr":"cool","postal_code":"663-8214","address":"西宮市今津曙町１３-２５","voronoi":{"type":"Feature","geometry":{"type":"Polygon","coordinates":[[[135.356888,34.732297],[135.338158,34.712831],[135.331645,34.688189],[135.349107,34.702381],[135.363875,34.733745],[135.356888,34.732297]]]},"properties":{}}},
    {"code":3400401,"id":6126,"name":"今津(兵庫)","original_name":"今津","name_kana":"いまづ","closed":false,"lat":34.732015,"lng":135.351573,"prefecture":28,"numbering":["HS16"],"lines":[34004,35001],"attr":"heat","postal_code":"663-8245","address":"西宮市津門呉羽町１-３７","voronoi":{"type":"Feature","geometry":{"type":"Polygon","coordinates":[[[135.338158,34.712831],[135.338601,34.717137],[135.344179,34.733046],[135.351029,34.735867],[135.356888,34.732297],[135.338158,34.712831]]]},"properties":{}}},
    {"code":3500117,"id":6169,"name":"西宮(阪神電気鉄道)","original_name":"西宮","name_kana":"にしのみや","closed":false,"lat":34.736858,"lng":135.337759,"prefecture":28,"numbering":["HS17"],"lines":[35001],"attr":"cool","postal_code":"662-0973","address":"兵庫県西宮市田中町","voronoi":{"type":"Feature","geometry":{"type":"Polygon","coordinates":[[[135.333479,34.735127],[135.338601,34.717137],[135.344179,34.733046],[135.341134,34.74871],[135.337102,34.746001],[135.333479,34.735127]]]},"properties":{}}},
    {"code":3500118,"id":6170,"name":"香櫨園","original_name":"香櫨園","name_kana":"こうろえん","closed":false,"lat":34.734344,"lng":135.328929,"prefecture":28,"numbering":["HS18"],"lines":[35001],"attr":"cool","postal_code":"662-0962","address":"西宮市松下町１-１","voronoi":{"type":"Feature","geometry":{"type":"Polygon","coordinates":[[[135.321262,34.737627],[135.331376,34.68777],[135.331645,34.688189],[135.338158,34.712831],[135.338601,34.717137],[135.333479,34.735127],[135.326883,34.738141],[135.321262,34.737627]]]},"properties":{}}},
    {"code":3500119,"id":6171,"name":"打出","original_name":"打出","name_kana":"うちで","closed":false,"lat":34.731616,"lng":135.315481,"prefecture":28,"numbering":["HS19"],"lines":[35001],"attr":"cool","postal_code":"659-0028","address":"芦屋市打出小槌町２０-２","voronoi":{"type":"Feature","geometry":{"type":"Polygon","coordinates":[[[135.321262,34.737627],[135.31505,34.745065],[135.310033,34.72884],[135.326261,34.676423],[135.331376,34.68777],[135.321262,34.737627]]]},"properties":{}}},
    {"code":3500120,"id":6172,"name":"芦屋(阪神電気鉄道)","original_name":"芦屋","name_kana":"あしや","closed":false,"lat":34.728052,"lng":135.303969,"prefecture":28,"numbering":["HS20"],"lines":[35001],"attr":"eco","postal_code":"659-0065","address":"兵庫県芦屋市公光町","voronoi":{"type":"Feature","geometry":{"type":"Polygon","coordinates":[[[135.297527,34.72562],[135.298703,34.730751],[135.302944,34.732449],[135.310033,34.72884],[135.326261,34.676423],[135.326099,34.675929],[135.315515,34.684106],[135.297527,34.72562]]]},"properties":{}}},
    {"code":3500121,"id":6173,"name":"深江","original_name":"深江","name_kana":"ふかえ","closed":false,"lat":34.722583,"lng":135.291347,"prefecture":28,"numbering":["HS21"],"lines":[35001],"attr":"eco","postal_code":"658-0013","address":"神戸市東灘区深江北町４-１-８","voronoi":{"type":"Feature","geometry":{"type":"Polygon","coordinates":[[[135.297527,34.72562],[135.285086,34.727852],[135.283911,34.723714],[135.300117,34.692852],[135.302237,34.691459],[135.315515,34.684106],[135.297527,34.72562]]]},"properties":{}}},
    {"code":3500122,"id":6174,"name":"青木","original_name":"青木","name_kana":"おおぎ","closed":false,"lat":34.71695,"lng":135.28062,"prefecture":28,"numbering":["HS22"],"lines":[35001],"attr":"eco","postal_code":"658-0014","address":"神戸市東灘区北青木３-２-１","voronoi":{"type":"Feature","geometry":{"type":"Polygon","coordinates":[[[135.283911,34.723714],[135.273074,34.719663],[135.277831,34.707162],[135.282727,34.70094],[135.29467,34.695057],[135.300117,34.692852],[135.283911,34.723714]]]},"properties":{}}},
    {"code":3500123,"id":6175,"name":"魚崎","original_name":"魚崎","name_kana":"うおざき","closed":false,"lat":34.71262,"lng":135.26924,"prefecture":28,"numbering":["HS23"],"lines":[35001,99649],"attr":"eco","postal_code":"658-0026","address":"神戸市東灘区魚崎西町４","voronoi":{"type":"Feature","geometry":{"type":"Polygon","coordinates":[[[135.265325,34.710526],[135.265627,34.71619],[135.270337,34.721174],[135.273074,34.719663],[135.277831,34.707162],[135.265325,34.710526]]]},"properties":{}}},
    {"code":3500124,"id":6176,"name":"住吉(阪神電気鉄道)","original_name":"住吉","name_kana":"すみよし","closed":false,"lat":34.713025,"lng":135.261655,"prefecture":28,"numbering":["HS24"],"lines":[35001],"attr":"eco","postal_code":"658-0053","address":"神戸市東灘区住吉宮町五丁目","voronoi":{"type":"Feature","geometry":{"type":"Polygon","coordinates":[[[135.259432,34.716382],[135.265627,34.71619],[135.265325,34.710526],[135.255248,34.70088],[135.255294,34.703183],[135.259432,34.716382]]]},"properties":{}}},
    {"code":3500125,"id":6177,"name":"御影(阪神電気鉄道)","original_name":"御影","name_kana":"みかげ","closed":false,"lat":34.714895,"lng":135.25569,"prefecture":28,"numbering":["HS25"],"lines":[35001],"attr":"eco","postal_code":"658-0046","address":"神戸市東灘区御影本町一丁目","voronoi":{"type":"Feature","geometry":{"type":"Polygon","coordinates":[[[135.25616,34.720677],[135.251324,34.718722],[135.255294,34.703183],[135.259432,34.716382],[135.25616,34.720677]]]},"properties":{}}},
    {"code":3500126,"id":6178,"name":"石屋川","original_name":"石屋川","name_kana":"いしやがわ","closed":false,"lat":34.71327,"lng":135.249329,"prefecture":28,"numbering":["HS26"],"lines":[35001],"attr":"eco","postal_code":"658-0045","address":"神戸市東灘区御影石町２-２３-１２","voronoi":{"type":"Feature","geometry":{"type":"Polygon","coordinates":[[[135.254482,34.698727],[135.250247,34.694698],[135.244065,34.714789],[135.244899,34.720137],[135.251324,34.718722],[135.255294,34.703183],[135.255248,34.70088],[135.254482,34.698727]]]},"properties":{}}},
    {"code":3500127,"id":6179,"name":"新在家","original_name":"新在家","name_kana":"しんざいけ","closed":false,"lat":34.710573,"lng":135.240565,"prefecture":28,"numbering":["HS27"],"lines":[35001],"attr":"eco","postal_code":"657-0861","address":"神戸市灘区新在家北町１-４-１","voronoi":{"type":"Feature","geometry":{"type":"Polygon","coordinates":[[[135.245557,34.687238],[135.250247,34.694698],[135.244065,34.714789],[135.235291,34.710821],[135.243379,34.684318],[135.245557,34.687238]]]},"properties":{}}},
    {"code":3500128,"id":6180,"name":"大石","original_name":"大石","name_kana":"おおいし","closed":false,"lat":34.707671,"lng":135.231055,"prefecture":28,"numbering":["HS28"],"lines":[35001],"attr":"eco","postal_code":"657-0842","address":"神戸市灘区船寺通１-４-２","voronoi":{"type":"Feature","geometry":{"type":"Polygon","coordinates":[[[135.23726,34.683676],[135.242127,34.681907],[135.242553,34.682616],[135.243379,34.684318],[135.235291,34.710821],[135.232334,34.713884],[135.229221,34.714729],[135.22786,34.706683],[135.2342,34.68515],[135.23726,34.683676]]]},"properties":{}}},
    {"code":3500129,"id":6181,"name":"西灘","original_name":"西灘","name_kana":"にしなだ","closed":false,"lat":34.705782,"lng":135.224639,"prefecture":28,"numbering":["HS29"],"lines":[35001],"attr":"heat","postal_code":"657-0844","address":"神戸市灘区都通５-５-１","voronoi":{"type":"Feature","geometry":{"type":"Polygon","coordinates":[[[135.22786,34.706683],[135.221439,34.707859],[135.220773,34.706973],[135.225707,34.687788],[135.2342,34.68515],[135.22786,34.706683]]]},"properties":{}}},
    {"code":3500130,"id":6182,"name":"岩屋(兵庫)","original_name":"岩屋","name_kana":"いわや","closed":false,"lat":34.704065,"lng":135.217962,"prefecture":28,"numbering":["HS30"],"lines":[35001],"attr":"heat","postal_code":"657-0846","address":"神戸市灘区岩屋北町４-１-１","voronoi":{"type":"Feature","geometry":{"type":"Polygon","coordinates":[[[135.219009,34.688519],[135.212969,34.701779],[135.220018,34.707044],[135.220773,34.706973],[135.225707,34.687788],[135.219009,34.688519]]]},"properties":{}}},
    {"code":3500131,"id":6183,"name":"春日野道(阪神電気鉄道)","original_name":"春日野道","name_kana":"かすがのみち","closed":false,"lat":34.699513,"lng":135.207968,"prefecture":28,"numbering":["HS31"],"lines":[35001],"attr":"heat","postal_code":"651-0091","address":"神戸市中央区若菜通一丁目1","voronoi":{"type":"Feature","geometry":{"type":"Polygon","coordinates":[[[135.219009,34.688519],[135.214732,34.687421],[135.210473,34.688784],[135.201975,34.695882],[135.20143,34.697366],[135.210991,34.704439],[135.212969,34.701779],[135.219009,34.688519]]]},"properties":{}}},
    {"code":9963001,"id":6184,"name":"三宮(神戸三宮)","original_name":"三宮(神戸三宮)","name_kana":"さんのみや(こうべさんのみや)","closed":false,"lat":34.693502,"lng":135.195104,"prefecture":28,"numbering":["HS32"],"lines":[34001,35001,99630,99646,99648],"attr":"heat","postal_code":"650-0001","address":"神戸市中央区加納町４-２-１","voronoi":{"type":"Feature","geometry":{"type":"Polygon","coordinates":[[[135.200047,34.694315],[135.190484,34.693967],[135.192159,34.691832],[135.199233,34.693461],[135.200047,34.694315]]]},"properties":{}}},
    {"code":1160314,"id":2788,"name":"元町(兵庫)","original_name":"元町","name_kana":"もとまち","closed":false,"lat":34.689602,"lng":135.187401,"prefecture":28,"numbering":["HS33"],"lines":[11603,35001,99630],"attr":"eco","postal_code":"650-0014","address":"神戸市中央区元町高架通り","voronoi":{"type":"Feature","geometry":{"type":"Polygon","coordinates":[[[135.189169,34.695239],[135.188228,34.685402],[135.184947,34.688419],[135.188078,34.696857],[135.189169,34.695239]]]},"properties":{}}}
  ]
}