{
  "code":35003,
  "id":"58f677",
  "name":"阪神武庫川線",
  "name_kana":"はんしんむこがわせん",
  "station_size":4,
  "company_code":25,
  "closed":false,
  "symbol":"HS",
  "station_list":[
    {"code":3500112,"id":"4a61c0","name":"武庫川","original_name":"武庫川","name_kana":"むこがわ","closed":false,"lat":34.718154,"lng":135.383654,"prefecture":28,"numbering":["HS12"],"lines":[35001,35003],"attr":"cool","postal_code":"663-8131","address":"西宮市武庫川町２-１５","voronoi":{"type":"Feature","geometry":{"type":"Polygon","coordinates":[[[135.389039,34.709002],[135.377018,34.719017],[135.378072,34.728176],[135.386695,34.731983],[135.389749,34.729519],[135.389039,34.709002]]]},"properties":{}}},
    {"code":3500302,"id":"20d6b4","name":"東鳴尾","original_name":"東鳴尾","name_kana":"ひがしなるお","closed":false,"lat":34.712646,"lng":135.379065,"prefecture":28,"numbering":["HS53"],"lines":[35003],"attr":"eco","postal_code":"663-8132","address":"西宮市東鳴尾町１-７-１２","voronoi":{"type":"Feature","geometry":{"type":"Polygon","coordinates":[[[135.389039,34.709002],[135.389431,34.707777],[135.371925,34.712718],[135.377018,34.719017],[135.389039,34.709002]]]},"properties":{}}},
    {"code":3500303,"id":"8f4cdd","name":"洲先","original_name":"洲先","name_kana":"すざき","closed":false,"lat":34.709046,"lng":135.378049,"prefecture":28,"numbering":["HS52"],"lines":[35003],"attr":"cool","postal_code":"663-8132","address":"西宮市東鳴尾町２-１７-１０","voronoi":{"type":"Feature","geometry":{"type":"Polygon","coordinates":[[[135.399053,34.689011],[135.370476,34.71167],[135.371925,34.712718],[135.389431,34.707777],[135.399053,34.689011]]]},"properties":{}}},
    {"code":3500304,"id":"78a98f","name":"武庫川団地前","original_name":"武庫川団地前","name_kana":"むこがわだんちまえ","closed":false,"lat":34.704894,"lng":135.374757,"prefecture":28,"numbering":["HS51"],"lines":[35003],"attr":"cool","postal_code":"663-8133","address":"西宮市上田東町４-８３","voronoi":{"type":"Feature","geometry":{"type":"Polygon","coordinates":[[[135.398514,34.676871],[135.34283,34.643002],[135.333647,34.637792],[135.326099,34.675929],[135.326261,34.676423],[135.331376,34.68777],[135.331645,34.688189],[135.349107,34.702381],[135.358571,34.708131],[135.370476,34.71167],[135.399053,34.689011],[135.401441,34.685246],[135.402686,34.68246],[135.398514,34.676871]]]},"properties":{}}}
  ]
}