{
  "code":36001,
  "id":354,
  "name":"西鉄天神大牟田線",
  "name_kana":"にしてつてんじんおおむたせん",
  "station_size":50,
  "company_code":26,
  "closed":false,
  "symbol":"T",
  "station_list":[
    {"code":3600101,"id":6195,"name":"西鉄福岡（天神）","original_name":"西鉄福岡（天神）","name_kana":"ふくおか(てんじん)","closed":false,"lat":33.588937,"lng":130.399733,"prefecture":40,"numbering":["T01"],"lines":[36001],"attr":"cool","postal_code":"810-0001","address":"福岡市中央区天神二丁目11番2号","voronoi":{"type":"Feature","geometry":{"type":"Polygon","coordinates":[[[130.395299,33.58578],[130.395369,33.589016],[130.401536,33.590739],[130.399441,33.585093],[130.39794,33.584674],[130.395299,33.58578]]]},"properties":{}}},
    {"code":3600102,"id":6196,"name":"薬院","original_name":"薬院","name_kana":"やくいん","closed":false,"lat":33.581957,"lng":130.401683,"prefecture":40,"numbering":["T02"],"lines":[36001,99907],"attr":"cool","postal_code":"810-0004","address":"福岡市中央区渡辺通２-６-１","voronoi":{"type":"Feature","geometry":{"type":"Polygon","coordinates":[[[130.400419,33.575845],[130.39794,33.584674],[130.399441,33.585093],[130.401918,33.585075],[130.405884,33.578846],[130.400419,33.575845]]]},"properties":{}}},
    {"code":3600103,"id":6197,"name":"西鉄平尾","original_name":"西鉄平尾","name_kana":"にしてつひらお","closed":false,"lat":33.573631,"lng":130.406254,"prefecture":40,"numbering":["T03"],"lines":[36001],"attr":"cool","postal_code":"810-0014","address":"福岡市中央区平尾２-２３５-６","voronoi":{"type":"Feature","geometry":{"type":"Polygon","coordinates":[[[130.415351,33.580138],[130.416911,33.578768],[130.392433,33.546765],[130.391444,33.548428],[130.395122,33.567952],[130.400419,33.575845],[130.405884,33.578846],[130.415351,33.580138]]]},"properties":{}}},
    {"code":3600104,"id":6198,"name":"高宮(福岡)","original_name":"高宮","name_kana":"たかみや","closed":false,"lat":33.567138,"lng":130.414743,"prefecture":40,"numbering":["T04"],"lines":[36001],"attr":"cool","postal_code":"815-0082","address":"福岡市南区大楠３-２０-１８","voronoi":{"type":"Feature","geometry":{"type":"Polygon","coordinates":[[[130.422315,33.577379],[130.416911,33.578768],[130.392433,33.546765],[130.398526,33.530495],[130.423268,33.566994],[130.422315,33.577379]]]},"properties":{}}},
    {"code":3600105,"id":6199,"name":"大橋(福岡)","original_name":"大橋","name_kana":"おおはし","closed":false,"lat":33.559128,"lng":130.426559,"prefecture":40,"numbering":["T05"],"lines":[36001],"attr":"cool","postal_code":"815-0033","address":"福岡市南区大橋１-５-１","voronoi":{"type":"Feature","geometry":{"type":"Polygon","coordinates":[[[130.427279,33.537401],[130.436851,33.559797],[130.423268,33.566994],[130.398526,33.530495],[130.398592,33.530128],[130.427279,33.537401]]]},"properties":{}}},
    {"code":3600106,"id":6200,"name":"井尻","original_name":"井尻","name_kana":"いじり","closed":false,"lat":33.551896,"lng":130.44348,"prefecture":40,"numbering":["T06"],"lines":[36001],"attr":"cool","postal_code":"811-1302","address":"福岡市南区井尻５-１-１","voronoi":{"type":"Feature","geometry":{"type":"Polygon","coordinates":[[[130.436851,33.559797],[130.427279,33.537401],[130.444518,33.534108],[130.449461,33.542662],[130.442169,33.563551],[130.436851,33.559797]]]},"properties":{}}},
    {"code":3600107,"id":6201,"name":"雑餉隈","original_name":"雑餉隈","name_kana":"ざっしょのくま","closed":false,"lat":33.547216,"lng":130.46262,"prefecture":40,"numbering":["T07"],"lines":[36001],"attr":"cool","postal_code":"812-0879","address":"福岡市博多区銀天町１-１-１","voronoi":{"type":"Feature","geometry":{"type":"Polygon","coordinates":[[[130.454298,33.547723],[130.465534,33.57271],[130.47785,33.566665],[130.463212,33.543942],[130.454298,33.547723]]]},"properties":{}}},
    {"code":3600108,"id":9414,"name":"桜並木","original_name":"桜並木","name_kana":"さくらなみき","closed":false,"lat":33.544757,"lng":130.466437,"prefecture":40,"numbering":["T08"],"lines":[36001],"attr":"cool","postal_code":"812-0878","address":"福岡県福岡市博多区竹丘町３丁目４-５","open_date":"2024-03-16","voronoi":{"type":"Feature","geometry":{"type":"Polygon","coordinates":[[[130.468301,33.539851],[130.4654,33.539023],[130.463212,33.543942],[130.47785,33.566665],[130.48182,33.565152],[130.486972,33.557903],[130.468301,33.539851]]]},"properties":{}}},
    {"code":3600109,"id":6202,"name":"春日原","original_name":"春日原","name_kana":"かすがばる","closed":false,"lat":33.537823,"lng":130.473141,"prefecture":40,"numbering":["T09"],"lines":[36001],"attr":"cool","postal_code":"816-0802","address":"春日市春日原北町３-９０","voronoi":{"type":"Feature","geometry":{"type":"Polygon","coordinates":[[[130.468301,33.539851],[130.475626,33.530859],[130.47576,33.530931],[130.494771,33.550581],[130.486972,33.557903],[130.468301,33.539851]]]},"properties":{}}},
    {"code":3600110,"id":6203,"name":"白木原","original_name":"白木原","name_kana":"しらきばる","closed":false,"lat":33.528541,"lng":130.482735,"prefecture":40,"numbering":["T10"],"lines":[36001],"attr":"cool","postal_code":"816-0943","address":"大野城市白木原１-６-１６","voronoi":{"type":"Feature","geometry":{"type":"Polygon","coordinates":[[[130.4848,33.524216],[130.47576,33.530931],[130.494771,33.550581],[130.498339,33.548701],[130.503863,33.544536],[130.4848,33.524216]]]},"properties":{}}},
    {"code":3600111,"id":6204,"name":"下大利","original_name":"下大利","name_kana":"しもおおり","closed":false,"lat":33.522431,"lng":130.489248,"prefecture":40,"numbering":["T11"],"lines":[36001],"attr":"cool","postal_code":"816-0952","address":"大野城市下大利１-１０-９","voronoi":{"type":"Feature","geometry":{"type":"Polygon","coordinates":[[[130.501834,33.522645],[130.483309,33.518765],[130.4848,33.524216],[130.503863,33.544536],[130.504242,33.544341],[130.510189,33.537222],[130.501834,33.522645]]]},"properties":{}}},
    {"code":3600112,"id":6205,"name":"都府楼前","original_name":"都府楼前","name_kana":"とふろうまえ","closed":false,"lat":33.511677,"lng":130.508011,"prefecture":40,"numbering":["T12"],"lines":[36001],"attr":"cool","postal_code":"818-0104","address":"太宰府市通古賀３-１４-１","voronoi":{"type":"Feature","geometry":{"type":"Polygon","coordinates":[[[130.513286,33.535766],[130.517411,33.522657],[130.517053,33.511209],[130.51258,33.506559],[130.497168,33.509065],[130.501834,33.522645],[130.510189,33.537222],[130.513286,33.535766]]]},"properties":{}}},
    {"code":3600113,"id":6206,"name":"西鉄二日市","original_name":"西鉄二日市","name_kana":"にしてつふつかいち","closed":false,"lat":33.502192,"lng":130.517871,"prefecture":40,"numbering":["T13"],"lines":[36001,36002],"attr":"cool","postal_code":"818-0072","address":"福岡県筑紫野市二日市中央六丁目","voronoi":{"type":"Feature","geometry":{"type":"Polygon","coordinates":[[[130.519359,33.49848],[130.511808,33.497524],[130.51258,33.506559],[130.517053,33.511209],[130.525696,33.503228],[130.519359,33.49848]]]},"properties":{}}},
    {"code":3600114,"id":6242,"name":"紫","original_name":"紫","name_kana":"むらさき","closed":false,"lat":33.496009,"lng":130.522503,"prefecture":40,"numbering":["T14"],"lines":[36001],"attr":"cool","postal_code":"818-0061","address":"福岡県筑紫野市紫二丁目449番11号","open_date":"2010-03-27","voronoi":{"type":"Feature","geometry":{"type":"Polygon","coordinates":[[[130.519359,33.49848],[130.523826,33.487537],[130.525763,33.488596],[130.539205,33.500004],[130.525696,33.503228],[130.519359,33.49848]]]},"properties":{}}},
    {"code":3600115,"id":6207,"name":"朝倉街道","original_name":"朝倉街道","name_kana":"あさくらがいどう","closed":false,"lat":33.484174,"lng":130.532548,"prefecture":40,"numbering":["T15"],"lines":[36001],"attr":"eco","postal_code":"818-0083","address":"福岡県筑紫野市針摺中央二丁目4-1","voronoi":{"type":"Feature","geometry":{"type":"Polygon","coordinates":[[[130.555142,33.491854],[130.53697,33.47748],[130.525763,33.488596],[130.539205,33.500004],[130.548116,33.502136],[130.556843,33.502421],[130.555142,33.491854]]]},"properties":{}}},
    {"code":3600116,"id":6208,"name":"桜台(福岡)","original_name":"桜台","name_kana":"さくらだい","closed":false,"lat":33.471636,"lng":130.542465,"prefecture":40,"numbering":["T16"],"lines":[36001],"attr":"eco","postal_code":"818-0063","address":"筑紫野市桜台２-１-１","voronoi":{"type":"Feature","geometry":{"type":"Polygon","coordinates":[[[130.555142,33.491854],[130.53697,33.47748],[130.52576,33.46406],[130.542935,33.461389],[130.55755,33.478766],[130.555142,33.491854]]]},"properties":{}}},
    {"code":3600117,"id":6209,"name":"筑紫","original_name":"筑紫","name_kana":"ちくし","closed":false,"lat":33.462682,"lng":130.553111,"prefecture":40,"numbering":["T17"],"lines":[36001],"attr":"eco","postal_code":"818-0025","address":"筑紫野市筑紫２-２","voronoi":{"type":"Feature","geometry":{"type":"Polygon","coordinates":[[[130.542935,33.461389],[130.55755,33.478766],[130.569234,33.462118],[130.552508,33.449341],[130.542935,33.461389]]]},"properties":{}}},
    {"code":3600118,"id":6210,"name":"津古","original_name":"津古","name_kana":"つこ","closed":false,"lat":33.446414,"lng":130.565538,"prefecture":40,"numbering":["T18"],"lines":[36001],"attr":"eco","postal_code":"838-0102","address":"小郡市津古１４２３-４","voronoi":{"type":"Feature","geometry":{"type":"Polygon","coordinates":[[[130.551577,33.44479],[130.552508,33.449341],[130.569234,33.462118],[130.603922,33.45246],[130.591223,33.435015],[130.551577,33.44479]]]},"properties":{}}},
    {"code":3600119,"id":6211,"name":"三国が丘","original_name":"三国が丘","name_kana":"みくにがおか","closed":false,"lat":33.436862,"lng":130.563183,"prefecture":40,"numbering":["T19"],"lines":[36001],"attr":"eco","postal_code":"838-0106","address":"小郡市三沢字光田５０３２-２","voronoi":{"type":"Feature","geometry":{"type":"Polygon","coordinates":[[[130.548021,33.439112],[130.551577,33.44479],[130.591223,33.435015],[130.590863,33.434276],[130.583784,33.425532],[130.548516,33.432766],[130.548021,33.439112]]]},"properties":{}}},
    {"code":3600120,"id":6212,"name":"三沢(福岡)","original_name":"三沢","name_kana":"みつさわ","closed":false,"lat":33.423227,"lng":130.560386,"prefecture":40,"numbering":["T20"],"lines":[36001],"attr":"eco","postal_code":"838-0106","address":"小郡市三沢３９５９","voronoi":{"type":"Feature","geometry":{"type":"Polygon","coordinates":[[[130.574361,33.41433],[130.581293,33.4207],[130.583266,33.424237],[130.583784,33.425532],[130.548516,33.432766],[130.545996,33.42675],[130.546118,33.425251],[130.549165,33.419388],[130.574361,33.41433]]]},"properties":{}}},
    {"code":3600121,"id":6213,"name":"大保","original_name":"大保","name_kana":"おおほ","closed":false,"lat":33.411515,"lng":130.558035,"prefecture":40,"numbering":["T21"],"lines":[36001],"attr":"eco","postal_code":"838-0115","address":"小郡市大保１２２０","voronoi":{"type":"Feature","geometry":{"type":"Polygon","coordinates":[[[130.570919,33.407361],[130.556129,33.404313],[130.548565,33.407044],[130.549165,33.419388],[130.574361,33.41433],[130.570919,33.407361]]]},"properties":{}}},
    {"code":3600122,"id":6214,"name":"西鉄小郡","original_name":"西鉄小郡","name_kana":"にしてつおごおり","closed":false,"lat":33.39633,"lng":130.5536,"prefecture":40,"numbering":["T22"],"lines":[36001],"attr":"eco","postal_code":"838-0144","address":"小郡市祇園１-９-４","voronoi":{"type":"Feature","geometry":{"type":"Polygon","coordinates":[[[130.53925,33.38969],[130.539144,33.389941],[130.556784,33.398667],[130.560466,33.386298],[130.53925,33.38969]]]},"properties":{}}},
    {"code":3600123,"id":6215,"name":"端間","original_name":"端間","name_kana":"はたま","closed":false,"lat":33.378907,"lng":130.550814,"prefecture":40,"numbering":["T23"],"lines":[36001],"attr":"eco","postal_code":"838-0137","address":"小郡市福童字前畑３４１０-４","voronoi":{"type":"Feature","geometry":{"type":"Polygon","coordinates":[[[130.535809,33.37193],[130.53925,33.38969],[130.560466,33.386298],[130.572449,33.38022],[130.577612,33.372448],[130.571962,33.367054],[130.558291,33.361047],[130.536148,33.369812],[130.535809,33.37193]]]},"properties":{}}},
    {"code":3600124,"id":6216,"name":"味坂","original_name":"味坂","name_kana":"あじさか","closed":false,"lat":33.353143,"lng":130.540616,"prefecture":40,"numbering":["T24"],"lines":[36001],"attr":"eco","postal_code":"838-0135","address":"小郡市赤川２３","voronoi":{"type":"Feature","geometry":{"type":"Polygon","coordinates":[[[130.536148,33.369812],[130.518309,33.351524],[130.518515,33.348371],[130.534069,33.341993],[130.537032,33.341894],[130.553617,33.348607],[130.558291,33.361047],[130.536148,33.369812]]]},"properties":{}}},
    {"code":3600125,"id":6217,"name":"宮の陣","original_name":"宮の陣","name_kana":"みやのじん","closed":false,"lat":33.329456,"lng":130.530902,"prefecture":40,"numbering":["T25"],"lines":[36001,36003],"attr":"eco","postal_code":"839-0801","address":"久留米市宮ノ陣町大字宮瀬２４７-２","voronoi":{"type":"Feature","geometry":{"type":"Polygon","coordinates":[[[130.511969,33.337373],[130.518515,33.348371],[130.534069,33.341993],[130.53663,33.318505],[130.512982,33.334287],[130.511969,33.337373]]]},"properties":{}}},
    {"code":3600126,"id":6218,"name":"櫛原","original_name":"櫛原","name_kana":"くしわら","closed":false,"lat":33.319592,"lng":130.524319,"prefecture":40,"numbering":["T26"],"lines":[36001],"attr":"eco","postal_code":"830-0013","address":"久留米市櫛原町原口１５１６-４","voronoi":{"type":"Feature","geometry":{"type":"Polygon","coordinates":[[[130.512982,33.334287],[130.512869,33.320317],[130.530681,33.312365],[130.53657,33.315139],[130.537384,33.317424],[130.53663,33.318505],[130.512982,33.334287]]]},"properties":{}}},
    {"code":3600127,"id":6219,"name":"西鉄久留米","original_name":"西鉄久留米","name_kana":"にしてつくるめ","closed":false,"lat":33.312276,"lng":130.521053,"prefecture":40,"numbering":["T27"],"lines":[36001],"attr":"eco","postal_code":"830-0032","address":"久留米市東町３０９-２","voronoi":{"type":"Feature","geometry":{"type":"Polygon","coordinates":[[[130.524026,33.304486],[130.511231,33.316028],[130.512869,33.320317],[130.530681,33.312365],[130.524026,33.304486]]]},"properties":{}}},
    {"code":3600128,"id":6220,"name":"花畑","original_name":"花畑","name_kana":"はなばたけ","closed":false,"lat":33.306643,"lng":130.515972,"prefecture":40,"numbering":["T28"],"lines":[36001],"attr":"eco","postal_code":"830-0038","address":"久留米市西町９６８","voronoi":{"type":"Feature","geometry":{"type":"Polygon","coordinates":[[[130.507291,33.311659],[130.511231,33.316028],[130.524026,33.304486],[130.523659,33.30291],[130.514382,33.302451],[130.507291,33.311659]]]},"properties":{}}},
    {"code":3600129,"id":6221,"name":"聖マリア病院前","original_name":"聖マリア病院前","name_kana":"せいまりあびょういんまえ","closed":false,"lat":33.301985,"lng":130.509923,"prefecture":40,"numbering":["T29"],"lines":[36001],"attr":"eco","postal_code":"830-0047","address":"久留米市津福本町２３５","voronoi":{"type":"Feature","geometry":{"type":"Polygon","coordinates":[[[130.507291,33.311659],[130.499856,33.308101],[130.507808,33.290492],[130.514382,33.302451],[130.507291,33.311659]]]},"properties":{}}},
    {"code":3600130,"id":6222,"name":"津福","original_name":"津福","name_kana":"つぶく","closed":false,"lat":33.296505,"lng":130.497788,"prefecture":40,"numbering":["T30"],"lines":[36001],"attr":"eco","postal_code":"830-0047","address":"久留米市津福本町１５８７","voronoi":{"type":"Feature","geometry":{"type":"Polygon","coordinates":[[[130.507986,33.288786],[130.507808,33.290492],[130.499856,33.308101],[130.468167,33.31303],[130.499108,33.286542],[130.507986,33.288786]]]},"properties":{}}},
    {"code":3600131,"id":6223,"name":"安武","original_name":"安武","name_kana":"やすたけ","closed":false,"lat":33.286311,"lng":130.489061,"prefecture":40,"numbering":["T31"],"lines":[36001],"attr":"eco","postal_code":"830-0072","address":"久留米市安武町安武本３３２７","voronoi":{"type":"Feature","geometry":{"type":"Polygon","coordinates":[[[130.488866,33.271317],[130.45229,33.306246],[130.462942,33.314958],[130.468167,33.31303],[130.499108,33.286542],[130.488866,33.271317]]]},"properties":{}}},
    {"code":3600132,"id":6224,"name":"大善寺","original_name":"大善寺","name_kana":"だいぜんじ","closed":false,"lat":33.270432,"lng":130.473897,"prefecture":40,"numbering":["T32"],"lines":[36001],"attr":"eco","postal_code":"830-0073","address":"久留米市大善寺町宮本１１７３","voronoi":{"type":"Feature","geometry":{"type":"Polygon","coordinates":[[[130.436007,33.274305],[130.423834,33.280085],[130.438491,33.300085],[130.45229,33.306246],[130.488866,33.271317],[130.490972,33.262293],[130.487393,33.258286],[130.436007,33.274305]]]},"properties":{}}},
    {"code":3600133,"id":6225,"name":"三潴","original_name":"三潴","name_kana":"みずま","closed":false,"lat":33.255961,"lng":130.469386,"prefecture":40,"numbering":["T33"],"lines":[36001],"attr":"eco","postal_code":"830-0102","address":"久留米市三潴町田川６００２","voronoi":{"type":"Feature","geometry":{"type":"Polygon","coordinates":[[[130.436007,33.274305],[130.481761,33.239976],[130.487393,33.258286],[130.436007,33.274305]]]},"properties":{}}},
    {"code":3600134,"id":6226,"name":"犬塚","original_name":"犬塚","name_kana":"いぬづか","closed":false,"lat":33.247387,"lng":130.462953,"prefecture":40,"numbering":["T34"],"lines":[36001],"attr":"eco","postal_code":"830-0112","address":"久留米市三潴町玉満８００４-１","voronoi":{"type":"Feature","geometry":{"type":"Polygon","coordinates":[[[130.481761,33.239976],[130.481452,33.229684],[130.475902,33.224564],[130.408912,33.267882],[130.423834,33.280085],[130.436007,33.274305],[130.481761,33.239976]]]},"properties":{}}},
    {"code":3600135,"id":6227,"name":"大溝","original_name":"大溝","name_kana":"おおみぞ","closed":false,"lat":33.227009,"lng":130.449776,"prefecture":40,"numbering":["T35"],"lines":[36001],"attr":"eco","postal_code":"830-0403","address":"三潴郡大木町大字大角１３４３","voronoi":{"type":"Feature","geometry":{"type":"Polygon","coordinates":[[[130.475902,33.224564],[130.408912,33.267882],[130.406419,33.266604],[130.390875,33.253424],[130.467775,33.201946],[130.475902,33.224564]]]},"properties":{}}},
    {"code":3600136,"id":6228,"name":"八丁牟田","original_name":"八丁牟田","name_kana":"はっちょうむた","closed":false,"lat":33.209035,"lng":130.437744,"prefecture":40,"numbering":["T36"],"lines":[36001],"attr":"eco","postal_code":"830-0416","address":"三潴郡大木町大字八町牟田７４-２","voronoi":{"type":"Feature","geometry":{"type":"Polygon","coordinates":[[[130.390875,33.253424],[130.389795,33.252784],[130.378968,33.239311],[130.456275,33.179029],[130.467813,33.199062],[130.467775,33.201946],[130.390875,33.253424]]]},"properties":{}}},
    {"code":3600137,"id":6229,"name":"蒲池(福岡)","original_name":"蒲池","name_kana":"かまち","closed":false,"lat":33.189687,"lng":130.422657,"prefecture":40,"numbering":["T37"],"lines":[36001],"attr":"eco","postal_code":"832-0001","address":"柳川市大字蒲生９６２-３","voronoi":{"type":"Feature","geometry":{"type":"Polygon","coordinates":[[[130.432946,33.17574],[130.35145,33.212381],[130.355593,33.219333],[130.378968,33.239311],[130.456275,33.179029],[130.45598,33.177287],[130.455386,33.17615],[130.441648,33.17454],[130.432946,33.17574]]]},"properties":{}}},
    {"code":3600138,"id":6230,"name":"矢加部","original_name":"矢加部","name_kana":"やかべ","closed":false,"lat":33.17418,"lng":130.415685,"prefecture":40,"numbering":["T38"],"lines":[36001],"attr":"eco","postal_code":"832-0806","address":"柳川市三橋町柳河３９４-３","voronoi":{"type":"Feature","geometry":{"type":"Polygon","coordinates":[[[130.30041,33.145442],[130.285392,33.118905],[130.285915,33.117769],[130.432946,33.17574],[130.35145,33.212381],[130.30041,33.145442]]]},"properties":{}}},
    {"code":3600139,"id":6231,"name":"西鉄柳川","original_name":"西鉄柳川","name_kana":"にしてつやながわ","closed":false,"lat":33.1651,"lng":130.419265,"prefecture":40,"numbering":["T39"],"lines":[36001],"attr":"eco","postal_code":"832-0822","address":"柳川市三橋町下百町４６-２","voronoi":{"type":"Feature","geometry":{"type":"Polygon","coordinates":[[[130.432946,33.17574],[130.285915,33.117769],[130.289309,33.109687],[130.30296,33.085948],[130.388241,33.133693],[130.441648,33.17454],[130.432946,33.17574]]]},"properties":{}}},
    {"code":3600140,"id":6232,"name":"徳益","original_name":"徳益","name_kana":"とくます","closed":false,"lat":33.15541,"lng":130.426676,"prefecture":40,"numbering":["T40"],"lines":[36001],"attr":"heat","postal_code":"839-0241","address":"柳川市大和町徳益","voronoi":{"type":"Feature","geometry":{"type":"Polygon","coordinates":[[[130.455824,33.160044],[130.388241,33.133693],[130.441648,33.17454],[130.455386,33.17615],[130.455824,33.160044]]]},"properties":{}}},
    {"code":3600141,"id":6233,"name":"塩塚","original_name":"塩塚","name_kana":"しおつか","closed":false,"lat":33.143725,"lng":130.431232,"prefecture":40,"numbering":["T41"],"lines":[36001],"attr":"heat","postal_code":"839-0243","address":"柳川市大和町塩塚２０６４-２","voronoi":{"type":"Feature","geometry":{"type":"Polygon","coordinates":[[[130.30296,33.085948],[130.306207,33.078955],[130.451452,33.139678],[130.45619,33.158558],[130.455824,33.160044],[130.388241,33.133693],[130.30296,33.085948]]]},"properties":{}}},
    {"code":3600142,"id":6234,"name":"西鉄中島","original_name":"西鉄中島","name_kana":"にしてつなかしま","closed":false,"lat":33.122444,"lng":130.440129,"prefecture":40,"numbering":["T42"],"lines":[36001],"attr":"heat","postal_code":"839-0254","address":"柳川市大和町中島４４６１","voronoi":{"type":"Feature","geometry":{"type":"Polygon","coordinates":[[[130.451452,33.139678],[130.306207,33.078955],[130.308541,33.072614],[130.309637,33.070881],[130.352634,33.072577],[130.457684,33.122481],[130.451452,33.139678]]]},"properties":{}}},
    {"code":3600143,"id":6235,"name":"江の浦","original_name":"江の浦","name_kana":"えのうら","closed":false,"lat":33.108896,"lng":130.446565,"prefecture":40,"numbering":["T43"],"lines":[36001],"attr":"heat","postal_code":"839-0212","address":"みやま市高田町江浦町６１８-４","voronoi":{"type":"Feature","geometry":{"type":"Polygon","coordinates":[[[130.392941,33.07116],[130.352634,33.072577],[130.457684,33.122481],[130.462526,33.117675],[130.454213,33.105547],[130.392941,33.07116]]]},"properties":{}}},
    {"code":3600144,"id":6236,"name":"開","original_name":"開","name_kana":"ひらき","closed":false,"lat":33.097275,"lng":130.453087,"prefecture":40,"numbering":["T44"],"lines":[36001],"attr":"heat","postal_code":"839-0204","address":"みやま市高田町北新開３６０-２","voronoi":{"type":"Feature","geometry":{"type":"Polygon","coordinates":[[[130.458297,33.093354],[130.414755,33.069794],[130.395543,33.070802],[130.392941,33.07116],[130.454213,33.105547],[130.458297,33.093354]]]},"properties":{}}},
    {"code":3600145,"id":6237,"name":"西鉄渡瀬","original_name":"西鉄渡瀬","name_kana":"にしてつわたぜ","closed":false,"lat":33.086848,"lng":130.458729,"prefecture":40,"numbering":["T45"],"lines":[36001],"attr":"heat","postal_code":"837-0906","address":"大牟田市大字倉永字火渡３３６６-１","voronoi":{"type":"Feature","geometry":{"type":"Polygon","coordinates":[[[130.458944,33.078715],[130.477293,33.091324],[130.458297,33.093354],[130.414755,33.069794],[130.415884,33.069591],[130.431478,33.069334],[130.458944,33.078715]]]},"properties":{}}},
    {"code":3600146,"id":6238,"name":"倉永","original_name":"倉永","name_kana":"くらなが","closed":false,"lat":33.07215,"lng":130.463749,"prefecture":40,"numbering":["T46"],"lines":[36001],"attr":"heat","postal_code":"837-0906","address":"大牟田市大字倉永字笹尾８３-１２","voronoi":{"type":"Feature","geometry":{"type":"Polygon","coordinates":[[[130.458944,33.078715],[130.431478,33.069334],[130.439009,33.067343],[130.446753,33.066081],[130.47244,33.06811],[130.458944,33.078715]]]},"properties":{}}},
    {"code":3600147,"id":6239,"name":"東甘木","original_name":"東甘木","name_kana":"ひがしあまぎ","closed":false,"lat":33.062756,"lng":130.464491,"prefecture":40,"numbering":["T47"],"lines":[36001],"attr":"heat","postal_code":"837-0905","address":"大牟田市大字甘木４６９-３","voronoi":{"type":"Feature","geometry":{"type":"Polygon","coordinates":[[[130.47244,33.06811],[130.446753,33.066081],[130.482572,33.049843],[130.476413,33.067501],[130.47244,33.06811]]]},"properties":{}}},
    {"code":3600148,"id":6240,"name":"西鉄銀水","original_name":"西鉄銀水","name_kana":"にしてつぎんすい","closed":false,"lat":33.050935,"lng":130.458139,"prefecture":40,"numbering":["T48"],"lines":[36001],"attr":"heat","postal_code":"837-0917","address":"大牟田市大字草木字横木１２７-１","voronoi":{"type":"Feature","geometry":{"type":"Polygon","coordinates":[[[130.439009,33.067343],[130.495587,33.027638],[130.507282,33.010001],[130.415884,33.069591],[130.431478,33.069334],[130.439009,33.067343]]]},"properties":{}}},
    {"code":3600149,"id":6241,"name":"新栄町(福岡)","original_name":"新栄町","name_kana":"しんさかえまち","closed":false,"lat":33.038453,"lng":130.450001,"prefecture":40,"numbering":["T49"],"lines":[36001],"attr":"heat","postal_code":"836-0041","address":"大牟田市新栄町１０-１","voronoi":{"type":"Feature","geometry":{"type":"Polygon","coordinates":[[[130.517092,32.998407],[130.507282,33.010001],[130.415884,33.069591],[130.414755,33.069794],[130.395543,33.070802],[130.499202,32.996719],[130.507112,32.993957],[130.517092,32.998407]]]},"properties":{}}},
    {"code":1190328,"id":4080,"name":"大牟田","original_name":"大牟田","name_kana":"おおむた","closed":false,"lat":33.029754,"lng":130.443784,"prefecture":40,"numbering":["T50"],"lines":[11903,36001],"attr":"heat","postal_code":"836-0843","address":"大牟田市不知火町１丁目","voronoi":{"type":"Feature","geometry":{"type":"Polygon","coordinates":[[[130.395543,33.070802],[130.499202,32.996719],[130.315823,33.044127],[130.309637,33.070881],[130.352634,33.072577],[130.392941,33.07116],[130.395543,33.070802]]]},"properties":{}}}
  ]
}