{
  "code":99101,
  "id":"3b2d10",
  "name":"札幌市営地下鉄東西線",
  "name_kana":"さっぽろしえいちかてつとうざいせん",
  "station_size":19,
  "company_code":101,
  "closed":false,
  "color":"#FFA500",
  "symbol":"T",
  "station_list":[
    {"code":9910101,"id":"79d376","name":"宮の沢","original_name":"宮の沢","name_kana":"みやのさわ","closed":false,"lat":43.089962,"lng":141.27717,"prefecture":1,"numbering":["T01"],"lines":[99101],"attr":"cool","postal_code":"063-0051","address":"札幌市西区宮の沢１条１","voronoi":{"type":"Feature","geometry":{"type":"Polygon","coordinates":[[[141.173653,42.924168],[141.285836,43.089675],[141.28604,43.094798],[141.260621,43.095064],[141.207947,43.047175],[141.201671,43.040255],[141.187389,43.019947],[141.111073,42.870396],[141.161962,42.912275],[141.173653,42.924168]]]},"properties":{}}},
    {"code":9910102,"id":"cb3dd3","name":"発寒南","original_name":"発寒南","name_kana":"はっさむみなみ","closed":false,"lat":43.081732,"lng":141.289312,"prefecture":1,"numbering":["T02"],"lines":[99101],"attr":"cool","postal_code":"063-0061","address":"札幌市西区西町北７","voronoi":{"type":"Feature","geometry":{"type":"Polygon","coordinates":[[[141.173653,42.924168],[141.285836,43.089675],[141.297686,43.081525],[141.286188,43.052498],[141.202642,42.954018],[141.189263,42.938899],[141.173653,42.924168]]]},"properties":{}}},
    {"code":9910103,"id":"6f8603","name":"琴似(札幌市交通局)","original_name":"琴似","name_kana":"ことに","closed":false,"lat":43.075941,"lng":141.303931,"prefecture":1,"numbering":["T03"],"lines":[99101],"attr":"cool","postal_code":"063-0811","address":"札幌市西区琴似1条4丁目","voronoi":{"type":"Feature","geometry":{"type":"Polygon","coordinates":[[[141.286188,43.052498],[141.297686,43.081525],[141.299324,43.082684],[141.31053,43.075778],[141.30438,43.064852],[141.286188,43.052498]]]},"properties":{}}},
    {"code":9910104,"id":"1a561a","name":"二十四軒","original_name":"二十四軒","name_kana":"にじゅうよんけん","closed":false,"lat":43.070221,"lng":141.314093,"prefecture":1,"numbering":["T04"],"lines":[99101],"attr":"cool","postal_code":"063-0801","address":"札幌市西区二十四軒１条５","voronoi":{"type":"Feature","geometry":{"type":"Polygon","coordinates":[[[141.323205,43.065669],[141.30438,43.064852],[141.31053,43.075778],[141.315172,43.078501],[141.322904,43.076001],[141.323205,43.065669]]]},"properties":{}}},
    {"code":9910105,"id":"aee31e","name":"西２８丁目","original_name":"西２８丁目","name_kana":"にしにじゅうはっちょうめ","closed":false,"lat":43.060345,"lng":141.314522,"prefecture":1,"numbering":["T05"],"lines":[99101],"attr":"cool","postal_code":"064-0824","address":"札幌市中央区北４条西２８","voronoi":{"type":"Feature","geometry":{"type":"Polygon","coordinates":[[[141.323205,43.065669],[141.30438,43.064852],[141.286188,43.052498],[141.202642,42.954018],[141.32345,43.064122],[141.323621,43.064968],[141.323205,43.065669]]]},"properties":{}}},
    {"code":9910106,"id":"b4b3a5","name":"円山公園","original_name":"円山公園","name_kana":"まるやまこうえん","closed":false,"lat":43.055582,"lng":141.318863,"prefecture":1,"numbering":["T06"],"lines":[99101],"attr":"cool","postal_code":"064-0801","address":"札幌市中央区南１条西２５","voronoi":{"type":"Feature","geometry":{"type":"Polygon","coordinates":[[[141.189263,42.938899],[141.309321,43.028857],[141.313323,43.032222],[141.317168,43.035938],[141.321582,43.040998],[141.323556,43.044088],[141.325629,43.048542],[141.32345,43.064122],[141.202642,42.954018],[141.189263,42.938899]]]},"properties":{}}},
    {"code":9910107,"id":"09d0ad","name":"西１８丁目","original_name":"西１８丁目","name_kana":"にしじゅうはっちょうめ","closed":false,"lat":43.057168,"lng":141.330204,"prefecture":1,"numbering":["T07"],"lines":[99101],"attr":"cool","postal_code":"060-0042","address":"札幌市中央区大通西１８","voronoi":{"type":"Feature","geometry":{"type":"Polygon","coordinates":[[[141.32345,43.064122],[141.325629,43.048542],[141.326246,43.048886],[141.332179,43.053868],[141.333862,43.063586],[141.323621,43.064968],[141.32345,43.064122]]]},"properties":{}}},
    {"code":9910108,"id":"bdd430","name":"西１１丁目","original_name":"西１１丁目","name_kana":"にしじゅういっちょうめ","closed":false,"lat":43.058557,"lng":141.341036,"prefecture":1,"numbering":["T08"],"lines":[99101],"attr":"cool","postal_code":"060-0042","address":"札幌市中央区大通西１１","voronoi":{"type":"Feature","geometry":{"type":"Polygon","coordinates":[[[141.335603,43.063962],[141.33769,43.058489],[141.343509,43.057545],[141.344096,43.064326],[141.341026,43.067966],[141.335603,43.063962]]]},"properties":{}}},
    {"code":9910109,"id":"8933d6","name":"大通","original_name":"大通","name_kana":"おおどおり","closed":false,"lat":43.060304,"lng":141.352504,"prefecture":1,"numbering":["T09"],"lines":[99101,99102,99103],"attr":"cool","postal_code":"060-0042","address":"札幌市中央区大通西２","voronoi":{"type":"Feature","geometry":{"type":"Polygon","coordinates":[[[141.348286,43.062205],[141.348606,43.061271],[141.353564,43.05891],[141.356663,43.059343],[141.355979,43.065001],[141.348286,43.062205]]]},"properties":{}}},
    {"code":9910110,"id":"9ec4de","name":"バスセンター前","original_name":"バスセンター前","name_kana":"ばすせんたーまえ","closed":false,"lat":43.061268,"lng":141.360473,"prefecture":1,"numbering":["T10"],"lines":[99101],"attr":"cool","postal_code":"060-0051","address":"札幌市中央区南１条東４","voronoi":{"type":"Feature","geometry":{"type":"Polygon","coordinates":[[[141.364565,43.069239],[141.36788,43.063076],[141.365003,43.054496],[141.364967,43.054473],[141.3567,43.059274],[141.356663,43.059343],[141.355979,43.065001],[141.356592,43.066224],[141.359161,43.069618],[141.360778,43.0702],[141.364565,43.069239]]]},"properties":{}}},
    {"code":9910111,"id":"48e341","name":"菊水","original_name":"菊水","name_kana":"きくすい","closed":false,"lat":43.057169,"lng":141.3727,"prefecture":1,"numbering":["T11"],"lines":[99101],"attr":"cool","postal_code":"003-0802","address":"札幌市白石区菊水２条２","voronoi":{"type":"Feature","geometry":{"type":"Polygon","coordinates":[[[141.376827,43.050106],[141.365003,43.054496],[141.36788,43.063076],[141.382303,43.062074],[141.376868,43.050116],[141.376827,43.050106]]]},"properties":{}}},
    {"code":9910112,"id":"66cd4e","name":"東札幌","original_name":"東札幌","name_kana":"ひがしさっぽろ","closed":false,"lat":43.051614,"lng":141.384922,"prefecture":1,"numbering":["T12"],"lines":[99101],"attr":"cool","postal_code":"003-0002","address":"札幌市白石区東札幌２条２","voronoi":{"type":"Feature","geometry":{"type":"Polygon","coordinates":[[[141.388278,43.044136],[141.398078,43.064167],[141.397197,43.07232],[141.382303,43.062074],[141.376868,43.050116],[141.384071,43.043907],[141.388278,43.044136]]]},"properties":{}}},
    {"code":9910113,"id":"595823","name":"白石(札幌市交通局)","original_name":"白石","name_kana":"しろいし","closed":false,"lat":43.046076,"lng":141.396242,"prefecture":1,"numbering":["T13"],"lines":[99101],"attr":"cool","postal_code":"003-0002","address":"札幌市白石区東札幌2条6丁目","voronoi":{"type":"Feature","geometry":{"type":"Polygon","coordinates":[[[141.405994,43.048251],[141.398078,43.064167],[141.388278,43.044136],[141.393688,43.038311],[141.402164,43.038322],[141.405994,43.048251]]]},"properties":{}}},
    {"code":9910114,"id":"0d316b","name":"南郷７丁目","original_name":"南郷７丁目","name_kana":"なんごうななちょうめ","closed":false,"lat":43.040091,"lng":141.411759,"prefecture":1,"numbering":["T14"],"lines":[99101],"attr":"cool","postal_code":"003-0022","address":"札幌市白石区南郷通７","voronoi":{"type":"Feature","geometry":{"type":"Polygon","coordinates":[[[141.420563,43.046405],[141.413347,43.028084],[141.406487,43.031299],[141.402164,43.038322],[141.405994,43.048251],[141.420563,43.046405]]]},"properties":{}}},
    {"code":9910115,"id":"43c5b3","name":"南郷１３丁目","original_name":"南郷１３丁目","name_kana":"なんごうじゅうさんちょうめ","closed":false,"lat":43.035783,"lng":141.422697,"prefecture":1,"numbering":["T15"],"lines":[99101],"attr":"cool","postal_code":"003-0022","address":"札幌市白石区南郷通１３","voronoi":{"type":"Feature","geometry":{"type":"Polygon","coordinates":[[[141.425067,43.048566],[141.420563,43.046405],[141.413347,43.028084],[141.421654,43.016594],[141.431781,43.039385],[141.425067,43.048566]]]},"properties":{}}},
    {"code":9910116,"id":"12b8b8","name":"南郷１８丁目","original_name":"南郷１８丁目","name_kana":"なんごうじゅうはっちょうめ","closed":false,"lat":43.030229,"lng":141.435196,"prefecture":1,"numbering":["T16"],"lines":[99101],"attr":"cool","postal_code":"003-0022","address":"札幌市白石区南郷通１８","voronoi":{"type":"Feature","geometry":{"type":"Polygon","coordinates":[[[141.421654,43.016594],[141.431781,43.039385],[141.445091,43.037179],[141.435889,42.963525],[141.421654,43.016594]]]},"properties":{}}},
    {"code":9910117,"id":"7327cf","name":"大谷地","original_name":"大谷地","name_kana":"おおやち","closed":false,"lat":43.028008,"lng":141.452972,"prefecture":1,"numbering":["T17"],"lines":[99101],"attr":"cool","postal_code":"004-0041","address":"札幌市厚別区大谷地東３","voronoi":{"type":"Feature","geometry":{"type":"Polygon","coordinates":[[[141.435889,42.963525],[141.445091,43.037179],[141.450509,43.041471],[141.455957,43.038065],[141.46598,43.010004],[141.439705,42.933728],[141.435889,42.963525]]]},"properties":{}}},
    {"code":9910118,"id":"01812f","name":"ひばりが丘","original_name":"ひばりが丘","name_kana":"ひばりがおか","closed":false,"lat":43.032175,"lng":141.464638,"prefecture":1,"numbering":["T18"],"lines":[99101],"attr":"cool","postal_code":"004-0022","address":"札幌市厚別区厚別南１","voronoi":{"type":"Feature","geometry":{"type":"Polygon","coordinates":[[[141.46598,43.010004],[141.455957,43.038065],[141.465687,43.038776],[141.476927,43.025522],[141.46598,43.010004]]]},"properties":{}}},
    {"code":9910119,"id":"d08f05","name":"新さっぽろ","original_name":"新さっぽろ","name_kana":"しんさっぽろ","closed":false,"lat":43.039141,"lng":141.473106,"prefecture":1,"numbering":["T19"],"lines":[99101],"attr":"cool","postal_code":"004-0052","address":"札幌市厚別区厚別中央２条５","voronoi":{"type":"Feature","geometry":{"type":"Polygon","coordinates":[[[141.497322,43.038248],[141.479314,43.027103],[141.469764,43.044287],[141.47322,43.049698],[141.497322,43.038248]]]},"properties":{}}}
  ]
}