{
  "code":99108,
  "id":"b13753",
  "name":"道南いさりび鉄道線",
  "name_kana":"どうなんいさりびてつどう",
  "station_size":12,
  "company_code":248,
  "closed":false,
  "color":"#246DAC",
  "station_list":[
    {"code":101103,"id":"95d372","name":"木古内","original_name":"木古内","name_kana":"きこない","closed":false,"lat":41.677642,"lng":140.434004,"prefecture":1,"numbering":["sh01"],"lines":[1011,11118,11119,99108],"attr":"eco","postal_code":"049-0422","address":"上磯郡木古内町本町","open_date":"1930-10-25","voronoi":{"type":"Feature","geometry":{"type":"Polygon","coordinates":[[[140.414293,41.746396],[140.410662,41.715394],[140.462491,41.538402],[140.540418,41.437556],[140.550347,41.438681],[140.49049,41.62629],[140.414293,41.746396]]]},"properties":{}}},
    {"code":1111911,"id":"7b484e","name":"札苅","original_name":"札苅","name_kana":"さつかり","closed":false,"lat":41.699271,"lng":140.468097,"prefecture":1,"numbering":["sh02"],"lines":[11119,99108],"attr":"eco","postal_code":"049-0411","address":"上磯郡木古内町字札苅","voronoi":{"type":"Feature","geometry":{"type":"Polygon","coordinates":[[[140.476259,41.847178],[140.482834,41.811917],[140.49049,41.62629],[140.414293,41.746396],[140.393338,41.868822],[140.402678,41.922509],[140.458523,41.88207],[140.476259,41.847178]]]},"properties":{}}},
    {"code":1111912,"id":"1ab83d","name":"泉沢","original_name":"泉沢","name_kana":"いずみさわ","closed":false,"lat":41.700867,"lng":140.506797,"prefecture":1,"numbering":["sh03"],"lines":[11119,99108],"attr":"eco","postal_code":"049-0405","address":"上磯郡木古内町字泉沢","voronoi":{"type":"Feature","geometry":{"type":"Polygon","coordinates":[[[140.482834,41.811917],[140.49049,41.62629],[140.550347,41.438681],[140.622314,41.436423],[140.482834,41.811917]]]},"properties":{}}},
    {"code":1111913,"id":"2aed11","name":"釜谷","original_name":"釜谷","name_kana":"かまや","closed":false,"lat":41.712153,"lng":140.53718,"prefecture":1,"numbering":["sh04"],"lines":[11119,99108],"attr":"eco","postal_code":"049-0403","address":"上磯郡木古内町字釜谷","voronoi":{"type":"Feature","geometry":{"type":"Polygon","coordinates":[[[140.672266,41.534518],[140.504177,41.814682],[140.476259,41.847178],[140.482834,41.811917],[140.622314,41.436423],[140.696261,41.429933],[140.672266,41.534518]]]},"properties":{}}},
    {"code":1111914,"id":"94b9f4","name":"渡島当別","original_name":"渡島当別","name_kana":"おしまとうべつ","closed":false,"lat":41.737309,"lng":140.579109,"prefecture":1,"numbering":["sh05"],"lines":[11119,99108],"attr":"eco","postal_code":"049-0282","address":"北斗市当別","open_date":"1930-10-25","voronoi":{"type":"Feature","geometry":{"type":"Polygon","coordinates":[[[140.504177,41.814682],[140.652303,41.706213],[140.672266,41.534518],[140.504177,41.814682]]]},"properties":{}}},
    {"code":1111915,"id":"e0dcae","name":"茂辺地","original_name":"茂辺地","name_kana":"もへじ","closed":false,"lat":41.766604,"lng":140.600561,"prefecture":1,"numbering":["sh06"],"lines":[11119,99108],"attr":"eco","postal_code":"049-0281","address":"北斗市茂辺地","voronoi":{"type":"Feature","geometry":{"type":"Polygon","coordinates":[[[140.652531,41.768925],[140.520152,41.869012],[140.458523,41.88207],[140.476259,41.847178],[140.504177,41.814682],[140.652303,41.706213],[140.654966,41.729349],[140.652531,41.768925]]]},"properties":{}}},
    {"code":1111916,"id":"002870","name":"上磯","original_name":"上磯","name_kana":"かみいそ","closed":false,"lat":41.81956,"lng":140.640599,"prefecture":1,"numbering":["sh07"],"lines":[11119,99108],"attr":"eco","postal_code":"049-0161","address":"北斗市飯生","voronoi":{"type":"Feature","geometry":{"type":"Polygon","coordinates":[[[140.629771,41.863432],[140.536985,41.869838],[140.520152,41.869012],[140.652531,41.768925],[140.662806,41.783002],[140.629771,41.863432]]]},"properties":{}}},
    {"code":1111917,"id":"9fb53f","name":"清川口","original_name":"清川口","name_kana":"きよかわぐち","closed":false,"lat":41.824615,"lng":140.652906,"prefecture":1,"numbering":["sh08"],"lines":[11119,99108],"attr":"eco","postal_code":"049-0100","address":"北斗市会所町","voronoi":{"type":"Feature","geometry":{"type":"Polygon","coordinates":[[[140.662806,41.783002],[140.629771,41.863432],[140.653514,41.865308],[140.665858,41.786046],[140.662806,41.783002]]]},"properties":{}}},
    {"code":1111918,"id":"f23100","name":"久根別","original_name":"久根別","name_kana":"くねべつ","closed":false,"lat":41.826727,"lng":140.666468,"prefecture":1,"numbering":["sh09"],"lines":[11119,99108],"attr":"eco","postal_code":"049-0121","address":"北斗市久根別","voronoi":{"type":"Feature","geometry":{"type":"Polygon","coordinates":[[[140.671106,41.78975],[140.665858,41.786046],[140.653514,41.865308],[140.654063,41.865447],[140.674813,41.857839],[140.671106,41.78975]]]},"properties":{}}},
    {"code":1111919,"id":"077d91","name":"東久根別","original_name":"東久根別","name_kana":"ひがしくねべつ","closed":false,"lat":41.826005,"lng":140.679731,"prefecture":1,"numbering":["sh10"],"lines":[11119,99108],"attr":"eco","postal_code":"049-0121","address":"北斗市久根別","voronoi":{"type":"Feature","geometry":{"type":"Polygon","coordinates":[[[140.699355,41.840428],[140.686458,41.796891],[140.671106,41.78975],[140.674813,41.857839],[140.683866,41.856528],[140.697311,41.844749],[140.699355,41.840428]]]},"properties":{}}},
    {"code":1111920,"id":"1160b7","name":"七重浜","original_name":"七重浜","name_kana":"ななえはま","closed":false,"lat":41.817643,"lng":140.707957,"prefecture":1,"numbering":["sh11"],"lines":[11119,99108],"attr":"eco","postal_code":"049-0111","address":"北斗市七重浜２丁目","voronoi":{"type":"Feature","geometry":{"type":"Polygon","coordinates":[[[140.728749,41.825131],[140.712074,41.794847],[140.686458,41.796891],[140.699355,41.840428],[140.728749,41.825131]]]},"properties":{}}},
    {"code":1110102,"id":"61b622","name":"五稜郭","original_name":"五稜郭","name_kana":"ごりょうかく","closed":false,"lat":41.803557,"lng":140.733539,"prefecture":1,"numbering":["H74"],"lines":[11101,11119,99108],"attr":"eco","postal_code":"041-0813","address":"函館市亀田本町","voronoi":{"type":"Feature","geometry":{"type":"Polygon","coordinates":[[[140.768007,41.833528],[140.768731,41.834998],[140.728749,41.825131],[140.712074,41.794847],[140.714787,41.792259],[140.72972,41.788694],[140.730349,41.78881],[140.733986,41.789857],[140.738347,41.791818],[140.740097,41.793178],[140.757735,41.815728],[140.768007,41.833528]]]},"properties":{}}}
  ]
}