{
  "code":99207,
  "id":370,
  "name":"三陸鉄道北リアス線",
  "name_kana":"さんりくてつどうきたりあすせん",
  "station_size":17,
  "company_code":109,
  "closed":true,
  "station_list":[
    {"code":1121318,"id":773,"name":"宮古","original_name":"宮古","name_kana":"みやこ","closed":false,"lat":39.640287,"lng":141.946454,"prefecture":3,"lines":[11213,99207,99208],"attr":"eco","postal_code":"027-0076","address":"宮古市栄町","open_date":"1934-11-06","voronoi":{"type":"Feature","geometry":{"type":"Polygon","coordinates":[[[141.949314,39.663981],[141.933657,39.629823],[141.949925,39.629786],[141.975972,39.666163],[141.949314,39.663981]]]},"properties":{}}},
    {"code":9920825,"id":9124,"name":"山口団地","original_name":"山口団地","name_kana":"やまぐちだんち","closed":false,"lat":39.646348,"lng":141.933231,"prefecture":3,"lines":[99207,99208],"attr":"eco","postal_code":"027-0063","address":"岩手県宮古市山口三丁目","open_date":"2010-10-16","voronoi":{"type":"Feature","geometry":{"type":"Polygon","coordinates":[[[141.933657,39.629823],[141.949314,39.663981],[141.898065,39.675874],[141.930326,39.628201],[141.933657,39.629823]]]},"properties":{}}},
    {"code":9920826,"id":6429,"name":"一の渡","original_name":"一の渡","name_kana":"いちのわたり","closed":false,"lat":39.686895,"lng":141.94264,"prefecture":3,"lines":[99207,99208],"attr":"eco","postal_code":"027-0097","address":"宮古市崎山","voronoi":{"type":"Feature","geometry":{"type":"Polygon","coordinates":[[[141.898065,39.675874],[141.949314,39.663981],[141.975972,39.666163],[142.015885,39.679005],[141.961878,39.705335],[141.884461,39.683703],[141.884801,39.683214],[141.898065,39.675874]]]},"properties":{}}},
    {"code":9920827,"id":6430,"name":"佐羽根","original_name":"佐羽根","name_kana":"さばね","closed":false,"lat":39.711131,"lng":141.935868,"prefecture":3,"lines":[99207,99208],"attr":"eco","postal_code":"027-0067","address":"宮古市大字田代","voronoi":{"type":"Feature","geometry":{"type":"Polygon","coordinates":[[[141.884461,39.683703],[141.846559,39.718635],[141.827806,39.740874],[141.865292,39.782702],[141.915762,39.769194],[141.961878,39.705335],[141.884461,39.683703]]]},"properties":{}}},
    {"code":9920828,"id":6431,"name":"田老","original_name":"田老","name_kana":"たろう","closed":false,"lat":39.731848,"lng":141.964556,"prefecture":3,"lines":[99207,99208],"attr":"eco","postal_code":"027-0351","address":"宮古市田老小林","voronoi":{"type":"Feature","geometry":{"type":"Polygon","coordinates":[[[141.915762,39.769194],[141.917349,39.769243],[142.042021,39.678089],[142.015885,39.679005],[141.961878,39.705335],[141.915762,39.769194]]]},"properties":{}}},
    {"code":9920830,"id":6432,"name":"摂待","original_name":"摂待","name_kana":"せったい","closed":false,"lat":39.809453,"lng":141.962182,"prefecture":3,"lines":[99207,99208],"attr":"eco","postal_code":"027-0384","address":"宮古市田老摂待","voronoi":{"type":"Feature","geometry":{"type":"Polygon","coordinates":[[[141.917349,39.769243],[141.915762,39.769194],[141.865292,39.782702],[141.872076,39.816198],[144.493527,40.11001],[144.825089,39.970751],[141.917349,39.769243]]]},"properties":{}}},
    {"code":9920831,"id":6433,"name":"岩泉小本","original_name":"岩泉小本","name_kana":"いわいずみおもと","closed":false,"lat":39.842724,"lng":141.958453,"prefecture":3,"lines":[99207,99208],"attr":"eco","postal_code":"027-0421","address":"下閉伊郡岩泉町小本","voronoi":{"type":"Feature","geometry":{"type":"Polygon","coordinates":[[[141.872076,39.816198],[141.872661,39.859585],[143.875238,40.374485],[144.493527,40.11001],[141.872076,39.816198]]]},"properties":{}}},
    {"code":9920832,"id":6434,"name":"島越","original_name":"島越","name_kana":"しまのこし","closed":false,"lat":39.915737,"lng":141.93968,"prefecture":3,"lines":[99207,99208],"attr":"eco","postal_code":"028-8404","address":"下閉伊郡田野畑村松前沢","voronoi":{"type":"Feature","geometry":{"type":"Polygon","coordinates":[[[143.665521,40.468932],[141.854431,39.899102],[141.872661,39.859585],[143.875238,40.374485],[143.665521,40.468932]]]},"properties":{}}},
    {"code":9920833,"id":6435,"name":"田野畑","original_name":"田野畑","name_kana":"たのはた","closed":false,"lat":39.934276,"lng":141.933847,"prefecture":3,"lines":[99207,99208],"attr":"eco","postal_code":"028-8407","address":"下閉伊郡田野畑村和野","voronoi":{"type":"Feature","geometry":{"type":"Polygon","coordinates":[[[143.665521,40.468932],[141.854431,39.899102],[141.841455,39.920536],[141.997453,40.029339],[143.180421,40.639466],[143.240456,40.663111],[143.665521,40.468932]]]},"properties":{}}},
    {"code":9920834,"id":6436,"name":"普代","original_name":"普代","name_kana":"ふだい","closed":false,"lat":40.002492,"lng":141.886269,"prefecture":3,"lines":[99207,99208],"attr":"cool","postal_code":"028-8332","address":"下閉伊郡普代村銅屋","voronoi":{"type":"Feature","geometry":{"type":"Polygon","coordinates":[[[141.841455,39.920536],[141.765263,39.968842],[141.848049,40.013732],[141.997453,40.029339],[141.841455,39.920536]]]},"properties":{}}},
    {"code":9920835,"id":6437,"name":"白井海岸","original_name":"白井海岸","name_kana":"しらいかいがん","closed":false,"lat":40.032628,"lng":141.883121,"prefecture":3,"lines":[99207,99208],"attr":"cool","postal_code":"028-8311","address":"下閉伊郡普代村白井","voronoi":{"type":"Feature","geometry":{"type":"Polygon","coordinates":[[[142.064859,40.238606],[142.12659,40.27076],[143.180421,40.639466],[141.997453,40.029339],[141.848049,40.013732],[141.975181,40.16972],[142.064859,40.238606]]]},"properties":{}}},
    {"code":9920836,"id":6438,"name":"堀内","original_name":"堀内","name_kana":"ほりない","closed":false,"lat":40.051895,"lng":141.859481,"prefecture":3,"lines":[99207,99208],"attr":"cool","postal_code":"028-8301","address":"下閉伊郡普代村馬場野","voronoi":{"type":"Feature","geometry":{"type":"Polygon","coordinates":[[[141.914397,40.131395],[141.975181,40.16972],[141.848049,40.013732],[141.765263,39.968842],[141.750303,39.974125],[141.887217,40.110036],[141.914397,40.131395]]]},"properties":{}}},
    {"code":9920837,"id":6439,"name":"野田玉川","original_name":"野田玉川","name_kana":"のだたまがわ","closed":false,"lat":40.082728,"lng":141.828874,"prefecture":3,"lines":[99207,99208],"attr":"cool","postal_code":"028-8202","address":"九戸郡野田村大字玉川","voronoi":{"type":"Feature","geometry":{"type":"Polygon","coordinates":[[[141.761806,40.068185],[141.678772,39.996413],[141.738479,39.976235],[141.750303,39.974125],[141.887217,40.110036],[141.761806,40.068185]]]},"properties":{}}},
    {"code":9920838,"id":9313,"name":"十府ヶ浦海岸","original_name":"十府ヶ浦海岸","name_kana":"とふがうらかいがん","closed":false,"lat":40.096833,"lng":141.824167,"prefecture":3,"lines":[99207,99208],"attr":"cool","postal_code":"028-8201","address":"岩手県九戸郡野田村大字野田第10地割中沼10-3","open_date":"2017-03-25","voronoi":{"type":"Feature","geometry":{"type":"Polygon","coordinates":[[[141.914397,40.131395],[141.887217,40.110036],[141.761806,40.068185],[141.789398,40.097834],[141.914397,40.131395]]]},"properties":{}}},
    {"code":9920839,"id":6440,"name":"陸中野田","original_name":"陸中野田","name_kana":"りくちゅうのだ","closed":false,"lat":40.116115,"lng":141.81899,"prefecture":3,"lines":[99207,99208],"attr":"heat","postal_code":"028-8201","address":"九戸郡野田村大字野田","voronoi":{"type":"Feature","geometry":{"type":"Polygon","coordinates":[[[141.789398,40.097834],[141.914397,40.131395],[141.975181,40.16972],[142.064859,40.238606],[141.823687,40.167322],[141.789398,40.097834]]]},"properties":{}}},
    {"code":9920840,"id":6441,"name":"陸中宇部","original_name":"陸中宇部","name_kana":"りくちゅううべ","closed":false,"lat":40.132441,"lng":141.785904,"prefecture":3,"lines":[99207,99208],"attr":"heat","postal_code":"028-8111","address":"久慈市宇部町","voronoi":{"type":"Feature","geometry":{"type":"Polygon","coordinates":[[[141.806486,40.168693],[141.542668,40.100346],[141.537157,40.032117],[141.616605,40.004857],[141.678772,39.996413],[141.761806,40.068185],[141.789398,40.097834],[141.823687,40.167322],[141.806486,40.168693]]]},"properties":{}}},
    {"code":1120625,"id":641,"name":"久慈","original_name":"久慈","name_kana":"くじ","closed":false,"lat":40.190391,"lng":141.770891,"prefecture":3,"lines":[11206,99207,99208],"attr":"heat","postal_code":"028-0061","address":"久慈市中央３","voronoi":{"type":"Feature","geometry":{"type":"Polygon","coordinates":[[[141.759948,40.225042],[141.538805,40.192904],[141.542668,40.100346],[141.806486,40.168693],[141.759948,40.225042]]]},"properties":{}}}
  ],
  "closed_date":"2019-03-23"
}