{
  "code":99208,
  "id":"1c51cd",
  "name":"三陸鉄道リアス線",
  "name_kana":"さんりくてつどうりあすせん",
  "station_size":41,
  "company_code":109,
  "closed":false,
  "color":"#FF0000",
  "station_list":[
    {"code":9920801,"id":"30420b","name":"盛","original_name":"盛","name_kana":"さかり","closed":false,"lat":39.086372,"lng":141.710734,"prefecture":3,"lines":[99208,99219],"attr":"eco","postal_code":"022-0003","address":"大船渡市盛町字東町裏","voronoi":{"type":"Feature","geometry":{"type":"Polygon","coordinates":[[[141.668621,39.064515],[141.735105,39.093221],[141.753281,39.124303],[141.73994,39.167198],[141.72929,39.170417],[141.629108,39.151614],[141.615442,39.146345],[141.642433,39.094257],[141.668621,39.064515]]]},"properties":{}}},
    {"code":9920802,"id":"da0f6d","name":"陸前赤崎","original_name":"陸前赤崎","name_kana":"りくぜんあかさき","closed":false,"lat":39.068623,"lng":141.741086,"prefecture":3,"lines":[99208,99219],"attr":"heat","postal_code":"022-0007","address":"大船渡市赤崎町字大洞","voronoi":{"type":"Feature","geometry":{"type":"Polygon","coordinates":[[[141.731585,39.084791],[141.729737,39.070923],[141.73313,39.05736],[141.743668,39.045004],[141.762825,39.032217],[141.774461,39.079336],[141.762258,39.111597],[141.753281,39.124303],[141.735105,39.093221],[141.731585,39.084791]]]},"properties":{}}},
    {"code":9920803,"id":"5e598e","name":"綾里","original_name":"綾里","name_kana":"りょうり","closed":false,"lat":39.054318,"lng":141.799012,"prefecture":3,"lines":[99208,99219],"attr":"heat","postal_code":"022-0211","address":"大船渡市三陸町綾里字宮野","voronoi":{"type":"Feature","geometry":{"type":"Polygon","coordinates":[[[142.110291,38.521634],[142.141042,38.491931],[142.310283,38.348002],[143.349603,37.740615],[141.794932,39.075376],[141.774461,39.079336],[141.762825,39.032217],[141.767119,39.011227],[141.773474,38.997072],[141.843235,38.878054],[142.010275,38.622506],[142.110291,38.521634]]]},"properties":{}}},
    {"code":9920804,"id":"7aa9de","name":"恋し浜","original_name":"恋し浜","name_kana":"こいしはま","closed":false,"lat":39.07453,"lng":141.816365,"prefecture":3,"lines":[99208,99219],"attr":"heat","postal_code":"022-0211","address":"岩手県大船渡市三陸町綾里字小石浜","voronoi":{"type":"Feature","geometry":{"type":"Polygon","coordinates":[[[146.599115,35.9028],[146.065512,36.129442],[143.349603,37.740615],[141.794932,39.075376],[141.843285,39.100481],[141.86241,39.103408],[142.152575,39.027575],[142.338594,38.962008],[145.019619,37.872436],[149.514356,35.886453],[150.83862,34.697293],[146.599115,35.9028]]]},"properties":{}}},
    {"code":9920805,"id":"40c3c3","name":"甫嶺","original_name":"甫嶺","name_kana":"ほれい","closed":false,"lat":39.093394,"lng":141.806571,"prefecture":3,"lines":[99208,99219],"attr":"heat","postal_code":"022-0101","address":"大船渡市三陸町越喜来字甫嶺","voronoi":{"type":"Feature","geometry":{"type":"Polygon","coordinates":[[[141.762258,39.111597],[141.774461,39.079336],[141.794932,39.075376],[141.843285,39.100481],[141.762258,39.111597]]]},"properties":{}}},
    {"code":9920806,"id":"e946dc","name":"三陸","original_name":"三陸","name_kana":"さんりく","closed":false,"lat":39.117194,"lng":141.809836,"prefecture":3,"lines":[99208,99219],"attr":"cool","postal_code":"022-0101","address":"大船渡市三陸町越喜来字肥田","voronoi":{"type":"Feature","geometry":{"type":"Polygon","coordinates":[[[141.767725,39.177491],[141.73994,39.167198],[141.753281,39.124303],[141.762258,39.111597],[141.843285,39.100481],[141.86241,39.103408],[141.767725,39.177491]]]},"properties":{}}},
    {"code":9920807,"id":"bef61f","name":"吉浜(岩手)","original_name":"吉浜","name_kana":"よしはま","closed":false,"lat":39.151122,"lng":141.836382,"prefecture":3,"lines":[99208,99219],"attr":"cool","postal_code":"022-0102","address":"大船渡市三陸町吉浜字上野","voronoi":{"type":"Feature","geometry":{"type":"Polygon","coordinates":[[[141.767725,39.177491],[141.789326,39.193981],[141.803499,39.198677],[142.152575,39.027575],[141.86241,39.103408],[141.767725,39.177491]]]},"properties":{}}},
    {"code":9920808,"id":"f810dd","name":"唐丹","original_name":"唐丹","name_kana":"とうに","closed":false,"lat":39.201816,"lng":141.86123,"prefecture":3,"lines":[99208,99219],"attr":"eco","postal_code":"026-0121","address":"釜石市唐丹町字片岸","voronoi":{"type":"Feature","geometry":{"type":"Polygon","coordinates":[[[141.85359,39.235001],[141.827198,39.224589],[141.803499,39.198677],[142.152575,39.027575],[142.338594,38.962008],[141.85359,39.235001]]]},"properties":{}}},
    {"code":9920809,"id":"21c840","name":"平田(岩手)","original_name":"平田","name_kana":"へいた","closed":false,"lat":39.245686,"lng":141.885923,"prefecture":3,"lines":[99208,99219],"attr":"eco","postal_code":"026-0001","address":"釜石市平田町４地割","voronoi":{"type":"Feature","geometry":{"type":"Polygon","coordinates":[[[142.715556,38.965756],[145.019619,37.872436],[142.338594,38.962008],[141.85359,39.235001],[141.859248,39.249889],[141.91282,39.27558],[141.997793,39.271236],[142.715556,38.965756]]]},"properties":{}}},
    {"code":1120924,"id":"fb88bc","name":"釜石","original_name":"釜石","name_kana":"かまいし","closed":false,"lat":39.273321,"lng":141.87267,"prefecture":3,"lines":[11209,99208,99219],"attr":"eco","postal_code":"026-0031","address":"釜石市鈴子町","voronoi":{"type":"Feature","geometry":{"type":"Polygon","coordinates":[[[141.845103,39.307629],[141.91282,39.27558],[141.859248,39.249889],[141.845103,39.307629]]]},"properties":{}}},
    {"code":9920811,"id":"91e0af","name":"両石","original_name":"両石","name_kana":"りょういし","closed":false,"lat":39.308062,"lng":141.889112,"prefecture":3,"lines":[99208],"attr":"cool","postal_code":"026-0304","address":"釜石市両石町","open_date":"1951-07-23","voronoi":{"type":"Feature","geometry":{"type":"Polygon","coordinates":[[[141.997793,39.271236],[141.91282,39.27558],[141.845103,39.307629],[141.839373,39.314542],[141.936745,39.320402],[141.997793,39.271236]]]},"properties":{}}},
    {"code":9920812,"id":"122e6a","name":"鵜住居","original_name":"鵜住居","name_kana":"うのすまい","closed":false,"lat":39.32694,"lng":141.887976,"prefecture":3,"lines":[99208],"attr":"cool","postal_code":"026-0301","address":"釜石市鵜住居町","open_date":"1939-09-17","voronoi":{"type":"Feature","geometry":{"type":"Polygon","coordinates":[[[141.839373,39.314542],[141.799049,39.347757],[141.787105,39.362413],[141.776405,39.401436],[141.935653,39.3217],[141.936745,39.320402],[141.839373,39.314542]]]},"properties":{}}},
    {"code":9920813,"id":"3f97eb","name":"大槌","original_name":"大槌","name_kana":"おおつち","closed":false,"lat":39.356734,"lng":141.902894,"prefecture":3,"lines":[99208],"attr":"cool","postal_code":"028-1116","address":"上閉伊郡大槌町本町","open_date":"1938-04-05","voronoi":{"type":"Feature","geometry":{"type":"Polygon","coordinates":[[[141.860416,39.440537],[141.825741,39.456341],[141.797154,39.459859],[141.760525,39.439836],[141.776405,39.401436],[141.935653,39.3217],[141.917706,39.371689],[141.860416,39.440537]]]},"properties":{}}},
    {"code":9920814,"id":"fac18f","name":"吉里吉里","original_name":"吉里吉里","name_kana":"きりきり","closed":false,"lat":39.36957,"lng":141.938648,"prefecture":3,"lines":[99208],"attr":"cool","postal_code":"028-1101","address":"上閉伊郡大槌町吉里吉里","open_date":"1938-04-05","voronoi":{"type":"Feature","geometry":{"type":"Polygon","coordinates":[[[141.917706,39.371689],[141.935653,39.3217],[141.936745,39.320402],[141.997793,39.271236],[142.715556,38.965756],[141.979306,39.38732],[141.917706,39.371689]]]},"properties":{}}},
    {"code":9920815,"id":"5a4a02","name":"浪板海岸","original_name":"浪板海岸","name_kana":"なみいたかいがん","closed":false,"lat":39.383537,"lng":141.935104,"prefecture":3,"lines":[99208],"attr":"cool","postal_code":"028-1101","address":"上閉伊郡大槌町吉里吉里10","open_date":"1961-12-20","voronoi":{"type":"Feature","geometry":{"type":"Polygon","coordinates":[[[141.860416,39.440537],[141.891689,39.434107],[141.938157,39.42081],[141.979306,39.38732],[141.917706,39.371689],[141.860416,39.440537]]]},"properties":{}}},
    {"code":9920816,"id":"540970","name":"岩手船越","original_name":"岩手船越","name_kana":"いわてふなこし","closed":false,"lat":39.431369,"lng":141.974033,"prefecture":3,"lines":[99208],"attr":"cool","postal_code":"028-1371","address":"下閉伊郡山田町船越","open_date":"1936-11-10","voronoi":{"type":"Feature","geometry":{"type":"Polygon","coordinates":[[[146.005674,39.188776],[149.514356,35.886453],[145.019619,37.872436],[142.715556,38.965756],[141.979306,39.38732],[141.938157,39.42081],[142.012725,39.482437],[142.093213,39.538889],[143.177839,39.610185],[145.39621,39.659331],[145.780486,39.366902],[146.005674,39.188776]]]},"properties":{}}},
    {"code":9920817,"id":"c371d7","name":"織笠","original_name":"織笠","name_kana":"おりかさ","closed":false,"lat":39.454055,"lng":141.955284,"prefecture":3,"lines":[99208],"attr":"cool","postal_code":"028-1361","address":"下閉伊郡山田町織笠","open_date":"1936-11-10","voronoi":{"type":"Feature","geometry":{"type":"Polygon","coordinates":[[[141.891689,39.434107],[142.012725,39.482437],[141.938157,39.42081],[141.891689,39.434107]]]},"properties":{}}},
    {"code":9920818,"id":"03f097","name":"陸中山田","original_name":"陸中山田","name_kana":"りくちゅうやまだ","closed":false,"lat":39.463449,"lng":141.951533,"prefecture":3,"lines":[99208],"attr":"eco","postal_code":"028-1342","address":"下閉伊郡山田町川向町","open_date":"1935-11-17","voronoi":{"type":"Feature","geometry":{"type":"Polygon","coordinates":[[[142.086694,39.539259],[142.065272,39.53673],[142.012303,39.52692],[141.825741,39.456341],[141.860416,39.440537],[141.891689,39.434107],[142.012725,39.482437],[142.093213,39.538889],[142.086694,39.539259]]]},"properties":{}}},
    {"code":9920819,"id":"1eaa39","name":"豊間根","original_name":"豊間根","name_kana":"とよまね","closed":false,"lat":39.534274,"lng":141.924739,"prefecture":3,"lines":[99208],"attr":"eco","postal_code":"028-1302","address":"下閉伊郡山田町豊間根","open_date":"1935-11-17","voronoi":{"type":"Feature","geometry":{"type":"Polygon","coordinates":[[[141.853033,39.555819],[141.867952,39.565681],[142.012303,39.52692],[141.825741,39.456341],[141.797154,39.459859],[141.826871,39.526387],[141.837425,39.541722],[141.853033,39.555819]]]},"properties":{}}},
    {"code":9920820,"id":"13d0e8","name":"払川","original_name":"払川","name_kana":"はらいかわ","closed":false,"lat":39.564417,"lng":141.932833,"prefecture":3,"lines":[99208],"attr":"eco","postal_code":"027-0203","address":"宮古市津軽石第13地割336番3","open_date":"2019-03-23","voronoi":{"type":"Feature","geometry":{"type":"Polygon","coordinates":[[[141.887009,39.586391],[141.867952,39.565681],[142.012303,39.52692],[142.065272,39.53673],[141.887009,39.586391]]]},"properties":{}}},
    {"code":9920821,"id":"d2b9ef","name":"津軽石","original_name":"津軽石","name_kana":"つがるいし","closed":false,"lat":39.581507,"lng":141.937594,"prefecture":3,"lines":[99208],"attr":"eco","postal_code":"027-0203","address":"宮古市大字津軽石5-60","open_date":"1935-11-17","voronoi":{"type":"Feature","geometry":{"type":"Polygon","coordinates":[[[141.887009,39.586391],[141.888531,39.588774],[141.92156,39.605173],[141.977214,39.592193],[142.086694,39.539259],[142.065272,39.53673],[141.887009,39.586391]]]},"properties":{}}},
    {"code":9920822,"id":"8610ac","name":"八木沢・宮古短大","original_name":"八木沢・宮古短大","name_kana":"やぎさわ・みやこたんだい","closed":false,"lat":39.619304,"lng":141.946409,"prefecture":3,"lines":[99208],"attr":"eco","postal_code":"027-0031","address":"宮古市八木沢第一地割1番3","open_date":"2019-03-23","voronoi":{"type":"Feature","geometry":{"type":"Polygon","coordinates":[[[141.930327,39.628202],[141.92156,39.605173],[141.977214,39.592193],[141.949926,39.629788],[141.933655,39.629823],[141.930327,39.628202]]]},"properties":{}}},
    {"code":9920823,"id":"5d2474","name":"磯鶏","original_name":"磯鶏","name_kana":"そけい","closed":false,"lat":39.629883,"lng":141.960984,"prefecture":3,"lines":[99208],"attr":"eco","postal_code":"027-0024","address":"宮古市磯鶏石崎13","open_date":"1935-11-17","voronoi":{"type":"Feature","geometry":{"type":"Polygon","coordinates":[[[142.086694,39.539259],[141.977214,39.592193],[141.949926,39.629788],[141.975972,39.666163],[142.015885,39.679005],[142.040249,39.678151],[143.177839,39.610185],[142.093213,39.538889],[142.086694,39.539259]]]},"properties":{}}},
    {"code":1121318,"id":"805656","name":"宮古","original_name":"宮古","name_kana":"みやこ","closed":false,"lat":39.640287,"lng":141.946454,"prefecture":3,"lines":[11213,99207,99208],"attr":"eco","postal_code":"027-0076","address":"宮古市栄町","open_date":"1934-11-06","voronoi":{"type":"Feature","geometry":{"type":"Polygon","coordinates":[[[141.949317,39.663981],[141.933655,39.629823],[141.949926,39.629788],[141.975972,39.666163],[141.949317,39.663981]]]},"properties":{}}},
    {"code":9920825,"id":"b6b836","name":"山口団地","original_name":"山口団地","name_kana":"やまぐちだんち","closed":false,"lat":39.64635,"lng":141.933231,"prefecture":3,"lines":[99207,99208],"attr":"eco","postal_code":"027-0063","address":"岩手県宮古市山口三丁目","open_date":"2010-10-16","voronoi":{"type":"Feature","geometry":{"type":"Polygon","coordinates":[[[141.89806,39.675876],[141.930327,39.628202],[141.933655,39.629823],[141.949317,39.663981],[141.89806,39.675876]]]},"properties":{}}},
    {"code":9920826,"id":"40b59b","name":"一の渡","original_name":"一の渡","name_kana":"いちのわたり","closed":false,"lat":39.686895,"lng":141.94264,"prefecture":3,"lines":[99207,99208],"attr":"eco","postal_code":"027-0097","address":"宮古市崎山","voronoi":{"type":"Feature","geometry":{"type":"Polygon","coordinates":[[[141.89806,39.675876],[141.949317,39.663981],[141.975972,39.666163],[142.015885,39.679005],[141.961878,39.705335],[141.884461,39.683703],[141.884801,39.683214],[141.89806,39.675876]]]},"properties":{}}},
    {"code":9920827,"id":"dd1c5e","name":"佐羽根","original_name":"佐羽根","name_kana":"さばね","closed":false,"lat":39.711131,"lng":141.935868,"prefecture":3,"lines":[99207,99208],"attr":"eco","postal_code":"027-0067","address":"宮古市大字田代","voronoi":{"type":"Feature","geometry":{"type":"Polygon","coordinates":[[[141.884461,39.683703],[141.846559,39.718635],[141.827806,39.740874],[141.865292,39.782702],[141.915762,39.769194],[141.961878,39.705335],[141.884461,39.683703]]]},"properties":{}}},
    {"code":9920828,"id":"03bf08","name":"田老","original_name":"田老","name_kana":"たろう","closed":false,"lat":39.731848,"lng":141.964556,"prefecture":3,"lines":[99207,99208],"attr":"eco","postal_code":"027-0351","address":"宮古市田老小林","voronoi":{"type":"Feature","geometry":{"type":"Polygon","coordinates":[[[141.915762,39.769194],[141.91829,39.769271],[142.040249,39.678151],[142.015885,39.679005],[141.961878,39.705335],[141.915762,39.769194]]]},"properties":{}}},
    {"code":9920829,"id":"f52e8c","name":"新田老","original_name":"新田老","name_kana":"しんたろう","closed":false,"lat":39.735514,"lng":141.967295,"prefecture":3,"lines":[99208],"attr":"eco","postal_code":"027-0307","address":"岩手県宮古市田老１丁目３-６","voronoi":{"type":"Feature","geometry":{"type":"Polygon","coordinates":[[[144.82605,39.970348],[141.91829,39.769271],[142.040249,39.678151],[143.177839,39.610185],[145.39621,39.659331],[145.20919,39.815219],[144.82605,39.970348]]]},"properties":{}}},
    {"code":9920830,"id":"d13f6c","name":"摂待","original_name":"摂待","name_kana":"せったい","closed":false,"lat":39.809453,"lng":141.962182,"prefecture":3,"lines":[99207,99208],"attr":"eco","postal_code":"027-0384","address":"宮古市田老摂待","voronoi":{"type":"Feature","geometry":{"type":"Polygon","coordinates":[[[141.91829,39.769271],[141.915762,39.769194],[141.865292,39.782702],[141.872076,39.816198],[144.493527,40.11001],[144.82605,39.970348],[141.91829,39.769271]]]},"properties":{}}},
    {"code":9920831,"id":"2fd21e","name":"岩泉小本","original_name":"岩泉小本","name_kana":"いわいずみおもと","closed":false,"lat":39.842724,"lng":141.958453,"prefecture":3,"lines":[99207,99208],"attr":"eco","postal_code":"027-0421","address":"下閉伊郡岩泉町小本","voronoi":{"type":"Feature","geometry":{"type":"Polygon","coordinates":[[[141.872076,39.816198],[141.872661,39.859585],[143.875238,40.374485],[144.493527,40.11001],[141.872076,39.816198]]]},"properties":{}}},
    {"code":9920832,"id":"7ca601","name":"島越","original_name":"島越","name_kana":"しまのこし","closed":false,"lat":39.915737,"lng":141.93968,"prefecture":3,"lines":[99207,99208],"attr":"eco","postal_code":"028-8404","address":"下閉伊郡田野畑村松前沢","voronoi":{"type":"Feature","geometry":{"type":"Polygon","coordinates":[[[143.665521,40.468932],[141.854431,39.899102],[141.872661,39.859585],[143.875238,40.374485],[143.665521,40.468932]]]},"properties":{}}},
    {"code":9920833,"id":"c028b0","name":"田野畑","original_name":"田野畑","name_kana":"たのはた","closed":false,"lat":39.934276,"lng":141.933847,"prefecture":3,"lines":[99207,99208],"attr":"eco","postal_code":"028-8407","address":"下閉伊郡田野畑村和野","voronoi":{"type":"Feature","geometry":{"type":"Polygon","coordinates":[[[143.665521,40.468932],[141.854431,39.899102],[141.841455,39.920536],[141.997453,40.029339],[143.180421,40.639466],[143.240456,40.663111],[143.665521,40.468932]]]},"properties":{}}},
    {"code":9920834,"id":"c00464","name":"普代","original_name":"普代","name_kana":"ふだい","closed":false,"lat":40.002492,"lng":141.886269,"prefecture":3,"lines":[99207,99208],"attr":"cool","postal_code":"028-8332","address":"下閉伊郡普代村銅屋","voronoi":{"type":"Feature","geometry":{"type":"Polygon","coordinates":[[[141.841455,39.920536],[141.765263,39.968842],[141.848049,40.013732],[141.997453,40.029339],[141.841455,39.920536]]]},"properties":{}}},
    {"code":9920835,"id":"f1262a","name":"白井海岸","original_name":"白井海岸","name_kana":"しらいかいがん","closed":false,"lat":40.032628,"lng":141.883121,"prefecture":3,"lines":[99207,99208],"attr":"cool","postal_code":"028-8311","address":"下閉伊郡普代村白井","voronoi":{"type":"Feature","geometry":{"type":"Polygon","coordinates":[[[142.064859,40.238606],[142.12659,40.27076],[143.180421,40.639466],[141.997453,40.029339],[141.848049,40.013732],[141.975181,40.16972],[142.064859,40.238606]]]},"properties":{}}},
    {"code":9920836,"id":"c74f12","name":"堀内","original_name":"堀内","name_kana":"ほりない","closed":false,"lat":40.051895,"lng":141.859481,"prefecture":3,"lines":[99207,99208],"attr":"cool","postal_code":"028-8301","address":"下閉伊郡普代村馬場野","voronoi":{"type":"Feature","geometry":{"type":"Polygon","coordinates":[[[141.914454,40.131431],[141.975181,40.16972],[141.848049,40.013732],[141.765263,39.968842],[141.750303,39.974125],[141.887189,40.110007],[141.914454,40.131431]]]},"properties":{}}},
    {"code":9920837,"id":"e6ac89","name":"野田玉川","original_name":"野田玉川","name_kana":"のだたまがわ","closed":false,"lat":40.082728,"lng":141.828874,"prefecture":3,"lines":[99207,99208],"attr":"cool","postal_code":"028-8202","address":"九戸郡野田村大字玉川","voronoi":{"type":"Feature","geometry":{"type":"Polygon","coordinates":[[[141.761844,40.068217],[141.678772,39.996413],[141.738479,39.976235],[141.750303,39.974125],[141.887189,40.110007],[141.761844,40.068217]]]},"properties":{}}},
    {"code":9920838,"id":"176d79","name":"十府ヶ浦海岸","original_name":"十府ヶ浦海岸","name_kana":"とふがうらかいがん","closed":false,"lat":40.096834,"lng":141.824171,"prefecture":3,"lines":[99207,99208],"attr":"cool","postal_code":"028-8201","address":"岩手県九戸郡野田村大字野田第10地割中沼10-3","open_date":"2017-03-25","voronoi":{"type":"Feature","geometry":{"type":"Polygon","coordinates":[[[141.761844,40.068217],[141.887189,40.110007],[141.914454,40.131431],[141.789394,40.097826],[141.761844,40.068217]]]},"properties":{}}},
    {"code":9920839,"id":"dfe7dc","name":"陸中野田","original_name":"陸中野田","name_kana":"りくちゅうのだ","closed":false,"lat":40.116115,"lng":141.81899,"prefecture":3,"lines":[99207,99208],"attr":"heat","postal_code":"028-8201","address":"九戸郡野田村大字野田","voronoi":{"type":"Feature","geometry":{"type":"Polygon","coordinates":[[[141.789394,40.097826],[141.914454,40.131431],[141.975181,40.16972],[142.064859,40.238606],[141.823687,40.167322],[141.789394,40.097826]]]},"properties":{}}},
    {"code":9920840,"id":"1531a9","name":"陸中宇部","original_name":"陸中宇部","name_kana":"りくちゅううべ","closed":false,"lat":40.132441,"lng":141.785904,"prefecture":3,"lines":[99207,99208],"attr":"heat","postal_code":"028-8111","address":"久慈市宇部町","voronoi":{"type":"Feature","geometry":{"type":"Polygon","coordinates":[[[141.806486,40.168693],[141.542668,40.100346],[141.537157,40.032117],[141.616605,40.004857],[141.678772,39.996413],[141.761844,40.068217],[141.789394,40.097826],[141.823687,40.167322],[141.806486,40.168693]]]},"properties":{}}},
    {"code":1120625,"id":"083ed1","name":"久慈","original_name":"久慈","name_kana":"くじ","closed":false,"lat":40.190391,"lng":141.770891,"prefecture":3,"lines":[11206,99207,99208],"attr":"heat","postal_code":"028-0061","address":"久慈市中央３","voronoi":{"type":"Feature","geometry":{"type":"Polygon","coordinates":[[[141.759948,40.225042],[141.538805,40.192904],[141.542668,40.100346],[141.806486,40.168693],[141.759948,40.225042]]]},"properties":{}}}
  ]
}