{
  "code":99203,
  "id":366,
  "name":"弘南鉄道大鰐線",
  "name_kana":"こうなんてつどうおおわにせん",
  "station_size":14,
  "company_code":105,
  "closed":false,
  "station_list":[
    {"code":9920301,"id":6384,"name":"大鰐","original_name":"大鰐","name_kana":"おおわに","closed":false,"lat":40.52182,"lng":140.566822,"prefecture":2,"lines":[99203],"attr":"heat","postal_code":"038-0211","address":"南津軽郡大鰐町大字大鰐字前田３４-８","voronoi":{"type":"Feature","geometry":{"type":"Polygon","coordinates":[[[140.590803,40.555886],[140.586397,40.528097],[140.560826,40.519695],[140.566587,40.535705],[140.578587,40.547995],[140.588564,40.555681],[140.590803,40.555886]]]},"properties":{}}},
    {"code":9920302,"id":6385,"name":"宿川原","original_name":"宿川原","name_kana":"しゅくがわら","closed":false,"lat":40.525153,"lng":140.557559,"prefecture":2,"lines":[99203],"attr":"heat","postal_code":"038-0231","address":"南津軽郡大鰐町大字宿川原川崎１３５-１３","voronoi":{"type":"Feature","geometry":{"type":"Polygon","coordinates":[[[140.512331,40.510494],[140.496785,40.49093],[140.454546,40.41904],[140.457142,40.417916],[140.465758,40.415805],[140.530613,40.441464],[140.560826,40.519695],[140.566587,40.535705],[140.512331,40.510494]]]},"properties":{}}},
    {"code":9920303,"id":6386,"name":"鯖石","original_name":"鯖石","name_kana":"さばいし","closed":false,"lat":40.53561,"lng":140.5527,"prefecture":2,"lines":[99203],"attr":"heat","postal_code":"038-0200","address":"南津軽郡大鰐町大字小金崎字桜ノ木３-４","voronoi":{"type":"Feature","geometry":{"type":"Polygon","coordinates":[[[140.512331,40.510494],[140.513832,40.512943],[140.525214,40.527155],[140.534662,40.534146],[140.578587,40.547995],[140.566587,40.535705],[140.512331,40.510494]]]},"properties":{}}},
    {"code":9920304,"id":6387,"name":"石川プール前","original_name":"石川プール前","name_kana":"いしかわぷーるまえ","closed":false,"lat":40.543292,"lng":140.550278,"prefecture":2,"lines":[99203],"attr":"heat","postal_code":"036-8123","address":"弘前市大字小金崎字村元６０-５","voronoi":{"type":"Feature","geometry":{"type":"Polygon","coordinates":[[[140.578587,40.547995],[140.534662,40.534146],[140.559569,40.563161],[140.588564,40.555681],[140.578587,40.547995]]]},"properties":{}}},
    {"code":9920305,"id":6388,"name":"石川(弘南鉄道)","original_name":"石川","name_kana":"いしかわ","closed":false,"lat":40.550967,"lng":140.541337,"prefecture":2,"lines":[99203],"attr":"heat","postal_code":"036-8124","address":"青森県弘前市大字石川字大仏下36","voronoi":{"type":"Feature","geometry":{"type":"Polygon","coordinates":[[[140.549767,40.56883],[140.543359,40.56832],[140.53005,40.540971],[140.525214,40.527155],[140.534662,40.534146],[140.559569,40.563161],[140.549767,40.56883]]]},"properties":{}}},
    {"code":9920306,"id":6389,"name":"義塾高校前","original_name":"義塾高校前","name_kana":"ぎじゅくこうこうまえ","closed":false,"lat":40.555824,"lng":140.527461,"prefecture":2,"lines":[99203],"attr":"heat","postal_code":"036-8124","address":"弘前市石川大字野崎６９-２","voronoi":{"type":"Feature","geometry":{"type":"Polygon","coordinates":[[[140.528282,40.57229],[140.53005,40.540971],[140.525214,40.527155],[140.513832,40.512943],[140.524699,40.571881],[140.527556,40.572566],[140.528282,40.57229]]]},"properties":{}}},
    {"code":9920307,"id":6390,"name":"津軽大沢","original_name":"津軽大沢","name_kana":"つがるおおさわ","closed":false,"lat":40.557865,"lng":140.516392,"prefecture":2,"lines":[99203],"attr":"heat","postal_code":"036-8125","address":"弘前市大字大沢字稲元１-１","voronoi":{"type":"Feature","geometry":{"type":"Polygon","coordinates":[[[140.496785,40.49093],[140.508795,40.573338],[140.509562,40.573666],[140.524699,40.571881],[140.513832,40.512943],[140.512331,40.510494],[140.496785,40.49093]]]},"properties":{}}},
    {"code":9920308,"id":6391,"name":"松木平","original_name":"松木平","name_kana":"まつきたい","closed":false,"lat":40.560677,"lng":140.497097,"prefecture":2,"lines":[99203],"attr":"cool","postal_code":"036-8127","address":"弘前市大字小栗山字長田３１-３","voronoi":{"type":"Feature","geometry":{"type":"Polygon","coordinates":[[[140.442919,40.421031],[140.496513,40.575797],[140.508795,40.573338],[140.496785,40.49093],[140.454546,40.41904],[140.442919,40.421031]]]},"properties":{}}},
    {"code":9920309,"id":6392,"name":"小栗山","original_name":"小栗山","name_kana":"こぐりやま","closed":false,"lat":40.564276,"lng":140.486704,"prefecture":2,"lines":[99203],"attr":"cool","postal_code":"036-8127","address":"弘前市大字小栗山字川合２１","voronoi":{"type":"Feature","geometry":{"type":"Polygon","coordinates":[[[140.442919,40.421031],[140.415144,40.42474],[140.489469,40.578168],[140.49319,40.577926],[140.496513,40.575797],[140.442919,40.421031]]]},"properties":{}}},
    {"code":9920310,"id":6393,"name":"千年","original_name":"千年","name_kana":"ちとせ","closed":false,"lat":40.567387,"lng":140.480282,"prefecture":2,"lines":[99203],"attr":"cool","postal_code":"036-8142","address":"弘前市大字松原西３-３-８","voronoi":{"type":"Feature","geometry":{"type":"Polygon","coordinates":[[[140.485694,40.579417],[140.309389,40.443043],[140.353453,40.431556],[140.415144,40.42474],[140.489469,40.578168],[140.485694,40.579417]]]},"properties":{}}},
    {"code":9920311,"id":6394,"name":"聖愛中高前","original_name":"聖愛中高前","name_kana":"せいあいちゅうこうまえ","closed":false,"lat":40.577202,"lng":140.47269,"prefecture":2,"lines":[99203],"attr":"cool","postal_code":"036-8155","address":"青森県弘前市大字中野3-5-11","voronoi":{"type":"Feature","geometry":{"type":"Polygon","coordinates":[[[140.309389,40.443043],[140.264011,40.45346],[140.250832,40.462024],[140.233004,40.501411],[140.481708,40.583599],[140.485694,40.579417],[140.309389,40.443043]]]},"properties":{}}},
    {"code":9920312,"id":6395,"name":"弘前学院大前","original_name":"弘前学院大前","name_kana":"ひろさきがくいんだいまえ","closed":false,"lat":40.583363,"lng":140.470654,"prefecture":2,"lines":[99203],"attr":"eco","postal_code":"036-8155","address":"青森県弘前市大字中野1-13-1","voronoi":{"type":"Feature","geometry":{"type":"Polygon","coordinates":[[[140.478285,40.590445],[140.481708,40.583599],[140.233004,40.501411],[140.22856,40.510902],[140.237126,40.529827],[140.478285,40.590445]]]},"properties":{}}},
    {"code":9920313,"id":6396,"name":"弘高下","original_name":"弘高下","name_kana":"ひろこうした","closed":false,"lat":40.593078,"lng":140.468212,"prefecture":2,"lines":[99203],"attr":"eco","postal_code":"036-8222","address":"弘前市大字桜林町９-７","voronoi":{"type":"Feature","geometry":{"type":"Polygon","coordinates":[[[140.245837,40.550195],[140.237126,40.529827],[140.478285,40.590445],[140.478298,40.590788],[140.401589,40.641257],[140.329749,40.636825],[140.30229,40.618024],[140.272462,40.586385],[140.245837,40.550195]]]},"properties":{}}},
    {"code":9920314,"id":6397,"name":"中央弘前","original_name":"中央弘前","name_kana":"ちゅうおうひろさき","closed":false,"lat":40.599144,"lng":140.472203,"prefecture":2,"lines":[99203],"attr":"eco","postal_code":"036-8188","address":"弘前市大字吉野町１-６","voronoi":{"type":"Feature","geometry":{"type":"Polygon","coordinates":[[[140.477751,40.618433],[140.4598,40.639025],[140.420439,40.643259],[140.401589,40.641257],[140.478298,40.590788],[140.478932,40.592301],[140.477751,40.618433]]]},"properties":{}}}
  ]
}