{
  "code":99202,
  "id":"413cdd",
  "name":"弘南鉄道弘南線",
  "name_kana":"こうなんてつどうこうなんせん",
  "station_size":13,
  "company_code":105,
  "closed":false,
  "station_list":[
    {"code":1120258,"id":"e0e87e","name":"弘前","original_name":"弘前","name_kana":"ひろさき","closed":false,"lat":40.599723,"lng":140.485016,"prefecture":2,"lines":[11202,99202],"attr":"eco","postal_code":"036-8096","address":"弘前市表町","voronoi":{"type":"Feature","geometry":{"type":"Polygon","coordinates":[[[140.497687,40.601178],[140.50009,40.605387],[140.477751,40.618433],[140.478932,40.592301],[140.497687,40.601178]]]},"properties":{}}},
    {"code":9920202,"id":"a9df15","name":"弘前東高前","original_name":"弘前東高前","name_kana":"ひろさきひがしこうまえ","closed":false,"lat":40.592301,"lng":140.488529,"prefecture":2,"lines":[99202],"attr":"eco","postal_code":"036-8103","address":"弘前市大字川先４-１１-１","voronoi":{"type":"Feature","geometry":{"type":"Polygon","coordinates":[[[140.481708,40.583599],[140.478285,40.590445],[140.478298,40.590788],[140.478932,40.592301],[140.497687,40.601178],[140.49319,40.577926],[140.489469,40.578168],[140.485694,40.579417],[140.481708,40.583599]]]},"properties":{}}},
    {"code":9920203,"id":"c0d35d","name":"運動公園前(青森)","original_name":"運動公園前","name_kana":"うんどうこうえんまえ","closed":false,"lat":40.589527,"lng":140.502875,"prefecture":2,"lines":[99202],"attr":"eco","postal_code":"036-8102","address":"弘前市大字小比内字富田９１-３","voronoi":{"type":"Feature","geometry":{"type":"Polygon","coordinates":[[[140.49319,40.577926],[140.496513,40.575797],[140.508795,40.573338],[140.509562,40.573666],[140.513723,40.607643],[140.50009,40.605387],[140.497687,40.601178],[140.49319,40.577926]]]},"properties":{}}},
    {"code":9920204,"id":"ce9e50","name":"新里(青森)","original_name":"新里","name_kana":"にさと","closed":false,"lat":40.587445,"lng":140.519879,"prefecture":2,"lines":[99202],"attr":"eco","postal_code":"036-8083","address":"弘前市大字新里字東里見１４-２","voronoi":{"type":"Feature","geometry":{"type":"Polygon","coordinates":[[[140.527905,40.61697],[140.513723,40.607643],[140.509562,40.573666],[140.524699,40.571881],[140.527556,40.572566],[140.533014,40.616841],[140.527905,40.61697]]]},"properties":{}}},
    {"code":9920205,"id":"05dfc1","name":"館田","original_name":"館田","name_kana":"たちた","closed":false,"lat":40.585135,"lng":140.538617,"prefecture":2,"lines":[99202],"attr":"eco","postal_code":"036-0155","address":"平川市館田中前田９８-４","voronoi":{"type":"Feature","geometry":{"type":"Polygon","coordinates":[[[140.527556,40.572566],[140.528282,40.57229],[140.543359,40.56832],[140.549767,40.56883],[140.549877,40.595987],[140.535817,40.617624],[140.533014,40.616841],[140.527556,40.572566]]]},"properties":{}}},
    {"code":9920206,"id":"b4af63","name":"平賀","original_name":"平賀","name_kana":"ひらか","closed":false,"lat":40.585044,"lng":140.561048,"prefecture":2,"lines":[99202],"attr":"eco","postal_code":"036-0103","address":"平川市本町北柳田２３-５","voronoi":{"type":"Feature","geometry":{"type":"Polygon","coordinates":[[[140.549877,40.595987],[140.549767,40.56883],[140.559569,40.563161],[140.588564,40.555681],[140.590803,40.555886],[140.619095,40.573123],[140.590657,40.587941],[140.549877,40.595987]]]},"properties":{}}},
    {"code":9920207,"id":"ad46ab","name":"柏農高校前","original_name":"柏農高校前","name_kana":"はくのうこうこうまえ","closed":false,"lat":40.601867,"lng":140.564367,"prefecture":2,"lines":[99202],"attr":"eco","postal_code":"036-0112","address":"平川市荒田南岡部７４-５","voronoi":{"type":"Feature","geometry":{"type":"Polygon","coordinates":[[[140.549877,40.595987],[140.535817,40.617624],[140.542723,40.624223],[140.552293,40.622438],[140.556648,40.621097],[140.590657,40.587941],[140.549877,40.595987]]]},"properties":{}}},
    {"code":9920208,"id":"07efe1","name":"津軽尾上","original_name":"津軽尾上","name_kana":"つがるおのえ","closed":false,"lat":40.613869,"lng":140.576068,"prefecture":2,"lines":[99202],"attr":"heat","postal_code":"036-0221","address":"平川市中佐渡南田１８-２","voronoi":{"type":"Feature","geometry":{"type":"Polygon","coordinates":[[[140.619095,40.573123],[140.590657,40.587941],[140.556648,40.621097],[140.56081,40.621589],[140.611746,40.618858],[140.678969,40.589653],[140.619095,40.573123]]]},"properties":{}}},
    {"code":9920209,"id":"58dec1","name":"尾上高校前","original_name":"尾上高校前","name_kana":"おのえこうこうまえ","closed":false,"lat":40.627634,"lng":140.576806,"prefecture":2,"lines":[99202],"attr":"heat","postal_code":"036-0242","address":"平川市猿賀上川５０-３","voronoi":{"type":"Feature","geometry":{"type":"Polygon","coordinates":[[[140.56081,40.621589],[140.611746,40.618858],[140.586098,40.636494],[140.56081,40.621589]]]},"properties":{}}},
    {"code":9920213,"id":"ab2efb","name":"田んぼアート","original_name":"田んぼアート","name_kana":"たんぼあーと","closed":false,"lat":40.632656,"lng":140.573846,"prefecture":2,"lines":[99202],"attr":"heat","postal_code":"038-1100","address":"青森県南津軽郡田舎館村","open_date":"2013-07-27","voronoi":{"type":"Feature","geometry":{"type":"Polygon","coordinates":[[[140.583215,40.639656],[140.580453,40.639975],[140.552293,40.622438],[140.556648,40.621097],[140.56081,40.621589],[140.586098,40.636494],[140.583215,40.639656]]]},"properties":{}}},
    {"code":9920210,"id":"1f7736","name":"田舎館","original_name":"田舎館","name_kana":"いなかだて","closed":false,"lat":40.637274,"lng":140.57097,"prefecture":2,"lines":[99202],"attr":"cool","postal_code":"038-1111","address":"南津軽郡田舎館村大字高樋字深山林１０-７","voronoi":{"type":"Feature","geometry":{"type":"Polygon","coordinates":[[[140.542723,40.624223],[140.546791,40.645267],[140.553831,40.651063],[140.580453,40.639975],[140.552293,40.622438],[140.542723,40.624223]]]},"properties":{}}},
    {"code":9920211,"id":"b60f9b","name":"境松","original_name":"境松","name_kana":"さかいまつ","closed":false,"lat":40.648609,"lng":140.575691,"prefecture":2,"lines":[99202],"attr":"cool","postal_code":"036-0389","address":"黒石市境松２-４６","voronoi":{"type":"Feature","geometry":{"type":"Polygon","coordinates":[[[140.583215,40.639656],[140.580453,40.639975],[140.553831,40.651063],[140.573449,40.679791],[140.583898,40.678948],[140.583215,40.639656]]]},"properties":{}}},
    {"code":9920212,"id":"6311a9","name":"黒石(青森)","original_name":"黒石","name_kana":"くろいし","closed":false,"lat":40.648342,"lng":140.591045,"prefecture":2,"lines":[99202],"attr":"cool","postal_code":"036-0383","address":"黒石市緑町１-１１５","voronoi":{"type":"Feature","geometry":{"type":"Polygon","coordinates":[[[140.714063,40.68877],[140.792103,40.599938],[140.678969,40.589653],[140.611746,40.618858],[140.586098,40.636494],[140.583215,40.639656],[140.583898,40.678948],[140.688738,40.696539],[140.714063,40.68877]]]},"properties":{}}}
  ]
}