{
  "code":99201,
  "id":364,
  "name":"津軽鉄道",
  "name_kana":"つがるてつどう",
  "name_formal":"津軽鉄道線",
  "station_size":12,
  "company_code":104,
  "closed":false,
  "station_list":[
    {"code":9920101,"id":6361,"name":"津軽五所川原","original_name":"津軽五所川原","name_kana":"つがるごしょがわら","closed":false,"lat":40.809684,"lng":140.448489,"prefecture":2,"lines":[99201],"attr":"eco","postal_code":"037-0063","address":"五所川原市字大町７-５","voronoi":{"type":"Feature","geometry":{"type":"Polygon","coordinates":[[[140.411959,40.858123],[140.412189,40.856184],[140.474233,40.775416],[140.479252,40.774144],[140.472431,40.792152],[140.411959,40.858123]]]},"properties":{}}},
    {"code":9920102,"id":6362,"name":"十川(青森)","original_name":"十川","name_kana":"とがわ","closed":false,"lat":40.817526,"lng":140.457044,"prefecture":2,"lines":[99201],"attr":"eco","postal_code":"037-0017","address":"五所川原市大字漆川字鍋懸８５-３","voronoi":{"type":"Feature","geometry":{"type":"Polygon","coordinates":[[[140.411718,40.859233],[140.411959,40.858123],[140.472431,40.792152],[140.466669,40.826707],[140.457979,40.842559],[140.433829,40.854962],[140.411718,40.859233]]]},"properties":{}}},
    {"code":9920103,"id":6363,"name":"五農校前","original_name":"五農校前","name_kana":"ごのうこうまえ","closed":false,"lat":40.821146,"lng":140.478753,"prefecture":2,"lines":[99201],"attr":"cool","postal_code":"037-0093","address":"五所川原市大字一野坪字朝日田崎９１","voronoi":{"type":"Feature","geometry":{"type":"Polygon","coordinates":[[[140.509374,40.753847],[140.512295,40.753447],[140.550836,40.818683],[140.466669,40.826707],[140.472431,40.792152],[140.479252,40.774144],[140.507907,40.754556],[140.509374,40.753847]]]},"properties":{}}},
    {"code":9920104,"id":6364,"name":"津軽飯詰","original_name":"津軽飯詰","name_kana":"つがるいいづめ","closed":false,"lat":40.829884,"lng":140.479586,"prefecture":2,"lines":[99201],"attr":"cool","postal_code":"037-0002","address":"五所川原市大字飯詰字清野２２-３","voronoi":{"type":"Feature","geometry":{"type":"Polygon","coordinates":[[[140.564161,40.838392],[140.566947,40.849583],[140.457979,40.842559],[140.466669,40.826707],[140.550836,40.818683],[140.564161,40.838392]]]},"properties":{}}},
    {"code":9920105,"id":6365,"name":"毘沙門","original_name":"毘沙門","name_kana":"びしゃもん","closed":false,"lat":40.857903,"lng":140.47778,"prefecture":2,"lines":[99201],"attr":"cool","postal_code":"037-0096","address":"五所川原市大字毘沙門字熊石１１３-２３","voronoi":{"type":"Feature","geometry":{"type":"Polygon","coordinates":[[[140.575815,40.874996],[140.567097,40.902649],[140.566741,40.903546],[140.433829,40.854962],[140.457979,40.842559],[140.566947,40.849583],[140.576312,40.87165],[140.575815,40.874996]]]},"properties":{}}},
    {"code":9920106,"id":6366,"name":"嘉瀬","original_name":"嘉瀬","name_kana":"かせ","closed":false,"lat":40.881058,"lng":140.469316,"prefecture":2,"lines":[99201],"attr":"cool","postal_code":"037-0204","address":"五所川原市金木町嘉瀬端山崎２６９-３","voronoi":{"type":"Feature","geometry":{"type":"Polygon","coordinates":[[[140.411718,40.859233],[140.40557,40.865613],[140.413224,40.869942],[140.556817,40.931448],[140.566172,40.905724],[140.566741,40.903546],[140.433829,40.854962],[140.411718,40.859233]]]},"properties":{}}},
    {"code":9920107,"id":6367,"name":"金木","original_name":"金木","name_kana":"かなぎ","closed":false,"lat":40.902875,"lng":140.459971,"prefecture":2,"lines":[99201],"attr":"cool","postal_code":"037-0202","address":"五所川原市金木町朝日山３６０-２","voronoi":{"type":"Feature","geometry":{"type":"Polygon","coordinates":[[[140.552398,40.950231],[140.556817,40.931448],[140.413224,40.869942],[140.499586,40.946261],[140.530006,40.958175],[140.54439,40.962574],[140.549934,40.957476],[140.552398,40.950231]]]},"properties":{}}},
    {"code":9920108,"id":6368,"name":"芦野公園","original_name":"芦野公園","name_kana":"あしのこうえん","closed":false,"lat":40.912283,"lng":140.451657,"prefecture":2,"lines":[99201],"attr":"cool","postal_code":"037-0202","address":"五所川原市金木町８４-１７１","voronoi":{"type":"Feature","geometry":{"type":"Polygon","coordinates":[[[140.379588,40.880729],[140.491131,40.943955],[140.499586,40.946261],[140.413224,40.869942],[140.40557,40.865613],[140.379588,40.880729]]]},"properties":{}}},
    {"code":9920109,"id":6369,"name":"川倉","original_name":"川倉","name_kana":"かわくら","closed":false,"lat":40.926356,"lng":140.44368,"prefecture":2,"lines":[99201],"attr":"cool","postal_code":"037-0201","address":"五所川原市金木町川倉林下１７-７","voronoi":{"type":"Feature","geometry":{"type":"Polygon","coordinates":[[[140.351938,40.893207],[140.4558,40.940206],[140.491131,40.943955],[140.379588,40.880729],[140.351938,40.893207]]]},"properties":{}}},
    {"code":9920110,"id":6370,"name":"大沢内","original_name":"大沢内","name_kana":"おおざわない","closed":false,"lat":40.940243,"lng":140.437396,"prefecture":2,"lines":[99201],"attr":"heat","postal_code":"037-0311","address":"北津軽郡中泊町大沢内海原４８-２","voronoi":{"type":"Feature","geometry":{"type":"Polygon","coordinates":[[[140.324735,40.903006],[140.253179,40.967912],[140.240197,40.981857],[140.402443,40.95796],[140.4558,40.940206],[140.351938,40.893207],[140.324735,40.903006]]]},"properties":{}}},
    {"code":9920111,"id":6371,"name":"深郷田","original_name":"深郷田","name_kana":"ふこうだ","closed":false,"lat":40.951203,"lng":140.441043,"prefecture":2,"lines":[99201],"attr":"heat","postal_code":"037-0308","address":"北津軽郡中泊町深郷田字甘木７-３","voronoi":{"type":"Feature","geometry":{"type":"Polygon","coordinates":[[[140.402443,40.95796],[140.4558,40.940206],[140.491131,40.943955],[140.499586,40.946261],[140.530006,40.958175],[140.402443,40.95796]]]},"properties":{}}},
    {"code":9920112,"id":6372,"name":"津軽中里","original_name":"津軽中里","name_kana":"つがるなかさと","closed":false,"lat":40.964848,"lng":140.44102,"prefecture":2,"lines":[99201],"attr":"heat","postal_code":"037-0305","address":"北津軽郡中泊町中里亀山２２５-１","voronoi":{"type":"Feature","geometry":{"type":"Polygon","coordinates":[[[140.54439,40.962574],[140.542771,40.965477],[140.459992,41.062462],[140.454155,41.064881],[140.428251,41.075354],[140.28924,41.077536],[140.181772,41.043325],[140.209913,41.010606],[140.240197,40.981857],[140.402443,40.95796],[140.530006,40.958175],[140.54439,40.962574]]]},"properties":{}}}
  ]
}