{
  "code":99214,
  "id":376,
  "name":"仙台市営地下鉄南北線",
  "name_kana":"せんだいしえいちかてつなんぼくせん",
  "station_size":17,
  "company_code":115,
  "closed":false,
  "color":"#009900",
  "symbol":"N",
  "station_list":[
    {"code":9921401,"id":6526,"name":"泉中央","original_name":"泉中央","name_kana":"いずみちゅうおう","closed":false,"lat":38.323167,"lng":140.880796,"prefecture":4,"numbering":["N01"],"lines":[99214],"attr":"heat","postal_code":"981-3133","address":"仙台市泉区泉中央１-７-１","voronoi":{"type":"Feature","geometry":{"type":"Polygon","coordinates":[[[140.762148,38.457911],[140.899,38.450066],[140.925563,38.444068],[140.930046,38.370366],[140.928536,38.347668],[140.923477,38.330993],[140.858164,38.310378],[140.817432,38.341367],[140.806301,38.351302],[140.772148,38.413656],[140.76585,38.42853],[140.762148,38.457911]]]},"properties":{}}},
    {"code":9921402,"id":6527,"name":"八乙女","original_name":"八乙女","name_kana":"やおとめ","closed":false,"lat":38.312899,"lng":140.884037,"prefecture":4,"numbering":["N02"],"lines":[99214],"attr":"heat","postal_code":"981-3135","address":"仙台市泉区八乙女中央１-４-１０","voronoi":{"type":"Feature","geometry":{"type":"Polygon","coordinates":[[[140.858164,38.310378],[140.862912,38.304874],[140.863597,38.304718],[140.870164,38.304565],[140.920947,38.316266],[140.923477,38.330993],[140.858164,38.310378]]]},"properties":{}}},
    {"code":9921403,"id":6528,"name":"黒松(宮城)","original_name":"黒松","name_kana":"くろまつ","closed":false,"lat":38.303142,"lng":140.886285,"prefecture":4,"numbering":["N03"],"lines":[99214],"attr":"heat","postal_code":"981-8004","address":"仙台市泉区旭丘堤２-２２-１","voronoi":{"type":"Feature","geometry":{"type":"Polygon","coordinates":[[[140.920806,38.312195],[140.920947,38.316266],[140.870164,38.304565],[140.905162,38.29227],[140.920806,38.312195]]]},"properties":{}}},
    {"code":9921404,"id":6529,"name":"旭ヶ丘(宮城)","original_name":"旭ヶ丘","name_kana":"あさひがおか","closed":false,"lat":38.295593,"lng":140.883633,"prefecture":4,"numbering":["N04"],"lines":[99214],"attr":"heat","postal_code":"981-0904","address":"仙台市青葉区旭ケ丘三丁目25-15先","voronoi":{"type":"Feature","geometry":{"type":"Polygon","coordinates":[[[140.903799,38.289656],[140.888145,38.286935],[140.863597,38.304718],[140.870164,38.304565],[140.905162,38.29227],[140.903799,38.289656]]]},"properties":{}}},
    {"code":9921405,"id":6530,"name":"台原","original_name":"台原","name_kana":"だいのはら","closed":false,"lat":38.288524,"lng":140.878512,"prefecture":4,"numbering":["N05"],"lines":[99214],"attr":"heat","postal_code":"981-0903","address":"仙台市青葉区台原森林公園１-１","voronoi":{"type":"Feature","geometry":{"type":"Polygon","coordinates":[[[140.862912,38.304874],[140.863597,38.304718],[140.888145,38.286935],[140.878442,38.279777],[140.863778,38.298031],[140.862912,38.304874]]]},"properties":{}}},
    {"code":1121703,"id":888,"name":"北仙台","original_name":"北仙台","name_kana":"きたせんだい","closed":false,"lat":38.281594,"lng":140.869885,"prefecture":4,"numbering":["N06"],"lines":[11217,99214],"attr":"eco","postal_code":"981-0913","address":"仙台市青葉区昭和町","voronoi":{"type":"Feature","geometry":{"type":"Polygon","coordinates":[[[140.863778,38.298031],[140.859759,38.277703],[140.87752,38.276172],[140.878442,38.279777],[140.863778,38.298031]]]},"properties":{}}},
    {"code":9921407,"id":6531,"name":"北四番丁","original_name":"北四番丁","name_kana":"きたよばんちょう","closed":false,"lat":38.272137,"lng":140.86907,"prefecture":4,"numbering":["N07"],"lines":[99214],"attr":"heat","postal_code":"980-0802","address":"仙台市青葉区二日町１３-２２","voronoi":{"type":"Feature","geometry":{"type":"Polygon","coordinates":[[[140.856252,38.27307],[140.859759,38.277703],[140.87752,38.276172],[140.878601,38.272428],[140.863561,38.266699],[140.861623,38.267441],[140.856252,38.27307]]]},"properties":{}}},
    {"code":9921408,"id":6532,"name":"勾当台公園","original_name":"勾当台公園","name_kana":"こうとうだいこうえん","closed":false,"lat":38.266304,"lng":140.871292,"prefecture":4,"numbering":["N08"],"lines":[99214],"attr":"heat","postal_code":"980-0014","address":"仙台市青葉区本町３-９-２","voronoi":{"type":"Feature","geometry":{"type":"Polygon","coordinates":[[[140.872309,38.263031],[140.878967,38.271909],[140.878601,38.272428],[140.863561,38.266699],[140.867801,38.262498],[140.872309,38.263031]]]},"properties":{}}},
    {"code":9921409,"id":6533,"name":"広瀬通","original_name":"広瀬通","name_kana":"ひろせどおり","closed":false,"lat":38.262971,"lng":140.875736,"prefecture":4,"numbering":["N09"],"lines":[99214],"attr":"eco","postal_code":"980-0021","address":"仙台市青葉区中央２-１０-２２","voronoi":{"type":"Feature","geometry":{"type":"Polygon","coordinates":[[[140.872309,38.263031],[140.878967,38.271909],[140.882473,38.26919],[140.881781,38.267681],[140.875386,38.259686],[140.872309,38.263031]]]},"properties":{}}},
    {"code":9921410,"id":6534,"name":"仙台(仙台市交通局)","original_name":"仙台","name_kana":"せんだい","closed":false,"lat":38.259901,"lng":140.879928,"prefecture":4,"numbering":["N10"],"lines":[99214,99218],"attr":"eco","postal_code":"980-0021","address":"仙台市青葉区中央一丁目10-10","open_date":"2015-12-06","voronoi":{"type":"Feature","geometry":{"type":"Polygon","coordinates":[[[140.876211,38.255306],[140.880867,38.26307],[140.881268,38.255989],[140.876211,38.255306]]]},"properties":{}}},
    {"code":9921411,"id":6535,"name":"五橋","original_name":"五橋","name_kana":"いつつばし","closed":false,"lat":38.251861,"lng":140.881014,"prefecture":4,"numbering":["N11"],"lines":[99214],"attr":"eco","postal_code":"980-0022","address":"仙台市青葉区五橋２-１-１０","voronoi":{"type":"Feature","geometry":{"type":"Polygon","coordinates":[[[140.868893,38.246751],[140.869025,38.247066],[140.876163,38.255292],[140.876211,38.255306],[140.881268,38.255989],[140.882171,38.255862],[140.887079,38.252018],[140.887007,38.250801],[140.868893,38.246751]]]},"properties":{}}},
    {"code":9921412,"id":6536,"name":"愛宕橋","original_name":"愛宕橋","name_kana":"あたごばし","closed":false,"lat":38.24729,"lng":140.882036,"prefecture":4,"numbering":["N12"],"lines":[99214],"attr":"eco","postal_code":"984-0065","address":"仙台市若林区土樋１-１１-１０","voronoi":{"type":"Feature","geometry":{"type":"Polygon","coordinates":[[[140.888232,38.247285],[140.878109,38.238002],[140.875411,38.236905],[140.864253,38.239598],[140.868893,38.246751],[140.887007,38.250801],[140.888232,38.247285]]]},"properties":{}}},
    {"code":9921413,"id":6537,"name":"河原町(宮城)","original_name":"河原町","name_kana":"かわらまち","closed":false,"lat":38.241112,"lng":140.887702,"prefecture":4,"numbering":["N13"],"lines":[99214],"attr":"cool","postal_code":"984-0816","address":"仙台市若林区河原町１-５-１０","voronoi":{"type":"Feature","geometry":{"type":"Polygon","coordinates":[[[140.878109,38.238002],[140.888232,38.247285],[140.898523,38.241762],[140.900718,38.237036],[140.878109,38.238002]]]},"properties":{}}},
    {"code":9921414,"id":6538,"name":"長町一丁目","original_name":"長町一丁目","name_kana":"ながまちいっちょうめ","closed":false,"lat":38.234085,"lng":140.887402,"prefecture":4,"numbering":["N14"],"lines":[99214],"attr":"cool","postal_code":"982-0011","address":"仙台市太白区長町１-２-１２","voronoi":{"type":"Feature","geometry":{"type":"Polygon","coordinates":[[[140.875411,38.236905],[140.878109,38.238002],[140.900718,38.237036],[140.910005,38.225912],[140.879895,38.231762],[140.875411,38.236905]]]},"properties":{}}},
    {"code":1123142,"id":1185,"name":"長町","original_name":"長町","name_kana":"ながまち","closed":false,"lat":38.226797,"lng":140.885986,"prefecture":4,"numbering":["N15"],"lines":[11231,11230,99214],"attr":"eco","postal_code":"982-0011","address":"仙台市太白区長町５丁目","voronoi":{"type":"Feature","geometry":{"type":"Polygon","coordinates":[[[140.91735,38.219468],[140.910005,38.225912],[140.879895,38.231762],[140.881975,38.222674],[140.922693,38.211955],[140.91735,38.219468]]]},"properties":{}}},
    {"code":9921416,"id":6539,"name":"長町南","original_name":"長町南","name_kana":"ながまちみなみ","closed":false,"lat":38.224642,"lng":140.87657,"prefecture":4,"numbering":["N16"],"lines":[99214],"attr":"cool","postal_code":"982-0012","address":"仙台市太白区長町南３-１-６０","voronoi":{"type":"Feature","geometry":{"type":"Polygon","coordinates":[[[140.881975,38.222674],[140.876469,38.217655],[140.857303,38.228749],[140.862996,38.239139],[140.864253,38.239598],[140.875411,38.236905],[140.879895,38.231762],[140.881975,38.222674]]]},"properties":{}}},
    {"code":9921417,"id":6540,"name":"富沢","original_name":"富沢","name_kana":"とみざわ","closed":false,"lat":38.214087,"lng":140.87046,"prefecture":4,"numbering":["N17"],"lines":[99214],"attr":"cool","postal_code":"982-0032","address":"仙台市太白区富沢４-２-２２","voronoi":{"type":"Feature","geometry":{"type":"Polygon","coordinates":[[[140.793411,38.16865],[140.857303,38.228749],[140.876469,38.217655],[140.878886,38.207279],[140.851083,38.185912],[140.793411,38.16865]]]},"properties":{}}}
  ]
}