{
  "code":99216,
  "id":378,
  "name":"会津鉄道",
  "name_kana":"あいづてつどう",
  "name_formal":"会津鉄道会津線",
  "station_size":21,
  "company_code":117,
  "closed":false,
  "station_list":[
    {"code":1122703,"id":1070,"name":"西若松","original_name":"西若松","name_kana":"にしわかまつ","closed":false,"lat":37.486034,"lng":139.914172,"prefecture":7,"lines":[11227,99216],"attr":"heat","postal_code":"965-0853","address":"会津若松市材木町１","voronoi":{"type":"Feature","geometry":{"type":"Polygon","coordinates":[[[139.873822,37.507102],[139.873131,37.503371],[139.906132,37.472362],[139.957078,37.472938],[139.936599,37.487304],[139.873822,37.507102]]]},"properties":{}}},
    {"code":9921602,"id":6552,"name":"南若松","original_name":"南若松","name_kana":"みなみわかまつ","closed":false,"lat":37.458876,"lng":139.914479,"prefecture":7,"lines":[99216],"attr":"eco","postal_code":"965-0844","address":"会津若松市門田町一ノ堰字下住４５９","open_date":"1995-08-10","voronoi":{"type":"Feature","geometry":{"type":"Polygon","coordinates":[[[139.994842,37.447221],[139.901611,37.451292],[139.906132,37.472362],[139.957078,37.472938],[140.018156,37.453764],[139.994842,37.447221]]]},"properties":{}}},
    {"code":9921603,"id":6553,"name":"門田","original_name":"門田","name_kana":"もんでん","closed":false,"lat":37.442616,"lng":139.913769,"prefecture":7,"lines":[99216],"attr":"eco","postal_code":"965-0828","address":"会津若松市門田町大字面川字中島","open_date":"1927-11-01","voronoi":{"type":"Feature","geometry":{"type":"Polygon","coordinates":[[[139.901611,37.451292],[139.873529,37.423332],[139.971518,37.438068],[139.994842,37.447221],[139.901611,37.451292]]]},"properties":{}}},
    {"code":9921604,"id":6554,"name":"あまや","original_name":"あまや","name_kana":"あまや","closed":false,"lat":37.416736,"lng":139.917661,"prefecture":7,"lines":[99216],"attr":"eco","postal_code":"965-0000","address":"会津若松市大戸町大字雨屋字上雨屋３６７-１","open_date":"1999-08-07","voronoi":{"type":"Feature","geometry":{"type":"Polygon","coordinates":[[[139.832804,37.377904],[139.859872,37.416124],[139.873529,37.423332],[139.971518,37.438068],[139.887507,37.380365],[139.832804,37.377904]]]},"properties":{}}},
    {"code":9921605,"id":6555,"name":"芦ノ牧温泉","original_name":"芦ノ牧温泉","name_kana":"あしのまきおんせん","closed":false,"lat":37.395456,"lng":139.932277,"prefecture":7,"lines":[99216],"attr":"eco","postal_code":"969-5122","address":"会津若松市大戸町上三寄乙","open_date":"1927-11-01","voronoi":{"type":"Feature","geometry":{"type":"Polygon","coordinates":[[[139.994842,37.447221],[139.971518,37.438068],[139.887507,37.380365],[140.091639,37.33219],[140.069901,37.386602],[140.047798,37.431874],[140.019482,37.453789],[140.018156,37.453764],[139.994842,37.447221]]]},"properties":{}}},
    {"code":9921606,"id":6556,"name":"大川ダム公園","original_name":"大川ダム公園","name_kana":"おおかわだむこうえん","closed":false,"lat":37.34685,"lng":139.920806,"prefecture":7,"lines":[99216],"attr":"eco","postal_code":"969-5133","address":"会津若松市大戸町大字大川ロクロ石乙","open_date":"1968-10-17","voronoi":{"type":"Feature","geometry":{"type":"Polygon","coordinates":[[[140.091639,37.33219],[139.887507,37.380365],[139.832804,37.377904],[139.826832,37.374072],[139.867264,37.349849],[140.105478,37.308365],[140.091639,37.33219]]]},"properties":{}}},
    {"code":9921607,"id":6557,"name":"芦ノ牧温泉南","original_name":"芦ノ牧温泉南","name_kana":"あしのまきおんせんみなみ","closed":false,"lat":37.334573,"lng":139.918668,"prefecture":7,"lines":[99216],"attr":"eco","postal_code":"969-5133","address":"会津若松市大戸町大字大川字大平甲","open_date":"1932-12-22","voronoi":{"type":"Feature","geometry":{"type":"Polygon","coordinates":[[[140.105478,37.308365],[139.867264,37.349849],[139.935257,37.297493],[140.076088,37.257434],[140.110111,37.300965],[140.105478,37.308365]]]},"properties":{}}},
    {"code":9921608,"id":6558,"name":"湯野上温泉","original_name":"湯野上温泉","name_kana":"ゆのかみおんせん","closed":false,"lat":37.304056,"lng":139.895169,"prefecture":7,"lines":[99216],"attr":"eco","postal_code":"969-5206","address":"南会津郡下郷町大字湯野上字大島","open_date":"1932-12-22","voronoi":{"type":"Feature","geometry":{"type":"Polygon","coordinates":[[[139.867264,37.349849],[139.826832,37.374072],[139.761461,37.352945],[139.864834,37.289022],[139.884436,37.286299],[139.935257,37.297493],[139.867264,37.349849]]]},"properties":{}}},
    {"code":9921609,"id":6559,"name":"塔のへつり","original_name":"塔のへつり","name_kana":"とうのへつり","closed":false,"lat":37.274695,"lng":139.901636,"prefecture":7,"lines":[99216],"attr":"eco","postal_code":"969-5204","address":"南会津郡下郷町大字弥五島字下夕田林","open_date":"1988-04-27","voronoi":{"type":"Feature","geometry":{"type":"Polygon","coordinates":[[[139.884436,37.286299],[139.993186,37.134762],[139.9986,37.138377],[140.025732,37.161857],[140.076088,37.257434],[139.935257,37.297493],[139.884436,37.286299]]]},"properties":{}}},
    {"code":9921610,"id":6560,"name":"弥五島","original_name":"弥五島","name_kana":"やごしま","closed":false,"lat":37.26629,"lng":139.889924,"prefecture":7,"lines":[99216],"attr":"eco","postal_code":"969-5204","address":"南会津郡下郷町大字弥五島字寺下","open_date":"1934-12-27","voronoi":{"type":"Feature","geometry":{"type":"Polygon","coordinates":[[[139.993186,37.134762],[139.884436,37.286299],[139.864834,37.289022],[139.88842,37.236044],[139.974624,37.121176],[139.993186,37.134762]]]},"properties":{}}},
    {"code":9921611,"id":6561,"name":"会津下郷","original_name":"会津下郷","name_kana":"あいづしもごう","closed":false,"lat":37.255166,"lng":139.864937,"prefecture":7,"lines":[99216],"attr":"eco","postal_code":"969-5311","address":"南会津郡下郷町大字豊成字下モ","open_date":"1934-12-27","voronoi":{"type":"Feature","geometry":{"type":"Polygon","coordinates":[[[139.755776,37.340703],[139.749518,37.351634],[139.761461,37.352945],[139.864834,37.289022],[139.88842,37.236044],[139.802245,37.278573],[139.79378,37.287279],[139.755776,37.340703]]]},"properties":{}}},
    {"code":9921612,"id":6562,"name":"ふるさと公園","original_name":"ふるさと公園","name_kana":"ふるさとこうえん","closed":false,"lat":37.243051,"lng":139.858958,"prefecture":7,"lines":[99216],"attr":"cool","postal_code":"969-5344","address":"南会津郡下郷町大字沢田字下沢田甲９４３番地","open_date":"2002-08-29","voronoi":{"type":"Feature","geometry":{"type":"Polygon","coordinates":[[[139.88842,37.236044],[139.802245,37.278573],[139.803042,37.277568],[139.973354,37.119998],[139.974624,37.121176],[139.88842,37.236044]]]},"properties":{}}},
    {"code":9921613,"id":6563,"name":"養鱒公園","original_name":"養鱒公園","name_kana":"ようそんこうえん","closed":false,"lat":37.224499,"lng":139.841794,"prefecture":7,"lines":[99216],"attr":"cool","postal_code":"969-5343","address":"南会津郡下郷町大字落合字下ノ原","open_date":"1947-09-20","voronoi":{"type":"Feature","geometry":{"type":"Polygon","coordinates":[[[139.973354,37.119998],[139.803042,37.277568],[139.912061,37.066496],[139.922649,37.072971],[139.957393,37.102804],[139.973354,37.119998]]]},"properties":{}}},
    {"code":9921614,"id":6564,"name":"会津長野","original_name":"会津長野","name_kana":"あいづながの","closed":false,"lat":37.21525,"lng":139.823887,"prefecture":7,"lines":[99216],"attr":"cool","postal_code":"967-0001","address":"南会津郡南会津町長野字下谷地","open_date":"1934-12-27","voronoi":{"type":"Feature","geometry":{"type":"Polygon","coordinates":[[[139.850278,37.085882],[139.840521,37.09859],[139.79378,37.287279],[139.802245,37.278573],[139.803042,37.277568],[139.912061,37.066496],[139.898492,37.05707],[139.850278,37.085882]]]},"properties":{}}},
    {"code":9921615,"id":6565,"name":"田島高校前","original_name":"田島高校前","name_kana":"たじまこうこうまえ","closed":false,"lat":37.209525,"lng":139.800776,"prefecture":7,"lines":[99216],"attr":"cool","postal_code":"967-0004","address":"南会津郡南会津町田島字田部原","open_date":"1951-12-01","voronoi":{"type":"Feature","geometry":{"type":"Polygon","coordinates":[[[139.755776,37.340703],[139.799939,37.153892],[139.818997,37.121419],[139.840521,37.09859],[139.79378,37.287279],[139.755776,37.340703]]]},"properties":{}}},
    {"code":9921616,"id":6566,"name":"会津田島","original_name":"会津田島","name_kana":"あいづたじま","closed":false,"lat":37.203261,"lng":139.774279,"prefecture":7,"lines":[99216],"attr":"heat","postal_code":"967-0004","address":"南会津郡南会津町田島字西番場甲","open_date":"1934-12-27","voronoi":{"type":"Feature","geometry":{"type":"Polygon","coordinates":[[[139.755776,37.340703],[139.799939,37.153892],[139.64845,37.307669],[139.733757,37.348165],[139.748226,37.351957],[139.749518,37.351634],[139.755776,37.340703]]]},"properties":{}}},
    {"code":9921617,"id":6567,"name":"中荒井","original_name":"中荒井","name_kana":"なかあらい","closed":false,"lat":37.180289,"lng":139.75096,"prefecture":7,"lines":[99216],"attr":"heat","postal_code":"967-0005","address":"南会津郡南会津町中荒井字長畔","open_date":"1947-12-12","voronoi":{"type":"Feature","geometry":{"type":"Polygon","coordinates":[[[139.590469,37.264072],[139.612729,37.29277],[139.624252,37.29903],[139.64845,37.307669],[139.799939,37.153892],[139.818997,37.121419],[139.784993,37.13947],[139.590469,37.264072]]]},"properties":{}}},
    {"code":9921618,"id":6568,"name":"会津荒海","original_name":"会津荒海","name_kana":"あいづあらかい","closed":false,"lat":37.153317,"lng":139.733683,"prefecture":7,"lines":[99216],"attr":"heat","postal_code":"967-0013","address":"南会津郡南会津町関本字百一","open_date":"1947-12-12","voronoi":{"type":"Feature","geometry":{"type":"Polygon","coordinates":[[[139.694486,37.156118],[139.560052,37.231311],[139.590469,37.264072],[139.784993,37.13947],[139.694486,37.156118]]]},"properties":{}}},
    {"code":9921619,"id":6569,"name":"会津山村道場","original_name":"会津山村道場","name_kana":"あいづさんそんどうじょう","closed":false,"lat":37.144787,"lng":139.732114,"prefecture":7,"lines":[99216],"attr":"heat","postal_code":"967-0014","address":"南会津郡南会津町糸沢字今泉平４３-１","open_date":"2001-07-18","voronoi":{"type":"Feature","geometry":{"type":"Polygon","coordinates":[[[139.818997,37.121419],[139.840521,37.09859],[139.850278,37.085882],[139.784956,37.091454],[139.694486,37.156118],[139.784993,37.13947],[139.818997,37.121419]]]},"properties":{}}},
    {"code":9921620,"id":6570,"name":"七ヶ岳登山口","original_name":"七ヶ岳登山口","name_kana":"ななつがたけとざんぐち","closed":false,"lat":37.124184,"lng":139.717388,"prefecture":7,"lines":[99216],"attr":"heat","postal_code":"967-0014","address":"福島県南会津郡南会津町糸沢字下宮之原2449-2","open_date":"1953-11-08","voronoi":{"type":"Feature","geometry":{"type":"Polygon","coordinates":[[[139.760695,37.089402],[139.504534,37.181156],[139.560052,37.231311],[139.694486,37.156118],[139.784956,37.091454],[139.760695,37.089402]]]},"properties":{}}},
    {"code":9921621,"id":6571,"name":"会津高原尾瀬口","original_name":"会津高原尾瀬口","name_kana":"あいづこうげんおぜぐち","closed":false,"lat":37.090026,"lng":139.705153,"prefecture":7,"lines":[99216,99341],"attr":"heat","postal_code":"967-0015","address":"南会津郡南会津町滝原字羽根子","open_date":"1953-11-08","voronoi":{"type":"Feature","geometry":{"type":"Polygon","coordinates":[[[139.420026,37.085202],[139.408874,37.063176],[139.653704,37.041996],[139.760695,37.089402],[139.504534,37.181156],[139.494521,37.173508],[139.456041,37.139232],[139.420026,37.085202]]]},"properties":{}}}
  ]
}