{
  "code":99218,
  "id":"dedda2",
  "name":"仙台市営地下鉄東西線",
  "name_kana":"せんだいしえいちかてつとうざいせん",
  "station_size":13,
  "company_code":115,
  "closed":false,
  "color":"#90D7EC",
  "symbol":"T",
  "station_list":[
    {"code":9921801,"id":"f34c03","name":"八木山動物公園","original_name":"八木山動物公園","name_kana":"やぎやまどうぶつこうえん","closed":false,"lat":38.242778,"lng":140.843472,"prefecture":4,"numbering":["T01"],"lines":[99218],"attr":"heat","postal_code":"982-0801","address":"仙台市太白区八木山本町","open_date":"2015-12-06","voronoi":{"type":"Feature","geometry":{"type":"Polygon","coordinates":[[[140.857303,38.228749],[140.793411,38.16865],[140.79196,38.167833],[140.791873,38.167819],[140.771248,38.172026],[140.777807,38.190012],[140.793843,38.218089],[140.845077,38.252752],[140.851928,38.250071],[140.857947,38.245548],[140.862996,38.239139],[140.857303,38.228749]]]},"properties":{}}},
    {"code":9921802,"id":"6bc2b2","name":"青葉山","original_name":"青葉山","name_kana":"あおばやま","closed":false,"lat":38.254972,"lng":140.835222,"prefecture":4,"numbering":["T02"],"lines":[99218],"attr":"heat","postal_code":"981-0945","address":"仙台市青葉区荒巻","open_date":"2015-12-06","voronoi":{"type":"Feature","geometry":{"type":"Polygon","coordinates":[[[140.840017,38.265369],[140.845077,38.252752],[140.793843,38.218089],[140.797073,38.226042],[140.828997,38.264411],[140.840017,38.265369]]]},"properties":{}}},
    {"code":9921803,"id":"3dd2dc","name":"川内(宮城)","original_name":"川内","name_kana":"かわうち","closed":false,"lat":38.261167,"lng":140.850667,"prefecture":4,"numbering":["T03"],"lines":[99218],"attr":"heat","postal_code":"980-0861","address":"仙台市青葉区川内元支倉","open_date":"2015-12-06","voronoi":{"type":"Feature","geometry":{"type":"Polygon","coordinates":[[[140.852223,38.273113],[140.843197,38.269379],[140.840017,38.265369],[140.845077,38.252752],[140.851928,38.250071],[140.855582,38.272943],[140.852223,38.273113]]]},"properties":{}}},
    {"code":9921804,"id":"8aed1d","name":"国際センター(宮城)","original_name":"国際センター","name_kana":"こくさいせんたー","closed":false,"lat":38.260222,"lng":140.856583,"prefecture":4,"numbering":["T04"],"lines":[99218],"attr":"heat","postal_code":"980-0854","address":"仙台市青葉区川内中ノ瀬町","open_date":"2015-12-06","voronoi":{"type":"Feature","geometry":{"type":"Polygon","coordinates":[[[140.856252,38.27307],[140.855582,38.272943],[140.851928,38.250071],[140.857947,38.245548],[140.861623,38.267441],[140.856252,38.27307]]]},"properties":{}}},
    {"code":9921805,"id":"b3f6e4","name":"大町西公園","original_name":"大町西公園","name_kana":"おおまちにしこうえん","closed":false,"lat":38.258972,"lng":140.864028,"prefecture":4,"numbering":["T05"],"lines":[99218],"attr":"heat","postal_code":"980-0804","address":"仙台市青葉区大町","open_date":"2015-12-06","voronoi":{"type":"Feature","geometry":{"type":"Polygon","coordinates":[[[140.863561,38.266699],[140.861623,38.267441],[140.857947,38.245548],[140.862996,38.239139],[140.864253,38.239598],[140.868893,38.246751],[140.869025,38.247066],[140.867801,38.262498],[140.863561,38.266699]]]},"properties":{}}},
    {"code":9921806,"id":"fd912a","name":"青葉通一番町","original_name":"青葉通一番町","name_kana":"あおばどおりいちばんちょう","closed":false,"lat":38.259611,"lng":140.872083,"prefecture":4,"numbering":["T06"],"lines":[99218],"attr":"heat","postal_code":"980-0811","address":"仙台市青葉区一番町","open_date":"2015-12-06","voronoi":{"type":"Feature","geometry":{"type":"Polygon","coordinates":[[[140.867801,38.262498],[140.872309,38.263031],[140.875386,38.259686],[140.876163,38.255292],[140.869025,38.247066],[140.867801,38.262498]]]},"properties":{}}},
    {"code":9921410,"id":"65dec4","name":"仙台(仙台市交通局)","original_name":"仙台","name_kana":"せんだい","closed":false,"lat":38.259901,"lng":140.879928,"prefecture":4,"numbering":["T07"],"lines":[99214,99218],"attr":"eco","postal_code":"980-0021","address":"仙台市青葉区中央一丁目10-10","open_date":"2015-12-06","voronoi":{"type":"Feature","geometry":{"type":"Polygon","coordinates":[[[140.876211,38.255306],[140.880867,38.26307],[140.881268,38.255989],[140.876211,38.255306]]]},"properties":{}}},
    {"code":9921808,"id":"c783db","name":"宮城野通","original_name":"宮城野通","name_kana":"みやぎのどおり","closed":false,"lat":38.257944,"lng":140.885778,"prefecture":4,"numbering":["T08"],"lines":[99218],"attr":"eco","postal_code":"983-0852","address":"仙台市宮城野区榴岡","open_date":"2015-12-06","voronoi":{"type":"Feature","geometry":{"type":"Polygon","coordinates":[[[140.890108,38.255269],[140.888821,38.267419],[140.882171,38.255862],[140.887079,38.252018],[140.890108,38.255269]]]},"properties":{}}},
    {"code":9921809,"id":"86490b","name":"連坊","original_name":"連坊","name_kana":"れんぼう","closed":false,"lat":38.251139,"lng":140.893083,"prefecture":4,"numbering":["T09"],"lines":[99218],"attr":"eco","postal_code":"984-0052","address":"仙台市若林区連坊","open_date":"2015-12-06","voronoi":{"type":"Feature","geometry":{"type":"Polygon","coordinates":[[[140.898523,38.241762],[140.888232,38.247285],[140.887007,38.250801],[140.887079,38.252018],[140.890108,38.255269],[140.900013,38.254364],[140.898523,38.241762]]]},"properties":{}}},
    {"code":9921810,"id":"ee8d3a","name":"薬師堂(宮城)","original_name":"薬師堂","name_kana":"やくしどう","closed":false,"lat":38.249611,"lng":140.906,"prefecture":4,"numbering":["T10"],"lines":[99218],"attr":"eco","postal_code":"984-0042","address":"仙台市若林区大和町","open_date":"2015-12-06","voronoi":{"type":"Feature","geometry":{"type":"Polygon","coordinates":[[[140.900497,38.255008],[140.912675,38.2559],[140.91735,38.219468],[140.910005,38.225912],[140.900718,38.237036],[140.898523,38.241762],[140.900013,38.254364],[140.900497,38.255008]]]},"properties":{}}},
    {"code":9921811,"id":"9ec0e7","name":"卸町(宮城)","original_name":"卸町","name_kana":"おろしまち","closed":false,"lat":38.2515,"lng":140.920722,"prefecture":4,"numbering":["T11"],"lines":[99218],"attr":"cool","postal_code":"984-0015","address":"仙台市若林区卸町","open_date":"2015-12-06","voronoi":{"type":"Feature","geometry":{"type":"Polygon","coordinates":[[[140.926666,38.214571],[140.928499,38.261049],[140.917229,38.259835],[140.913515,38.257254],[140.912675,38.2559],[140.91735,38.219468],[140.922693,38.211955],[140.925356,38.209068],[140.926666,38.214571]]]},"properties":{}}},
    {"code":9921812,"id":"f17d35","name":"六丁の目","original_name":"六丁の目","name_kana":"ろくちょうのめ","closed":false,"lat":38.250917,"lng":140.9355,"prefecture":4,"numbering":["T12"],"lines":[99218],"attr":"cool","postal_code":"984-0011","address":"仙台市若林区六丁の目西町","open_date":"2015-12-06","voronoi":{"type":"Feature","geometry":{"type":"Polygon","coordinates":[[[140.94836,38.261538],[140.926666,38.214571],[140.928499,38.261049],[140.929702,38.262172],[140.947644,38.262215],[140.94836,38.261538]]]},"properties":{}}},
    {"code":9921813,"id":"667aa2","name":"荒井(宮城)","original_name":"荒井","name_kana":"あらい","closed":false,"lat":38.244861,"lng":140.948611,"prefecture":4,"numbering":["T13"],"lines":[99218],"attr":"cool","postal_code":"984-0032","address":"仙台市若林区荒井東","open_date":"2015-12-06","voronoi":{"type":"Feature","geometry":{"type":"Polygon","coordinates":[[[140.960241,38.257733],[140.94836,38.261538],[140.926666,38.214571],[140.925356,38.209068],[140.926261,38.206943],[140.928456,38.203922],[140.988821,38.181815],[141.058915,38.168884],[141.057953,38.170051],[140.993824,38.235411],[140.960241,38.257733]]]},"properties":{}}}
  ]
}