{
  "code":99218,
  "id":"dedda2",
  "name":"仙台市営地下鉄東西線",
  "name_kana":"せんだいしえいちかてつとうざいせん",
  "station_size":13,
  "company_code":115,
  "closed":false,
  "color":"#90D7EC",
  "symbol":"T",
  "station_list":[
    {"code":9921801,"id":"f34c03","name":"八木山動物公園","original_name":"八木山動物公園","name_kana":"やぎやまどうぶつこうえん","closed":false,"lat":38.242778,"lng":140.843472,"prefecture":4,"numbering":["T01"],"lines":[99218],"attr":"heat","postal_code":"982-0801","address":"仙台市太白区八木山本町","open_date":"2015-12-06","voronoi":{"type":"Feature","geometry":{"type":"Polygon","coordinates":[[[140.852859,38.249419],[140.858055,38.245393],[140.862966,38.239085],[140.857303,38.228749],[140.793411,38.16865],[140.79196,38.167833],[140.791873,38.167819],[140.771248,38.172026],[140.777807,38.190012],[140.793843,38.218089],[140.844621,38.252443],[140.852859,38.249419]]]},"properties":{}}},
    {"code":9921802,"id":"6bc2b2","name":"青葉山","original_name":"青葉山","name_kana":"あおばやま","closed":false,"lat":38.254972,"lng":140.835222,"prefecture":4,"numbering":["T02"],"lines":[99218],"attr":"heat","postal_code":"981-0945","address":"仙台市青葉区荒巻","open_date":"2015-12-06","voronoi":{"type":"Feature","geometry":{"type":"Polygon","coordinates":[[[140.839746,38.265346],[140.844621,38.252443],[140.793843,38.218089],[140.797073,38.226042],[140.828997,38.264411],[140.839746,38.265346]]]},"properties":{}}},
    {"code":9921803,"id":"3dd2dc","name":"川内(宮城)","original_name":"川内","name_kana":"かわうち","closed":false,"lat":38.260556,"lng":140.85,"prefecture":4,"numbering":["T03"],"lines":[99218],"attr":"heat","postal_code":"980-0861","address":"仙台市青葉区川内元支倉","open_date":"2015-12-06","voronoi":{"type":"Feature","geometry":{"type":"Polygon","coordinates":[[[140.852412,38.272743],[140.843208,38.269361],[140.839746,38.265346],[140.844621,38.252443],[140.852859,38.249419],[140.854158,38.272609],[140.852412,38.272743]]]},"properties":{}}},
    {"code":9921804,"id":"8aed1d","name":"国際センター(宮城)","original_name":"国際センター","name_kana":"こくさいせんたー","closed":false,"lat":38.260167,"lng":140.856944,"prefecture":4,"numbering":["T04"],"lines":[99218],"attr":"heat","postal_code":"980-0854","address":"仙台市青葉区川内中ノ瀬町","open_date":"2015-12-06","voronoi":{"type":"Feature","geometry":{"type":"Polygon","coordinates":[[[140.852859,38.249419],[140.858055,38.245393],[140.861922,38.267251],[140.85622,38.273028],[140.854158,38.272609],[140.852859,38.249419]]]},"properties":{}}},
    {"code":9921805,"id":"b3f6e4","name":"大町西公園","original_name":"大町西公園","name_kana":"おおまちにしこうえん","closed":false,"lat":38.258889,"lng":140.864167,"prefecture":4,"numbering":["T05"],"lines":[99218],"attr":"heat","postal_code":"980-0804","address":"仙台市青葉区大町","open_date":"2015-12-06","voronoi":{"type":"Feature","geometry":{"type":"Polygon","coordinates":[[[140.858055,38.245393],[140.862966,38.239085],[140.864332,38.239579],[140.869003,38.246776],[140.869393,38.247711],[140.867868,38.262463],[140.863489,38.266671],[140.861922,38.267251],[140.858055,38.245393]]]},"properties":{}}},
    {"code":9921806,"id":"fd912a","name":"青葉通一番町","original_name":"青葉通一番町","name_kana":"あおばどおりいちばんちょう","closed":false,"lat":38.259722,"lng":140.872222,"prefecture":4,"numbering":["T06"],"lines":[99218],"attr":"heat","postal_code":"980-0811","address":"仙台市青葉区一番町","open_date":"2015-12-06","voronoi":{"type":"Feature","geometry":{"type":"Polygon","coordinates":[[[140.867868,38.262463],[140.872359,38.263098],[140.875446,38.25976],[140.876174,38.255295],[140.869393,38.247711],[140.867868,38.262463]]]},"properties":{}}},
    {"code":9921410,"id":"65dec4","name":"仙台(仙台市交通局)","original_name":"仙台","name_kana":"せんだい","closed":false,"lat":38.259901,"lng":140.879928,"prefecture":4,"numbering":["T07"],"lines":[99214,99218],"attr":"eco","postal_code":"980-0021","address":"仙台市青葉区中央一丁目10-10","open_date":"2015-12-06","voronoi":{"type":"Feature","geometry":{"type":"Polygon","coordinates":[[[140.876211,38.255306],[140.880867,38.26307],[140.881268,38.255989],[140.876211,38.255306]]]},"properties":{}}},
    {"code":9921808,"id":"c783db","name":"宮城野通","original_name":"宮城野通","name_kana":"みやぎのどおり","closed":false,"lat":38.258333,"lng":140.885833,"prefecture":4,"numbering":["T08"],"lines":[99218],"attr":"eco","postal_code":"983-0852","address":"仙台市宮城野区榴岡","open_date":"2015-12-06","voronoi":{"type":"Feature","geometry":{"type":"Polygon","coordinates":[[[140.889283,38.267643],[140.889997,38.255275],[140.88709,38.252367],[140.882448,38.255823],[140.887929,38.267714],[140.889283,38.267643]]]},"properties":{}}},
    {"code":9921809,"id":"86490b","name":"連坊","original_name":"連坊","name_kana":"れんぼう","closed":false,"lat":38.251111,"lng":140.893056,"prefecture":4,"numbering":["T09"],"lines":[99218],"attr":"eco","postal_code":"984-0052","address":"仙台市若林区連坊","open_date":"2015-12-06","voronoi":{"type":"Feature","geometry":{"type":"Polygon","coordinates":[[[140.898574,38.241723],[140.888215,38.24727],[140.886992,38.250798],[140.88709,38.252367],[140.889997,38.255275],[140.900049,38.254325],[140.898574,38.241723]]]},"properties":{}}},
    {"code":9921810,"id":"ee8d3a","name":"薬師堂(宮城)","original_name":"薬師堂","name_kana":"やくしどう","closed":false,"lat":38.249583,"lng":140.906111,"prefecture":4,"numbering":["T10"],"lines":[99218],"attr":"eco","postal_code":"984-0042","address":"仙台市若林区大和町","open_date":"2015-12-06","voronoi":{"type":"Feature","geometry":{"type":"Polygon","coordinates":[[[140.912759,38.255955],[140.900511,38.254943],[140.900049,38.254325],[140.898574,38.241723],[140.900731,38.237036],[140.909935,38.225926],[140.917623,38.219135],[140.912759,38.255955]]]},"properties":{}}},
    {"code":9921811,"id":"9ec0e7","name":"卸町(宮城)","original_name":"卸町","name_kana":"おろしまち","closed":false,"lat":38.251528,"lng":140.920833,"prefecture":4,"numbering":["T11"],"lines":[99218],"attr":"cool","postal_code":"984-0015","address":"仙台市若林区卸町","open_date":"2015-12-06","voronoi":{"type":"Feature","geometry":{"type":"Polygon","coordinates":[[[140.92534,38.209105],[140.922725,38.211947],[140.917623,38.219135],[140.912759,38.255955],[140.913539,38.257227],[140.917232,38.259826],[140.928567,38.261122],[140.926839,38.215349],[140.92534,38.209105]]]},"properties":{}}},
    {"code":9921812,"id":"f17d35","name":"六丁の目","original_name":"六丁の目","name_kana":"ろくちょうのめ","closed":false,"lat":38.250972,"lng":140.935556,"prefecture":4,"numbering":["T12"],"lines":[99218],"attr":"cool","postal_code":"984-0011","address":"仙台市若林区六丁の目西町","open_date":"2015-12-06","voronoi":{"type":"Feature","geometry":{"type":"Polygon","coordinates":[[[140.926839,38.215349],[140.928567,38.261122],[140.929698,38.262185],[140.94764,38.262273],[140.948447,38.26151],[140.926839,38.215349]]]},"properties":{}}},
    {"code":9921813,"id":"667aa2","name":"荒井(宮城)","original_name":"荒井","name_kana":"あらい","closed":false,"lat":38.244861,"lng":140.948611,"prefecture":4,"numbering":["T13"],"lines":[99218],"attr":"cool","postal_code":"984-0032","address":"仙台市若林区荒井東","open_date":"2015-12-06","voronoi":{"type":"Feature","geometry":{"type":"Polygon","coordinates":[[[140.960241,38.257733],[140.948447,38.26151],[140.926839,38.215349],[140.92534,38.209105],[140.926261,38.206943],[140.928456,38.203922],[140.988816,38.181817],[141.058914,38.168886],[141.057953,38.170051],[140.993824,38.235411],[140.960241,38.257733]]]},"properties":{}}}
  ]
}