{
  "code":99304,
  "id":"cc4ca6",
  "name":"都営新宿線",
  "name_kana":"とえいしんじゅくせん",
  "station_size":21,
  "company_code":119,
  "closed":false,
  "color":"#6CBB5A",
  "symbol":"S",
  "station_list":[
    {"code":1130208,"id":"3ff383","name":"新宿","original_name":"新宿","name_kana":"しんじゅく","closed":false,"lat":35.689729,"lng":139.700464,"prefecture":13,"numbering":["S01"],"lines":[11302,11311,11312,11313,11321,11328,11333,24001,25001,28002,99301,99304],"attr":"heat","postal_code":"160-0022","address":"東京都新宿区新宿三丁目38-1","open_date":"1885-03-01","voronoi":{"type":"Feature","geometry":{"type":"Polygon","coordinates":[[[139.696248,35.687559],[139.700731,35.686272],[139.703526,35.686933],[139.702152,35.692377],[139.696536,35.690327],[139.696248,35.687559]]]},"properties":{}}},
    {"code":2800217,"id":"a6c08b","name":"新宿三丁目","original_name":"新宿三丁目","name_kana":"しんじゅくさんちょうめ","closed":false,"lat":35.690847,"lng":139.704895,"prefecture":13,"numbering":["S02"],"lines":[28002,28010,99304],"attr":"cool","postal_code":"160-0022","address":"新宿区新宿３-１４-１","voronoi":{"type":"Feature","geometry":{"type":"Polygon","coordinates":[[[139.702152,35.692377],[139.70279,35.693861],[139.704545,35.695449],[139.709395,35.693827],[139.706309,35.685913],[139.703526,35.686933],[139.702152,35.692377]]]},"properties":{}}},
    {"code":9930403,"id":"b5df85","name":"曙橋","original_name":"曙橋","name_kana":"あけぼのばし","closed":false,"lat":35.692402,"lng":139.722881,"prefecture":13,"numbering":["S03"],"lines":[99304],"attr":"heat","postal_code":"162-0065","address":"新宿区住吉町７-１","voronoi":{"type":"Feature","geometry":{"type":"Polygon","coordinates":[[[139.716705,35.693172],[139.725497,35.687677],[139.729094,35.692067],[139.729332,35.694338],[139.721725,35.696632],[139.716705,35.693172]]]},"properties":{}}},
    {"code":1131315,"id":"51ad8c","name":"市ケ谷(市ヶ谷)","original_name":"市ケ谷(市ヶ谷)","name_kana":"いちがや","closed":false,"lat":35.691105,"lng":139.735241,"prefecture":13,"numbering":["S04"],"lines":[11313,28006,28009,99304],"attr":"heat","postal_code":"162-0843","address":"東京都新宿区市谷田町一丁目1","open_date":"1974-10-30","voronoi":{"type":"Feature","geometry":{"type":"Polygon","coordinates":[[[139.729094,35.692067],[139.729332,35.694338],[139.730902,35.696244],[139.741071,35.695659],[139.743036,35.693845],[139.738226,35.688157],[139.734699,35.686978],[139.729094,35.692067]]]},"properties":{}}},
    {"code":2800407,"id":"0545be","name":"九段下","original_name":"九段下","name_kana":"くだんした","closed":false,"lat":35.695589,"lng":139.751948,"prefecture":13,"numbering":["S05"],"lines":[28004,28008,99304],"attr":"eco","postal_code":"102-0074","address":"千代田区九段南１-６-１","voronoi":{"type":"Feature","geometry":{"type":"Polygon","coordinates":[[[139.754611,35.698271],[139.74977,35.700046],[139.743905,35.693656],[139.749262,35.688065],[139.754918,35.693655],[139.754611,35.698271]]]},"properties":{}}},
    {"code":2800807,"id":"27128f","name":"神保町","original_name":"神保町","name_kana":"じんぼうちょう","closed":false,"lat":35.695966,"lng":139.757606,"prefecture":13,"numbering":["S06"],"lines":[28008,99303,99304],"attr":"heat","postal_code":"101-0051","address":"千代田区神田神保町２-２","voronoi":{"type":"Feature","geometry":{"type":"Polygon","coordinates":[[[139.761987,35.692604],[139.754918,35.693655],[139.754611,35.698271],[139.759679,35.70102],[139.761963,35.696406],[139.762222,35.695374],[139.761987,35.692604]]]},"properties":{}}},
    {"code":9930407,"id":"3da39d","name":"小川町(東京)","original_name":"小川町","name_kana":"おがわまち","closed":false,"lat":35.695178,"lng":139.766872,"prefecture":13,"numbering":["S07"],"lines":[99304],"attr":"heat","postal_code":"101-0052","address":"千代田区神田小川町１-６","voronoi":{"type":"Feature","geometry":{"type":"Polygon","coordinates":[[[139.761987,35.692604],[139.762628,35.691176],[139.765623,35.690942],[139.767775,35.696702],[139.7674,35.696909],[139.762222,35.695374],[139.761987,35.692604]]]},"properties":{}}},
    {"code":9930408,"id":"15d3cb","name":"岩本町","original_name":"岩本町","name_kana":"いわもとちょう","closed":false,"lat":35.695534,"lng":139.775866,"prefecture":13,"numbering":["S08"],"lines":[99304],"attr":"cool","postal_code":"101-0033","address":"千代田区神田岩本町１","voronoi":{"type":"Feature","geometry":{"type":"Polygon","coordinates":[[[139.771967,35.694895],[139.773919,35.692557],[139.775392,35.692195],[139.779018,35.694136],[139.780007,35.697106],[139.779175,35.700919],[139.771967,35.694895]]]},"properties":{}}},
    {"code":9930409,"id":"f3d0f8","name":"馬喰横山","original_name":"馬喰横山","name_kana":"ばくろよこやま","closed":false,"lat":35.69212,"lng":139.782768,"prefecture":13,"numbering":["S09"],"lines":[99304],"attr":"cool","postal_code":"103-0003","address":"中央区日本橋横山町４-１３","voronoi":{"type":"Feature","geometry":{"type":"Polygon","coordinates":[[[139.780398,35.692064],[139.781274,35.689318],[139.783803,35.689107],[139.783792,35.693122],[139.780398,35.692064]]]},"properties":{}}},
    {"code":9930410,"id":"7e0242","name":"浜町","original_name":"浜町","name_kana":"はまちょう","closed":false,"lat":35.688516,"lng":139.788154,"prefecture":13,"numbering":["S10"],"lines":[99304],"attr":"cool","postal_code":"103-0007","address":"中央区日本橋浜町２-５９-３","voronoi":{"type":"Feature","geometry":{"type":"Polygon","coordinates":[[[139.792288,35.683284],[139.792142,35.68304],[139.785713,35.686101],[139.784734,35.688702],[139.789461,35.693067],[139.792753,35.690722],[139.792288,35.683284]]]},"properties":{}}},
    {"code":9930114,"id":"6cdbab","name":"森下(東京)","original_name":"森下","name_kana":"もりした","closed":false,"lat":35.68796,"lng":139.797042,"prefecture":13,"numbering":["S11"],"lines":[99301,99304],"attr":"eco","postal_code":"135-0004","address":"江東区森下２-１７-１７","voronoi":{"type":"Feature","geometry":{"type":"Polygon","coordinates":[[[139.801223,35.694733],[139.801622,35.686168],[139.792288,35.683284],[139.792753,35.690722],[139.801223,35.694733]]]},"properties":{}}},
    {"code":9930412,"id":"25acb3","name":"菊川(東京)","original_name":"菊川","name_kana":"きくかわ","closed":false,"lat":35.688379,"lng":139.806016,"prefecture":13,"numbering":["S12"],"lines":[99304],"attr":"cool","postal_code":"130-0024","address":"墨田区菊川３-１６-２","voronoi":{"type":"Feature","geometry":{"type":"Polygon","coordinates":[[[139.804057,35.698393],[139.803332,35.698343],[139.801223,35.694733],[139.801622,35.686168],[139.80795,35.678942],[139.811537,35.679135],[139.810608,35.692078],[139.804057,35.698393]]]},"properties":{}}},
    {"code":2800814,"id":"d1dfd5","name":"住吉(東京)","original_name":"住吉","name_kana":"すみよし","closed":false,"lat":35.689073,"lng":139.815681,"prefecture":13,"numbering":["S13"],"lines":[28008,99304],"attr":"cool","postal_code":"135-0002","address":"江東区住吉２-２３-１２","voronoi":{"type":"Feature","geometry":{"type":"Polygon","coordinates":[[[139.82119,35.679799],[139.812071,35.678901],[139.811537,35.679135],[139.810608,35.692078],[139.820336,35.694022],[139.820834,35.693385],[139.82119,35.679799]]]},"properties":{}}},
    {"code":9930414,"id":"f58adc","name":"西大島","original_name":"西大島","name_kana":"にしおおじま","closed":false,"lat":35.689349,"lng":139.826206,"prefecture":13,"numbering":["S14"],"lines":[99304],"attr":"eco","postal_code":"136-0072","address":"江東区大島２-４１-１９","voronoi":{"type":"Feature","geometry":{"type":"Polygon","coordinates":[[[139.820834,35.693385],[139.82119,35.679799],[139.824701,35.678267],[139.83151,35.679739],[139.830711,35.693316],[139.820834,35.693385]]]},"properties":{}}},
    {"code":9930415,"id":"8e56ca","name":"大島(東京)","original_name":"大島","name_kana":"おおじま","closed":false,"lat":35.689905,"lng":139.83565,"prefecture":13,"numbering":["S15"],"lines":[99304],"attr":"eco","postal_code":"136-0072","address":"江東区大島５-１０-８","voronoi":{"type":"Feature","geometry":{"type":"Polygon","coordinates":[[[139.840539,35.696268],[139.831459,35.69426],[139.830711,35.693316],[139.83151,35.679739],[139.841362,35.677405],[139.840539,35.696268]]]},"properties":{}}},
    {"code":9930416,"id":"66328e","name":"東大島","original_name":"東大島","name_kana":"ひがしおおじま","closed":false,"lat":35.690355,"lng":139.845963,"prefecture":13,"numbering":["S16"],"lines":[99304],"attr":"eco","postal_code":"136-0072","address":"江東区大島９-３-１４","voronoi":{"type":"Feature","geometry":{"type":"Polygon","coordinates":[[[139.856871,35.701404],[139.841749,35.697846],[139.840539,35.696268],[139.841362,35.677405],[139.846028,35.674091],[139.851462,35.676899],[139.859784,35.700107],[139.856871,35.701404]]]},"properties":{}}},
    {"code":9930417,"id":"2b3ad2","name":"船堀","original_name":"船堀","name_kana":"ふなぼり","closed":false,"lat":35.683795,"lng":139.864258,"prefecture":13,"numbering":["S17"],"lines":[99304],"attr":"eco","postal_code":"134-0091","address":"江戸川区船堀３-６-１","voronoi":{"type":"Feature","geometry":{"type":"Polygon","coordinates":[[[139.871482,35.702397],[139.859784,35.700107],[139.851462,35.676899],[139.866582,35.672955],[139.874649,35.676223],[139.871482,35.702397]]]},"properties":{}}},
    {"code":9930418,"id":"1e80e3","name":"一之江","original_name":"一之江","name_kana":"いちのえ","closed":false,"lat":35.686055,"lng":139.882934,"prefecture":13,"numbering":["S18"],"lines":[99304],"attr":"eco","postal_code":"134-0003","address":"江戸川区春江町４-２","voronoi":{"type":"Feature","geometry":{"type":"Polygon","coordinates":[[[139.891502,35.677746],[139.881896,35.672849],[139.874649,35.676223],[139.871482,35.702397],[139.880289,35.70958],[139.880295,35.70958],[139.880567,35.709297],[139.894226,35.681696],[139.891502,35.677746]]]},"properties":{}}},
    {"code":9930419,"id":"2cc587","name":"瑞江","original_name":"瑞江","name_kana":"みずえ","closed":false,"lat":35.693318,"lng":139.89761,"prefecture":13,"numbering":["S19"],"lines":[99304],"attr":"eco","postal_code":"132-0011","address":"江戸川区瑞江２-２-１","voronoi":{"type":"Feature","geometry":{"type":"Polygon","coordinates":[[[139.880567,35.709297],[139.894226,35.681696],[139.903212,35.683743],[139.910399,35.694995],[139.880567,35.709297]]]},"properties":{}}},
    {"code":9930420,"id":"acd147","name":"篠崎","original_name":"篠崎","name_kana":"しのざき","closed":false,"lat":35.706017,"lng":139.903698,"prefecture":13,"numbering":["S20"],"lines":[99304],"attr":"eco","postal_code":"133-0061","address":"江戸川区篠崎町７-２７-１","voronoi":{"type":"Feature","geometry":{"type":"Polygon","coordinates":[[[139.880567,35.709297],[139.880295,35.70958],[139.893136,35.719942],[139.913077,35.71607],[139.914581,35.715008],[139.91989,35.706549],[139.91189,35.69567],[139.910399,35.694995],[139.880567,35.709297]]]},"properties":{}}},
    {"code":1131328,"id":"9860cd","name":"本八幡","original_name":"本八幡","name_kana":"もとやわた","closed":false,"lat":35.720898,"lng":139.92741,"prefecture":12,"numbering":["S21"],"lines":[11313,99304],"attr":"cool","postal_code":"272-0021","address":"市川市八幡２丁目","voronoi":{"type":"Feature","geometry":{"type":"Polygon","coordinates":[[[139.93275,35.721076],[139.922588,35.723692],[139.914581,35.715008],[139.91989,35.706549],[139.927079,35.705781],[139.931517,35.709514],[139.93275,35.721076]]]},"properties":{}}}
  ]
}