{
  "code":99301,
  "id":380,
  "name":"都営大江戸線",
  "name_kana":"とえいおおえどせん",
  "station_size":38,
  "company_code":119,
  "closed":false,
  "color":"#B6007A",
  "symbol":"E",
  "station_list":[
    {"code":9930101,"id":6575,"name":"都庁前","original_name":"都庁前","name_kana":"とちょうまえ","closed":false,"lat":35.690551,"lng":139.69257,"prefecture":13,"numbering":["E28"],"lines":[99301],"attr":"eco","postal_code":"160-0023","address":"新宿区西新宿２-８-１","voronoi":{"type":"Feature","geometry":{"type":"Polygon","coordinates":[[[139.695727,35.692255],[139.688209,35.692672],[139.688786,35.686341],[139.691625,35.684448],[139.692752,35.684542],[139.696248,35.687559],[139.696536,35.690327],[139.695727,35.692255]]]},"properties":{}}},
    {"code":9930102,"id":6576,"name":"新宿西口","original_name":"新宿西口","name_kana":"しんじゅくにしぐち","closed":false,"lat":35.693315,"lng":139.699155,"prefecture":13,"numbering":["E01"],"lines":[99301],"attr":"eco","postal_code":"160-0023","address":"新宿区西新宿１-３-１７","voronoi":{"type":"Feature","geometry":{"type":"Polygon","coordinates":[[[139.695727,35.692255],[139.696536,35.690327],[139.702152,35.692377],[139.70279,35.693861],[139.696264,35.695737],[139.695727,35.692255]]]},"properties":{}}},
    {"code":2801012,"id":5311,"name":"東新宿","original_name":"東新宿","name_kana":"ひがししんじゅく","closed":false,"lat":35.698915,"lng":139.707593,"prefecture":13,"numbering":["E02"],"lines":[28010,99301],"attr":"heat","postal_code":"160-0022","address":"新宿区新宿７-２７-３","voronoi":{"type":"Feature","geometry":{"type":"Polygon","coordinates":[[[139.709395,35.693827],[139.704545,35.695449],[139.70352,35.698373],[139.705054,35.704111],[139.71278,35.702862],[139.713007,35.694911],[139.709395,35.693827]]]},"properties":{}}},
    {"code":9930104,"id":6577,"name":"若松河田","original_name":"若松河田","name_kana":"わかまつかわだ","closed":false,"lat":35.699218,"lng":139.718184,"prefecture":13,"numbering":["E03"],"lines":[99301],"attr":"eco","postal_code":"162-0054","address":"新宿区河田町１０-１０","voronoi":{"type":"Feature","geometry":{"type":"Polygon","coordinates":[[[139.716705,35.693172],[139.715713,35.693003],[139.713007,35.694911],[139.71278,35.702862],[139.714774,35.704869],[139.721507,35.701625],[139.721725,35.696632],[139.716705,35.693172]]]},"properties":{}}},
    {"code":9930105,"id":6578,"name":"牛込柳町","original_name":"牛込柳町","name_kana":"うしごめやなぎちょう","closed":false,"lat":35.699518,"lng":139.725027,"prefecture":13,"numbering":["E04"],"lines":[99301],"attr":"eco","postal_code":"162-0053","address":"新宿区原町２-３２","voronoi":{"type":"Feature","geometry":{"type":"Polygon","coordinates":[[[139.729332,35.694338],[139.730902,35.696244],[139.730403,35.700281],[139.728046,35.705532],[139.721507,35.701625],[139.721725,35.696632],[139.729332,35.694338]]]},"properties":{}}},
    {"code":9930106,"id":6579,"name":"牛込神楽坂","original_name":"牛込神楽坂","name_kana":"うしごめかぐらざか","closed":false,"lat":35.700851,"lng":139.735802,"prefecture":13,"numbering":["E05"],"lines":[99301],"attr":"eco","postal_code":"162-0833","address":"新宿区箪笥町１５","voronoi":{"type":"Feature","geometry":{"type":"Polygon","coordinates":[[[139.730902,35.696244],[139.730403,35.700281],[139.740146,35.704445],[139.741071,35.695659],[139.730902,35.696244]]]},"properties":{}}},
    {"code":1131316,"id":1491,"name":"飯田橋","original_name":"飯田橋","name_kana":"いいだばし","closed":false,"lat":35.701835,"lng":139.745143,"prefecture":13,"numbering":["E06"],"lines":[11313,28004,28006,28009,99301],"attr":"eco","postal_code":"102-0072","address":"東京都千代田区飯田橋四丁目10-2","open_date":"1964-12-23","voronoi":{"type":"Feature","geometry":{"type":"Polygon","coordinates":[[[139.743905,35.693656],[139.743036,35.693845],[139.741071,35.695659],[139.740146,35.704445],[139.74077,35.707831],[139.742159,35.709935],[139.743362,35.710566],[139.749692,35.703549],[139.74977,35.700046],[139.743905,35.693656]]]},"properties":{}}},
    {"code":9930108,"id":6580,"name":"春日(東京)","original_name":"春日","name_kana":"かすが","closed":false,"lat":35.709598,"lng":139.75325,"prefecture":13,"numbering":["E07"],"lines":[99301,99303],"attr":"eco","postal_code":"112-0003","address":"文京区春日１-１６-１７","voronoi":{"type":"Feature","geometry":{"type":"Polygon","coordinates":[[[139.755719,35.70617],[139.745698,35.71434],[139.74594,35.714866],[139.752493,35.715484],[139.758296,35.712036],[139.755719,35.70617]]]},"properties":{}}},
    {"code":2800205,"id":5217,"name":"本郷三丁目","original_name":"本郷三丁目","name_kana":"ほんごうさんちょうめ","closed":false,"lat":35.706671,"lng":139.759914,"prefecture":13,"numbering":["E08"],"lines":[28002,99301],"attr":"eco","postal_code":"113-0033","address":"文京区本郷２-３９-１","voronoi":{"type":"Feature","geometry":{"type":"Polygon","coordinates":[[[139.764343,35.711099],[139.764206,35.711275],[139.761691,35.712621],[139.758296,35.712036],[139.755719,35.70617],[139.755702,35.706061],[139.75972,35.701202],[139.765275,35.705165],[139.764343,35.711099]]]},"properties":{}}},
    {"code":9930110,"id":6581,"name":"上野御徒町","original_name":"上野御徒町","name_kana":"うえのおかちまち","closed":false,"lat":35.707893,"lng":139.774332,"prefecture":13,"numbering":["E09"],"lines":[99301],"attr":"eco","postal_code":"110-0005","address":"台東区上野５-２６-６","voronoi":{"type":"Feature","geometry":{"type":"Polygon","coordinates":[[[139.773364,35.709429],[139.773711,35.707058],[139.776194,35.708664],[139.777212,35.710141],[139.776972,35.710251],[139.773364,35.709429]]]},"properties":{}}},
    {"code":9930111,"id":6582,"name":"新御徒町","original_name":"新御徒町","name_kana":"しんおかちまち","closed":false,"lat":35.707045,"lng":139.781958,"prefecture":13,"numbering":["E10"],"lines":[99301,99309],"attr":"eco","postal_code":"111-0041","address":"台東区元浅草１-５-２","voronoi":{"type":"Feature","geometry":{"type":"Polygon","coordinates":[[[139.786406,35.708539],[139.778856,35.709673],[139.779428,35.70126],[139.785452,35.702803],[139.787041,35.706547],[139.786406,35.708539]]]},"properties":{}}},
    {"code":9930112,"id":6583,"name":"蔵前","original_name":"蔵前","name_kana":"くらまえ","closed":false,"lat":35.703236,"lng":139.790931,"prefecture":13,"numbering":["E11"],"lines":[99301,99302],"attr":"eco","postal_code":"111-0051","address":"台東区蔵前２-３-１","voronoi":{"type":"Feature","geometry":{"type":"Polygon","coordinates":[[[139.795722,35.706591],[139.798387,35.704347],[139.799363,35.701846],[139.78924,35.698579],[139.785452,35.702803],[139.787041,35.706547],[139.795722,35.706591]]]},"properties":{}}},
    {"code":1131321,"id":1494,"name":"両国","original_name":"両国","name_kana":"りょうごく","closed":false,"lat":35.69579,"lng":139.793334,"prefecture":13,"numbering":["E12"],"lines":[11313,99301],"attr":"heat","postal_code":"130-0015","address":"墨田区横網１丁目","voronoi":{"type":"Feature","geometry":{"type":"Polygon","coordinates":[[[139.788603,35.695062],[139.78924,35.698579],[139.799363,35.701846],[139.803332,35.698343],[139.801223,35.694733],[139.792753,35.690722],[139.789461,35.693067],[139.788603,35.695062]]]},"properties":{}}},
    {"code":9930114,"id":6584,"name":"森下(東京)","original_name":"森下","name_kana":"もりした","closed":false,"lat":35.68796,"lng":139.797042,"prefecture":13,"numbering":["E13"],"lines":[99301,99304],"attr":"eco","postal_code":"135-0004","address":"江東区森下２-１７-１７","voronoi":{"type":"Feature","geometry":{"type":"Polygon","coordinates":[[[139.801223,35.694733],[139.801622,35.686168],[139.792288,35.683284],[139.792753,35.690722],[139.801223,35.694733]]]},"properties":{}}},
    {"code":2800811,"id":5294,"name":"清澄白河","original_name":"清澄白河","name_kana":"きよすみしらかわ","closed":false,"lat":35.682105,"lng":139.798851,"prefecture":13,"numbering":["E14"],"lines":[28008,99301],"attr":"cool","postal_code":"135-0021","address":"江東区白河１-７-１４","voronoi":{"type":"Feature","geometry":{"type":"Polygon","coordinates":[[[139.802785,35.675624],[139.791943,35.678417],[139.792142,35.68304],[139.792288,35.683284],[139.801622,35.686168],[139.80795,35.678942],[139.802785,35.675624]]]},"properties":{}}},
    {"code":2800412,"id":5251,"name":"門前仲町","original_name":"門前仲町","name_kana":"もんぜんなかちょう","closed":false,"lat":35.671851,"lng":139.796209,"prefecture":13,"numbering":["E15"],"lines":[28004,99301],"attr":"heat","postal_code":"135-0048","address":"江東区門前仲町１丁目","voronoi":{"type":"Feature","geometry":{"type":"Polygon","coordinates":[[[139.802785,35.675624],[139.791943,35.678417],[139.788638,35.675112],[139.800264,35.664703],[139.802785,35.675624]]]},"properties":{}}},
    {"code":2800621,"id":5286,"name":"月島","original_name":"月島","name_kana":"つきしま","closed":false,"lat":35.664871,"lng":139.784233,"prefecture":13,"numbering":["E16"],"lines":[28006,99301],"attr":"cool","postal_code":"104-0052","address":"東京都中央区月島一丁目3-9","open_date":"1988-06-08","voronoi":{"type":"Feature","geometry":{"type":"Polygon","coordinates":[[[139.786033,35.673136],[139.79065,35.660405],[139.787872,35.657065],[139.784963,35.656027],[139.777908,35.664664],[139.778495,35.666769],[139.779582,35.668815],[139.786033,35.673136]]]},"properties":{}}},
    {"code":9930118,"id":6585,"name":"勝どき","original_name":"勝どき","name_kana":"かちどき","closed":false,"lat":35.658507,"lng":139.776442,"prefecture":13,"numbering":["E17"],"lines":[99301],"attr":"cool","postal_code":"104-0054","address":"中央区勝どき２-１０-１５","voronoi":{"type":"Feature","geometry":{"type":"Polygon","coordinates":[[[139.772419,35.645911],[139.76887,35.657512],[139.772112,35.662348],[139.777908,35.664664],[139.784963,35.656027],[139.783287,35.653706],[139.772419,35.645911]]]},"properties":{}}},
    {"code":9930119,"id":6586,"name":"築地市場","original_name":"築地市場","name_kana":"つきじしじょう","closed":false,"lat":35.664895,"lng":139.766915,"prefecture":13,"numbering":["E18"],"lines":[99301],"attr":"cool","postal_code":"104-0045","address":"中央区築地５-１-２","voronoi":{"type":"Feature","geometry":{"type":"Polygon","coordinates":[[[139.772112,35.662348],[139.769477,35.667002],[139.763176,35.667469],[139.764711,35.659391],[139.76887,35.657512],[139.772112,35.662348]]]},"properties":{}}},
    {"code":9930120,"id":6587,"name":"汐留","original_name":"汐留","name_kana":"しおどめ","closed":false,"lat":35.663703,"lng":139.760642,"prefecture":13,"numbering":["E19"],"lines":[99301,99311],"attr":"cool","postal_code":"105-0021","address":"港区東新橋１丁目５","voronoi":{"type":"Feature","geometry":{"type":"Polygon","coordinates":[[[139.763139,35.667511],[139.762858,35.667624],[139.756182,35.662118],[139.756398,35.661328],[139.758046,35.659902],[139.760655,35.658802],[139.764711,35.659391],[139.763176,35.667469],[139.763139,35.667511]]]},"properties":{}}},
    {"code":9930121,"id":6588,"name":"大門(東京)","original_name":"大門","name_kana":"だいもん","closed":false,"lat":35.656785,"lng":139.75466,"prefecture":13,"numbering":["E20"],"lines":[99301,99302],"attr":"cool","postal_code":"105-0013","address":"港区浜松町１-２７-１２","voronoi":{"type":"Feature","geometry":{"type":"Polygon","coordinates":[[[139.758046,35.659902],[139.756398,35.661328],[139.75105,35.657556],[139.75388,35.652507],[139.758046,35.659902]]]},"properties":{}}},
    {"code":9930122,"id":6589,"name":"赤羽橋","original_name":"赤羽橋","name_kana":"あかばねばし","closed":false,"lat":35.655007,"lng":139.743642,"prefecture":13,"numbering":["E21"],"lines":[99301],"attr":"cool","postal_code":"106-0044","address":"港区東麻布１-２８-１３","voronoi":{"type":"Feature","geometry":{"type":"Polygon","coordinates":[[[139.74067,35.648277],[139.740104,35.659754],[139.747311,35.658463],[139.747323,35.658449],[139.746298,35.651661],[139.743256,35.649373],[139.74067,35.648277]]]},"properties":{}}},
    {"code":2800916,"id":5304,"name":"麻布十番","original_name":"麻布十番","name_kana":"あざぶじゅうばん","closed":false,"lat":35.654682,"lng":139.737051,"prefecture":13,"numbering":["E22"],"lines":[28009,99301],"attr":"eco","postal_code":"106-0045","address":"港区麻布十番４-４-９","voronoi":{"type":"Feature","geometry":{"type":"Polygon","coordinates":[[[139.740087,35.65977],[139.740104,35.659754],[139.74067,35.648277],[139.740139,35.647651],[139.730166,35.650146],[139.729321,35.655371],[139.736618,35.66039],[139.740087,35.65977]]]},"properties":{}}},
    {"code":2800319,"id":5244,"name":"六本木","original_name":"六本木","name_kana":"ろっぽんぎ","closed":false,"lat":35.662836,"lng":139.731443,"prefecture":13,"numbering":["E23"],"lines":[28003,99301],"attr":"cool","postal_code":"106-0032","address":"港区六本木６-１-２５","voronoi":{"type":"Feature","geometry":{"type":"Polygon","coordinates":[[[139.733486,35.668969],[139.732395,35.669694],[139.724915,35.659227],[139.729321,35.655371],[139.736618,35.66039],[139.733486,35.668969]]]},"properties":{}}},
    {"code":2800116,"id":5211,"name":"青山一丁目","original_name":"青山一丁目","name_kana":"あおやまいっちょうめ","closed":false,"lat":35.672765,"lng":139.724159,"prefecture":13,"numbering":["E24"],"lines":[28001,28008,99301],"attr":"cool","postal_code":"107-0062","address":"港区南青山１-１-１９","voronoi":{"type":"Feature","geometry":{"type":"Polygon","coordinates":[[[139.731256,35.672915],[139.731296,35.671697],[139.722077,35.668636],[139.719769,35.675135],[139.728094,35.679065],[139.729443,35.678406],[139.731256,35.672915]]]},"properties":{}}},
    {"code":9930126,"id":6590,"name":"国立競技場","original_name":"国立競技場","name_kana":"こくりつきょうぎじょう","closed":false,"lat":35.679831,"lng":139.714932,"prefecture":13,"numbering":["E25"],"lines":[99301],"attr":"heat","postal_code":"160-0013","address":"新宿区霞ケ丘町１０-３","voronoi":{"type":"Feature","geometry":{"type":"Polygon","coordinates":[[[139.715316,35.685295],[139.710828,35.674754],[139.711011,35.673487],[139.717977,35.675677],[139.717698,35.68378],[139.715316,35.685295]]]},"properties":{}}},
    {"code":1130207,"id":1285,"name":"代々木","original_name":"代々木","name_kana":"よよぎ","closed":false,"lat":35.683061,"lng":139.702042,"prefecture":13,"numbering":["E26"],"lines":[11302,11313,99301],"attr":"cool","postal_code":"151-0053","address":"東京都渋谷区代々木一丁目34-1","open_date":"1906-09-23","voronoi":{"type":"Feature","geometry":{"type":"Polygon","coordinates":[[[139.703526,35.686933],[139.700731,35.686272],[139.699663,35.677732],[139.707045,35.683204],[139.707273,35.684405],[139.706309,35.685913],[139.703526,35.686933]]]},"properties":{}}},
    {"code":1130208,"id":1286,"name":"新宿","original_name":"新宿","name_kana":"しんじゅく","closed":false,"lat":35.689729,"lng":139.700464,"prefecture":13,"numbering":["E27"],"lines":[11302,11311,11312,11313,11321,11328,11333,24001,25001,28002,99301,99304],"attr":"heat","postal_code":"160-0022","address":"東京都新宿区新宿三丁目38-1","open_date":"1885-03-01","voronoi":{"type":"Feature","geometry":{"type":"Polygon","coordinates":[[[139.696248,35.687559],[139.700731,35.686272],[139.703526,35.686933],[139.702152,35.692377],[139.696536,35.690327],[139.696248,35.687559]]]},"properties":{}}},
    {"code":9930129,"id":6591,"name":"西新宿五丁目","original_name":"西新宿五丁目","name_kana":"にししんじゅくごちょうめ","closed":false,"lat":35.689798,"lng":139.684304,"prefecture":13,"numbering":["E29"],"lines":[99301],"attr":"heat","postal_code":"160-0023","address":"新宿区西新宿５-２５-９","voronoi":{"type":"Feature","geometry":{"type":"Polygon","coordinates":[[[139.688786,35.686341],[139.688209,35.692672],[139.687247,35.694484],[139.679651,35.69318],[139.677803,35.684986],[139.679254,35.68406],[139.688786,35.686341]]]},"properties":{}}},
    {"code":2800220,"id":5226,"name":"中野坂上","original_name":"中野坂上","name_kana":"なかのさかうえ","closed":false,"lat":35.69792,"lng":139.68291,"prefecture":13,"numbering":["E30"],"lines":[28002,99301],"attr":"heat","postal_code":"164-0011","address":"中野区中央２-１-２","voronoi":{"type":"Feature","geometry":{"type":"Polygon","coordinates":[[[139.679651,35.69318],[139.687247,35.694484],[139.689697,35.701157],[139.675787,35.703622],[139.675933,35.698897],[139.679651,35.69318]]]},"properties":{}}},
    {"code":1131308,"id":1486,"name":"東中野","original_name":"東中野","name_kana":"ひがしなかの","closed":false,"lat":35.706529,"lng":139.684436,"prefecture":13,"numbering":["E31"],"lines":[11313,99301],"attr":"cool","postal_code":"164-0003","address":"中野区東中野４丁目","voronoi":{"type":"Feature","geometry":{"type":"Polygon","coordinates":[[[139.675787,35.703622],[139.689697,35.701157],[139.689792,35.701222],[139.691531,35.705121],[139.680016,35.712495],[139.679642,35.712606],[139.675109,35.706796],[139.675198,35.704627],[139.675787,35.703622]]]},"properties":{}}},
    {"code":2200704,"id":4814,"name":"中井","original_name":"中井","name_kana":"なかい","closed":false,"lat":35.715106,"lng":139.686967,"prefecture":13,"numbering":["E32"],"lines":[22007,99301],"attr":"cool","postal_code":"161-0032","address":"新宿区中落合１-１９-１","voronoi":{"type":"Feature","geometry":{"type":"Polygon","coordinates":[[[139.680016,35.712495],[139.679642,35.712606],[139.679851,35.71708],[139.689827,35.721379],[139.69071,35.72081],[139.691364,35.713366],[139.680016,35.712495]]]},"properties":{}}},
    {"code":9930133,"id":6592,"name":"落合南長崎","original_name":"落合南長崎","name_kana":"おちあいみなみながさき","closed":false,"lat":35.723608,"lng":139.683303,"prefecture":13,"numbering":["E33"],"lines":[99301],"attr":"heat","postal_code":"161-0031","address":"新宿区西落合３-１-１８","voronoi":{"type":"Feature","geometry":{"type":"Polygon","coordinates":[[[139.676086,35.726809],[139.674444,35.724483],[139.679851,35.71708],[139.689827,35.721379],[139.688368,35.726826],[139.676086,35.726809]]]},"properties":{}}},
    {"code":9930134,"id":6593,"name":"新江古田","original_name":"新江古田","name_kana":"しんえごた","closed":false,"lat":35.732538,"lng":139.670653,"prefecture":13,"numbering":["E34"],"lines":[99301],"attr":"heat","postal_code":"165-0023","address":"中野区江原町２-２９-１３","voronoi":{"type":"Feature","geometry":{"type":"Polygon","coordinates":[[[139.677249,35.732673],[139.668591,35.736401],[139.6668,35.735889],[139.661455,35.729014],[139.670932,35.724079],[139.674444,35.724483],[139.676086,35.726809],[139.677249,35.732673]]]},"properties":{}}},
    {"code":2200106,"id":4775,"name":"練馬","original_name":"練馬","name_kana":"ねりま","closed":false,"lat":35.737893,"lng":139.654368,"prefecture":13,"numbering":["E35"],"lines":[22001,22003,22004,99301],"attr":"heat","postal_code":"176-0001","address":"練馬区練馬１-３-５","voronoi":{"type":"Feature","geometry":{"type":"Polygon","coordinates":[[[139.65606,35.747476],[139.64624,35.732399],[139.646257,35.73215],[139.651469,35.728962],[139.658445,35.728337],[139.659523,35.728891],[139.65765,35.745948],[139.65606,35.747476]]]},"properties":{}}},
    {"code":2200402,"id":4807,"name":"豊島園","original_name":"豊島園","name_kana":"としまえん","closed":false,"lat":35.742054,"lng":139.647979,"prefecture":13,"numbering":["E36"],"lines":[22004,99301],"attr":"cool","postal_code":"176-0001","address":"練馬区練馬４-１６-５","voronoi":{"type":"Feature","geometry":{"type":"Polygon","coordinates":[[[139.655765,35.748168],[139.648881,35.750686],[139.640515,35.743793],[139.64624,35.732399],[139.65606,35.747476],[139.655765,35.748168]]]},"properties":{}}},
    {"code":9930137,"id":6594,"name":"練馬春日町","original_name":"練馬春日町","name_kana":"ねりまかすがちょう","closed":false,"lat":35.751452,"lng":139.640236,"prefecture":13,"numbering":["E37"],"lines":[99301],"attr":"heat","postal_code":"179-0074","address":"練馬区春日町３-２９-２５","voronoi":{"type":"Feature","geometry":{"type":"Polygon","coordinates":[[[139.629697,35.747223],[139.632531,35.745305],[139.640515,35.743793],[139.648881,35.750686],[139.644353,35.76024],[139.638359,35.761467],[139.629697,35.747223]]]},"properties":{}}},
    {"code":9930138,"id":6595,"name":"光が丘","original_name":"光が丘","name_kana":"ひかりがおか","closed":false,"lat":35.758526,"lng":139.628603,"prefecture":13,"numbering":["E38"],"lines":[99301],"attr":"heat","postal_code":"179-0072","address":"練馬区光が丘２-９-５","voronoi":{"type":"Feature","geometry":{"type":"Polygon","coordinates":[[[139.626461,35.747068],[139.61554,35.754299],[139.607208,35.766338],[139.614167,35.770091],[139.634377,35.766847],[139.638359,35.761467],[139.629697,35.747223],[139.626461,35.747068]]]},"properties":{}}}
  ]
}