{
  "code":99303,
  "id":382,
  "name":"都営三田線",
  "name_kana":"とえいみたせん",
  "station_size":27,
  "company_code":119,
  "closed":false,
  "color":"#0000FF",
  "symbol":"I",
  "station_list":[
    {"code":1130203,"id":1281,"name":"目黒","original_name":"目黒","name_kana":"めぐろ","closed":false,"lat":35.633923,"lng":139.715775,"prefecture":13,"numbering":["I01"],"lines":[11302,26002,28009,99303],"attr":"eco","postal_code":"141-0021","address":"東京都品川区上大崎二丁目16-9","open_date":"1885-03-16","voronoi":{"type":"Feature","geometry":{"type":"Polygon","coordinates":[[[139.718331,35.642722],[139.706305,35.637346],[139.703624,35.632715],[139.70476,35.631761],[139.719459,35.629605],[139.722286,35.632466],[139.718331,35.642722]]]},"properties":{}}},
    {"code":2800918,"id":5306,"name":"白金台","original_name":"白金台","name_kana":"しろかねだい","closed":false,"lat":35.637917,"lng":139.726133,"prefecture":13,"numbering":["I02"],"lines":[28009,99303],"attr":"eco","postal_code":"108-0071","address":"港区白金台３-２","voronoi":{"type":"Feature","geometry":{"type":"Polygon","coordinates":[[[139.718331,35.642722],[139.718831,35.643637],[139.726745,35.645803],[139.732033,35.637349],[139.724184,35.632099],[139.722286,35.632466],[139.718331,35.642722]]]},"properties":{}}},
    {"code":2800917,"id":5305,"name":"白金高輪","original_name":"白金高輪","name_kana":"しろかねたかなわ","closed":false,"lat":35.642903,"lng":139.734104,"prefecture":13,"numbering":["I03"],"lines":[28009,99303],"attr":"eco","postal_code":"108-0074","address":"港区高輪１-３-２０","voronoi":{"type":"Feature","geometry":{"type":"Polygon","coordinates":[[[139.730166,35.650146],[139.726745,35.645803],[139.732033,35.637349],[139.734108,35.636647],[139.74055,35.645697],[139.740139,35.647651],[139.730166,35.650146]]]},"properties":{}}},
    {"code":9930208,"id":6600,"name":"三田(東京)","original_name":"三田","name_kana":"みた","closed":false,"lat":35.64818,"lng":139.748775,"prefecture":13,"numbering":["I04"],"lines":[99302,99303],"attr":"cool","postal_code":"108-0014","address":"港区芝５-３４-１０","voronoi":{"type":"Feature","geometry":{"type":"Polygon","coordinates":[[[139.75415,35.646161],[139.75303,35.644574],[139.743256,35.649373],[139.746298,35.651661],[139.753762,35.650333],[139.75415,35.646161]]]},"properties":{}}},
    {"code":9930305,"id":6604,"name":"芝公園","original_name":"芝公園","name_kana":"しばこうえん","closed":false,"lat":35.654074,"lng":139.749824,"prefecture":13,"numbering":["I05"],"lines":[99303],"attr":"eco","postal_code":"105-0011","address":"港区芝公園４-８-１４","voronoi":{"type":"Feature","geometry":{"type":"Polygon","coordinates":[[[139.746298,35.651661],[139.747323,35.658449],[139.75105,35.657556],[139.75388,35.652507],[139.754143,35.651047],[139.753762,35.650333],[139.746298,35.651661]]]},"properties":{}}},
    {"code":9930306,"id":6605,"name":"御成門","original_name":"御成門","name_kana":"おなりもん","closed":false,"lat":35.661215,"lng":139.751535,"prefecture":13,"numbering":["I06"],"lines":[99303],"attr":"eco","postal_code":"105-0003","address":"港区西新橋３-２４-６","voronoi":{"type":"Feature","geometry":{"type":"Polygon","coordinates":[[[139.75105,35.657556],[139.756398,35.661328],[139.756182,35.662118],[139.753924,35.665314],[139.752447,35.66602],[139.748758,35.66377],[139.747311,35.658463],[139.747323,35.658449],[139.75105,35.657556]]]},"properties":{}}},
    {"code":9930307,"id":6606,"name":"内幸町","original_name":"内幸町","name_kana":"うちさいわいちょう","closed":false,"lat":35.66975,"lng":139.75561,"prefecture":13,"numbering":["I07"],"lines":[99303],"attr":"eco","postal_code":"100-0011","address":"千代田区内幸町２-２-３","voronoi":{"type":"Feature","geometry":{"type":"Polygon","coordinates":[[[139.753924,35.665314],[139.752447,35.66602],[139.7524,35.666178],[139.752831,35.671307],[139.755519,35.674404],[139.759876,35.670299],[139.753924,35.665314]]]},"properties":{}}},
    {"code":2800315,"id":5242,"name":"日比谷","original_name":"日比谷","name_kana":"ひびや","closed":false,"lat":35.67459,"lng":139.76017,"prefecture":13,"numbering":["I08"],"lines":[28003,28005,99303],"attr":"heat","postal_code":"100-0006","address":"千代田区有楽町１丁目","voronoi":{"type":"Feature","geometry":{"type":"Polygon","coordinates":[[[139.760001,35.670275],[139.759876,35.670299],[139.755519,35.674404],[139.755478,35.674912],[139.756803,35.678998],[139.761348,35.677751],[139.762309,35.673642],[139.760001,35.670275]]]},"properties":{}}},
    {"code":2800208,"id":5219,"name":"大手町(東京)","original_name":"大手町","name_kana":"おおてまち","closed":false,"lat":35.686564,"lng":139.7662,"prefecture":13,"numbering":["I09"],"lines":[28002,28004,28005,28008,99303],"attr":"heat","postal_code":"100-0004","address":"千代田区大手町１丁目","voronoi":{"type":"Feature","geometry":{"type":"Polygon","coordinates":[[[139.763811,35.684021],[139.760591,35.686513],[139.762628,35.691176],[139.765623,35.690942],[139.766387,35.690828],[139.769834,35.687507],[139.770063,35.684655],[139.769608,35.683913],[139.763811,35.684021]]]},"properties":{}}},
    {"code":2800807,"id":5291,"name":"神保町","original_name":"神保町","name_kana":"じんぼうちょう","closed":false,"lat":35.695966,"lng":139.757606,"prefecture":13,"numbering":["I10"],"lines":[28008,99303,99304],"attr":"heat","postal_code":"101-0051","address":"千代田区神田神保町２-２","voronoi":{"type":"Feature","geometry":{"type":"Polygon","coordinates":[[[139.761987,35.692604],[139.754918,35.693655],[139.754611,35.698271],[139.759679,35.70102],[139.761963,35.696406],[139.762222,35.695374],[139.761987,35.692604]]]},"properties":{}}},
    {"code":1131317,"id":1492,"name":"水道橋","original_name":"水道橋","name_kana":"すいどうばし","closed":false,"lat":35.702039,"lng":139.754312,"prefecture":13,"numbering":["I11"],"lines":[11313,99303],"attr":"eco","postal_code":"101-0061","address":"千代田区三崎町２丁目","voronoi":{"type":"Feature","geometry":{"type":"Polygon","coordinates":[[[139.749692,35.703549],[139.755702,35.706061],[139.75972,35.701202],[139.759679,35.70102],[139.754611,35.698271],[139.74977,35.700046],[139.749692,35.703549]]]},"properties":{}}},
    {"code":9930108,"id":6580,"name":"春日(東京)","original_name":"春日","name_kana":"かすが","closed":false,"lat":35.709598,"lng":139.75325,"prefecture":13,"numbering":["I12"],"lines":[99301,99303],"attr":"eco","postal_code":"112-0003","address":"文京区春日１-１６-１７","voronoi":{"type":"Feature","geometry":{"type":"Polygon","coordinates":[[[139.755719,35.70617],[139.745698,35.71434],[139.74594,35.714866],[139.752493,35.715484],[139.758296,35.712036],[139.755719,35.70617]]]},"properties":{}}},
    {"code":9930313,"id":6607,"name":"白山(東京)","original_name":"白山","name_kana":"はくさん","closed":false,"lat":35.721408,"lng":139.752136,"prefecture":13,"numbering":["I13"],"lines":[99303],"attr":"eco","postal_code":"112-0001","address":"文京区白山５-３６-１０","voronoi":{"type":"Feature","geometry":{"type":"Polygon","coordinates":[[[139.74439,35.720113],[139.74594,35.714866],[139.752493,35.715484],[139.755985,35.720932],[139.748972,35.725252],[139.74439,35.720113]]]},"properties":{}}},
    {"code":9930314,"id":6608,"name":"千石","original_name":"千石","name_kana":"せんごく","closed":false,"lat":35.727957,"lng":139.744792,"prefecture":13,"numbering":["I14"],"lines":[99303],"attr":"eco","postal_code":"112-0011","address":"文京区千石１-２９-１３","voronoi":{"type":"Feature","geometry":{"type":"Polygon","coordinates":[[[139.751231,35.730623],[139.744459,35.733113],[139.737486,35.726139],[139.737698,35.724755],[139.74439,35.720113],[139.748972,35.725252],[139.751231,35.730623]]]},"properties":{}}},
    {"code":1130214,"id":1292,"name":"巣鴨","original_name":"巣鴨","name_kana":"すがも","closed":false,"lat":35.733445,"lng":139.739303,"prefecture":13,"numbering":["I15"],"lines":[11302,99303],"attr":"heat","postal_code":"170-0002","address":"東京都豊島区巣鴨一丁目16-1","open_date":"1903-04-01","voronoi":{"type":"Feature","geometry":{"type":"Polygon","coordinates":[[[139.742016,35.739437],[139.738329,35.740323],[139.736556,35.739277],[139.735644,35.738255],[139.734031,35.735735],[139.734949,35.729192],[139.737486,35.726139],[139.744459,35.733113],[139.742016,35.739437]]]},"properties":{}}},
    {"code":9930316,"id":6609,"name":"西巣鴨","original_name":"西巣鴨","name_kana":"にしすがも","closed":false,"lat":35.743508,"lng":139.728712,"prefecture":13,"numbering":["I16"],"lines":[99303],"attr":"heat","postal_code":"170-0001","address":"豊島区西巣鴨３-２５-１３","voronoi":{"type":"Feature","geometry":{"type":"Polygon","coordinates":[[[139.72811,35.741244],[139.730876,35.74347],[139.729196,35.75035],[139.72812,35.752206],[139.724488,35.746279],[139.723193,35.740092],[139.723544,35.74005],[139.72811,35.741244]]]},"properties":{}}},
    {"code":9930317,"id":6610,"name":"新板橋","original_name":"新板橋","name_kana":"しんいたばし","closed":false,"lat":35.748785,"lng":139.720101,"prefecture":13,"numbering":["I17"],"lines":[99303],"attr":"heat","postal_code":"173-0004","address":"板橋区板橋１-５３-１７","voronoi":{"type":"Feature","geometry":{"type":"Polygon","coordinates":[[[139.716449,35.755425],[139.715325,35.750928],[139.717266,35.74756],[139.724488,35.746279],[139.72812,35.752206],[139.728216,35.75325],[139.716449,35.755425]]]},"properties":{}}},
    {"code":9930318,"id":6611,"name":"板橋区役所前","original_name":"板橋区役所前","name_kana":"いたばしくやくしょまえ","closed":false,"lat":35.751284,"lng":139.710102,"prefecture":13,"numbering":["I18"],"lines":[99303],"attr":"heat","postal_code":"173-0004","address":"板橋区板橋２-６６-１７","voronoi":{"type":"Feature","geometry":{"type":"Polygon","coordinates":[[[139.708224,35.744951],[139.704448,35.754781],[139.713773,35.759016],[139.716449,35.755425],[139.715325,35.750928],[139.708224,35.744951]]]},"properties":{}}},
    {"code":9930319,"id":6612,"name":"板橋本町","original_name":"板橋本町","name_kana":"いたばしほんちょう","closed":false,"lat":35.761339,"lng":139.705535,"prefecture":13,"numbering":["I19"],"lines":[99303],"attr":"heat","postal_code":"173-0012","address":"板橋区大和町１７-１","voronoi":{"type":"Feature","geometry":{"type":"Polygon","coordinates":[[[139.713773,35.759016],[139.704448,35.754781],[139.701661,35.755415],[139.698275,35.762621],[139.713681,35.769268],[139.71436,35.768641],[139.713773,35.759016]]]},"properties":{}}},
    {"code":9930320,"id":6613,"name":"本蓮沼","original_name":"本蓮沼","name_kana":"もとはすぬま","closed":false,"lat":35.768782,"lng":139.702324,"prefecture":13,"numbering":["I20"],"lines":[99303],"attr":"heat","postal_code":"174-0052","address":"板橋区蓮沼町１９-８","voronoi":{"type":"Feature","geometry":{"type":"Polygon","coordinates":[[[139.709939,35.776799],[139.704417,35.777819],[139.693397,35.766798],[139.695056,35.764592],[139.698275,35.762621],[139.713681,35.769268],[139.709939,35.776799]]]},"properties":{}}},
    {"code":9930321,"id":6614,"name":"志村坂上","original_name":"志村坂上","name_kana":"しむらさかうえ","closed":false,"lat":35.775725,"lng":139.69538,"prefecture":13,"numbering":["I21"],"lines":[99303],"attr":"heat","postal_code":"174-0056","address":"板橋区志村１-１４-１３","voronoi":{"type":"Feature","geometry":{"type":"Polygon","coordinates":[[[139.697153,35.784456],[139.704417,35.777819],[139.693397,35.766798],[139.689214,35.768368],[139.691806,35.783061],[139.697153,35.784456]]]},"properties":{}}},
    {"code":9930322,"id":6615,"name":"志村三丁目","original_name":"志村三丁目","name_kana":"しむらさんちょうめ","closed":false,"lat":35.777391,"lng":139.685937,"prefecture":13,"numbering":["I22"],"lines":[99303],"attr":"heat","postal_code":"174-0056","address":"板橋区志村３-２３-１","voronoi":{"type":"Feature","geometry":{"type":"Polygon","coordinates":[[[139.689214,35.768368],[139.685209,35.767706],[139.675804,35.774202],[139.686671,35.785069],[139.691806,35.783061],[139.689214,35.768368]]]},"properties":{}}},
    {"code":9930323,"id":6616,"name":"蓮根","original_name":"蓮根","name_kana":"はすね","closed":false,"lat":35.784335,"lng":139.678993,"prefecture":13,"numbering":["I23"],"lines":[99303],"attr":"cool","postal_code":"174-0046","address":"板橋区蓮根２-３１-３０","voronoi":{"type":"Feature","geometry":{"type":"Polygon","coordinates":[[[139.675804,35.774202],[139.672191,35.774652],[139.67122,35.775709],[139.681284,35.794746],[139.686671,35.785069],[139.675804,35.774202]]]},"properties":{}}},
    {"code":9930324,"id":6617,"name":"西台","original_name":"西台","name_kana":"にしだい","closed":false,"lat":35.78699,"lng":139.673971,"prefecture":13,"numbering":["I24"],"lines":[99303],"attr":"cool","postal_code":"175-0082","address":"板橋区高島平９-１-１","voronoi":{"type":"Feature","geometry":{"type":"Polygon","coordinates":[[[139.67122,35.775709],[139.666139,35.779044],[139.669341,35.798813],[139.680863,35.796482],[139.681284,35.794746],[139.67122,35.775709]]]},"properties":{}}},
    {"code":9930325,"id":6618,"name":"高島平","original_name":"高島平","name_kana":"たかしまだいら","closed":false,"lat":35.789056,"lng":139.661216,"prefecture":13,"numbering":["I25"],"lines":[99303],"attr":"cool","postal_code":"175-0082","address":"板橋区高島平８-２-１","voronoi":{"type":"Feature","geometry":{"type":"Polygon","coordinates":[[[139.660233,35.80486],[139.655958,35.77867],[139.666139,35.779044],[139.669341,35.798813],[139.663776,35.803828],[139.660233,35.80486]]]},"properties":{}}},
    {"code":9930326,"id":6619,"name":"新高島平","original_name":"新高島平","name_kana":"しんたかしまだいら","closed":false,"lat":35.790189,"lng":139.654275,"prefecture":13,"numbering":["I26"],"lines":[99303],"attr":"cool","postal_code":"175-0082","address":"板橋区高島平７-１","voronoi":{"type":"Feature","geometry":{"type":"Polygon","coordinates":[[[139.648132,35.780995],[139.65357,35.808564],[139.660233,35.80486],[139.655958,35.77867],[139.654115,35.778011],[139.648132,35.780995]]]},"properties":{}}},
    {"code":9930327,"id":6620,"name":"西高島平","original_name":"西高島平","name_kana":"にしたかしまだいら","closed":false,"lat":35.791833,"lng":139.64594,"prefecture":13,"numbering":["I27"],"lines":[99303],"attr":"cool","postal_code":"175-0082","address":"板橋区高島平６-１","voronoi":{"type":"Feature","geometry":{"type":"Polygon","coordinates":[[[139.648132,35.780995],[139.65357,35.808564],[139.651909,35.810081],[139.635119,35.817392],[139.626774,35.814483],[139.628737,35.794707],[139.642981,35.781348],[139.648132,35.780995]]]},"properties":{}}}
  ]
}