{
  "code":99319,
  "id":"4c254c",
  "name":"関東鉄道竜ヶ崎線",
  "name_kana":"かんとうてつどうりゅうがさきせん",
  "station_size":3,
  "company_code":132,
  "closed":false,
  "station_list":[
    {"code":9931901,"id":"1c62ca","name":"佐貫","original_name":"佐貫","name_kana":"さぬき","closed":false,"lat":35.929782,"lng":140.13847,"prefecture":8,"lines":[99319],"attr":"eco","postal_code":"301-0033","address":"龍ケ崎市佐貫町","voronoi":{"type":"Feature","geometry":{"type":"Polygon","coordinates":[[[140.134319,35.912102],[140.137194,35.905796],[140.163276,35.951221],[140.143285,35.952349],[140.134319,35.912102]]]},"properties":{}}},
    {"code":9931902,"id":"bbeefe","name":"入地","original_name":"入地","name_kana":"いれじ","closed":false,"lat":35.91899,"lng":140.157266,"prefecture":8,"lines":[99319],"attr":"eco","postal_code":"301-0046","address":"龍ケ崎市入地町３５１","voronoi":{"type":"Feature","geometry":{"type":"Polygon","coordinates":[[[140.152624,35.88155],[140.136444,35.887206],[140.137194,35.905796],[140.163276,35.951221],[140.189732,35.958843],[140.152624,35.88155]]]},"properties":{}}},
    {"code":9931903,"id":"73cbf0","name":"竜ヶ崎","original_name":"竜ヶ崎","name_kana":"りゅうがさき","closed":false,"lat":35.908586,"lng":140.178937,"prefecture":8,"lines":[99319],"attr":"eco","postal_code":"301-0018","address":"茨城県龍ケ崎市米町3903","voronoi":{"type":"Feature","geometry":{"type":"Polygon","coordinates":[[[140.213401,35.87465],[140.268988,35.922773],[140.279595,35.979647],[140.275371,35.980325],[140.200237,35.964809],[140.189732,35.958843],[140.152624,35.88155],[140.161765,35.874448],[140.176399,35.867949],[140.213401,35.87465]]]},"properties":{}}}
  ]
}