{
  "code":99312,
  "id":"4f3779",
  "name":"わたらせ渓谷鐵道",
  "name_kana":"わたらせけいこくてつどう",
  "name_formal":"わたらせ渓谷鐵道わたらせ渓谷線",
  "station_size":17,
  "company_code":126,
  "closed":false,
  "symbol":"WK",
  "station_list":[
    {"code":1134111,"id":"5d17f9","name":"桐生","original_name":"桐生","name_kana":"きりゅう","closed":false,"lat":36.41109,"lng":139.33319,"prefecture":10,"numbering":["WK01"],"lines":[11341,99312],"attr":"cool","postal_code":"376-0045","address":"桐生市末広町","voronoi":{"type":"Feature","geometry":{"type":"Polygon","coordinates":[[[139.326037,36.411485],[139.324387,36.40807],[139.325069,36.40435],[139.347592,36.385938],[139.377348,36.419891],[139.326037,36.411485]]]},"properties":{}}},
    {"code":9931202,"id":"0cad90","name":"下新田","original_name":"下新田","name_kana":"しもしんでん","closed":false,"lat":36.407776,"lng":139.315086,"prefecture":10,"numbering":["WK02"],"lines":[99312],"attr":"cool","postal_code":"376-0011","address":"桐生市相生町２丁目","open_date":"1992-03-14","voronoi":{"type":"Feature","geometry":{"type":"Polygon","coordinates":[[[139.30811,36.398735],[139.3075,36.399658],[139.309768,36.409615],[139.311545,36.411351],[139.321287,36.410188],[139.324387,36.40807],[139.325069,36.40435],[139.309598,36.398281],[139.30811,36.398735]]]},"properties":{}}},
    {"code":2101107,"id":"3c9d62","name":"相老","original_name":"相老","name_kana":"あいおい","closed":false,"lat":36.410261,"lng":139.304178,"prefecture":10,"numbering":["WK03"],"lines":[21011,99312],"attr":"eco","postal_code":"376-0011","address":"桐生市相生町２丁目","voronoi":{"type":"Feature","geometry":{"type":"Polygon","coordinates":[[[139.3075,36.399658],[139.291052,36.407791],[139.30118,36.414882],[139.302739,36.415394],[139.309768,36.409615],[139.3075,36.399658]]]},"properties":{}}},
    {"code":9931204,"id":"333078","name":"運動公園(群馬)","original_name":"運動公園","name_kana":"うんどうこうえん","closed":false,"lat":36.42038,"lng":139.300852,"prefecture":10,"numbering":["WK04"],"lines":[99312],"attr":"cool","postal_code":"376-0011","address":"桐生市相生町３丁目","open_date":"1989-03-29","voronoi":{"type":"Feature","geometry":{"type":"Polygon","coordinates":[[[139.31349,36.46723],[139.29378,36.434982],[139.30118,36.414882],[139.302739,36.415394],[139.31284,36.428853],[139.319807,36.46908],[139.31349,36.46723]]]},"properties":{}}},
    {"code":9931205,"id":"95516f","name":"大間々","original_name":"大間々","name_kana":"おおまま","closed":false,"lat":36.434617,"lng":139.277559,"prefecture":10,"numbering":["WK05"],"lines":[99312],"attr":"cool","postal_code":"376-0101","address":"みどり市大間々町大間々","open_date":"1911-04-15","voronoi":{"type":"Feature","geometry":{"type":"Polygon","coordinates":[[[139.289314,36.429071],[139.29378,36.434982],[139.31349,36.46723],[139.294212,36.467236],[139.253087,36.444184],[139.254179,36.442846],[139.269447,36.430781],[139.289314,36.429071]]]},"properties":{}}},
    {"code":9931206,"id":"cd33d3","name":"上神梅","original_name":"上神梅","name_kana":"かみかんばい","closed":false,"lat":36.470053,"lng":139.257696,"prefecture":10,"numbering":["WK06"],"lines":[99312],"attr":"cool","postal_code":"376-0104","address":"みどり市大間々町上神梅","open_date":"1912-12-31","voronoi":{"type":"Feature","geometry":{"type":"Polygon","coordinates":[[[139.294212,36.467236],[139.287707,36.471575],[139.187668,36.48578],[139.189676,36.482676],[139.189755,36.482574],[139.216445,36.459134],[139.225384,36.453134],[139.247562,36.444202],[139.253087,36.444184],[139.294212,36.467236]]]},"properties":{}}},
    {"code":9931207,"id":"3c09c3","name":"本宿(群馬)","original_name":"本宿","name_kana":"もとじゅく","closed":false,"lat":36.481391,"lng":139.259306,"prefecture":10,"numbering":["WK07"],"lines":[99312],"attr":"cool","postal_code":"376-0143","address":"桐生市黒保根町宿廻","open_date":"1989-03-29","voronoi":{"type":"Feature","geometry":{"type":"Polygon","coordinates":[[[139.168181,36.567762],[139.154116,36.529543],[139.187668,36.48578],[139.287707,36.471575],[139.176213,36.58185],[139.168181,36.567762]]]},"properties":{}}},
    {"code":9931208,"id":"8be736","name":"水沼","original_name":"水沼","name_kana":"みずぬま","closed":false,"lat":36.499866,"lng":139.277579,"prefecture":10,"numbering":["WK08"],"lines":[99312],"attr":"heat","postal_code":"376-0141","address":"桐生市黒保根町水沼","open_date":"1912-09-05","voronoi":{"type":"Feature","geometry":{"type":"Polygon","coordinates":[[[139.202216,36.640338],[139.176213,36.58185],[139.287707,36.471575],[139.294212,36.467236],[139.31349,36.46723],[139.319807,36.46908],[139.320922,36.469667],[139.202216,36.640338]]]},"properties":{}}},
    {"code":9931209,"id":"c4663a","name":"花輪","original_name":"花輪","name_kana":"はなわ","closed":false,"lat":36.520809,"lng":139.30769,"prefecture":10,"numbering":["WK09"],"lines":[99312],"attr":"heat","postal_code":"376-0307","address":"みどり市東町花輪","open_date":"1912-12-31","voronoi":{"type":"Feature","geometry":{"type":"Polygon","coordinates":[[[139.202216,36.640338],[139.21206,36.671822],[139.23114,36.714456],[139.276546,36.622168],[139.331027,36.470988],[139.320922,36.469667],[139.202216,36.640338]]]},"properties":{}}},
    {"code":9931210,"id":"e840a3","name":"中野(群馬)","original_name":"中野","name_kana":"なかの","closed":false,"lat":36.524243,"lng":139.317219,"prefecture":10,"numbering":["WK10"],"lines":[99312],"attr":"heat","postal_code":"376-0307","address":"みどり市東町花輪","open_date":"1989-03-29","voronoi":{"type":"Feature","geometry":{"type":"Polygon","coordinates":[[[139.331027,36.470988],[139.276546,36.622168],[139.352181,36.485354],[139.356143,36.473575],[139.340199,36.471335],[139.331027,36.470988]]]},"properties":{}}},
    {"code":9931211,"id":"b2d972","name":"小中","original_name":"小中","name_kana":"こなか","closed":false,"lat":36.535644,"lng":139.337842,"prefecture":10,"numbering":["WK11"],"lines":[99312],"attr":"eco","postal_code":"376-0308","address":"みどり市東町小中","open_date":"1912-12-31","voronoi":{"type":"Feature","geometry":{"type":"Polygon","coordinates":[[[139.341887,36.590878],[139.259948,36.697356],[139.23429,36.723363],[139.23114,36.714456],[139.276546,36.622168],[139.352181,36.485354],[139.341887,36.590878]]]},"properties":{}}},
    {"code":9931212,"id":"ef37b3","name":"神戸(群馬)","original_name":"神戸","name_kana":"ごうど","closed":false,"lat":36.537467,"lng":139.35653,"prefecture":10,"numbering":["WK12"],"lines":[99312],"attr":"eco","postal_code":"376-0304","address":"みどり市東町神戸","open_date":"1912-09-05","voronoi":{"type":"Feature","geometry":{"type":"Polygon","coordinates":[[[139.341887,36.590878],[139.352181,36.485354],[139.356143,36.473575],[139.416756,36.461858],[139.472755,36.468021],[139.474624,36.46856],[139.341887,36.590878]]]},"properties":{}}},
    {"code":9931214,"id":"782340","name":"沢入","original_name":"沢入","name_kana":"そうり","closed":false,"lat":36.58064,"lng":139.396314,"prefecture":10,"numbering":["WK13"],"lines":[99312],"attr":"eco","postal_code":"376-0301","address":"みどり市東町沢入","open_date":"1912-12-31","voronoi":{"type":"Feature","geometry":{"type":"Polygon","coordinates":[[[139.478271,36.468795],[139.485204,36.470466],[139.487878,36.47279],[139.492221,36.477008],[139.528578,36.519372],[139.259948,36.697356],[139.341887,36.590878],[139.474624,36.46856],[139.478271,36.468795]]]},"properties":{}}},
    {"code":9931215,"id":"441c9c","name":"原向","original_name":"原向","name_kana":"はらむこう","closed":false,"lat":36.617284,"lng":139.420593,"prefecture":9,"numbering":["WK14"],"lines":[99312],"attr":"cool","postal_code":"321-1511","address":"日光市足尾町３０６６番地","open_date":"1912-12-31","voronoi":{"type":"Feature","geometry":{"type":"Polygon","coordinates":[[[139.528578,36.519372],[139.259948,36.697356],[139.23429,36.723363],[139.238859,36.793062],[139.239576,36.794741],[139.352402,36.702902],[139.483665,36.574828],[139.531513,36.521895],[139.528578,36.519372]]]},"properties":{}}},
    {"code":9931216,"id":"f2760f","name":"通洞","original_name":"通洞","name_kana":"つうどう","closed":false,"lat":36.636837,"lng":139.439671,"prefecture":9,"numbering":["WK15"],"lines":[99312],"attr":"cool","postal_code":"321-1523","address":"日光市足尾町松原","open_date":"1912-12-31","voronoi":{"type":"Feature","geometry":{"type":"Polygon","coordinates":[[[139.352402,36.702902],[139.437116,36.650016],[139.483665,36.574828],[139.352402,36.702902]]]},"properties":{}}},
    {"code":9931217,"id":"526d06","name":"足尾","original_name":"足尾","name_kana":"あしお","closed":false,"lat":36.641853,"lng":139.447773,"prefecture":9,"numbering":["WK16"],"lines":[99312],"attr":"cool","postal_code":"321-1512","address":"日光市足尾町掛水","open_date":"1912-12-31","voronoi":{"type":"Feature","geometry":{"type":"Polygon","coordinates":[[[139.531513,36.521895],[139.570622,36.547779],[139.57704,36.622341],[139.437116,36.650016],[139.483665,36.574828],[139.531513,36.521895]]]},"properties":{}}},
    {"code":9931218,"id":"71473f","name":"間藤","original_name":"間藤","name_kana":"まとう","closed":false,"lat":36.653507,"lng":139.450078,"prefecture":9,"numbering":["WK17"],"lines":[99312],"attr":"cool","postal_code":"321-1506","address":"日光市足尾町下間藤","open_date":"1914-11-01","voronoi":{"type":"Feature","geometry":{"type":"Polygon","coordinates":[[[139.346284,36.983832],[139.295604,36.968961],[139.239576,36.794741],[139.352402,36.702902],[139.437116,36.650016],[139.57704,36.622341],[139.577368,36.624827],[139.405441,36.932781],[139.346284,36.983832]]]},"properties":{}}}
  ]
}