{
  "code":99313,
  "id":392,
  "name":"ユーカリが丘線",
  "name_kana":"ゆーかりがおかせん",
  "name_formal":"山万ユーカリが丘線",
  "station_size":6,
  "company_code":127,
  "closed":false,
  "station_list":[
    {"code":2300133,"id":4888,"name":"ユーカリが丘","original_name":"ユーカリが丘","name_kana":"ゆーかりがおか","closed":false,"lat":35.721801,"lng":140.156354,"prefecture":12,"lines":[23001,99313],"attr":"eco","postal_code":"285-0858","address":"佐倉市ユーカリが丘４-８-２","voronoi":{"type":"Feature","geometry":{"type":"Polygon","coordinates":[[[140.170009,35.693647],[140.161199,35.692354],[140.149657,35.72222],[140.167986,35.72766],[140.176691,35.701765],[140.170009,35.693647]]]},"properties":{}}},
    {"code":9931302,"id":6762,"name":"地区センター","original_name":"地区センター","name_kana":"ちくせんたー","closed":false,"lat":35.726225,"lng":140.155041,"prefecture":12,"lines":[99313],"attr":"eco","postal_code":"285-0858","address":"佐倉市ユーカリが丘４-３-１","voronoi":{"type":"Feature","geometry":{"type":"Polygon","coordinates":[[[140.147336,35.724868],[140.149657,35.72222],[140.167986,35.72766],[140.167324,35.732159],[140.149519,35.727107],[140.147336,35.724868]]]},"properties":{}}},
    {"code":9931303,"id":6763,"name":"公園","original_name":"公園","name_kana":"こうえん","closed":false,"lat":35.730758,"lng":140.153755,"prefecture":12,"lines":[99313],"attr":"eco","postal_code":"285-0858","address":"佐倉市ユーカリが丘６-５-５","voronoi":{"type":"Feature","geometry":{"type":"Polygon","coordinates":[[[140.152265,35.734923],[140.149519,35.727107],[140.167324,35.732159],[140.167329,35.732348],[140.152265,35.734923]]]},"properties":{}}},
    {"code":9931304,"id":6764,"name":"女子大","original_name":"女子大","name_kana":"じょしだい","closed":false,"lat":35.738357,"lng":140.155054,"prefecture":12,"lines":[99313],"attr":"cool","postal_code":"285-0858","address":"佐倉市ユーカリが丘５-１-１","voronoi":{"type":"Feature","geometry":{"type":"Polygon","coordinates":[[[140.177682,35.764304],[140.167329,35.732348],[140.152265,35.734923],[140.150975,35.736393],[140.160207,35.771123],[140.173104,35.76878],[140.177682,35.764304]]]},"properties":{}}},
    {"code":9931305,"id":6765,"name":"中学校","original_name":"中学校","name_kana":"ちゅうがっこう","closed":false,"lat":35.740123,"lng":140.14841,"prefecture":12,"lines":[99313],"attr":"cool","postal_code":"285-0857","address":"佐倉市宮ノ台３-１-１","voronoi":{"type":"Feature","geometry":{"type":"Polygon","coordinates":[[[140.119744,35.756893],[140.118179,35.762573],[140.143283,35.776056],[140.160207,35.771123],[140.150975,35.736393],[140.131072,35.736163],[140.119744,35.756893]]]},"properties":{}}},
    {"code":9931306,"id":6766,"name":"井野(千葉)","original_name":"井野","name_kana":"いの","closed":false,"lat":35.732605,"lng":140.148497,"prefecture":12,"lines":[99313],"attr":"heat","postal_code":"285-0858","address":"佐倉市ユーカリが丘７-２４-１","voronoi":{"type":"Feature","geometry":{"type":"Polygon","coordinates":[[[140.147336,35.724868],[140.135081,35.727702],[140.132438,35.731536],[140.131072,35.736163],[140.150975,35.736393],[140.152265,35.734923],[140.149519,35.727107],[140.147336,35.724868]]]},"properties":{}}}
  ]
}