{
  "code":99311,
  "id":390,
  "name":"ゆりかもめ",
  "name_kana":"ゆりかもめ",
  "name_formal":"ゆりかもめ東京臨海新交通臨海線",
  "station_size":16,
  "company_code":125,
  "closed":false,
  "color":"#27404E",
  "symbol":"U",
  "station_list":[
    {"code":1130102,"id":1259,"name":"新橋","original_name":"新橋","name_kana":"しんばし","closed":false,"lat":35.666195,"lng":139.758587,"prefecture":13,"numbering":["U01"],"lines":[11301,11302,11308,11332,28001,99302,99311],"attr":"heat","postal_code":"105-0004","address":"東京都港区新橋二丁目17","open_date":"1909-12-16","voronoi":{"type":"Feature","geometry":{"type":"Polygon","coordinates":[[[139.760001,35.670275],[139.759876,35.670299],[139.753924,35.665314],[139.756182,35.662118],[139.762858,35.667624],[139.760001,35.670275]]]},"properties":{}}},
    {"code":9930120,"id":6587,"name":"汐留","original_name":"汐留","name_kana":"しおどめ","closed":false,"lat":35.663703,"lng":139.760642,"prefecture":13,"numbering":["U02"],"lines":[99301,99311],"attr":"cool","postal_code":"105-0021","address":"港区東新橋１丁目５","voronoi":{"type":"Feature","geometry":{"type":"Polygon","coordinates":[[[139.763139,35.667511],[139.762858,35.667624],[139.756182,35.662118],[139.756398,35.661328],[139.758046,35.659902],[139.760655,35.658802],[139.764711,35.659391],[139.763176,35.667469],[139.763139,35.667511]]]},"properties":{}}},
    {"code":9931103,"id":6734,"name":"竹芝","original_name":"竹芝","name_kana":"たけしば","closed":false,"lat":35.654099,"lng":139.762037,"prefecture":13,"numbering":["U03"],"lines":[99311],"attr":"eco","postal_code":"105-0022","address":"港区海岸１-１３-１０","voronoi":{"type":"Feature","geometry":{"type":"Polygon","coordinates":[[[139.772004,35.644746],[139.759006,35.652543],[139.760655,35.658802],[139.764711,35.659391],[139.76887,35.657512],[139.772419,35.645911],[139.772004,35.644746]]]},"properties":{}}},
    {"code":9931104,"id":6735,"name":"日の出","original_name":"日の出","name_kana":"ひので","closed":false,"lat":35.649136,"lng":139.75906,"prefecture":13,"numbering":["U04"],"lines":[99311],"attr":"eco","postal_code":"105-0022","address":"港区海岸２-７-６８","voronoi":{"type":"Feature","geometry":{"type":"Polygon","coordinates":[[[139.753762,35.650333],[139.754143,35.651047],[139.759006,35.652543],[139.772004,35.644746],[139.771811,35.643263],[139.75415,35.646161],[139.753762,35.650333]]]},"properties":{}}},
    {"code":9931105,"id":6736,"name":"芝浦ふ頭","original_name":"芝浦ふ頭","name_kana":"しばうらふとう","closed":false,"lat":35.641773,"lng":139.757852,"prefecture":13,"numbering":["U05"],"lines":[99311],"attr":"eco","postal_code":"108-0022","address":"港区海岸３-２２-１２","voronoi":{"type":"Feature","geometry":{"type":"Polygon","coordinates":[[[139.771811,35.643263],[139.75415,35.646161],[139.75303,35.644574],[139.750003,35.636727],[139.751188,35.63351],[139.760237,35.630068],[139.769501,35.637999],[139.771953,35.642255],[139.771811,35.643263]]]},"properties":{}}},
    {"code":9931106,"id":6737,"name":"お台場海浜公園","original_name":"お台場海浜公園","name_kana":"おだいばかいひんこうえん","closed":false,"lat":35.629813,"lng":139.778607,"prefecture":13,"numbering":["U06"],"lines":[99311],"attr":"eco","postal_code":"135-0091","address":"港区台場２-３","voronoi":{"type":"Feature","geometry":{"type":"Polygon","coordinates":[[[139.779978,35.638699],[139.784346,35.634278],[139.784838,35.632886],[139.784925,35.629723],[139.784182,35.629359],[139.774848,35.628177],[139.769501,35.637999],[139.771953,35.642255],[139.779978,35.638699]]]},"properties":{}}},
    {"code":9931107,"id":6738,"name":"台場","original_name":"台場","name_kana":"だいば","closed":false,"lat":35.625908,"lng":139.771435,"prefecture":13,"numbering":["U07"],"lines":[99311],"attr":"eco","postal_code":"135-0091","address":"港区台場２-６","voronoi":{"type":"Feature","geometry":{"type":"Polygon","coordinates":[[[139.76175,35.6196],[139.760237,35.630068],[139.769501,35.637999],[139.774848,35.628177],[139.775551,35.624946],[139.76175,35.6196]]]},"properties":{}}},
    {"code":9931108,"id":6739,"name":"東京国際クルーズターミナル","original_name":"東京国際クルーズターミナル","name_kana":"とうきょうこくさいくるーずたーみなる","closed":false,"lat":35.621462,"lng":139.773157,"prefecture":13,"numbering":["U08"],"lines":[99311],"attr":"eco","postal_code":"135-0064","address":"江東区青海1丁目1-49","voronoi":{"type":"Feature","geometry":{"type":"Polygon","coordinates":[[[139.761443,35.614829],[139.766971,35.604742],[139.777659,35.621787],[139.776903,35.623667],[139.775551,35.624946],[139.76175,35.6196],[139.761443,35.614829]]]},"properties":{}}},
    {"code":9931109,"id":6740,"name":"テレコムセンター","original_name":"テレコムセンター","name_kana":"てれこむせんたー","closed":false,"lat":35.617593,"lng":139.779327,"prefecture":13,"numbering":["U09"],"lines":[99311],"attr":"cool","postal_code":"135-0064","address":"江東区青海２-２９","voronoi":{"type":"Feature","geometry":{"type":"Polygon","coordinates":[[[139.782619,35.58403],[139.773191,35.59204],[139.76903,35.597981],[139.766971,35.604742],[139.777659,35.621787],[139.791102,35.618358],[139.82197,35.589122],[139.782619,35.58403]]]},"properties":{}}},
    {"code":9931110,"id":6741,"name":"青海(東京)","original_name":"青海","name_kana":"あおみ","closed":false,"lat":35.62467,"lng":139.781132,"prefecture":13,"numbering":["U10"],"lines":[99311],"attr":"cool","postal_code":"135-0064","address":"江東区青海１","voronoi":{"type":"Feature","geometry":{"type":"Polygon","coordinates":[[[139.777659,35.621787],[139.776903,35.623667],[139.784182,35.629359],[139.784925,35.629723],[139.791102,35.618358],[139.777659,35.621787]]]},"properties":{}}},
    {"code":9931111,"id":6742,"name":"東京ビッグサイト","original_name":"東京ビッグサイト","name_kana":"とうきょうびっぐさいと","closed":false,"lat":35.630158,"lng":139.791228,"prefecture":13,"numbering":["U11"],"lines":[99311],"attr":"cool","postal_code":"135-0063","address":"江東区有明三丁目6-15","voronoi":{"type":"Feature","geometry":{"type":"Polygon","coordinates":[[[139.82197,35.589122],[139.791102,35.618358],[139.784925,35.629723],[139.784838,35.632886],[139.792706,35.632167],[139.805422,35.626318],[139.825211,35.602257],[139.831193,35.588745],[139.82197,35.589122]]]},"properties":{}}},
    {"code":9931112,"id":6743,"name":"有明(東京)","original_name":"有明","name_kana":"ありあけ","closed":false,"lat":35.634596,"lng":139.793269,"prefecture":13,"numbering":["U12"],"lines":[99311],"attr":"cool","postal_code":"135-0063","address":"江東区有明２-５","voronoi":{"type":"Feature","geometry":{"type":"Polygon","coordinates":[[[139.796553,35.641759],[139.792041,35.638071],[139.792706,35.632167],[139.805422,35.626318],[139.796553,35.641759]]]},"properties":{}}},
    {"code":9931113,"id":6744,"name":"有明テニスの森","original_name":"有明テニスの森","name_kana":"ありあけてにすのもり","closed":false,"lat":35.639964,"lng":139.78888,"prefecture":13,"numbering":["U13"],"lines":[99311],"attr":"heat","postal_code":"135-0063","address":"江東区有明１丁目","voronoi":{"type":"Feature","geometry":{"type":"Polygon","coordinates":[[[139.784346,35.634278],[139.779978,35.638699],[139.789846,35.644289],[139.796441,35.643448],[139.796553,35.641759],[139.792041,35.638071],[139.784346,35.634278]]]},"properties":{}}},
    {"code":9931114,"id":6745,"name":"市場前","original_name":"市場前","name_kana":"しじょうまえ","closed":false,"lat":35.645684,"lng":139.78564,"prefecture":13,"numbering":["U14"],"lines":[99311],"attr":"heat","postal_code":"135-0061","address":"江東区豊洲６丁目","voronoi":{"type":"Feature","geometry":{"type":"Polygon","coordinates":[[[139.772419,35.645911],[139.772004,35.644746],[139.771811,35.643263],[139.771953,35.642255],[139.779978,35.638699],[139.789846,35.644289],[139.783287,35.653706],[139.772419,35.645911]]]},"properties":{}}},
    {"code":9931115,"id":6746,"name":"新豊洲","original_name":"新豊洲","name_kana":"しんとよす","closed":false,"lat":35.648718,"lng":139.789996,"prefecture":13,"numbering":["U15"],"lines":[99311],"attr":"heat","postal_code":"135-0061","address":"江東区豊洲６丁目","voronoi":{"type":"Feature","geometry":{"type":"Polygon","coordinates":[[[139.787872,35.657065],[139.784963,35.656027],[139.783287,35.653706],[139.789846,35.644289],[139.796441,35.643448],[139.798191,35.646706],[139.787872,35.657065]]]},"properties":{}}},
    {"code":2800622,"id":5287,"name":"豊洲","original_name":"豊洲","name_kana":"とよす","closed":false,"lat":35.654908,"lng":139.79621,"prefecture":13,"numbering":["U16"],"lines":[28006,99311],"attr":"cool","postal_code":"135-0061","address":"東京都江東区豊洲四丁目1-1","open_date":"1988-06-08","voronoi":{"type":"Feature","geometry":{"type":"Polygon","coordinates":[[[139.798191,35.646706],[139.787872,35.657065],[139.79065,35.660405],[139.800429,35.663027],[139.806472,35.658495],[139.806963,35.65576],[139.802843,35.649441],[139.798191,35.646706]]]},"properties":{}}}
  ]
}