{
  "code":99310,
  "id":"293c09",
  "name":"みなとみらい線",
  "name_kana":"みなとみらいせん",
  "name_formal":"みなとみらい21線",
  "station_size":6,
  "company_code":124,
  "closed":false,
  "color":"#09357F",
  "symbol":"MM",
  "station_list":[
    {"code":1130105,"id":"b0c711","name":"横浜","original_name":"横浜","name_kana":"よこはま","closed":false,"lat":35.466195,"lng":139.622704,"prefecture":14,"numbering":["MM01"],"lines":[11301,11307,11308,11328,11332,11333,26001,27001,29001,99310,99316],"attr":"cool","postal_code":"220-0011","address":"横浜市西区高島２丁目","voronoi":{"type":"Feature","geometry":{"type":"Polygon","coordinates":[[[139.614755,35.468292],[139.621,35.462082],[139.622626,35.462303],[139.627428,35.466566],[139.622707,35.470872],[139.619443,35.471878],[139.614755,35.468292]]]},"properties":{}}},
    {"code":9931002,"id":"1f5eb0","name":"新高島","original_name":"新高島","name_kana":"しんたかしま","closed":false,"lat":35.46192,"lng":139.626499,"prefecture":14,"numbering":["MM02"],"lines":[99310],"attr":"eco","postal_code":"220-0011","address":"横浜市西区高島１-３","voronoi":{"type":"Feature","geometry":{"type":"Polygon","coordinates":[[[139.622626,35.462303],[139.627428,35.466566],[139.633435,35.466013],[139.628036,35.457846],[139.622626,35.462303]]]},"properties":{}}},
    {"code":9931003,"id":"5333cb","name":"みなとみらい","original_name":"みなとみらい","name_kana":"みなとみらい","closed":false,"lat":35.458028,"lng":139.632386,"prefecture":14,"numbering":["MM03"],"lines":[99310],"attr":"cool","postal_code":"220-0012","address":"横浜市西区みなとみらい３-５","voronoi":{"type":"Feature","geometry":{"type":"Polygon","coordinates":[[[139.633435,35.466013],[139.636899,35.467323],[139.647559,35.466067],[139.651154,35.464881],[139.644906,35.459182],[139.634155,35.454021],[139.62788,35.455387],[139.628036,35.457846],[139.633435,35.466013]]]},"properties":{}}},
    {"code":9931004,"id":"106837","name":"馬車道","original_name":"馬車道","name_kana":"ばしゃみち","closed":false,"lat":35.450135,"lng":139.636175,"prefecture":14,"numbering":["MM04"],"lines":[99310],"attr":"cool","postal_code":"231-0005","address":"横浜市中区本町５-４９","voronoi":{"type":"Feature","geometry":{"type":"Polygon","coordinates":[[[139.638619,35.446978],[139.632726,35.446277],[139.634155,35.454021],[139.644906,35.459182],[139.638619,35.446978]]]},"properties":{}}},
    {"code":9931005,"id":"ac80bb","name":"日本大通り","original_name":"日本大通り","name_kana":"にほんおおどおり","closed":false,"lat":35.446821,"lng":139.642608,"prefecture":14,"numbering":["MM05"],"lines":[99310],"attr":"heat","postal_code":"231-0021","address":"横浜市中区日本大通９","voronoi":{"type":"Feature","geometry":{"type":"Polygon","coordinates":[[[139.638619,35.446978],[139.641238,35.442752],[139.645576,35.442929],[139.657532,35.46427],[139.655196,35.464976],[139.653762,35.465065],[139.651154,35.464881],[139.644906,35.459182],[139.638619,35.446978]]]},"properties":{}}},
    {"code":9931006,"id":"0677e7","name":"元町・中華街","original_name":"元町・中華街","name_kana":"もとまち・ちゅうかがい","closed":false,"lat":35.44243,"lng":139.650446,"prefecture":14,"numbering":["MM06"],"lines":[99310],"attr":"heat","postal_code":"231-0023","address":"横浜市中区山下町６５","voronoi":{"type":"Feature","geometry":{"type":"Polygon","coordinates":[[[139.649724,35.434327],[139.645576,35.442929],[139.657532,35.46427],[139.659138,35.464114],[139.677579,35.461891],[139.716626,35.417015],[139.649724,35.434327]]]},"properties":{}}}
  ]
}