{
  "code":99324,
  "id":402,
  "name":"芝山鉄道",
  "name_kana":"しばやまてつどう",
  "name_formal":"芝山鉄道線",
  "station_size":2,
  "company_code":137,
  "closed":false,
  "color":"#00A650",
  "symbol":"SR",
  "station_list":[
    {"code":2300141,"id":4896,"name":"東成田","original_name":"東成田","name_kana":"ひがしなりた","closed":false,"lat":35.770091,"lng":140.387225,"prefecture":12,"numbering":["KS44"],"lines":[23001,99324],"attr":"cool","postal_code":"286-0104","address":"成田市古込字込前１２４","voronoi":{"type":"Feature","geometry":{"type":"Polygon","coordinates":[[[140.363533,35.776503],[140.40201,35.768822],[140.394737,35.763317],[140.363533,35.776503]]]},"properties":{}}},
    {"code":9932402,"id":6883,"name":"芝山千代田","original_name":"芝山千代田","name_kana":"しばやまちよだ","closed":false,"lat":35.754248,"lng":140.399215,"prefecture":12,"numbering":["SR01"],"lines":[99324],"attr":"eco","postal_code":"289-1601","address":"山武郡芝山町香山新田橋松１４８-１","voronoi":{"type":"Feature","geometry":{"type":"Polygon","coordinates":[[[140.405859,35.684013],[140.435561,35.69868],[140.46534,35.72814],[140.496084,35.783307],[140.49829,35.78946],[140.487888,35.796494],[140.465099,35.806333],[140.40201,35.768822],[140.394737,35.763317],[140.358267,35.708731],[140.37606,35.692719],[140.405859,35.684013]]]},"properties":{}}}
  ]
}