{
  "code":99331,
  "id":409,
  "name":"千葉都市モノレール１号線",
  "name_kana":"ちばとしものれーるいちごうせん",
  "station_size":6,
  "company_code":144,
  "closed":false,
  "color":"#2843BA",
  "station_list":[
    {"code":1132617,"id":1737,"name":"千葉みなと","original_name":"千葉みなと","name_kana":"ちばみなと","closed":false,"lat":35.607389,"lng":140.102478,"prefecture":12,"lines":[11326,99331],"attr":"cool","postal_code":"260-0024","address":"千葉市中央区中央港１丁目","voronoi":{"type":"Feature","geometry":{"type":"Polygon","coordinates":[[[140.103387,35.612478],[140.088657,35.612944],[140.082632,35.61121],[140.04808,35.566764],[140.075634,35.562982],[140.091775,35.56697],[140.102376,35.578813],[140.105401,35.610062],[140.103387,35.612478]]]},"properties":{}}},
    {"code":9933102,"id":6985,"name":"市役所前(千葉)","original_name":"市役所前","name_kana":"しやくしょまえ","closed":false,"lat":35.606878,"lng":140.107757,"prefecture":12,"lines":[99331],"attr":"cool","postal_code":"260-0026","address":"千葉市中央区千葉港地先道路","voronoi":{"type":"Feature","geometry":{"type":"Polygon","coordinates":[[[140.113072,35.60101],[140.112798,35.606795],[140.111005,35.609258],[140.105401,35.610062],[140.102376,35.578813],[140.104324,35.580619],[140.113072,35.60101]]]},"properties":{}}},
    {"code":1131339,"id":1511,"name":"千葉","original_name":"千葉","name_kana":"ちば","closed":false,"lat":35.612926,"lng":140.113478,"prefecture":12,"lines":[11313,11314,11324,11325,11328,99331,99332],"attr":"cool","postal_code":"260-0031","address":"千葉市中央区新千葉１丁目","voronoi":{"type":"Feature","geometry":{"type":"Polygon","coordinates":[[[140.110371,35.619833],[140.110337,35.619797],[140.111211,35.610667],[140.116049,35.613585],[140.116101,35.616096],[140.110371,35.619833]]]},"properties":{}}},
    {"code":9933104,"id":6986,"name":"栄町(千葉)","original_name":"栄町","name_kana":"さかえちょう","closed":false,"lat":35.612822,"lng":140.118592,"prefecture":12,"lines":[99331],"attr":"cool","postal_code":"260-0016","address":"千葉市中央区栄町２９-９","voronoi":{"type":"Feature","geometry":{"type":"Polygon","coordinates":[[[140.118794,35.616347],[140.116101,35.616096],[140.116049,35.613585],[140.116974,35.610264],[140.117854,35.610138],[140.123534,35.612199],[140.118794,35.616347]]]},"properties":{}}},
    {"code":9933105,"id":6987,"name":"葭川公園","original_name":"葭川公園","name_kana":"よしかわこうえん","closed":false,"lat":35.608551,"lng":140.120142,"prefecture":12,"lines":[99331],"attr":"cool","postal_code":"260-0013","address":"千葉市中央区中央２-１","voronoi":{"type":"Feature","geometry":{"type":"Polygon","coordinates":[[[140.123534,35.612199],[140.117854,35.610138],[140.120098,35.605765],[140.130477,35.61046],[140.123534,35.612199]]]},"properties":{}}},
    {"code":9933106,"id":6988,"name":"県庁前(千葉)","original_name":"県庁前","name_kana":"けんちょうまえ","closed":false,"lat":35.603958,"lng":140.12222,"prefecture":12,"lines":[99331],"attr":"cool","postal_code":"260-0855","address":"千葉市中央区市場町１-２","voronoi":{"type":"Feature","geometry":{"type":"Polygon","coordinates":[[[140.145321,35.610414],[140.129708,35.598954],[140.11866,35.603897],[140.120098,35.605765],[140.130477,35.61046],[140.145321,35.610414]]]},"properties":{}}}
  ]
}