{
  "code":99342,
  "id":"ab045c",
  "name":"日暮里・舎人ライナー",
  "name_kana":"にっぽり・とねりらいなー",
  "station_size":13,
  "company_code":119,
  "closed":false,
  "color":"#FF69B4",
  "symbol":"NT",
  "station_list":[
    {"code":1130218,"id":"84218b","name":"日暮里","original_name":"日暮里","name_kana":"にっぽり","closed":false,"lat":35.727908,"lng":139.771287,"prefecture":13,"numbering":["NT01"],"lines":[11302,11320,11332,23001,23006,99342],"attr":"heat","postal_code":"116-0013","address":"東京都荒川区西日暮里二丁目19-1","open_date":"1905-04-01","voronoi":{"type":"Feature","geometry":{"type":"Polygon","coordinates":[[[139.768862,35.722445],[139.77356,35.723553],[139.777241,35.727409],[139.77241,35.732565],[139.771666,35.732771],[139.766993,35.727655],[139.768458,35.722661],[139.768862,35.722445]]]},"properties":{}}},
    {"code":1130217,"id":"202b50","name":"西日暮里","original_name":"西日暮里","name_kana":"にしにっぽり","closed":false,"lat":35.731954,"lng":139.766857,"prefecture":13,"numbering":["NT02"],"lines":[11302,11332,28005,99342],"attr":"heat","postal_code":"116-0013","address":"東京都荒川区西日暮里五丁目22-1","open_date":"1971-04-20","voronoi":{"type":"Feature","geometry":{"type":"Polygon","coordinates":[[[139.76845,35.737097],[139.766716,35.737449],[139.760417,35.731366],[139.766993,35.727655],[139.771666,35.732771],[139.76845,35.737097]]]},"properties":{}}},
    {"code":9934203,"id":"b387b5","name":"赤土小学校前","original_name":"赤土小学校前","name_kana":"あかどしょうがっこうまえ","closed":false,"lat":35.742454,"lng":139.768989,"prefecture":13,"numbering":["NT03"],"lines":[99342],"attr":"heat","postal_code":"116-0012","address":"荒川区東尾久４-７-７","voronoi":{"type":"Feature","geometry":{"type":"Polygon","coordinates":[[[139.762731,35.744067],[139.766265,35.745923],[139.770675,35.745783],[139.7731,35.741337],[139.76845,35.737097],[139.766716,35.737449],[139.762731,35.744067]]]},"properties":{}}},
    {"code":9930509,"id":"860ecb","name":"熊野前","original_name":"熊野前","name_kana":"くまのまえ","closed":false,"lat":35.749212,"lng":139.769204,"prefecture":13,"numbering":["NT04"],"lines":[99305,99342],"attr":"cool","postal_code":"116-0012","address":"荒川区東尾久５","voronoi":{"type":"Feature","geometry":{"type":"Polygon","coordinates":[[[139.76767,35.752394],[139.766265,35.745923],[139.770675,35.745783],[139.77446,35.750926],[139.76767,35.752394]]]},"properties":{}}},
    {"code":9934205,"id":"de1461","name":"足立小台","original_name":"足立小台","name_kana":"あだちおだい","closed":false,"lat":35.754658,"lng":139.770381,"prefecture":13,"numbering":["NT05"],"lines":[99342],"attr":"cool","postal_code":"120-0046","address":"足立区小台１-２０-１","voronoi":{"type":"Feature","geometry":{"type":"Polygon","coordinates":[[[139.76275,35.75964],[139.785885,35.758571],[139.785334,35.757356],[139.781672,35.754045],[139.77446,35.750926],[139.76767,35.752394],[139.764229,35.756522],[139.76275,35.75964]]]},"properties":{}}},
    {"code":9934206,"id":"01129c","name":"扇大橋","original_name":"扇大橋","name_kana":"おおぎおおはし","closed":false,"lat":35.763897,"lng":139.770808,"prefecture":13,"numbering":["NT06"],"lines":[99342],"attr":"cool","postal_code":"123-0873","address":"足立区扇２-２５-７","voronoi":{"type":"Feature","geometry":{"type":"Polygon","coordinates":[[[139.785885,35.758571],[139.76275,35.75964],[139.760213,35.76136],[139.755839,35.765697],[139.783129,35.766486],[139.783703,35.766074],[139.78614,35.762522],[139.786988,35.759832],[139.785885,35.758571]]]},"properties":{}}},
    {"code":9934207,"id":"caac8b","name":"高野(東京)","original_name":"高野","name_kana":"こうや","closed":false,"lat":35.768359,"lng":139.770679,"prefecture":13,"numbering":["NT07"],"lines":[99342],"attr":"cool","postal_code":"123-0873","address":"足立区扇２-４５-１","voronoi":{"type":"Feature","geometry":{"type":"Polygon","coordinates":[[[139.755672,35.765819],[139.755839,35.765697],[139.783129,35.766486],[139.778086,35.77169],[139.753006,35.770038],[139.753154,35.768426],[139.755672,35.765819]]]},"properties":{}}},
    {"code":9934208,"id":"5328fc","name":"江北(東京)","original_name":"江北","name_kana":"こうほく","closed":false,"lat":35.774021,"lng":139.770306,"prefecture":13,"numbering":["NT08"],"lines":[99342],"attr":"eco","postal_code":"123-0872","address":"足立区江北４-３０-２７","voronoi":{"type":"Feature","geometry":{"type":"Polygon","coordinates":[[[139.753006,35.770038],[139.751459,35.776047],[139.751583,35.777236],[139.775361,35.777909],[139.778086,35.77169],[139.753006,35.770038]]]},"properties":{}}},
    {"code":9934209,"id":"a3839b","name":"西新井大師西","original_name":"西新井大師西","name_kana":"にしあらいだいしにし","closed":false,"lat":35.781505,"lng":139.770094,"prefecture":13,"numbering":["NT09"],"lines":[99342],"attr":"eco","postal_code":"123-0872","address":"足立区江北６-３０-２３","voronoi":{"type":"Feature","geometry":{"type":"Polygon","coordinates":[[[139.750846,35.785005],[139.751583,35.777236],[139.775361,35.777909],[139.776946,35.785188],[139.750846,35.785005]]]},"properties":{}}},
    {"code":9934210,"id":"1a056c","name":"谷在家","original_name":"谷在家","name_kana":"やざいけ","closed":false,"lat":35.788774,"lng":139.770043,"prefecture":13,"numbering":["NT10"],"lines":[99342],"attr":"eco","postal_code":"123-0863","address":"足立区谷在家３-２０-２３","voronoi":{"type":"Feature","geometry":{"type":"Polygon","coordinates":[[[139.750846,35.785005],[139.749081,35.791109],[139.749588,35.792887],[139.780216,35.792312],[139.780879,35.789852],[139.776946,35.785188],[139.750846,35.785005]]]},"properties":{}}},
    {"code":9934211,"id":"d8b089","name":"舎人公園","original_name":"舎人公園","name_kana":"とねりこうえん","closed":false,"lat":35.79623,"lng":139.770183,"prefecture":13,"numbering":["NT11"],"lines":[99342],"attr":"eco","postal_code":"121-0837","address":"足立区舎人公園１-１０","voronoi":{"type":"Feature","geometry":{"type":"Polygon","coordinates":[[[139.749588,35.792887],[139.780216,35.792312],[139.781005,35.801051],[139.750369,35.800808],[139.749588,35.792887]]]},"properties":{}}},
    {"code":9934212,"id":"79b305","name":"舎人","original_name":"舎人","name_kana":"とねり","closed":false,"lat":35.8057,"lng":139.770108,"prefecture":13,"numbering":["NT12"],"lines":[99342],"attr":"eco","postal_code":"121-0831","address":"足立区舎人１-１６-１５","voronoi":{"type":"Feature","geometry":{"type":"Polygon","coordinates":[[[139.750369,35.800808],[139.75016,35.802332],[139.753099,35.811318],[139.785408,35.809086],[139.781005,35.801051],[139.750369,35.800808]]]},"properties":{}}},
    {"code":9934213,"id":"5b191b","name":"見沼代親水公園","original_name":"見沼代親水公園","name_kana":"みぬまだいしんすいこうえん","closed":false,"lat":35.814544,"lng":139.770719,"prefecture":13,"numbering":["NT13"],"lines":[99342],"attr":"eco","postal_code":"121-0831","address":"足立区舎人２-２１-１３","voronoi":{"type":"Feature","geometry":{"type":"Polygon","coordinates":[[[139.758402,35.833478],[139.753937,35.823967],[139.753099,35.811318],[139.785408,35.809086],[139.786162,35.809836],[139.785986,35.824025],[139.782477,35.832254],[139.776641,35.838317],[139.772735,35.840754],[139.760701,35.836131],[139.758402,35.833478]]]},"properties":{}}}
  ]
}