{
  "code":99345,
  "id":"3b0c2b",
  "name":"ディズニーリゾートライン線",
  "name_kana":"でぃずにーりぞーとらいんせん",
  "name_formal":"舞浜リゾートラインディズニーリゾートライン線",
  "station_size":4,
  "company_code":305,
  "closed":false,
  "station_list":[
    {"code":9934501,"id":"3f5f8e","name":"リゾートゲートウェイ・ステーション","original_name":"リゾートゲートウェイ・ステーション","name_kana":"りぞーとげーとうぇい・すてーしょん","closed":false,"lat":35.635222,"lng":139.885083,"prefecture":12,"lines":[99345],"attr":"eco","postal_code":"279-0031","address":"千葉県浦安市舞浜","voronoi":{"type":"Feature","geometry":{"type":"Polygon","coordinates":[[[139.882997,35.628907],[139.881373,35.630841],[139.881396,35.631066],[139.893391,35.649454],[139.895409,35.648921],[139.900673,35.638811],[139.882997,35.628907]]]},"properties":{}}},
    {"code":9934502,"id":"1a7596","name":"東京ディズニーランド・ステーション","original_name":"東京ディズニーランド・ステーション","name_kana":"とうきょうでぃずにーらんど・すてーしょん","closed":false,"lat":35.635889,"lng":139.878639,"prefecture":12,"lines":[99345],"attr":"eco","postal_code":"279-0031","address":"千葉県浦安市舞浜","voronoi":{"type":"Feature","geometry":{"type":"Polygon","coordinates":[[[139.867404,35.634748],[139.874758,35.649545],[139.880516,35.650831],[139.881396,35.631066],[139.881373,35.630841],[139.867404,35.634748]]]},"properties":{}}},
    {"code":9934503,"id":"a3079b","name":"ベイサイド・ステーション","original_name":"ベイサイド・ステーション","name_kana":"べいさいど・すてーしょん","closed":false,"lat":35.627944,"lng":139.876417,"prefecture":12,"lines":[99345],"attr":"cool","postal_code":"279-0031","address":"千葉県浦安市舞浜","voronoi":{"type":"Feature","geometry":{"type":"Polygon","coordinates":[[[139.882997,35.628907],[139.879034,35.535692],[139.833576,35.58776],[139.842752,35.612434],[139.867404,35.634748],[139.881373,35.630841],[139.882997,35.628907]]]},"properties":{}}},
    {"code":9934504,"id":"3f22f3","name":"東京ディズニーシー・ステーション","original_name":"東京ディズニーシー・ステーション","name_kana":"とうきょうでぃずにーしー・すてーしょん","closed":false,"lat":35.627389,"lng":139.889472,"prefecture":12,"lines":[99345],"attr":"cool","postal_code":"279-0031","address":"千葉県浦安市舞浜","voronoi":{"type":"Feature","geometry":{"type":"Polygon","coordinates":[[[139.892698,35.518847],[139.932257,35.532697],[139.964813,35.552178],[139.974376,35.561966],[139.900673,35.638811],[139.882997,35.628907],[139.879034,35.535692],[139.881402,35.532557],[139.892698,35.518847]]]},"properties":{}}}
  ]
}