{
  "code":99344,
  "id":"6935b0",
  "name":"宇都宮芳賀ライトレール線",
  "name_kana":"うつのみやはがらいとれーるせん",
  "station_size":19,
  "closed":false,
  "station_list":[
    {"code":9934401,"id":"deb042","name":"宇都宮駅東口","original_name":"宇都宮駅東口","name_kana":"うつのみやえきひがしぐち","closed":false,"lat":36.559162,"lng":139.899532,"prefecture":9,"lines":[99344],"attr":"heat","postal_code":"321-0969","address":"栃木県宇都宮市宮みらい１-６","open_date":"2023-08-26","voronoi":{"type":"Feature","geometry":{"type":"Polygon","coordinates":[[[139.907793,36.586964],[139.897622,36.540991],[139.90207,36.60151],[139.908798,36.59378],[139.907793,36.586964]]]},"properties":{}}},
    {"code":9934402,"id":"0e965c","name":"東宿郷","original_name":"東宿郷","name_kana":"ひがししゅくごう","closed":false,"lat":36.558272,"lng":139.903555,"prefecture":9,"lines":[99344],"attr":"heat","postal_code":"321-0953","address":"栃木県宇都宮市東宿郷３丁目１-１","open_date":"2023-08-26","voronoi":{"type":"Feature","geometry":{"type":"Polygon","coordinates":[[[139.896102,36.532927],[139.897622,36.540991],[139.907793,36.586964],[139.9028,36.520821],[139.901395,36.521404],[139.896102,36.532927]]]},"properties":{}}},
    {"code":9934403,"id":"386df3","name":"駅東公園前","original_name":"駅東公園前","name_kana":"えきひがしこうえんまえ","closed":false,"lat":36.557961,"lng":139.907675,"prefecture":9,"lines":[99344],"attr":"heat","postal_code":"321-0953","address":"栃木県宇都宮市東宿郷２","open_date":"2023-08-26","voronoi":{"type":"Feature","geometry":{"type":"Polygon","coordinates":[[[139.907793,36.586964],[139.9028,36.520821],[139.909667,36.517516],[139.913398,36.589584],[139.908798,36.59378],[139.907793,36.586964]]]},"properties":{}}},
    {"code":9934404,"id":"acb959","name":"峰","original_name":"峰","name_kana":"みね","closed":false,"lat":36.557539,"lng":139.915825,"prefecture":9,"lines":[99344],"attr":"heat","postal_code":"321-0942","address":"栃木県宇都宮市峰２丁目３-６","open_date":"2023-08-26","voronoi":{"type":"Feature","geometry":{"type":"Polygon","coordinates":[[[139.917643,36.51263],[139.909667,36.517516],[139.913398,36.589584],[139.92031,36.584731],[139.917643,36.51263]]]},"properties":{}}},
    {"code":9934405,"id":"543e58","name":"陽東３丁目","original_name":"陽東３丁目","name_kana":"ようとうさんちょうめ","closed":false,"lat":36.557282,"lng":139.922773,"prefecture":9,"lines":[99344],"attr":"heat","postal_code":"321-0904","address":"栃木県宇都宮市陽東３丁目１９-１","open_date":"2023-08-26","voronoi":{"type":"Feature","geometry":{"type":"Polygon","coordinates":[[[139.917643,36.51263],[139.924729,36.507496],[139.924964,36.509317],[139.926928,36.581237],[139.92031,36.584731],[139.917643,36.51263]]]},"properties":{}}},
    {"code":9934406,"id":"534550","name":"宇都宮大学陽東キャンパス","original_name":"宇都宮大学陽東キャンパス","name_kana":"うつのみやだいがくようとうきゃんぱす","closed":false,"lat":36.557091,"lng":139.929769,"prefecture":9,"lines":[99344],"attr":"heat","postal_code":"321-0904","address":"栃木県宇都宮市陽東５丁目１１-３７","open_date":"2023-08-26","voronoi":{"type":"Feature","geometry":{"type":"Polygon","coordinates":[[[139.924964,36.509317],[139.926928,36.581237],[139.938776,36.577029],[139.924964,36.509317]]]},"properties":{}}},
    {"code":9934407,"id":"282226","name":"平石(栃木)","original_name":"平石","name_kana":"ひらいし","closed":false,"lat":36.555156,"lng":139.939255,"prefecture":9,"lines":[99344],"attr":"heat","postal_code":"321-0903","address":"栃木県宇都宮市下平出町２９３６","open_date":"2023-08-26","voronoi":{"type":"Feature","geometry":{"type":"Polygon","coordinates":[[[139.924964,36.509317],[139.924729,36.507496],[139.935931,36.496087],[139.939227,36.50807],[139.943287,36.576494],[139.938776,36.577029],[139.924964,36.509317]]]},"properties":{}}},
    {"code":9934408,"id":"f5dbca","name":"平石中央小学校前","original_name":"平石中央小学校前","name_kana":"ひらいしちゅうおうしょうがっこうまえ","closed":false,"lat":36.554829,"lng":139.944767,"prefecture":9,"lines":[99344],"attr":"heat","postal_code":"321-0903","address":"栃木県宇都宮市下平出町４７４−５","open_date":"2023-08-26","voronoi":{"type":"Feature","geometry":{"type":"Polygon","coordinates":[[[139.939227,36.50807],[139.943287,36.576494],[139.961088,36.576659],[139.961747,36.574439],[139.939227,36.50807]]]},"properties":{}}},
    {"code":9934409,"id":"61183e","name":"飛山城跡","original_name":"飛山城跡","name_kana":"とびやまじょうあと","closed":false,"lat":36.548545,"lng":139.963287,"prefecture":9,"lines":[99344],"attr":"heat","postal_code":"321-3236","address":"栃木県宇都宮市竹下町９１９","open_date":"2023-08-26","voronoi":{"type":"Feature","geometry":{"type":"Polygon","coordinates":[[[139.961747,36.574439],[139.968581,36.565901],[139.972081,36.554781],[139.951626,36.482576],[139.945802,36.480481],[139.935931,36.496087],[139.939227,36.50807],[139.961747,36.574439]]]},"properties":{}}},
    {"code":9934410,"id":"4cf84f","name":"清陵高校前","original_name":"清陵高校前","name_kana":"せいりょうこうこうまえ","closed":false,"lat":36.544859,"lng":139.976298,"prefecture":9,"lines":[99344],"attr":"heat","postal_code":"321-3236","address":"栃木県宇都宮市竹下町","open_date":"2023-08-26","voronoi":{"type":"Feature","geometry":{"type":"Polygon","coordinates":[[[139.951626,36.482576],[139.972081,36.554781],[139.978886,36.550245],[139.99717,36.49776],[139.970736,36.487336],[139.951626,36.482576]]]},"properties":{}}},
    {"code":9934411,"id":"3e4d3a","name":"清原地区市民センター前","original_name":"清原地区市民センター前","name_kana":"きよはらちくしみんせんたーまえ","closed":false,"lat":36.547633,"lng":139.984261,"prefecture":9,"lines":[99344],"attr":"heat","postal_code":"321-3231","address":"栃木県宇都宮市清原工業団地１５−１","open_date":"2023-08-26","voronoi":{"type":"Feature","geometry":{"type":"Polygon","coordinates":[[[139.996765,36.553781],[139.978886,36.550245],[139.99717,36.49776],[140.024592,36.506052],[140.02819,36.508515],[140.003518,36.54706],[139.99925,36.552034],[139.996765,36.553781]]]},"properties":{}}},
    {"code":9934412,"id":"cdff9f","name":"グリーンスタジアム前","original_name":"グリーンスタジアム前","name_kana":"ぐりーんすたじあむまえ","closed":false,"lat":36.554707,"lng":139.982862,"prefecture":9,"lines":[99344],"attr":"heat","postal_code":"321-3231","address":"栃木県宇都宮市清原工業団地２３−１１","open_date":"2023-08-26","voronoi":{"type":"Feature","geometry":{"type":"Polygon","coordinates":[[[139.990152,36.559353],[139.968581,36.565901],[139.972081,36.554781],[139.978886,36.550245],[139.996765,36.553781],[139.995327,36.5555],[139.990152,36.559353]]]},"properties":{}}},
    {"code":9934413,"id":"162ae5","name":"ゆいの杜西","original_name":"ゆいの杜西","name_kana":"ゆいのもりにし","closed":false,"lat":36.567267,"lng":139.986675,"prefecture":9,"lines":[99344],"attr":"heat","postal_code":"321-3226","address":"栃木県宇都宮市ゆいの杜１丁目１-１","open_date":"2023-08-26","voronoi":{"type":"Feature","geometry":{"type":"Polygon","coordinates":[[[139.961088,36.576659],[139.977293,36.598839],[139.987227,36.599947],[139.987378,36.59961],[139.990152,36.559353],[139.968581,36.565901],[139.961747,36.574439],[139.961088,36.576659]]]},"properties":{}}},
    {"code":9934414,"id":"b9acb6","name":"ゆいの杜中央","original_name":"ゆいの杜中央","name_kana":"ゆいのもりちゅうおう","closed":false,"lat":36.567669,"lng":139.99251,"prefecture":9,"lines":[99344],"attr":"heat","postal_code":"321-3226","address":"栃木県宇都宮市ゆいの杜５丁目１０-５","open_date":"2023-08-26","voronoi":{"type":"Feature","geometry":{"type":"Polygon","coordinates":[[[139.987378,36.59961],[139.990152,36.559353],[139.995327,36.5555],[139.995536,36.585089],[139.987378,36.59961]]]},"properties":{}}},
    {"code":9934415,"id":"8b7e52","name":"ゆいの杜東","original_name":"ゆいの杜東","name_kana":"ゆいのもりひがし","closed":false,"lat":36.567628,"lng":139.998316,"prefecture":9,"lines":[99344],"attr":"heat","postal_code":"321-3226","address":"栃木県宇都宮市ゆいの杜８丁目１-１","open_date":"2023-08-26","voronoi":{"type":"Feature","geometry":{"type":"Polygon","coordinates":[[[139.995327,36.5555],[139.996765,36.553781],[139.99925,36.552034],[140.003646,36.574994],[139.995536,36.585089],[139.995327,36.5555]]]},"properties":{}}},
    {"code":9934416,"id":"c40eff","name":"芳賀台","original_name":"芳賀台","name_kana":"はがだい","closed":false,"lat":36.56618,"lng":140.005879,"prefecture":9,"lines":[99344],"attr":"heat","postal_code":"321-3325","address":"栃木県芳賀郡芳賀町芳賀台","open_date":"2023-08-26","voronoi":{"type":"Feature","geometry":{"type":"Polygon","coordinates":[[[140.003646,36.574994],[139.99925,36.552034],[140.003518,36.54706],[140.009711,36.570099],[140.007592,36.573055],[140.003646,36.574994]]]},"properties":{}}},
    {"code":9934417,"id":"e74553","name":"芳賀町工業団地管理センター前","original_name":"芳賀町工業団地管理センター前","name_kana":"はがまちこうぎょうだんちかんりせんたーまえ","closed":false,"lat":36.564787,"lng":140.011061,"prefecture":9,"lines":[99344],"attr":"heat","postal_code":"321-3325","address":"栃木県芳賀郡芳賀町芳賀台９８","open_date":"2023-08-26","voronoi":{"type":"Feature","geometry":{"type":"Polygon","coordinates":[[[140.031326,36.509576],[140.02819,36.508515],[140.003518,36.54706],[140.009711,36.570099],[140.055578,36.548652],[140.031326,36.509576]]]},"properties":{}}},
    {"code":9934418,"id":"265543","name":"かしの森公園前","original_name":"かしの森公園前","name_kana":"かしのもりこうえんまえ","closed":false,"lat":36.572469,"lng":140.014653,"prefecture":9,"lines":[99344],"attr":"heat","postal_code":"321-3321","address":"栃木県芳賀郡芳賀町下高根沢かしの森公園通り","open_date":"2023-08-26","voronoi":{"type":"Feature","geometry":{"type":"Polygon","coordinates":[[[140.009711,36.570099],[140.007592,36.573055],[140.069924,36.600097],[140.07298,36.597143],[140.075976,36.59282],[140.064175,36.560077],[140.055578,36.548652],[140.009711,36.570099]]]},"properties":{}}},
    {"code":9934419,"id":"3f7e35","name":"芳賀・高根沢工業団地","original_name":"芳賀・高根沢工業団地","name_kana":"はが・たかねざわこうぎょうだんち","closed":false,"lat":36.578612,"lng":140.011988,"prefecture":9,"lines":[99344],"attr":"heat","postal_code":"321-3321","address":"栃木県芳賀郡芳賀町下高根沢４９８８","open_date":"2023-08-26","voronoi":{"type":"Feature","geometry":{"type":"Polygon","coordinates":[[[140.007592,36.573055],[140.003646,36.574994],[139.995536,36.585089],[139.987378,36.59961],[139.987227,36.599947],[140.010683,36.614307],[140.032428,36.615337],[140.061891,36.608751],[140.069924,36.600097],[140.007592,36.573055]]]},"properties":{}}}
  ]
}