{
  "code":99345,
  "id":"3b0c2b",
  "name":"ディズニーリゾートライン線",
  "name_kana":"でぃずにーりぞーとらいんせん",
  "name_formal":"舞浜リゾートラインディズニーリゾートライン線",
  "station_size":4,
  "company_code":305,
  "closed":false,
  "station_list":[
    {"code":9934501,"id":"3f5f8e","name":"リゾートゲートウェイ・ステーション","original_name":"リゾートゲートウェイ・ステーション","name_kana":"りぞーとげーとうぇい・すてーしょん","closed":false,"lat":35.635269,"lng":139.885141,"prefecture":12,"lines":[99345],"attr":"eco","postal_code":"279-0031","address":"千葉県浦安市舞浜","voronoi":{"type":"Feature","geometry":{"type":"Polygon","coordinates":[[[139.882996,35.628964],[139.881498,35.63075],[139.892714,35.649669],[139.895437,35.648954],[139.900758,35.638724],[139.882996,35.628964]]]},"properties":{}}},
    {"code":9934502,"id":"1a7596","name":"東京ディズニーランド・ステーション","original_name":"東京ディズニーランド・ステーション","name_kana":"とうきょうでぃずにーらんど・すてーしょん","closed":false,"lat":35.635891,"lng":139.878646,"prefecture":12,"lines":[99345],"attr":"eco","postal_code":"279-0031","address":"千葉県浦安市舞浜","voronoi":{"type":"Feature","geometry":{"type":"Polygon","coordinates":[[[139.881409,35.630829],[139.867415,35.634761],[139.874758,35.649545],[139.880524,35.650835],[139.881409,35.630829]]]},"properties":{}}},
    {"code":9934503,"id":"a3079b","name":"ベイサイド・ステーション","original_name":"ベイサイド・ステーション","name_kana":"べいさいど・すてーしょん","closed":false,"lat":35.627947,"lng":139.876414,"prefecture":12,"lines":[99345],"attr":"cool","postal_code":"279-0031","address":"千葉県浦安市舞浜","voronoi":{"type":"Feature","geometry":{"type":"Polygon","coordinates":[[[139.867415,35.634761],[139.881409,35.630829],[139.881498,35.63075],[139.882996,35.628964],[139.879044,35.535684],[139.833576,35.58776],[139.842752,35.612438],[139.867415,35.634761]]]},"properties":{}}},
    {"code":9934504,"id":"3f22f3","name":"東京ディズニーシー・ステーション","original_name":"東京ディズニーシー・ステーション","name_kana":"とうきょうでぃずにーしー・すてーしょん","closed":false,"lat":35.627394,"lng":139.889468,"prefecture":12,"lines":[99345],"attr":"cool","postal_code":"279-0031","address":"千葉県浦安市舞浜","voronoi":{"type":"Feature","geometry":{"type":"Polygon","coordinates":[[[139.964811,35.552181],[139.932256,35.5327],[139.8927,35.518851],[139.881407,35.532556],[139.879044,35.535684],[139.882996,35.628964],[139.900758,35.638724],[139.974359,35.561953],[139.964811,35.552181]]]},"properties":{}}}
  ]
}