{
  "code":99340,
  "id":"cb0567",
  "name":"北総鉄道",
  "name_kana":"ほくそうてつどう",
  "name_formal":"北総鉄道北総線",
  "station_size":15,
  "company_code":152,
  "closed":false,
  "color":"#00BDF2",
  "symbol":"HS",
  "station_list":[
    {"code":2300110,"id":"74a83b","name":"京成高砂","original_name":"京成高砂","name_kana":"けいせいたかさご","closed":false,"lat":35.750932,"lng":139.866875,"prefecture":13,"numbering":["KS10"],"lines":[23001,23002,23003,23006,99340],"attr":"cool","postal_code":"125-0054","address":"東京都葛飾区高砂五丁目28-1","voronoi":{"type":"Feature","geometry":{"type":"Polygon","coordinates":[[[139.873129,35.750393],[139.866863,35.760056],[139.859488,35.761532],[139.856869,35.75829],[139.867383,35.736251],[139.871906,35.740047],[139.873178,35.742489],[139.873129,35.750393]]]},"properties":{}}},
    {"code":9934002,"id":"a66967","name":"新柴又","original_name":"新柴又","name_kana":"しんしばまた","closed":false,"lat":35.75101,"lng":139.879376,"prefecture":13,"numbering":["HS01"],"lines":[99340],"attr":"heat","postal_code":"125-0052","address":"葛飾区柴又５-７-１","voronoi":{"type":"Feature","geometry":{"type":"Polygon","coordinates":[[[139.887244,35.761519],[139.873129,35.750393],[139.873178,35.742489],[139.890593,35.751015],[139.887244,35.761519]]]},"properties":{}}},
    {"code":9934003,"id":"efbbef","name":"矢切","original_name":"矢切","name_kana":"やぎり","closed":false,"lat":35.757503,"lng":139.899742,"prefecture":12,"numbering":["HS02"],"lines":[99340],"attr":"eco","postal_code":"271-0096","address":"松戸市下矢切字入山津１２０","voronoi":{"type":"Feature","geometry":{"type":"Polygon","coordinates":[[[139.888374,35.771445],[139.886934,35.767957],[139.887244,35.761519],[139.890593,35.751015],[139.893001,35.748499],[139.901743,35.746945],[139.911357,35.748522],[139.903016,35.770882],[139.888374,35.771445]]]},"properties":{}}},
    {"code":9934004,"id":"d86d6f","name":"北国分","original_name":"北国分","name_kana":"きたこくぶん","closed":false,"lat":35.762916,"lng":139.914252,"prefecture":12,"numbering":["HS03"],"lines":[99340],"attr":"eco","postal_code":"272-0837","address":"市川市堀之内３-２１-１","voronoi":{"type":"Feature","geometry":{"type":"Polygon","coordinates":[[[139.903016,35.770882],[139.911903,35.776437],[139.92079,35.775842],[139.92499,35.746809],[139.921905,35.74635],[139.915329,35.746876],[139.911357,35.748522],[139.903016,35.770882]]]},"properties":{}}},
    {"code":9934005,"id":"0ab083","name":"秋山","original_name":"秋山","name_kana":"あきやま","closed":false,"lat":35.765299,"lng":139.930723,"prefecture":12,"numbering":["HS04"],"lines":[99340],"attr":"eco","postal_code":"270-2223","address":"松戸市秋山字前原１１２","voronoi":{"type":"Feature","geometry":{"type":"Polygon","coordinates":[[[139.933253,35.74432],[139.933113,35.744328],[139.92499,35.746809],[139.92079,35.775842],[139.921703,35.776396],[139.923587,35.776982],[139.933424,35.777497],[139.940639,35.759668],[139.933253,35.74432]]]},"properties":{}}},
    {"code":1130521,"id":"9f5c62","name":"東松戸","original_name":"東松戸","name_kana":"ひがしまつど","closed":false,"lat":35.770611,"lng":139.943848,"prefecture":12,"numbering":["HS05"],"lines":[11305,23006,99340],"attr":"eco","postal_code":"270-2221","address":"千葉県松戸市紙敷","open_date":"1991-03-31","voronoi":{"type":"Feature","geometry":{"type":"Polygon","coordinates":[[[139.933424,35.777497],[139.9362,35.779628],[139.943719,35.781974],[139.947391,35.78291],[139.953261,35.765804],[139.940639,35.759668],[139.933424,35.777497]]]},"properties":{}}},
    {"code":9934007,"id":"a31281","name":"松飛台","original_name":"松飛台","name_kana":"まつひだい","closed":false,"lat":35.775377,"lng":139.957739,"prefecture":12,"numbering":["HS06"],"lines":[99340],"attr":"eco","postal_code":"270-2221","address":"松戸市紙敷１-２９-５","voronoi":{"type":"Feature","geometry":{"type":"Polygon","coordinates":[[[139.953688,35.789301],[139.952614,35.788984],[139.947391,35.78291],[139.953261,35.765804],[139.965421,35.761833],[139.965759,35.781347],[139.96417,35.785445],[139.953688,35.789301]]]},"properties":{}}},
    {"code":9934008,"id":"f5d2be","name":"大町(千葉)","original_name":"大町","name_kana":"おおまち","closed":false,"lat":35.775103,"lng":139.973567,"prefecture":12,"numbering":["HS07"],"lines":[99340],"attr":"eco","postal_code":"272-0801","address":"市川市大町１７５","voronoi":{"type":"Feature","geometry":{"type":"Polygon","coordinates":[[[139.979107,35.756245],[139.98404,35.766556],[139.982935,35.77627],[139.965759,35.781347],[139.965421,35.761833],[139.973222,35.752974],[139.979107,35.756245]]]},"properties":{}}},
    {"code":2100430,"id":"a3a320","name":"新鎌ヶ谷","original_name":"新鎌ヶ谷","name_kana":"しんかまがや","closed":false,"lat":35.780221,"lng":139.999455,"prefecture":12,"numbering":["HS08"],"lines":[21004,23006,99329,99340],"attr":"cool","postal_code":"273-0107","address":"千葉県鎌ケ谷市新鎌ケ谷一丁目13-1","open_date":"1991-03-31","voronoi":{"type":"Feature","geometry":{"type":"Polygon","coordinates":[[[139.997137,35.775749],[139.992497,35.786836],[140.014858,35.787267],[140.016037,35.778133],[139.997137,35.775749]]]},"properties":{}}},
    {"code":9934010,"id":"9fe51e","name":"西白井","original_name":"西白井","name_kana":"にししろい","closed":false,"lat":35.784364,"lng":140.031545,"prefecture":12,"numbering":["HS09"],"lines":[99340],"attr":"heat","postal_code":"270-1431","address":"白井市根字清水口１０５９-２","voronoi":{"type":"Feature","geometry":{"type":"Polygon","coordinates":[[[140.04216,35.826173],[140.037719,35.827025],[140.018919,35.801318],[140.014858,35.787267],[140.016037,35.778133],[140.017448,35.774593],[140.024464,35.769907],[140.040005,35.76593],[140.043123,35.765661],[140.04216,35.826173]]]},"properties":{}}},
    {"code":9934011,"id":"b39b36","name":"白井","original_name":"白井","name_kana":"しろい","closed":false,"lat":35.784723,"lng":140.0541,"prefecture":12,"numbering":["HS10"],"lines":[99340],"attr":"heat","postal_code":"270-1422","address":"白井市復字根木山６２０","voronoi":{"type":"Feature","geometry":{"type":"Polygon","coordinates":[[[140.04216,35.826173],[140.043123,35.765661],[140.056745,35.755845],[140.062384,35.756319],[140.067953,35.75825],[140.060768,35.827467],[140.06047,35.827553],[140.04216,35.826173]]]},"properties":{}}},
    {"code":9934012,"id":"865bfe","name":"小室","original_name":"小室","name_kana":"こむろ","closed":false,"lat":35.787004,"lng":140.076073,"prefecture":12,"numbering":["HS11"],"lines":[99340],"attr":"heat","postal_code":"270-1471","address":"船橋市小室町３１０６","voronoi":{"type":"Feature","geometry":{"type":"Polygon","coordinates":[[[140.089617,35.757277],[140.105596,35.764737],[140.085174,35.826893],[140.060768,35.827467],[140.067953,35.75825],[140.089617,35.757277]]]},"properties":{}}},
    {"code":9934013,"id":"9dab05","name":"千葉ニュータウン中央","original_name":"千葉ニュータウン中央","name_kana":"ちばにゅーたうんちゅうおう","closed":false,"lat":35.800175,"lng":140.116159,"prefecture":12,"numbering":["HS12"],"lines":[23006,99340],"attr":"eco","postal_code":"270-1340","address":"千葉県印西市中央南一丁目1390-1","open_date":"1984-03-19","voronoi":{"type":"Feature","geometry":{"type":"Polygon","coordinates":[[[140.140833,35.812275],[140.12642,35.824134],[140.107339,35.830639],[140.086349,35.827563],[140.085174,35.826893],[140.105596,35.764737],[140.118179,35.762573],[140.143283,35.776056],[140.140833,35.812275]]]},"properties":{}}},
    {"code":9934014,"id":"01676f","name":"印西牧の原","original_name":"印西牧の原","name_kana":"いんざいまきのはら","closed":false,"lat":35.803608,"lng":140.166911,"prefecture":12,"numbering":["HS13"],"lines":[99340],"attr":"cool","postal_code":"270-1337","address":"印西市草深２１９１","voronoi":{"type":"Feature","geometry":{"type":"Polygon","coordinates":[[[140.140833,35.812275],[140.143283,35.776056],[140.160207,35.771123],[140.173104,35.76878],[140.190242,35.807323],[140.169198,35.827547],[140.140833,35.812275]]]},"properties":{}}},
    {"code":9934015,"id":"9f7692","name":"印旛日本医大","original_name":"印旛日本医大","name_kana":"いんばにほんいだい","closed":false,"lat":35.787512,"lng":140.203112,"prefecture":12,"numbering":["HS14"],"lines":[23006,99340],"attr":"heat","postal_code":"270-1609","address":"千葉県印西市若萩一丁目1","open_date":"2000-07-22","voronoi":{"type":"Feature","geometry":{"type":"Polygon","coordinates":[[[140.219449,35.81413],[140.190242,35.807323],[140.173104,35.76878],[140.177682,35.764304],[140.207683,35.75266],[140.232302,35.763139],[140.242833,35.771856],[140.245634,35.778114],[140.240436,35.797164],[140.219449,35.81413]]]},"properties":{}}}
  ]
}