{
  "code":99347,
  "id":"7e1430",
  "name":"鹿島臨海鉄道鹿島臨港線",
  "name_kana":"かしまりんかいてつどうかしまりんこうせん",
  "station_size":2,
  "company_code":136,
  "closed":true,
  "station_list":[
    {"code":9934701,"id":"78174f","name":"居切","original_name":"居切","name_kana":"いぎり","closed":true,"lat":35.929972,"lng":140.650556,"prefecture":8,"lines":[99347],"attr":"unknown","postal_code":"314-0141","address":"茨城県神栖市居切５５０","voronoi":{"type":"Feature","geometry":{"type":"Polygon","coordinates":[[[140.784359,35.993932],[140.663953,35.96611],[140.616483,35.93705],[140.60641,35.914895],[140.616762,35.896183],[140.637972,35.883995],[140.645688,35.884437],[140.784359,35.993932]]]},"properties":{}}},
    {"code":9934702,"id":"8e6472","name":"鹿島港南","original_name":"鹿島港南","name_kana":"かしまこうなん","closed":true,"lat":35.878611,"lng":140.691111,"prefecture":8,"lines":[99347],"attr":"unknown","postal_code":"314-0115","address":"茨城県神栖市知手３０６１−４","voronoi":{"type":"Feature","geometry":{"type":"Polygon","coordinates":[[[140.863428,35.904626],[140.920882,35.965654],[141.072404,36.132913],[140.784359,35.993932],[140.645688,35.884437],[140.686972,35.846832],[140.796038,35.867143],[140.807232,35.871048],[140.863428,35.904626]]]},"properties":{}}}
  ],
  "closed_date":"1983-12-01"
}