{
  "code":99348,
  "id":"565c30",
  "name":"京王御陵線",
  "name_kana":"けいおうごりょうせん",
  "station_size":2,
  "company_code":14,
  "closed":true,
  "station_list":[
    {"code":9934801,"id":"9bfa5d","name":"武蔵横山","original_name":"武蔵横山","name_kana":"むさしよこやま","closed":true,"lat":35.652032,"lng":139.301475,"prefecture":13,"lines":[99348],"attr":"unknown","postal_code":"193-0831","address":"東京都八王子市並木町１３-１","voronoi":{"type":"Feature","geometry":{"type":"Polygon","coordinates":[[[139.289388,35.6891],[139.296302,35.647236],[139.300689,35.644284],[139.308523,35.650762],[139.292515,35.689708],[139.289388,35.6891]]]},"properties":{}}},
    {"code":9934802,"id":"ec8861","name":"多摩御陵前","original_name":"多摩御陵前","name_kana":"たまごりょうまえ","closed":true,"lat":35.650114,"lng":139.289861,"prefecture":13,"lines":[99348],"attr":"unknown","postal_code":"193-0824","address":"東京都八王子市長房町１５６２−２９","voronoi":{"type":"Feature","geometry":{"type":"Polygon","coordinates":[[[139.249176,35.680619],[139.258918,35.684656],[139.274197,35.688487],[139.289388,35.6891],[139.296302,35.647236],[139.288361,35.643929],[139.249176,35.680619]]]},"properties":{}}}
  ],
  "closed_date":"1964-11-26"
}