{
  "code":99350,
  "id":"2712ee",
  "name":"湘南軌道",
  "name_kana":"しょうなんきどう",
  "station_size":8,
  "closed":true,
  "station_list":[
    {"code":2500139,"id":"ee0a6a","name":"秦野","original_name":"秦野","name_kana":"はだの","closed":false,"lat":35.370075,"lng":139.226009,"prefecture":14,"lines":[25001,99350],"attr":"heat","postal_code":"257-0034","address":"秦野市大秦町１丁目","voronoi":{"type":"Feature","geometry":{"type":"Polygon","coordinates":[[[139.226096,35.496563],[139.216917,35.495171],[139.203167,35.3506],[139.217756,35.353955],[139.229059,35.364014],[139.229876,35.478851],[139.226096,35.496563]]]},"properties":{}}},
    {"code":5000097,"id":"23415a","name":"台町","original_name":"台町","name_kana":"だいまち","closed":true,"lat":35.370031,"lng":139.232195,"prefecture":14,"lines":[99350],"attr":"unknown","postal_code":"257-0035","address":"神奈川県秦野市１１","voronoi":{"type":"Feature","geometry":{"type":"Polygon","coordinates":[[[139.229059,35.364014],[139.229876,35.478851],[139.249632,35.397657],[139.251849,35.369927],[139.229059,35.364014]]]},"properties":{}}},
    {"code":5000098,"id":"47b97e","name":"大竹(神奈川)","original_name":"大竹","name_kana":"おおだけ","closed":true,"lat":35.36028,"lng":139.234725,"prefecture":14,"lines":[99350],"attr":"unknown","postal_code":"257-0012","address":"神奈川県秦野市","voronoi":{"type":"Feature","geometry":{"type":"Polygon","coordinates":[[[139.251849,35.369927],[139.259624,35.347869],[139.217756,35.353955],[139.229059,35.364014],[139.251849,35.369927]]]},"properties":{}}},
    {"code":5000099,"id":"bae49c","name":"上井ノ口","original_name":"上井ノ口","name_kana":"かみいのくち","closed":true,"lat":35.343061,"lng":139.232222,"prefecture":14,"lines":[99350],"attr":"unknown","postal_code":"259-0151","address":"神奈川県足柄上郡中井町井ノ口","voronoi":{"type":"Feature","geometry":{"type":"Polygon","coordinates":[[[139.217756,35.353955],[139.259624,35.347869],[139.2623,35.3444],[139.203026,35.329218],[139.196309,35.337519],[139.195789,35.339209],[139.203167,35.3506],[139.217756,35.353955]]]},"properties":{}}},
    {"code":5000100,"id":"8f5e20","name":"下井ノ口","original_name":"下井ノ口","name_kana":"しもいのくち","closed":true,"lat":35.331114,"lng":139.235282,"prefecture":14,"lines":[99350],"attr":"unknown","postal_code":"259-0151","address":"神奈川県足柄上郡中井町井ノ口","voronoi":{"type":"Feature","geometry":{"type":"Polygon","coordinates":[[[139.2623,35.3444],[139.203026,35.329218],[139.212674,35.311055],[139.213121,35.310856],[139.266705,35.340632],[139.2623,35.3444]]]},"properties":{}}},
    {"code":5000101,"id":"8fa83b","name":"一色","original_name":"一色","name_kana":"いっしき","closed":true,"lat":35.318976,"lng":139.242027,"prefecture":14,"lines":[99350],"attr":"unknown","postal_code":"259-0151","address":"神奈川県足柄上郡中井町井ノ口","voronoi":{"type":"Feature","geometry":{"type":"Polygon","coordinates":[[[139.213121,35.310856],[139.226793,35.300428],[139.276423,35.335392],[139.266705,35.340632],[139.213121,35.310856]]]},"properties":{}}},
    {"code":5000102,"id":"6f51fa","name":"中里(神奈川)","original_name":"中里","name_kana":"なかざと","closed":true,"lat":35.308529,"lng":139.249387,"prefecture":14,"lines":[99350],"attr":"unknown","postal_code":"259-0131","address":"神奈川県中郡二宮町中里","voronoi":{"type":"Feature","geometry":{"type":"Polygon","coordinates":[[[139.234944,35.289699],[139.226793,35.300428],[139.276423,35.335392],[139.280342,35.334068],[139.28065,35.326955],[139.256187,35.305898],[139.234944,35.289699]]]},"properties":{}}},
    {"code":5000103,"id":"c0bfe3","name":"二宮(湘南軌道)","original_name":"二宮","name_kana":"にのみや","closed":true,"lat":35.298782,"lng":139.257777,"prefecture":14,"lines":[99350],"attr":"unknown","postal_code":"259-0123","address":"中郡二宮町二宮","voronoi":{"type":"Feature","geometry":{"type":"Polygon","coordinates":[[[139.295943,35.138436],[139.329833,35.108442],[139.28065,35.326955],[139.256187,35.305898],[139.274725,35.191446],[139.295943,35.138436]]]},"properties":{}}}
  ],
  "closed_date":"1937-08-25"
}