{
  "code":99402,
  "id":"abc88f",
  "name":"北越急行ほくほく線",
  "name_kana":"ほくえつきゅうこうほくほくせん",
  "station_size":12,
  "company_code":155,
  "closed":false,
  "color":"#6633FF",
  "station_list":[
    {"code":1134225,"id":"761b28","name":"六日町","original_name":"六日町","name_kana":"むいかまち","closed":false,"lat":37.067065,"lng":138.875872,"prefecture":15,"lines":[11342,99402],"attr":"cool","postal_code":"949-6600","address":"南魚沼市六日町","voronoi":{"type":"Feature","geometry":{"type":"Polygon","coordinates":[[[138.973986,36.969166],[139.047667,36.997872],[138.915197,37.079292],[138.834281,37.084154],[138.935097,36.975971],[138.973986,36.969166]]]},"properties":{}}},
    {"code":9940202,"id":"105bad","name":"魚沼丘陵","original_name":"魚沼丘陵","name_kana":"うおぬまきゅうりょう","closed":false,"lat":37.09614,"lng":138.877619,"prefecture":15,"lines":[99402],"attr":"heat","postal_code":"949-7144","address":"南魚沼市野田","voronoi":{"type":"Feature","geometry":{"type":"Polygon","coordinates":[[[138.852347,37.160571],[138.824169,37.089558],[138.834281,37.084154],[138.915197,37.079292],[138.852347,37.160571]]]},"properties":{}}},
    {"code":9940203,"id":"b3fd22","name":"美佐島","original_name":"美佐島","name_kana":"みさしま","closed":false,"lat":37.130996,"lng":138.789774,"prefecture":15,"lines":[99402],"attr":"heat","postal_code":"948-0015","address":"十日町市猿倉","voronoi":{"type":"Feature","geometry":{"type":"Polygon","coordinates":[[[138.783693,37.146786],[138.771189,37.115906],[138.76919,37.097071],[138.783943,37.070561],[138.810059,37.080318],[138.824169,37.089558],[138.852347,37.160571],[138.852558,37.162831],[138.849481,37.174048],[138.822032,37.170059],[138.783693,37.146786]]]},"properties":{}}},
    {"code":9940204,"id":"c235d7","name":"しんざ","original_name":"しんざ","name_kana":"しんざ","closed":false,"lat":37.139675,"lng":138.768339,"prefecture":15,"lines":[99402],"attr":"heat","postal_code":"948-0012","address":"十日町市新座","voronoi":{"type":"Feature","geometry":{"type":"Polygon","coordinates":[[[138.755727,37.152652],[138.771189,37.115906],[138.783693,37.146786],[138.755727,37.152652]]]},"properties":{}}},
    {"code":1140726,"id":"9e94fe","name":"十日町","original_name":"十日町","name_kana":"とおかまち","closed":false,"lat":37.134562,"lng":138.756188,"prefecture":15,"lines":[11407,99402],"attr":"heat","postal_code":"948-0000","address":"十日町市丑","voronoi":{"type":"Feature","geometry":{"type":"Polygon","coordinates":[[[138.68397,37.197843],[138.690305,37.195478],[138.755727,37.152652],[138.771189,37.115906],[138.76919,37.097071],[138.684631,37.157867],[138.68397,37.197843]]]},"properties":{}}},
    {"code":9940206,"id":"935782","name":"まつだい","original_name":"まつだい","name_kana":"まつだい","closed":false,"lat":37.132209,"lng":138.613884,"prefecture":15,"lines":[99402],"attr":"cool","postal_code":"942-1526","address":"十日町市松代","voronoi":{"type":"Feature","geometry":{"type":"Polygon","coordinates":[[[138.68397,37.197843],[138.671123,37.230118],[138.612534,37.236678],[138.575431,37.236354],[138.55213,37.07196],[138.563396,37.069076],[138.582729,37.067587],[138.623921,37.077228],[138.665945,37.106046],[138.669724,37.110022],[138.670872,37.112089],[138.684631,37.157867],[138.68397,37.197843]]]},"properties":{}}},
    {"code":9940207,"id":"689bb4","name":"ほくほく大島","original_name":"ほくほく大島","name_kana":"ほくほくおおしま","closed":false,"lat":37.146997,"lng":138.509551,"prefecture":15,"lines":[99402],"attr":"cool","postal_code":"942-1104","address":"上越市大島区下達","voronoi":{"type":"Feature","geometry":{"type":"Polygon","coordinates":[[[138.511968,37.065067],[138.549052,37.070636],[138.55213,37.07196],[138.575431,37.236354],[138.549427,37.250082],[138.532955,37.250691],[138.526422,37.249923],[138.493483,37.242538],[138.485682,37.238942],[138.465875,37.068096],[138.474942,37.066547],[138.511968,37.065067]]]},"properties":{}}},
    {"code":9940208,"id":"5e4aef","name":"虫川大杉","original_name":"虫川大杉","name_kana":"むしがわおおすぎ","closed":false,"lat":37.154897,"lng":138.441409,"prefecture":15,"lines":[99402],"attr":"cool","postal_code":"942-0305","address":"上越市浦川原区虫川","voronoi":{"type":"Feature","geometry":{"type":"Polygon","coordinates":[[[138.444589,37.230278],[138.411539,37.061851],[138.456715,37.066039],[138.465875,37.068096],[138.485682,37.238942],[138.460244,37.237348],[138.444589,37.230278]]]},"properties":{}}},
    {"code":9940209,"id":"07ceef","name":"うらがわら","original_name":"うらがわら","name_kana":"うらがわら","closed":false,"lat":37.159285,"lng":138.419047,"prefecture":15,"lines":[99402],"attr":"eco","postal_code":"942-0314","address":"上越市浦川原区顕聖寺","voronoi":{"type":"Feature","geometry":{"type":"Polygon","coordinates":[[[138.411539,37.061851],[138.444589,37.230278],[138.425456,37.224929],[138.35017,37.088221],[138.372441,37.054425],[138.38126,37.055418],[138.411539,37.061851]]]},"properties":{}}},
    {"code":9940210,"id":"6c59a5","name":"大池いこいの森","original_name":"大池いこいの森","name_kana":"おおいけいこいのもり","closed":false,"lat":37.18442,"lng":138.373406,"prefecture":15,"lines":[99402],"attr":"eco","postal_code":"942-0214","address":"上越市頸城区大蒲生田","voronoi":{"type":"Feature","geometry":{"type":"Polygon","coordinates":[[[138.340924,37.096359],[138.35017,37.088221],[138.425456,37.224929],[138.414138,37.226449],[138.407418,37.225275],[138.322329,37.152755],[138.320704,37.148478],[138.320865,37.124848],[138.326836,37.11351],[138.340924,37.096359]]]},"properties":{}}},
    {"code":9940211,"id":"59b7a8","name":"くびき","original_name":"くびき","name_kana":"くびき","closed":false,"lat":37.198168,"lng":138.361689,"prefecture":15,"lines":[99402],"attr":"eco","postal_code":"942-0207","address":"上越市頸城区手島","voronoi":{"type":"Feature","geometry":{"type":"Polygon","coordinates":[[[138.322329,37.152755],[138.330693,37.19159],[138.34449,37.212332],[138.365704,37.225182],[138.407418,37.225275],[138.322329,37.152755]]]},"properties":{}}},
    {"code":1140403,"id":"518398","name":"犀潟","original_name":"犀潟","name_kana":"さいがた","closed":false,"lat":37.210345,"lng":138.305154,"prefecture":15,"lines":[11404,99402],"attr":"cool","postal_code":"949-3116","address":"上越市大潟区犀潟","voronoi":{"type":"Feature","geometry":{"type":"Polygon","coordinates":[[[138.320704,37.148478],[138.322329,37.152755],[138.330693,37.19159],[138.181346,37.428453],[138.134305,37.497162],[138.161108,37.401055],[138.181587,37.344981],[138.320704,37.148478]]]},"properties":{}}}
  ]
}