{
  "code":99404,
  "id":425,
  "name":"上田電鉄別所線",
  "name_kana":"うえだでんてつべっしょせん",
  "station_size":15,
  "company_code":157,
  "closed":false,
  "station_list":[
    {"code":100905,"id":7127,"name":"上田","original_name":"上田","name_kana":"うえだ","closed":false,"lat":36.396579,"lng":138.249298,"prefecture":20,"lines":[1009,99403,99404],"attr":"eco","postal_code":"386-0025","address":"上田市天神１丁目１８８７番地","voronoi":{"type":"Feature","geometry":{"type":"Polygon","coordinates":[[[138.282331,36.498967],[138.295418,36.502926],[138.340488,36.50216],[138.320553,36.466878],[138.255362,36.379578],[138.237478,36.408131],[138.234211,36.417336],[138.268366,36.484444],[138.282331,36.498967]]]},"properties":{}}},
    {"code":9940402,"id":7135,"name":"城下(長野)","original_name":"城下","name_kana":"しろした","closed":false,"lat":36.392454,"lng":138.242712,"prefecture":20,"lines":[99404],"attr":"cool","postal_code":"386-0032","address":"上田市大字諏訪形字中田９８２","voronoi":{"type":"Feature","geometry":{"type":"Polygon","coordinates":[[[138.237478,36.408131],[138.241695,36.367619],[138.247621,36.362449],[138.255362,36.379578],[138.237478,36.408131]]]},"properties":{}}},
    {"code":9940403,"id":7136,"name":"三好町","original_name":"三好町","name_kana":"みよしちょう","closed":false,"lat":36.391712,"lng":138.235585,"prefecture":20,"lines":[99404],"attr":"cool","postal_code":"386-0034","address":"上田市大字中之条字中満丁２４０-５","voronoi":{"type":"Feature","geometry":{"type":"Polygon","coordinates":[[[138.230336,36.413245],[138.232121,36.376929],[138.236616,36.370895],[138.241695,36.367619],[138.237478,36.408131],[138.234211,36.417336],[138.230336,36.413245]]]},"properties":{}}},
    {"code":9940404,"id":7137,"name":"赤坂上","original_name":"赤坂上","name_kana":"あかさかうえ","closed":false,"lat":36.391301,"lng":138.227224,"prefecture":20,"lines":[99404],"attr":"heat","postal_code":"386-1102","address":"上田市大字上田原字一ノ口８７５-７","voronoi":{"type":"Feature","geometry":{"type":"Polygon","coordinates":[[[138.222028,36.407282],[138.230336,36.413245],[138.232121,36.376929],[138.22573,36.3818],[138.225578,36.382023],[138.222028,36.407282]]]},"properties":{}}},
    {"code":9940405,"id":7138,"name":"上田原","original_name":"上田原","name_kana":"うえだはら","closed":false,"lat":36.390488,"lng":138.221439,"prefecture":20,"lines":[99404],"attr":"heat","postal_code":"386-1102","address":"上田市大字上田原字屋鋪田６９７-５","voronoi":{"type":"Feature","geometry":{"type":"Polygon","coordinates":[[[138.222028,36.407282],[138.204042,36.398641],[138.225578,36.382023],[138.222028,36.407282]]]},"properties":{}}},
    {"code":9940406,"id":7139,"name":"寺下","original_name":"寺下","name_kana":"てらした","closed":false,"lat":36.38388,"lng":138.21634,"prefecture":20,"lines":[99404],"attr":"heat","postal_code":"386-1103","address":"上田市大字神畑字寺下６１６-１","voronoi":{"type":"Feature","geometry":{"type":"Polygon","coordinates":[[[138.185059,36.39182],[138.183571,36.393872],[138.204042,36.398641],[138.225578,36.382023],[138.22573,36.3818],[138.200492,36.379188],[138.194398,36.382612],[138.185059,36.39182]]]},"properties":{}}},
    {"code":9940407,"id":7140,"name":"神畑","original_name":"神畑","name_kana":"かばたけ","closed":false,"lat":36.377841,"lng":138.216965,"prefecture":20,"lines":[99404],"attr":"eco","postal_code":"386-1103","address":"上田市大字神畑字孤池９４-５","voronoi":{"type":"Feature","geometry":{"type":"Polygon","coordinates":[[[138.22991,36.370775],[138.201132,36.378652],[138.200492,36.379188],[138.22573,36.3818],[138.232121,36.376929],[138.236616,36.370895],[138.22991,36.370775]]]},"properties":{}}},
    {"code":9940408,"id":7141,"name":"大学前(長野)","original_name":"大学前","name_kana":"だいがくまえ","closed":false,"lat":36.371287,"lng":138.215171,"prefecture":20,"lines":[99404],"attr":"eco","postal_code":"386-1211","address":"上田市大字下之郷字上迎２８４-５","voronoi":{"type":"Feature","geometry":{"type":"Polygon","coordinates":[[[138.201132,36.378652],[138.21097,36.36593],[138.22991,36.370775],[138.201132,36.378652]]]},"properties":{}}},
    {"code":9940409,"id":7142,"name":"下之郷","original_name":"下之郷","name_kana":"しものごう","closed":false,"lat":36.363249,"lng":138.217227,"prefecture":20,"lines":[99404],"attr":"eco","postal_code":"386-1211","address":"上田市大字下之郷５１７-３","voronoi":{"type":"Feature","geometry":{"type":"Polygon","coordinates":[[[138.261498,36.311656],[138.247621,36.362449],[138.241695,36.367619],[138.236616,36.370895],[138.22991,36.370775],[138.21097,36.36593],[138.211057,36.336447],[138.230127,36.184738],[138.258918,36.175562],[138.265568,36.260186],[138.261498,36.311656]]]},"properties":{}}},
    {"code":9940410,"id":7143,"name":"中塩田","original_name":"中塩田","name_kana":"なかしおだ","closed":false,"lat":36.363212,"lng":138.204728,"prefecture":20,"lines":[99404],"attr":"eco","postal_code":"386-1324","address":"上田市大字五加字富在家１２２５-６","voronoi":{"type":"Feature","geometry":{"type":"Polygon","coordinates":[[[138.201132,36.378652],[138.21097,36.36593],[138.211057,36.336447],[138.195057,36.379704],[138.194398,36.382612],[138.200492,36.379188],[138.201132,36.378652]]]},"properties":{}}},
    {"code":9940411,"id":7144,"name":"塩田町","original_name":"塩田町","name_kana":"しおだまち","closed":false,"lat":36.360888,"lng":138.198445,"prefecture":20,"lines":[99404],"attr":"eco","postal_code":"386-1325","address":"上田市大字中野字兼田４０-２","voronoi":{"type":"Feature","geometry":{"type":"Polygon","coordinates":[[[138.216038,36.188421],[138.230127,36.184738],[138.211057,36.336447],[138.195057,36.379704],[138.200605,36.260986],[138.216038,36.188421]]]},"properties":{}}},
    {"code":9940412,"id":7145,"name":"中野(長野)","original_name":"中野","name_kana":"なかの","closed":false,"lat":36.360654,"lng":138.193438,"prefecture":20,"lines":[99404],"attr":"eco","postal_code":"386-1325","address":"上田市大字中野字池下４９６-４","voronoi":{"type":"Feature","geometry":{"type":"Polygon","coordinates":[[[138.195958,36.280427],[138.185059,36.39182],[138.194398,36.382612],[138.195057,36.379704],[138.200605,36.260986],[138.195958,36.280427]]]},"properties":{}}},
    {"code":9940413,"id":7146,"name":"舞田","original_name":"舞田","name_kana":"まいた","closed":false,"lat":36.359621,"lng":138.18288,"prefecture":20,"lines":[99404],"attr":"eco","postal_code":"386-1326","address":"上田市大字舞田字柳堂４４-６","voronoi":{"type":"Feature","geometry":{"type":"Polygon","coordinates":[[[138.172267,36.398902],[138.189633,36.300819],[138.195958,36.280427],[138.185059,36.39182],[138.183571,36.393872],[138.172267,36.398902]]]},"properties":{}}},
    {"code":9940414,"id":7147,"name":"八木沢","original_name":"八木沢","name_kana":"やぎさわ","closed":false,"lat":36.358365,"lng":138.175786,"prefecture":20,"lines":[99404],"attr":"eco","postal_code":"386-1327","address":"上田市大字八木沢字表田中４３９-２","voronoi":{"type":"Feature","geometry":{"type":"Polygon","coordinates":[[[138.172267,36.398902],[138.189633,36.300819],[138.150513,36.404229],[138.167222,36.401706],[138.172267,36.398902]]]},"properties":{}}},
    {"code":9940415,"id":7148,"name":"別所温泉","original_name":"別所温泉","name_kana":"べっしょおんせん","closed":false,"lat":36.353121,"lng":138.161924,"prefecture":20,"lines":[99404],"attr":"eco","postal_code":"386-1431","address":"上田市大字別所温泉１８５３-３","voronoi":{"type":"Feature","geometry":{"type":"Polygon","coordinates":[[[138.216038,36.188421],[138.206149,36.189893],[138.115437,36.214725],[138.088398,36.251192],[138.065584,36.2879],[138.061386,36.295162],[138.087942,36.379243],[138.127932,36.411014],[138.150513,36.404229],[138.189633,36.300819],[138.195958,36.280427],[138.200605,36.260986],[138.216038,36.188421]]]},"properties":{}}}
  ]
}