{
  "code":99417,
  "id":"0e478f",
  "name":"北陸鉄道浅野川線",
  "name_kana":"ほくりくてつどうあさのがわせん",
  "station_size":12,
  "company_code":165,
  "closed":false,
  "symbol":"A",
  "station_list":[
    {"code":9941701,"id":"eaafc5","name":"北鉄金沢","original_name":"北鉄金沢","name_kana":"ほくてつかなざわ","closed":false,"lat":36.578637,"lng":136.649524,"prefecture":17,"numbering":["A01"],"lines":[99417],"attr":"heat","postal_code":"920-0847","address":"金沢市堀川町","voronoi":{"type":"Feature","geometry":{"type":"Polygon","coordinates":[[[136.65408,36.564705],[136.647241,36.582565],[136.671126,36.570663],[136.679482,36.559376],[136.65408,36.564705]]]},"properties":{}}},
    {"code":9941702,"id":"ffdee2","name":"七ツ屋","original_name":"七ツ屋","name_kana":"ななつや","closed":false,"lat":36.583108,"lng":136.651752,"prefecture":17,"numbering":["A02"],"lines":[99417],"attr":"heat","postal_code":"920-0022","address":"金沢市北安江１","voronoi":{"type":"Feature","geometry":{"type":"Polygon","coordinates":[[[136.671126,36.570663],[136.659629,36.590348],[136.644214,36.58474],[136.647241,36.582565],[136.671126,36.570663]]]},"properties":{}}},
    {"code":9941703,"id":"aecb72","name":"上諸江","original_name":"上諸江","name_kana":"かみもろえ","closed":false,"lat":36.590835,"lng":136.648941,"prefecture":17,"numbering":["A03"],"lines":[99417],"attr":"cool","postal_code":"920-0014","address":"金沢市諸江町","voronoi":{"type":"Feature","geometry":{"type":"Polygon","coordinates":[[[136.659023,36.594836],[136.611239,36.589589],[136.61544,36.586494],[136.644214,36.58474],[136.659629,36.590348],[136.659023,36.594836]]]},"properties":{}}},
    {"code":9941704,"id":"ce30a3","name":"磯部(石川)","original_name":"磯部","name_kana":"いそべ","closed":false,"lat":36.596554,"lng":136.648313,"prefecture":17,"numbering":["A04"],"lines":[99417],"attr":"cool","postal_code":"920-0014","address":"金沢市諸江町","voronoi":{"type":"Feature","geometry":{"type":"Polygon","coordinates":[[[136.621157,36.5996],[136.606275,36.596916],[136.601421,36.595725],[136.611239,36.589589],[136.659023,36.594836],[136.659625,36.599288],[136.628263,36.600121],[136.621157,36.5996]]]},"properties":{}}},
    {"code":9941705,"id":"64c9ab","name":"割出","original_name":"割出","name_kana":"わりだし","closed":false,"lat":36.602619,"lng":136.648474,"prefecture":17,"numbering":["A05"],"lines":[99417],"attr":"cool","postal_code":"920-0014","address":"金沢市諸江町","voronoi":{"type":"Feature","geometry":{"type":"Polygon","coordinates":[[[136.628263,36.600121],[136.66331,36.608056],[136.659625,36.599288],[136.628263,36.600121]]]},"properties":{}}},
    {"code":9941706,"id":"32bb06","name":"三口","original_name":"三口","name_kana":"みつくち","closed":false,"lat":36.606572,"lng":136.647579,"prefecture":17,"numbering":["A06"],"lines":[99417],"attr":"cool","postal_code":"920-0018","address":"金沢市三口町","voronoi":{"type":"Feature","geometry":{"type":"Polygon","coordinates":[[[136.621157,36.5996],[136.66749,36.617213],[136.667702,36.615612],[136.66331,36.608056],[136.628263,36.600121],[136.621157,36.5996]]]},"properties":{}}},
    {"code":9941707,"id":"cf4b15","name":"三ツ屋","original_name":"三ツ屋","name_kana":"みつや","closed":false,"lat":36.611941,"lng":136.645538,"prefecture":17,"numbering":["A07"],"lines":[99417],"attr":"cool","postal_code":"920-0214","address":"金沢市三ツ屋町","voronoi":{"type":"Feature","geometry":{"type":"Polygon","coordinates":[[[136.606275,36.596916],[136.660479,36.621627],[136.667464,36.622803],[136.66749,36.617213],[136.621157,36.5996],[136.606275,36.596916]]]},"properties":{}}},
    {"code":9941708,"id":"93bf5a","name":"大河端","original_name":"大河端","name_kana":"おこばた","closed":false,"lat":36.616701,"lng":136.643368,"prefecture":17,"numbering":["A08"],"lines":[99417],"attr":"cool","postal_code":"920-0213","address":"金沢市大河端町","voronoi":{"type":"Feature","geometry":{"type":"Polygon","coordinates":[[[136.647119,36.621368],[136.660479,36.621627],[136.606275,36.596916],[136.601421,36.595725],[136.591809,36.599077],[136.605242,36.606502],[136.647119,36.621368]]]},"properties":{}}},
    {"code":9941709,"id":"711a9f","name":"北間","original_name":"北間","name_kana":"きたま","closed":false,"lat":36.622625,"lng":136.641265,"prefecture":17,"numbering":["A09"],"lines":[99417],"attr":"cool","postal_code":"920-0212","address":"金沢市北間町","voronoi":{"type":"Feature","geometry":{"type":"Polygon","coordinates":[[[136.639026,36.626145],[136.647119,36.621368],[136.605242,36.606502],[136.628237,36.621721],[136.639026,36.626145]]]},"properties":{}}},
    {"code":9941710,"id":"8100e7","name":"蚊爪","original_name":"蚊爪","name_kana":"かがつめ","closed":false,"lat":36.625886,"lng":136.64319,"prefecture":17,"numbering":["A10"],"lines":[99417],"attr":"cool","postal_code":"920-0208","address":"金沢市蚊爪町","voronoi":{"type":"Feature","geometry":{"type":"Polygon","coordinates":[[[136.67458,36.667461],[136.639026,36.626145],[136.647119,36.621368],[136.660479,36.621627],[136.667464,36.622803],[136.679166,36.66223],[136.67458,36.667461]]]},"properties":{}}},
    {"code":9941711,"id":"0b0b28","name":"粟ヶ崎","original_name":"粟ヶ崎","name_kana":"あわがさき","closed":false,"lat":36.630224,"lng":136.638149,"prefecture":17,"numbering":["A11"],"lines":[99417],"attr":"eco","postal_code":"920-0274","address":"石川県河北郡内灘町向粟崎","voronoi":{"type":"Feature","geometry":{"type":"Polygon","coordinates":[[[136.639026,36.626145],[136.628237,36.621721],[136.669443,36.674134],[136.67458,36.667461],[136.639026,36.626145]]]},"properties":{}}},
    {"code":9941712,"id":"cb3d34","name":"内灘","original_name":"内灘","name_kana":"うちなだ","closed":false,"lat":36.63336,"lng":136.63416,"prefecture":17,"numbering":["A12"],"lines":[99417],"attr":"eco","postal_code":"920-0274","address":"河北郡内灘町向粟崎","voronoi":{"type":"Feature","geometry":{"type":"Polygon","coordinates":[[[136.664467,36.681269],[136.669443,36.674134],[136.628237,36.621721],[136.605242,36.606502],[136.591809,36.599077],[136.583164,36.600472],[136.543735,36.615999],[136.493211,36.64819],[136.407225,36.711618],[136.167924,36.947016],[135.891263,37.227634],[136.08124,37.120172],[136.30067,36.961535],[136.664467,36.681269]]]},"properties":{}}}
  ]
}