{
  "code":99415,
  "id":"6143ed",
  "name":"富山地鉄富山港線",
  "name_kana":"とやまちてつとやまこうせん",
  "station_size":16,
  "company_code":160,
  "closed":false,
  "color":"#00008B",
  "symbol":"C",
  "station_list":[
    {"code":9941322,"id":"f72cbd","name":"富山駅","original_name":"富山駅","name_kana":"とやまえき","closed":false,"lat":36.701479,"lng":137.212581,"prefecture":16,"numbering":["C15"],"lines":[99413,99415],"attr":"eco","postal_code":"930-0001","address":"富山県富山市明輪町1-227","open_date":"2015-03-14","voronoi":{"type":"Feature","geometry":{"type":"Polygon","coordinates":[[[137.213042,36.700913],[137.211847,36.700206],[137.201134,36.705626],[137.199822,36.715708],[137.211503,36.704501],[137.212651,36.702887],[137.213042,36.700913]]]},"properties":{}}},
    {"code":9941503,"id":"ffc799","name":"オークスカナルパークホテル富山前","original_name":"オークスカナルパークホテル富山前","name_kana":"おーくすかなるぱーくほてるとやままえ","closed":false,"lat":36.703549,"lng":137.214567,"prefecture":16,"numbering":["C26"],"lines":[99415],"attr":"heat","postal_code":"930-0858","address":"富山県富山市牛島町１２-８","open_date":"2021-03-21","voronoi":{"type":"Feature","geometry":{"type":"Polygon","coordinates":[[[137.215597,36.712443],[137.21563,36.702303],[137.211503,36.704501],[137.199822,36.715708],[137.197917,36.724892],[137.204754,36.721109],[137.212959,36.715811],[137.215597,36.712443]]]},"properties":{}}},
    {"code":9941502,"id":"56b05c","name":"富山駅北","original_name":"富山駅北","name_kana":"とやまえききた","closed":true,"lat":36.70249,"lng":137.214003,"prefecture":16,"lines":[99415],"attr":"unknown","postal_code":"930-0858","address":"富山市牛島町２４番３地先","voronoi":{"type":"Feature","geometry":{"type":"Polygon","coordinates":[[[137.214123,36.701627],[137.215836,36.701785],[137.21563,36.702303],[137.211503,36.704501],[137.212651,36.702887],[137.214123,36.701627]]]},"properties":{}}},
    {"code":9941504,"id":"eeb842","name":"インテック本社前","original_name":"インテック本社前","name_kana":"いんてっくほんしゃまえ","closed":false,"lat":36.703556,"lng":137.216685,"prefecture":16,"numbering":["C27"],"lines":[99415],"attr":"heat","postal_code":"930-0856","address":"富山市牛島新町５番８地先","voronoi":{"type":"Feature","geometry":{"type":"Polygon","coordinates":[[[137.215597,36.712443],[137.21563,36.702303],[137.215836,36.701785],[137.216665,36.701039],[137.217699,36.700918],[137.219251,36.708771],[137.215597,36.712443]]]},"properties":{}}},
    {"code":9941505,"id":"d6400e","name":"龍谷富山高校前（永楽町）","original_name":"龍谷富山高校前（永楽町）","name_kana":"りゅうこくとやまこうこうまえ","closed":false,"lat":36.702972,"lng":137.21964,"prefecture":16,"numbering":["C28"],"lines":[99415],"attr":"heat","postal_code":"930-0857","address":"富山県富山市奥田新町１３-５５","open_date":"2021-03-21","voronoi":{"type":"Feature","geometry":{"type":"Polygon","coordinates":[[[137.217699,36.700918],[137.219251,36.708771],[137.22102,36.707745],[137.22246,36.697275],[137.221311,36.698008],[137.217699,36.700918]]]},"properties":{}}},
    {"code":9941506,"id":"43c6d8","name":"奥田中学校前","original_name":"奥田中学校前","name_kana":"おくだちゅうがっこうまえ","closed":false,"lat":36.703522,"lng":137.223637,"prefecture":16,"numbering":["C29"],"lines":[99415],"attr":"heat","postal_code":"930-0853","address":"富山市永楽町３２番地","voronoi":{"type":"Feature","geometry":{"type":"Polygon","coordinates":[[[137.223612,36.69585],[137.22246,36.697275],[137.22102,36.707745],[137.233235,36.706426],[137.223612,36.69585]]]},"properties":{}}},
    {"code":9941507,"id":"ce460d","name":"下奥井","original_name":"下奥井","name_kana":"しもおくい","closed":false,"lat":36.711311,"lng":137.224478,"prefecture":16,"numbering":["C30"],"lines":[99415],"attr":"heat","postal_code":"930-0817","address":"富山市下奥井","voronoi":{"type":"Feature","geometry":{"type":"Polygon","coordinates":[[[137.215597,36.712443],[137.212959,36.715811],[137.232802,36.71503],[137.236111,36.708819],[137.234719,36.707108],[137.233235,36.706426],[137.22102,36.707745],[137.219251,36.708771],[137.215597,36.712443]]]},"properties":{}}},
    {"code":9941508,"id":"366204","name":"粟島（大阪屋ショップ前）","original_name":"粟島（大阪屋ショップ前）","name_kana":"あわじま","closed":false,"lat":36.719391,"lng":137.224796,"prefecture":16,"numbering":["C31"],"lines":[99415],"attr":"heat","postal_code":"931-8314","address":"富山県富山市粟島町","voronoi":{"type":"Feature","geometry":{"type":"Polygon","coordinates":[[[137.232802,36.71503],[137.232634,36.720619],[137.204754,36.721109],[137.212959,36.715811],[137.232802,36.71503]]]},"properties":{}}},
    {"code":9941509,"id":"910c86","name":"越中中島","original_name":"越中中島","name_kana":"えっちゅうなかじま","closed":false,"lat":36.722121,"lng":137.224844,"prefecture":16,"numbering":["C32"],"lines":[99415],"attr":"heat","postal_code":"930-0801","address":"富山市中島３丁目","voronoi":{"type":"Feature","geometry":{"type":"Polygon","coordinates":[[[137.232634,36.720619],[137.23334,36.725526],[137.194289,36.730909],[137.194337,36.730044],[137.197917,36.724892],[137.204754,36.721109],[137.232634,36.720619]]]},"properties":{}}},
    {"code":9941510,"id":"ad2027","name":"城川原","original_name":"城川原","name_kana":"じょうがわら","closed":false,"lat":36.731103,"lng":137.226082,"prefecture":16,"numbering":["C33"],"lines":[99415],"attr":"heat","postal_code":"931-8325","address":"富山市城川原","voronoi":{"type":"Feature","geometry":{"type":"Polygon","coordinates":[[[137.192988,36.737408],[137.194289,36.730909],[137.23334,36.725526],[137.238222,36.731803],[137.192988,36.737408]]]},"properties":{}}},
    {"code":9941511,"id":"756960","name":"犬島新町","original_name":"犬島新町","name_kana":"いぬじましんまち","closed":false,"lat":36.735445,"lng":137.22662,"prefecture":16,"numbering":["C34"],"lines":[99415],"attr":"eco","postal_code":"931-8328","address":"富山市犬島新町１丁目１４番地","voronoi":{"type":"Feature","geometry":{"type":"Polygon","coordinates":[[[137.191427,36.743213],[137.237991,36.737775],[137.239355,36.732815],[137.238222,36.731803],[137.192988,36.737408],[137.191427,36.743213]]]},"properties":{}}},
    {"code":9941512,"id":"9ad5a3","name":"蓮町(馬場記念公園前)","original_name":"蓮町(馬場記念公園前)","name_kana":"はすまち（ばばきねんこうえんまえ）","closed":false,"lat":36.742663,"lng":137.227463,"prefecture":16,"numbering":["C35"],"lines":[99415],"attr":"eco","postal_code":"931-8333","address":"富山県富山市蓮町1丁目2番地","voronoi":{"type":"Feature","geometry":{"type":"Polygon","coordinates":[[[137.187435,36.753703],[137.191427,36.743213],[137.237991,36.737775],[137.238282,36.7436],[137.187435,36.753703]]]},"properties":{}}},
    {"code":9941513,"id":"e20a4a","name":"萩浦小学校前","original_name":"萩浦小学校前","name_kana":"はぎうらしょうがっこうまえ","closed":false,"lat":36.748602,"lng":137.228643,"prefecture":16,"numbering":["C36"],"lines":[99415],"attr":"eco","postal_code":"931-8345","address":"富山市西宮町6番地","voronoi":{"type":"Feature","geometry":{"type":"Polygon","coordinates":[[[137.238282,36.7436],[137.187435,36.753703],[137.175641,36.778978],[137.183989,36.775372],[137.238823,36.745167],[137.238282,36.7436]]]},"properties":{}}},
    {"code":9941514,"id":"eabc08","name":"東岩瀬","original_name":"東岩瀬","name_kana":"ひがしいわせ","closed":false,"lat":36.751935,"lng":137.230479,"prefecture":16,"numbering":["C37"],"lines":[99415],"attr":"cool","postal_code":"931-8345","address":"富山市西宮","voronoi":{"type":"Feature","geometry":{"type":"Polygon","coordinates":[[[137.238823,36.745167],[137.183989,36.775372],[137.223936,36.759823],[137.24107,36.74918],[137.238823,36.745167]]]},"properties":{}}},
    {"code":9941515,"id":"6d2df5","name":"競輪場前(富山)","original_name":"競輪場前","name_kana":"けいりんじょうまえ","closed":false,"lat":36.757454,"lng":137.233907,"prefecture":16,"numbering":["C38"],"lines":[99415],"attr":"cool","postal_code":"931-8376","address":"富山市岩瀬池田町","voronoi":{"type":"Feature","geometry":{"type":"Polygon","coordinates":[[[137.223936,36.759823],[137.24107,36.74918],[137.250907,36.75851],[137.223936,36.759823]]]},"properties":{}}},
    {"code":9941516,"id":"c88fbd","name":"岩瀬浜","original_name":"岩瀬浜","name_kana":"いわせはま","closed":false,"lat":36.761212,"lng":137.23409,"prefecture":16,"numbering":["C39"],"lines":[99415],"attr":"cool","postal_code":"931-8378","address":"富山市岩瀬天神町","voronoi":{"type":"Feature","geometry":{"type":"Polygon","coordinates":[[[137.278771,36.901402],[137.282007,36.892918],[137.282772,36.886915],[137.286491,36.834348],[137.286553,36.825875],[137.27246,36.774834],[137.250907,36.75851],[137.223936,36.759823],[137.183989,36.775372],[137.175641,36.778978],[137.174404,36.780999],[137.198186,36.99649],[137.203735,37.001825],[137.277824,36.903371],[137.278771,36.901402]]]},"properties":{}}}
  ]
}