{
  "code":99413,
  "id":433,
  "name":"富山地鉄市内線",
  "name_kana":"とやまちてつしないせん",
  "station_size":22,
  "company_code":160,
  "closed":false,
  "symbol":"C",
  "station_list":[
    {"code":9941301,"id":7263,"name":"南富山駅前","original_name":"南富山駅前","name_kana":"みなみとやまえきまえ","closed":false,"lat":36.670484,"lng":137.22044,"prefecture":16,"numbering":["C01"],"lines":[99413],"attr":"cool","postal_code":"939-8073","address":"富山市大町２１７-８","voronoi":{"type":"Feature","geometry":{"type":"Polygon","coordinates":[[[137.202082,36.6563],[137.192074,36.651811],[137.191767,36.654708],[137.193499,36.666365],[137.201517,36.668948],[137.21455,36.671873],[137.222162,36.671747],[137.202082,36.6563]]]},"properties":{}}},
    {"code":9941302,"id":7264,"name":"大町(富山)","original_name":"大町","name_kana":"おおまち","closed":false,"lat":36.673066,"lng":137.220483,"prefecture":16,"numbering":["C02"],"lines":[99413],"attr":"cool","postal_code":"939-8073","address":"富山市大町２区","voronoi":{"type":"Feature","geometry":{"type":"Polygon","coordinates":[[[137.21455,36.671873],[137.224198,36.676366],[137.226712,36.671776],[137.222162,36.671747],[137.21455,36.671873]]]},"properties":{}}},
    {"code":9941303,"id":7265,"name":"堀川小泉","original_name":"堀川小泉","name_kana":"ほりかわこいずみ","closed":false,"lat":36.675647,"lng":137.219281,"prefecture":16,"numbering":["C03"],"lines":[99413],"attr":"cool","postal_code":"939-8081","address":"富山市堀川小泉町","voronoi":{"type":"Feature","geometry":{"type":"Polygon","coordinates":[[[137.223505,36.679608],[137.201517,36.668948],[137.21455,36.671873],[137.224198,36.676366],[137.223505,36.679608]]]},"properties":{}}},
    {"code":9941304,"id":7266,"name":"小泉町(富山)","original_name":"小泉町","name_kana":"こいずみちょう","closed":false,"lat":36.678745,"lng":137.217779,"prefecture":16,"numbering":["C04"],"lines":[99413],"attr":"cool","postal_code":"939-8082","address":"富山市小泉町中部","voronoi":{"type":"Feature","geometry":{"type":"Polygon","coordinates":[[[137.193489,36.667177],[137.193499,36.666365],[137.201517,36.668948],[137.223505,36.679608],[137.223845,36.683316],[137.193489,36.667177]]]},"properties":{}}},
    {"code":9941305,"id":7267,"name":"西中野","original_name":"西中野","name_kana":"にしなかの","closed":false,"lat":36.680844,"lng":137.216663,"prefecture":16,"numbering":["C05"],"lines":[99413],"attr":"cool","postal_code":"939-8083","address":"富山市西中野本町","voronoi":{"type":"Feature","geometry":{"type":"Polygon","coordinates":[[[137.20296,36.678231],[137.224111,36.684367],[137.223845,36.683316],[137.193489,36.667177],[137.193406,36.668652],[137.193465,36.668742],[137.201794,36.677504],[137.20296,36.678231]]]},"properties":{}}},
    {"code":9941306,"id":7268,"name":"広貫堂前","original_name":"広貫堂前","name_kana":"こうかんどうまえ","closed":false,"lat":36.683357,"lng":137.215934,"prefecture":16,"numbering":["C06"],"lines":[99413],"attr":"cool","postal_code":"939-8085","address":"富山市中野新町","voronoi":{"type":"Feature","geometry":{"type":"Polygon","coordinates":[[[137.224272,36.685315],[137.211243,36.684549],[137.20296,36.678231],[137.224111,36.684367],[137.224368,36.684961],[137.224272,36.685315]]]},"properties":{}}},
    {"code":9941307,"id":7269,"name":"上本町","original_name":"上本町","name_kana":"かみほんまち","closed":false,"lat":36.686282,"lng":137.215762,"prefecture":16,"numbering":["C07"],"lines":[99413],"attr":"cool","postal_code":"930-0057","address":"富山市上本町","voronoi":{"type":"Feature","geometry":{"type":"Polygon","coordinates":[[[137.211243,36.684549],[137.211351,36.684703],[137.214577,36.687605],[137.224029,36.687904],[137.224272,36.685315],[137.211243,36.684549]]]},"properties":{}}},
    {"code":9941308,"id":7270,"name":"西町","original_name":"西町","name_kana":"にしちょう","closed":false,"lat":36.689001,"lng":137.215676,"prefecture":16,"numbering":["C08"],"lines":[99413,99422],"attr":"cool","postal_code":"930-0062","address":"富山県富山市西町","open_date":"1913-09-01","voronoi":{"type":"Feature","geometry":{"type":"Polygon","coordinates":[[[137.214577,36.687605],[137.214514,36.689475],[137.224154,36.689733],[137.224029,36.687904],[137.214577,36.687605]]]},"properties":{}}},
    {"code":9941321,"id":9170,"name":"中町","original_name":"中町","name_kana":"なかまち","closed":false,"lat":36.69001,"lng":137.215649,"prefecture":16,"numbering":["C09"],"lines":[99413],"attr":"cool","postal_code":"930-0083","address":"富山県富山市総曲輪","open_date":"2013-05-17","voronoi":{"type":"Feature","geometry":{"type":"Polygon","coordinates":[[[137.224154,36.689733],[137.224174,36.689885],[137.213799,36.690962],[137.214514,36.689475],[137.224154,36.689733]]]},"properties":{}}},
    {"code":9941309,"id":7271,"name":"荒町","original_name":"荒町","name_kana":"あらまち","closed":false,"lat":36.691513,"lng":137.215805,"prefecture":16,"numbering":["C10"],"lines":[99413],"attr":"heat","postal_code":"930-0028","address":"富山市荒町","open_date":"2013-05-17","voronoi":{"type":"Feature","geometry":{"type":"Polygon","coordinates":[[[137.224174,36.689885],[137.213799,36.690962],[137.213584,36.691163],[137.213648,36.693154],[137.223964,36.692724],[137.224464,36.691204],[137.224174,36.689885]]]},"properties":{}}},
    {"code":9941310,"id":7272,"name":"桜橋(富山)","original_name":"桜橋","name_kana":"さくらばし","closed":false,"lat":36.69461,"lng":137.215934,"prefecture":16,"numbering":["C11"],"lines":[99413],"attr":"heat","postal_code":"930-0029","address":"富山市本町","open_date":"2013-05-17","voronoi":{"type":"Feature","geometry":{"type":"Polygon","coordinates":[[[137.223964,36.692724],[137.213648,36.693154],[137.212766,36.694509],[137.213068,36.696155],[137.213107,36.696198],[137.223596,36.695562],[137.223964,36.692724]]]},"properties":{}}},
    {"code":9941311,"id":7273,"name":"電気ビル前","original_name":"電気ビル前","name_kana":"でんきびるまえ","closed":false,"lat":36.697432,"lng":137.216105,"prefecture":16,"numbering":["C12"],"lines":[99413],"attr":"heat","postal_code":"930-0004","address":"富山市桜橋通り","open_date":"2013-05-17","voronoi":{"type":"Feature","geometry":{"type":"Polygon","coordinates":[[[137.213107,36.696198],[137.21354,36.69767],[137.21388,36.698008],[137.221311,36.698008],[137.22246,36.697275],[137.223612,36.69585],[137.223596,36.695562],[137.213107,36.696198]]]},"properties":{}}},
    {"code":9941312,"id":7274,"name":"地鉄ビル前","original_name":"地鉄ビル前","name_kana":"ちてつびるまえ","closed":false,"lat":36.698584,"lng":137.216105,"prefecture":16,"numbering":["C13"],"lines":[99413],"attr":"heat","postal_code":"930-0003","address":"富山市桜町","open_date":"2013-05-17","voronoi":{"type":"Feature","geometry":{"type":"Polygon","coordinates":[[[137.21388,36.698008],[137.214562,36.699159],[137.216665,36.701039],[137.217699,36.700918],[137.221311,36.698008],[137.21388,36.698008]]]},"properties":{}}},
    {"code":9941313,"id":7275,"name":"電鉄富山駅・エスタ前","original_name":"電鉄富山駅・エスタ前","name_kana":"でんてつとやまえき・えすたまえ","closed":false,"lat":36.700236,"lng":137.213316,"prefecture":16,"numbering":["C14"],"lines":[99413],"attr":"heat","postal_code":"930-0003","address":"富山市桜町","open_date":"2013-05-17","voronoi":{"type":"Feature","geometry":{"type":"Polygon","coordinates":[[[137.21388,36.698008],[137.21354,36.69767],[137.211847,36.700206],[137.213042,36.700913],[137.213471,36.700933],[137.214562,36.699159],[137.21388,36.698008]]]},"properties":{}}},
    {"code":9941322,"id":9185,"name":"富山駅","original_name":"富山駅","name_kana":"とやまえき","closed":false,"lat":36.701479,"lng":137.212581,"prefecture":16,"numbering":["C15"],"lines":[99413,99415],"attr":"eco","postal_code":"930-0001","address":"富山県富山市明輪町1-227","open_date":"2015-03-14","voronoi":{"type":"Feature","geometry":{"type":"Polygon","coordinates":[[[137.213042,36.700913],[137.211847,36.700206],[137.201134,36.705626],[137.199822,36.715708],[137.211503,36.704501],[137.212651,36.702887],[137.213042,36.700913]]]},"properties":{}}},
    {"code":9941314,"id":7276,"name":"新富町(富山)","original_name":"新富町","name_kana":"しんとみちょう","closed":false,"lat":36.69886,"lng":137.211256,"prefecture":16,"numbering":["C16"],"lines":[99413],"attr":"eco","postal_code":"930-0002","address":"富山市新富町","open_date":"2013-05-17","voronoi":{"type":"Feature","geometry":{"type":"Polygon","coordinates":[[[137.201134,36.705626],[137.201135,36.705513],[137.202037,36.701966],[137.203337,36.700554],[137.213068,36.696155],[137.213107,36.696198],[137.21354,36.69767],[137.211847,36.700206],[137.201134,36.705626]]]},"properties":{}}},
    {"code":9941315,"id":7277,"name":"県庁前(富山)","original_name":"県庁前","name_kana":"けんちょうまえ","closed":false,"lat":36.695728,"lng":137.20984,"prefecture":16,"numbering":["C17"],"lines":[99413],"attr":"eco","postal_code":"930-0094","address":"富山市安住町","open_date":"2013-05-17","voronoi":{"type":"Feature","geometry":{"type":"Polygon","coordinates":[[[137.210737,36.693737],[137.212766,36.694509],[137.213068,36.696155],[137.203337,36.700554],[137.205819,36.696323],[137.207484,36.694707],[137.210737,36.693737]]]},"properties":{}}},
    {"code":9941316,"id":7278,"name":"丸の内(富山)","original_name":"丸の内","name_kana":"まるのうち","closed":false,"lat":36.692563,"lng":137.208896,"prefecture":16,"numbering":["C18"],"lines":[99413,99422],"attr":"eco","postal_code":"930-0085","address":"富山県富山市丸の内一丁目","open_date":"1913-09-01","voronoi":{"type":"Feature","geometry":{"type":"Polygon","coordinates":[[[137.207484,36.694707],[137.208029,36.689374],[137.20958,36.690565],[137.210737,36.693737],[137.207484,36.694707]]]},"properties":{}}},
    {"code":9941317,"id":7279,"name":"諏訪川原","original_name":"諏訪川原","name_kana":"すわのかわら","closed":false,"lat":36.692322,"lng":137.206535,"prefecture":16,"numbering":["C19"],"lines":[99413],"attr":"eco","postal_code":"930-0088","address":"富山市諏訪川原","voronoi":{"type":"Feature","geometry":{"type":"Polygon","coordinates":[[[137.208029,36.689374],[137.204659,36.683861],[137.205819,36.696323],[137.207484,36.694707],[137.208029,36.689374]]]},"properties":{}}},
    {"code":9941318,"id":7280,"name":"安野屋","original_name":"安野屋","name_kana":"やすのや","closed":false,"lat":36.692523,"lng":137.204377,"prefecture":16,"numbering":["C20"],"lines":[99413],"attr":"eco","postal_code":"930-0087","address":"富山市安野屋町","voronoi":{"type":"Feature","geometry":{"type":"Polygon","coordinates":[[[137.201794,36.677504],[137.193465,36.668742],[137.202037,36.701966],[137.203337,36.700554],[137.205819,36.696323],[137.204659,36.683861],[137.201794,36.677504]]]},"properties":{}}},
    {"code":9941319,"id":7281,"name":"トヨタモビリティ富山 Gスクエア五福前（五福末広町）","original_name":"トヨタモビリティ富山 Gスクエア五福前（五福末広町）","name_kana":"とよたもびりてぃとやま じーすくえあごふくまえ（ごふくすえひろちょう）","closed":false,"lat":36.694834,"lng":137.19542,"prefecture":16,"numbering":["C21"],"lines":[99413],"attr":"eco","postal_code":"930-0887","address":"富山市五福","voronoi":{"type":"Feature","geometry":{"type":"Polygon","coordinates":[[[137.183479,36.685855],[137.183224,36.684813],[137.193406,36.668652],[137.193465,36.668742],[137.202037,36.701966],[137.201135,36.705513],[137.183479,36.685855]]]},"properties":{}}},
    {"code":9941320,"id":7282,"name":"富山大学前","original_name":"富山大学前","name_kana":"とやまだいがくまえ","closed":false,"lat":36.698688,"lng":137.191129,"prefecture":16,"numbering":["C22"],"lines":[99413],"attr":"eco","postal_code":"930-0887","address":"富山市五福","voronoi":{"type":"Feature","geometry":{"type":"Polygon","coordinates":[[[137.183479,36.685855],[137.184936,36.717799],[137.194337,36.730044],[137.197917,36.724892],[137.199822,36.715708],[137.201134,36.705626],[137.201135,36.705513],[137.183479,36.685855]]]},"properties":{}}}
  ]
}