{
  "code":99410,
  "id":"e0fcf7",
  "name":"富山地鉄不二越・上滝線",
  "name_kana":"とやまちてつふじこし・かみだきせん",
  "station_size":16,
  "company_code":160,
  "closed":false,
  "color":"#F77321",
  "symbol":"T",
  "station_list":[
    {"code":9940801,"id":"86af15","name":"電鉄富山","original_name":"電鉄富山","name_kana":"でんてつとやま","closed":false,"lat":36.700757,"lng":137.214163,"prefecture":16,"numbering":["T01"],"lines":[99408,99410],"attr":"cool","postal_code":"930-0002","address":"富山市新富町","voronoi":{"type":"Feature","geometry":{"type":"Polygon","coordinates":[[[137.213471,36.700933],[137.214562,36.699159],[137.216665,36.701039],[137.215836,36.701785],[137.214123,36.701627],[137.213471,36.700933]]]},"properties":{}}},
    {"code":9940802,"id":"eb5b28","name":"稲荷町(富山)","original_name":"稲荷町","name_kana":"いなりまち","closed":false,"lat":36.696597,"lng":137.231247,"prefecture":16,"numbering":["T01"],"lines":[99408,99410],"attr":"eco","postal_code":"930-0012","address":"富山市稲荷町","voronoi":{"type":"Feature","geometry":{"type":"Polygon","coordinates":[[[137.234719,36.707108],[137.233235,36.706426],[137.223612,36.69585],[137.223596,36.695562],[137.223964,36.692724],[137.224464,36.691204],[137.226674,36.691509],[137.236229,36.696213],[137.234719,36.707108]]]},"properties":{}}},
    {"code":9941016,"id":"39311d","name":"栄町(富山)","original_name":"栄町","name_kana":"さかえまち","closed":false,"lat":36.692031,"lng":137.233495,"prefecture":16,"numbering":["T58"],"lines":[99410],"attr":"cool","postal_code":"930-0966","address":"富山市石金1丁目","open_date":"2019-03-16","voronoi":{"type":"Feature","geometry":{"type":"Polygon","coordinates":[[[137.226674,36.691509],[137.236229,36.696213],[137.243258,36.687378],[137.226674,36.691509]]]},"properties":{}}},
    {"code":9941003,"id":"cba7a3","name":"不二越","original_name":"不二越","name_kana":"ふじこし","closed":false,"lat":36.687848,"lng":137.232453,"prefecture":16,"numbering":["T59"],"lines":[99410],"attr":"cool","postal_code":"930-0966","address":"富山市石金２-１-１","voronoi":{"type":"Feature","geometry":{"type":"Polygon","coordinates":[[[137.224174,36.689885],[137.224464,36.691204],[137.226674,36.691509],[137.243258,36.687378],[137.247831,36.683541],[137.252074,36.675458],[137.224368,36.684961],[137.224272,36.685315],[137.224029,36.687904],[137.224154,36.689733],[137.224174,36.689885]]]},"properties":{}}},
    {"code":9941004,"id":"a3b063","name":"大泉(富山)","original_name":"大泉","name_kana":"おおいずみ","closed":false,"lat":36.677719,"lng":137.228979,"prefecture":16,"numbering":["T60"],"lines":[99410],"attr":"cool","postal_code":"939-8058","address":"富山市大泉１５２０","voronoi":{"type":"Feature","geometry":{"type":"Polygon","coordinates":[[[137.224111,36.684367],[137.223845,36.683316],[137.223505,36.679608],[137.224198,36.676366],[137.226712,36.671776],[137.229509,36.668533],[137.239943,36.66604],[137.251363,36.666578],[137.25884,36.667684],[137.252074,36.675458],[137.224368,36.684961],[137.224111,36.684367]]]},"properties":{}}},
    {"code":9941005,"id":"e7eb8d","name":"南富山","original_name":"南富山","name_kana":"みなみとやま","closed":false,"lat":36.670406,"lng":137.2205,"prefecture":16,"numbering":["T61"],"lines":[99410],"attr":"cool","postal_code":"939-8073","address":"富山市大町２１７-８","voronoi":{"type":"Feature","geometry":{"type":"Polygon","coordinates":[[[137.202082,36.6563],[137.222162,36.671747],[137.226712,36.671776],[137.229509,36.668533],[137.202082,36.6563]]]},"properties":{}}},
    {"code":9941006,"id":"178713","name":"朝菜町","original_name":"朝菜町","name_kana":"あさなまち","closed":false,"lat":36.660579,"lng":137.224883,"prefecture":16,"numbering":["T62"],"lines":[99410],"attr":"cool","postal_code":"939-8072","address":"富山市堀川町１３-１３","voronoi":{"type":"Feature","geometry":{"type":"Polygon","coordinates":[[[137.191703,36.6309],[137.190949,36.631431],[137.192074,36.651811],[137.202082,36.6563],[137.229509,36.668533],[137.239943,36.66604],[137.191703,36.6309]]]},"properties":{}}},
    {"code":9941007,"id":"9c6461","name":"上堀","original_name":"上堀","name_kana":"かみほり","closed":false,"lat":36.65338,"lng":137.230127,"prefecture":16,"numbering":["T63"],"lines":[99410],"attr":"cool","postal_code":"939-8057","address":"富山市堀６１","voronoi":{"type":"Feature","geometry":{"type":"Polygon","coordinates":[[[137.251363,36.666578],[137.239943,36.66604],[137.191703,36.6309],[137.19719,36.626153],[137.207685,36.63297],[137.251363,36.666578]]]},"properties":{}}},
    {"code":9941008,"id":"a0cc52","name":"小杉(富山地方鉄道)","original_name":"小杉","name_kana":"こすぎ","closed":false,"lat":36.649433,"lng":137.233164,"prefecture":16,"numbering":["T64"],"lines":[99410],"attr":"cool","postal_code":"939-8063","address":"富山県富山市小杉","voronoi":{"type":"Feature","geometry":{"type":"Polygon","coordinates":[[[137.207685,36.63297],[137.265134,36.663902],[137.260425,36.667045],[137.25884,36.667684],[137.251363,36.666578],[137.207685,36.63297]]]},"properties":{}}},
    {"code":9941009,"id":"1ced71","name":"布市","original_name":"布市","name_kana":"ぬのいち","closed":false,"lat":36.645178,"lng":137.235455,"prefecture":16,"numbering":["T65"],"lines":[99410],"attr":"heat","postal_code":"939-8191","address":"富山市布市７４７","voronoi":{"type":"Feature","geometry":{"type":"Polygon","coordinates":[[[137.265134,36.663902],[137.266411,36.663173],[137.207678,36.614731],[137.19719,36.626153],[137.207685,36.63297],[137.265134,36.663902]]]},"properties":{}}},
    {"code":9941010,"id":"ec50ba","name":"開発","original_name":"開発","name_kana":"かいほつ","closed":false,"lat":36.636207,"lng":137.242854,"prefecture":16,"numbering":["T66"],"lines":[99410],"attr":"heat","postal_code":"939-8132","address":"富山市月岡町６-５９１","voronoi":{"type":"Feature","geometry":{"type":"Polygon","coordinates":[[[137.266411,36.663173],[137.207678,36.614731],[137.214747,36.604426],[137.236025,36.595402],[137.267947,36.662601],[137.266411,36.663173]]]},"properties":{}}},
    {"code":9941011,"id":"f6a494","name":"月岡(富山)","original_name":"月岡","name_kana":"つきおか","closed":false,"lat":36.626475,"lng":137.263341,"prefecture":16,"numbering":["T67"],"lines":[99410],"attr":"heat","postal_code":"939-8132","address":"富山市月岡町２-２８２","voronoi":{"type":"Feature","geometry":{"type":"Polygon","coordinates":[[[137.276189,36.662273],[137.284208,36.651806],[137.284959,36.650522],[137.248343,36.585466],[137.236025,36.595402],[137.267947,36.662601],[137.276189,36.662273]]]},"properties":{}}},
    {"code":9941012,"id":"0e01f5","name":"大庄","original_name":"大庄","name_kana":"おおしょう","closed":false,"lat":36.619565,"lng":137.275618,"prefecture":16,"numbering":["T68"],"lines":[99410],"attr":"eco","postal_code":"930-1304","address":"富山市南大場１３１","voronoi":{"type":"Feature","geometry":{"type":"Polygon","coordinates":[[[137.26294,36.569155],[137.248343,36.585466],[137.284959,36.650522],[137.286491,36.648873],[137.29382,36.637978],[137.295147,36.633763],[137.26294,36.569155]]]},"properties":{}}},
    {"code":9941013,"id":"1b8ce6","name":"上滝","original_name":"上滝","name_kana":"かみだき","closed":false,"lat":36.609622,"lng":137.295564,"prefecture":16,"numbering":["T69"],"lines":[99410],"attr":"eco","postal_code":"930-1313","address":"富山市中滝２６０-１","voronoi":{"type":"Feature","geometry":{"type":"Polygon","coordinates":[[[137.303733,36.62507],[137.298369,36.570784],[137.284635,36.550748],[137.263309,36.568501],[137.26294,36.569155],[137.295147,36.633763],[137.303638,36.625262],[137.303733,36.62507]]]},"properties":{}}},
    {"code":9941014,"id":"a3772f","name":"大川寺","original_name":"大川寺","name_kana":"だいせんじ","closed":false,"lat":36.608322,"lng":137.308721,"prefecture":16,"numbering":["T70"],"lines":[99410],"attr":"eco","postal_code":"930-1312","address":"富山市上滝１１","voronoi":{"type":"Feature","geometry":{"type":"Polygon","coordinates":[[[137.298369,36.570784],[137.314116,36.586975],[137.314393,36.615665],[137.303733,36.62507],[137.298369,36.570784]]]},"properties":{}}},
    {"code":9940909,"id":"3af27c","name":"岩峅寺","original_name":"岩峅寺","name_kana":"いわくらじ","closed":false,"lat":36.608214,"lng":137.319922,"prefecture":16,"numbering":["T51"],"lines":[99409,99410],"attr":"cool","postal_code":"930-1368","address":"中新川郡立山町岩峅寺","voronoi":{"type":"Feature","geometry":{"type":"Polygon","coordinates":[[[137.314116,36.586975],[137.314393,36.615665],[137.356504,36.612505],[137.314116,36.586975]]]},"properties":{}}}
  ]
}