{
  "code":99420,
  "id":440,
  "name":"えちぜん鉄道三国芦原線",
  "name_kana":"えちぜんてつどうみくにあわらせん",
  "station_size":24,
  "company_code":167,
  "closed":false,
  "color":"#0066FF",
  "station_list":[
    {"code":100917,"id":2369,"name":"福井(福井)","original_name":"福井","name_kana":"ふくい","closed":false,"lat":36.062057,"lng":136.223516,"prefecture":18,"numbering":["1"],"lines":[1009,11421,99455,99419,99420],"attr":"cool","postal_code":"910-0006","address":"福井市中央１丁目","voronoi":{"type":"Feature","geometry":{"type":"Polygon","coordinates":[[[136.222532,36.054546],[136.223437,36.053634],[136.235933,36.047194],[136.237971,36.048161],[136.222977,36.06589],[136.222532,36.054546]]]},"properties":{}}},
    {"code":9941902,"id":7355,"name":"新福井","original_name":"新福井","name_kana":"しんふくい","closed":false,"lat":36.064722,"lng":136.226667,"prefecture":18,"numbering":["2"],"lines":[99419,99420],"attr":"cool","postal_code":"910-0859","address":"福井市日之出１-２５０２","voronoi":{"type":"Feature","geometry":{"type":"Polygon","coordinates":[[[136.227077,36.070849],[136.246993,36.051352],[136.237971,36.048161],[136.222977,36.06589],[136.222344,36.066987],[136.223728,36.069577],[136.227077,36.070849]]]},"properties":{}}},
    {"code":9941903,"id":7356,"name":"福井口","original_name":"福井口","name_kana":"ふくいぐち","closed":false,"lat":36.071389,"lng":136.233194,"prefecture":18,"numbering":["3"],"lines":[99419,99420],"attr":"cool","postal_code":"910-0003","address":"福井市松本上町８字１３-１","voronoi":{"type":"Feature","geometry":{"type":"Polygon","coordinates":[[[136.227077,36.070849],[136.227199,36.071189],[136.235245,36.077424],[136.247979,36.051498],[136.246993,36.051352],[136.227077,36.070849]]]},"properties":{}}},
    {"code":9942024,"id":9290,"name":"まつもと町屋","original_name":"まつもと町屋","name_kana":"まつもとまちや","closed":false,"lat":36.076944,"lng":136.228889,"prefecture":18,"numbering":["24"],"lines":[99420],"attr":"eco","postal_code":"910-0002","address":"福井県福井市町屋二丁目3番","open_date":"2015-09-27","voronoi":{"type":"Feature","geometry":{"type":"Polygon","coordinates":[[[136.237516,36.095484],[136.222207,36.092476],[136.221409,36.091264],[136.227199,36.071189],[136.235245,36.077424],[136.237539,36.095336],[136.237516,36.095484]]]},"properties":{}}},
    {"code":9942004,"id":7377,"name":"西別院","original_name":"西別院","name_kana":"にしべついん","closed":false,"lat":36.07516,"lng":136.222704,"prefecture":18,"numbering":["25"],"lines":[99420],"attr":"heat","postal_code":"910-0003","address":"福井市松本３-２４０３","voronoi":{"type":"Feature","geometry":{"type":"Polygon","coordinates":[[[136.219364,36.088295],[136.220176,36.072403],[136.223728,36.069577],[136.227077,36.070849],[136.227199,36.071189],[136.221409,36.091264],[136.221247,36.091101],[136.219364,36.088295]]]},"properties":{}}},
    {"code":9942005,"id":7378,"name":"田原町(福井)","original_name":"田原町","name_kana":"たわらまち","closed":false,"lat":36.074888,"lng":136.21738,"prefecture":18,"numbering":["26"],"lines":[99420,99421],"attr":"heat","postal_code":"910-0018","address":"福井市田原下町２字７-３","voronoi":{"type":"Feature","geometry":{"type":"Polygon","coordinates":[[[136.219364,36.088295],[136.215644,36.084602],[136.213304,36.08039],[136.214134,36.071667],[136.220176,36.072403],[136.219364,36.088295]]]},"properties":{}}},
    {"code":9942006,"id":7379,"name":"福大前西福井","original_name":"福大前西福井","name_kana":"ふくだいまえにしふくい","closed":false,"lat":36.074218,"lng":136.210339,"prefecture":18,"numbering":["27"],"lines":[99420],"attr":"heat","postal_code":"910-0017","address":"福井市文京４-３０２","voronoi":{"type":"Feature","geometry":{"type":"Polygon","coordinates":[[[136.166226,36.053376],[136.213304,36.08039],[136.214134,36.071667],[136.211163,36.066985],[136.207384,36.064432],[136.179924,36.056484],[136.166226,36.053376]]]},"properties":{}}},
    {"code":9942022,"id":7395,"name":"日華化学前","original_name":"日華化学前","name_kana":"にっかかがくまえ","closed":false,"lat":36.080945,"lng":136.206479,"prefecture":18,"numbering":["28"],"lines":[99420],"attr":"heat","postal_code":"910-0065","address":"福井市八ツ島町３０-９","voronoi":{"type":"Feature","geometry":{"type":"Polygon","coordinates":[[[136.166226,36.053376],[136.213304,36.08039],[136.215644,36.084602],[136.101722,36.073422],[136.137338,36.048641],[136.146762,36.048493],[136.151327,36.048724],[136.166226,36.053376]]]},"properties":{}}},
    {"code":9942023,"id":7396,"name":"八ツ島","original_name":"八ツ島","name_kana":"やつしま","closed":false,"lat":36.086407,"lng":136.205943,"prefecture":18,"numbering":["29"],"lines":[99420],"attr":"heat","postal_code":"910-0065","address":"福井市八ツ島町５-２０","voronoi":{"type":"Feature","geometry":{"type":"Polygon","coordinates":[[[136.215644,36.084602],[136.219364,36.088295],[136.221247,36.091101],[136.095161,36.077737],[136.101722,36.073422],[136.215644,36.084602]]]},"properties":{}}},
    {"code":9942007,"id":7380,"name":"新田塚","original_name":"新田塚","name_kana":"にったづか","closed":false,"lat":36.092483,"lng":136.205299,"prefecture":18,"numbering":["30"],"lines":[99420],"attr":"heat","postal_code":"910-0067","address":"福井市新田塚２-６００１","voronoi":{"type":"Feature","geometry":{"type":"Polygon","coordinates":[[[136.216996,36.097785],[136.080826,36.08661],[136.095161,36.077737],[136.221247,36.091101],[136.221409,36.091264],[136.222207,36.092476],[136.216996,36.097785]]]},"properties":{}}},
    {"code":9942008,"id":7381,"name":"中角","original_name":"中角","name_kana":"なかつの","closed":false,"lat":36.10111,"lng":136.204591,"prefecture":18,"numbering":["31"],"lines":[99420],"attr":"heat","postal_code":"910-0103","address":"福井市中角町５２字１３９","voronoi":{"type":"Feature","geometry":{"type":"Polygon","coordinates":[[[136.216996,36.097785],[136.080826,36.08661],[136.070284,36.09264],[136.062116,36.100993],[136.082666,36.112124],[136.210993,36.110795],[136.216996,36.097785]]]},"properties":{}}},
    {"code":9942009,"id":7382,"name":"鷲塚針原","original_name":"鷲塚針原","name_kana":"わしづかはりばら","closed":false,"lat":36.12061,"lng":136.204793,"prefecture":18,"numbering":["32"],"lines":[99420],"attr":"heat","postal_code":"910-0102","address":"福井市川合鷲塚町３３字４６","voronoi":{"type":"Feature","geometry":{"type":"Polygon","coordinates":[[[136.082666,36.112124],[136.11598,36.133768],[136.116127,36.133852],[136.216589,36.124951],[136.217799,36.121536],[136.210993,36.110795],[136.082666,36.112124]]]},"properties":{}}},
    {"code":9942010,"id":7383,"name":"太郎丸エンゼルランド","original_name":"太郎丸エンゼルランド","name_kana":"たろうまるえんぜるらんど","closed":false,"lat":36.131298,"lng":136.20574,"prefecture":18,"numbering":["33"],"lines":[99420],"attr":"heat","postal_code":"919-0474","address":"坂井市春江町西太郎丸５字４０-２","voronoi":{"type":"Feature","geometry":{"type":"Polygon","coordinates":[[[136.217548,36.134456],[136.125266,36.139836],[136.116127,36.133852],[136.216589,36.124951],[136.217548,36.134456]]]},"properties":{}}},
    {"code":9942011,"id":7384,"name":"西春江ハートピア","original_name":"西春江ハートピア","name_kana":"にしはるえはーとぴあ","closed":false,"lat":36.138964,"lng":136.206187,"prefecture":18,"numbering":["34"],"lines":[99420],"attr":"heat","postal_code":"919-0473","address":"坂井市春江町本堂２字６５-２","voronoi":{"type":"Feature","geometry":{"type":"Polygon","coordinates":[[[136.217548,36.134456],[136.125266,36.139836],[136.13412,36.146254],[136.144591,36.14749],[136.222691,36.145971],[136.217548,36.134456]]]},"properties":{}}},
    {"code":9942012,"id":7385,"name":"西長田ゆりの里","original_name":"西長田ゆりの里","name_kana":"にしながたゆりのさと","closed":false,"lat":36.153615,"lng":136.206472,"prefecture":18,"numbering":["35"],"lines":[99420],"attr":"heat","postal_code":"919-0404","address":"坂井市春江町西長田２０字１１-２","voronoi":{"type":"Feature","geometry":{"type":"Polygon","coordinates":[[[136.144591,36.14749],[136.217683,36.16504],[136.223714,36.146886],[136.222691,36.145971],[136.144591,36.14749]]]},"properties":{}}},
    {"code":9942013,"id":7386,"name":"下兵庫こうふく","original_name":"下兵庫こうふく","name_kana":"しもひょうごこうふく","closed":false,"lat":36.170129,"lng":136.202507,"prefecture":18,"numbering":["36"],"lines":[99420],"attr":"heat","postal_code":"919-0527","address":"坂井市坂井町下兵庫８７字５-３","voronoi":{"type":"Feature","geometry":{"type":"Polygon","coordinates":[[[136.135823,36.148176],[136.13412,36.146254],[136.144591,36.14749],[136.217683,36.16504],[136.220613,36.177095],[136.168602,36.180827],[136.135823,36.148176]]]},"properties":{}}},
    {"code":9942014,"id":7387,"name":"大関","original_name":"大関","name_kana":"おおぜき","closed":false,"lat":36.186574,"lng":136.203687,"prefecture":18,"numbering":["37"],"lines":[99420],"attr":"heat","postal_code":"919-0547","address":"坂井市坂井町大味４７字９-２","voronoi":{"type":"Feature","geometry":{"type":"Polygon","coordinates":[[[136.179567,36.194756],[136.222862,36.196648],[136.229947,36.188699],[136.220613,36.177095],[136.168602,36.180827],[136.173639,36.18898],[136.179567,36.194756]]]},"properties":{}}},
    {"code":9942015,"id":7388,"name":"本荘","original_name":"本荘","name_kana":"ほんじょう","closed":false,"lat":36.205011,"lng":136.202881,"prefecture":18,"numbering":["38"],"lines":[99420],"attr":"heat","postal_code":"910-4137","address":"あわら市中番１５字１","voronoi":{"type":"Feature","geometry":{"type":"Polygon","coordinates":[[[136.179567,36.194756],[136.18533,36.207396],[136.218938,36.209903],[136.222862,36.196648],[136.179567,36.194756]]]},"properties":{}}},
    {"code":9942016,"id":7389,"name":"番田(福井)","original_name":"番田","name_kana":"ばんでん","closed":false,"lat":36.212358,"lng":136.202333,"prefecture":18,"numbering":["39"],"lines":[99420],"attr":"cool","postal_code":"910-4123","address":"あわら市番田３４字４８-３","voronoi":{"type":"Feature","geometry":{"type":"Polygon","coordinates":[[[136.21738,36.233246],[136.218938,36.209903],[136.18533,36.207396],[136.185389,36.207662],[136.21738,36.233246]]]},"properties":{}}},
    {"code":9942017,"id":7390,"name":"あわら湯のまち","original_name":"あわら湯のまち","name_kana":"あわらゆのまち","closed":false,"lat":36.223159,"lng":136.193695,"prefecture":18,"numbering":["40"],"lines":[99420],"attr":"cool","postal_code":"910-4103","address":"あわら市二面３３字１-１","voronoi":{"type":"Feature","geometry":{"type":"Polygon","coordinates":[[[136.156498,36.413954],[136.160487,36.340022],[136.185389,36.207662],[136.21738,36.233246],[136.220606,36.248733],[136.188977,36.359355],[136.184498,36.370217],[136.156498,36.413954]]]},"properties":{}}},
    {"code":9942018,"id":7391,"name":"水居","original_name":"水居","name_kana":"みずい","closed":false,"lat":36.219081,"lng":136.172019,"prefecture":18,"numbering":["41"],"lines":[99420],"attr":"cool","postal_code":"913-0011","address":"坂井市三国町水居２２字５２-１","voronoi":{"type":"Feature","geometry":{"type":"Polygon","coordinates":[[[136.160487,36.340022],[136.157359,36.255488],[136.159162,36.235965],[136.173639,36.18898],[136.179567,36.194756],[136.18533,36.207396],[136.185389,36.207662],[136.160487,36.340022]]]},"properties":{}}},
    {"code":9942019,"id":7392,"name":"三国神社","original_name":"三国神社","name_kana":"みくにじんじゃ","closed":false,"lat":36.214773,"lng":136.158037,"prefecture":18,"numbering":["42"],"lines":[99420],"attr":"cool","postal_code":"913-0054","address":"坂井市三国町滝谷７字１-１","voronoi":{"type":"Feature","geometry":{"type":"Polygon","coordinates":[[[136.135823,36.148176],[136.159162,36.235965],[136.173639,36.18898],[136.168602,36.180827],[136.135823,36.148176]]]},"properties":{}}},
    {"code":9942020,"id":7393,"name":"三国(福井)","original_name":"三国","name_kana":"みくに","closed":false,"lat":36.217012,"lng":136.149615,"prefecture":18,"numbering":["43"],"lines":[99420],"attr":"cool","postal_code":"913-0054","address":"坂井市三国町滝谷２３字１-１０","voronoi":{"type":"Feature","geometry":{"type":"Polygon","coordinates":[[[136.116127,36.133852],[136.11598,36.133768],[136.157359,36.255488],[136.159162,36.235965],[136.135823,36.148176],[136.13412,36.146254],[136.125266,36.139836],[136.116127,36.133852]]]},"properties":{}}},
    {"code":9942021,"id":7394,"name":"三国港","original_name":"三国港","name_kana":"みくにみなと","closed":false,"lat":36.220264,"lng":136.140049,"prefecture":18,"numbering":["44"],"lines":[99420],"attr":"cool","postal_code":"913-0056","address":"坂井市三国町宿２３字","voronoi":{"type":"Feature","geometry":{"type":"Polygon","coordinates":[[[136.005896,36.741614],[135.991187,36.7619],[135.380544,37.560354],[134.694932,38.110511],[134.519047,38.243948],[134.599479,38.022572],[134.775885,37.57024],[135.403378,36.305487],[136.062116,36.100993],[136.082666,36.112124],[136.11598,36.133768],[136.157359,36.255488],[136.160487,36.340022],[136.156498,36.413954],[136.005896,36.741614]]]},"properties":{}}}
  ]
}