{
  "code":99508,
  "id":"616e9a",
  "name":"大井川鐵道井川線",
  "name_kana":"おおいがわてつどういかわせん",
  "station_size":14,
  "company_code":174,
  "closed":false,
  "station_list":[
    {"code":9950720,"id":"423e1b","name":"千頭","original_name":"千頭","name_kana":"せんず","closed":false,"lat":35.107754,"lng":138.13656,"prefecture":22,"lines":[99507,99508],"attr":"eco","postal_code":"428-0411","address":"榛原郡川根本町千頭","voronoi":{"type":"Feature","geometry":{"type":"Polygon","coordinates":[[[138.11336,35.113367],[138.131012,35.115653],[138.268692,35.054529],[138.259241,35.036559],[138.254198,35.029681],[138.118307,35.107624],[138.11336,35.113367]]]},"properties":{}}},
    {"code":9950802,"id":"69b17f","name":"川根両国","original_name":"川根両国","name_kana":"かわねりょうごく","closed":false,"lat":35.116836,"lng":138.140592,"prefecture":22,"lines":[99508],"attr":"heat","postal_code":"428-0411","address":"榛原郡川根本町千頭","voronoi":{"type":"Feature","geometry":{"type":"Polygon","coordinates":[[[138.270059,35.056922],[138.268692,35.054529],[138.131012,35.115653],[138.145136,35.12683],[138.166536,35.128396],[138.182376,35.124928],[138.185172,35.123359],[138.270059,35.056922]]]},"properties":{}}},
    {"code":9950803,"id":"095582","name":"沢間","original_name":"沢間","name_kana":"さわま","closed":false,"lat":35.124705,"lng":138.134365,"prefecture":22,"lines":[99508],"attr":"heat","postal_code":"428-0411","address":"榛原郡川根本町千頭","voronoi":{"type":"Feature","geometry":{"type":"Polygon","coordinates":[[[138.131012,35.115653],[138.145136,35.12683],[138.04574,35.169042],[138.007467,35.178394],[138.006374,35.17093],[138.11336,35.113367],[138.131012,35.115653]]]},"properties":{}}},
    {"code":9950804,"id":"3d4b2d","name":"土本","original_name":"土本","name_kana":"どもと","closed":false,"lat":35.136057,"lng":138.139186,"prefecture":22,"lines":[99508],"attr":"heat","postal_code":"428-0412","address":"榛原郡川根本町奥泉","voronoi":{"type":"Feature","geometry":{"type":"Polygon","coordinates":[[[138.166536,35.128396],[138.145136,35.12683],[138.04574,35.169042],[138.051852,35.167947],[138.160478,35.132208],[138.166536,35.128396]]]},"properties":{}}},
    {"code":9950805,"id":"828854","name":"川根小山","original_name":"川根小山","name_kana":"かわねこやま","closed":false,"lat":35.141753,"lng":138.14106,"prefecture":22,"lines":[99508],"attr":"heat","postal_code":"428-0412","address":"榛原郡川根本町奥泉","voronoi":{"type":"Feature","geometry":{"type":"Polygon","coordinates":[[[138.051852,35.167947],[138.131994,35.156234],[138.160478,35.132208],[138.051852,35.167947]]]},"properties":{}}},
    {"code":9950806,"id":"b389d4","name":"奥泉","original_name":"奥泉","name_kana":"おくいずみ","closed":false,"lat":35.149739,"lng":138.147796,"prefecture":22,"lines":[99508],"attr":"heat","postal_code":"428-0412","address":"榛原郡川根本町奥泉","voronoi":{"type":"Feature","geometry":{"type":"Polygon","coordinates":[[[138.151864,35.159555],[138.131994,35.156234],[138.160478,35.132208],[138.166536,35.128396],[138.182376,35.124928],[138.158326,35.156391],[138.151864,35.159555]]]},"properties":{}}},
    {"code":9950807,"id":"25bd88","name":"アプトいちしろ","original_name":"アプトいちしろ","name_kana":"あぷといちしろ","closed":false,"lat":35.167514,"lng":138.144825,"prefecture":22,"lines":[99508],"attr":"heat","postal_code":"428-0401","address":"榛原郡川根本町梅地","voronoi":{"type":"Feature","geometry":{"type":"Polygon","coordinates":[[[138.006527,35.240689],[138.007467,35.178394],[138.04574,35.169042],[138.051852,35.167947],[138.131994,35.156234],[138.151864,35.159555],[138.148372,35.193294],[138.038368,35.325315],[138.034377,35.317113],[138.006527,35.240689]]]},"properties":{}}},
    {"code":9950819,"id":"f400bf","name":"長島ダム","original_name":"長島ダム","name_kana":"ながしまだむ","closed":false,"lat":35.168787,"lng":138.157124,"prefecture":22,"lines":[99508],"attr":"cool","postal_code":"428-0402","address":"榛原郡川根本町犬間","voronoi":{"type":"Feature","geometry":{"type":"Polygon","coordinates":[[[138.151864,35.159555],[138.148372,35.193294],[138.167155,35.179419],[138.158326,35.156391],[138.151864,35.159555]]]},"properties":{}}},
    {"code":9950811,"id":"ee0a35","name":"ひらんだ","original_name":"ひらんだ","name_kana":"ひらんだ","closed":false,"lat":35.164806,"lng":138.167507,"prefecture":22,"lines":[99508],"attr":"cool","postal_code":"428-0402","address":"榛原郡川根本町犬間","voronoi":{"type":"Feature","geometry":{"type":"Polygon","coordinates":[[[138.182376,35.124928],[138.158326,35.156391],[138.167155,35.179419],[138.171095,35.178429],[138.171106,35.178415],[138.185172,35.123359],[138.182376,35.124928]]]},"properties":{}}},
    {"code":9950812,"id":"b19930","name":"奥大井湖上","original_name":"奥大井湖上","name_kana":"おくおおいこじょう","closed":false,"lat":35.1682,"lng":138.180792,"prefecture":22,"lines":[99508],"attr":"cool","postal_code":"428-0401","address":"榛原郡川根本町梅地","voronoi":{"type":"Feature","geometry":{"type":"Polygon","coordinates":[[[138.270059,35.056922],[138.185172,35.123359],[138.171106,35.178415],[138.240702,35.149681],[138.252686,35.14286],[138.305259,35.094731],[138.270059,35.056922]]]},"properties":{}}},
    {"code":9950813,"id":"77966c","name":"接岨峡温泉","original_name":"接岨峡温泉","name_kana":"せっそきょうおんせん","closed":false,"lat":35.178821,"lng":138.185177,"prefecture":22,"lines":[99508],"attr":"cool","postal_code":"428-0402","address":"榛原郡川根本町犬間","voronoi":{"type":"Feature","geometry":{"type":"Polygon","coordinates":[[[138.171106,35.178415],[138.171095,35.178429],[138.184222,35.189089],[138.240702,35.149681],[138.171106,35.178415]]]},"properties":{}}},
    {"code":9950814,"id":"cf6343","name":"尾盛","original_name":"尾盛","name_kana":"おもり","closed":false,"lat":35.192131,"lng":138.174369,"prefecture":22,"lines":[99508],"attr":"eco","postal_code":"428-0402","address":"榛原郡川根本町犬間","voronoi":{"type":"Feature","geometry":{"type":"Polygon","coordinates":[[[138.038368,35.325315],[138.061141,35.387386],[138.06649,35.399746],[138.100833,35.427417],[138.185068,35.231638],[138.184222,35.189089],[138.171095,35.178429],[138.167155,35.179419],[138.148372,35.193294],[138.038368,35.325315]]]},"properties":{}}},
    {"code":9950815,"id":"2eb835","name":"閑蔵","original_name":"閑蔵","name_kana":"かんぞう","closed":false,"lat":35.191737,"lng":138.194189,"prefecture":22,"lines":[99508],"attr":"eco","postal_code":"428-0504","address":"静岡市葵区井川","voronoi":{"type":"Feature","geometry":{"type":"Polygon","coordinates":[[[138.252686,35.14286],[138.185068,35.231638],[138.184222,35.189089],[138.240702,35.149681],[138.252686,35.14286]]]},"properties":{}}},
    {"code":9950816,"id":"85fa4f","name":"井川","original_name":"井川","name_kana":"いかわ","closed":false,"lat":35.212242,"lng":138.221111,"prefecture":22,"lines":[99508],"attr":"eco","postal_code":"428-0504","address":"静岡市葵区井川","voronoi":{"type":"Feature","geometry":{"type":"Polygon","coordinates":[[[138.178638,35.493474],[138.209466,35.466863],[138.239853,35.431727],[138.277874,35.378853],[138.297257,35.348715],[138.3363,35.270895],[138.354393,35.207785],[138.366637,35.14869],[138.367112,35.145049],[138.36583,35.143696],[138.34205,35.122183],[138.331964,35.113517],[138.305259,35.094731],[138.252686,35.14286],[138.185068,35.231638],[138.100833,35.427417],[138.110428,35.436939],[138.136959,35.460009],[138.178638,35.493474]]]},"properties":{}}}
  ]
}