{
  "code":99501,
  "id":"8a1061",
  "name":"伊豆急行",
  "name_kana":"いずきゅうこう",
  "name_formal":"伊豆急行線",
  "station_size":16,
  "company_code":169,
  "closed":false,
  "color":"#000000",
  "symbol":"IZ",
  "station_list":[
    {"code":1150406,"id":"e5cd24","name":"伊東","original_name":"伊東","name_kana":"いとう","closed":false,"lat":34.9747,"lng":139.092125,"prefecture":22,"lines":[11504,99501],"attr":"eco","postal_code":"414-0002","address":"伊東市湯川３丁目","voronoi":{"type":"Feature","geometry":{"type":"Polygon","coordinates":[[[139.05036,34.97593],[139.145665,35.01401],[139.107766,34.961748],[139.05036,34.97593]]]},"properties":{}}},
    {"code":9950102,"id":"bad314","name":"南伊東","original_name":"南伊東","name_kana":"みなみいとう","closed":false,"lat":34.95757,"lng":139.087893,"prefecture":22,"lines":[99501],"attr":"eco","postal_code":"414-0037","address":"伊東市桜が丘町１","voronoi":{"type":"Feature","geometry":{"type":"Polygon","coordinates":[[[139.05036,34.97593],[139.020587,34.9709],[139.017636,34.958227],[139.009924,34.909009],[139.046461,34.904575],[139.086505,34.914589],[139.091784,34.917225],[139.10134,34.926029],[139.107766,34.961748],[139.05036,34.97593]]]},"properties":{}}},
    {"code":9950103,"id":"f7a6a1","name":"川奈","original_name":"川奈","name_kana":"かわな","closed":false,"lat":34.950906,"lng":139.124936,"prefecture":22,"lines":[99501],"attr":"eco","postal_code":"414-0044","address":"伊東市川奈字出口","voronoi":{"type":"Feature","geometry":{"type":"Polygon","coordinates":[[[139.145665,35.01401],[139.154973,35.021695],[139.216655,35.050786],[139.383964,35.044926],[139.388796,35.0424],[139.41743,34.978175],[139.10134,34.926029],[139.107766,34.961748],[139.145665,35.01401]]]},"properties":{}}},
    {"code":9950104,"id":"a433c7","name":"富戸","original_name":"富戸","name_kana":"ふと","closed":false,"lat":34.91005,"lng":139.131676,"prefecture":22,"lines":[99501],"attr":"heat","postal_code":"413-0231","address":"伊東市富戸字的場","voronoi":{"type":"Feature","geometry":{"type":"Polygon","coordinates":[[[139.526246,34.702364],[139.091784,34.917225],[139.10134,34.926029],[139.41743,34.978175],[139.515422,34.794426],[139.526246,34.702364]]]},"properties":{}}},
    {"code":9950105,"id":"b4e7c3","name":"城ヶ崎海岸","original_name":"城ヶ崎海岸","name_kana":"じょうがさきかいがん","closed":false,"lat":34.889878,"lng":139.1217,"prefecture":22,"lines":[99501],"attr":"heat","postal_code":"413-0231","address":"静岡県伊東市富戸字四辻下","voronoi":{"type":"Feature","geometry":{"type":"Polygon","coordinates":[[[139.526246,34.702364],[139.550873,34.530429],[139.447169,34.601625],[139.218571,34.770102],[139.086505,34.914589],[139.091784,34.917225],[139.526246,34.702364]]]},"properties":{}}},
    {"code":9950106,"id":"fcc1d9","name":"伊豆高原","original_name":"伊豆高原","name_kana":"いずこうげん","closed":false,"lat":34.87732,"lng":139.107961,"prefecture":22,"lines":[99501],"attr":"heat","postal_code":"413-0232","address":"伊東市八幡野","voronoi":{"type":"Feature","geometry":{"type":"Polygon","coordinates":[[[139.046461,34.904575],[139.086505,34.914589],[139.218571,34.770102],[139.112681,34.838676],[139.046461,34.904575]]]},"properties":{}}},
    {"code":9950107,"id":"916802","name":"伊豆大川","original_name":"伊豆大川","name_kana":"いずおおかわ","closed":false,"lat":34.843208,"lng":139.074014,"prefecture":22,"lines":[99501],"attr":"heat","postal_code":"413-0301","address":"賀茂郡東伊豆町大川字川原田","voronoi":{"type":"Feature","geometry":{"type":"Polygon","coordinates":[[[139.112681,34.838676],[139.046461,34.904575],[139.009924,34.909009],[138.957791,34.861639],[138.958678,34.860952],[138.979718,34.849643],[139.002814,34.84251],[139.054063,34.833291],[139.112681,34.838676]]]},"properties":{}}},
    {"code":9950108,"id":"76a160","name":"伊豆北川","original_name":"伊豆北川","name_kana":"いずほっかわ","closed":false,"lat":34.827174,"lng":139.075487,"prefecture":22,"lines":[99501],"attr":"heat","postal_code":"413-0302","address":"賀茂郡東伊豆町奈良本字宮ノ上","voronoi":{"type":"Feature","geometry":{"type":"Polygon","coordinates":[[[139.278435,34.696435],[139.054063,34.833291],[139.112681,34.838676],[139.218571,34.770102],[139.447169,34.601625],[139.278435,34.696435]]]},"properties":{}}},
    {"code":9950109,"id":"bc8c52","name":"伊豆熱川","original_name":"伊豆熱川","name_kana":"いずあたがわ","closed":false,"lat":34.817042,"lng":139.069307,"prefecture":22,"lines":[99501],"attr":"cool","postal_code":"413-0302","address":"賀茂郡東伊豆町奈良本字浜田","voronoi":{"type":"Feature","geometry":{"type":"Polygon","coordinates":[[[139.278435,34.696435],[139.002814,34.84251],[139.054063,34.833291],[139.278435,34.696435]]]},"properties":{}}},
    {"code":9950110,"id":"3766d0","name":"片瀬白田","original_name":"片瀬白田","name_kana":"かたせしらた","closed":false,"lat":34.801783,"lng":139.06122,"prefecture":22,"lines":[99501],"attr":"cool","postal_code":"413-0304","address":"賀茂郡東伊豆町白田字墹下","voronoi":{"type":"Feature","geometry":{"type":"Polygon","coordinates":[[[139.447169,34.601625],[139.550873,34.530429],[139.608418,34.293076],[138.979718,34.849643],[139.002814,34.84251],[139.278435,34.696435],[139.447169,34.601625]]]},"properties":{}}},
    {"code":9950111,"id":"0fe146","name":"伊豆稲取","original_name":"伊豆稲取","name_kana":"いずいなとり","closed":false,"lat":34.774546,"lng":139.037108,"prefecture":22,"lines":[99501],"attr":"cool","postal_code":"413-0411","address":"賀茂郡東伊豆町稲取字出口","voronoi":{"type":"Feature","geometry":{"type":"Polygon","coordinates":[[[139.136134,34.584819],[138.958678,34.860952],[138.979718,34.849643],[139.608418,34.293076],[139.670382,34.062196],[139.136134,34.584819]]]},"properties":{}}},
    {"code":9950112,"id":"b178be","name":"今井浜海岸","original_name":"今井浜海岸","name_kana":"いまいはまかいがん","closed":false,"lat":34.753714,"lng":139.004692,"prefecture":22,"lines":[99501],"attr":"cool","postal_code":"413-0503","address":"賀茂郡河津町見高字中浜","voronoi":{"type":"Feature","geometry":{"type":"Polygon","coordinates":[[[139.092072,34.620761],[138.927369,34.85433],[138.957791,34.861639],[138.958678,34.860952],[139.136134,34.584819],[139.092072,34.620761]]]},"properties":{}}},
    {"code":9950113,"id":"309c5a","name":"河津","original_name":"河津","name_kana":"かわづ","closed":false,"lat":34.747711,"lng":138.996179,"prefecture":22,"lines":[99501],"attr":"cool","postal_code":"413-0513","address":"賀茂郡河津町浜字中耕地","voronoi":{"type":"Feature","geometry":{"type":"Polygon","coordinates":[[[138.99461,34.695085],[138.909268,34.85076],[138.927369,34.85433],[139.092072,34.620761],[138.99461,34.695085]]]},"properties":{}}},
    {"code":9950114,"id":"43b2d2","name":"稲梓","original_name":"稲梓","name_kana":"いなずさ","closed":false,"lat":34.722066,"lng":138.949399,"prefecture":22,"lines":[99501],"attr":"cool","postal_code":"413-0701","address":"下田市落合字道庭","voronoi":{"type":"Feature","geometry":{"type":"Polygon","coordinates":[[[138.70516,34.847881],[138.702066,34.843878],[138.678769,34.807402],[138.985986,34.696127],[138.99461,34.695085],[138.909268,34.85076],[138.784039,34.851318],[138.70516,34.847881]]]},"properties":{}}},
    {"code":9950115,"id":"e01b60","name":"蓮台寺","original_name":"蓮台寺","name_kana":"れんだいじ","closed":false,"lat":34.699634,"lng":138.941274,"prefecture":22,"lines":[99501],"attr":"cool","postal_code":"415-0011","address":"下田市河内山ノ瀬","voronoi":{"type":"Feature","geometry":{"type":"Polygon","coordinates":[[[138.61346,34.714047],[138.600749,34.680898],[138.58843,34.636454],[138.985986,34.696127],[138.678769,34.807402],[138.61346,34.714047]]]},"properties":{}}},
    {"code":9950116,"id":"8fbb8b","name":"伊豆急下田","original_name":"伊豆急下田","name_kana":"いずきゅうしもだ","closed":false,"lat":34.679647,"lng":138.944274,"prefecture":22,"lines":[99501],"attr":"cool","postal_code":"415-0035","address":"下田市東本郷１","voronoi":{"type":"Feature","geometry":{"type":"LineString","coordinates":[[142.722799,20.0],[139.6427,28.089771],[138.956031,29.937563],[138.419563,31.414787],[138.322247,31.972008],[138.345799,32.81567],[138.353887,33.03641],[138.468442,34.234276],[138.49873,34.345011],[138.58843,34.636454],[138.985986,34.696127],[138.99461,34.695085],[139.092072,34.620761],[139.136134,34.584819],[139.670382,34.062196],[139.699684,33.977175],[143.808705,20.0]]},"properties":{}}}
  ]
}