{
  "code":99511,
  "id":453,
  "name":"愛知環状鉄道",
  "name_kana":"あいちかんじょうてつどう",
  "name_formal":"愛知環状鉄道線",
  "station_size":23,
  "company_code":177,
  "closed":false,
  "color":"#200098",
  "station_list":[
    {"code":1150219,"id":2574,"name":"岡崎","original_name":"岡崎","name_kana":"おかざき","closed":false,"lat":34.925417,"lng":137.157243,"prefecture":23,"numbering":["01"],"lines":[11502,99511],"attr":"heat","postal_code":"444-0813","address":"岡崎市羽根町東荒子","voronoi":{"type":"Feature","geometry":{"type":"Polygon","coordinates":[[[137.167924,34.936514],[137.166251,34.937151],[137.134321,34.926506],[137.124106,34.910062],[137.124831,34.903769],[137.176076,34.907958],[137.176499,34.917963],[137.167924,34.936514]]]},"properties":{}}},
    {"code":9951102,"id":7570,"name":"六名","original_name":"六名","name_kana":"むつな","closed":false,"lat":34.941132,"lng":137.152004,"prefecture":23,"numbering":["02"],"lines":[99511],"attr":"cool","postal_code":"444-0846","address":"岡崎市六名新町","voronoi":{"type":"Feature","geometry":{"type":"Polygon","coordinates":[[[137.138073,34.946381],[137.134321,34.926506],[137.166251,34.937151],[137.159007,34.94746],[137.142456,34.949019],[137.138073,34.946381]]]},"properties":{}}},
    {"code":9951103,"id":7571,"name":"中岡崎","original_name":"中岡崎","name_kana":"なかおかざき","closed":false,"lat":34.956231,"lng":137.152723,"prefecture":23,"numbering":["03"],"lines":[99511],"attr":"cool","postal_code":"444-0923","address":"岡崎市八帖町字住環通り","voronoi":{"type":"Feature","geometry":{"type":"Polygon","coordinates":[[[137.143414,34.951095],[137.149211,34.966143],[137.162387,34.962033],[137.161692,34.959684],[137.143414,34.951095]]]},"properties":{}}},
    {"code":9951104,"id":7572,"name":"北岡崎","original_name":"北岡崎","name_kana":"きたおかざき","closed":false,"lat":34.972301,"lng":137.157736,"prefecture":23,"numbering":["04"],"lines":[99511],"attr":"cool","postal_code":"444-0913","address":"岡崎市葵町","voronoi":{"type":"Feature","geometry":{"type":"Polygon","coordinates":[[[137.144303,34.973968],[137.149211,34.966143],[137.162387,34.962033],[137.212233,34.985486],[137.229181,34.99792],[137.144303,34.973968]]]},"properties":{}}},
    {"code":9951105,"id":7573,"name":"大門(愛知)","original_name":"大門","name_kana":"だいもん","closed":false,"lat":34.982411,"lng":137.154883,"prefecture":23,"numbering":["05"],"lines":[99511],"attr":"cool","postal_code":"444-2134","address":"岡崎市大樹寺２丁目","voronoi":{"type":"Feature","geometry":{"type":"Polygon","coordinates":[[[137.172773,35.014026],[137.167782,35.012261],[137.137579,34.978689],[137.144303,34.973968],[137.229181,34.99792],[137.267313,35.022023],[137.269881,35.024385],[137.266564,35.025055],[137.241725,35.023711],[137.172773,35.014026]]]},"properties":{}}},
    {"code":9951106,"id":7574,"name":"北野桝塚","original_name":"北野桝塚","name_kana":"きたのますづか","closed":false,"lat":34.996289,"lng":137.139457,"prefecture":23,"numbering":["06"],"lines":[99511],"attr":"cool","postal_code":"444-0951","address":"岡崎市北野町字二番訳","voronoi":{"type":"Feature","geometry":{"type":"Polygon","coordinates":[[[137.167782,35.012261],[137.154659,35.012061],[137.115068,34.995577],[137.134824,34.97865],[137.137579,34.978689],[137.167782,35.012261]]]},"properties":{}}},
    {"code":9951107,"id":7575,"name":"三河上郷","original_name":"三河上郷","name_kana":"みかわかみごう","closed":false,"lat":35.012384,"lng":137.132756,"prefecture":23,"numbering":["07"],"lines":[99511],"attr":"cool","postal_code":"470-1218","address":"豊田市上郷町５丁目","voronoi":{"type":"Feature","geometry":{"type":"Polygon","coordinates":[[[137.107795,35.002054],[137.110384,34.99725],[137.115068,34.995577],[137.154659,35.012061],[137.122522,35.025422],[137.114675,35.020321],[137.107795,35.002054]]]},"properties":{}}},
    {"code":9951108,"id":7576,"name":"永覚","original_name":"永覚","name_kana":"えかく","closed":false,"lat":35.027361,"lng":137.138983,"prefecture":23,"numbering":["08"],"lines":[99511],"attr":"cool","postal_code":"471-0000","address":"豊田市高根","voronoi":{"type":"Feature","geometry":{"type":"Polygon","coordinates":[[[137.122522,35.025422],[137.154659,35.012061],[137.167782,35.012261],[137.172773,35.014026],[137.13084,35.04128],[137.122522,35.025422]]]},"properties":{}}},
    {"code":9951109,"id":7577,"name":"末野原","original_name":"末野原","name_kana":"すえのはら","closed":false,"lat":35.03949,"lng":137.146866,"prefecture":23,"numbering":["09"],"lines":[99511],"attr":"cool","postal_code":"470-1201","address":"豊田市豊栄町１２丁目","voronoi":{"type":"Feature","geometry":{"type":"Polygon","coordinates":[[[137.172773,35.014026],[137.13084,35.04128],[137.130853,35.042019],[137.139355,35.049886],[137.241725,35.023711],[137.172773,35.014026]]]},"properties":{}}},
    {"code":9951110,"id":7578,"name":"三河豊田","original_name":"三河豊田","name_kana":"みかわとよた","closed":false,"lat":35.0554,"lng":137.150934,"prefecture":23,"numbering":["10"],"lines":[99511],"attr":"cool","postal_code":"471-0826","address":"豊田市トヨタ町","voronoi":{"type":"Feature","geometry":{"type":"Polygon","coordinates":[[[137.241725,35.023711],[137.139355,35.049886],[137.141156,35.063731],[137.15314,35.063532],[137.225397,35.048078],[137.266564,35.025055],[137.241725,35.023711]]]},"properties":{}}},
    {"code":9951111,"id":7579,"name":"新上挙母","original_name":"新上挙母","name_kana":"しんうわごろも","closed":false,"lat":35.071732,"lng":137.151206,"prefecture":23,"numbering":["11"],"lines":[99511],"attr":"cool","postal_code":"471-0831","address":"豊田市司町１丁目","voronoi":{"type":"Feature","geometry":{"type":"Polygon","coordinates":[[[137.152526,35.079864],[137.12895,35.083214],[137.141156,35.063731],[137.15314,35.063532],[137.152526,35.079864]]]},"properties":{}}},
    {"code":9951112,"id":7580,"name":"新豊田","original_name":"新豊田","name_kana":"しんとよた","closed":false,"lat":35.088041,"lng":137.153524,"prefecture":23,"numbering":["12"],"lines":[99511],"attr":"cool","postal_code":"471-0034","address":"豊田市小坂本町１丁目","voronoi":{"type":"Feature","geometry":{"type":"Polygon","coordinates":[[[137.152753,35.079877],[137.152526,35.079864],[137.12895,35.083214],[137.118593,35.091522],[137.141803,35.102925],[137.142274,35.102894],[137.1504,35.099429],[137.156778,35.09466],[137.152753,35.079877]]]},"properties":{}}},
    {"code":9951113,"id":7581,"name":"愛環梅坪","original_name":"愛環梅坪","name_kana":"あいかんうめつぼ","closed":false,"lat":35.105056,"lng":137.160781,"prefecture":23,"numbering":["13"],"lines":[99511],"attr":"heat","postal_code":"471-0071","address":"豊田市東梅坪町一丁目６","voronoi":{"type":"Feature","geometry":{"type":"Polygon","coordinates":[[[137.170695,35.104782],[137.169617,35.112723],[137.163701,35.113366],[137.142274,35.102894],[137.1504,35.099429],[137.170695,35.104782]]]},"properties":{}}},
    {"code":9951114,"id":7582,"name":"四郷","original_name":"四郷","name_kana":"しごう","closed":false,"lat":35.12211,"lng":137.162635,"prefecture":23,"numbering":["14"],"lines":[99511],"attr":"heat","postal_code":"470-0373","address":"豊田市四郷町森前","voronoi":{"type":"Feature","geometry":{"type":"Polygon","coordinates":[[[137.169617,35.112723],[137.163701,35.113366],[137.153791,35.125517],[137.169921,35.146885],[137.170938,35.11433],[137.169617,35.112723]]]},"properties":{}}},
    {"code":9951115,"id":7583,"name":"貝津","original_name":"貝津","name_kana":"かいづ","closed":false,"lat":35.133089,"lng":137.148091,"prefecture":23,"numbering":["15"],"lines":[99511],"attr":"heat","postal_code":"470-0348","address":"豊田市貝津町片坂１０５-３","voronoi":{"type":"Feature","geometry":{"type":"Polygon","coordinates":[[[137.153791,35.125517],[137.169921,35.146885],[137.192708,35.213548],[137.186578,35.209181],[137.148101,35.161264],[137.139888,35.129737],[137.147411,35.12278],[137.153791,35.125517]]]},"properties":{}}},
    {"code":9951116,"id":7584,"name":"保見","original_name":"保見","name_kana":"ほみ","closed":false,"lat":35.136665,"lng":137.134363,"prefecture":23,"numbering":["16"],"lines":[99511],"attr":"heat","postal_code":"470-0344","address":"豊田市保見町権堂坊","voronoi":{"type":"Feature","geometry":{"type":"Polygon","coordinates":[[[137.11938,35.139892],[137.124822,35.126969],[137.139888,35.129737],[137.148101,35.161264],[137.11938,35.139892]]]},"properties":{}}},
    {"code":9951117,"id":7585,"name":"篠原(愛知)","original_name":"篠原","name_kana":"ささばら","closed":false,"lat":35.155171,"lng":137.120592,"prefecture":23,"numbering":["17"],"lines":[99511],"attr":"heat","postal_code":"470-0352","address":"豊田市篠原町砂ヶ入","voronoi":{"type":"Feature","geometry":{"type":"Polygon","coordinates":[[[137.148101,35.161264],[137.186578,35.209181],[137.164751,35.199675],[137.09527,35.152811],[137.101998,35.145658],[137.11938,35.139892],[137.148101,35.161264]]]},"properties":{}}},
    {"code":9951118,"id":7586,"name":"八草","original_name":"八草","name_kana":"やくさ","closed":false,"lat":35.175404,"lng":137.106945,"prefecture":23,"numbering":["18"],"lines":[99511,99512],"attr":"heat","postal_code":"470-0356","address":"豊田市八草町字石坂","voronoi":{"type":"Feature","geometry":{"type":"Polygon","coordinates":[[[137.094297,35.153128],[137.095236,35.160133],[137.105749,35.186799],[137.164751,35.199675],[137.09527,35.152811],[137.094297,35.153128]]]},"properties":{}}},
    {"code":9951119,"id":7587,"name":"山口(愛知)","original_name":"山口","name_kana":"やまぐち","closed":false,"lat":35.197656,"lng":137.102089,"prefecture":23,"numbering":["19"],"lines":[99511],"attr":"eco","postal_code":"489-0961","address":"瀬戸市田中町","voronoi":{"type":"Feature","geometry":{"type":"Polygon","coordinates":[[[137.08786,35.192939],[137.090734,35.190878],[137.105749,35.186799],[137.164751,35.199675],[137.186578,35.209181],[137.192708,35.213548],[137.209456,35.230655],[137.09578,35.21069],[137.08786,35.192939]]]},"properties":{}}},
    {"code":9951120,"id":7588,"name":"瀬戸口","original_name":"瀬戸口","name_kana":"せとぐち","closed":false,"lat":35.206679,"lng":137.081866,"prefecture":23,"numbering":["20"],"lines":[99511],"attr":"eco","postal_code":"489-0877","address":"瀬戸市東赤重町２丁目","voronoi":{"type":"Feature","geometry":{"type":"Polygon","coordinates":[[[137.075117,35.21504],[137.080217,35.216186],[137.090808,35.21485],[137.09578,35.21069],[137.08786,35.192939],[137.077732,35.19079],[137.065841,35.19268],[137.061796,35.195099],[137.066281,35.208918],[137.075117,35.21504]]]},"properties":{}}},
    {"code":9951121,"id":7589,"name":"瀬戸市","original_name":"瀬戸市","name_kana":"せとし","closed":false,"lat":35.225921,"lng":137.078452,"prefecture":23,"numbering":["21"],"lines":[99511],"attr":"eco","postal_code":"489-0066","address":"瀬戸市東横山町","voronoi":{"type":"Feature","geometry":{"type":"Polygon","coordinates":[[[137.071843,35.237268],[137.080583,35.220972],[137.083761,35.240435],[137.071843,35.237268]]]},"properties":{}}},
    {"code":9951122,"id":7590,"name":"中水野","original_name":"中水野","name_kana":"なかみずの","closed":false,"lat":35.250399,"lng":137.071947,"prefecture":23,"numbering":["22"],"lines":[99511],"attr":"eco","postal_code":"489-0000","address":"瀬戸市内山町","voronoi":{"type":"Feature","geometry":{"type":"Polygon","coordinates":[[[137.083761,35.240435],[137.090569,35.243712],[137.102529,35.25568],[137.06336,35.268494],[137.049543,35.240564],[137.052325,35.238967],[137.071806,35.23726],[137.071843,35.237268],[137.083761,35.240435]]]},"properties":{}}},
    {"code":1141110,"id":2212,"name":"高蔵寺","original_name":"高蔵寺","name_kana":"こうぞうじ","closed":false,"lat":35.26434,"lng":137.043766,"prefecture":23,"numbering":["23"],"lines":[11411,99511],"attr":"eco","postal_code":"487-0013","address":"春日井市高蔵寺町３丁目","voronoi":{"type":"Feature","geometry":{"type":"Polygon","coordinates":[[[137.021517,35.331932],[137.032555,35.329276],[137.042819,35.324393],[137.06336,35.268494],[137.049543,35.240564],[137.04508,35.239767],[137.031301,35.241901],[137.012632,35.319653],[137.021196,35.331769],[137.021517,35.331932]]]},"properties":{}}}
  ]
}