{
  "code":99510,
  "id":"fbf99e",
  "name":"JR東海交通事業城北線",
  "name_kana":"じぇいあーるとうかいこうつうじぎょうじょうほくせん",
  "station_size":6,
  "company_code":176,
  "closed":false,
  "station_list":[
    {"code":1150234,"id":"8fe63c","name":"枇杷島","original_name":"枇杷島","name_kana":"びわじま","closed":false,"lat":35.198681,"lng":136.861816,"prefecture":23,"lines":[11502,99510],"attr":"eco","postal_code":"452-0064","address":"清須市西枇杷島町旭１丁目","voronoi":{"type":"Feature","geometry":{"type":"Polygon","coordinates":[[[136.866441,35.199688],[136.862586,35.195619],[136.856329,35.199082],[136.854802,35.204117],[136.863361,35.208188],[136.866441,35.199688]]]},"properties":{}}},
    {"code":9951002,"id":"39c73a","name":"尾張星の宮","original_name":"尾張星の宮","name_kana":"おわりほしのみや","closed":false,"lat":35.212988,"lng":136.855011,"prefecture":23,"lines":[99510],"attr":"cool","postal_code":"452-0901","address":"清須市阿原星の宮","voronoi":{"type":"Feature","geometry":{"type":"Polygon","coordinates":[[[136.854802,35.204117],[136.85287,35.204455],[136.850225,35.206078],[136.845125,35.214171],[136.844687,35.21906],[136.853567,35.233707],[136.860199,35.230307],[136.865475,35.219282],[136.866034,35.211947],[136.863361,35.208188],[136.854802,35.204117]]]},"properties":{}}},
    {"code":9951003,"id":"7ee05b","name":"小田井","original_name":"小田井","name_kana":"おたい","closed":false,"lat":35.221043,"lng":136.880491,"prefecture":23,"lines":[99510],"attr":"cool","postal_code":"452-0815","address":"名古屋市西区八筋町","voronoi":{"type":"Feature","geometry":{"type":"Polygon","coordinates":[[[136.88181,35.215997],[136.876523,35.219071],[136.887514,35.235068],[136.890754,35.225879],[136.88181,35.215997]]]},"properties":{}}},
    {"code":9951004,"id":"a1ea5f","name":"比良(愛知)","original_name":"比良","name_kana":"ひら","closed":false,"lat":35.228549,"lng":136.90178,"prefecture":23,"lines":[99510],"attr":"heat","postal_code":"452-0802","address":"名古屋市西区比良３","voronoi":{"type":"Feature","geometry":{"type":"Polygon","coordinates":[[[136.917365,35.218062],[136.914868,35.215246],[136.90511,35.212633],[136.901078,35.214432],[136.890754,35.225879],[136.887514,35.235068],[136.887009,35.237541],[136.891812,35.246665],[136.89993,35.255049],[136.903108,35.257507],[136.91257,35.249615],[136.916575,35.243288],[136.917365,35.218062]]]},"properties":{}}},
    {"code":9951005,"id":"1ae087","name":"味美(東海交通事業)","original_name":"味美","name_kana":"あじよし","closed":false,"lat":35.229504,"lng":136.932263,"prefecture":23,"lines":[99510],"attr":"heat","postal_code":"486-0956","address":"愛知県春日井市中新町二丁目","voronoi":{"type":"Feature","geometry":{"type":"Polygon","coordinates":[[[136.92342,35.241986],[136.916575,35.243288],[136.917365,35.218062],[136.919349,35.21786],[136.93904,35.22865],[136.92342,35.241986]]]},"properties":{}}},
    {"code":1141107,"id":"3c4833","name":"勝川","original_name":"勝川","name_kana":"かちがわ","closed":false,"lat":35.22982,"lng":136.956285,"prefecture":23,"lines":[11411,99510],"attr":"cool","postal_code":"486-0931","address":"春日井市松新町６丁目","voronoi":{"type":"Feature","geometry":{"type":"Polygon","coordinates":[[[136.972804,35.232104],[136.962057,35.255522],[136.949819,35.243566],[136.945477,35.228133],[136.948537,35.219725],[136.953837,35.218531],[136.960472,35.2205],[136.971076,35.228906],[136.972308,35.23091],[136.972804,35.232104]]]},"properties":{}}}
  ]
}