{
  "code":99522,
  "id":463,
  "name":"豊橋鉄道運動公園前線",
  "name_kana":"とよはしてつどううんどうこうえんまえせん",
  "station_size":2,
  "company_code":181,
  "closed":false,
  "station_list":[
    {"code":9952112,"id":7700,"name":"井原(愛知)","original_name":"井原","name_kana":"いはら","closed":false,"lat":34.764232,"lng":137.421885,"prefecture":23,"numbering":["12"],"lines":[99521,99522],"attr":"cool","postal_code":"441-0000","address":"豊橋市","voronoi":{"type":"Feature","geometry":{"type":"Polygon","coordinates":[[[137.418741,34.761092],[137.42568,34.761607],[137.429842,34.801996],[137.42519,34.800023],[137.418741,34.761092]]]},"properties":{}}},
    {"code":9952202,"id":7702,"name":"運動公園前(愛知)","original_name":"運動公園前","name_kana":"うんどうこうえんまえ","closed":false,"lat":34.75845,"lng":137.422314,"prefecture":23,"numbering":["14"],"lines":[99521,99522],"attr":"cool","postal_code":"441-0000","address":"豊橋市","open_date":"1982-07-31","voronoi":{"type":"Feature","geometry":{"type":"Polygon","coordinates":[[[137.436426,34.745081],[137.42568,34.761607],[137.418741,34.761092],[137.414359,34.757432],[137.409498,34.750985],[137.40717,34.746598],[137.409573,34.737988],[137.409794,34.737508],[137.412595,34.732924],[137.436426,34.745081]]]},"properties":{}}}
  ]
}