{
  "code":99521,
  "id":"26fd88",
  "name":"豊橋鉄道東田本線",
  "name_kana":"とよはしてつどうあずまだほんせん",
  "station_size":14,
  "company_code":181,
  "closed":false,
  "station_list":[
    {"code":9952101,"id":"e90bad","name":"駅前","original_name":"駅前","name_kana":"えきまえ","closed":false,"lat":34.763879,"lng":137.383132,"prefecture":23,"numbering":["1"],"lines":[99521],"attr":"eco","postal_code":"441-0000","address":"豊橋市","voronoi":{"type":"Feature","geometry":{"type":"Polygon","coordinates":[[[137.384065,34.774052],[137.376755,34.768458],[137.382946,34.763029],[137.38434,34.76324],[137.385694,34.76844],[137.384065,34.774052]]]},"properties":{}}},
    {"code":9952102,"id":"8444d7","name":"駅前大通","original_name":"駅前大通","name_kana":"えきまえおおどおり","closed":false,"lat":34.763209,"lng":137.385707,"prefecture":23,"numbering":["2"],"lines":[99521],"attr":"eco","postal_code":"441-0000","address":"豊橋市","voronoi":{"type":"Feature","geometry":{"type":"Polygon","coordinates":[[[137.38434,34.76324],[137.386166,34.758697],[137.387223,34.759044],[137.387775,34.764965],[137.385694,34.76844],[137.38434,34.76324]]]},"properties":{}}},
    {"code":9952103,"id":"5a378f","name":"新川(愛知)","original_name":"新川","name_kana":"しんかわ","closed":false,"lat":34.762857,"lng":137.389483,"prefecture":23,"numbering":["3"],"lines":[99521],"attr":"eco","postal_code":"441-0000","address":"豊橋市","voronoi":{"type":"Feature","geometry":{"type":"Polygon","coordinates":[[[137.387223,34.759044],[137.387775,34.764965],[137.393354,34.763497],[137.396475,34.758857],[137.396761,34.757846],[137.387223,34.759044]]]},"properties":{}}},
    {"code":9952104,"id":"699dc5","name":"札木","original_name":"札木","name_kana":"ふだぎ","closed":false,"lat":34.765959,"lng":137.390299,"prefecture":23,"numbering":["4"],"lines":[99521],"attr":"eco","postal_code":"441-0000","address":"豊橋市","voronoi":{"type":"Feature","geometry":{"type":"Polygon","coordinates":[[[137.384065,34.774052],[137.385309,34.77611],[137.393325,34.763666],[137.393354,34.763497],[137.387775,34.764965],[137.385694,34.76844],[137.384065,34.774052]]]},"properties":{}}},
    {"code":9952105,"id":"3c02f6","name":"市役所前(愛知)","original_name":"市役所前","name_kana":"しやくしょまえ","closed":false,"lat":34.767369,"lng":137.392488,"prefecture":23,"numbering":["5"],"lines":[99521],"attr":"eco","postal_code":"441-0000","address":"豊橋市","voronoi":{"type":"Feature","geometry":{"type":"Polygon","coordinates":[[[137.393325,34.763666],[137.385309,34.77611],[137.391217,34.789053],[137.398253,34.7909],[137.393325,34.763666]]]},"properties":{}}},
    {"code":9952106,"id":"52c554","name":"豊橋公園前","original_name":"豊橋公園前","name_kana":"とよはしこうえんまえ","closed":false,"lat":34.766841,"lng":137.395406,"prefecture":23,"numbering":["6"],"lines":[99521],"attr":"eco","postal_code":"441-0000","address":"豊橋市","voronoi":{"type":"Feature","geometry":{"type":"Polygon","coordinates":[[[137.393325,34.763666],[137.393354,34.763497],[137.396475,34.758857],[137.402701,34.792364],[137.398253,34.7909],[137.393325,34.763666]]]},"properties":{}}},
    {"code":9952107,"id":"35476a","name":"東八町","original_name":"東八町","name_kana":"ひがしはっちょう","closed":false,"lat":34.765924,"lng":137.400341,"prefecture":23,"numbering":["7"],"lines":[99521],"attr":"eco","postal_code":"441-0000","address":"豊橋市","voronoi":{"type":"Feature","geometry":{"type":"Polygon","coordinates":[[[137.402195,34.752052],[137.403176,34.792572],[137.402701,34.792364],[137.396475,34.758857],[137.396761,34.757846],[137.402195,34.752052]]]},"properties":{}}},
    {"code":9952108,"id":"096170","name":"前畑","original_name":"前畑","name_kana":"まえはた","closed":false,"lat":34.765818,"lng":137.404718,"prefecture":23,"numbering":["8"],"lines":[99521],"attr":"heat","postal_code":"441-0000","address":"豊橋市","voronoi":{"type":"Feature","geometry":{"type":"Polygon","coordinates":[[[137.403176,34.792572],[137.402195,34.752052],[137.403006,34.750856],[137.406437,34.747484],[137.406873,34.794566],[137.403176,34.792572]]]},"properties":{}}},
    {"code":9952109,"id":"429f8f","name":"東田坂上","original_name":"東田坂上","name_kana":"あずまださかうえ","closed":false,"lat":34.765783,"lng":137.408495,"prefecture":23,"numbering":["9"],"lines":[99521],"attr":"heat","postal_code":"441-0000","address":"豊橋市","voronoi":{"type":"Feature","geometry":{"type":"Polygon","coordinates":[[[137.406437,34.747484],[137.40717,34.746598],[137.409498,34.750985],[137.413614,34.796288],[137.407428,34.794914],[137.406873,34.794566],[137.406437,34.747484]]]},"properties":{}}},
    {"code":9952110,"id":"06ec4f","name":"東田","original_name":"東田","name_kana":"あずまだ","closed":false,"lat":34.76536,"lng":137.413151,"prefecture":23,"numbering":["10"],"lines":[99521],"attr":"heat","postal_code":"441-0000","address":"豊橋市","voronoi":{"type":"Feature","geometry":{"type":"Polygon","coordinates":[[[137.414409,34.796529],[137.413614,34.796288],[137.409498,34.750985],[137.414359,34.757432],[137.417465,34.797384],[137.414409,34.796529]]]},"properties":{}}},
    {"code":9952111,"id":"430b6f","name":"競輪場前(愛知)","original_name":"競輪場前","name_kana":"けいりんじょうまえ","closed":false,"lat":34.765078,"lng":137.416778,"prefecture":23,"numbering":["11"],"lines":[99521],"attr":"heat","postal_code":"441-0000","address":"豊橋市","voronoi":{"type":"Feature","geometry":{"type":"Polygon","coordinates":[[[137.414359,34.757432],[137.417465,34.797384],[137.42519,34.800023],[137.418741,34.761092],[137.414359,34.757432]]]},"properties":{}}},
    {"code":9952112,"id":"486382","name":"井原(愛知)","original_name":"井原","name_kana":"いはら","closed":false,"lat":34.764232,"lng":137.421885,"prefecture":23,"numbering":["12"],"lines":[99521,99522],"attr":"cool","postal_code":"441-0000","address":"豊橋市","voronoi":{"type":"Feature","geometry":{"type":"Polygon","coordinates":[[[137.418741,34.761092],[137.42568,34.761607],[137.429842,34.801996],[137.42519,34.800023],[137.418741,34.761092]]]},"properties":{}}},
    {"code":9952113,"id":"6bf4ba","name":"赤岩口","original_name":"赤岩口","name_kana":"あかいわぐち","closed":false,"lat":34.763403,"lng":137.429931,"prefecture":23,"numbering":["13"],"lines":[99521],"attr":"cool","postal_code":"441-0000","address":"豊橋市","voronoi":{"type":"Feature","geometry":{"type":"Polygon","coordinates":[[[137.42568,34.761607],[137.429842,34.801996],[137.443387,34.809506],[137.4617,34.812839],[137.477567,34.811082],[137.471462,34.762676],[137.463231,34.751523],[137.436426,34.745081],[137.42568,34.761607]]]},"properties":{}}},
    {"code":9952202,"id":"4f4812","name":"運動公園前(愛知)","original_name":"運動公園前","name_kana":"うんどうこうえんまえ","closed":false,"lat":34.75845,"lng":137.422314,"prefecture":23,"numbering":["14"],"lines":[99521,99522],"attr":"cool","postal_code":"441-0000","address":"豊橋市","open_date":"1982-07-31","voronoi":{"type":"Feature","geometry":{"type":"Polygon","coordinates":[[[137.436426,34.745081],[137.42568,34.761607],[137.418741,34.761092],[137.414359,34.757432],[137.409498,34.750985],[137.40717,34.746598],[137.409573,34.737988],[137.409794,34.737508],[137.412595,34.732924],[137.436426,34.745081]]]},"properties":{}}}
  ]
}