{
  "code":99529,
  "id":"f4b888",
  "name":"三岐鉄道北勢線",
  "name_kana":"さんぎてつどうほくせいせん",
  "station_size":13,
  "company_code":186,
  "closed":false,
  "station_list":[
    {"code":9952901,"id":"013d97","name":"西桑名","original_name":"西桑名","name_kana":"にしくわな","closed":false,"lat":35.065694,"lng":136.684034,"prefecture":24,"lines":[99529],"attr":"eco","postal_code":"511-0061","address":"桑名市寿町２-３１","voronoi":{"type":"Feature","geometry":{"type":"Polygon","coordinates":[[[136.678405,35.065953],[136.681032,35.06191],[136.755641,35.010168],[136.762729,35.020255],[136.764168,35.034289],[136.757775,35.042423],[136.73205,35.065821],[136.719391,35.070615],[136.678405,35.065953]]]},"properties":{}}},
    {"code":9952902,"id":"cae652","name":"馬道","original_name":"馬道","name_kana":"うまみち","closed":false,"lat":35.060705,"lng":136.676354,"prefecture":24,"lines":[99529],"attr":"eco","postal_code":"511-0835","address":"桑名市大字本願寺字笠松２２８-２","voronoi":{"type":"Feature","geometry":{"type":"Polygon","coordinates":[[[136.675242,35.06945],[136.670391,35.068964],[136.671687,35.054945],[136.681032,35.06191],[136.678405,35.065953],[136.675242,35.06945]]]},"properties":{}}},
    {"code":9952903,"id":"737555","name":"西別所","original_name":"西別所","name_kana":"にしべっしょ","closed":false,"lat":35.059752,"lng":136.666043,"prefecture":24,"lines":[99529],"attr":"eco","postal_code":"511-0851","address":"桑名市大字西別所１８０-２","voronoi":{"type":"Feature","geometry":{"type":"Polygon","coordinates":[[[136.670391,35.068964],[136.659016,35.074225],[136.659197,35.047935],[136.670814,35.049436],[136.671687,35.054945],[136.670391,35.068964]]]},"properties":{}}},
    {"code":9952904,"id":"af9168","name":"蓮花寺","original_name":"蓮花寺","name_kana":"れんげじ","closed":false,"lat":35.059657,"lng":136.652189,"prefecture":24,"lines":[99529],"attr":"eco","postal_code":"511-0854","address":"桑名市大字蓮花寺１８３-４","voronoi":{"type":"Feature","geometry":{"type":"Polygon","coordinates":[[[136.658665,35.047522],[136.646077,35.044681],[136.650331,35.079677],[136.655659,35.078273],[136.659016,35.074225],[136.659197,35.047935],[136.658665,35.047522]]]},"properties":{}}},
    {"code":9952905,"id":"a2f9e7","name":"在良","original_name":"在良","name_kana":"ありよし","closed":false,"lat":35.060685,"lng":136.643731,"prefecture":24,"lines":[99529],"attr":"eco","postal_code":"511-0911","address":"桑名市大字額田字中縄３８１-１","voronoi":{"type":"Feature","geometry":{"type":"Polygon","coordinates":[[[136.646077,35.044681],[136.650331,35.079677],[136.64266,35.083586],[136.631858,35.04397],[136.633319,35.042822],[136.639472,35.04117],[136.646077,35.044681]]]},"properties":{}}},
    {"code":9952906,"id":"e6fb5e","name":"星川(三重)","original_name":"星川","name_kana":"ほしかわ","closed":false,"lat":35.064398,"lng":136.630113,"prefecture":24,"lines":[99529],"attr":"eco","postal_code":"511-0912","address":"桑名市星川字十弐９０２の９","voronoi":{"type":"Feature","geometry":{"type":"Polygon","coordinates":[[[136.631858,35.04397],[136.618353,35.048363],[136.617442,35.049058],[136.631031,35.09269],[136.634786,35.091441],[136.64266,35.083586],[136.631858,35.04397]]]},"properties":{}}},
    {"code":9952907,"id":"53bb9c","name":"七和","original_name":"七和","name_kana":"ななわ","closed":false,"lat":35.06888,"lng":136.615722,"prefecture":24,"lines":[99529],"attr":"eco","postal_code":"511-0944","address":"桑名市大字芳ケ崎字屋敷田６０２-７","voronoi":{"type":"Feature","geometry":{"type":"Polygon","coordinates":[[[136.60337,35.052859],[136.617442,35.049058],[136.631031,35.09269],[136.621166,35.099301],[136.60337,35.052859]]]},"properties":{}}},
    {"code":9952908,"id":"04152e","name":"穴太(三重)","original_name":"穴太","name_kana":"あのう","closed":false,"lat":35.073032,"lng":136.604887,"prefecture":24,"lines":[99529],"attr":"cool","postal_code":"511-0253","address":"員弁郡東員町大字筑紫字堤田８８７-７","voronoi":{"type":"Feature","geometry":{"type":"Polygon","coordinates":[[[136.599786,35.052762],[136.590886,35.056662],[136.606805,35.112799],[136.608526,35.111789],[136.621166,35.099301],[136.60337,35.052859],[136.599786,35.052762]]]},"properties":{}}},
    {"code":9952909,"id":"87723e","name":"東員","original_name":"東員","name_kana":"とういん","closed":false,"lat":35.077945,"lng":136.587562,"prefecture":24,"lines":[99529],"attr":"cool","postal_code":"511-0251","address":"員弁郡東員町山田１９５４番地","voronoi":{"type":"Feature","geometry":{"type":"Polygon","coordinates":[[[136.606805,35.112799],[136.605772,35.113778],[136.572047,35.079554],[136.572472,35.074599],[136.587089,35.056593],[136.590886,35.056662],[136.606805,35.112799]]]},"properties":{}}},
    {"code":9952910,"id":"8df4d2","name":"大泉(三重)","original_name":"大泉","name_kana":"おおいずみ","closed":false,"lat":35.095044,"lng":136.57021,"prefecture":24,"lines":[99529],"attr":"cool","postal_code":"511-0224","address":"いなべ市員弁町大泉２５１６","voronoi":{"type":"Feature","geometry":{"type":"Polygon","coordinates":[[[136.572047,35.079554],[136.605772,35.113778],[136.599898,35.12443],[136.55723,35.098034],[136.558392,35.08868],[136.572047,35.079554]]]},"properties":{}}},
    {"code":9952911,"id":"128a50","name":"楚原","original_name":"楚原","name_kana":"そはら","closed":false,"lat":35.110984,"lng":136.560349,"prefecture":24,"lines":[99529],"attr":"cool","postal_code":"511-0202","address":"いなべ市員弁町大字楚原字宮の腰５４４-１","voronoi":{"type":"Feature","geometry":{"type":"Polygon","coordinates":[[[136.599898,35.12443],[136.55723,35.098034],[136.550534,35.103305],[136.547231,35.121575],[136.581089,35.158248],[136.596746,35.135492],[136.599898,35.12443]]]},"properties":{}}},
    {"code":9952912,"id":"6b5ff1","name":"麻生田","original_name":"麻生田","name_kana":"おうだ","closed":false,"lat":35.133807,"lng":136.535628,"prefecture":24,"lines":[99529],"attr":"heat","postal_code":"511-0427","address":"いなべ市北勢町大字麻生田字南一色２００３-２","voronoi":{"type":"Feature","geometry":{"type":"Polygon","coordinates":[[[136.525069,35.132044],[136.524916,35.136868],[136.560652,35.185494],[136.568585,35.179523],[136.574144,35.172155],[136.580873,35.159026],[136.581089,35.158248],[136.547231,35.121575],[136.533436,35.120016],[136.525069,35.132044]]]},"properties":{}}},
    {"code":9952913,"id":"e58856","name":"阿下喜","original_name":"阿下喜","name_kana":"あげき","closed":false,"lat":35.146177,"lng":136.518796,"prefecture":24,"lines":[99529],"attr":"heat","postal_code":"511-0428","address":"いなべ市北勢町大字阿下喜字塚原６８７","voronoi":{"type":"Feature","geometry":{"type":"Polygon","coordinates":[[[136.524916,35.136868],[136.508516,35.142373],[136.510314,35.16677],[136.531821,35.203807],[136.552433,35.194444],[136.560652,35.185494],[136.524916,35.136868]]]},"properties":{}}}
  ]
}