{
  "code":99602,
  "id":"c2def9",
  "name":"近江鉄道多賀線",
  "name_kana":"おうみてつどうたがせん",
  "station_size":3,
  "company_code":190,
  "closed":false,
  "color":"#F01008",
  "station_list":[
    {"code":9960106,"id":"e753a2","name":"高宮(滋賀)","original_name":"高宮","name_kana":"たかみや","closed":false,"lat":35.236266,"lng":136.260524,"prefecture":25,"lines":[99601,99602],"attr":"heat","postal_code":"522-0201","address":"彦根市高宮町８７６-１","voronoi":{"type":"Feature","geometry":{"type":"Polygon","coordinates":[[[136.25747,35.245268],[136.245578,35.230118],[136.257979,35.222123],[136.269494,35.246741],[136.25747,35.245268]]]},"properties":{}}},
    {"code":9960203,"id":"fcc438","name":"スクリーン","original_name":"スクリーン","name_kana":"すくりーん","closed":false,"lat":35.233142,"lng":136.267203,"prefecture":25,"lines":[99602],"attr":"eco","postal_code":"522-0201","address":"彦根市高宮町樋ノ戸４５８-１","voronoi":{"type":"Feature","geometry":{"type":"Polygon","coordinates":[[[136.280058,35.251115],[136.284486,35.25207],[136.268157,35.210947],[136.257979,35.222123],[136.269494,35.246741],[136.280058,35.251115]]]},"properties":{}}},
    {"code":9960202,"id":"f9724d","name":"多賀大社前","original_name":"多賀大社前","name_kana":"たがたいしゃまえ","closed":false,"lat":35.226442,"lng":136.284077,"prefecture":25,"lines":[99602],"attr":"cool","postal_code":"522-0341","address":"犬上郡多賀町多賀１３２２","voronoi":{"type":"Feature","geometry":{"type":"Polygon","coordinates":[[[136.346727,35.09068],[136.351131,35.094565],[136.390606,35.231209],[136.348224,35.256774],[136.290146,35.255733],[136.284486,35.25207],[136.268157,35.210947],[136.283891,35.163111],[136.30862,35.117138],[136.312019,35.112361],[136.334618,35.094333],[136.346727,35.09068]]]},"properties":{}}}
  ]
}