{
  "code":99606,
  "id":478,
  "name":"叡山電鉄叡山本線",
  "name_kana":"えいざんでんてつえいざんほんせん",
  "station_size":8,
  "company_code":193,
  "closed":false,
  "color":"#007F00",
  "symbol":"E",
  "station_list":[
    {"code":3300401,"id":6034,"name":"出町柳","original_name":"出町柳","name_kana":"でまちやなぎ","closed":false,"lat":35.029654,"lng":135.772519,"prefecture":26,"numbering":["E01"],"lines":[33001,33004,99606],"attr":"eco","postal_code":"606-0821","address":"京都市左京区賀茂大橋東詰","open_date":"1989-10-05","voronoi":{"type":"Feature","geometry":{"type":"Polygon","coordinates":[[[135.770167,35.040678],[135.771702,35.041118],[135.782283,35.023412],[135.76571,35.023735],[135.766103,35.033779],[135.770167,35.040678]]]},"properties":{}}},
    {"code":9960602,"id":7884,"name":"元田中","original_name":"元田中","name_kana":"もとたなか","closed":false,"lat":35.034968,"lng":135.781411,"prefecture":26,"numbering":["E02"],"lines":[99606],"attr":"eco","postal_code":"606-8236","address":"京都市左京区田中大久保町７５","voronoi":{"type":"Feature","geometry":{"type":"Polygon","coordinates":[[[135.771702,35.041118],[135.772074,35.041462],[135.776588,35.042624],[135.795575,35.024696],[135.787215,35.02196],[135.784886,35.022047],[135.782283,35.023412],[135.771702,35.041118]]]},"properties":{}}},
    {"code":9960603,"id":7885,"name":"茶山・京都芸術大学","original_name":"茶山・京都芸術大学","name_kana":"ちゃやま・きょうとげいじゅつだいがく","closed":false,"lat":35.038248,"lng":135.784508,"prefecture":26,"numbering":["E03"],"lines":[99606],"attr":"eco","postal_code":"606-8233","address":"京都市左京区田中北春菜町３８","voronoi":{"type":"Feature","geometry":{"type":"Polygon","coordinates":[[[135.813217,35.028036],[135.779645,35.04431],[135.776588,35.042624],[135.795575,35.024696],[135.813217,35.028036]]]},"properties":{}}},
    {"code":9960604,"id":7886,"name":"一乗寺","original_name":"一乗寺","name_kana":"いちじょうじ","closed":false,"lat":35.044247,"lng":135.787416,"prefecture":26,"numbering":["E04"],"lines":[99606],"attr":"eco","postal_code":"606-8115","address":"京都市左京区一乗寺里ノ西町１０２","voronoi":{"type":"Feature","geometry":{"type":"Polygon","coordinates":[[[135.820536,35.03164],[135.819811,35.028548],[135.813217,35.028036],[135.779645,35.04431],[135.783576,35.049774],[135.820536,35.03164]]]},"properties":{}}},
    {"code":9960605,"id":7887,"name":"修学院","original_name":"修学院","name_kana":"しゅうがくいん","closed":false,"lat":35.050119,"lng":135.790297,"prefecture":26,"numbering":["E05"],"lines":[99606],"attr":"heat","postal_code":"606-8007","address":"京都市左京区山端壱町田町１４-１","voronoi":{"type":"Feature","geometry":{"type":"Polygon","coordinates":[[[135.805454,35.050375],[135.805321,35.050439],[135.785455,35.055619],[135.784199,35.055121],[135.783576,35.049774],[135.820536,35.03164],[135.82067,35.032039],[135.805454,35.050375]]]},"properties":{}}},
    {"code":9960606,"id":7888,"name":"宝ヶ池","original_name":"宝ヶ池","name_kana":"たからがいけ","closed":false,"lat":35.058054,"lng":135.792366,"prefecture":26,"numbering":["E06"],"lines":[99606,99607],"attr":"heat","postal_code":"606-0093","address":"京都市左京区上高野上荒蒔町","voronoi":{"type":"Feature","geometry":{"type":"Polygon","coordinates":[[[135.789967,35.062219],[135.785455,35.055619],[135.805321,35.050439],[135.792045,35.062208],[135.789967,35.062219]]]},"properties":{}}},
    {"code":9960607,"id":7889,"name":"三宅八幡","original_name":"三宅八幡","name_kana":"みやけはちまん","closed":false,"lat":35.062387,"lng":135.796207,"prefecture":26,"numbering":["E07"],"lines":[99606],"attr":"cool","postal_code":"606-0086","address":"京都市左京区上高野木ノ下町２０-３","voronoi":{"type":"Feature","geometry":{"type":"Polygon","coordinates":[[[135.805454,35.050375],[135.805321,35.050439],[135.792045,35.062208],[135.800792,35.070572],[135.805454,35.050375]]]},"properties":{}}},
    {"code":9960608,"id":7890,"name":"八瀬比叡山口","original_name":"八瀬比叡山口","name_kana":"やせひえいざんぐち","closed":false,"lat":35.065225,"lng":135.8085,"prefecture":26,"numbering":["E08"],"lines":[99606],"attr":"cool","postal_code":"601-1254","address":"京都市左京区八瀬野瀬町１１３","voronoi":{"type":"Feature","geometry":{"type":"Polygon","coordinates":[[[135.835186,35.122847],[135.839217,35.075706],[135.836775,35.06132],[135.83032,35.046385],[135.825722,35.038493],[135.82067,35.032039],[135.805454,35.050375],[135.800792,35.070572],[135.80169,35.08333],[135.806596,35.101275],[135.835186,35.122847]]]},"properties":{}}}
  ]
}