{
  "code":99607,
  "id":"c30b57",
  "name":"叡山電鉄鞍馬線",
  "name_kana":"えいざんでんてつくらません",
  "station_size":10,
  "company_code":193,
  "closed":false,
  "color":"#FF0000",
  "symbol":"E",
  "station_list":[
    {"code":9960606,"id":"29b087","name":"宝ヶ池","original_name":"宝ヶ池","name_kana":"たからがいけ","closed":false,"lat":35.058054,"lng":135.792366,"prefecture":26,"numbering":["E06"],"lines":[99606,99607],"attr":"heat","postal_code":"606-0093","address":"京都市左京区上高野上荒蒔町","voronoi":{"type":"Feature","geometry":{"type":"Polygon","coordinates":[[[135.789967,35.062219],[135.785455,35.055619],[135.805321,35.050439],[135.792045,35.062208],[135.789967,35.062219]]]},"properties":{}}},
    {"code":9960702,"id":"f2e81b","name":"八幡前(京都)","original_name":"八幡前","name_kana":"はちまんまえ","closed":false,"lat":35.066358,"lng":135.79241,"prefecture":26,"numbering":["E09"],"lines":[99607],"attr":"eco","postal_code":"606-0022","address":"京都市左京区岩倉三宅町２５","voronoi":{"type":"Feature","geometry":{"type":"Polygon","coordinates":[[[135.789967,35.062219],[135.787814,35.066754],[135.80169,35.08333],[135.800792,35.070572],[135.792045,35.062208],[135.789967,35.062219]]]},"properties":{}}},
    {"code":9960703,"id":"17a8f0","name":"岩倉(京都)","original_name":"岩倉","name_kana":"いわくら","closed":false,"lat":35.071208,"lng":135.786616,"prefecture":26,"numbering":["E10"],"lines":[99607],"attr":"eco","postal_code":"606-0021","address":"京都市左京区岩倉忠在地町３００","voronoi":{"type":"Feature","geometry":{"type":"Polygon","coordinates":[[[135.80169,35.08333],[135.787814,35.066754],[135.781604,35.067805],[135.781396,35.088732],[135.784538,35.093067],[135.785866,35.09425],[135.806596,35.101275],[135.80169,35.08333]]]},"properties":{}}},
    {"code":9960704,"id":"c20d37","name":"木野","original_name":"木野","name_kana":"きの","closed":false,"lat":35.071108,"lng":135.776525,"prefecture":26,"numbering":["E11"],"lines":[99607],"attr":"eco","postal_code":"606-0015","address":"京都市左京区岩倉幡枝町４５","voronoi":{"type":"Feature","geometry":{"type":"Polygon","coordinates":[[[135.781396,35.088732],[135.778894,35.086774],[135.774811,35.08022],[135.770089,35.061881],[135.771378,35.061218],[135.775532,35.061344],[135.781604,35.067805],[135.781396,35.088732]]]},"properties":{}}},
    {"code":9960705,"id":"630746","name":"京都精華大前","original_name":"京都精華大前","name_kana":"きょうとせいかだいまえ","closed":false,"lat":35.073069,"lng":135.768909,"prefecture":26,"numbering":["E12"],"lines":[99607],"attr":"eco","postal_code":"601-1123","address":"京都市左京区静市市原町８７１","voronoi":{"type":"Feature","geometry":{"type":"Polygon","coordinates":[[[135.750181,35.064237],[135.774811,35.08022],[135.770089,35.061881],[135.750181,35.064237]]]},"properties":{}}},
    {"code":9960706,"id":"135f00","name":"二軒茶屋(京都)","original_name":"二軒茶屋","name_kana":"にけんちゃや","closed":false,"lat":35.077743,"lng":135.765876,"prefecture":26,"numbering":["E13"],"lines":[99607],"attr":"eco","postal_code":"601-1123","address":"京都市左京区静市市原町９６８","voronoi":{"type":"Feature","geometry":{"type":"Polygon","coordinates":[[[135.722237,35.071882],[135.723111,35.0711],[135.72491,35.069583],[135.74926,35.064222],[135.750181,35.064237],[135.774811,35.08022],[135.778894,35.086774],[135.722237,35.071882]]]},"properties":{}}},
    {"code":9960707,"id":"b638a4","name":"市原","original_name":"市原","name_kana":"いちはら","closed":false,"lat":35.088236,"lng":135.763118,"prefecture":26,"numbering":["E14"],"lines":[99607],"attr":"cool","postal_code":"601-1123","address":"京都市左京区静市市原町１２４","voronoi":{"type":"Feature","geometry":{"type":"Polygon","coordinates":[[[135.778894,35.086774],[135.781396,35.088732],[135.784538,35.093067],[135.69651,35.092572],[135.712311,35.078763],[135.722237,35.071882],[135.778894,35.086774]]]},"properties":{}}},
    {"code":9960708,"id":"e30ef9","name":"二ノ瀬","original_name":"二ノ瀬","name_kana":"にのせ","closed":false,"lat":35.097657,"lng":135.763065,"prefecture":26,"numbering":["E15"],"lines":[99607],"attr":"cool","postal_code":"601-1113","address":"京都市左京区鞍馬二ノ瀬町１６０","voronoi":{"type":"Feature","geometry":{"type":"Polygon","coordinates":[[[135.775272,35.100732],[135.675432,35.109658],[135.676737,35.107528],[135.69651,35.092572],[135.784538,35.093067],[135.785866,35.09425],[135.775272,35.100732]]]},"properties":{}}},
    {"code":9960709,"id":"301cc5","name":"貴船口","original_name":"貴船口","name_kana":"きぶねぐち","closed":false,"lat":35.105923,"lng":135.763804,"prefecture":26,"numbering":["E16"],"lines":[99607],"attr":"heat","postal_code":"601-1112","address":"京都市左京区鞍馬貴船町５-１","voronoi":{"type":"Feature","geometry":{"type":"Polygon","coordinates":[[[135.675432,35.109658],[135.639716,35.162273],[135.657506,35.244656],[135.775272,35.100732],[135.675432,35.109658]]]},"properties":{}}},
    {"code":9960710,"id":"c6a7f5","name":"鞍馬","original_name":"鞍馬","name_kana":"くらま","closed":false,"lat":35.113,"lng":135.772453,"prefecture":26,"numbering":["E17"],"lines":[99607],"attr":"heat","postal_code":"601-1111","address":"京都市左京区鞍馬本町１９１","voronoi":{"type":"Feature","geometry":{"type":"Polygon","coordinates":[[[135.785866,35.09425],[135.775272,35.100732],[135.657506,35.244656],[135.664125,35.280883],[135.689484,35.288215],[135.742908,35.297562],[135.76821,35.29512],[135.792072,35.254382],[135.840151,35.155599],[135.836328,35.125506],[135.835186,35.122847],[135.806596,35.101275],[135.785866,35.09425]]]},"properties":{}}}
  ]
}