{
  "code":99614,
  "id":"51dae2",
  "name":"北大阪急行線",
  "name_kana":"きたおおさかきゅうこうせん",
  "station_size":6,
  "company_code":197,
  "closed":false,
  "color":"#E5171F",
  "symbol":"M",
  "station_list":[
    {"code":9961406,"id":"797e6d","name":"箕面萱野","original_name":"箕面萱野","name_kana":"みのおかやの","closed":false,"lat":34.83165,"lng":135.488984,"prefecture":27,"numbering":["M06"],"lines":[99614],"attr":"eco","postal_code":"562-0034","address":"大阪府箕面市西宿１丁目１４","open_date":"2024-03-23","voronoi":{"type":"Feature","geometry":{"type":"Polygon","coordinates":[[[135.507202,34.841799],[135.484104,34.874686],[135.477732,34.826574],[135.478214,34.825214],[135.501239,34.827999],[135.507379,34.839532],[135.507202,34.841799]]]},"properties":{}}},
    {"code":9961405,"id":"c8f71b","name":"箕面船場阪大前","original_name":"箕面船場阪大前","name_kana":"みのおせんばはんだいまえ","closed":false,"lat":34.821531,"lng":135.490208,"prefecture":27,"numbering":["M07"],"lines":[99614],"attr":"eco","postal_code":"562-0035","address":"大阪府箕面市船場東３丁目１-１５ニチメンインフィニティ商品センター","open_date":"2024-03-23","voronoi":{"type":"Feature","geometry":{"type":"Polygon","coordinates":[[[135.484069,34.81186],[135.477601,34.817359],[135.478214,34.825214],[135.501239,34.827999],[135.500448,34.81804],[135.484069,34.81186]]]},"properties":{}}},
    {"code":9961404,"id":"eb2a5f","name":"千里中央","original_name":"千里中央","name_kana":"せんりちゅうおう","closed":false,"lat":34.808655,"lng":135.495067,"prefecture":27,"numbering":["M08"],"lines":[99614,99626],"attr":"eco","postal_code":"560-0082","address":"豊中市新千里東町１-５-４","voronoi":{"type":"Feature","geometry":{"type":"Polygon","coordinates":[[[135.504592,34.802771],[135.506124,34.809921],[135.500448,34.81804],[135.484069,34.81186],[135.486756,34.799939],[135.504119,34.802371],[135.504592,34.802771]]]},"properties":{}}},
    {"code":9961403,"id":"d531e9","name":"桃山台","original_name":"桃山台","name_kana":"ももやまだい","closed":false,"lat":34.793842,"lng":135.497142,"prefecture":27,"numbering":["M09"],"lines":[99614],"attr":"eco","postal_code":"565-0854","address":"吹田市桃山台５-１-１","voronoi":{"type":"Feature","geometry":{"type":"Polygon","coordinates":[[[135.49739,34.784192],[135.481421,34.785753],[135.48069,34.787326],[135.486756,34.799939],[135.504119,34.802371],[135.502191,34.786867],[135.49739,34.784192]]]},"properties":{}}},
    {"code":9961402,"id":"f87312","name":"緑地公園","original_name":"緑地公園","name_kana":"りょくちこうえん","closed":false,"lat":34.774772,"lng":135.495278,"prefecture":27,"numbering":["M10"],"lines":[99614],"attr":"heat","postal_code":"561-0871","address":"豊中市東寺内町１８-１","voronoi":{"type":"Feature","geometry":{"type":"Polygon","coordinates":[[[135.481421,34.785753],[135.480599,34.779812],[135.481127,34.77588],[135.487046,34.76572],[135.498673,34.767047],[135.501295,34.774562],[135.49739,34.784192],[135.481421,34.785753]]]},"properties":{}}},
    {"code":9961401,"id":"04bc6b","name":"江坂","original_name":"江坂","name_kana":"えさか","closed":false,"lat":34.758755,"lng":135.497106,"prefecture":27,"numbering":["M11"],"lines":[99614,99618],"attr":"heat","postal_code":"564-0051","address":"吹田市豊津町９","voronoi":{"type":"Feature","geometry":{"type":"Polygon","coordinates":[[[135.498673,34.767047],[135.487046,34.76572],[135.485289,34.756666],[135.488101,34.749315],[135.488339,34.749161],[135.501613,34.750203],[135.505662,34.756354],[135.501412,34.765024],[135.498673,34.767047]]]},"properties":{}}}
  ]
}