{
  "code":99619,
  "id":491,
  "name":"OsakaMetro谷町線",
  "name_kana":"おおさかめとろたにまちせん",
  "name_formal":"高速電気軌道第2号線",
  "station_size":26,
  "company_code":249,
  "closed":false,
  "color":"#522886",
  "symbol":"T",
  "station_list":[
    {"code":9961901,"id":8020,"name":"大日","original_name":"大日","name_kana":"だいにち","closed":false,"lat":34.749476,"lng":135.578241,"prefecture":27,"numbering":["T11"],"lines":[99619,99626],"attr":"heat","postal_code":"570-0003","address":"守口市大日町２-１","voronoi":{"type":"Feature","geometry":{"type":"Polygon","coordinates":[[[135.595805,34.766284],[135.595858,34.767155],[135.594754,34.770402],[135.56444,34.751988],[135.570265,34.744702],[135.578994,34.743022],[135.58579,34.745997],[135.593103,34.756152],[135.595805,34.766284]]]},"properties":{}}},
    {"code":9961902,"id":8021,"name":"守口","original_name":"守口","name_kana":"もりぐち","closed":false,"lat":34.737973,"lng":135.563851,"prefecture":27,"numbering":["T12"],"lines":[99619],"attr":"eco","postal_code":"570-0083","address":"守口市京阪本通２-２","voronoi":{"type":"Feature","geometry":{"type":"Polygon","coordinates":[[[135.560986,34.734729],[135.55822,34.736258],[135.554322,34.741529],[135.556195,34.747777],[135.559096,34.751667],[135.560452,34.752675],[135.56444,34.751988],[135.570265,34.744702],[135.569981,34.739556],[135.560986,34.734729]]]},"properties":{}}},
    {"code":9961903,"id":8022,"name":"太子橋今市","original_name":"太子橋今市","name_kana":"たいしばしいまいち","closed":false,"lat":34.731376,"lng":135.55493,"prefecture":27,"numbering":["T13"],"lines":[99619,99652],"attr":"eco","postal_code":"535-0001","address":"大阪市旭区太子橋１-４","voronoi":{"type":"Feature","geometry":{"type":"Polygon","coordinates":[[[135.554322,34.741529],[135.544592,34.733292],[135.551827,34.727748],[135.55354,34.727704],[135.557248,34.730381],[135.55822,34.736258],[135.554322,34.741529]]]},"properties":{}}},
    {"code":9961904,"id":8023,"name":"千林大宮","original_name":"千林大宮","name_kana":"せんばやしおおみや","closed":false,"lat":34.723808,"lng":135.54913,"prefecture":27,"numbering":["T14"],"lines":[99619],"attr":"eco","postal_code":"535-0013","address":"大阪市旭区森小路２-６","voronoi":{"type":"Feature","geometry":{"type":"Polygon","coordinates":[[[135.551827,34.727748],[135.551974,34.722525],[135.547055,34.719661],[135.539908,34.722427],[135.53983,34.732168],[135.544592,34.733292],[135.551827,34.727748]]]},"properties":{}}},
    {"code":9961905,"id":8024,"name":"関目高殿","original_name":"関目高殿","name_kana":"せきめたかどの","closed":false,"lat":34.715197,"lng":135.545797,"prefecture":27,"numbering":["T15"],"lines":[99619],"attr":"eco","postal_code":"535-0031","address":"大阪市旭区高殿４-２２","voronoi":{"type":"Feature","geometry":{"type":"Polygon","coordinates":[[[135.537311,34.717784],[135.541301,34.712891],[135.548041,34.714578],[135.55007,34.715454],[135.547055,34.719661],[135.539908,34.722427],[135.537311,34.717784]]]},"properties":{}}},
    {"code":9961906,"id":8025,"name":"野江内代","original_name":"野江内代","name_kana":"のえうちんだい","closed":false,"lat":34.708951,"lng":135.538137,"prefecture":27,"numbering":["T16"],"lines":[99619],"attr":"eco","postal_code":"534-0013","address":"大阪市都島区内代町１-８","voronoi":{"type":"Feature","geometry":{"type":"Polygon","coordinates":[[[135.541301,34.712891],[135.541809,34.711852],[135.536755,34.70233],[135.53191,34.703789],[135.532035,34.715104],[135.537311,34.717784],[135.541301,34.712891]]]},"properties":{}}},
    {"code":9961907,"id":8026,"name":"都島","original_name":"都島","name_kana":"みやこじま","closed":false,"lat":34.709087,"lng":135.525799,"prefecture":27,"numbering":["T17"],"lines":[99619],"attr":"eco","postal_code":"534-0021","address":"大阪市都島区都島本通３-３","voronoi":{"type":"Feature","geometry":{"type":"Polygon","coordinates":[[[135.519011,34.719038],[135.51852,34.712761],[135.527932,34.701645],[135.528586,34.701634],[135.53191,34.703789],[135.532035,34.715104],[135.519397,34.719323],[135.519011,34.719038]]]},"properties":{}}},
    {"code":3400811,"id":6151,"name":"天神橋筋六丁目","original_name":"天神橋筋六丁目","name_kana":"てんじんばしすじろくちょうめ","closed":false,"lat":34.710265,"lng":135.510757,"prefecture":27,"numbering":["T18"],"lines":[34008,99619,99623],"attr":"cool","postal_code":"530-0022","address":"大阪市北区浪花町１４-２８","voronoi":{"type":"Feature","geometry":{"type":"Polygon","coordinates":[[[135.516564,34.708995],[135.51852,34.712761],[135.519011,34.719038],[135.507245,34.719505],[135.504291,34.717346],[135.504124,34.714849],[135.508951,34.707025],[135.509447,34.707028],[135.516564,34.708995]]]},"properties":{}}},
    {"code":9961909,"id":8027,"name":"中崎町","original_name":"中崎町","name_kana":"なかざきちょう","closed":false,"lat":34.706864,"lng":135.505245,"prefecture":27,"numbering":["T19"],"lines":[99619],"attr":"eco","postal_code":"530-0016","address":"大阪市北区中崎町１-６-１６","voronoi":{"type":"Feature","geometry":{"type":"Polygon","coordinates":[[[135.501189,34.709215],[135.504124,34.714849],[135.508951,34.707025],[135.505612,34.700953],[135.502157,34.704243],[135.501189,34.709215]]]},"properties":{}}},
    {"code":9961910,"id":8028,"name":"東梅田","original_name":"東梅田","name_kana":"ひがしうめだ","closed":false,"lat":34.701031,"lng":135.49969,"prefecture":27,"numbering":["T20"],"lines":[99619],"attr":"eco","postal_code":"530-0057","address":"大阪市北区曽根崎２-１１-１１","voronoi":{"type":"Feature","geometry":{"type":"Polygon","coordinates":[[[135.504592,34.69815],[135.500384,34.697699],[135.498087,34.699948],[135.498057,34.701517],[135.500446,34.703717],[135.502157,34.704243],[135.505612,34.700953],[135.505721,34.700517],[135.505171,34.698638],[135.504592,34.69815]]]},"properties":{}}},
    {"code":9961911,"id":8072,"name":"南森町","original_name":"南森町","name_kana":"みなみもりまち","closed":false,"lat":34.697699,"lng":135.511078,"prefecture":27,"numbering":["T21"],"lines":[99619,99623],"attr":"heat","postal_code":"530-0054","address":"大阪市北区南森町２-１-４","voronoi":{"type":"Feature","geometry":{"type":"Polygon","coordinates":[[[135.511667,34.692796],[135.512669,34.700833],[135.505721,34.700517],[135.505171,34.698638],[135.510978,34.693292],[135.511667,34.692796]]]},"properties":{}}},
    {"code":3300138,"id":6019,"name":"天満橋","original_name":"天満橋","name_kana":"てんまばし","closed":false,"lat":34.6902,"lng":135.516633,"prefecture":27,"numbering":["T22"],"lines":[33001,33008,99619],"attr":"eco","postal_code":"540-0012","address":"大阪市中央区谷町１-２-５","voronoi":{"type":"Feature","geometry":{"type":"Polygon","coordinates":[[[135.512065,34.685692],[135.511058,34.686868],[135.511967,34.692442],[135.51947,34.695765],[135.52369,34.686562],[135.512065,34.685692]]]},"properties":{}}},
    {"code":9961913,"id":8030,"name":"谷町四丁目","original_name":"谷町四丁目","name_kana":"たにまちよんちょうめ","closed":false,"lat":34.681914,"lng":135.517253,"prefecture":27,"numbering":["T23"],"lines":[99619,99621],"attr":"eco","postal_code":"540-0012","address":"大阪市中央区谷町４-４-２１","voronoi":{"type":"Feature","geometry":{"type":"Polygon","coordinates":[[[135.512065,34.685692],[135.52369,34.686562],[135.524058,34.686315],[135.525887,34.684091],[135.525366,34.678277],[135.525229,34.678021],[135.515104,34.678515],[135.512088,34.680758],[135.512065,34.685692]]]},"properties":{}}},
    {"code":9961914,"id":8031,"name":"谷町六丁目","original_name":"谷町六丁目","name_kana":"たにまちろくちょうめ","closed":false,"lat":34.674923,"lng":135.516912,"prefecture":27,"numbering":["T24"],"lines":[99619,99624],"attr":"heat","postal_code":"542-0012","address":"大阪市中央区谷町６-９-１","voronoi":{"type":"Feature","geometry":{"type":"Polygon","coordinates":[[[135.524815,34.67317],[135.525229,34.678021],[135.515104,34.678515],[135.514207,34.671342],[135.520062,34.670505],[135.524815,34.67317]]]},"properties":{}}},
    {"code":9961915,"id":8032,"name":"谷町九丁目","original_name":"谷町九丁目","name_kana":"たにまちきゅうちょうめ","closed":false,"lat":34.667146,"lng":135.515801,"prefecture":27,"numbering":["T25"],"lines":[99619,99622],"attr":"heat","postal_code":"543-0072","address":"大阪市天王寺区生玉前町１-２４","voronoi":{"type":"Feature","geometry":{"type":"Polygon","coordinates":[[[135.517955,34.662263],[135.511218,34.663567],[135.511218,34.670146],[135.514207,34.671342],[135.520062,34.670505],[135.517955,34.662263]]]},"properties":{}}},
    {"code":9961916,"id":8033,"name":"四天王寺前夕陽ヶ丘","original_name":"四天王寺前夕陽ヶ丘","name_kana":"してんのうじまえゆうひがおか","closed":false,"lat":34.658536,"lng":135.514134,"prefecture":27,"numbering":["T26"],"lines":[99619],"attr":"heat","postal_code":"543-0075","address":"大阪市天王寺区夕陽丘町","voronoi":{"type":"Feature","geometry":{"type":"Polygon","coordinates":[[[135.50819,34.66093],[135.511232,34.653397],[135.518275,34.652797],[135.521001,34.655195],[135.521022,34.658722],[135.517955,34.662263],[135.511218,34.663567],[135.50819,34.66093]]]},"properties":{}}},
    {"code":1160719,"id":2827,"name":"天王寺","original_name":"天王寺","name_kana":"てんのうじ","closed":false,"lat":34.647842,"lng":135.513223,"prefecture":27,"numbering":["T27"],"lines":[11607,11623,11626,99618,99619],"attr":"heat","postal_code":"543-0055","address":"大阪市天王寺区悲田院町","voronoi":{"type":"Feature","geometry":{"type":"Polygon","coordinates":[[[135.518275,34.652797],[135.511232,34.653397],[135.509133,34.65118],[135.508759,34.647796],[135.51431,34.646801],[135.518307,34.649922],[135.518275,34.652797]]]},"properties":{}}},
    {"code":9961918,"id":8034,"name":"阿倍野","original_name":"阿倍野","name_kana":"あべの","closed":false,"lat":34.642374,"lng":135.51198,"prefecture":27,"numbering":["T28"],"lines":[99619,99628],"attr":"heat","postal_code":"545-0052","address":"大阪市阿倍野区阿倍野筋２-４","voronoi":{"type":"Feature","geometry":{"type":"Polygon","coordinates":[[[135.513396,34.644055],[135.50802,34.645387],[135.507356,34.644606],[135.506811,34.64303],[135.506722,34.640207],[135.513775,34.638036],[135.516685,34.640812],[135.513396,34.644055]]]},"properties":{}}},
    {"code":9961919,"id":8035,"name":"文の里","original_name":"文の里","name_kana":"ふみのさと","closed":false,"lat":34.636039,"lng":135.518024,"prefecture":27,"numbering":["T29"],"lines":[99619],"attr":"heat","postal_code":"545-0011","address":"大阪市阿倍野区昭和町１-１","voronoi":{"type":"Feature","geometry":{"type":"Polygon","coordinates":[[[135.522362,34.632695],[135.513895,34.636355],[135.513775,34.638036],[135.516685,34.640812],[135.518768,34.641466],[135.519518,34.640557],[135.522652,34.632972],[135.522362,34.632695]]]},"properties":{}}},
    {"code":9961920,"id":8036,"name":"田辺","original_name":"田辺","name_kana":"たなべ","closed":false,"lat":34.628215,"lng":135.525515,"prefecture":27,"numbering":["T30"],"lines":[99619],"attr":"heat","postal_code":"546-0031","address":"大阪市東住吉区田辺１-４-４","voronoi":{"type":"Feature","geometry":{"type":"Polygon","coordinates":[[[135.526334,34.621563],[135.526272,34.621493],[135.521057,34.630606],[135.522362,34.632695],[135.522652,34.632972],[135.523781,34.633166],[135.52888,34.628774],[135.526334,34.621563]]]},"properties":{}}},
    {"code":9961921,"id":8037,"name":"駒川中野","original_name":"駒川中野","name_kana":"こまがわなかの","closed":false,"lat":34.621507,"lng":135.533036,"prefecture":27,"numbering":["T31"],"lines":[99619],"attr":"heat","postal_code":"546-0011","address":"大阪市東住吉区針中野１-１-１","voronoi":{"type":"Feature","geometry":{"type":"Polygon","coordinates":[[[135.5255,34.619168],[135.526272,34.621493],[135.526334,34.621563],[135.541129,34.627482],[135.540908,34.619311],[135.5255,34.619168]]]},"properties":{}}},
    {"code":9961922,"id":8038,"name":"平野(OsakaMetro)","original_name":"平野","name_kana":"ひらの","closed":false,"lat":34.621078,"lng":135.548887,"prefecture":27,"numbering":["T32"],"lines":[99619],"attr":"cool","postal_code":"547-0033","address":"大阪市平野区平野西5-2","voronoi":{"type":"Feature","geometry":{"type":"Polygon","coordinates":[[[135.55797,34.623805],[135.541542,34.62839],[135.541358,34.62827],[135.541129,34.627482],[135.540908,34.619311],[135.542446,34.613393],[135.558924,34.61726],[135.559718,34.618373],[135.55797,34.623805]]]},"properties":{}}},
    {"code":9961923,"id":8039,"name":"喜連瓜破","original_name":"喜連瓜破","name_kana":"きれうりわり","closed":false,"lat":34.609376,"lng":135.551633,"prefecture":27,"numbering":["T33"],"lines":[99619],"attr":"cool","postal_code":"547-0027","address":"大阪市平野区喜連２-５","voronoi":{"type":"Feature","geometry":{"type":"Polygon","coordinates":[[[135.558924,34.61726],[135.558304,34.593106],[135.551695,34.592038],[135.544226,34.597151],[135.541606,34.611342],[135.542446,34.613393],[135.558924,34.61726]]]},"properties":{}}},
    {"code":9961924,"id":8040,"name":"出戸","original_name":"出戸","name_kana":"でと","closed":false,"lat":34.609012,"lng":135.565801,"prefecture":27,"numbering":["T34"],"lines":[99619],"attr":"cool","postal_code":"547-0015","address":"大阪市平野区長吉長原西１-１-１０","voronoi":{"type":"Feature","geometry":{"type":"Polygon","coordinates":[[[135.567616,34.617871],[135.574094,34.616859],[135.576399,34.613765],[135.559305,34.592846],[135.558304,34.593106],[135.558924,34.61726],[135.559718,34.618373],[135.567616,34.617871]]]},"properties":{}}},
    {"code":9961925,"id":8041,"name":"長原(大阪)","original_name":"長原","name_kana":"ながはら","closed":false,"lat":34.602432,"lng":135.573853,"prefecture":27,"numbering":["T35"],"lines":[99619],"attr":"cool","postal_code":"547-0013","address":"大阪市平野区長吉長原東２-２","voronoi":{"type":"Feature","geometry":{"type":"Polygon","coordinates":[[[135.559305,34.592846],[135.576399,34.613765],[135.583974,34.60995],[135.571283,34.588089],[135.566648,34.588266],[135.559305,34.592846]]]},"properties":{}}},
    {"code":9961926,"id":8042,"name":"八尾南","original_name":"八尾南","name_kana":"やおみなみ","closed":false,"lat":34.597433,"lng":135.582464,"prefecture":27,"numbering":["T36"],"lines":[99619],"attr":"cool","postal_code":"581-0038","address":"八尾市若林町１-３６","voronoi":{"type":"Feature","geometry":{"type":"Polygon","coordinates":[[[135.589181,34.584967],[135.580606,34.58429],[135.571283,34.588089],[135.583974,34.60995],[135.58649,34.609797],[135.599094,34.600473],[135.599988,34.589825],[135.589181,34.584967]]]},"properties":{}}}
  ]
}