{
  "code":99612,
  "id":"43e5a0",
  "name":"京福電鉄嵐山本線",
  "name_kana":"けいふくでんてつあらしやまほんせん",
  "station_size":13,
  "company_code":196,
  "closed":false,
  "color":"#D7003A",
  "symbol":"A",
  "station_list":[
    {"code":9961201,"id":"b566a0","name":"四条大宮","original_name":"四条大宮","name_kana":"しじょうおおみや","closed":false,"lat":35.00319,"lng":135.748395,"prefecture":26,"numbering":["A1"],"lines":[99612],"attr":"eco","postal_code":"600-8389","address":"京都市下京区四条大宮町４-４","voronoi":{"type":"Feature","geometry":{"type":"Polygon","coordinates":[[[135.740404,35.002761],[135.740413,35.0031],[135.744772,35.006847],[135.753697,34.998732],[135.751044,34.994958],[135.740404,35.002761]]]},"properties":{}}},
    {"code":3400304,"id":"625797","name":"西院","original_name":"西院","name_kana":"さいいん(さい)","closed":false,"lat":35.003619,"lng":135.732447,"prefecture":26,"numbering":["A2"],"lines":[34003,99612],"attr":"eco","postal_code":"604-8854","address":"京都市中京区壬生仙念町１６","voronoi":{"type":"Feature","geometry":{"type":"Polygon","coordinates":[[[135.724427,34.999327],[135.727681,35.005727],[135.738306,35.005749],[135.740413,35.0031],[135.740404,35.002761],[135.731412,34.99237],[135.72994,34.992419],[135.724427,34.999327]]]},"properties":{}}},
    {"code":9961203,"id":"17ea4e","name":"西大路三条","original_name":"西大路三条","name_kana":"にしおおじさんじょう","closed":false,"lat":35.007855,"lng":135.732438,"prefecture":26,"numbering":["A3"],"lines":[99612],"attr":"heat","postal_code":"615-0001","address":"京都市右京区西院上今田町２２","voronoi":{"type":"Feature","geometry":{"type":"Polygon","coordinates":[[[135.738306,35.005749],[135.727681,35.005727],[135.727789,35.007803],[135.736441,35.01128],[135.738306,35.005749]]]},"properties":{}}},
    {"code":9961204,"id":"933b2c","name":"山ノ内(京都)","original_name":"山ノ内","name_kana":"やまのうち","closed":false,"lat":35.008336,"lng":135.72317,"prefecture":26,"numbering":["A4"],"lines":[99612],"attr":"heat","postal_code":"615-0093","address":"京都市右京区山ノ内宮前町","voronoi":{"type":"Feature","geometry":{"type":"Polygon","coordinates":[[[135.725703,35.014117],[135.724089,35.015342],[135.721119,35.013837],[135.718556,35.006516],[135.717366,35.001421],[135.724427,34.999327],[135.727681,35.005727],[135.727789,35.007803],[135.725703,35.014117]]]},"properties":{}}},
    {"code":9961213,"id":"e99d1f","name":"嵐電天神川","original_name":"嵐電天神川","name_kana":"らんでんてんじんがわ","closed":false,"lat":35.010192,"lng":135.715227,"prefecture":26,"numbering":["A5"],"lines":[99612],"attr":"heat","postal_code":"616-8104","address":"京都市右京区太秦下刑部町","voronoi":{"type":"Feature","geometry":{"type":"Polygon","coordinates":[[[135.706745,35.001354],[135.706024,34.999836],[135.706449,34.999429],[135.717366,35.001421],[135.718556,35.006516],[135.714698,35.011821],[135.706745,35.001354]]]},"properties":{}}},
    {"code":9961205,"id":"d6f582","name":"蚕ノ社","original_name":"蚕ノ社","name_kana":"かいこのやしろ","closed":false,"lat":35.011894,"lng":135.712987,"prefecture":26,"numbering":["A6"],"lines":[99612],"attr":"heat","postal_code":"616-8105","address":"京都市右京区太秦森ケ前町１３-４","voronoi":{"type":"Feature","geometry":{"type":"Polygon","coordinates":[[[135.712273,35.017589],[135.706745,35.001354],[135.714698,35.011821],[135.715821,35.015047],[135.712273,35.017589]]]},"properties":{}}},
    {"code":9961206,"id":"217df6","name":"太秦広隆寺","original_name":"太秦広隆寺","name_kana":"うずまさこうりゅうじ","closed":false,"lat":35.013513,"lng":135.708232,"prefecture":26,"numbering":["A7"],"lines":[99612],"attr":"cool","postal_code":"616-8125","address":"京都市右京区太秦組石町１０-４","voronoi":{"type":"Feature","geometry":{"type":"Polygon","coordinates":[[[135.706416,35.016852],[135.703111,35.008796],[135.701735,35.002074],[135.706024,34.999836],[135.706745,35.001354],[135.712273,35.017589],[135.711329,35.019333],[135.706416,35.016852]]]},"properties":{}}},
    {"code":9961207,"id":"92c6c1","name":"帷子ノ辻","original_name":"帷子ノ辻","name_kana":"かたびらのつじ","closed":false,"lat":35.015146,"lng":135.700257,"prefecture":26,"numbering":["A8"],"lines":[99612,99613],"attr":"cool","postal_code":"616-8151","address":"京都市右京区太秦帷子ケ辻町３０-３","voronoi":{"type":"Feature","geometry":{"type":"Polygon","coordinates":[[[135.701066,35.002186],[135.69707,35.005434],[135.697284,35.017962],[135.701455,35.015709],[135.703111,35.008796],[135.701735,35.002074],[135.701066,35.002186]]]},"properties":{}}},
    {"code":9961208,"id":"d9c91b","name":"有栖川","original_name":"有栖川","name_kana":"ありすがわ","closed":false,"lat":35.015249,"lng":135.694216,"prefecture":26,"numbering":["A9"],"lines":[99612],"attr":"cool","postal_code":"616-8317","address":"京都市右京区嵯峨野神ノ木町３７-６","voronoi":{"type":"Feature","geometry":{"type":"Polygon","coordinates":[[[135.697284,35.017962],[135.69707,35.005434],[135.68961,35.008436],[135.689495,35.00873],[135.694712,35.026752],[135.695272,35.025978],[135.697284,35.017962]]]},"properties":{}}},
    {"code":9961209,"id":"c31843","name":"車折神社","original_name":"車折神社","name_kana":"くるまざきじんじゃ","closed":false,"lat":35.016763,"lng":135.688986,"prefecture":26,"numbering":["A10"],"lines":[99612],"attr":"cool","postal_code":"616-8347","address":"京都市右京区嵯峨中又町３０-２","voronoi":{"type":"Feature","geometry":{"type":"Polygon","coordinates":[[[135.690176,35.03786],[135.688026,35.029286],[135.68674,35.011884],[135.689495,35.00873],[135.694712,35.026752],[135.690176,35.03786]]]},"properties":{}}},
    {"code":9961210,"id":"fa0778","name":"鹿王院","original_name":"鹿王院","name_kana":"ろくおういん","closed":false,"lat":35.01704,"lng":135.685236,"prefecture":26,"numbering":["A11"],"lines":[99612],"attr":"cool","postal_code":"616-8367","address":"京都市右京区嵯峨北堀町２６-６","voronoi":{"type":"Feature","geometry":{"type":"Polygon","coordinates":[[[135.683177,35.017687],[135.688026,35.029286],[135.68674,35.011884],[135.683861,35.013439],[135.683177,35.017687]]]},"properties":{}}},
    {"code":9961211,"id":"fa3142","name":"嵐電嵯峨","original_name":"嵐電嵯峨","name_kana":"らんでんさが","closed":false,"lat":35.016426,"lng":135.681425,"prefecture":26,"numbering":["A12"],"lines":[99612],"attr":"cool","postal_code":"616-8366","address":"京都市右京区嵯峨天龍寺今堀町２３-２","voronoi":{"type":"Feature","geometry":{"type":"Polygon","coordinates":[[[135.68034,35.013336],[135.679222,35.016945],[135.681071,35.017543],[135.683177,35.017687],[135.683861,35.013439],[135.68034,35.013336]]]},"properties":{}}},
    {"code":9961212,"id":"e5d602","name":"嵐山(京福電気鉄道)","original_name":"嵐山","name_kana":"あらしやま","closed":false,"lat":35.015271,"lng":135.677698,"prefecture":26,"numbering":["A13"],"lines":[99612],"attr":"cool","postal_code":"616-8384","address":"京都市右京区嵯峨天龍寺造路町","voronoi":{"type":"Feature","geometry":{"type":"Polygon","coordinates":[[[135.671468,35.006346],[135.68034,35.013336],[135.679222,35.016945],[135.675092,35.020613],[135.671468,35.006346]]]},"properties":{}}}
  ]
}