{
  "code":99613,
  "id":485,
  "name":"京福電鉄北野線",
  "name_kana":"けいふくでんてつきたのせん",
  "station_size":10,
  "company_code":196,
  "closed":false,
  "color":"#5654A2",
  "symbol":"B",
  "station_list":[
    {"code":9961207,"id":7959,"name":"帷子ノ辻","original_name":"帷子ノ辻","name_kana":"かたびらのつじ","closed":false,"lat":35.015146,"lng":135.700257,"prefecture":26,"numbering":["A8"],"lines":[99612,99613],"attr":"cool","postal_code":"616-8151","address":"京都市右京区太秦帷子ケ辻町３０-３","voronoi":{"type":"Feature","geometry":{"type":"Polygon","coordinates":[[[135.701066,35.002186],[135.69707,35.005434],[135.697284,35.017962],[135.701455,35.015709],[135.703111,35.008796],[135.701735,35.002074],[135.701066,35.002186]]]},"properties":{}}},
    {"code":9961310,"id":9309,"name":"撮影所前","original_name":"撮影所前","name_kana":"さつえいしょまえ","closed":false,"lat":35.01575,"lng":135.702778,"prefecture":26,"numbering":["B1"],"lines":[99613],"attr":"cool","postal_code":"616-8173","address":"京都市右京区太秦上ノ段町1-5","open_date":"2016-04-01","voronoi":{"type":"Feature","geometry":{"type":"Polygon","coordinates":[[[135.703111,35.008796],[135.701455,35.015709],[135.703508,35.01815],[135.706416,35.016852],[135.703111,35.008796]]]},"properties":{}}},
    {"code":9961302,"id":7966,"name":"常盤(京都)","original_name":"常盤","name_kana":"ときわ","closed":false,"lat":35.020296,"lng":135.704807,"prefecture":26,"numbering":["B2"],"lines":[99613],"attr":"cool","postal_code":"616-8225","address":"京都市右京区常盤馬塚町５-１","voronoi":{"type":"Feature","geometry":{"type":"Polygon","coordinates":[[[135.706416,35.016852],[135.703508,35.01815],[135.697967,35.024132],[135.711425,35.020147],[135.711329,35.019333],[135.706416,35.016852]]]},"properties":{}}},
    {"code":9961303,"id":7967,"name":"鳴滝","original_name":"鳴滝","name_kana":"なるたき","closed":false,"lat":35.023626,"lng":135.705793,"prefecture":26,"numbering":["B3"],"lines":[99613],"attr":"cool","postal_code":"616-8234","address":"京都市右京区鳴滝嵯峨園町１-２","voronoi":{"type":"Feature","geometry":{"type":"Polygon","coordinates":[[[135.694712,35.026752],[135.690176,35.03786],[135.688308,35.047156],[135.711046,35.021711],[135.711502,35.020338],[135.711425,35.020147],[135.697967,35.024132],[135.695272,35.025978],[135.694712,35.026752]]]},"properties":{}}},
    {"code":9961304,"id":7968,"name":"宇多野","original_name":"宇多野","name_kana":"うたの","closed":false,"lat":35.027145,"lng":135.709731,"prefecture":26,"numbering":["B4"],"lines":[99613],"attr":"cool","postal_code":"616-8207","address":"京都市右京区宇多野長尾町１１-１","voronoi":{"type":"Feature","geometry":{"type":"Polygon","coordinates":[[[135.712311,35.078763],[135.714583,35.042209],[135.711046,35.021711],[135.688308,35.047156],[135.677091,35.084949],[135.676737,35.107528],[135.69651,35.092572],[135.712311,35.078763]]]},"properties":{}}},
    {"code":9961305,"id":7969,"name":"御室仁和寺","original_name":"御室仁和寺","name_kana":"おむろにんなじ","closed":false,"lat":35.02639,"lng":135.714106,"prefecture":26,"numbering":["B5"],"lines":[99613],"attr":"heat","postal_code":"616-8094","address":"京都市右京区御室小松野町１２-２","voronoi":{"type":"Feature","geometry":{"type":"Polygon","coordinates":[[[135.714583,35.042209],[135.711046,35.021711],[135.711502,35.020338],[135.716015,35.022574],[135.716153,35.034575],[135.714583,35.042209]]]},"properties":{}}},
    {"code":9961306,"id":7970,"name":"妙心寺","original_name":"妙心寺","name_kana":"みょうしんじ","closed":false,"lat":35.026345,"lng":135.718011,"prefecture":26,"numbering":["B6"],"lines":[99613],"attr":"heat","postal_code":"616-8021","address":"京都市右京区花園天授ケ岡町３-２","voronoi":{"type":"Feature","geometry":{"type":"Polygon","coordinates":[[[135.716015,35.022574],[135.716153,35.034575],[135.721791,35.022485],[135.716015,35.022574]]]},"properties":{}}},
    {"code":9961307,"id":7971,"name":"龍安寺","original_name":"龍安寺","name_kana":"りょうあんじ","closed":false,"lat":35.027862,"lng":135.721264,"prefecture":26,"numbering":["B7"],"lines":[99613],"attr":"heat","postal_code":"616-8012","address":"京都市右京区谷口垣ノ内町９-１","voronoi":{"type":"Feature","geometry":{"type":"Polygon","coordinates":[[[135.712311,35.078763],[135.714583,35.042209],[135.716153,35.034575],[135.721791,35.022485],[135.722455,35.02224],[135.723111,35.0711],[135.722237,35.071882],[135.712311,35.078763]]]},"properties":{}}},
    {"code":9961308,"id":7972,"name":"等持院・立命館大学衣笠キャンパス前","original_name":"等持院・立命館大学衣笠キャンパス前","name_kana":"とうじいん・りつめいかんだいがくきぬがさきゃんぱすまえ","closed":false,"lat":35.027828,"lng":135.723797,"prefecture":26,"numbering":["B8"],"lines":[99613],"attr":"eco","postal_code":"603-8354","address":"京都市北区等持院西町１５-２","voronoi":{"type":"Feature","geometry":{"type":"Polygon","coordinates":[[[135.722455,35.02224],[135.723111,35.0711],[135.72491,35.069583],[135.729287,35.060684],[135.727039,35.02286],[135.724371,35.020995],[135.722455,35.02224]]]},"properties":{}}},
    {"code":9961309,"id":7973,"name":"北野白梅町","original_name":"北野白梅町","name_kana":"きたのはくばいちょう","closed":false,"lat":35.027409,"lng":135.730846,"prefecture":26,"numbering":["B9"],"lines":[99613],"attr":"eco","postal_code":"603-8326","address":"京都市北区北野下白梅町１５-２","voronoi":{"type":"Feature","geometry":{"type":"Polygon","coordinates":[[[135.744633,35.033779],[135.742594,35.03961],[135.729287,35.060684],[135.727039,35.02286],[135.741235,35.022471],[135.744699,35.02476],[135.745417,35.025668],[135.744633,35.033779]]]},"properties":{}}}
  ]
}