{
  "code":99615,
  "id":"b176a2",
  "name":"能勢電鉄妙見線",
  "name_kana":"のせでんてつみょうけんせん",
  "station_size":14,
  "company_code":207,
  "closed":false,
  "color":"#800000",
  "symbol":"NS",
  "station_list":[
    {"code":3400213,"id":"20a762","name":"川西能勢口","original_name":"川西能勢口","name_kana":"かわにしのせぐち","closed":false,"lat":34.827654,"lng":135.413393,"prefecture":28,"numbering":["NS01"],"lines":[34002,99615],"attr":"heat","postal_code":"666-0015","address":"川西市小花１-１-１０","voronoi":{"type":"Feature","geometry":{"type":"Polygon","coordinates":[[[135.417074,34.81948],[135.408078,34.830711],[135.407815,34.839977],[135.408609,34.83976],[135.41384,34.837113],[135.421007,34.827465],[135.417074,34.81948]]]},"properties":{}}},
    {"code":9961502,"id":"d40f41","name":"絹延橋","original_name":"絹延橋","name_kana":"きぬのべばし","closed":false,"lat":34.834809,"lng":135.423025,"prefecture":28,"numbering":["NS02"],"lines":[99615],"attr":"eco","postal_code":"666-0012","address":"川西市絹延町３-２３","voronoi":{"type":"Feature","geometry":{"type":"Polygon","coordinates":[[[135.445061,34.832492],[135.445599,34.833617],[135.445693,34.844157],[135.41384,34.837113],[135.421007,34.827465],[135.445061,34.832492]]]},"properties":{}}},
    {"code":9961503,"id":"3055f1","name":"滝山","original_name":"滝山","name_kana":"たきやま","closed":false,"lat":34.843075,"lng":135.421197,"prefecture":28,"numbering":["NS03"],"lines":[99615],"attr":"eco","postal_code":"666-0002","address":"川西市滝山町１２-３","voronoi":{"type":"Feature","geometry":{"type":"Polygon","coordinates":[[[135.408609,34.83976],[135.434339,34.852476],[135.447839,34.855785],[135.445693,34.844157],[135.41384,34.837113],[135.408609,34.83976]]]},"properties":{}}},
    {"code":9961504,"id":"6ab28e","name":"鶯の森","original_name":"鶯の森","name_kana":"うぐいすのもり","closed":false,"lat":34.847747,"lng":135.418888,"prefecture":28,"numbering":["NS04"],"lines":[99615],"attr":"eco","postal_code":"666-0001","address":"兵庫県川西市鶯の森町","open_date":"1953-08-21","voronoi":{"type":"Feature","geometry":{"type":"Polygon","coordinates":[[[135.408609,34.83976],[135.407815,34.839977],[135.39571,34.849442],[135.434339,34.852476],[135.408609,34.83976]]]},"properties":{}}},
    {"code":9961505,"id":"0989e4","name":"鼓滝","original_name":"鼓滝","name_kana":"つづみがたき","closed":false,"lat":34.854735,"lng":135.418339,"prefecture":28,"numbering":["NS05"],"lines":[99615],"attr":"heat","postal_code":"666-0123","address":"川西市鼓が滝１-５-１","voronoi":{"type":"Feature","geometry":{"type":"Polygon","coordinates":[[[135.434339,34.852476],[135.447839,34.855785],[135.451311,34.864298],[135.434757,34.863028],[135.39368,34.850583],[135.39571,34.849442],[135.434339,34.852476]]]},"properties":{}}},
    {"code":9961506,"id":"c5e21c","name":"多田(兵庫)","original_name":"多田","name_kana":"ただ","closed":false,"lat":34.860815,"lng":135.416497,"prefecture":28,"numbering":["NS06"],"lines":[99615],"attr":"heat","postal_code":"666-0122","address":"川西市東多田３-１-２１","voronoi":{"type":"Feature","geometry":{"type":"Polygon","coordinates":[[[135.384563,34.854275],[135.39368,34.850583],[135.434757,34.863028],[135.37573,34.868771],[135.370295,34.865998],[135.373717,34.862082],[135.384563,34.854275]]]},"properties":{}}},
    {"code":9961507,"id":"608084","name":"平野(兵庫)","original_name":"平野","name_kana":"ひらの","closed":false,"lat":34.868719,"lng":135.417266,"prefecture":28,"numbering":["NS07"],"lines":[99615],"attr":"cool","postal_code":"666-0121","address":"川西市平野１-３６-１","voronoi":{"type":"Feature","geometry":{"type":"Polygon","coordinates":[[[135.382978,34.873391],[135.37573,34.868771],[135.434757,34.863028],[135.451311,34.864298],[135.452454,34.865995],[135.41015,34.87619],[135.382978,34.873391]]]},"properties":{}}},
    {"code":9961508,"id":"086057","name":"一の鳥居","original_name":"一の鳥居","name_kana":"いちのとりい","closed":false,"lat":34.879599,"lng":135.419888,"prefecture":28,"numbering":["NS08"],"lines":[99615],"attr":"cool","postal_code":"666-0114","address":"川西市東畦野山手１-１１-１","voronoi":{"type":"Feature","geometry":{"type":"Polygon","coordinates":[[[135.457648,34.871546],[135.452454,34.865995],[135.41015,34.87619],[135.425646,34.888615],[135.427023,34.888967],[135.457648,34.871546]]]},"properties":{}}},
    {"code":9961509,"id":"d05d1b","name":"畦野","original_name":"畦野","name_kana":"うねの","closed":false,"lat":34.884954,"lng":135.415594,"prefecture":28,"numbering":["NS09"],"lines":[99615],"attr":"cool","postal_code":"666-0117","address":"川西市東畦野２-２-１２","voronoi":{"type":"Feature","geometry":{"type":"Polygon","coordinates":[[[135.425646,34.888615],[135.415023,34.889429],[135.386708,34.877275],[135.382978,34.873391],[135.41015,34.87619],[135.425646,34.888615]]]},"properties":{}}},
    {"code":9961510,"id":"b83898","name":"山下(兵庫)","original_name":"山下","name_kana":"やました","closed":false,"lat":34.892926,"lng":135.412172,"prefecture":28,"numbering":["NS10"],"lines":[99615,99640],"attr":"cool","postal_code":"666-0105","address":"川西市見野１-１９-１","voronoi":{"type":"Feature","geometry":{"type":"Polygon","coordinates":[[[135.415023,34.889429],[135.386708,34.877275],[135.410641,34.910827],[135.415023,34.889429]]]},"properties":{}}},
    {"code":9961511,"id":"d4e9a5","name":"笹部","original_name":"笹部","name_kana":"ささべ","closed":false,"lat":34.893765,"lng":135.416269,"prefecture":28,"numbering":["NS11"],"lines":[99615],"attr":"cool","postal_code":"666-0104","address":"川西市笹部字川原２７７-２","voronoi":{"type":"Feature","geometry":{"type":"Polygon","coordinates":[[[135.425646,34.888615],[135.415023,34.889429],[135.410641,34.910827],[135.414997,34.918746],[135.427023,34.888967],[135.425646,34.888615]]]},"properties":{}}},
    {"code":9961512,"id":"016c64","name":"光風台(大阪)","original_name":"光風台","name_kana":"こうふうだい","closed":false,"lat":34.899887,"lng":135.431429,"prefecture":27,"numbering":["NS12"],"lines":[99615],"attr":"eco","postal_code":"563-0104","address":"豊能郡豊能町光風台３-５７-７","voronoi":{"type":"Feature","geometry":{"type":"Polygon","coordinates":[[[135.414997,34.918746],[135.427023,34.888967],[135.457648,34.871546],[135.461741,34.873844],[135.415826,34.923574],[135.414997,34.918746]]]},"properties":{}}},
    {"code":9961513,"id":"cb5092","name":"ときわ台(大阪)","original_name":"ときわ台","name_kana":"ときわだい","closed":false,"lat":34.906134,"lng":135.438195,"prefecture":27,"numbering":["NS13"],"lines":[99615],"attr":"eco","postal_code":"563-0102","address":"豊能郡豊能町ときわ台１-９-４","voronoi":{"type":"Feature","geometry":{"type":"Polygon","coordinates":[[[135.415933,34.938996],[135.415826,34.923574],[135.461741,34.873844],[135.468539,34.876686],[135.415933,34.938996]]]},"properties":{}}},
    {"code":9961514,"id":"bf39f9","name":"妙見口","original_name":"妙見口","name_kana":"みょうけんぐち","closed":false,"lat":34.911539,"lng":135.444597,"prefecture":27,"numbering":["NS14"],"lines":[99615],"attr":"heat","postal_code":"563-0101","address":"豊能郡豊能町吉川１４６-１","voronoi":{"type":"Feature","geometry":{"type":"Polygon","coordinates":[[[135.527997,34.945337],[135.525698,34.948356],[135.466562,35.00232],[135.462808,35.004403],[135.434455,35.012885],[135.408077,35.018264],[135.415933,34.938996],[135.468539,34.876686],[135.481774,34.880735],[135.527997,34.945337]]]},"properties":{}}}
  ]
}