{
  "code":99622,
  "id":494,
  "name":"OsakaMetro千日前線",
  "name_kana":"おおさかめとろせんにちまえせん",
  "name_formal":"高速電気軌道第5号線",
  "station_size":14,
  "company_code":249,
  "closed":false,
  "color":"#E44D93",
  "symbol":"S",
  "station_list":[
    {"code":9962201,"id":8060,"name":"野田阪神","original_name":"野田阪神","name_kana":"のだはんしん","closed":false,"lat":34.694389,"lng":135.474819,"prefecture":27,"numbering":["S11"],"lines":[99622],"attr":"cool","postal_code":"553-0007","address":"大阪市福島区大開１-１４-１８","voronoi":{"type":"Feature","geometry":{"type":"Polygon","coordinates":[[[135.475523,34.692004],[135.47456,34.691728],[135.471871,34.691719],[135.475355,34.696835],[135.475523,34.692004]]]},"properties":{}}},
    {"code":9962202,"id":8061,"name":"玉川(大阪)","original_name":"玉川","name_kana":"たまがわ","closed":false,"lat":34.689607,"lng":135.476187,"prefecture":27,"numbering":["S12"],"lines":[99622],"attr":"cool","postal_code":"553-0006","address":"大阪市福島区吉野３-１-５","voronoi":{"type":"Feature","geometry":{"type":"Polygon","coordinates":[[[135.478422,34.682036],[135.47456,34.691728],[135.475523,34.692004],[135.48117,34.692152],[135.481655,34.691291],[135.482388,34.686971],[135.478422,34.682036]]]},"properties":{}}},
    {"code":9962107,"id":8055,"name":"阿波座","original_name":"阿波座","name_kana":"あわざ","closed":false,"lat":34.681483,"lng":135.486297,"prefecture":27,"numbering":["S13"],"lines":[99621,99622],"attr":"cool","postal_code":"550-0005","address":"大阪市西区西本町３-１-２３","voronoi":{"type":"Feature","geometry":{"type":"Polygon","coordinates":[[[135.480744,34.677475],[135.48008,34.677901],[135.477848,34.681168],[135.478422,34.682036],[135.482388,34.686971],[135.49179,34.685961],[135.492514,34.685221],[135.492639,34.681719],[135.490295,34.678895],[135.480744,34.677475]]]},"properties":{}}},
    {"code":9962204,"id":8062,"name":"西長堀","original_name":"西長堀","name_kana":"にしながほり","closed":false,"lat":34.675256,"lng":135.487223,"prefecture":27,"numbering":["S14"],"lines":[99622,99624],"attr":"cool","postal_code":"550-0014","address":"大阪市西区北堀江３-１２-２０","voronoi":{"type":"Feature","geometry":{"type":"Polygon","coordinates":[[[135.480744,34.677475],[135.484002,34.671821],[135.486486,34.671476],[135.490485,34.672422],[135.490295,34.678895],[135.480744,34.677475]]]},"properties":{}}},
    {"code":3500210,"id":8063,"name":"桜川(大阪)","original_name":"桜川","name_kana":"さくらがわ","closed":false,"lat":34.668427,"lng":135.488839,"prefecture":27,"numbering":["S15"],"lines":[35002,99622],"attr":"cool","postal_code":"556-0021","address":"大阪市浪速区幸町２-３-７","voronoi":{"type":"Feature","geometry":{"type":"Polygon","coordinates":[[[135.490612,34.663582],[135.490863,34.663592],[135.493059,34.670684],[135.490485,34.672422],[135.486486,34.671476],[135.48864,34.664174],[135.490612,34.663582]]]},"properties":{}}},
    {"code":9961810,"id":8011,"name":"なんば","original_name":"なんば","name_kana":"なんば","closed":false,"lat":34.666316,"lng":135.500277,"prefecture":27,"numbering":["S16"],"lines":[99618,99620,99622],"attr":"eco","postal_code":"542-0076","address":"大阪市中央区難波１-９-７","voronoi":{"type":"Feature","geometry":{"type":"Polygon","coordinates":[[[135.497685,34.662856],[135.49771,34.663871],[135.502479,34.670651],[135.502589,34.67065],[135.503102,34.666154],[135.497685,34.662856]]]},"properties":{}}},
    {"code":9962207,"id":8074,"name":"日本橋(大阪)","original_name":"日本橋","name_kana":"にっぽんばし","closed":false,"lat":34.667146,"lng":135.506635,"prefecture":27,"numbering":["S17"],"lines":[99622,99623],"attr":"cool","postal_code":"542-0073","address":"大阪市中央区日本橋１-５-１２","voronoi":{"type":"Feature","geometry":{"type":"Polygon","coordinates":[[[135.50819,34.66093],[135.507691,34.660974],[135.505309,34.670852],[135.509963,34.671024],[135.511218,34.670146],[135.511218,34.663567],[135.50819,34.66093]]]},"properties":{}}},
    {"code":9961915,"id":8032,"name":"谷町九丁目","original_name":"谷町九丁目","name_kana":"たにまちきゅうちょうめ","closed":false,"lat":34.667146,"lng":135.515801,"prefecture":27,"numbering":["S18"],"lines":[99619,99622],"attr":"heat","postal_code":"543-0072","address":"大阪市天王寺区生玉前町１-２４","voronoi":{"type":"Feature","geometry":{"type":"Polygon","coordinates":[[[135.517955,34.662263],[135.511218,34.663567],[135.511218,34.670146],[135.514207,34.671342],[135.520062,34.670505],[135.517955,34.662263]]]},"properties":{}}},
    {"code":1162317,"id":3086,"name":"鶴橋","original_name":"鶴橋","name_kana":"つるはし","closed":false,"lat":34.665264,"lng":135.530133,"prefecture":27,"numbering":["S19"],"lines":[11623,31005,99622],"attr":"cool","postal_code":"543-0025","address":"大阪市天王寺区下味原町","voronoi":{"type":"Feature","geometry":{"type":"Polygon","coordinates":[[[135.537056,34.667563],[135.526341,34.671139],[135.52608,34.662819],[135.539197,34.658534],[135.537056,34.667563]]]},"properties":{}}},
    {"code":9962210,"id":8066,"name":"今里(OsakaMetro)","original_name":"今里","name_kana":"いまざと","closed":false,"lat":34.668617,"lng":135.544274,"prefecture":27,"numbering":["S20"],"lines":[99622,99652],"attr":"heat","postal_code":"537-0012","address":"大阪市東成区大今里三丁目15-18","voronoi":{"type":"Feature","geometry":{"type":"Polygon","coordinates":[[[135.540305,34.675042],[135.537056,34.667563],[135.539197,34.658534],[135.540323,34.656721],[135.549117,34.669682],[135.54934,34.674321],[135.540305,34.675042]]]},"properties":{}}},
    {"code":9962211,"id":8067,"name":"新深江","original_name":"新深江","name_kana":"しんふかえ","closed":false,"lat":34.668158,"lng":135.553836,"prefecture":27,"numbering":["S21"],"lines":[99622],"attr":"heat","postal_code":"537-0003","address":"大阪市東成区神路４-１２-１６","voronoi":{"type":"Feature","geometry":{"type":"Polygon","coordinates":[[[135.561106,34.67191],[135.558696,34.666173],[135.553697,34.664356],[135.549117,34.669682],[135.54934,34.674321],[135.550548,34.675145],[135.561106,34.67191]]]},"properties":{}}},
    {"code":9962212,"id":8068,"name":"小路","original_name":"小路","name_kana":"しょうじ","closed":false,"lat":34.661531,"lng":135.556245,"prefecture":27,"numbering":["S22"],"lines":[99622],"attr":"heat","postal_code":"544-0003","address":"大阪市生野区小路東２-１１-１４","voronoi":{"type":"Feature","geometry":{"type":"Polygon","coordinates":[[[135.558696,34.666173],[135.562184,34.656271],[135.550441,34.65803],[135.553697,34.664356],[135.558696,34.666173]]]},"properties":{}}},
    {"code":9962213,"id":8069,"name":"北巽","original_name":"北巽","name_kana":"きたたつみ","closed":false,"lat":34.652982,"lng":135.554964,"prefecture":27,"numbering":["S23"],"lines":[99622],"attr":"heat","postal_code":"544-0014","address":"大阪市生野区巽東１-１-３９","voronoi":{"type":"Feature","geometry":{"type":"Polygon","coordinates":[[[135.561563,34.646848],[135.542366,34.650138],[135.540696,34.652058],[135.541096,34.654035],[135.550441,34.65803],[135.562184,34.656271],[135.563471,34.65528],[135.563479,34.655255],[135.561563,34.646848]]]},"properties":{}}},
    {"code":9962214,"id":8070,"name":"南巽","original_name":"南巽","name_kana":"みなみたつみ","closed":false,"lat":34.643261,"lng":135.553298,"prefecture":27,"numbering":["S24"],"lines":[99622],"attr":"heat","postal_code":"544-0014","address":"大阪市生野区巽東２-１９-２７","voronoi":{"type":"Feature","geometry":{"type":"Polygon","coordinates":[[[135.542366,34.650138],[135.561563,34.646848],[135.561955,34.64579],[135.558523,34.636228],[135.54649,34.637861],[135.542366,34.650138]]]},"properties":{}}}
  ]
}