{
  "code":99620,
  "id":"16c04b",
  "name":"OsakaMetro四つ橋線",
  "name_kana":"おおさかめとろよつばしせん",
  "name_formal":"高速電気軌道第3号線",
  "station_size":11,
  "company_code":249,
  "closed":false,
  "color":"#0078BA",
  "symbol":"Y",
  "station_list":[
    {"code":9962001,"id":"70f174","name":"西梅田","original_name":"西梅田","name_kana":"にしうめだ","closed":false,"lat":34.699642,"lng":135.495802,"prefecture":27,"numbering":["Y11"],"lines":[99620],"attr":"eco","postal_code":"530-0001","address":"大阪市北区梅田２-２-２５","voronoi":{"type":"Feature","geometry":{"type":"Polygon","coordinates":[[[135.491545,34.69705],[135.490764,34.699966],[135.494914,34.700891],[135.49725,34.69976],[135.494171,34.696875],[135.491545,34.69705]]]},"properties":{}}},
    {"code":9962002,"id":"a67fb9","name":"肥後橋","original_name":"肥後橋","name_kana":"ひごばし","closed":false,"lat":34.691355,"lng":135.496388,"prefecture":27,"numbering":["Y12"],"lines":[99620],"attr":"eco","postal_code":"550-0002","address":"大阪市西区江戸堀１-１３-１８","voronoi":{"type":"Feature","geometry":{"type":"Polygon","coordinates":[[[135.49179,34.685961],[135.492514,34.685221],[135.499986,34.687279],[135.498996,34.69201],[135.497969,34.693416],[135.491875,34.691113],[135.49179,34.685961]]]},"properties":{}}},
    {"code":9961808,"id":"8a0ae5","name":"本町","original_name":"本町","name_kana":"ほんまち","closed":false,"lat":34.681936,"lng":135.498982,"prefecture":27,"numbering":["Y13"],"lines":[99618,99620,99621],"attr":"eco","postal_code":"541-0055","address":"大阪市中央区船場中央４-１-６","voronoi":{"type":"Feature","geometry":{"type":"Polygon","coordinates":[[[135.496667,34.678366],[135.497662,34.678086],[135.502923,34.67911],[135.502987,34.686519],[135.499986,34.687279],[135.492514,34.685221],[135.492639,34.681719],[135.496667,34.678366]]]},"properties":{}}},
    {"code":9962004,"id":"e26190","name":"四ツ橋","original_name":"四ツ橋","name_kana":"よつばし","closed":false,"lat":34.674112,"lng":135.496783,"prefecture":27,"numbering":["Y14"],"lines":[99620],"attr":"eco","postal_code":"550-0014","address":"大阪市西区北堀江１-１-２９","voronoi":{"type":"Feature","geometry":{"type":"Polygon","coordinates":[[[135.497662,34.678086],[135.496667,34.678366],[135.493518,34.670771],[135.496616,34.670158],[135.499433,34.671108],[135.497662,34.678086]]]},"properties":{}}},
    {"code":9961810,"id":"b02e7f","name":"なんば","original_name":"なんば","name_kana":"なんば","closed":false,"lat":34.666316,"lng":135.500277,"prefecture":27,"numbering":["Y15"],"lines":[99618,99620,99622],"attr":"eco","postal_code":"542-0076","address":"大阪市中央区難波１-９-７","voronoi":{"type":"Feature","geometry":{"type":"Polygon","coordinates":[[[135.497685,34.662856],[135.49771,34.663871],[135.502479,34.670651],[135.502589,34.67065],[135.503102,34.666154],[135.497685,34.662856]]]},"properties":{}}},
    {"code":9961811,"id":"01b198","name":"大国町","original_name":"大国町","name_kana":"だいこくちょう","closed":false,"lat":34.656075,"lng":135.4978,"prefecture":27,"numbering":["Y16"],"lines":[99618,99620],"attr":"eco","postal_code":"556-0012","address":"大阪市浪速区敷津東３-１１-１０","voronoi":{"type":"Feature","geometry":{"type":"Polygon","coordinates":[[[135.497054,34.661384],[135.494534,34.660768],[135.493939,34.658757],[135.496771,34.651638],[135.498973,34.652855],[135.500621,34.659409],[135.497054,34.661384]]]},"properties":{}}},
    {"code":9962007,"id":"cef0b6","name":"花園町","original_name":"花園町","name_kana":"はなぞのちょう","closed":false,"lat":34.644371,"lng":135.496636,"prefecture":27,"numbering":["Y17"],"lines":[99620],"attr":"heat","postal_code":"557-0032","address":"大阪市西成区旭１-５-２","voronoi":{"type":"Feature","geometry":{"type":"Polygon","coordinates":[[[135.497342,34.640612],[135.498448,34.641523],[135.498911,34.642904],[135.495434,34.649499],[135.490372,34.647605],[135.489947,34.645457],[135.493573,34.640594],[135.497342,34.640612]]]},"properties":{}}},
    {"code":9962008,"id":"35043b","name":"岸里","original_name":"岸里","name_kana":"きしのさと","closed":false,"lat":34.634372,"lng":135.493859,"prefecture":27,"numbering":["Y18"],"lines":[99620],"attr":"heat","postal_code":"557-0041","address":"大阪市西成区岸里１-５-１５","voronoi":{"type":"Feature","geometry":{"type":"Polygon","coordinates":[[[135.487501,34.630755],[135.486478,34.631087],[135.49298,34.638209],[135.496723,34.633953],[135.496289,34.632304],[135.495284,34.631432],[135.487501,34.630755]]]},"properties":{}}},
    {"code":9962009,"id":"e2881c","name":"玉出","original_name":"玉出","name_kana":"たまで","closed":false,"lat":34.624096,"lng":135.490527,"prefecture":27,"numbering":["Y19"],"lines":[99620],"attr":"heat","postal_code":"559-0007","address":"大阪市住之江区粉浜西１-１-１","voronoi":{"type":"Feature","geometry":{"type":"Polygon","coordinates":[[[135.482785,34.630722],[135.485346,34.61997],[135.492262,34.621452],[135.492867,34.625816],[135.487501,34.630755],[135.486478,34.631087],[135.482785,34.630722]]]},"properties":{}}},
    {"code":9962010,"id":"1ce34f","name":"北加賀屋","original_name":"北加賀屋","name_kana":"きたかがや","closed":false,"lat":34.621318,"lng":135.478861,"prefecture":27,"numbering":["Y20"],"lines":[99620],"attr":"cool","postal_code":"559-0011","address":"大阪市住之江区北加賀屋２-１１-２","voronoi":{"type":"Feature","geometry":{"type":"Polygon","coordinates":[[[135.458199,34.636065],[135.458037,34.636777],[135.459558,34.637926],[135.475149,34.635202],[135.482785,34.630722],[135.485346,34.61997],[135.484707,34.61721],[135.484283,34.61661],[135.480864,34.612275],[135.480712,34.612198],[135.466353,34.620518],[135.458199,34.636065]]]},"properties":{}}},
    {"code":9962011,"id":"127011","name":"住之江公園","original_name":"住之江公園","name_kana":"すみのえこうえん","closed":false,"lat":34.609269,"lng":135.471879,"prefecture":27,"numbering":["Y21"],"lines":[99620,99625],"attr":"cool","postal_code":"559-0023","address":"大阪市住之江区泉１-１","voronoi":{"type":"Feature","geometry":{"type":"Polygon","coordinates":[[[135.46687,34.596008],[135.463784,34.596361],[135.466353,34.620518],[135.480712,34.612198],[135.477991,34.601699],[135.46687,34.596008]]]},"properties":{}}}
  ]
}