{
  "code":99628,
  "id":"232e25",
  "name":"阪堺電軌上町線",
  "name_kana":"はんかいでんきうえまちせん",
  "station_size":11,
  "company_code":202,
  "closed":false,
  "symbol":"HN",
  "station_list":[
    {"code":9962801,"id":"e0d026","name":"天王寺駅前","original_name":"天王寺駅前","name_kana":"てんのうじえきまえ","closed":false,"lat":34.646202,"lng":135.512929,"prefecture":27,"numbering":["HN01"],"lines":[99628],"attr":"cool","postal_code":"545-0052","address":"大阪市阿倍野区阿倍野筋１","voronoi":{"type":"Feature","geometry":{"type":"Polygon","coordinates":[[[135.508762,34.647806],[135.50802,34.645387],[135.513398,34.644054],[135.514308,34.6468],[135.508762,34.647806]]]},"properties":{}}},
    {"code":9961918,"id":"cb3740","name":"阿倍野","original_name":"阿倍野","name_kana":"あべの","closed":false,"lat":34.642374,"lng":135.51198,"prefecture":27,"numbering":["HN02"],"lines":[99619,99628],"attr":"heat","postal_code":"545-0052","address":"大阪市阿倍野区阿倍野筋２-４","voronoi":{"type":"Feature","geometry":{"type":"Polygon","coordinates":[[[135.513775,34.638036],[135.506722,34.640207],[135.506811,34.64303],[135.507356,34.644606],[135.50802,34.645387],[135.513398,34.644054],[135.516687,34.640814],[135.513775,34.638036]]]},"properties":{}}},
    {"code":9962803,"id":"e56c9e","name":"松虫","original_name":"松虫","name_kana":"まつむし","closed":false,"lat":34.635458,"lng":135.509852,"prefecture":27,"numbering":["HN03"],"lines":[99628],"attr":"cool","postal_code":"545-0052","address":"大阪市阿倍野区阿倍野筋６","voronoi":{"type":"Feature","geometry":{"type":"Polygon","coordinates":[[[135.513775,34.638036],[135.513895,34.636355],[135.512808,34.632279],[135.505039,34.635944],[135.505125,34.636732],[135.506443,34.639889],[135.506722,34.640207],[135.513775,34.638036]]]},"properties":{}}},
    {"code":9962804,"id":"e4123b","name":"東天下茶屋","original_name":"東天下茶屋","name_kana":"ひがしてんがちゃや","closed":false,"lat":34.632539,"lng":135.508475,"prefecture":27,"numbering":["HN04"],"lines":[99628],"attr":"cool","postal_code":"545-0052","address":"大阪市阿倍野区阿倍野筋７","voronoi":{"type":"Feature","geometry":{"type":"Polygon","coordinates":[[[135.503992,34.633773],[135.503905,34.631651],[135.511802,34.627076],[135.513324,34.628007],[135.512808,34.632279],[135.505039,34.635944],[135.503992,34.633773]]]},"properties":{}}},
    {"code":9962805,"id":"533982","name":"北畠","original_name":"北畠","name_kana":"きたばたけ","closed":false,"lat":34.627245,"lng":135.505408,"prefecture":27,"numbering":["HN05"],"lines":[99628],"attr":"cool","postal_code":"545-0035","address":"大阪市阿倍野区北畠中１","voronoi":{"type":"Feature","geometry":{"type":"Polygon","coordinates":[[[135.511802,34.627076],[135.503905,34.631651],[135.502128,34.629773],[135.501477,34.627726],[135.509053,34.622308],[135.511802,34.627076]]]},"properties":{}}},
    {"code":9962806,"id":"2e9f5c","name":"姫松","original_name":"姫松","name_kana":"ひめまつ","closed":false,"lat":34.624162,"lng":135.503203,"prefecture":27,"numbering":["HN06"],"lines":[99628],"attr":"cool","postal_code":"545-0037","address":"大阪市阿倍野区帝塚山１","voronoi":{"type":"Feature","geometry":{"type":"Polygon","coordinates":[[[135.508153,34.618065],[135.500848,34.623134],[135.499754,34.626],[135.499796,34.626116],[135.501477,34.627726],[135.509053,34.622308],[135.508153,34.618065]]]},"properties":{}}},
    {"code":9962807,"id":"a3efbd","name":"帝塚山三丁目","original_name":"帝塚山三丁目","name_kana":"てづかやまさんちょうめ","closed":false,"lat":34.620568,"lng":135.500709,"prefecture":27,"numbering":["HN07"],"lines":[99628],"attr":"heat","postal_code":"558-0053","address":"大阪市住吉区帝塚山中３","voronoi":{"type":"Feature","geometry":{"type":"Polygon","coordinates":[[[135.508153,34.618065],[135.500848,34.623134],[135.498406,34.619946],[135.506452,34.615376],[135.508191,34.617545],[135.508153,34.618065]]]},"properties":{}}},
    {"code":9962808,"id":"c1f198","name":"帝塚山四丁目","original_name":"帝塚山四丁目","name_kana":"てづかやまよんちょうめ","closed":false,"lat":34.617649,"lng":135.499051,"prefecture":27,"numbering":["HN08"],"lines":[99628],"attr":"heat","postal_code":"558-0053","address":"大阪市住吉区帝塚山中５-２９","voronoi":{"type":"Feature","geometry":{"type":"Polygon","coordinates":[[[135.495915,34.61917],[135.495948,34.619608],[135.498406,34.619946],[135.506452,34.615376],[135.505338,34.613112],[135.49942,34.615104],[135.495915,34.61917]]]},"properties":{}}},
    {"code":9962809,"id":"60584d","name":"神ノ木","original_name":"神ノ木","name_kana":"かみのき","closed":false,"lat":34.615844,"lng":135.496957,"prefecture":27,"numbering":["HN09"],"lines":[99628],"attr":"heat","postal_code":"558-0045","address":"大阪市住吉区住吉１","voronoi":{"type":"Feature","geometry":{"type":"Polygon","coordinates":[[[135.495915,34.61917],[135.494204,34.615903],[135.494727,34.613942],[135.49942,34.615104],[135.495915,34.61917]]]},"properties":{}}},
    {"code":9962810,"id":"cf6ec9","name":"住吉(大阪)","original_name":"住吉","name_kana":"すみよし","closed":false,"lat":34.61448,"lng":135.491846,"prefecture":27,"numbering":["HN10"],"lines":[99628,99629],"attr":"cool","postal_code":"558-0045","address":"大阪市住吉区住吉２","voronoi":{"type":"Feature","geometry":{"type":"Polygon","coordinates":[[[135.494727,34.613942],[135.494204,34.615903],[135.491739,34.616404],[135.488469,34.616333],[135.49182,34.613197],[135.494403,34.612366],[135.494727,34.613942]]]},"properties":{}}},
    {"code":9962811,"id":"c9912d","name":"住吉公園","original_name":"住吉公園","name_kana":"すみよしこうえん","closed":true,"lat":34.613086,"lng":135.490541,"prefecture":27,"numbering":["HN11"],"lines":[99628],"attr":"unknown","postal_code":"558-0044","address":"大阪市住吉区長峡町１００","open_date":"1912-02-17","closed_date":"2016-01-31","voronoi":{"type":"Feature","geometry":{"type":"Polygon","coordinates":[[[135.490684,34.612535],[135.484283,34.61661],[135.484707,34.61721],[135.488469,34.616333],[135.49182,34.613197],[135.490684,34.612535]]]},"properties":{}}}
  ]
}