{
  "code":99625,
  "id":497,
  "name":"OsakaMetro南港ポートタウン線",
  "name_kana":"おおさかめとろなんこうぽーとたうんせん",
  "name_formal":"大阪市高速電気軌道南港ポートタウン線",
  "station_size":10,
  "company_code":249,
  "closed":false,
  "color":"#00A0DE",
  "symbol":"P",
  "station_list":[
    {"code":9962102,"id":8052,"name":"コスモスクエア","original_name":"コスモスクエア","name_kana":"こすもすくえあ","closed":false,"lat":34.642888,"lng":135.412472,"prefecture":27,"numbering":["P09"],"lines":[99621,99625],"attr":"cool","postal_code":"559-0034","address":"大阪市住之江区南港北１-３０-２１","voronoi":{"type":"Feature","geometry":{"type":"Polygon","coordinates":[[[135.425419,34.644376],[135.418644,34.640569],[135.398513,34.641215],[135.408989,34.666129],[135.420328,34.654503],[135.425419,34.644376]]]},"properties":{}}},
    {"code":9962502,"id":8086,"name":"トレードセンター前","original_name":"トレードセンター前","name_kana":"とれーどせんたーまえ","closed":false,"lat":34.63865,"lng":135.412336,"prefecture":27,"numbering":["P10"],"lines":[99625],"attr":"cool","postal_code":"559-0034","address":"大阪市住之江区南港北１-１４-７２","voronoi":{"type":"Feature","geometry":{"type":"Polygon","coordinates":[[[135.356839,34.573156],[135.358098,34.573103],[135.418644,34.640569],[135.398513,34.641215],[135.356839,34.573156]]]},"properties":{}}},
    {"code":9962503,"id":8087,"name":"中ふ頭","original_name":"中ふ頭","name_kana":"なかふとう","closed":false,"lat":34.634091,"lng":135.417416,"prefecture":27,"numbering":["P11"],"lines":[99625],"attr":"cool","postal_code":"559-0033","address":"大阪市住之江区南港中５-３-４８","voronoi":{"type":"Feature","geometry":{"type":"Polygon","coordinates":[[[135.364891,34.572621],[135.381012,34.574811],[135.392425,34.586746],[135.393885,34.588472],[135.425962,34.642346],[135.426311,34.643614],[135.425419,34.644376],[135.418644,34.640569],[135.358098,34.573103],[135.363622,34.572649],[135.364891,34.572621]]]},"properties":{}}},
    {"code":9962504,"id":8088,"name":"ポートタウン西","original_name":"ポートタウン西","name_kana":"ぽーとたうんにし","closed":false,"lat":34.630899,"lng":135.422777,"prefecture":27,"numbering":["P12"],"lines":[99625],"attr":"cool","postal_code":"559-0033","address":"大阪市住之江区南港中３-２-６８","voronoi":{"type":"Feature","geometry":{"type":"Polygon","coordinates":[[[135.393885,34.588472],[135.425962,34.642346],[135.425907,34.621976],[135.393885,34.588472]]]},"properties":{}}},
    {"code":9962505,"id":8089,"name":"ポートタウン東","original_name":"ポートタウン東","name_kana":"ぽーとたうんひがし","closed":false,"lat":34.630882,"lng":135.429085,"prefecture":27,"numbering":["P13"],"lines":[99625],"attr":"cool","postal_code":"559-0033","address":"大阪市住之江区南港中２-１-１４","voronoi":{"type":"Feature","geometry":{"type":"Polygon","coordinates":[[[135.426311,34.643614],[135.451219,34.637927],[135.452448,34.637121],[135.448871,34.633582],[135.425907,34.621976],[135.425962,34.642346],[135.426311,34.643614]]]},"properties":{}}},
    {"code":9962506,"id":8090,"name":"フェリーターミナル","original_name":"フェリーターミナル","name_kana":"ふぇりーたーみなる","closed":false,"lat":34.619253,"lng":135.434962,"prefecture":27,"numbering":["P14"],"lines":[99625],"attr":"heat","postal_code":"559-0031","address":"大阪市住之江区南港東４-８-５２","voronoi":{"type":"Feature","geometry":{"type":"Polygon","coordinates":[[[135.393885,34.588472],[135.392425,34.586746],[135.442283,34.620233],[135.448871,34.633582],[135.425907,34.621976],[135.393885,34.588472]]]},"properties":{}}},
    {"code":9962507,"id":8091,"name":"南港東","original_name":"南港東","name_kana":"なんこうひがし","closed":false,"lat":34.613826,"lng":135.438607,"prefecture":27,"numbering":["P15"],"lines":[99625],"attr":"heat","postal_code":"559-0031","address":"大阪市住之江区南港東２-４-５２","voronoi":{"type":"Feature","geometry":{"type":"Polygon","coordinates":[[[135.442283,34.588702],[135.442283,34.620233],[135.392425,34.586746],[135.381012,34.574811],[135.387807,34.574285],[135.397128,34.574871],[135.410578,34.577151],[135.428682,34.581996],[135.442283,34.588702]]]},"properties":{}}},
    {"code":9962508,"id":8092,"name":"南港口","original_name":"南港口","name_kana":"なんこうぐち","closed":false,"lat":34.613826,"lng":135.445959,"prefecture":27,"numbering":["P16"],"lines":[99625],"attr":"heat","postal_code":"559-0031","address":"大阪市住之江区南港東１-７-６９","voronoi":{"type":"Feature","geometry":{"type":"Polygon","coordinates":[[[135.442283,34.588702],[135.442283,34.620233],[135.448871,34.633582],[135.452448,34.637121],[135.458037,34.636777],[135.458199,34.636065],[135.446821,34.590356],[135.446346,34.590016],[135.442283,34.588702]]]},"properties":{}}},
    {"code":9962509,"id":8093,"name":"平林(大阪)","original_name":"平林","name_kana":"ひらばやし","closed":false,"lat":34.610683,"lng":135.458585,"prefecture":27,"numbering":["P17"],"lines":[99625],"attr":"eco","postal_code":"559-0025","address":"大阪市住之江区平林南１-２","voronoi":{"type":"Feature","geometry":{"type":"Polygon","coordinates":[[[135.463784,34.596361],[135.446821,34.590356],[135.458199,34.636065],[135.466353,34.620518],[135.463784,34.596361]]]},"properties":{}}},
    {"code":9962011,"id":8051,"name":"住之江公園","original_name":"住之江公園","name_kana":"すみのえこうえん","closed":false,"lat":34.609269,"lng":135.471879,"prefecture":27,"numbering":["P18"],"lines":[99620,99625],"attr":"cool","postal_code":"559-0023","address":"大阪市住之江区泉１-１","voronoi":{"type":"Feature","geometry":{"type":"Polygon","coordinates":[[[135.46687,34.596008],[135.463784,34.596361],[135.466353,34.620518],[135.480712,34.612198],[135.477991,34.601699],[135.46687,34.596008]]]},"properties":{}}}
  ]
}