{
  "code":99638,
  "id":"6794e5",
  "name":"山陽電鉄網干線",
  "name_kana":"さんようでんてつあぼしせん",
  "station_size":7,
  "company_code":206,
  "closed":false,
  "color":"#FA2B08",
  "symbol":"SY",
  "station_list":[
    {"code":9963740,"id":"3df978","name":"飾磨","original_name":"飾磨","name_kana":"しかま","closed":false,"lat":34.799748,"lng":134.675401,"prefecture":28,"numbering":["SY40"],"lines":[99637,99638],"attr":"cool","postal_code":"672-8051","address":"兵庫県姫路市飾磨区清水","voronoi":{"type":"Feature","geometry":{"type":"Polygon","coordinates":[[[134.658414,34.765584],[134.664013,34.806717],[134.687494,34.803785],[134.65924,34.737399],[134.658414,34.765584]]]},"properties":{}}},
    {"code":9963802,"id":"580272","name":"西飾磨","original_name":"西飾磨","name_kana":"にししかま","closed":false,"lat":34.803045,"lng":134.651176,"prefecture":28,"numbering":["SY51"],"lines":[99638],"attr":"heat","postal_code":"672-8079","address":"姫路市飾磨区今在家４","voronoi":{"type":"Feature","geometry":{"type":"Polygon","coordinates":[[[134.658414,34.765584],[134.643631,34.80541],[134.661121,34.816418],[134.664013,34.806717],[134.658414,34.765584]]]},"properties":{}}},
    {"code":9963803,"id":"a911a1","name":"夢前川","original_name":"夢前川","name_kana":"ゆめさきがわ","closed":false,"lat":34.798695,"lng":134.639457,"prefecture":28,"numbering":["SY52"],"lines":[99638],"attr":"heat","postal_code":"671-1121","address":"姫路市広畑区東新町３","voronoi":{"type":"Feature","geometry":{"type":"Polygon","coordinates":[[[134.65924,34.737399],[134.658414,34.765584],[134.643631,34.80541],[134.63286,34.80934],[134.643762,34.680804],[134.649106,34.654932],[134.649847,34.659152],[134.65924,34.737399]]]},"properties":{}}},
    {"code":9963804,"id":"2a3104","name":"広畑","original_name":"広畑","name_kana":"ひろはた","closed":false,"lat":34.797736,"lng":134.62815,"prefecture":28,"numbering":["SY53"],"lines":[99638],"attr":"heat","postal_code":"671-1153","address":"姫路市広畑区高浜町１","voronoi":{"type":"Feature","geometry":{"type":"Polygon","coordinates":[[[134.621798,34.804825],[134.631408,34.728819],[134.643762,34.680804],[134.63286,34.80934],[134.629137,34.81333],[134.621798,34.804825]]]},"properties":{}}},
    {"code":9963805,"id":"47d3d6","name":"山陽天満","original_name":"山陽天満","name_kana":"さんようてんま","closed":false,"lat":34.796378,"lng":134.61741,"prefecture":28,"numbering":["SY54"],"lines":[99638],"attr":"eco","postal_code":"671-1131","address":"姫路市大津区天神町１","voronoi":{"type":"Feature","geometry":{"type":"Polygon","coordinates":[[[134.606689,34.800903],[134.621798,34.804825],[134.631408,34.728819],[134.606689,34.800903]]]},"properties":{}}},
    {"code":9963806,"id":"479fe6","name":"平松","original_name":"平松","name_kana":"ひらまつ","closed":false,"lat":34.790751,"lng":134.601001,"prefecture":28,"numbering":["SY55"],"lines":[99638],"attr":"eco","postal_code":"671-1145","address":"姫路市大津区平松外開","voronoi":{"type":"Feature","geometry":{"type":"Polygon","coordinates":[[[134.631408,34.728819],[134.643762,34.680804],[134.649106,34.654932],[134.647263,34.605159],[134.590919,34.801261],[134.598198,34.806552],[134.606689,34.800903],[134.631408,34.728819]]]},"properties":{}}},
    {"code":9963807,"id":"183a85","name":"山陽網干","original_name":"山陽網干","name_kana":"さんようあぼし","closed":false,"lat":34.787002,"lng":134.587953,"prefecture":28,"numbering":["SY56"],"lines":[99638],"attr":"cool","postal_code":"671-1253","address":"姫路市網干区垣内中町１２-５","voronoi":{"type":"Feature","geometry":{"type":"Polygon","coordinates":[[[134.567638,34.482042],[134.647082,34.484709],[134.647263,34.605159],[134.590919,34.801261],[134.548472,34.795123],[134.513046,34.73447],[134.510194,34.707075],[134.531485,34.508719],[134.533956,34.492869],[134.561077,34.483907],[134.567638,34.482042]]]},"properties":{}}}
  ]
}