{
  "code":99630,
  "id":"36e304",
  "name":"神戸高速東西線",
  "name_kana":"こうべこうそくとうざいせん",
  "station_size":9,
  "company_code":203,
  "closed":false,
  "station_list":[
    {"code":9963001,"id":"3b382f","name":"三宮(神戸三宮)","original_name":"三宮(神戸三宮)","name_kana":"さんのみや(こうべさんのみや)","closed":false,"lat":34.693507,"lng":135.195106,"prefecture":28,"numbering":["HK16","HS32"],"lines":[34001,35001,99630,99646,99648],"attr":"heat","postal_code":"650-0001","address":"神戸市中央区加納町４-２-１","voronoi":{"type":"Feature","geometry":{"type":"Polygon","coordinates":[[[135.19049,34.693961],[135.192156,34.691839],[135.19923,34.693456],[135.200061,34.694326],[135.19049,34.693961]]]},"properties":{}}},
    {"code":9963002,"id":"de216a","name":"花隈","original_name":"花隈","name_kana":"はなくま","closed":false,"lat":34.686117,"lng":135.181524,"prefecture":28,"numbering":["HK17"],"lines":[99630],"attr":"cool","postal_code":"650-0012","address":"神戸市中央区北長狭通６-３-５","voronoi":{"type":"Feature","geometry":{"type":"Polygon","coordinates":[[[135.177537,34.687638],[135.176725,34.69142],[135.182984,34.688374],[135.182485,34.683328],[135.177537,34.687638]]]},"properties":{}}},
    {"code":1160314,"id":"ffc8f3","name":"元町(兵庫)","original_name":"元町","name_kana":"もとまち","closed":false,"lat":34.689602,"lng":135.187401,"prefecture":28,"numbering":["HS33"],"lines":[11603,35001,99630],"attr":"eco","postal_code":"650-0014","address":"神戸市中央区元町高架通り","voronoi":{"type":"Feature","geometry":{"type":"Polygon","coordinates":[[[135.189169,34.695239],[135.188228,34.685402],[135.184947,34.688419],[135.188078,34.696857],[135.189169,34.695239]]]},"properties":{}}},
    {"code":9963004,"id":"0e9006","name":"西元町","original_name":"西元町","name_kana":"にしもとまち","closed":false,"lat":34.683897,"lng":135.17959,"prefecture":28,"numbering":["HS34"],"lines":[99630],"attr":"cool","postal_code":"650-0022","address":"神戸市中央区元町通６-７-１１","voronoi":{"type":"Feature","geometry":{"type":"Polygon","coordinates":[[[135.182485,34.683328],[135.177537,34.687638],[135.176786,34.682328],[135.181989,34.680725],[135.183802,34.680409],[135.182485,34.683328]]]},"properties":{}}},
    {"code":9963005,"id":"a00dff","name":"高速神戸","original_name":"高速神戸","name_kana":"こうそくこうべ","closed":false,"lat":34.679362,"lng":135.174441,"prefecture":28,"numbering":["HS35"],"lines":[99630],"attr":"eco","postal_code":"650-0015","address":"神戸市中央区多聞通３-３-１３","voronoi":{"type":"Feature","geometry":{"type":"Polygon","coordinates":[[[135.17627,34.681959],[135.170685,34.68205],[135.170748,34.679375],[135.175082,34.672773],[135.17537,34.672804],[135.176365,34.677998],[135.17627,34.681959]]]},"properties":{}}},
    {"code":9963006,"id":"d9aa1c","name":"新開地","original_name":"新開地","name_kana":"しんかいち","closed":false,"lat":34.675981,"lng":135.169291,"prefecture":28,"numbering":["HS36"],"lines":[99630,99631],"attr":"eco","postal_code":"652-0811","address":"神戸市兵庫区新開地２-３","voronoi":{"type":"Feature","geometry":{"type":"Polygon","coordinates":[[[135.175082,34.672773],[135.170748,34.679375],[135.16688,34.676683],[135.164752,34.674761],[135.16603,34.672744],[135.170789,34.669887],[135.175082,34.672773]]]},"properties":{}}},
    {"code":9963007,"id":"dc1dc4","name":"大開","original_name":"大開","name_kana":"だいかい","closed":false,"lat":34.671179,"lng":135.161709,"prefecture":28,"numbering":["HS37"],"lines":[99630],"attr":"eco","postal_code":"652-0802","address":"神戸市兵庫区水木通７-１","voronoi":{"type":"Feature","geometry":{"type":"Polygon","coordinates":[[[135.158388,34.664668],[135.157229,34.667665],[135.162426,34.676137],[135.164752,34.674761],[135.16603,34.672744],[135.158388,34.664668]]]},"properties":{}}},
    {"code":9963008,"id":"d4587d","name":"高速長田","original_name":"高速長田","name_kana":"こうそくながた","closed":false,"lat":34.667254,"lng":135.151551,"prefecture":28,"numbering":["HS38"],"lines":[99630],"attr":"heat","postal_code":"653-0016","address":"神戸市長田区北町１-２","voronoi":{"type":"Feature","geometry":{"type":"Polygon","coordinates":[[[135.145958,34.66766],[135.150171,34.661214],[135.152328,34.659804],[135.158598,34.66213],[135.158388,34.664668],[135.157229,34.667665],[135.156856,34.668088],[135.145958,34.66766]]]},"properties":{}}},
    {"code":9963009,"id":"9cdbe5","name":"西代","original_name":"西代","name_kana":"にしだい","closed":false,"lat":34.662374,"lng":135.144085,"prefecture":28,"numbering":["HS39","SY01"],"lines":[99630,99637],"attr":"heat","postal_code":"653-0843","address":"神戸市長田区御屋敷通２-１１","voronoi":{"type":"Feature","geometry":{"type":"Polygon","coordinates":[[[135.140998,34.673662],[135.145958,34.66766],[135.150171,34.661214],[135.139284,34.658726],[135.135951,34.674112],[135.13938,34.674125],[135.140998,34.673662]]]},"properties":{}}}
  ]
}