{
  "code":99631,
  "id":503,
  "name":"神戸高速南北線",
  "name_kana":"こうべこうそくなんぼくせん",
  "station_size":2,
  "company_code":203,
  "closed":false,
  "color":"#DD0033",
  "symbol":"KB",
  "station_list":[
    {"code":9963006,"id":8148,"name":"新開地","original_name":"新開地","name_kana":"しんかいち","closed":false,"lat":34.675981,"lng":135.169291,"prefecture":28,"numbering":["KB01"],"lines":[99630,99631],"attr":"eco","postal_code":"652-0811","address":"神戸市兵庫区新開地２-３","voronoi":{"type":"Feature","geometry":{"type":"Polygon","coordinates":[[[135.175082,34.672773],[135.170748,34.679375],[135.16688,34.676683],[135.164752,34.674761],[135.16603,34.672744],[135.170789,34.669887],[135.175082,34.672773]]]},"properties":{}}},
    {"code":9963102,"id":8152,"name":"湊川","original_name":"湊川","name_kana":"みなとがわ","closed":false,"lat":34.679153,"lng":135.166426,"prefecture":28,"numbering":["KB02"],"lines":[99631,99632],"attr":"cool","postal_code":"652-0032","address":"神戸市兵庫区荒田町１-２０-３","voronoi":{"type":"Feature","geometry":{"type":"Polygon","coordinates":[[[135.166245,34.68816],[135.16688,34.676683],[135.164752,34.674761],[135.162426,34.676137],[135.158229,34.681893],[135.160403,34.696812],[135.160407,34.69682],[135.166245,34.68816]]]},"properties":{}}}
  ]
}