{
  "code":99642,
  "id":"e2c598",
  "name":"三木線",
  "name_kana":"みきせん",
  "name_formal":"三木鉄道三木線",
  "station_size":9,
  "company_code":208,
  "closed":true,
  "station_list":[
    {"code":1163204,"id":"957c13","name":"厄神","original_name":"厄神","name_kana":"やくじん","closed":false,"lat":34.794623,"lng":134.90682,"prefecture":28,"lines":[11632,99642],"attr":"eco","postal_code":"675-1213","address":"加古川市上荘町国包","voronoi":{"type":"Feature","geometry":{"type":"Polygon","coordinates":[[[134.907522,34.755223],[134.920913,34.75199],[134.920762,34.764096],[134.906014,34.816093],[134.889081,34.821152],[134.896703,34.763559],[134.907522,34.755223]]]},"properties":{}}},
    {"code":9964202,"id":"8491b6","name":"国包","original_name":"国包","name_kana":"くにかね","closed":true,"lat":34.797397,"lng":134.9166,"prefecture":28,"lines":[99642],"attr":"unknown","postal_code":"675-1213","address":"兵庫県加古川市上荘町国包","closed_date":"2008-04-01","voronoi":{"type":"Feature","geometry":{"type":"Polygon","coordinates":[[[134.920762,34.764096],[134.906014,34.816093],[134.914489,34.815656],[134.917489,34.813484],[134.921655,34.781835],[134.921222,34.767371],[134.920762,34.764096]]]},"properties":{}}},
    {"code":9964203,"id":"760326","name":"宗佐","original_name":"宗佐","name_kana":"そうさ","closed":true,"lat":34.798175,"lng":134.922511,"prefecture":28,"lines":[99642],"attr":"unknown","postal_code":"675-1201","address":"兵庫県加古川市八幡町宗佐","closed_date":"2008-04-01","voronoi":{"type":"Feature","geometry":{"type":"Polygon","coordinates":[[[134.917489,34.813484],[134.921655,34.781835],[134.927484,34.808772],[134.917489,34.813484]]]},"properties":{}}},
    {"code":9964204,"id":"69e6a0","name":"下石野","original_name":"下石野","name_kana":"しもいしの","closed":true,"lat":34.797067,"lng":134.927631,"prefecture":28,"lines":[99642],"attr":"unknown","postal_code":"673-0453","address":"兵庫県三木市別所町下石野1丁目","closed_date":"2008-04-01","voronoi":{"type":"Feature","geometry":{"type":"Polygon","coordinates":[[[134.921222,34.767371],[134.921655,34.781835],[134.927484,34.808772],[134.934531,34.807234],[134.921222,34.767371]]]},"properties":{}}},
    {"code":9964205,"id":"f0c4a0","name":"石野","original_name":"石野","name_kana":"いしの","closed":true,"lat":34.794961,"lng":134.933939,"prefecture":28,"lines":[99642],"attr":"unknown","postal_code":"673-0453","address":"兵庫県三木市別所町下石野3丁目","closed_date":"2008-04-01","voronoi":{"type":"Feature","geometry":{"type":"Polygon","coordinates":[[[134.942799,34.807131],[134.943055,34.739148],[134.94137,34.739625],[134.920913,34.75199],[134.920762,34.764096],[134.921222,34.767371],[134.934531,34.807234],[134.941924,34.807672],[134.942799,34.807131]]]},"properties":{}}},
    {"code":9964206,"id":"901b13","name":"西這田","original_name":"西這田","name_kana":"にしほうだ","closed":true,"lat":34.795028,"lng":134.95175,"prefecture":28,"lines":[99642],"attr":"unknown","postal_code":"673-0445","address":"兵庫県三木市別所町西這田1丁目","closed_date":"2008-04-01","voronoi":{"type":"Feature","geometry":{"type":"Polygon","coordinates":[[[134.942799,34.807131],[134.957163,34.808267],[134.958142,34.806857],[134.954749,34.737441],[134.944212,34.738611],[134.943055,34.739148],[134.942799,34.807131]]]},"properties":{}}},
    {"code":9964207,"id":"ec0659","name":"別所","original_name":"別所","name_kana":"べっしょ","closed":true,"lat":34.794461,"lng":134.96335,"prefecture":28,"lines":[99642],"attr":"unknown","postal_code":"673-0444","address":"兵庫県三木市別所町東這田","closed_date":"2008-04-01","voronoi":{"type":"Feature","geometry":{"type":"Polygon","coordinates":[[[134.960336,34.736242],[134.954749,34.737441],[134.958142,34.806857],[134.967696,34.801418],[134.960336,34.736242]]]},"properties":{}}},
    {"code":9964208,"id":"1198aa","name":"高木(兵庫)","original_name":"高木","name_kana":"たかぎ","closed":true,"lat":34.793667,"lng":134.970381,"prefecture":28,"lines":[99642],"attr":"unknown","postal_code":"673-0435","address":"兵庫県三木市別所町高木","closed_date":"2008-04-01","voronoi":{"type":"Feature","geometry":{"type":"Polygon","coordinates":[[[134.967696,34.801418],[134.960336,34.736242],[134.961319,34.735968],[134.976128,34.745354],[134.979334,34.756002],[134.972956,34.801041],[134.967696,34.801418]]]},"properties":{}}},
    {"code":9964209,"id":"e5e12c","name":"三木(三木鉄道)","original_name":"三木","name_kana":"みき","closed":true,"lat":34.794672,"lng":134.977478,"prefecture":28,"lines":[99642],"attr":"unknown","postal_code":"673-0403","address":"兵庫県三木市末広一丁目1-35","closed_date":"2008-04-01","voronoi":{"type":"Feature","geometry":{"type":"Polygon","coordinates":[[[134.972956,34.801041],[134.974012,34.801494],[134.985342,34.792682],[134.990054,34.78268],[134.99008,34.782504],[134.979334,34.756002],[134.972956,34.801041]]]},"properties":{}}}
  ],
  "closed_date":"2008-04-01"
}