{
  "code":99643,
  "id":512,
  "name":"北条鉄道",
  "name_kana":"ほくじょうてつどう",
  "name_formal":"北条鉄道北条線",
  "station_size":8,
  "company_code":209,
  "closed":false,
  "station_list":[
    {"code":1163207,"id":3186,"name":"粟生","original_name":"粟生","name_kana":"あお","closed":false,"lat":34.856859,"lng":134.909509,"prefecture":28,"lines":[11632,99635,99643],"attr":"eco","postal_code":"675-1358","address":"小野市粟生町","voronoi":{"type":"Feature","geometry":{"type":"Polygon","coordinates":[[[134.889899,34.835953],[134.907808,34.84285],[134.921891,34.864738],[134.896476,34.876114],[134.889899,34.835953]]]},"properties":{}}},
    {"code":9964302,"id":8246,"name":"網引","original_name":"網引","name_kana":"あびき","closed":false,"lat":34.862022,"lng":134.877982,"prefecture":28,"lines":[99643],"attr":"heat","postal_code":"675-2113","address":"加西市網引町字堂の前","voronoi":{"type":"Feature","geometry":{"type":"Polygon","coordinates":[[[134.880632,34.890581],[134.860805,34.826256],[134.883285,34.826532],[134.889899,34.835953],[134.896476,34.876114],[134.886513,34.900175],[134.880632,34.890581]]]},"properties":{}}},
    {"code":9964303,"id":8247,"name":"田原","original_name":"田原","name_kana":"たはら","closed":false,"lat":34.865486,"lng":134.866744,"prefecture":28,"lines":[99643],"attr":"heat","postal_code":"675-2114","address":"加西市田原町字前","voronoi":{"type":"Feature","geometry":{"type":"Polygon","coordinates":[[[134.826895,34.833634],[134.840496,34.824434],[134.845906,34.823836],[134.860805,34.826256],[134.880632,34.890581],[134.826895,34.833634]]]},"properties":{}}},
    {"code":9964304,"id":8248,"name":"法華口","original_name":"法華口","name_kana":"ほっけぐち","closed":false,"lat":34.875262,"lng":134.856384,"prefecture":28,"lines":[99643],"attr":"heat","postal_code":"675-2212","address":"加西市東笠原町字沖","voronoi":{"type":"Feature","geometry":{"type":"Polygon","coordinates":[[[134.880632,34.890581],[134.826895,34.833634],[134.819006,34.837491],[134.870633,34.91388],[134.882114,34.918895],[134.886164,34.905743],[134.886513,34.900175],[134.880632,34.890581]]]},"properties":{}}},
    {"code":9964305,"id":8249,"name":"播磨下里","original_name":"播磨下里","name_kana":"はりましもさと","closed":false,"lat":34.886258,"lng":134.840114,"prefecture":28,"lines":[99643],"attr":"eco","postal_code":"675-2231","address":"加西市王子町字野中","voronoi":{"type":"Feature","geometry":{"type":"Polygon","coordinates":[[[134.819006,34.837491],[134.870633,34.91388],[134.852982,34.910831],[134.841797,34.903965],[134.799381,34.844011],[134.801697,34.84226],[134.819006,34.837491]]]},"properties":{}}},
    {"code":9964306,"id":8250,"name":"長","original_name":"長","name_kana":"おさ","closed":false,"lat":34.896484,"lng":134.82566,"prefecture":28,"lines":[99643],"attr":"eco","postal_code":"675-2342","address":"加西市西長町字二反田","voronoi":{"type":"Feature","geometry":{"type":"Polygon","coordinates":[[[134.795961,34.845861],[134.782716,34.856399],[134.779894,34.865866],[134.777652,34.885112],[134.780481,34.902152],[134.841797,34.903965],[134.799381,34.844011],[134.795961,34.845861]]]},"properties":{}}},
    {"code":9964307,"id":8251,"name":"播磨横田","original_name":"播磨横田","name_kana":"はりまよこた","closed":false,"lat":34.91048,"lng":134.825246,"prefecture":28,"lines":[99643],"attr":"cool","postal_code":"675-2335","address":"加西市西横田町字下モ田","voronoi":{"type":"Feature","geometry":{"type":"Polygon","coordinates":[[[134.786915,34.934045],[134.780494,34.903416],[134.780481,34.902152],[134.841797,34.903965],[134.852982,34.910831],[134.788074,34.93577],[134.786915,34.934045]]]},"properties":{}}},
    {"code":9964308,"id":8252,"name":"北条町","original_name":"北条町","name_kana":"ほうじょうまち","closed":false,"lat":34.929664,"lng":134.832617,"prefecture":28,"lines":[99643],"attr":"cool","postal_code":"675-2312","address":"加西市北条町北条","voronoi":{"type":"Feature","geometry":{"type":"Polygon","coordinates":[[[134.788074,34.93577],[134.852982,34.910831],[134.870633,34.91388],[134.882114,34.918895],[134.883331,34.922481],[134.889103,34.985526],[134.888738,34.989451],[134.872518,35.041996],[134.839712,35.014831],[134.797951,34.961917],[134.788074,34.93577]]]},"properties":{}}}
  ]
}