{
  "code":99646,
  "id":515,
  "name":"神戸市営地下鉄山手線",
  "name_kana":"こうべしえいちかてつやまてせん",
  "station_size":8,
  "company_code":211,
  "closed":false,
  "color":"#01AF98",
  "symbol":"S",
  "station_list":[
    {"code":100302,"id":8196,"name":"新神戸","original_name":"新神戸","name_kana":"しんこうべ","closed":false,"lat":34.706417,"lng":135.195758,"prefecture":28,"numbering":["S02"],"lines":[1003,99636,99646],"attr":"heat","postal_code":"650-0001","address":"神戸市中央区加納町１丁目","voronoi":{"type":"Feature","geometry":{"type":"Polygon","coordinates":[[[135.199037,34.700373],[135.186612,34.70112],[135.170323,34.713624],[135.173323,34.722302],[135.181514,34.73314],[135.1931,34.738242],[135.201798,34.739404],[135.205433,34.71836],[135.199037,34.700373]]]},"properties":{}}},
    {"code":9963001,"id":6184,"name":"三宮(神戸三宮)","original_name":"三宮(神戸三宮)","name_kana":"さんのみや(こうべさんのみや)","closed":false,"lat":34.693502,"lng":135.195104,"prefecture":28,"numbering":["S03"],"lines":[34001,35001,99630,99646,99648],"attr":"heat","postal_code":"650-0001","address":"神戸市中央区加納町４-２-１","voronoi":{"type":"Feature","geometry":{"type":"Polygon","coordinates":[[[135.200047,34.694315],[135.190484,34.693967],[135.192159,34.691832],[135.199233,34.693461],[135.200047,34.694315]]]},"properties":{}}},
    {"code":9964603,"id":8272,"name":"県庁前(兵庫)","original_name":"県庁前","name_kana":"けんちょうまえ","closed":false,"lat":34.690916,"lng":135.183859,"prefecture":28,"numbering":["S04"],"lines":[99646],"attr":"heat","postal_code":"650-0011","address":"神戸市中央区下山手通５","voronoi":{"type":"Feature","geometry":{"type":"Polygon","coordinates":[[[135.186612,34.70112],[135.170323,34.713624],[135.165505,34.708034],[135.176725,34.69142],[135.182984,34.688374],[135.184947,34.688419],[135.188078,34.696857],[135.186612,34.70112]]]},"properties":{}}},
    {"code":9964604,"id":8273,"name":"大倉山(兵庫)","original_name":"大倉山","name_kana":"おおくらやま","closed":false,"lat":34.684614,"lng":135.174527,"prefecture":28,"numbering":["S05"],"lines":[99646],"attr":"heat","postal_code":"650-0017","address":"神戸市中央区楠町３","voronoi":{"type":"Feature","geometry":{"type":"Polygon","coordinates":[[[135.176725,34.69142],[135.177537,34.687638],[135.176786,34.682328],[135.17627,34.681959],[135.170685,34.68205],[135.166245,34.68816],[135.160407,34.69682],[135.162657,34.705943],[135.165505,34.708034],[135.176725,34.69142]]]},"properties":{}}},
    {"code":9964605,"id":8274,"name":"湊川公園","original_name":"湊川公園","name_kana":"みなとがわこうえん","closed":false,"lat":34.679188,"lng":135.167059,"prefecture":28,"numbering":["S06"],"lines":[99646],"attr":"eco","postal_code":"652-0047","address":"神戸市兵庫区下沢通１","voronoi":{"type":"Feature","geometry":{"type":"Polygon","coordinates":[[[135.170748,34.679375],[135.170685,34.68205],[135.166245,34.68816],[135.16688,34.676683],[135.170748,34.679375]]]},"properties":{}}},
    {"code":9964606,"id":8275,"name":"上沢","original_name":"上沢","name_kana":"かみさわ","closed":false,"lat":34.673251,"lng":135.158331,"prefecture":28,"numbering":["S07"],"lines":[99646],"attr":"eco","postal_code":"652-0047","address":"神戸市兵庫区下沢通８","voronoi":{"type":"Feature","geometry":{"type":"Polygon","coordinates":[[[135.151878,34.675248],[135.156856,34.668088],[135.157229,34.667665],[135.162426,34.676137],[135.158229,34.681893],[135.151878,34.675248]]]},"properties":{}}},
    {"code":9964607,"id":8276,"name":"長田(神戸市交通局)","original_name":"長田","name_kana":"ながた","closed":false,"lat":34.668503,"lng":135.151502,"prefecture":28,"numbering":["S08"],"lines":[99646],"attr":"cool","postal_code":"653-0004","address":"神戸市長田区四番町7丁目","voronoi":{"type":"Feature","geometry":{"type":"Polygon","coordinates":[[[135.145958,34.66766],[135.140998,34.673662],[135.151878,34.675248],[135.156856,34.668088],[135.145958,34.66766]]]},"properties":{}}},
    {"code":1160803,"id":2832,"name":"新長田","original_name":"新長田","name_kana":"しんながた","closed":false,"lat":34.657525,"lng":135.145193,"prefecture":28,"numbering":["S09"],"lines":[11608,99645,99646,99647],"attr":"cool","postal_code":"653-0841","address":"神戸市長田区松野通１丁目","voronoi":{"type":"Feature","geometry":{"type":"Polygon","coordinates":[[[135.152328,34.659804],[135.150171,34.661214],[135.139284,34.658726],[135.138886,34.656878],[135.142447,34.65085],[135.151861,34.658429],[135.152328,34.659804]]]},"properties":{}}}
  ]
}