{
  "code":99645,
  "id":514,
  "name":"神戸市営地下鉄西神線",
  "name_kana":"こうべしえいちかてつせいしんせん",
  "station_size":9,
  "company_code":211,
  "closed":false,
  "color":"#01AF98",
  "symbol":"S",
  "station_list":[
    {"code":1160803,"id":2832,"name":"新長田","original_name":"新長田","name_kana":"しんながた","closed":false,"lat":34.657525,"lng":135.145193,"prefecture":28,"numbering":["S09"],"lines":[11608,99645,99646,99647],"attr":"cool","postal_code":"653-0841","address":"神戸市長田区松野通１丁目","voronoi":{"type":"Feature","geometry":{"type":"Polygon","coordinates":[[[135.152328,34.659804],[135.150171,34.661214],[135.139284,34.658726],[135.138886,34.656878],[135.142447,34.65085],[135.151861,34.658429],[135.152328,34.659804]]]},"properties":{}}},
    {"code":9963702,"id":8197,"name":"板宿","original_name":"板宿","name_kana":"いたやど","closed":false,"lat":34.66006,"lng":135.133403,"prefecture":28,"numbering":["S10"],"lines":[99637,99645],"attr":"heat","postal_code":"654-0021","address":"神戸市須磨区平田町３-３-１０","voronoi":{"type":"Feature","geometry":{"type":"Polygon","coordinates":[[[135.138886,34.656878],[135.139284,34.658726],[135.135951,34.674112],[135.128002,34.677368],[135.12191,34.667947],[135.132382,34.655427],[135.138886,34.656878]]]},"properties":{}}},
    {"code":9964503,"id":8264,"name":"妙法寺(兵庫)","original_name":"妙法寺","name_kana":"みょうほうじ","closed":false,"lat":34.675194,"lng":135.110002,"prefecture":28,"numbering":["S11"],"lines":[99645],"attr":"heat","postal_code":"654-0121","address":"神戸市須磨区妙法寺字東丈夫谷","voronoi":{"type":"Feature","geometry":{"type":"Polygon","coordinates":[[[135.105143,34.658912],[135.110721,34.660102],[135.115712,34.662468],[135.12191,34.667947],[135.128002,34.677368],[135.125707,34.684644],[135.11548,34.703608],[135.109763,34.70441],[135.09727,34.6586],[135.097977,34.658414],[135.105143,34.658912]]]},"properties":{}}},
    {"code":9964504,"id":8265,"name":"名谷","original_name":"名谷","name_kana":"みょうだに","closed":false,"lat":34.67936,"lng":135.094725,"prefecture":28,"numbering":["S12"],"lines":[99645],"attr":"heat","postal_code":"654-0154","address":"神戸市須磨区中落合２-３-１","voronoi":{"type":"Feature","geometry":{"type":"Polygon","coordinates":[[[135.089373,34.711519],[135.082309,34.658153],[135.084651,34.657522],[135.086158,34.657148],[135.09727,34.6586],[135.109763,34.70441],[135.092811,34.711855],[135.089373,34.711519]]]},"properties":{}}},
    {"code":9964505,"id":8266,"name":"総合運動公園","original_name":"総合運動公園","name_kana":"そうごううんどうこうえん","closed":false,"lat":34.68186,"lng":135.075838,"prefecture":28,"numbering":["S13"],"lines":[99645],"attr":"eco","postal_code":"654-0163","address":"神戸市須磨区緑台","voronoi":{"type":"Feature","geometry":{"type":"Polygon","coordinates":[[[135.066057,34.714565],[135.067294,34.656865],[135.071201,34.656646],[135.082309,34.658153],[135.089373,34.711519],[135.07218,34.71499],[135.066057,34.714565]]]},"properties":{}}},
    {"code":9964506,"id":8267,"name":"学園都市","original_name":"学園都市","name_kana":"がくえんとし","closed":false,"lat":34.681471,"lng":135.057687,"prefecture":28,"numbering":["S14"],"lines":[99645],"attr":"eco","postal_code":"651-2103","address":"神戸市西区学園西町１","voronoi":{"type":"Feature","geometry":{"type":"Polygon","coordinates":[[[135.040556,34.661702],[135.047652,34.656813],[135.048623,34.656321],[135.050036,34.655909],[135.059284,34.655186],[135.06325,34.655638],[135.067294,34.656865],[135.066057,34.714565],[135.061509,34.715485],[135.040556,34.661702]]]},"properties":{}}},
    {"code":9964507,"id":8268,"name":"伊川谷","original_name":"伊川谷","name_kana":"いかわだに","closed":false,"lat":34.68785,"lng":135.041313,"prefecture":28,"numbering":["S15"],"lines":[99645],"attr":"eco","postal_code":"651-2109","address":"神戸市西区前開南町１-２-１","voronoi":{"type":"Feature","geometry":{"type":"Polygon","coordinates":[[[135.040556,34.661702],[135.034215,34.663394],[135.019717,34.671308],[135.015798,34.674437],[135.059613,34.716423],[135.061509,34.715485],[135.040556,34.661702]]]},"properties":{}}},
    {"code":9964508,"id":8269,"name":"西神南","original_name":"西神南","name_kana":"せいしんみなみ","closed":false,"lat":34.699357,"lng":135.030286,"prefecture":28,"numbering":["S16"],"lines":[99645],"attr":"cool","postal_code":"651-2242","address":"神戸市西区井吹台東町１","voronoi":{"type":"Feature","geometry":{"type":"Polygon","coordinates":[[[134.992113,34.689146],[135.0482,34.72505],[135.050701,34.723875],[135.059613,34.716423],[135.015798,34.674437],[135.010454,34.676656],[135.002493,34.680913],[134.992435,34.688469],[134.992113,34.689146]]]},"properties":{}}},
    {"code":9964509,"id":8270,"name":"西神中央","original_name":"西神中央","name_kana":"せいしんちゅうおう","closed":false,"lat":34.719538,"lng":135.017367,"prefecture":28,"numbering":["S17"],"lines":[99645],"attr":"cool","postal_code":"651-2273","address":"神戸市西区糀台５","voronoi":{"type":"Feature","geometry":{"type":"Polygon","coordinates":[[[134.975137,34.707257],[134.961319,34.735968],[134.976128,34.745354],[134.991741,34.747778],[135.021002,34.742421],[135.045696,34.727797],[135.0482,34.72505],[134.992113,34.689146],[134.975137,34.707257]]]},"properties":{}}}
  ]
}