{
  "code":99648,
  "id":"977261",
  "name":"神戸新交通ポートアイランド線",
  "name_kana":"こうべしんこうつうぽーとあいらんどせん",
  "station_size":12,
  "company_code":212,
  "closed":false,
  "station_list":[
    {"code":9963001,"id":"3b382f","name":"三宮(神戸三宮)","original_name":"三宮(神戸三宮)","name_kana":"さんのみや(こうべさんのみや)","closed":false,"lat":34.693502,"lng":135.195104,"prefecture":28,"numbering":["P01"],"lines":[34001,35001,99630,99646,99648],"attr":"heat","postal_code":"650-0001","address":"神戸市中央区加納町４-２-１","voronoi":{"type":"Feature","geometry":{"type":"Polygon","coordinates":[[[135.200047,34.694315],[135.190484,34.693967],[135.192159,34.691832],[135.199233,34.693461],[135.200047,34.694315]]]},"properties":{}}},
    {"code":9964802,"id":"6e49b8","name":"貿易センター","original_name":"貿易センター","name_kana":"ぼうえきせんたー","closed":false,"lat":34.689339,"lng":135.199469,"prefecture":28,"numbering":["P02"],"lines":[99648],"attr":"heat","postal_code":"651-0084","address":"神戸市中央区磯辺通３","voronoi":{"type":"Feature","geometry":{"type":"Polygon","coordinates":[[[135.194634,34.683255],[135.194641,34.68554],[135.199233,34.693461],[135.200047,34.694315],[135.201975,34.695882],[135.210473,34.688784],[135.194634,34.683255]]]},"properties":{}}},
    {"code":9964803,"id":"ef3b0a","name":"ポートターミナル","original_name":"ポートターミナル","name_kana":"ぽーとたーみなる","closed":false,"lat":34.681501,"lng":135.202205,"prefecture":28,"numbering":["P03"],"lines":[99648],"attr":"heat","postal_code":"650-0041","address":"神戸市中央区新港町新港第四突堤","voronoi":{"type":"Feature","geometry":{"type":"Polygon","coordinates":[[[135.191799,34.669094],[135.191041,34.675152],[135.191987,34.679094],[135.194634,34.683255],[135.210473,34.688784],[135.214732,34.687421],[135.210588,34.680932],[135.191799,34.669094]]]},"properties":{}}},
    {"code":9964804,"id":"15a08f","name":"中公園","original_name":"中公園","name_kana":"なかこうえん","closed":false,"lat":34.673124,"lng":135.207483,"prefecture":28,"numbering":["P04"],"lines":[99648],"attr":"heat","postal_code":"650-0046","address":"神戸市中央区港島中町４","voronoi":{"type":"Feature","geometry":{"type":"Polygon","coordinates":[[[135.191799,34.669094],[135.191799,34.669092],[135.193451,34.661552],[135.211115,34.672421],[135.210588,34.680932],[135.191799,34.669094]]]},"properties":{}}},
    {"code":9964805,"id":"116e7c","name":"みなとじま","original_name":"みなとじま","name_kana":"みなとじま","closed":false,"lat":34.668863,"lng":135.210105,"prefecture":28,"numbering":["P05"],"lines":[99648],"attr":"heat","postal_code":"650-0046","address":"神戸市中央区港島中町４","open_date":"1981-02-05","voronoi":{"type":"Feature","geometry":{"type":"Polygon","coordinates":[[[135.193451,34.661552],[135.211115,34.672421],[135.213542,34.670085],[135.213646,34.668282],[135.194222,34.656773],[135.193696,34.658402],[135.193451,34.661552]]]},"properties":{}}},
    {"code":9964806,"id":"459836","name":"市民広場","original_name":"市民広場","name_kana":"しみんひろば","closed":false,"lat":34.664897,"lng":135.212455,"prefecture":28,"numbering":["P06"],"lines":[99648],"attr":"heat","postal_code":"650-0046","address":"神戸市中央区港島中町６","voronoi":{"type":"Feature","geometry":{"type":"Polygon","coordinates":[[[135.195546,34.650138],[135.194222,34.656773],[135.213646,34.668282],[135.214844,34.667009],[135.214582,34.66185],[135.195546,34.650138]]]},"properties":{}}},
    {"code":9964807,"id":"192b5e","name":"医療センター","original_name":"医療センター","name_kana":"いりょうせんたー","closed":false,"lat":34.658578,"lng":135.216343,"prefecture":28,"numbering":["P07"],"lines":[99648],"attr":"eco","postal_code":"650-0047","address":"神戸市中央区港島南町１丁目","open_date":"2006-02-02","voronoi":{"type":"Feature","geometry":{"type":"Polygon","coordinates":[[[135.22198,34.661043],[135.206961,34.638544],[135.196104,34.632096],[135.195546,34.650138],[135.214582,34.66185],[135.22198,34.661043]]]},"properties":{}}},
    {"code":9964808,"id":"34f998","name":"計算科学センター（神戸どうぶつ王国・「富岳」前）","original_name":"計算科学センター（神戸どうぶつ王国・「富岳」前）","name_kana":"けいさんかがくせんたー(こうべどうぶつおうこく・ふがくまえ)","closed":false,"lat":34.654892,"lng":135.221865,"prefecture":28,"numbering":["P08"],"lines":[99648],"attr":"eco","postal_code":"650-0047","address":"神戸市中央区港島南町７丁目","open_date":"2006-02-02","voronoi":{"type":"Feature","geometry":{"type":"Polygon","coordinates":[[[135.245297,34.670644],[135.253365,34.657362],[135.206961,34.638544],[135.22198,34.661043],[135.233265,34.666652],[135.245297,34.670644]]]},"properties":{}}},
    {"code":9964809,"id":"d001c1","name":"神戸空港","original_name":"神戸空港","name_kana":"こうべくうこう","closed":false,"lat":34.637194,"lng":135.229042,"prefecture":28,"numbering":["P09"],"lines":[99648],"attr":"eco","postal_code":"650-0048","address":"神戸市中央区神戸空港１番","voronoi":{"type":"Feature","geometry":{"type":"Polygon","coordinates":[[[135.18502,34.601868],[135.196104,34.632096],[135.206961,34.638544],[135.253365,34.657362],[135.313236,34.605069],[135.316668,34.568658],[135.306293,34.554903],[135.298046,34.545542],[135.29167,34.540559],[135.168111,34.531729],[135.172975,34.557655],[135.18502,34.601868]]]},"properties":{}}},
    {"code":9964810,"id":"100d98","name":"南公園","original_name":"南公園","name_kana":"みなみこうえん","closed":false,"lat":34.664666,"lng":135.217007,"prefecture":28,"numbering":["PL07"],"lines":[99648],"attr":"eco","postal_code":"650-0046","address":"神戸市中央区港島中町８","voronoi":{"type":"Feature","geometry":{"type":"Polygon","coordinates":[[[135.22198,34.661043],[135.214582,34.66185],[135.214844,34.667009],[135.233265,34.666652],[135.22198,34.661043]]]},"properties":{}}},
    {"code":9964811,"id":"a91c5c","name":"中埠頭","original_name":"中埠頭","name_kana":"なかふとう","closed":false,"lat":34.669266,"lng":135.217096,"prefecture":28,"numbering":["PL08"],"lines":[99648],"attr":"cool","postal_code":"650-0046","address":"神戸市中央区港島中町７","voronoi":{"type":"Feature","geometry":{"type":"Polygon","coordinates":[[[135.233265,34.666652],[135.245297,34.670644],[135.242127,34.681907],[135.23726,34.683676],[135.213542,34.670085],[135.213646,34.668282],[135.214844,34.667009],[135.233265,34.666652]]]},"properties":{}}},
    {"code":9964812,"id":"aee505","name":"北埠頭","original_name":"北埠頭","name_kana":"きたふとう","closed":false,"lat":34.673566,"lng":135.214632,"prefecture":28,"numbering":["PL09"],"lines":[99648],"attr":"cool","postal_code":"650-0046","address":"神戸市中央区港島中町２","voronoi":{"type":"Feature","geometry":{"type":"Polygon","coordinates":[[[135.219009,34.688519],[135.225707,34.687788],[135.2342,34.68515],[135.23726,34.683676],[135.213542,34.670085],[135.211115,34.672421],[135.210588,34.680932],[135.214732,34.687421],[135.219009,34.688519]]]},"properties":{}}}
  ]
}