{
  "code":99647,
  "id":"ce019b",
  "name":"神戸市営地下鉄海岸線(夢かもめ)",
  "name_kana":"こうべしえいちかてつかいがんせん",
  "name_formal":"神戸市営地下鉄海岸線",
  "station_size":10,
  "company_code":211,
  "closed":false,
  "color":"#00469C",
  "symbol":"K",
  "station_list":[
    {"code":9964710,"id":"c46914","name":"三宮・花時計前","original_name":"三宮・花時計前","name_kana":"さんのみや・はなどけいまえ","closed":false,"lat":34.691618,"lng":135.195538,"prefecture":28,"numbering":["K01"],"lines":[99647],"attr":"heat","postal_code":"651-0087","address":"神戸市中央区御幸通８","voronoi":{"type":"Feature","geometry":{"type":"Polygon","coordinates":[[[135.19923,34.693456],[135.192156,34.691839],[135.194641,34.68554],[135.19923,34.693456]]]},"properties":{}}},
    {"code":9964709,"id":"74b684","name":"旧居留地・大丸前","original_name":"旧居留地・大丸前","name_kana":"きゅうきょりゅうち・だいまるまえ","closed":false,"lat":34.689369,"lng":135.189836,"prefecture":28,"numbering":["K02"],"lines":[99647],"attr":"heat","postal_code":"650-0021","address":"神戸市中央区三宮町２","voronoi":{"type":"Feature","geometry":{"type":"Polygon","coordinates":[[[135.192156,34.691839],[135.19049,34.693961],[135.189169,34.695239],[135.188228,34.685402],[135.191987,34.679094],[135.194634,34.683255],[135.194641,34.68554],[135.192156,34.691839]]]},"properties":{}}},
    {"code":9964708,"id":"435cc4","name":"みなと元町","original_name":"みなと元町","name_kana":"みなともとまち","closed":false,"lat":34.685875,"lng":135.183973,"prefecture":28,"numbering":["K03"],"lines":[99647],"attr":"heat","postal_code":"650-0023","address":"神戸市中央区栄町通４","voronoi":{"type":"Feature","geometry":{"type":"Polygon","coordinates":[[[135.184947,34.688419],[135.182984,34.688374],[135.182485,34.683328],[135.183802,34.680409],[135.191041,34.675152],[135.191987,34.679094],[135.188228,34.685402],[135.184947,34.688419]]]},"properties":{}}},
    {"code":9964707,"id":"8ea940","name":"ハーバーランド","original_name":"ハーバーランド","name_kana":"はーばーらんど","closed":false,"lat":34.678554,"lng":135.178657,"prefecture":28,"numbering":["K04"],"lines":[99647],"attr":"heat","postal_code":"650-0044","address":"神戸市中央区東川崎町１","voronoi":{"type":"Feature","geometry":{"type":"Polygon","coordinates":[[[135.181989,34.680725],[135.176365,34.677998],[135.17537,34.672804],[135.191799,34.669092],[135.191799,34.669094],[135.191041,34.675152],[135.183802,34.680409],[135.181989,34.680725]]]},"properties":{}}},
    {"code":9964706,"id":"41f726","name":"中央市場前","original_name":"中央市場前","name_kana":"ちゅうおういちばまえ","closed":false,"lat":34.666199,"lng":135.175866,"prefecture":28,"numbering":["K05"],"lines":[99647],"attr":"heat","postal_code":"652-0844","address":"神戸市兵庫区中之島１","voronoi":{"type":"Feature","geometry":{"type":"Polygon","coordinates":[[[135.169418,34.66275],[135.170789,34.669887],[135.175082,34.672773],[135.17537,34.672804],[135.191799,34.669092],[135.193451,34.661552],[135.193696,34.658402],[135.169418,34.66275]]]},"properties":{}}},
    {"code":1161302,"id":"c5f87f","name":"和田岬","original_name":"和田岬","name_kana":"わだみさき","closed":false,"lat":34.657278,"lng":135.174268,"prefecture":28,"numbering":["K06"],"lines":[11613,99647],"attr":"eco","postal_code":"652-0863","address":"神戸市兵庫区和田宮通４丁目","voronoi":{"type":"Feature","geometry":{"type":"Polygon","coordinates":[[[135.195546,34.650138],[135.194222,34.656773],[135.193696,34.658402],[135.169418,34.66275],[135.16804,34.66156],[135.18502,34.601868],[135.196104,34.632096],[135.195546,34.650138]]]},"properties":{}}},
    {"code":9964704,"id":"b2fd5c","name":"御崎公園","original_name":"御崎公園","name_kana":"みさきこうえん","closed":false,"lat":34.654641,"lng":135.164998,"prefecture":28,"numbering":["K07"],"lines":[99647],"attr":"eco","postal_code":"652-0875","address":"神戸市兵庫区浜中町１","voronoi":{"type":"Feature","geometry":{"type":"Polygon","coordinates":[[[135.16804,34.66156],[135.159944,34.661387],[135.170148,34.574893],[135.172975,34.557655],[135.18502,34.601868],[135.16804,34.66156]]]},"properties":{}}},
    {"code":9964703,"id":"adf5e0","name":"苅藻","original_name":"苅藻","name_kana":"かるも","closed":false,"lat":34.65365,"lng":135.156598,"prefecture":28,"numbering":["K08"],"lines":[99647],"attr":"eco","postal_code":"653-0024","address":"神戸市長田区浜添通５","voronoi":{"type":"Feature","geometry":{"type":"Polygon","coordinates":[[[135.170148,34.574893],[135.151861,34.658429],[135.152328,34.659804],[135.158598,34.66213],[135.159944,34.661387],[135.170148,34.574893]]]},"properties":{}}},
    {"code":9964702,"id":"0cb9de","name":"駒ヶ林","original_name":"駒ヶ林","name_kana":"こまがばやし","closed":false,"lat":34.652108,"lng":135.149554,"prefecture":28,"numbering":["K09"],"lines":[99647],"attr":"eco","postal_code":"653-0043","address":"神戸市長田区駒ヶ林町一丁目","voronoi":{"type":"Feature","geometry":{"type":"Polygon","coordinates":[[[135.170148,34.574893],[135.151861,34.658429],[135.142447,34.65085],[135.143216,34.625938],[135.163883,34.529893],[135.168111,34.531729],[135.172975,34.557655],[135.170148,34.574893]]]},"properties":{}}},
    {"code":1160803,"id":"aa210e","name":"新長田","original_name":"新長田","name_kana":"しんながた","closed":false,"lat":34.657525,"lng":135.145193,"prefecture":28,"numbering":["K10"],"lines":[11608,99645,99646,99647],"attr":"cool","postal_code":"653-0841","address":"神戸市長田区松野通１丁目","voronoi":{"type":"Feature","geometry":{"type":"Polygon","coordinates":[[[135.152328,34.659804],[135.150171,34.661214],[135.139284,34.658726],[135.138886,34.656878],[135.142447,34.65085],[135.151861,34.658429],[135.152328,34.659804]]]},"properties":{}}}
  ]
}