{
  "code":99650,
  "id":"5c0d37",
  "name":"紀州鉄道",
  "name_kana":"きしゅうてつどう",
  "name_formal":"紀州鉄道線",
  "station_size":5,
  "company_code":213,
  "closed":false,
  "station_list":[
    {"code":1163938,"id":"4cb64a","name":"御坊","original_name":"御坊","name_kana":"ごぼう","closed":false,"lat":33.907842,"lng":135.158773,"prefecture":30,"lines":[11639,99650],"attr":"heat","postal_code":"644-0012","address":"御坊市湯川町小松原","voronoi":{"type":"Feature","geometry":{"type":"Polygon","coordinates":[[[135.146655,33.904124],[135.138504,33.906601],[135.164113,33.926011],[135.169132,33.899911],[135.146655,33.904124]]]},"properties":{}}},
    {"code":9965002,"id":"6c3790","name":"学門","original_name":"学門","name_kana":"がくもん","closed":false,"lat":33.89627,"lng":135.156604,"prefecture":30,"lines":[99650],"attr":"cool","postal_code":"644-0011","address":"御坊市湯川町財部７５０-２","voronoi":{"type":"Feature","geometry":{"type":"Polygon","coordinates":[[[135.162787,33.888486],[135.162193,33.888814],[135.146655,33.904124],[135.169132,33.899911],[135.181836,33.883478],[135.181867,33.88121],[135.162787,33.888486]]]},"properties":{}}},
    {"code":9965003,"id":"e1c35a","name":"紀伊御坊","original_name":"紀伊御坊","name_kana":"きいごぼう","closed":false,"lat":33.894292,"lng":135.154655,"prefecture":30,"lines":[99650],"attr":"cool","postal_code":"644-0002","address":"御坊市薗２７５","voronoi":{"type":"Feature","geometry":{"type":"Polygon","coordinates":[[[135.162193,33.888814],[135.12507,33.902557],[135.138504,33.906601],[135.146655,33.904124],[135.162193,33.888814]]]},"properties":{}}},
    {"code":9965004,"id":"75aff9","name":"市役所前(和歌山)","original_name":"市役所前","name_kana":"しやくしょまえ","closed":false,"lat":33.889565,"lng":135.152905,"prefecture":30,"lines":[99650],"attr":"cool","postal_code":"644-0002","address":"御坊市薗３５１-２","voronoi":{"type":"Feature","geometry":{"type":"Polygon","coordinates":[[[135.162193,33.888814],[135.12507,33.902557],[135.041473,33.884718],[135.162787,33.888486],[135.162193,33.888814]]]},"properties":{}}},
    {"code":9965005,"id":"e531f9","name":"西御坊","original_name":"西御坊","name_kana":"にしごぼう","closed":false,"lat":33.886796,"lng":135.152991,"prefecture":30,"lines":[99650],"attr":"cool","postal_code":"644-0002","address":"御坊市薗５６３","voronoi":{"type":"Feature","geometry":{"type":"Polygon","coordinates":[[[134.919817,33.591321],[134.902768,33.67769],[134.908778,33.858121],[135.041473,33.884718],[135.162787,33.888486],[135.181867,33.88121],[135.186226,33.858156],[135.181807,33.848168],[134.919817,33.591321]]]},"properties":{}}}
  ]
}