{
  "code":99653,
  "id":602,
  "name":"京都丹後鉄道宮舞線",
  "name_kana":"きょうとたんごてつどうみやまいせん",
  "name_formal":"宮舞線",
  "station_size":7,
  "company_code":194,
  "closed":false,
  "color":"#0072BC",
  "symbol":"M",
  "station_list":[
    {"code":1162208,"id":3074,"name":"西舞鶴","original_name":"西舞鶴","name_kana":"にしまいづる","closed":false,"lat":35.441784,"lng":135.330545,"prefecture":26,"numbering":["M8"],"lines":[11622,99653,99654],"attr":"eco","postal_code":"624-0816","address":"舞鶴市字伊佐津","voronoi":{"type":"Feature","geometry":{"type":"Polygon","coordinates":[[[135.324247,35.481064],[135.346552,35.493796],[135.378146,35.41811],[135.308655,35.426976],[135.312847,35.465416],[135.324247,35.481064]]]},"properties":{}}},
    {"code":9960902,"id":7913,"name":"四所","original_name":"四所","name_kana":"ししょ","closed":false,"lat":35.446154,"lng":135.290471,"prefecture":26,"numbering":["M9"],"lines":[99653,99654],"attr":"eco","postal_code":"624-0951","address":"舞鶴市上福井","voronoi":{"type":"Feature","geometry":{"type":"Polygon","coordinates":[[[135.308655,35.426976],[135.269027,35.390754],[135.244439,35.385556],[135.23454,35.385211],[135.230681,35.395759],[135.227638,35.408427],[135.226657,35.417608],[135.231163,35.449727],[135.312847,35.465416],[135.308655,35.426976]]]},"properties":{}}},
    {"code":9960903,"id":7914,"name":"東雲(京都)","original_name":"東雲","name_kana":"しののめ","closed":false,"lat":35.475018,"lng":135.284927,"prefecture":26,"numbering":["M10"],"lines":[99653,99654],"attr":"eco","postal_code":"624-0965","address":"舞鶴市水間","voronoi":{"type":"Feature","geometry":{"type":"Polygon","coordinates":[[[135.235166,35.489196],[135.228792,35.471089],[135.231163,35.449727],[135.312847,35.465416],[135.324247,35.481064],[135.275653,35.49451],[135.235166,35.489196]]]},"properties":{}}},
    {"code":9960904,"id":7915,"name":"丹後神崎","original_name":"丹後神崎","name_kana":"たんごかんざき","closed":false,"lat":35.506463,"lng":135.293628,"prefecture":26,"numbering":["M11"],"lines":[99653,99654],"attr":"eco","postal_code":"624-0963","address":"舞鶴市油江","voronoi":{"type":"Feature","geometry":{"type":"Polygon","coordinates":[[[135.346552,35.493796],[135.38497,35.596441],[135.395337,35.675798],[135.275653,35.49451],[135.324247,35.481064],[135.346552,35.493796]]]},"properties":{}}},
    {"code":9960905,"id":7916,"name":"丹後由良","original_name":"丹後由良","name_kana":"たんごゆら","closed":false,"lat":35.515736,"lng":135.279582,"prefecture":26,"numbering":["M12"],"lines":[99653,99654],"attr":"eco","postal_code":"626-0071","address":"宮津市由良","voronoi":{"type":"Feature","geometry":{"type":"Polygon","coordinates":[[[135.395337,35.675798],[135.275653,35.49451],[135.235166,35.489196],[135.23483,35.494014],[135.412632,35.775054],[135.395337,35.675798]]]},"properties":{}}},
    {"code":9960906,"id":7917,"name":"栗田","original_name":"栗田","name_kana":"くんだ","closed":false,"lat":35.543757,"lng":135.235291,"prefecture":26,"numbering":["M13"],"lines":[99653,99654],"attr":"eco","postal_code":"626-0074","address":"宮津市上司","voronoi":{"type":"Feature","geometry":{"type":"Polygon","coordinates":[[[135.23483,35.494014],[135.412632,35.775054],[135.466321,35.974827],[135.48516,36.072559],[135.448537,36.145269],[135.36216,35.998711],[135.288839,35.85313],[135.211692,35.561403],[135.225769,35.508067],[135.227805,35.503763],[135.23483,35.494014]]]},"properties":{}}},
    {"code":9960814,"id":7912,"name":"宮津","original_name":"宮津","name_kana":"みやづ","closed":false,"lat":35.53441,"lng":135.199875,"prefecture":26,"numbering":["M14"],"lines":[99608,99609,99653,99654,99655],"attr":"eco","postal_code":"626-0041","address":"宮津市鶴賀","voronoi":{"type":"Feature","geometry":{"type":"Polygon","coordinates":[[[135.181612,35.538933],[135.211692,35.561403],[135.225769,35.508067],[135.181612,35.538933]]]},"properties":{}}}
  ]
}