{
  "code":99656,
  "id":"f6eba2",
  "name":"北丹鉄道",
  "name_kana":"ほくたんてつどう",
  "station_size":8,
  "company_code":302,
  "closed":true,
  "station_list":[
    {"code":1161514,"id":"19826e","name":"福知山","original_name":"福知山","name_kana":"ふくちやま","closed":false,"lat":35.296143,"lng":135.118564,"prefecture":26,"lines":[11615,11622,11630,99608,99656,99655],"attr":"heat","postal_code":"620-0000","address":"福知山市字天田無番地","voronoi":{"type":"Feature","geometry":{"type":"Polygon","coordinates":[[[135.151048,35.2772],[135.060699,35.25075],[135.110879,35.29878],[135.148948,35.304409],[135.151048,35.2772]]]},"properties":{}}},
    {"code":9965602,"id":"6ae152","name":"福知山西","original_name":"福知山西","name_kana":"ふくちやまにし","closed":true,"lat":35.303528,"lng":135.117472,"prefecture":26,"lines":[99656],"attr":"unknown","postal_code":"620-0051","address":"京都府福知山市昭和新町１６１−７１","voronoi":{"type":"Feature","geometry":{"type":"Polygon","coordinates":[[[135.110879,35.29878],[135.116436,35.315006],[135.12223,35.319276],[135.149906,35.327312],[135.148948,35.304409],[135.110879,35.29878]]]},"properties":{}}},
    {"code":9965603,"id":"870620","name":"下川停留所","original_name":"下川停留所","name_kana":"しもかわていりゅうじょ","closed":true,"lat":35.330028,"lng":135.109778,"prefecture":26,"lines":[99656],"attr":"unknown","postal_code":"620-0075","address":"京都府福知山市波江","voronoi":{"type":"Feature","geometry":{"type":"Polygon","coordinates":[[[135.149906,35.327312],[135.12223,35.319276],[135.099685,35.327755],[135.106591,35.334804],[135.13991,35.340103],[135.144033,35.339573],[135.153218,35.335326],[135.149906,35.327312]]]},"properties":{}}},
    {"code":9965604,"id":"bf753c","name":"上天津","original_name":"上天津","name_kana":"かみあまず","closed":true,"lat":35.340333,"lng":135.108139,"prefecture":26,"lines":[99656],"attr":"unknown","postal_code":"620-0000","address":"京都府福知山市字上天津１７８３","voronoi":{"type":"Feature","geometry":{"type":"Polygon","coordinates":[[[135.100106,35.351776],[135.106591,35.334804],[135.13991,35.340103],[135.102914,35.351257],[135.100106,35.351776]]]},"properties":{}}},
    {"code":9965605,"id":"06941f","name":"下天津(北丹鉄道)","original_name":"下天津","name_kana":"しもあまず","closed":true,"lat":35.357472,"lng":135.113306,"prefecture":26,"lines":[99656],"attr":"unknown","postal_code":"620-0072","address":"京都府福知山市字下天津２６９","voronoi":{"type":"Feature","geometry":{"type":"Polygon","coordinates":[[[135.133857,35.350761],[135.120528,35.364615],[135.102914,35.351257],[135.13991,35.340103],[135.144033,35.339573],[135.133857,35.350761]]]},"properties":{}}},
    {"code":9965606,"id":"80f3a6","name":"公庄(北丹鉄道)","original_name":"公庄","name_kana":"ぐじょう","closed":true,"lat":35.371556,"lng":135.127944,"prefecture":26,"lines":[99656],"attr":"unknown","postal_code":"620-0312","address":"京都府福知山市大江町公庄２２０１","voronoi":{"type":"Feature","geometry":{"type":"Polygon","coordinates":[[[135.063871,35.441499],[135.064304,35.441282],[135.097163,35.420457],[135.123988,35.389576],[135.133857,35.350761],[135.120528,35.364615],[135.063871,35.441499]]]},"properties":{}}},
    {"code":9965607,"id":"79ad65","name":"蓼原停留所","original_name":"蓼原停留所","name_kana":"たではるていりゅうじょ","closed":true,"lat":35.383139,"lng":135.141278,"prefecture":26,"lines":[99656],"attr":"unknown","postal_code":"620-0311","address":"京都府福知山市大江町蓼原３７９−４","voronoi":{"type":"Feature","geometry":{"type":"Polygon","coordinates":[[[135.165875,35.344445],[135.123988,35.389576],[135.097163,35.420457],[135.112382,35.413816],[135.146422,35.383812],[135.176115,35.349297],[135.165875,35.344445]]]},"properties":{}}},
    {"code":9965608,"id":"408de5","name":"河守","original_name":"河守","name_kana":"こうもり","closed":true,"lat":35.389,"lng":135.146444,"prefecture":26,"lines":[99656],"attr":"unknown","postal_code":"620-0301","address":"京都府福知山市大江町河守２９８−７","voronoi":{"type":"Feature","geometry":{"type":"Polygon","coordinates":[[[135.147851,35.393799],[135.133393,35.406885],[135.112382,35.413816],[135.146422,35.383812],[135.147851,35.393799]]]},"properties":{}}}
  ],
  "closed_date":"1974-02-28"
}