{
  "code":99716,
  "id":"e6d363",
  "name":"広電８系統(横川線)",
  "name_kana":"ひろでんはちけいとう(よこがわせん)",
  "name_formal":"広電８号線(横川線)",
  "station_size":12,
  "company_code":222,
  "closed":false,
  "color":"#FF69B4",
  "station_list":[
    {"code":9971501,"id":"3be35a","name":"横川駅","original_name":"横川駅","name_kana":"よこがわえき","closed":false,"lat":34.409512,"lng":132.450496,"prefecture":34,"numbering":["Y5"],"lines":[99715,99716],"attr":"eco","postal_code":"733-0011","address":"広島市西区横川町３","voronoi":{"type":"Feature","geometry":{"type":"Polygon","coordinates":[[[132.456057,34.410231],[132.444239,34.409409],[132.454616,34.407278],[132.456057,34.410231]]]},"properties":{}}},
    {"code":9971502,"id":"0af1ff","name":"横川一丁目","original_name":"横川一丁目","name_kana":"よこがわいっちょうめ","closed":false,"lat":34.406848,"lng":132.449949,"prefecture":34,"numbering":["Y4"],"lines":[99715,99716],"attr":"eco","postal_code":"733-0011","address":"広島市西区横川町１","voronoi":{"type":"Feature","geometry":{"type":"Polygon","coordinates":[[[132.444239,34.409409],[132.440269,34.410007],[132.436546,34.409096],[132.454139,34.40431],[132.454616,34.407278],[132.444239,34.409409]]]},"properties":{}}},
    {"code":9971503,"id":"ef136d","name":"別院前","original_name":"別院前","name_kana":"べついんまえ","closed":false,"lat":34.404245,"lng":132.449241,"prefecture":34,"numbering":["Y3"],"lines":[99715,99716],"attr":"eco","postal_code":"730-0803","address":"広島市中区広瀬北町","voronoi":{"type":"Feature","geometry":{"type":"Polygon","coordinates":[[[132.454139,34.40431],[132.436546,34.409096],[132.436435,34.40908],[132.4387,34.406263],[132.453025,34.401132],[132.453249,34.40117],[132.454434,34.401856],[132.454139,34.40431]]]},"properties":{}}},
    {"code":9971504,"id":"62a4fe","name":"寺町","original_name":"寺町","name_kana":"てらまち","closed":false,"lat":34.401129,"lng":132.448125,"prefecture":34,"numbering":["Y2"],"lines":[99715,99716],"attr":"eco","postal_code":"730-0804","address":"広島市中区広瀬町","voronoi":{"type":"Feature","geometry":{"type":"Polygon","coordinates":[[[132.4387,34.406263],[132.453025,34.401132],[132.449065,34.3989],[132.442379,34.400688],[132.440601,34.402959],[132.4387,34.406263]]]},"properties":{}}},
    {"code":9971113,"id":"b08eac","name":"十日市町","original_name":"十日市町","name_kana":"とうかいちまち","closed":false,"lat":34.397438,"lng":132.447138,"prefecture":34,"numbering":["Y1","M12"],"lines":[99711,99712,99714,99715,99716],"attr":"cool","postal_code":"730-0805","address":"広島市中区十日市町１","voronoi":{"type":"Feature","geometry":{"type":"Polygon","coordinates":[[[132.44503,34.396645],[132.448569,34.39555],[132.449065,34.3989],[132.442379,34.400688],[132.443084,34.398607],[132.44503,34.396645]]]},"properties":{}}},
    {"code":9971114,"id":"41e3ec","name":"土橋(広島)","original_name":"土橋","name_kana":"どばし","closed":false,"lat":34.3948,"lng":132.446322,"prefecture":34,"numbering":["M13"],"lines":[99711,99712,99714,99716],"attr":"cool","postal_code":"730-0853","address":"広島市中区堺町２","voronoi":{"type":"Feature","geometry":{"type":"Polygon","coordinates":[[[132.44503,34.396645],[132.448569,34.39555],[132.450659,34.391486],[132.450242,34.390857],[132.445595,34.392018],[132.44503,34.396645]]]},"properties":{}}},
    {"code":9971415,"id":"1a9f68","name":"舟入町","original_name":"舟入町","name_kana":"ふないりまち","closed":false,"lat":34.389222,"lng":132.444928,"prefecture":34,"numbering":["E1"],"lines":[99714,99716],"attr":"heat","postal_code":"730-0841","address":"広島市中区舟入町","voronoi":{"type":"Feature","geometry":{"type":"Polygon","coordinates":[[[132.445595,34.392018],[132.450242,34.390857],[132.450158,34.388877],[132.449069,34.385777],[132.448289,34.384565],[132.43986,34.389844],[132.440143,34.390324],[132.441774,34.39151],[132.445595,34.392018]]]},"properties":{}}},
    {"code":9971416,"id":"69c076","name":"舟入本町","original_name":"舟入本町","name_kana":"ふないりほんまち","closed":false,"lat":34.385556,"lng":132.442632,"prefecture":34,"numbering":["E2"],"lines":[99714,99716],"attr":"heat","postal_code":"730-0843","address":"広島市中区舟入本町","voronoi":{"type":"Feature","geometry":{"type":"Polygon","coordinates":[[[132.436585,34.387599],[132.44759,34.380856],[132.448289,34.384565],[132.43986,34.389844],[132.436585,34.387599]]]},"properties":{}}},
    {"code":9971417,"id":"814450","name":"舟入幸町","original_name":"舟入幸町","name_kana":"ふないりさいわいちょう","closed":false,"lat":34.383139,"lng":132.441151,"prefecture":34,"numbering":["E3"],"lines":[99714,99716],"attr":"heat","postal_code":"730-0844","address":"広島市中区舟入幸町","voronoi":{"type":"Feature","geometry":{"type":"Polygon","coordinates":[[[132.44759,34.380856],[132.447669,34.377404],[132.432884,34.386134],[132.436585,34.387599],[132.44759,34.380856]]]},"properties":{}}},
    {"code":9971418,"id":"28f5ef","name":"舟入川口町","original_name":"舟入川口町","name_kana":"ふないりかわぐちちょう","closed":false,"lat":34.380341,"lng":132.439499,"prefecture":34,"numbering":["E4"],"lines":[99714,99716],"attr":"heat","postal_code":"730-0847","address":"広島市中区舟入南１","voronoi":{"type":"Feature","geometry":{"type":"Polygon","coordinates":[[[132.447835,34.37663],[132.447669,34.377404],[132.432884,34.386134],[132.432511,34.386061],[132.429016,34.384725],[132.427611,34.382386],[132.44795,34.373559],[132.447835,34.37663]]]},"properties":{}}},
    {"code":9971419,"id":"f81345","name":"舟入南","original_name":"舟入南","name_kana":"ふないりみなみ","closed":false,"lat":34.375099,"lng":132.437224,"prefecture":34,"numbering":["E5"],"lines":[99714,99716],"attr":"cool","postal_code":"730-0847","address":"広島市中区舟入南５","voronoi":{"type":"Feature","geometry":{"type":"Polygon","coordinates":[[[132.448474,34.369262],[132.448482,34.368427],[132.424729,34.379194],[132.425515,34.380268],[132.427611,34.382386],[132.44795,34.373559],[132.448038,34.373277],[132.448474,34.369262]]]},"properties":{}}},
    {"code":9971420,"id":"601545","name":"江波(広島)","original_name":"江波","name_kana":"えば","closed":false,"lat":34.372496,"lng":132.436044,"prefecture":34,"numbering":["E6"],"lines":[99714,99716],"attr":"cool","postal_code":"730-0832","address":"広島市中区江波東１","voronoi":{"type":"Feature","geometry":{"type":"Polygon","coordinates":[[[132.417508,34.368326],[132.421808,34.376003],[132.424729,34.379194],[132.448482,34.368427],[132.448806,34.365721],[132.411555,34.329603],[132.411467,34.335524],[132.411572,34.337103],[132.4148,34.358767],[132.417508,34.368326]]]},"properties":{}}}
  ]
}