{
  "code":99713,
  "id":"d6dce6",
  "name":"広電５系統(比治山線)",
  "name_kana":"ひろでんごけいとう(ひじやません)",
  "name_formal":"広電５号線(皆実線)",
  "station_size":18,
  "company_code":222,
  "closed":false,
  "color":"#00CC00",
  "station_list":[
    {"code":9971001,"id":"da83b7","name":"広島駅","original_name":"広島駅","name_kana":"ひろしまえき","closed":false,"lat":34.396296,"lng":132.475403,"prefecture":34,"numbering":["M1"],"lines":[99710,99711,99713,99714],"attr":"heat","postal_code":"732-0822","address":"広島市南区松原町","voronoi":{"type":"Feature","geometry":{"type":"Polygon","coordinates":[[[132.472956,34.395034],[132.474046,34.394916],[132.477559,34.39653],[132.470376,34.397717],[132.470475,34.39748],[132.472956,34.395034]]]},"properties":{}}},
    {"code":9971002,"id":"99731b","name":"猿猴橋町","original_name":"猿猴橋町","name_kana":"えんこうばしちょう","closed":false,"lat":34.395047,"lng":132.475977,"prefecture":34,"numbering":["M2"],"lines":[99710,99711,99713,99714],"attr":"cool","postal_code":"732-0823","address":"広島市南区猿猴橋町","voronoi":{"type":"Feature","geometry":{"type":"Polygon","coordinates":[[[132.486275,34.38869],[132.474046,34.394916],[132.477559,34.39653],[132.486714,34.397996],[132.487491,34.394028],[132.486275,34.38869]]]},"properties":{}}},
    {"code":9971003,"id":"500f85","name":"的場町","original_name":"的場町","name_kana":"まとばちょう","closed":false,"lat":34.393277,"lng":132.475076,"prefecture":34,"numbering":["H3"],"lines":[99710,99711,99713,99714],"attr":"cool","postal_code":"732-0824","address":"広島市南区的場町１","voronoi":{"type":"Feature","geometry":{"type":"Polygon","coordinates":[[[132.486275,34.38869],[132.474046,34.394916],[132.472956,34.395034],[132.473569,34.392131],[132.486159,34.387873],[132.486275,34.38869]]]},"properties":{}}},
    {"code":9971304,"id":"755614","name":"段原一丁目","original_name":"段原一丁目","name_kana":"だんばらいっちょうめ","closed":false,"lat":34.390306,"lng":132.474071,"prefecture":34,"numbering":["H4"],"lines":[99713],"attr":"eco","postal_code":"732-0811","address":"広島市南区段原１","voronoi":{"type":"Feature","geometry":{"type":"Polygon","coordinates":[[[132.473569,34.392131],[132.471294,34.389775],[132.485993,34.376294],[132.486159,34.387873],[132.473569,34.392131]]]},"properties":{}}},
    {"code":9971305,"id":"e77b5c","name":"比治山下","original_name":"比治山下","name_kana":"ひじやました","closed":false,"lat":34.386963,"lng":132.471005,"prefecture":34,"numbering":["H5"],"lines":[99713],"attr":"eco","postal_code":"732-0817","address":"広島市南区比治山町","voronoi":{"type":"Feature","geometry":{"type":"Polygon","coordinates":[[[132.471294,34.389775],[132.485993,34.376294],[132.486151,34.374849],[132.465506,34.387848],[132.465997,34.3883],[132.469382,34.390022],[132.471294,34.389775]]]},"properties":{}}},
    {"code":9971306,"id":"721266","name":"比治山橋","original_name":"比治山橋","name_kana":"ひじやまばし","closed":false,"lat":34.383272,"lng":132.468681,"prefecture":34,"numbering":["H6"],"lines":[99713],"attr":"eco","postal_code":"732-0816","address":"広島市南区比治山本町","voronoi":{"type":"Feature","geometry":{"type":"Polygon","coordinates":[[[132.462326,34.386716],[132.461711,34.385232],[132.461734,34.385107],[132.486024,34.37197],[132.486365,34.373902],[132.486151,34.374849],[132.465506,34.387848],[132.462326,34.386716]]]},"properties":{}}},
    {"code":9971307,"id":"0660a4","name":"南区役所前","original_name":"南区役所前","name_kana":"みなみくやくしょまえ","closed":false,"lat":34.380297,"lng":132.467072,"prefecture":34,"numbering":["H7"],"lines":[99713],"attr":"eco","postal_code":"732-0816","address":"広島市南区比治山本町","voronoi":{"type":"Feature","geometry":{"type":"Polygon","coordinates":[[[132.485904,34.370698],[132.486024,34.37197],[132.461734,34.385107],[132.461559,34.382118],[132.46203,34.380691],[132.485904,34.370698]]]},"properties":{}}},
    {"code":9971308,"id":"16b355","name":"皆実町二丁目","original_name":"皆実町二丁目","name_kana":"みなみまちにちょうめ","closed":false,"lat":34.377375,"lng":132.465849,"prefecture":34,"numbering":["H8"],"lines":[99713],"attr":"eco","postal_code":"734-0007","address":"広島市南区皆実町２","voronoi":{"type":"Feature","geometry":{"type":"Polygon","coordinates":[[[132.470966,34.373242],[132.479704,34.371308],[132.485902,34.370552],[132.485904,34.370698],[132.46203,34.380691],[132.46203,34.378468],[132.462543,34.376907],[132.470966,34.373242]]]},"properties":{}}},
    {"code":9971018,"id":"9171e7","name":"皆実町六丁目","original_name":"皆実町六丁目","name_kana":"みなみまちろくちょうめ","closed":false,"lat":34.374169,"lng":132.464454,"prefecture":34,"numbering":["H9"],"lines":[99710,99713,99715],"attr":"heat","postal_code":"734-0007","address":"広島市南区皆実町６","voronoi":{"type":"Feature","geometry":{"type":"Polygon","coordinates":[[[132.461558,34.37276],[132.462543,34.376907],[132.470966,34.373242],[132.461558,34.37276]]]},"properties":{}}},
    {"code":9971019,"id":"9bbb73","name":"広大附属学校前","original_name":"広大附属学校前","name_kana":"ひろだいふぞくがっこうまえ","closed":false,"lat":34.371654,"lng":132.464583,"prefecture":34,"numbering":["U10"],"lines":[99710,99713,99715],"attr":"heat","postal_code":"734-0007","address":"広島市南区皆実町６","voronoi":{"type":"Feature","geometry":{"type":"Polygon","coordinates":[[[132.479704,34.371308],[132.459386,34.369811],[132.461558,34.37276],[132.470966,34.373242],[132.479704,34.371308]]]},"properties":{}}},
    {"code":9971020,"id":"e0fe8b","name":"県病院前","original_name":"県病院前","name_kana":"けんびょういんまえ","closed":false,"lat":34.36875,"lng":132.464797,"prefecture":34,"numbering":["U11"],"lines":[99710,99713,99715],"attr":"heat","postal_code":"734-0004","address":"広島市南区宇品神田１","voronoi":{"type":"Feature","geometry":{"type":"Polygon","coordinates":[[[132.485902,34.370552],[132.486948,34.365061],[132.457395,34.368238],[132.459386,34.369811],[132.479704,34.371308],[132.485902,34.370552]]]},"properties":{}}},
    {"code":9971021,"id":"12da79","name":"宇品二丁目","original_name":"宇品二丁目","name_kana":"うじなにちょうめ","closed":false,"lat":34.366164,"lng":132.464519,"prefecture":34,"numbering":["U12"],"lines":[99710,99713,99715],"attr":"heat","postal_code":"734-0004","address":"広島市南区宇品神田２","voronoi":{"type":"Feature","geometry":{"type":"Polygon","coordinates":[[[132.486948,34.365061],[132.487233,34.363928],[132.452909,34.365831],[132.457395,34.368238],[132.486948,34.365061]]]},"properties":{}}},
    {"code":9971022,"id":"d1cffc","name":"宇品三丁目","original_name":"宇品三丁目","name_kana":"うじなさんちょうめ","closed":false,"lat":34.364216,"lng":132.464411,"prefecture":34,"numbering":["U13"],"lines":[99710,99713,99715],"attr":"heat","postal_code":"734-0004","address":"広島市南区宇品神田３","voronoi":{"type":"Feature","geometry":{"type":"Polygon","coordinates":[[[132.488616,34.359275],[132.487233,34.363928],[132.452909,34.365831],[132.451455,34.365202],[132.453725,34.363374],[132.488616,34.359275]]]},"properties":{}}},
    {"code":9971023,"id":"4b6d16","name":"宇品四丁目","original_name":"宇品四丁目","name_kana":"うじなよんちょうめ","closed":false,"lat":34.360079,"lng":132.463925,"prefecture":34,"numbering":["U14"],"lines":[99710,99713,99715],"attr":"eco","postal_code":"734-0004","address":"広島市南区宇品神田５","voronoi":{"type":"Feature","geometry":{"type":"Polygon","coordinates":[[[132.488616,34.359275],[132.453725,34.363374],[132.454549,34.362391],[132.458422,34.359493],[132.489396,34.357283],[132.488616,34.359275]]]},"properties":{}}},
    {"code":9971024,"id":"2cabb5","name":"宇品五丁目","original_name":"宇品五丁目","name_kana":"うじなごちょうめ","closed":false,"lat":34.358131,"lng":132.463786,"prefecture":34,"numbering":["U15"],"lines":[99710,99713,99715],"attr":"eco","postal_code":"734-0004","address":"広島市南区宇品神田５","voronoi":{"type":"Feature","geometry":{"type":"Polygon","coordinates":[[[132.458422,34.359493],[132.460632,34.357125],[132.488379,34.351075],[132.490196,34.355451],[132.489396,34.357283],[132.458422,34.359493]]]},"properties":{}}},
    {"code":9971025,"id":"de9100","name":"海岸通","original_name":"海岸通","name_kana":"かいがんどおり","closed":false,"lat":34.354898,"lng":132.463081,"prefecture":34,"numbering":["U16"],"lines":[99710,99713,99715],"attr":"eco","postal_code":"734-0011","address":"広島市南区宇品海岸３","voronoi":{"type":"Feature","geometry":{"type":"Polygon","coordinates":[[[132.488379,34.351075],[132.460632,34.357125],[132.468217,34.324383],[132.485049,34.341318],[132.488379,34.351075]]]},"properties":{}}},
    {"code":9971026,"id":"182e47","name":"元宇品口","original_name":"元宇品口","name_kana":"もとうじなぐち","closed":false,"lat":34.354048,"lng":132.459412,"prefecture":34,"numbering":["U17"],"lines":[99710,99713,99715],"attr":"eco","postal_code":"734-0011","address":"広島市南区宇品海岸１","voronoi":{"type":"Feature","geometry":{"type":"Polygon","coordinates":[[[132.454549,34.362391],[132.458422,34.359493],[132.460632,34.357125],[132.468217,34.324383],[132.4667,34.322658],[132.454549,34.362391]]]},"properties":{}}},
    {"code":9971027,"id":"7fd37a","name":"広島港（宇品）","original_name":"広島港（宇品）","name_kana":"ひろしまこう(うじな)","closed":false,"lat":34.352755,"lng":132.455184,"prefecture":34,"numbering":["U18"],"lines":[99710,99713,99715],"attr":"eco","postal_code":"734-0011","address":"広島市南区宇品海岸一丁目","voronoi":{"type":"Feature","geometry":{"type":"Polygon","coordinates":[[[132.451455,34.365202],[132.448806,34.365721],[132.411555,34.329603],[132.402888,34.297949],[132.398896,34.27714],[132.403596,34.252694],[132.404058,34.250593],[132.407592,34.253072],[132.434148,34.280087],[132.4667,34.322658],[132.454549,34.362391],[132.453725,34.363374],[132.451455,34.365202]]]},"properties":{}}}
  ]
}