{
  "code":99717,
  "id":538,
  "name":"広電９系統(白島線)",
  "name_kana":"ひろでんきゅうけいとう(はくしません)",
  "name_formal":"広電９号線(白島線)",
  "station_size":5,
  "company_code":222,
  "closed":false,
  "color":"#696969",
  "symbol":"W",
  "station_list":[
    {"code":9971007,"id":8426,"name":"八丁堀(広島)","original_name":"八丁堀","name_kana":"はっちょうぼり","closed":false,"lat":34.393897,"lng":132.463403,"prefecture":34,"numbering":["M05"],"lines":[99710,99711,99714,99717],"attr":"cool","postal_code":"730-0021","address":"広島市中区胡町","voronoi":{"type":"Feature","geometry":{"type":"Polygon","coordinates":[[[132.460912,34.389616],[132.461499,34.388056],[132.462239,34.3869],[132.46482,34.395607],[132.462698,34.396348],[132.460912,34.389616]]]},"properties":{}}},
    {"code":9971702,"id":8498,"name":"女学院前","original_name":"女学院前","name_kana":"じょがくいんまえ","closed":false,"lat":34.397827,"lng":132.464776,"prefecture":34,"numbering":["W01"],"lines":[99717],"attr":"eco","postal_code":"730-0012","address":"広島市中区上八丁堀","voronoi":{"type":"Feature","geometry":{"type":"Polygon","coordinates":[[[132.469577,34.397625],[132.461124,34.399922],[132.461426,34.397873],[132.462698,34.396348],[132.46482,34.395607],[132.466706,34.395735],[132.469577,34.397625]]]},"properties":{}}},
    {"code":9971703,"id":8499,"name":"縮景園前","original_name":"縮景園前","name_kana":"しゅっけいえんまえ","closed":false,"lat":34.399881,"lng":132.465334,"prefecture":34,"numbering":["W02"],"lines":[99717],"attr":"eco","postal_code":"730-0012","address":"広島市中区上八丁堀","voronoi":{"type":"Feature","geometry":{"type":"Polygon","coordinates":[[[132.470662,34.399501],[132.461885,34.402315],[132.461842,34.402316],[132.46068,34.400967],[132.461124,34.399922],[132.469577,34.397625],[132.47028,34.397889],[132.470662,34.399501]]]},"properties":{}}},
    {"code":9971704,"id":8500,"name":"家庭裁判所前","original_name":"家庭裁判所前","name_kana":"かていさいばんしょまえ","closed":false,"lat":34.402289,"lng":132.466106,"prefecture":34,"numbering":["W03"],"lines":[99717],"attr":"cool","postal_code":"730-0012","address":"広島市中区上八丁堀","voronoi":{"type":"Feature","geometry":{"type":"Polygon","coordinates":[[[132.461885,34.402315],[132.470662,34.399501],[132.473755,34.405559],[132.461885,34.402315]]]},"properties":{}}},
    {"code":9971705,"id":8501,"name":"白島(広島電鉄)","original_name":"白島","name_kana":"はくしま","closed":false,"lat":34.404484,"lng":132.465506,"prefecture":34,"numbering":["W04"],"lines":[99717],"attr":"cool","postal_code":"730-0012","address":"広島市中区東白島町","voronoi":{"type":"Feature","geometry":{"type":"Polygon","coordinates":[[[132.461842,34.402316],[132.462257,34.405281],[132.464762,34.408054],[132.472391,34.411347],[132.478083,34.411762],[132.473755,34.405559],[132.461885,34.402315],[132.461842,34.402316]]]},"properties":{}}}
  ]
}