{
  "code":99718,
  "id":"02f7ad",
  "name":"錦川鉄道錦川清流線",
  "name_kana":"にしきがわてつどうにしきがわせいりゅうせん",
  "station_size":13,
  "company_code":223,
  "closed":false,
  "station_list":[
    {"code":1172403,"id":"855c09","name":"川西(山口)","original_name":"川西","name_kana":"かわにし","closed":false,"lat":34.156612,"lng":132.177321,"prefecture":35,"lines":[11724,99718],"attr":"eco","postal_code":"741-0082","address":"岩国市川西２丁目","voronoi":{"type":"Feature","geometry":{"type":"Polygon","coordinates":[[[132.16232,34.156736],[132.177519,34.129624],[132.18065,34.131135],[132.191466,34.145659],[132.174151,34.195554],[132.16232,34.156736]]]},"properties":{}}},
    {"code":9971802,"id":"d5d754","name":"清流新岩国","original_name":"清流新岩国","name_kana":"せいりゅうしんいわくに","closed":false,"lat":34.162639,"lng":132.14764,"prefecture":35,"lines":[99718],"attr":"heat","postal_code":"741-0083","address":"岩国市大字御庄字観音原","open_date":"1960-11-01","voronoi":{"type":"Feature","geometry":{"type":"Polygon","coordinates":[[[132.143222,34.16885],[132.128131,34.144731],[132.157628,34.15567],[132.143222,34.16885]]]},"properties":{}}},
    {"code":9971803,"id":"d54277","name":"守内かさ神","original_name":"守内かさ神","name_kana":"しゅうちかさがみ","closed":false,"lat":34.170107,"lng":132.135704,"prefecture":35,"lines":[99718],"attr":"heat","postal_code":"740-0312","address":"岩国市大字守内字向守内","open_date":"1993-03-18","voronoi":{"type":"Feature","geometry":{"type":"Polygon","coordinates":[[[132.107483,34.26194],[132.108885,34.278847],[132.112107,34.288213],[132.151812,34.245215],[132.163235,34.224088],[132.143222,34.16885],[132.128131,34.144731],[132.122998,34.141034],[132.107483,34.26194]]]},"properties":{}}},
    {"code":9971804,"id":"0cc795","name":"南河内","original_name":"南河内","name_kana":"みなみごうち","closed":false,"lat":34.165957,"lng":132.103363,"prefecture":35,"lines":[99718],"attr":"heat","postal_code":"740-0327","address":"岩国市大字角","open_date":"1960-11-01","voronoi":{"type":"Feature","geometry":{"type":"Polygon","coordinates":[[[132.107483,34.26194],[132.090307,34.195578],[132.099902,34.135246],[132.120282,34.134733],[132.122998,34.141034],[132.107483,34.26194]]]},"properties":{}}},
    {"code":9971805,"id":"dab70d","name":"行波","original_name":"行波","name_kana":"ゆかば","closed":false,"lat":34.163368,"lng":132.087084,"prefecture":35,"lines":[99718],"attr":"heat","postal_code":"740-0301","address":"岩国市大字行波","open_date":"1971-04-01","voronoi":{"type":"Feature","geometry":{"type":"Polygon","coordinates":[[[132.0554,34.133276],[132.090307,34.195578],[132.099902,34.135246],[132.08109,34.130547],[132.056891,34.132425],[132.0554,34.133276]]]},"properties":{}}},
    {"code":9971806,"id":"a746a9","name":"北河内(山口)","original_name":"北河内","name_kana":"きたごうち","closed":false,"lat":34.176011,"lng":132.064519,"prefecture":35,"lines":[99718],"attr":"heat","postal_code":"740-0306","address":"岩国市大字天尾字高原瀬","open_date":"1960-11-01","voronoi":{"type":"Feature","geometry":{"type":"Polygon","coordinates":[[[132.108885,34.278847],[132.083514,34.245874],[132.02375,34.140309],[132.0554,34.133276],[132.090307,34.195578],[132.107483,34.26194],[132.108885,34.278847]]]},"properties":{}}},
    {"code":9971807,"id":"90784d","name":"椋野","original_name":"椋野","name_kana":"むくの","closed":false,"lat":34.193637,"lng":132.033385,"prefecture":35,"lines":[99718],"attr":"eco","postal_code":"740-0504","address":"岩国市美川町南桑字西椋町","open_date":"1960-11-01","voronoi":{"type":"Feature","geometry":{"type":"Polygon","coordinates":[[[131.985931,34.140046],[132.00126,34.137648],[132.02375,34.140309],[132.083514,34.245874],[132.011473,34.189348],[132.004825,34.178987],[131.985931,34.140046]]]},"properties":{}}},
    {"code":9971808,"id":"fb6648","name":"南桑","original_name":"南桑","name_kana":"なぐわ","closed":false,"lat":34.20961,"lng":132.020852,"prefecture":35,"lines":[99718],"attr":"eco","postal_code":"740-0504","address":"岩国市美川町南桑字南桑","open_date":"1960-11-01","voronoi":{"type":"Feature","geometry":{"type":"Polygon","coordinates":[[[132.032869,34.265057],[132.102867,34.330095],[132.112107,34.288213],[132.108885,34.278847],[132.083514,34.245874],[132.011473,34.189348],[132.016759,34.242823],[132.032869,34.265057]]]},"properties":{}}},
    {"code":9971809,"id":"ff7b36","name":"清流みはらし","original_name":"清流みはらし","name_kana":"せいりゅうみはらし","closed":false,"lat":34.211054,"lng":132.006243,"prefecture":35,"lines":[99718],"attr":"eco","postal_code":"740-0505","address":"岩国市美川町根笠字イモヶ迫","open_date":"2019-03-19","voronoi":{"type":"Feature","geometry":{"type":"Polygon","coordinates":[[[132.001087,34.229005],[132.004825,34.178987],[132.011473,34.189348],[132.016759,34.242823],[132.001087,34.229005]]]},"properties":{}}},
    {"code":9971810,"id":"c65268","name":"根笠","original_name":"根笠","name_kana":"ねがさ","closed":false,"lat":34.210487,"lng":131.998656,"prefecture":35,"lines":[99718],"attr":"eco","postal_code":"740-0505","address":"岩国市美川町根笠字渡里","open_date":"1960-11-01","voronoi":{"type":"Feature","geometry":{"type":"Polygon","coordinates":[[[132.004825,34.178987],[131.985931,34.140046],[131.960811,34.137074],[131.906807,34.145984],[131.882451,34.16147],[132.001087,34.229005],[132.004825,34.178987]]]},"properties":{}}},
    {"code":9971811,"id":"c5d592","name":"河山","original_name":"河山","name_kana":"かわやま","closed":false,"lat":34.236368,"lng":131.983923,"prefecture":35,"lines":[99718],"attr":"eco","postal_code":"740-0502","address":"岩国市美川町四馬神字竹ノ瓜","open_date":"1960-11-01","voronoi":{"type":"Feature","geometry":{"type":"Polygon","coordinates":[[[131.880363,34.162473],[131.882451,34.16147],[132.001087,34.229005],[132.016759,34.242823],[132.032869,34.265057],[131.957579,34.23884],[131.865804,34.171003],[131.865957,34.170853],[131.880363,34.162473]]]},"properties":{}}},
    {"code":9971812,"id":"a555bd","name":"柳瀬","original_name":"柳瀬","name_kana":"やなぜ","closed":false,"lat":34.25714,"lng":131.97669,"prefecture":35,"lines":[99718],"attr":"cool","postal_code":"740-0502","address":"岩国市美川町四馬神字柳瀬","open_date":"1963-10-01","voronoi":{"type":"Feature","geometry":{"type":"Polygon","coordinates":[[[132.102867,34.330095],[132.103795,34.456697],[132.100496,34.492453],[132.099689,34.495534],[131.957579,34.23884],[132.032869,34.265057],[132.102867,34.330095]]]},"properties":{}}},
    {"code":9971813,"id":"440fac","name":"錦町","original_name":"錦町","name_kana":"にしきちょう","closed":false,"lat":34.26475,"lng":131.962944,"prefecture":35,"lines":[99718],"attr":"cool","postal_code":"740-0724","address":"岩国市錦町広瀬字下向井","open_date":"1963-10-01","voronoi":{"type":"Feature","geometry":{"type":"Polygon","coordinates":[[[131.851765,34.181542],[131.793715,34.239032],[131.806251,34.268711],[131.843259,34.335364],[131.854444,34.351707],[131.958214,34.42838],[132.099256,34.497415],[132.099689,34.495534],[131.957579,34.23884],[131.865804,34.171003],[131.851765,34.181542]]]},"properties":{}}}
  ]
}