{
  "code":99801,
  "id":"7411db",
  "name":"阿佐海岸鉄道阿佐東線",
  "name_kana":"あさかいがんてつどうあさとうせん",
  "station_size":4,
  "company_code":224,
  "closed":false,
  "symbol":"AK",
  "station_list":[
    {"code":1180429,"id":"db7b75","name":"阿波海南","original_name":"阿波海南","name_kana":"あわかいなん","closed":false,"lat":33.606379,"lng":134.350805,"prefecture":36,"numbering":["AK27"],"lines":[11804,99801],"attr":"cool","postal_code":"775-0202","address":"海部郡海陽町四方原","voronoi":{"type":"Feature","geometry":{"type":"Polygon","coordinates":[[[134.317782,33.59681],[134.279157,33.645853],[134.388664,33.603358],[134.317782,33.59681]]]},"properties":{}}},
    {"code":9980102,"id":"3df4d2","name":"海部","original_name":"海部","name_kana":"かいふ","closed":false,"lat":33.593453,"lng":134.351999,"prefecture":36,"numbering":["AK28"],"lines":[99801],"attr":"cool","postal_code":"775-0302","address":"海部郡海陽町奥浦","voronoi":{"type":"Feature","geometry":{"type":"Polygon","coordinates":[[[134.89072,32.783162],[134.359698,33.515745],[134.317782,33.59681],[134.388664,33.603358],[134.397958,33.601489],[134.494962,33.540462],[134.599711,33.452403],[134.886165,33.074828],[134.89072,32.783162]]]},"properties":{}}},
    {"code":9980103,"id":"81cc20","name":"宍喰","original_name":"宍喰","name_kana":"ししくい","closed":false,"lat":33.566949,"lng":134.300741,"prefecture":36,"numbering":["AK29"],"lines":[99801],"attr":"cool","postal_code":"775-0502","address":"海部郡海陽町久保字松本","voronoi":{"type":"Feature","geometry":{"type":"Polygon","coordinates":[[[134.359698,33.515745],[134.317782,33.59681],[134.279157,33.645853],[134.138753,33.782071],[134.07061,33.747225],[134.070395,33.746795],[134.081581,33.692103],[134.359698,33.515745]]]},"properties":{}}},
    {"code":9980104,"id":"7b9986","name":"甲浦","original_name":"甲浦","name_kana":"かんのうら","closed":false,"lat":33.547238,"lng":134.288242,"prefecture":39,"numbering":["AK30"],"lines":[99801],"attr":"cool","postal_code":"781-7412","address":"安芸郡東洋町大字河内字八幡山","voronoi":{"type":"Feature","geometry":{"type":"Polygon","coordinates":[[[134.094377,33.61772],[134.101322,33.601087],[134.890698,31.855013],[134.891461,31.886056],[134.891753,32.764754],[134.89072,32.783162],[134.359698,33.515745],[134.081581,33.692103],[134.092277,33.623866],[134.094377,33.61772]]]},"properties":{}}}
  ]
}