{
  "code":99803,
  "id":542,
  "name":"琴電長尾線",
  "name_kana":"ことでんながおせん",
  "station_size":18,
  "company_code":225,
  "closed":false,
  "color":"#66CC66",
  "symbol":"N",
  "station_list":[
    {"code":9980201,"id":8536,"name":"高松築港","original_name":"高松築港","name_kana":"たかまつちっこう","closed":false,"lat":34.35079,"lng":134.049507,"prefecture":37,"numbering":["N00"],"lines":[99802,99803],"attr":"cool","postal_code":"760-0000","address":"高松市多玉藻町９７-２","voronoi":{"type":"Feature","geometry":{"type":"Polygon","coordinates":[[[134.097815,34.48681],[134.046795,34.452925],[134.048247,34.344607],[134.069744,34.367071],[134.078968,34.388992],[134.088706,34.422764],[134.095237,34.456517],[134.097815,34.48681]]]},"properties":{}}},
    {"code":9980202,"id":8516,"name":"片原町(香川)","original_name":"片原町","name_kana":"かたはらまち","closed":false,"lat":34.346138,"lng":134.054368,"prefecture":37,"numbering":["N01"],"lines":[99802,99803],"attr":"cool","postal_code":"760-0035","address":"高松市鶴屋町９-１","voronoi":{"type":"Feature","geometry":{"type":"Polygon","coordinates":[[[134.069744,34.367071],[134.048247,34.344607],[134.047814,34.3439],[134.054802,34.342142],[134.064676,34.351697],[134.066228,34.354285],[134.069744,34.367071]]]},"properties":{}}},
    {"code":9980203,"id":8517,"name":"瓦町","original_name":"瓦町","name_kana":"かわらまち","closed":false,"lat":34.338827,"lng":134.052529,"prefecture":37,"numbering":["N02"],"lines":[99802,99803,99804],"attr":"cool","postal_code":"760-0054","address":"高松市常磐町１-３-１","voronoi":{"type":"Feature","geometry":{"type":"Polygon","coordinates":[[[134.054802,34.342142],[134.056767,34.337674],[134.055586,34.335902],[134.047816,34.334683],[134.044574,34.342349],[134.047814,34.3439],[134.054802,34.342142]]]},"properties":{}}},
    {"code":9980304,"id":8537,"name":"花園(香川)","original_name":"花園","name_kana":"はなぞの","closed":false,"lat":34.334206,"lng":134.059463,"prefecture":37,"numbering":["N03"],"lines":[99803],"attr":"cool","postal_code":"760-0072","address":"高松市花園町１-１３１１-１０","voronoi":{"type":"Feature","geometry":{"type":"Polygon","coordinates":[[[134.061252,34.322445],[134.059112,34.325643],[134.055586,34.335902],[134.056767,34.337674],[134.060964,34.338062],[134.068361,34.331454],[134.061252,34.322445]]]},"properties":{}}},
    {"code":9980305,"id":8538,"name":"林道","original_name":"林道","name_kana":"はやしみち","closed":false,"lat":34.32344,"lng":134.073106,"prefecture":37,"numbering":["N04"],"lines":[99803],"attr":"cool","postal_code":"760-0080","address":"高松市木太町１６０９-２","voronoi":{"type":"Feature","geometry":{"type":"Polygon","coordinates":[[[134.069799,34.332191],[134.070797,34.332239],[134.078796,34.325847],[134.069431,34.309583],[134.065829,34.30664],[134.062738,34.3124],[134.061194,34.3222],[134.061252,34.322445],[134.068361,34.331454],[134.069799,34.332191]]]},"properties":{}}},
    {"code":9980306,"id":8539,"name":"木太東口","original_name":"木太東口","name_kana":"きたひがしぐち","closed":false,"lat":34.319718,"lng":134.07957,"prefecture":37,"numbering":["N05"],"lines":[99803],"attr":"heat","postal_code":"760-0080","address":"高松市木太町４００７-７","voronoi":{"type":"Feature","geometry":{"type":"Polygon","coordinates":[[[134.069431,34.309583],[134.078796,34.325847],[134.09483,34.325428],[134.096982,34.323573],[134.097722,34.322283],[134.069431,34.309583]]]},"properties":{}}},
    {"code":9980307,"id":8540,"name":"元山(香川)","original_name":"元山","name_kana":"もとやま","closed":false,"lat":34.310424,"lng":134.083742,"prefecture":37,"numbering":["N06"],"lines":[99803],"attr":"heat","postal_code":"761-0311","address":"高松市元山町９７４-２","voronoi":{"type":"Feature","geometry":{"type":"Polygon","coordinates":[[[134.069431,34.309583],[134.065829,34.30664],[134.065915,34.301201],[134.070673,34.285481],[134.0707,34.285441],[134.099551,34.320514],[134.097722,34.322283],[134.069431,34.309583]]]},"properties":{}}},
    {"code":9980308,"id":8541,"name":"水田","original_name":"水田","name_kana":"みずた","closed":false,"lat":34.303056,"lng":134.092699,"prefecture":37,"numbering":["N07"],"lines":[99803],"attr":"heat","postal_code":"761-0312","address":"高松市東山崎町５８-２","voronoi":{"type":"Feature","geometry":{"type":"Polygon","coordinates":[[[134.0707,34.285441],[134.099551,34.320514],[134.108477,34.316156],[134.078619,34.265449],[134.0707,34.285441]]]},"properties":{}}},
    {"code":9980309,"id":8542,"name":"西前田","original_name":"西前田","name_kana":"にしまえだ","closed":false,"lat":34.296004,"lng":134.104675,"prefecture":37,"numbering":["N08"],"lines":[99803],"attr":"heat","postal_code":"761-0322","address":"高松市前田東町１０４７-２","voronoi":{"type":"Feature","geometry":{"type":"Polygon","coordinates":[[[134.128134,34.311927],[134.079118,34.263028],[134.078619,34.265449],[134.108477,34.316156],[134.124263,34.314437],[134.125267,34.314066],[134.128134,34.311927]]]},"properties":{}}},
    {"code":9980310,"id":8543,"name":"高田(香川)","original_name":"高田","name_kana":"たかた","closed":false,"lat":34.288506,"lng":134.112155,"prefecture":37,"numbering":["N09"],"lines":[99803],"attr":"eco","postal_code":"761-0323","address":"高松市亀田町３８１-３","voronoi":{"type":"Feature","geometry":{"type":"Polygon","coordinates":[[[134.07967,34.255774],[134.079118,34.263028],[134.128134,34.311927],[134.129646,34.31119],[134.13949,34.305303],[134.14115,34.303048],[134.140842,34.302688],[134.07967,34.255774]]]},"properties":{}}},
    {"code":9980311,"id":8544,"name":"池戸","original_name":"池戸","name_kana":"いけのべ","closed":false,"lat":34.27866,"lng":134.119706,"prefecture":37,"numbering":["N10"],"lines":[99803],"attr":"eco","postal_code":"761-0701","address":"木田郡三木町池戸３３６２-３","voronoi":{"type":"Feature","geometry":{"type":"Polygon","coordinates":[[[134.07967,34.255774],[134.077558,34.220009],[134.133576,34.28975],[134.140842,34.302688],[134.07967,34.255774]]]},"properties":{}}},
    {"code":9980312,"id":8545,"name":"農学部前","original_name":"農学部前","name_kana":"のうがくぶまえ","closed":false,"lat":34.273814,"lng":134.125739,"prefecture":37,"numbering":["N11"],"lines":[99803],"attr":"eco","postal_code":"761-0701","address":"木田郡三木町池戸２８５２-６","voronoi":{"type":"Feature","geometry":{"type":"Polygon","coordinates":[[[134.095708,34.163792],[134.071431,34.165823],[134.077558,34.220009],[134.133576,34.28975],[134.095708,34.163792]]]},"properties":{}}},
    {"code":9980313,"id":8546,"name":"平木","original_name":"平木","name_kana":"ひらぎ","closed":false,"lat":34.272134,"lng":134.131327,"prefecture":37,"numbering":["N12"],"lines":[99803],"attr":"eco","postal_code":"761-0702","address":"木田郡三木町平木１１３-２","voronoi":{"type":"Feature","geometry":{"type":"Polygon","coordinates":[[[134.140842,34.302688],[134.14115,34.303048],[134.142628,34.302168],[134.104352,34.162845],[134.095708,34.163792],[134.133576,34.28975],[134.140842,34.302688]]]},"properties":{}}},
    {"code":9980314,"id":8547,"name":"学園通り","original_name":"学園通り","name_kana":"がくえんどおり","closed":false,"lat":34.270576,"lng":134.136998,"prefecture":37,"numbering":["N13"],"lines":[99803],"attr":"eco","postal_code":"761-0703","address":"木田郡三木町鹿伏２０８-２","voronoi":{"type":"Feature","geometry":{"type":"Polygon","coordinates":[[[134.104352,34.162845],[134.142628,34.302168],[134.150184,34.298561],[134.151711,34.296414],[134.112988,34.161671],[134.104352,34.162845]]]},"properties":{}}},
    {"code":9980315,"id":8548,"name":"白山(香川)","original_name":"白山","name_kana":"しらやま","closed":false,"lat":34.266707,"lng":134.150461,"prefecture":37,"numbering":["N14"],"lines":[99803],"attr":"eco","postal_code":"761-0700","address":"木田郡三木町白山９６７-５","voronoi":{"type":"Feature","geometry":{"type":"Polygon","coordinates":[[[134.152586,34.161185],[134.153483,34.294876],[134.151711,34.296414],[134.112988,34.161671],[134.123947,34.159472],[134.152586,34.161185]]]},"properties":{}}},
    {"code":9980316,"id":8549,"name":"井戸","original_name":"井戸","name_kana":"いど","closed":false,"lat":34.266669,"lng":134.156127,"prefecture":37,"numbering":["N15"],"lines":[99803],"attr":"eco","postal_code":"761-0823","address":"木田郡三木町井戸４２１７-２","voronoi":{"type":"Feature","geometry":{"type":"Polygon","coordinates":[[[134.152586,34.161185],[134.153483,34.294876],[134.158948,34.291018],[134.159373,34.161408],[134.152586,34.161185]]]},"properties":{}}},
    {"code":9980317,"id":8550,"name":"公文明","original_name":"公文明","name_kana":"くもんみょう","closed":false,"lat":34.266688,"lng":134.161929,"prefecture":37,"numbering":["N16"],"lines":[99803],"attr":"eco","postal_code":"761-0823","address":"木田郡三木町井戸４１２５-２","voronoi":{"type":"Feature","geometry":{"type":"Polygon","coordinates":[[[134.165368,34.16144],[134.165593,34.287066],[134.165211,34.287628],[134.158948,34.291018],[134.159373,34.161408],[134.165368,34.16144]]]},"properties":{}}},
    {"code":9980318,"id":8551,"name":"長尾(香川)","original_name":"長尾","name_kana":"ながお","closed":false,"lat":34.266675,"lng":134.169184,"prefecture":37,"numbering":["N17"],"lines":[99803],"attr":"eco","postal_code":"769-2302","address":"さぬき市長尾西５５９-２","voronoi":{"type":"Feature","geometry":{"type":"Polygon","coordinates":[[[134.165368,34.16144],[134.165593,34.287066],[134.197323,34.254534],[134.227885,34.179634],[134.227084,34.170916],[134.171053,34.161274],[134.165368,34.16144]]]},"properties":{}}}
  ]
}