{
  "code":99806,
  "id":545,
  "name":"伊予鉄道高浜線",
  "name_kana":"いよてつどうたかはません",
  "station_size":10,
  "company_code":226,
  "closed":false,
  "color":"#9ACD32",
  "symbol":"IY",
  "station_list":[
    {"code":9980601,"id":8579,"name":"高浜(愛媛)","original_name":"高浜","name_kana":"たかはま","closed":false,"lat":33.883417,"lng":132.702177,"prefecture":38,"numbering":["IY01"],"lines":[99806],"attr":"heat","postal_code":"791-8081","address":"松山市高浜町１","voronoi":{"type":"Feature","geometry":{"type":"Polygon","coordinates":[[[132.677572,33.978185],[132.711681,33.932054],[132.715658,33.922794],[132.721025,33.888986],[132.629496,33.832505],[132.534323,33.829698],[132.507008,33.839166],[132.481119,33.854409],[132.441854,33.881674],[132.468783,33.996609],[132.469598,33.999103],[132.488743,34.00754],[132.53389,34.025611],[132.555409,34.031863],[132.573241,34.036345],[132.584718,34.038797],[132.666185,33.987494],[132.677572,33.978185]]]},"properties":{}}},
    {"code":9980602,"id":8580,"name":"梅津寺","original_name":"梅津寺","name_kana":"ばいしんじ","closed":false,"lat":33.874637,"lng":132.707595,"prefecture":38,"numbering":["IY02"],"lines":[99806],"attr":"heat","postal_code":"791-8082","address":"松山市梅津寺町","voronoi":{"type":"Feature","geometry":{"type":"Polygon","coordinates":[[[132.674593,33.831211],[132.629496,33.832505],[132.721025,33.888986],[132.72249,33.885733],[132.674593,33.831211]]]},"properties":{}}},
    {"code":9980603,"id":8581,"name":"港山","original_name":"港山","name_kana":"みなとやま","closed":false,"lat":33.869533,"lng":132.713405,"prefecture":38,"numbering":["IY03"],"lines":[99806],"attr":"heat","postal_code":"791-8085","address":"松山市港山町","voronoi":{"type":"Feature","geometry":{"type":"Polygon","coordinates":[[[132.674593,33.831211],[132.677783,33.830892],[132.701715,33.849257],[132.727357,33.879096],[132.72249,33.885733],[132.674593,33.831211]]]},"properties":{}}},
    {"code":9980604,"id":8582,"name":"三津","original_name":"三津","name_kana":"みつ","closed":false,"lat":33.863864,"lng":132.720002,"prefecture":38,"numbering":["IY04"],"lines":[99806],"attr":"heat","postal_code":"791-8065","address":"松山市三杉町","voronoi":{"type":"Feature","geometry":{"type":"Polygon","coordinates":[[[132.723776,33.860397],[132.701715,33.849257],[132.727357,33.879096],[132.728677,33.878034],[132.723776,33.860397]]]},"properties":{}}},
    {"code":9980605,"id":8583,"name":"山西","original_name":"山西","name_kana":"やまにし","closed":false,"lat":33.855301,"lng":132.724326,"prefecture":38,"numbering":["IY05"],"lines":[99806],"attr":"heat","postal_code":"791-8067","address":"松山市古三津町６","voronoi":{"type":"Feature","geometry":{"type":"Polygon","coordinates":[[[132.730591,33.855416],[132.723776,33.860397],[132.701715,33.849257],[132.677783,33.830892],[132.688155,33.828009],[132.706598,33.830237],[132.718757,33.833208],[132.730591,33.855416]]]},"properties":{}}},
    {"code":9980606,"id":8584,"name":"西衣山","original_name":"西衣山","name_kana":"にしきぬやま","closed":false,"lat":33.850152,"lng":132.733989,"prefecture":38,"numbering":["IY06"],"lines":[99806],"attr":"cool","postal_code":"791-8025","address":"松山市衣山４","voronoi":{"type":"Feature","geometry":{"type":"Polygon","coordinates":[[[132.730591,33.855416],[132.718757,33.833208],[132.728862,33.833178],[132.737504,33.836529],[132.740841,33.842145],[132.737476,33.858588],[132.730591,33.855416]]]},"properties":{}}},
    {"code":9980607,"id":8585,"name":"衣山","original_name":"衣山","name_kana":"きぬやま","closed":false,"lat":33.8522,"lng":132.743997,"prefecture":38,"numbering":["IY07"],"lines":[99806],"attr":"cool","postal_code":"791-8025","address":"松山市衣山２","voronoi":{"type":"Feature","geometry":{"type":"Polygon","coordinates":[[[132.750068,33.850792],[132.749238,33.849043],[132.74492,33.844528],[132.740841,33.842145],[132.737476,33.858588],[132.745071,33.871108],[132.749594,33.871511],[132.750462,33.861633],[132.750068,33.850792]]]},"properties":{}}},
    {"code":9980608,"id":8586,"name":"古町","original_name":"古町","name_kana":"こまち","closed":false,"lat":33.846978,"lng":132.754998,"prefecture":38,"numbering":["IY08"],"lines":[99806,99808,99809],"attr":"cool","postal_code":"790-0807","address":"松山市平和通６","voronoi":{"type":"Feature","geometry":{"type":"Polygon","coordinates":[[[132.757148,33.846518],[132.75587,33.843852],[132.749238,33.849043],[132.750068,33.850792],[132.756451,33.849151],[132.757148,33.846518]]]},"properties":{}}},
    {"code":9980609,"id":8587,"name":"大手町(愛媛)","original_name":"大手町","name_kana":"おおてまち","closed":false,"lat":33.839726,"lng":132.755384,"prefecture":38,"numbering":["IY09"],"lines":[99806,99808,99809,99811],"attr":"cool","postal_code":"790-0067","address":"松山市大手町２","voronoi":{"type":"Feature","geometry":{"type":"Polygon","coordinates":[[[132.756902,33.840952],[132.757421,33.836466],[132.753048,33.835776],[132.753182,33.838264],[132.754507,33.842165],[132.756004,33.843143],[132.756538,33.842801],[132.756902,33.840952]]]},"properties":{}}},
    {"code":9980501,"id":8567,"name":"松山市","original_name":"松山市","name_kana":"まつやまし","closed":false,"lat":33.835656,"lng":132.762281,"prefecture":38,"numbering":["IY10"],"lines":[99805,99806,99807],"attr":"heat","postal_code":"790-0012","address":"松山市湊町５","voronoi":{"type":"Feature","geometry":{"type":"Polygon","coordinates":[[[132.758384,33.836182],[132.759367,33.836983],[132.760407,33.837163],[132.765956,33.833712],[132.762478,33.828054],[132.758384,33.836182]]]},"properties":{}}}
  ]
}