{
  "code":99804,
  "id":543,
  "name":"琴電志度線",
  "name_kana":"ことでんしどせん",
  "station_size":16,
  "company_code":225,
  "closed":false,
  "color":"#FF3366",
  "symbol":"S",
  "station_list":[
    {"code":9980203,"id":8517,"name":"瓦町","original_name":"瓦町","name_kana":"かわらまち","closed":false,"lat":34.338827,"lng":134.052529,"prefecture":37,"numbering":["S00"],"lines":[99802,99803,99804],"attr":"cool","postal_code":"760-0054","address":"高松市常磐町１-３-１","voronoi":{"type":"Feature","geometry":{"type":"Polygon","coordinates":[[[134.054802,34.342142],[134.056767,34.337674],[134.055586,34.335902],[134.047816,34.334683],[134.044574,34.342349],[134.047814,34.3439],[134.054802,34.342142]]]},"properties":{}}},
    {"code":9980402,"id":8552,"name":"今橋","original_name":"今橋","name_kana":"いまばし","closed":false,"lat":34.341577,"lng":134.058782,"prefecture":37,"numbering":["S01"],"lines":[99804],"attr":"eco","postal_code":"760-0068","address":"高松市松島町１-３-２１","voronoi":{"type":"Feature","geometry":{"type":"Polygon","coordinates":[[[134.060964,34.338062],[134.056767,34.337674],[134.054802,34.342142],[134.064676,34.351697],[134.060964,34.338062]]]},"properties":{}}},
    {"code":9980403,"id":8553,"name":"松島二丁目","original_name":"松島二丁目","name_kana":"まつしまにちょうめ","closed":false,"lat":34.339986,"lng":134.064626,"prefecture":37,"numbering":["S02"],"lines":[99804],"attr":"eco","postal_code":"760-0067","address":"高松市松福町２-１５-２","voronoi":{"type":"Feature","geometry":{"type":"Polygon","coordinates":[[[134.064676,34.351697],[134.060964,34.338062],[134.068361,34.331454],[134.069799,34.332191],[134.066228,34.354285],[134.064676,34.351697]]]},"properties":{}}},
    {"code":9980404,"id":8554,"name":"沖松島","original_name":"沖松島","name_kana":"おきまつしま","closed":false,"lat":34.341219,"lng":134.072253,"prefecture":37,"numbering":["S03"],"lines":[99804],"attr":"eco","postal_code":"760-0066","address":"高松市福岡町４-３２-１","voronoi":{"type":"Feature","geometry":{"type":"Polygon","coordinates":[[[134.066228,34.354285],[134.069744,34.367071],[134.078968,34.388992],[134.077842,34.338029],[134.070797,34.332239],[134.069799,34.332191],[134.066228,34.354285]]]},"properties":{}}},
    {"code":9980405,"id":8555,"name":"春日川","original_name":"春日川","name_kana":"かすががわ","closed":false,"lat":34.340969,"lng":134.083566,"prefecture":37,"numbering":["S04"],"lines":[99804],"attr":"eco","postal_code":"760-0080","address":"高松市木太町２７０８","voronoi":{"type":"Feature","geometry":{"type":"Polygon","coordinates":[[[134.088706,34.422764],[134.091128,34.332625],[134.077842,34.338029],[134.078968,34.388992],[134.088706,34.422764]]]},"properties":{}}},
    {"code":9980406,"id":8556,"name":"潟元","original_name":"潟元","name_kana":"かたもと","closed":false,"lat":34.341363,"lng":134.098231,"prefecture":37,"numbering":["S05"],"lines":[99804],"attr":"eco","postal_code":"761-0113","address":"高松市屋島西町１７２３-５","voronoi":{"type":"Feature","geometry":{"type":"Polygon","coordinates":[[[134.088706,34.422764],[134.091128,34.332625],[134.09483,34.325428],[134.096982,34.323573],[134.1022,34.335624],[134.098989,34.428298],[134.095237,34.456517],[134.088706,34.422764]]]},"properties":{}}},
    {"code":9980407,"id":8557,"name":"琴電屋島","original_name":"琴電屋島","name_kana":"ことでんやしま","closed":false,"lat":34.341624,"lng":134.105763,"prefecture":37,"numbering":["S06"],"lines":[99804],"attr":"cool","postal_code":"761-0112","address":"高松市屋島中町２７０-１","voronoi":{"type":"Feature","geometry":{"type":"Polygon","coordinates":[[[134.111218,34.359354],[134.098989,34.428298],[134.1022,34.335624],[134.108978,34.340178],[134.111218,34.359354]]]},"properties":{}}},
    {"code":9980408,"id":8558,"name":"古高松","original_name":"古高松","name_kana":"ふるたかまつ","closed":false,"lat":34.340844,"lng":134.11244,"prefecture":37,"numbering":["S07"],"lines":[99804],"attr":"cool","postal_code":"761-0104","address":"高松市高松町１５-２","voronoi":{"type":"Feature","geometry":{"type":"Polygon","coordinates":[[[134.108978,34.340178],[134.117188,34.333636],[134.11678,34.344476],[134.111218,34.359354],[134.108978,34.340178]]]},"properties":{}}},
    {"code":9980409,"id":8559,"name":"八栗","original_name":"八栗","name_kana":"やくり","closed":false,"lat":34.344582,"lng":134.122439,"prefecture":37,"numbering":["S08"],"lines":[99804],"attr":"cool","postal_code":"761-0121","address":"高松市牟礼町牟礼２２１６-２","voronoi":{"type":"Feature","geometry":{"type":"Polygon","coordinates":[[[134.11492,34.505993],[134.097815,34.48681],[134.095237,34.456517],[134.098989,34.428298],[134.111218,34.359354],[134.11678,34.344476],[134.127837,34.341038],[134.156007,34.511332],[134.135402,34.509334],[134.11492,34.505993]]]},"properties":{}}},
    {"code":9980410,"id":8560,"name":"六万寺","original_name":"六万寺","name_kana":"ろくまんじ","closed":false,"lat":34.342655,"lng":134.134088,"prefecture":37,"numbering":["S09"],"lines":[99804],"attr":"cool","postal_code":"761-0121","address":"高松市牟礼町牟礼１０９７-２","voronoi":{"type":"Feature","geometry":{"type":"Polygon","coordinates":[[[134.145806,34.351032],[134.156854,34.375554],[134.204619,34.517756],[134.156007,34.511332],[134.127837,34.341038],[134.128438,34.335858],[134.141462,34.345101],[134.145806,34.351032]]]},"properties":{}}},
    {"code":9980411,"id":8561,"name":"大町(香川)","original_name":"大町","name_kana":"おおまち","closed":false,"lat":34.337333,"lng":134.141354,"prefecture":37,"numbering":["S10"],"lines":[99804],"attr":"cool","postal_code":"761-0122","address":"高松市牟礼町大町１５３２-５","voronoi":{"type":"Feature","geometry":{"type":"Polygon","coordinates":[[[134.129646,34.31119],[134.13949,34.305303],[134.140135,34.30662],[134.143854,34.332564],[134.145806,34.351032],[134.141462,34.345101],[134.129646,34.31119]]]},"properties":{}}},
    {"code":9980412,"id":8562,"name":"八栗新道","original_name":"八栗新道","name_kana":"やくりしんみち","closed":false,"lat":34.336705,"lng":134.147295,"prefecture":37,"numbering":["S11"],"lines":[99804],"attr":"cool","postal_code":"761-0122","address":"高松市牟礼町大町１３８９-７","voronoi":{"type":"Feature","geometry":{"type":"Polygon","coordinates":[[[134.152008,34.341669],[134.143854,34.332564],[134.145806,34.351032],[134.156854,34.375554],[134.152008,34.341669]]]},"properties":{}}},
    {"code":9980413,"id":8563,"name":"塩屋(香川)","original_name":"塩屋","name_kana":"しおや","closed":false,"lat":34.335583,"lng":134.155142,"prefecture":37,"numbering":["S12"],"lines":[99804],"attr":"cool","postal_code":"761-0122","address":"高松市牟礼町大町１５０２-５","voronoi":{"type":"Feature","geometry":{"type":"Polygon","coordinates":[[[134.246955,34.525908],[134.204619,34.517756],[134.156854,34.375554],[134.152008,34.341669],[134.150378,34.327291],[134.206666,34.385767],[134.300233,34.509728],[134.246955,34.525908]]]},"properties":{}}},
    {"code":9980414,"id":8564,"name":"房前","original_name":"房前","name_kana":"ふさざき","closed":false,"lat":34.332367,"lng":134.158483,"prefecture":37,"numbering":["S13"],"lines":[99804],"attr":"heat","postal_code":"761-0123","address":"高松市牟礼町原６２２-１","voronoi":{"type":"Feature","geometry":{"type":"Polygon","coordinates":[[[134.206666,34.385767],[134.176106,34.342442],[134.146403,34.316658],[134.150378,34.327291],[134.206666,34.385767]]]},"properties":{}}},
    {"code":9980415,"id":8565,"name":"原(香川)","original_name":"原","name_kana":"はら","closed":false,"lat":34.32641,"lng":134.163654,"prefecture":37,"numbering":["S14"],"lines":[99804],"attr":"heat","postal_code":"761-0123","address":"高松市牟礼町原３５５-２","voronoi":{"type":"Feature","geometry":{"type":"Polygon","coordinates":[[[134.176106,34.342442],[134.146403,34.316658],[134.140135,34.30662],[134.13949,34.305303],[134.14115,34.303048],[134.142628,34.302168],[134.150184,34.298561],[134.158188,34.304191],[134.164639,34.31668],[134.176106,34.342442]]]},"properties":{}}},
    {"code":9980416,"id":8566,"name":"琴電志度","original_name":"琴電志度","name_kana":"ことでんしど","closed":false,"lat":34.32246,"lng":134.172528,"prefecture":37,"numbering":["S15"],"lines":[99804],"attr":"heat","postal_code":"769-2101","address":"さぬき市志度４９５-７","voronoi":{"type":"Feature","geometry":{"type":"Polygon","coordinates":[[[134.206666,34.385767],[134.300233,34.509728],[134.302405,34.509181],[134.236532,34.363199],[134.164639,34.31668],[134.176106,34.342442],[134.206666,34.385767]]]},"properties":{}}}
  ]
}