{
  "code":99818,
  "id":"cd3b63",
  "name":"とさでん交通伊野線",
  "name_kana":"とさでんこうつういのせん",
  "name_formal":"土佐電鉄伊野線",
  "station_size":34,
  "company_code":228,
  "closed":false,
  "station_list":[
    {"code":9981733,"id":"7e4b0d","name":"はりまや橋","original_name":"はりまや橋","name_kana":"はりまやばし","closed":false,"lat":33.559558,"lng":133.542292,"prefecture":39,"lines":[99817,99818,99819],"attr":"cool","postal_code":"780-0822","address":"高知市はりまや町１","voronoi":{"type":"Feature","geometry":{"type":"Polygon","coordinates":[[[133.540759,33.561517],[133.540766,33.556089],[133.542822,33.556638],[133.543335,33.56063],[133.540759,33.561517]]]},"properties":{}}},
    {"code":9981802,"id":"b3a928","name":"堀詰","original_name":"堀詰","name_kana":"ほりづめ","closed":false,"lat":33.559554,"lng":133.539231,"prefecture":39,"lines":[99818],"attr":"cool","postal_code":"780-0870","address":"高知市本町１","voronoi":{"type":"Feature","geometry":{"type":"Polygon","coordinates":[[[133.536911,33.565906],[133.536575,33.565521],[133.53877,33.554484],[133.540766,33.556089],[133.540759,33.561517],[133.539448,33.563534],[133.536911,33.565906]]]},"properties":{}}},
    {"code":9981803,"id":"c707a1","name":"大橋通","original_name":"大橋通","name_kana":"おおはしどおり","closed":false,"lat":33.558992,"lng":133.536404,"prefecture":39,"lines":[99818],"attr":"cool","postal_code":"780-0870","address":"高知市本町２","voronoi":{"type":"Feature","geometry":{"type":"Polygon","coordinates":[[[133.536833,33.551695],[133.533997,33.56363],[133.536575,33.565521],[133.53877,33.554484],[133.536833,33.551695]]]},"properties":{}}},
    {"code":9981804,"id":"e70b3d","name":"高知城前","original_name":"高知城前","name_kana":"こうちじょうまえ","closed":false,"lat":33.558405,"lng":133.533934,"prefecture":39,"lines":[99818],"attr":"cool","postal_code":"780-0870","address":"高知市本町４","voronoi":{"type":"Feature","geometry":{"type":"Polygon","coordinates":[[[133.533997,33.56363],[133.531983,33.562809],[133.534879,33.547458],[133.536833,33.551695],[133.533997,33.56363]]]},"properties":{}}},
    {"code":9981805,"id":"069804","name":"県庁前(高知)","original_name":"県庁前","name_kana":"けんちょうまえ","closed":false,"lat":33.557997,"lng":133.531771,"prefecture":39,"lines":[99818],"attr":"cool","postal_code":"780-0870","address":"高知市本町５","voronoi":{"type":"Feature","geometry":{"type":"Polygon","coordinates":[[[133.533021,33.543077],[133.52954,33.562423],[133.531983,33.562809],[133.534879,33.547458],[133.533966,33.544809],[133.533021,33.543077]]]},"properties":{}}},
    {"code":9981806,"id":"7443e0","name":"グランド通","original_name":"グランド通","name_kana":"ぐらんどどおり","closed":false,"lat":33.557497,"lng":133.528992,"prefecture":39,"lines":[99818],"attr":"cool","postal_code":"780-0870","address":"高知市本町５","voronoi":{"type":"Feature","geometry":{"type":"Polygon","coordinates":[[[133.52954,33.562423],[133.527772,33.562658],[133.530375,33.537096],[133.53135,33.539175],[133.533021,33.543077],[133.52954,33.562423]]]},"properties":{}}},
    {"code":9981807,"id":"e304dc","name":"枡形","original_name":"枡形","name_kana":"ますがた","closed":false,"lat":33.557357,"lng":133.527617,"prefecture":39,"lines":[99818],"attr":"cool","postal_code":"780-0861","address":"高知市升形","voronoi":{"type":"Feature","geometry":{"type":"Polygon","coordinates":[[[133.526432,33.563019],[133.527772,33.562658],[133.530375,33.537096],[133.529638,33.535377],[133.526926,33.530098],[133.526432,33.563019]]]},"properties":{}}},
    {"code":9981808,"id":"1749fa","name":"上町一丁目","original_name":"上町一丁目","name_kana":"かみまちいっちょうめ","closed":false,"lat":33.557324,"lng":133.525417,"prefecture":39,"lines":[99818],"attr":"cool","postal_code":"780-0901","address":"高知市上町１","voronoi":{"type":"Feature","geometry":{"type":"Polygon","coordinates":[[[133.526432,33.563019],[133.52608,33.563191],[133.52398,33.562047],[133.524285,33.524978],[133.524765,33.525798],[133.526668,33.529544],[133.526926,33.530098],[133.526432,33.563019]]]},"properties":{}}},
    {"code":9981809,"id":"61565e","name":"上町二丁目","original_name":"上町二丁目","name_kana":"かみまちにちょうめ","closed":false,"lat":33.557301,"lng":133.522621,"prefecture":39,"lines":[99818],"attr":"cool","postal_code":"780-0901","address":"高知市上町２","voronoi":{"type":"Feature","geometry":{"type":"Polygon","coordinates":[[[133.520987,33.561404],[133.52398,33.562047],[133.524285,33.524978],[133.52374,33.523946],[133.521366,33.5197],[133.520987,33.561404]]]},"properties":{}}},
    {"code":9981810,"id":"e1e948","name":"上町四丁目","original_name":"上町四丁目","name_kana":"かみまちよんちょうめ","closed":false,"lat":33.557272,"lng":133.519428,"prefecture":39,"lines":[99818],"attr":"cool","postal_code":"780-0901","address":"高知市上町４","voronoi":{"type":"Feature","geometry":{"type":"Polygon","coordinates":[[[133.521366,33.5197],[133.520987,33.561404],[133.518196,33.561849],[133.519481,33.526288],[133.520362,33.517711],[133.521366,33.5197]]]},"properties":{}}},
    {"code":9981811,"id":"0537d7","name":"上町五丁目","original_name":"上町五丁目","name_kana":"かみまちごちょうめ","closed":false,"lat":33.557195,"lng":133.517297,"prefecture":39,"lines":[99818],"attr":"cool","postal_code":"780-0901","address":"高知市上町５","voronoi":{"type":"Feature","geometry":{"type":"Polygon","coordinates":[[[133.514371,33.5634],[133.518196,33.561849],[133.519481,33.526288],[133.514371,33.5634]]]},"properties":{}}},
    {"code":9981812,"id":"d788a2","name":"旭町一丁目","original_name":"旭町一丁目","name_kana":"あさひまちいっちょうめ","closed":false,"lat":33.556635,"lng":133.51323,"prefecture":39,"lines":[99818],"attr":"cool","postal_code":"780-0935","address":"高知市旭町１","voronoi":{"type":"Feature","geometry":{"type":"Polygon","coordinates":[[[133.511093,33.558195],[133.513736,33.563922],[133.514371,33.5634],[133.519481,33.526288],[133.520362,33.517711],[133.518995,33.51437],[133.511093,33.558195]]]},"properties":{}}},
    {"code":9981813,"id":"1d44b9","name":"旭駅前通","original_name":"旭駅前通","name_kana":"あさひえきまえどおり","closed":false,"lat":33.555987,"lng":133.509636,"prefecture":39,"lines":[99818],"attr":"cool","postal_code":"780-0935","address":"高知市旭町３","voronoi":{"type":"Feature","geometry":{"type":"Polygon","coordinates":[[[133.511093,33.558195],[133.508058,33.556994],[133.511134,33.527283],[133.516758,33.508159],[133.518995,33.51437],[133.511093,33.558195]]]},"properties":{}}},
    {"code":9981814,"id":"05c1a0","name":"旭町三丁目","original_name":"旭町三丁目","name_kana":"あさひまちさんちょうめ","closed":false,"lat":33.555685,"lng":133.506719,"prefecture":39,"lines":[99818],"attr":"cool","postal_code":"780-0935","address":"高知市旭町３","voronoi":{"type":"Feature","geometry":{"type":"Polygon","coordinates":[[[133.508058,33.556994],[133.504567,33.559007],[133.506337,33.54097],[133.511134,33.527283],[133.508058,33.556994]]]},"properties":{}}},
    {"code":9981815,"id":"a5df06","name":"蛍橋","original_name":"蛍橋","name_kana":"ほたるばし","closed":false,"lat":33.55533,"lng":133.503102,"prefecture":39,"lines":[99818],"attr":"cool","postal_code":"780-0935","address":"高知市旭町３","voronoi":{"type":"Feature","geometry":{"type":"Polygon","coordinates":[[[133.502875,33.561642],[133.504567,33.559007],[133.506337,33.54097],[133.50075,33.552224],[133.501928,33.559908],[133.502875,33.561642]]]},"properties":{}}},
    {"code":9981816,"id":"6f7a4a","name":"鏡川橋","original_name":"鏡川橋","name_kana":"かがみがわばし","closed":false,"lat":33.555892,"lng":133.499437,"prefecture":39,"lines":[99818],"attr":"cool","postal_code":"780-0945","address":"高知市本宮町字水神通","voronoi":{"type":"Feature","geometry":{"type":"Polygon","coordinates":[[[133.496229,33.555411],[133.50075,33.552224],[133.501928,33.559908],[133.496229,33.555411]]]},"properties":{}}},
    {"code":9981817,"id":"49d53e","name":"鴨部","original_name":"鴨部","name_kana":"かもべ","closed":false,"lat":33.552228,"lng":133.496854,"prefecture":39,"lines":[99818],"attr":"cool","postal_code":"780-8071","address":"高知市鴨部高町","voronoi":{"type":"Feature","geometry":{"type":"Polygon","coordinates":[[[133.516758,33.508159],[133.510272,33.477348],[133.494351,33.55559],[133.496229,33.555411],[133.50075,33.552224],[133.506337,33.54097],[133.511134,33.527283],[133.516758,33.508159]]]},"properties":{}}},
    {"code":9981818,"id":"26c6c5","name":"曙町東町","original_name":"曙町東町","name_kana":"あけぼのちょうひがしまち","closed":false,"lat":33.551517,"lng":133.49336,"prefecture":39,"lines":[99818],"attr":"heat","postal_code":"780-8062","address":"高知市朝倉乙","voronoi":{"type":"Feature","geometry":{"type":"Polygon","coordinates":[[[133.494351,33.55559],[133.49125,33.557424],[133.502151,33.483918],[133.506591,33.457572],[133.510272,33.477348],[133.494351,33.55559]]]},"properties":{}}},
    {"code":9981819,"id":"fb2513","name":"曙町","original_name":"曙町","name_kana":"あけぼのちょう","closed":false,"lat":33.551159,"lng":133.490946,"prefecture":39,"lines":[99818],"attr":"heat","postal_code":"780-8062","address":"高知市朝倉乙","voronoi":{"type":"Feature","geometry":{"type":"Polygon","coordinates":[[[133.49125,33.557424],[133.502151,33.483918],[133.48858,33.556499],[133.488801,33.559616],[133.49125,33.557424]]]},"properties":{}}},
    {"code":9981820,"id":"543cfc","name":"朝倉(とさでん交通)","original_name":"朝倉","name_kana":"あさくら","closed":false,"lat":33.550665,"lng":133.488304,"prefecture":39,"lines":[99818],"attr":"heat","postal_code":"780-8063","address":"高知県高知市朝倉丙133-2","voronoi":{"type":"Feature","geometry":{"type":"Polygon","coordinates":[[[133.506591,33.457572],[133.502151,33.483918],[133.48858,33.556499],[133.487152,33.551926],[133.47521,33.367392],[133.489518,33.349727],[133.506591,33.457572]]]},"properties":{}}},
    {"code":9981821,"id":"ca615c","name":"朝倉駅前","original_name":"朝倉駅前","name_kana":"あさくらえきまえ","closed":false,"lat":33.550824,"lng":133.485847,"prefecture":39,"lines":[99818],"attr":"heat","postal_code":"780-0000","address":"高知市朝倉字横田","voronoi":{"type":"Feature","geometry":{"type":"Polygon","coordinates":[[[133.47521,33.367392],[133.468524,33.375534],[133.467437,33.40535],[133.467394,33.407175],[133.467376,33.413982],[133.469932,33.470977],[133.472422,33.495409],[133.476782,33.523929],[133.483067,33.549886],[133.487152,33.551926],[133.47521,33.367392]]]},"properties":{}}},
    {"code":9981822,"id":"23ec40","name":"朝倉神社前","original_name":"朝倉神社前","name_kana":"あさくらじんじゃまえ","closed":false,"lat":33.551992,"lng":133.481023,"prefecture":39,"lines":[99818],"attr":"heat","postal_code":"780-0000","address":"高知市朝倉字宮の前","voronoi":{"type":"Feature","geometry":{"type":"Polygon","coordinates":[[[133.480262,33.578124],[133.476782,33.523929],[133.483067,33.549886],[133.484747,33.566667],[133.480262,33.578124]]]},"properties":{}}},
    {"code":9981823,"id":"3205f7","name":"宮の奥","original_name":"宮の奥","name_kana":"みやのおく","closed":false,"lat":33.552304,"lng":133.476165,"prefecture":39,"lines":[99818],"attr":"heat","postal_code":"780-0000","address":"高知市朝倉字宮の奥","voronoi":{"type":"Feature","geometry":{"type":"Polygon","coordinates":[[[133.476782,33.523929],[133.472422,33.495409],[133.474048,33.599747],[133.480262,33.578124],[133.476782,33.523929]]]},"properties":{}}},
    {"code":9981824,"id":"0eb2aa","name":"咥内","original_name":"咥内","name_kana":"こうない","closed":false,"lat":33.552393,"lng":133.470454,"prefecture":39,"lines":[99818],"attr":"heat","postal_code":"780-0000","address":"高知市朝倉字咥内","voronoi":{"type":"Feature","geometry":{"type":"Polygon","coordinates":[[[133.472422,33.495409],[133.474048,33.599747],[133.460351,33.661095],[133.469932,33.470977],[133.472422,33.495409]]]},"properties":{}}},
    {"code":9981825,"id":"5ec58c","name":"宇治団地前","original_name":"宇治団地前","name_kana":"うじだんちまえ","closed":false,"lat":33.551928,"lng":133.461227,"prefecture":39,"lines":[99818],"attr":"heat","postal_code":"781-2120","address":"吾川郡いの町枝川","voronoi":{"type":"Feature","geometry":{"type":"Polygon","coordinates":[[[133.467376,33.413982],[133.458162,33.513895],[133.458805,33.669719],[133.460351,33.661095],[133.469932,33.470977],[133.467376,33.413982]]]},"properties":{}}},
    {"code":9981826,"id":"223478","name":"八代通","original_name":"八代通","name_kana":"やしろどおり","closed":false,"lat":33.551952,"lng":133.455411,"prefecture":39,"lines":[99818],"attr":"heat","postal_code":"781-2120","address":"吾川郡いの町枝川東浦","voronoi":{"type":"Feature","geometry":{"type":"Polygon","coordinates":[[[133.445571,33.755736],[133.439009,33.755299],[133.456031,33.526441],[133.458162,33.513895],[133.458805,33.669719],[133.445571,33.755736]]]},"properties":{}}},
    {"code":9981827,"id":"5e348a","name":"中山(高知)","original_name":"中山","name_kana":"なかやま","closed":false,"lat":33.551763,"lng":133.45287,"prefecture":39,"lines":[99818],"attr":"heat","postal_code":"781-2120","address":"吾川郡いの町枝川西浦","voronoi":{"type":"Feature","geometry":{"type":"Polygon","coordinates":[[[133.439009,33.755299],[133.456031,33.526441],[133.441549,33.591756],[133.41367,33.75242],[133.428902,33.754689],[133.439009,33.755299]]]},"properties":{}}},
    {"code":1180140,"id":"71e1bb","name":"枝川","original_name":"枝川","name_kana":"えだがわ","closed":false,"lat":33.550726,"lng":133.448193,"prefecture":39,"lines":[11801,99818],"attr":"heat","postal_code":"781-2120","address":"吾川郡いの町枝川字スミ澤","voronoi":{"type":"Feature","geometry":{"type":"Polygon","coordinates":[[[133.449426,33.523053],[133.441549,33.591756],[133.456031,33.526441],[133.458162,33.513895],[133.467376,33.413982],[133.467394,33.407175],[133.449426,33.523053]]]},"properties":{}}},
    {"code":9981829,"id":"ae9852","name":"伊野商業前","original_name":"伊野商業前","name_kana":"いのしょうぎょうまえ","closed":false,"lat":33.550287,"lng":133.444364,"prefecture":39,"lines":[99818],"attr":"eco","postal_code":"781-2100","address":"吾川郡いの町字桑ノ木","voronoi":{"type":"Feature","geometry":{"type":"Polygon","coordinates":[[[133.41271,33.752298],[133.41367,33.75242],[133.441549,33.591756],[133.449426,33.523053],[133.430324,33.607112],[133.42808,33.622256],[133.424675,33.64981],[133.41271,33.752298]]]},"properties":{}}},
    {"code":9981834,"id":"b13482","name":"北内","original_name":"北内","name_kana":"きたうち","closed":false,"lat":33.5498,"lng":133.442221,"prefecture":39,"lines":[99818],"attr":"eco","postal_code":"781-2100","address":"吾川郡いの町北大内４３２-３地先","voronoi":{"type":"Feature","geometry":{"type":"Polygon","coordinates":[[[133.430324,33.607112],[133.449426,33.523053],[133.467394,33.407175],[133.467437,33.40535],[133.432106,33.593292],[133.430324,33.607112]]]},"properties":{}}},
    {"code":9981830,"id":"b9d1be","name":"北山(高知)","original_name":"北山","name_kana":"きたやま","closed":false,"lat":33.549096,"lng":133.438476,"prefecture":39,"lines":[99818],"attr":"eco","postal_code":"781-2100","address":"吾川郡いの町北山","voronoi":{"type":"Feature","geometry":{"type":"Polygon","coordinates":[[[133.467437,33.40535],[133.432106,33.593292],[133.437336,33.532363],[133.4669,33.377042],[133.468524,33.375534],[133.467437,33.40535]]]},"properties":{}}},
    {"code":9981831,"id":"e969a7","name":"鳴谷","original_name":"鳴谷","name_kana":"なるたに","closed":false,"lat":33.548657,"lng":133.433361,"prefecture":39,"lines":[99818],"attr":"eco","postal_code":"781-2108","address":"吾川郡いの町駅東町","voronoi":{"type":"Feature","geometry":{"type":"Polygon","coordinates":[[[133.437336,33.532363],[133.431586,33.548527],[133.42808,33.622256],[133.430324,33.607112],[133.432106,33.593292],[133.437336,33.532363]]]},"properties":{}}},
    {"code":9981832,"id":"0b7b51","name":"伊野駅前","original_name":"伊野駅前","name_kana":"いのえきまえ","closed":false,"lat":33.548488,"lng":133.429807,"prefecture":39,"lines":[99818],"attr":"eco","postal_code":"781-2100","address":"吾川郡いの町和田前","voronoi":{"type":"Feature","geometry":{"type":"Polygon","coordinates":[[[133.429155,33.547732],[133.424675,33.64981],[133.42808,33.622256],[133.431586,33.548527],[133.429155,33.547732]]]},"properties":{}}},
    {"code":9981833,"id":"f29fad","name":"伊野(とさでん交通)","original_name":"伊野","name_kana":"いの","closed":false,"lat":33.548428,"lng":133.42844,"prefecture":39,"lines":[99818],"attr":"eco","postal_code":"781-2100","address":"高知県吾川郡いの町1419-3","voronoi":{"type":"Feature","geometry":{"type":"Polygon","coordinates":[[[133.36246,33.74734],[133.382377,33.66339],[133.423936,33.538166],[133.429155,33.547732],[133.424675,33.64981],[133.41271,33.752298],[133.363917,33.748016],[133.36246,33.74734]]]},"properties":{}}}
  ]
}