{
  "code":99814,
  "id":552,
  "name":"土佐くろしお鉄道中村線",
  "name_kana":"とさくろしおてつどうなかむらせん",
  "station_size":15,
  "company_code":227,
  "closed":false,
  "symbol":"TK",
  "station_list":[
    {"code":1180160,"id":3822,"name":"窪川","original_name":"窪川","name_kana":"くぼかわ","closed":false,"lat":33.212656,"lng":133.137285,"prefecture":39,"numbering":["TK26"],"lines":[11801,11808,99814],"attr":"heat","postal_code":"786-0013","address":"高岡郡四万十町琴平町","voronoi":{"type":"Feature","geometry":{"type":"Polygon","coordinates":[[[133.279937,33.132516],[133.045209,33.305582],[133.045252,33.3052],[133.049984,33.29169],[133.147492,33.167364],[133.279937,33.132516]]]},"properties":{}}},
    {"code":1180802,"id":4003,"name":"若井","original_name":"若井","name_kana":"わかい","closed":false,"lat":33.18807,"lng":133.105937,"prefecture":39,"numbering":["TK27"],"lines":[11808,99814],"attr":"heat","postal_code":"786-0068","address":"高岡郡四万十町若井","voronoi":{"type":"Feature","geometry":{"type":"Polygon","coordinates":[[[133.049984,33.29169],[133.064628,33.204793],[133.103727,33.159122],[133.147492,33.167364],[133.049984,33.29169]]]},"properties":{}}},
    {"code":9981403,"id":8631,"name":"荷稲","original_name":"荷稲","name_kana":"かいな","closed":false,"lat":33.132961,"lng":133.116316,"prefecture":39,"numbering":["TK28"],"lines":[99814],"attr":"heat","postal_code":"789-1705","address":"幡多郡黒潮町荷稲","voronoi":{"type":"Feature","geometry":{"type":"Polygon","coordinates":[[[133.503768,33.042917],[133.279937,33.132516],[133.147492,33.167364],[133.103727,33.159122],[133.085784,33.132918],[133.140292,33.098013],[133.163817,33.091325],[133.503768,33.042917]]]},"properties":{}}},
    {"code":9981404,"id":8632,"name":"伊与喜","original_name":"伊与喜","name_kana":"いよき","closed":false,"lat":33.105169,"lng":133.098519,"prefecture":39,"numbering":["TK29"],"lines":[99814],"attr":"heat","postal_code":"789-1713","address":"幡多郡黒潮町伊与喜","voronoi":{"type":"Feature","geometry":{"type":"Polygon","coordinates":[[[133.030586,33.107484],[133.034743,33.103137],[133.057285,33.087757],[133.140292,33.098013],[133.085784,33.132918],[133.034559,33.111296],[133.030586,33.107484]]]},"properties":{}}},
    {"code":9981405,"id":8633,"name":"土佐佐賀","original_name":"土佐佐賀","name_kana":"とささが","closed":false,"lat":33.080905,"lng":133.101517,"prefecture":39,"numbering":["TK30"],"lines":[99814],"attr":"heat","postal_code":"789-1723","address":"幡多郡黒潮町佐賀","voronoi":{"type":"Feature","geometry":{"type":"Polygon","coordinates":[[[133.140292,33.098013],[133.057285,33.087757],[133.068989,33.073732],[133.093888,33.069597],[133.163817,33.091325],[133.140292,33.098013]]]},"properties":{}}},
    {"code":9981406,"id":8634,"name":"佐賀公園","original_name":"佐賀公園","name_kana":"さがこうえん","closed":false,"lat":33.064604,"lng":133.106582,"prefecture":39,"numbering":["TK31"],"lines":[99814],"attr":"heat","postal_code":"789-1723","address":"幡多郡黒潮町佐賀","voronoi":{"type":"Feature","geometry":{"type":"Polygon","coordinates":[[[133.093888,33.069597],[133.163817,33.091325],[133.503768,33.042917],[133.50988,33.041067],[133.606984,32.997027],[133.665896,32.96351],[133.737923,32.801174],[134.057415,31.993379],[133.093888,33.069597]]]},"properties":{}}},
    {"code":9981407,"id":8635,"name":"土佐白浜","original_name":"土佐白浜","name_kana":"とさしらはま","closed":false,"lat":33.05643,"lng":133.097452,"prefecture":39,"numbering":["TK32"],"lines":[99814],"attr":"heat","postal_code":"789-1725","address":"幡多郡黒潮町白浜","voronoi":{"type":"Feature","geometry":{"type":"Polygon","coordinates":[[[133.068989,33.073732],[133.070933,33.067744],[134.457607,30.994065],[134.057415,31.993379],[133.093888,33.069597],[133.068989,33.073732]]]},"properties":{}}},
    {"code":9981408,"id":8636,"name":"有井川","original_name":"有井川","name_kana":"ありいがわ","closed":false,"lat":33.038914,"lng":133.071258,"prefecture":39,"numbering":["TK33"],"lines":[99814],"attr":"cool","postal_code":"789-1903","address":"幡多郡黒潮町有井川字塩屋ヶ原","voronoi":{"type":"Feature","geometry":{"type":"Polygon","coordinates":[[[134.457607,30.994065],[133.070933,33.067744],[133.057592,33.018449],[133.05511,32.977257],[133.078,32.886564],[133.078352,32.885575],[134.774293,29.401766],[135.108213,29.024275],[135.10081,29.070235],[134.996403,29.673122],[134.457607,30.994065]]]},"properties":{}}},
    {"code":9981409,"id":8637,"name":"土佐上川口","original_name":"土佐上川口","name_kana":"とさかみかわぐち","closed":false,"lat":33.043013,"lng":133.056112,"prefecture":39,"numbering":["TK34"],"lines":[99814],"attr":"cool","postal_code":"789-1901","address":"幡多郡黒潮町上川口字弓湯ノ谷","voronoi":{"type":"Feature","geometry":{"type":"Polygon","coordinates":[[[133.03481,33.102633],[133.034743,33.103137],[133.057285,33.087757],[133.068989,33.073732],[133.070933,33.067744],[133.057592,33.018449],[133.03481,33.102633]]]},"properties":{}}},
    {"code":9981410,"id":8638,"name":"海の王迎","original_name":"海の王迎","name_kana":"うみのおうむかえ","closed":false,"lat":33.040407,"lng":133.046482,"prefecture":39,"numbering":["TK35"],"lines":[99814],"attr":"cool","postal_code":"789-1901","address":"幡多郡黒潮町上川口字拾五代地１３１６-１","voronoi":{"type":"Feature","geometry":{"type":"Polygon","coordinates":[[[133.05511,32.977257],[133.057592,33.018449],[133.03481,33.102633],[133.039801,33.009507],[133.05511,32.977257]]]},"properties":{}}},
    {"code":9981411,"id":8639,"name":"浮鞭","original_name":"浮鞭","name_kana":"うきぶち","closed":false,"lat":33.039516,"lng":133.029856,"prefecture":39,"numbering":["TK36"],"lines":[99814],"attr":"cool","postal_code":"789-1911","address":"幡多郡黒潮町浮鞭字丸田","voronoi":{"type":"Feature","geometry":{"type":"Polygon","coordinates":[[[132.960115,33.102279],[132.976416,33.107973],[133.030586,33.107484],[133.034743,33.103137],[133.03481,33.102633],[133.039801,33.009507],[132.960115,33.102279]]]},"properties":{}}},
    {"code":9981412,"id":8640,"name":"土佐入野","original_name":"土佐入野","name_kana":"とさいりの","closed":false,"lat":33.023866,"lng":133.011636,"prefecture":39,"numbering":["TK37"],"lines":[99814],"attr":"cool","postal_code":"789-1931","address":"幡多郡黒潮町入野字厩尻","voronoi":{"type":"Feature","geometry":{"type":"Polygon","coordinates":[[[132.948695,33.099873],[133.078,32.886564],[133.05511,32.977257],[133.039801,33.009507],[132.960115,33.102279],[132.948695,33.099873]]]},"properties":{}}},
    {"code":9981413,"id":8641,"name":"西大方","original_name":"西大方","name_kana":"にしおおがた","closed":false,"lat":33.008912,"lng":132.986967,"prefecture":39,"numbering":["TK38"],"lines":[99814],"attr":"eco","postal_code":"789-1935","address":"幡多郡黒潮町上田の口字下新田","voronoi":{"type":"Feature","geometry":{"type":"Polygon","coordinates":[[[133.078,32.886564],[133.078352,32.885575],[132.950681,33.022961],[132.908687,33.097429],[132.948695,33.099873],[133.078,32.886564]]]},"properties":{}}},
    {"code":9981414,"id":8642,"name":"古津賀","original_name":"古津賀","name_kana":"こつか","closed":false,"lat":32.985744,"lng":132.962036,"prefecture":39,"numbering":["TK39"],"lines":[99814],"attr":"eco","postal_code":"787-0010","address":"四万十市古津賀道廣","voronoi":{"type":"Feature","geometry":{"type":"Polygon","coordinates":[[[134.774293,29.401766],[133.078352,32.885575],[132.950681,33.022961],[132.964773,32.791607],[133.047352,32.185502],[133.214898,31.304138],[133.258187,31.110184],[133.324621,31.030548],[133.752295,30.525302],[133.848802,30.417274],[133.915251,30.343798],[134.774293,29.401766]]]},"properties":{}}},
    {"code":9981415,"id":8643,"name":"中村","original_name":"中村","name_kana":"なかむら","closed":false,"lat":32.984641,"lng":132.943927,"prefecture":39,"numbering":["TK40"],"lines":[99814,99815],"attr":"eco","postal_code":"787-0014","address":"四万十市駅前町","voronoi":{"type":"Feature","geometry":{"type":"Polygon","coordinates":[[[132.908436,33.097467],[132.908687,33.097429],[132.950681,33.022961],[132.964773,32.791607],[132.908436,33.097467]]]},"properties":{}}}
  ]
}