{
  "code":99812,
  "id":551,
  "name":"伊予鉄道６系統(本町線)",
  "name_kana":"いよてつどうろくけいとう(ほんまちせん)",
  "name_formal":"伊予鉄道６系統",
  "station_size":7,
  "company_code":226,
  "closed":false,
  "color":"#000000",
  "station_list":[
    {"code":9980809,"id":8608,"name":"本町６丁目","original_name":"本町６丁目","name_kana":"ほんまちろくちょうめ","closed":false,"lat":33.853472,"lng":132.758473,"prefecture":38,"numbering":["29"],"lines":[99808,99809,99812],"attr":"eco","postal_code":"790-0811","address":"松山市本町６","voronoi":{"type":"Feature","geometry":{"type":"Polygon","coordinates":[[[132.749594,33.871511],[132.759515,33.876409],[132.75963,33.852411],[132.757732,33.852114],[132.750462,33.861633],[132.749594,33.871511]]]},"properties":{}}},
    {"code":9981202,"id":8628,"name":"本町５丁目","original_name":"本町５丁目","name_kana":"ほんまちごちょうめ","closed":false,"lat":33.851047,"lng":132.758853,"prefecture":38,"numbering":["28"],"lines":[99812],"attr":"cool","postal_code":"790-0811","address":"松山市本町５","voronoi":{"type":"Feature","geometry":{"type":"Polygon","coordinates":[[[132.75704,33.849552],[132.760981,33.849469],[132.76061,33.851637],[132.75963,33.852411],[132.757732,33.852114],[132.75704,33.849552]]]},"properties":{}}},
    {"code":9981203,"id":8629,"name":"本町４丁目","original_name":"本町４丁目","name_kana":"ほんまちよんちょうめ","closed":false,"lat":33.847982,"lng":132.758789,"prefecture":38,"numbering":["27"],"lines":[99812],"attr":"cool","postal_code":"790-0811","address":"松山市本町４","voronoi":{"type":"Feature","geometry":{"type":"Polygon","coordinates":[[[132.756451,33.849151],[132.75704,33.849552],[132.760981,33.849469],[132.76145,33.849001],[132.762032,33.846628],[132.757148,33.846518],[132.756451,33.849151]]]},"properties":{}}},
    {"code":9981204,"id":8630,"name":"本町３丁目","original_name":"本町３丁目","name_kana":"ほんまちさんちょうめ","closed":false,"lat":33.84513,"lng":132.758853,"prefecture":38,"numbering":["26"],"lines":[99812],"attr":"cool","postal_code":"790-0811","address":"松山市本町３","voronoi":{"type":"Feature","geometry":{"type":"Polygon","coordinates":[[[132.761408,33.842718],[132.762421,33.843199],[132.763057,33.843928],[132.763495,33.844737],[132.762032,33.846628],[132.757148,33.846518],[132.75587,33.843852],[132.756004,33.843143],[132.756538,33.842801],[132.761408,33.842718]]]},"properties":{}}},
    {"code":9981205,"id":9332,"name":"本町１丁目","original_name":"本町１丁目","name_kana":"ほんまちいっちょうめ","closed":false,"lat":33.840394,"lng":132.758772,"prefecture":38,"numbering":["25"],"lines":[99812],"attr":"cool","postal_code":"790-0067","address":"松山市大手町１","voronoi":{"type":"Feature","geometry":{"type":"Polygon","coordinates":[[[132.761408,33.842718],[132.756538,33.842801],[132.756902,33.840952],[132.76017,33.839686],[132.761408,33.842718]]]},"properties":{}}},
    {"code":9980802,"id":8603,"name":"南堀端","original_name":"南堀端","name_kana":"みなみほりばた","closed":false,"lat":33.839213,"lng":132.761664,"prefecture":38,"numbering":["02"],"lines":[99808,99809,99810,99811,99812],"attr":"cool","postal_code":"790-0006","address":"松山市南堀端町","voronoi":{"type":"Feature","geometry":{"type":"Polygon","coordinates":[[[132.762421,33.843199],[132.761408,33.842718],[132.76017,33.839686],[132.759367,33.836983],[132.760407,33.837163],[132.76357,33.838116],[132.762421,33.843199]]]},"properties":{}}},
    {"code":9980801,"id":8623,"name":"松山市駅","original_name":"松山市駅","name_kana":"まつやましえき","closed":false,"lat":33.836148,"lng":132.762587,"prefecture":38,"numbering":["01"],"lines":[99808,99809,99810,99812],"attr":"eco","postal_code":"790-0012","address":"松山市湊町５","voronoi":{"type":"Feature","geometry":{"type":"Polygon","coordinates":[[[132.765956,33.833712],[132.760407,33.837163],[132.76357,33.838116],[132.767461,33.835817],[132.765956,33.833712]]]},"properties":{}}}
  ]
}