{
  "code":99819,
  "id":"a7b315",
  "name":"とさでん交通桟橋線",
  "name_kana":"とさでんこうつうさんばしせん",
  "name_formal":"土佐電鉄桟橋線",
  "station_size":11,
  "company_code":228,
  "closed":false,
  "station_list":[
    {"code":9981901,"id":"3b833c","name":"高知駅前","original_name":"高知駅前","name_kana":"こうちえきまえ","closed":false,"lat":33.56653,"lng":133.543606,"prefecture":39,"lines":[99819],"attr":"cool","postal_code":"780-0056","address":"高知市北本町２","voronoi":{"type":"Feature","geometry":{"type":"Polygon","coordinates":[[[133.540755,33.565609],[133.553352,33.57025],[133.553898,33.569483],[133.551593,33.566478],[133.549365,33.564981],[133.540755,33.565609]]]},"properties":{}}},
    {"code":9981902,"id":"03e2d6","name":"高知橋","original_name":"高知橋","name_kana":"こうちばし","closed":false,"lat":33.564284,"lng":133.543442,"prefecture":39,"lines":[99819],"attr":"cool","postal_code":"780-0053","address":"高知市駅前町","voronoi":{"type":"Feature","geometry":{"type":"Polygon","coordinates":[[[133.53692,33.565733],[133.540066,33.563076],[133.546612,33.562248],[133.549365,33.564981],[133.540755,33.565609],[133.53692,33.565733]]]},"properties":{}}},
    {"code":9981903,"id":"61684d","name":"蓮池町通","original_name":"蓮池町通","name_kana":"はすいけまちどおり","closed":false,"lat":33.561066,"lng":133.543035,"prefecture":39,"lines":[99819],"attr":"cool","postal_code":"780-0822","address":"高知市はりまや町３","voronoi":{"type":"Feature","geometry":{"type":"Polygon","coordinates":[[[133.546518,33.561985],[133.546612,33.562248],[133.540066,33.563076],[133.541126,33.560571],[133.543647,33.560253],[133.546518,33.561985]]]},"properties":{}}},
    {"code":9981733,"id":"7e4b0d","name":"はりまや橋","original_name":"はりまや橋","name_kana":"はりまやばし","closed":false,"lat":33.559617,"lng":133.542852,"prefecture":39,"lines":[99817,99818,99819],"attr":"cool","postal_code":"780-0822","address":"高知市はりまや町１","voronoi":{"type":"Feature","geometry":{"type":"Polygon","coordinates":[[[133.541126,33.560571],[133.541207,33.556671],[133.542861,33.556863],[133.543647,33.560253],[133.541126,33.560571]]]},"properties":{}}},
    {"code":9981905,"id":"cc4157","name":"梅の辻","original_name":"梅の辻","name_kana":"うめのつじ","closed":false,"lat":33.554181,"lng":133.543485,"prefecture":39,"lines":[99819],"attr":"cool","postal_code":"780-8011","address":"高知市梅ノ辻","voronoi":{"type":"Feature","geometry":{"type":"Polygon","coordinates":[[[133.538765,33.55483],[133.536836,33.551984],[133.534574,33.547136],[133.533805,33.544662],[133.548178,33.554387],[133.546192,33.556478],[133.542861,33.556863],[133.541207,33.556671],[133.538765,33.55483]]]},"properties":{}}},
    {"code":9981906,"id":"4cdc8c","name":"桟橋通一丁目","original_name":"桟橋通一丁目","name_kana":"さんばしどおりいっちょうめ","closed":false,"lat":33.550108,"lng":133.546241,"prefecture":39,"lines":[99819],"attr":"cool","postal_code":"781-8010","address":"高知市桟橋通１","voronoi":{"type":"Feature","geometry":{"type":"Polygon","coordinates":[[[133.533805,33.544662],[133.548178,33.554387],[133.550872,33.55367],[133.551599,33.553044],[133.531148,33.539188],[133.531202,33.539331],[133.532413,33.54201],[133.533805,33.544662]]]},"properties":{}}},
    {"code":9981907,"id":"1440c7","name":"桟橋通二丁目","original_name":"桟橋通二丁目","name_kana":"さんばしどおりにちょうめ","closed":false,"lat":33.549156,"lng":133.546886,"prefecture":39,"lines":[99819],"attr":"heat","postal_code":"781-8010","address":"高知市桟橋通２","voronoi":{"type":"Feature","geometry":{"type":"Polygon","coordinates":[[[133.551599,33.553044],[133.553171,33.551929],[133.529805,33.535965],[133.531148,33.539188],[133.551599,33.553044]]]},"properties":{}}},
    {"code":9981908,"id":"827526","name":"桟橋通三丁目","original_name":"桟橋通三丁目","name_kana":"さんばしどおりさんちょうめ","closed":false,"lat":33.547082,"lng":133.548303,"prefecture":39,"lines":[99819],"attr":"heat","postal_code":"781-8010","address":"高知市桟橋通３","voronoi":{"type":"Feature","geometry":{"type":"Polygon","coordinates":[[[133.554336,33.55139],[133.553171,33.551929],[133.529805,33.535965],[133.527535,33.531301],[133.555743,33.550349],[133.554336,33.55139]]]},"properties":{}}},
    {"code":9981909,"id":"7fa12e","name":"桟橋通四丁目","original_name":"桟橋通四丁目","name_kana":"さんばしどおりよんちょうめ","closed":false,"lat":33.544668,"lng":133.549933,"prefecture":39,"lines":[99819],"attr":"heat","postal_code":"781-8010","address":"高知市桟橋通４","voronoi":{"type":"Feature","geometry":{"type":"Polygon","coordinates":[[[133.524187,33.525022],[133.525021,33.526796],[133.527535,33.531301],[133.555743,33.550349],[133.557412,33.549528],[133.559187,33.548213],[133.524187,33.525022]]]},"properties":{}}},
    {"code":9981910,"id":"617c3a","name":"桟橋車庫前","original_name":"桟橋車庫前","name_kana":"さんばししゃこまえ","closed":false,"lat":33.541073,"lng":133.552315,"prefecture":39,"lines":[99819],"attr":"eco","postal_code":"781-8010","address":"高知市桟橋通四丁目","voronoi":{"type":"Feature","geometry":{"type":"Polygon","coordinates":[[[133.559187,33.548213],[133.559678,33.547994],[133.560958,33.547275],[133.518904,33.513984],[133.519704,33.516276],[133.520449,33.518115],[133.521277,33.519773],[133.524187,33.525022],[133.559187,33.548213]]]},"properties":{}}},
    {"code":9981911,"id":"1c9ad3","name":"桟橋通五丁目","original_name":"桟橋通五丁目","name_kana":"さんばしどおりごちょうめ","closed":false,"lat":33.540286,"lng":133.552938,"prefecture":39,"lines":[99819],"attr":"eco","postal_code":"781-8010","address":"高知市桟橋通５","voronoi":{"type":"Feature","geometry":{"type":"Polygon","coordinates":[[[133.517131,33.509096],[133.518904,33.513984],[133.560958,33.547275],[133.562519,33.546493],[133.565806,33.54417],[133.582074,33.527842],[133.590863,33.51563],[133.635152,33.448059],[133.637064,33.396197],[133.636495,33.151533],[133.631629,33.099579],[133.489127,33.35027],[133.505454,33.451715],[133.508304,33.467966],[133.517131,33.509096]]]},"properties":{}}}
  ]
}