{
  "code":99813,
  "id":618,
  "name":"伊予鉄道森松線",
  "name_kana":"いよてつどうもりまつせん",
  "station_size":3,
  "company_code":226,
  "closed":true,
  "station_list":[
    {"code":9981301,"id":9274,"name":"伊予立花","original_name":"伊予立花","name_kana":"いよたちばな","closed":true,"lat":33.827558,"lng":132.773328,"prefecture":38,"lines":[99813],"attr":"unknown","postal_code":"790-0966","address":"愛媛県松山市立花２丁目１-４２","voronoi":{"type":"Feature","geometry":{"type":"Polygon","coordinates":[[[132.779319,33.819376],[132.765081,33.813985],[132.777049,33.83432],[132.783832,33.833606],[132.779319,33.819376]]]},"properties":{}}},
    {"code":9981302,"id":9275,"name":"石井(愛媛)","original_name":"石井","name_kana":"いしい","closed":true,"lat":33.809278,"lng":132.78025,"prefecture":38,"lines":[99813],"attr":"unknown","postal_code":"791-1104","address":"愛媛県松山市北土居５丁目１６","voronoi":{"type":"Feature","geometry":{"type":"Polygon","coordinates":[[[132.790719,33.811954],[132.79457,33.804861],[132.794677,33.804477],[132.768565,33.792517],[132.764827,33.797906],[132.764742,33.813851],[132.765081,33.813985],[132.779319,33.819376],[132.790719,33.811954]]]},"properties":{}}},
    {"code":9981303,"id":9276,"name":"森松","original_name":"森松","name_kana":"もりまつ","closed":true,"lat":33.790417,"lng":132.788889,"prefecture":38,"lines":[99813],"attr":"unknown","postal_code":"791-1113","address":"愛媛県松山市森松町５２９−２","voronoi":{"type":"Feature","geometry":{"type":"Polygon","coordinates":[[[132.809357,33.68766],[132.830844,33.675847],[132.828619,33.707042],[132.822291,33.756441],[132.817062,33.781484],[132.814892,33.786203],[132.804737,33.798325],[132.794677,33.804477],[132.768565,33.792517],[132.771828,33.748533],[132.778639,33.720839],[132.809357,33.68766]]]},"properties":{}}}
  ],
  "closed_date":"1965-12-01"
}