{
  "code":99905,
  "id":562,
  "name":"福岡市営地下鉄空港線",
  "name_kana":"ふくおかしえいちかてつくうこうせん",
  "station_size":13,
  "company_code":231,
  "closed":false,
  "color":"#EE5511",
  "symbol":"K",
  "station_list":[
    {"code":9990501,"id":8784,"name":"福岡空港","original_name":"福岡空港","name_kana":"ふくおかくうこう","closed":false,"lat":33.59718,"lng":130.448501,"prefecture":40,"numbering":["K13"],"lines":[99905],"attr":"eco","postal_code":"812-0003","address":"福岡市博多区大字下臼井","voronoi":{"type":"Feature","geometry":{"type":"Polygon","coordinates":[[[130.462771,33.575361],[130.452807,33.575385],[130.445767,33.579555],[130.436185,33.602404],[130.436404,33.602949],[130.442705,33.604314],[130.453572,33.600794],[130.463428,33.5789],[130.462771,33.575361]]]},"properties":{}}},
    {"code":9990502,"id":8785,"name":"東比恵","original_name":"東比恵","name_kana":"ひがしひえ","closed":false,"lat":33.589958,"lng":130.43128,"prefecture":40,"numbering":["K12"],"lines":[99905],"attr":"eco","postal_code":"812-0007","address":"福岡市博多区東比恵２丁目","voronoi":{"type":"Feature","geometry":{"type":"Polygon","coordinates":[[[130.425907,33.579233],[130.425984,33.597889],[130.436185,33.602404],[130.445767,33.579555],[130.425907,33.579233]]]},"properties":{}}},
    {"code":100319,"id":4022,"name":"博多","original_name":"博多","name_kana":"はかた","closed":false,"lat":33.590002,"lng":130.420622,"prefecture":40,"numbering":["K11"],"lines":[1003,1010,11901,11902,11903,11908,99905,99907],"attr":"heat","postal_code":"812-0012","address":"福岡市博多区博多駅中央街","voronoi":{"type":"Feature","geometry":{"type":"Polygon","coordinates":[[[130.415351,33.580138],[130.414163,33.583245],[130.415212,33.588557],[130.422064,33.598543],[130.422128,33.598576],[130.425984,33.597889],[130.425907,33.579233],[130.422315,33.577379],[130.416911,33.578768],[130.415351,33.580138]]]},"properties":{}}},
    {"code":9990504,"id":8786,"name":"祇園(福岡)","original_name":"祇園","name_kana":"ぎおん","closed":false,"lat":33.594124,"lng":130.414614,"prefecture":40,"numbering":["K10"],"lines":[99905],"attr":"eco","postal_code":"812-0037","address":"福岡市博多区御供所町","voronoi":{"type":"Feature","geometry":{"type":"Polygon","coordinates":[[[130.422064,33.598543],[130.415212,33.588557],[130.411427,33.595271],[130.414079,33.598277],[130.422064,33.598543]]]},"properties":{}}},
    {"code":9990505,"id":8787,"name":"中洲川端","original_name":"中洲川端","name_kana":"なかすかわばた","closed":false,"lat":33.594749,"lng":130.406418,"prefecture":40,"numbering":["K09","H01"],"lines":[99905,99906],"attr":"eco","postal_code":"812-0026","address":"福岡市博多区上川端町","voronoi":{"type":"Feature","geometry":{"type":"Polygon","coordinates":[[[130.395301,33.609131],[130.403168,33.592121],[130.406335,33.589853],[130.409672,33.595031],[130.395301,33.609131]]]},"properties":{}}},
    {"code":9990506,"id":8788,"name":"天神","original_name":"天神","name_kana":"てんじん","closed":false,"lat":33.591346,"lng":130.39906,"prefecture":40,"numbering":["K08"],"lines":[99905],"attr":"eco","postal_code":"810-0001","address":"福岡市中央区天神２丁目","voronoi":{"type":"Feature","geometry":{"type":"Polygon","coordinates":[[[130.401536,33.590739],[130.403168,33.592121],[130.395301,33.609131],[130.386741,33.622482],[130.386941,33.619567],[130.395369,33.589016],[130.401536,33.590739]]]},"properties":{}}},
    {"code":9990507,"id":8789,"name":"赤坂(福岡)","original_name":"赤坂","name_kana":"あかさか","closed":false,"lat":33.589124,"lng":130.391005,"prefecture":40,"numbering":["K07"],"lines":[99905],"attr":"eco","postal_code":"810-0042","address":"福岡市中央区赤坂１丁目","voronoi":{"type":"Feature","geometry":{"type":"Polygon","coordinates":[[[130.390185,33.582758],[130.384568,33.584745],[130.386941,33.619567],[130.395369,33.589016],[130.395299,33.58578],[130.390185,33.582758]]]},"properties":{}}},
    {"code":9990508,"id":8790,"name":"大濠公園","original_name":"大濠公園","name_kana":"おおほりこうえん","closed":false,"lat":33.589957,"lng":130.378784,"prefecture":40,"numbering":["K06"],"lines":[99905],"attr":"heat","postal_code":"810-0074","address":"福岡市中央区大手門１丁目","voronoi":{"type":"Feature","geometry":{"type":"Polygon","coordinates":[[[130.386941,33.619567],[130.384568,33.584745],[130.382288,33.583299],[130.374423,33.584258],[130.375703,33.622641],[130.384703,33.625784],[130.386704,33.622621],[130.386741,33.622482],[130.386941,33.619567]]]},"properties":{}}},
    {"code":9990509,"id":8791,"name":"唐人町","original_name":"唐人町","name_kana":"とうじんまち","closed":false,"lat":33.590235,"lng":130.370451,"prefecture":40,"numbering":["K05"],"lines":[99905],"attr":"heat","postal_code":"810-0063","address":"福岡市中央区唐人町１丁目","voronoi":{"type":"Feature","geometry":{"type":"Polygon","coordinates":[[[130.370595,33.582174],[130.374423,33.584258],[130.375703,33.622641],[130.347552,33.616682],[130.367822,33.582316],[130.370595,33.582174]]]},"properties":{}}},
    {"code":9990510,"id":8792,"name":"西新","original_name":"西新","name_kana":"にしじん","closed":false,"lat":33.583846,"lng":130.359619,"prefecture":40,"numbering":["K04"],"lines":[99905],"attr":"heat","postal_code":"814-0002","address":"福岡市早良区西新３丁目","voronoi":{"type":"Feature","geometry":{"type":"Polygon","coordinates":[[[130.347552,33.616682],[130.346452,33.616651],[130.356065,33.572844],[130.359867,33.574087],[130.367822,33.582316],[130.347552,33.616682]]]},"properties":{}}},
    {"code":9990511,"id":8793,"name":"藤崎(福岡)","original_name":"藤崎","name_kana":"ふじさき","closed":false,"lat":33.581347,"lng":130.348231,"prefecture":40,"numbering":["K03"],"lines":[99905],"attr":"cool","postal_code":"814-0006","address":"福岡市早良区百道２丁目","voronoi":{"type":"Feature","geometry":{"type":"Polygon","coordinates":[[[130.345961,33.564939],[130.344751,33.565345],[130.342964,33.617135],[130.346452,33.616651],[130.356065,33.572844],[130.352641,33.568991],[130.345961,33.564939]]]},"properties":{}}},
    {"code":9990512,"id":8794,"name":"室見","original_name":"室見","name_kana":"むろみ","closed":false,"lat":33.581069,"lng":130.340176,"prefecture":40,"numbering":["K02"],"lines":[99905],"attr":"cool","postal_code":"814-0015","address":"福岡市早良区室見１丁目","voronoi":{"type":"Feature","geometry":{"type":"Polygon","coordinates":[[[130.344751,33.565345],[130.342964,33.617135],[130.339121,33.618114],[130.330191,33.56852],[130.337196,33.565912],[130.344751,33.565345]]]},"properties":{}}},
    {"code":1190907,"id":4274,"name":"姪浜","original_name":"姪浜","name_kana":"めいのはま","closed":false,"lat":33.583764,"lng":130.32521,"prefecture":40,"numbering":["K01"],"lines":[11909,99905],"attr":"heat","postal_code":"819-0002","address":"福岡市西区姪の浜４丁目","voronoi":{"type":"Feature","geometry":{"type":"Polygon","coordinates":[[[130.339121,33.618114],[130.311442,33.631691],[130.318076,33.570219],[130.329979,33.568491],[130.330191,33.56852],[130.339121,33.618114]]]},"properties":{}}}
  ]
}