{
  "code":99902,
  "id":"d4da7a",
  "name":"平成筑豊鉄道伊田線",
  "name_kana":"へいせいちくほうてつどういたせん",
  "station_size":15,
  "company_code":230,
  "closed":false,
  "station_list":[
    {"code":1191108,"id":"4ede9b","name":"直方","original_name":"直方","name_kana":"のおがた","closed":false,"lat":33.748639,"lng":130.724339,"prefecture":40,"numbering":["HC1"],"lines":[11911,99902],"attr":"cool","postal_code":"822-0034","address":"直方市大字山部","voronoi":{"type":"Feature","geometry":{"type":"Polygon","coordinates":[[[130.703616,33.745353],[130.709673,33.742833],[130.739358,33.744523],[130.737446,33.746178],[130.716904,33.754463],[130.703616,33.745353]]]},"properties":{}}},
    {"code":9990202,"id":"0ed469","name":"南直方御殿口","original_name":"南直方御殿口","name_kana":"みなみのおがたごてんぐち","closed":false,"lat":33.738729,"lng":130.724903,"prefecture":40,"numbering":["HC2"],"lines":[99902],"attr":"eco","postal_code":"822-0016","address":"直方市大字直方１８３-２","voronoi":{"type":"Feature","geometry":{"type":"Polygon","coordinates":[[[130.739358,33.744523],[130.709673,33.742833],[130.720818,33.733169],[130.733939,33.732761],[130.741215,33.737284],[130.745766,33.741894],[130.739358,33.744523]]]},"properties":{}}},
    {"code":9990203,"id":"78a2e7","name":"あかぢ","original_name":"あかぢ","name_kana":"あかぢ","closed":false,"lat":33.727366,"lng":130.72455,"prefecture":40,"numbering":["HC3"],"lines":[99902],"attr":"eco","postal_code":"820-1102","address":"鞍手郡小竹町大字赤地","voronoi":{"type":"Feature","geometry":{"type":"Polygon","coordinates":[[[130.733939,33.732761],[130.720818,33.733169],[130.718423,33.711835],[130.722549,33.709889],[130.733939,33.732761]]]},"properties":{}}},
    {"code":9990204,"id":"48351d","name":"藤棚","original_name":"藤棚","name_kana":"ふじたな","closed":false,"lat":33.722017,"lng":130.735291,"prefecture":40,"numbering":["HC4"],"lines":[99902],"attr":"eco","postal_code":"822-0007","address":"直方市大字下境","voronoi":{"type":"Feature","geometry":{"type":"Polygon","coordinates":[[[130.733939,33.732761],[130.722549,33.709889],[130.735718,33.696634],[130.741215,33.737284],[130.733939,33.732761]]]},"properties":{}}},
    {"code":9990205,"id":"281a32","name":"中泉","original_name":"中泉","name_kana":"なかいずみ","closed":false,"lat":33.720992,"lng":130.742871,"prefecture":40,"numbering":["HC5"],"lines":[99902],"attr":"eco","postal_code":"822-0011","address":"直方市大字中泉","voronoi":{"type":"Feature","geometry":{"type":"Polygon","coordinates":[[[130.745766,33.741894],[130.741215,33.737284],[130.735718,33.696634],[130.73636,33.695755],[130.779367,33.750545],[130.745766,33.741894]]]},"properties":{}}},
    {"code":9990206,"id":"64decc","name":"市場(福岡)","original_name":"市場","name_kana":"いちば","closed":false,"lat":33.708074,"lng":130.759328,"prefecture":40,"numbering":["HC6"],"lines":[99902],"attr":"eco","postal_code":"822-1103","address":"田川郡福智町市場","voronoi":{"type":"Feature","geometry":{"type":"Polygon","coordinates":[[[130.806431,33.738559],[130.806444,33.740514],[130.797558,33.759938],[130.779367,33.750545],[130.73636,33.695755],[130.738644,33.68544],[130.806431,33.738559]]]},"properties":{}}},
    {"code":9990207,"id":"521635","name":"ふれあい生力","original_name":"ふれあい生力","name_kana":"ふれあいしょうりき","closed":false,"lat":33.700112,"lng":130.765567,"prefecture":40,"numbering":["HC7"],"lines":[99902],"attr":"eco","postal_code":"822-1101","address":"田川郡福智町赤池","voronoi":{"type":"Feature","geometry":{"type":"Polygon","coordinates":[[[130.738661,33.685101],[130.738644,33.68544],[130.806431,33.738559],[130.808411,33.715054],[130.796053,33.707254],[130.738661,33.685101]]]},"properties":{}}},
    {"code":9990208,"id":"ccc924","name":"赤池(福岡)","original_name":"赤池","name_kana":"あかいけ","closed":false,"lat":33.69206,"lng":130.768675,"prefecture":40,"numbering":["HC8"],"lines":[99902],"attr":"eco","postal_code":"822-1101","address":"田川郡福智町赤池","voronoi":{"type":"Feature","geometry":{"type":"Polygon","coordinates":[[[130.783522,33.696671],[130.738397,33.673556],[130.737793,33.675297],[130.738661,33.685101],[130.796053,33.707254],[130.783522,33.696671]]]},"properties":{}}},
    {"code":9990209,"id":"020b62","name":"人見","original_name":"人見","name_kana":"ひとみ","closed":false,"lat":33.687316,"lng":130.771105,"prefecture":40,"numbering":["HC9"],"lines":[99902],"attr":"heat","postal_code":"822-1201","address":"田川郡福智町金田","voronoi":{"type":"Feature","geometry":{"type":"Polygon","coordinates":[[[130.738397,33.673556],[130.741762,33.660837],[130.759687,33.66982],[130.762552,33.671633],[130.783522,33.696671],[130.738397,33.673556]]]},"properties":{}}},
    {"code":9990210,"id":"943449","name":"金田","original_name":"金田","name_kana":"かなだ","closed":false,"lat":33.682805,"lng":130.776491,"prefecture":40,"numbering":["HC10"],"lines":[99902,99903],"attr":"heat","postal_code":"822-1201","address":"田川郡福智町金田","voronoi":{"type":"Feature","geometry":{"type":"Polygon","coordinates":[[[130.783522,33.696671],[130.762552,33.671633],[130.784964,33.680228],[130.809833,33.710639],[130.808411,33.715054],[130.796053,33.707254],[130.783522,33.696671]]]},"properties":{}}},
    {"code":9990211,"id":"a1c326","name":"上金田","original_name":"上金田","name_kana":"かみかなだ","closed":false,"lat":33.672435,"lng":130.789172,"prefecture":40,"numbering":["HC11"],"lines":[99902],"attr":"heat","postal_code":"822-1201","address":"田川郡福智町金田","voronoi":{"type":"Feature","geometry":{"type":"Polygon","coordinates":[[[130.790502,33.663812],[130.787608,33.664429],[130.784736,33.670725],[130.784964,33.680228],[130.809833,33.710639],[130.816768,33.697981],[130.790502,33.663812]]]},"properties":{}}},
    {"code":9990212,"id":"9e2446","name":"糒","original_name":"糒","name_kana":"ほしい","closed":false,"lat":33.664744,"lng":130.799177,"prefecture":40,"numbering":["HC12"],"lines":[99902],"attr":"heat","postal_code":"825-0005","address":"田川市大字糒","voronoi":{"type":"Feature","geometry":{"type":"Polygon","coordinates":[[[130.822403,33.690866],[130.816768,33.697981],[130.790502,33.663812],[130.794499,33.657329],[130.822093,33.679876],[130.822632,33.682154],[130.822403,33.690866]]]},"properties":{}}},
    {"code":9990213,"id":"ef77ff","name":"田川市立病院","original_name":"田川市立病院","name_kana":"たがわしりつびょういん","closed":false,"lat":33.660436,"lng":130.802697,"prefecture":40,"numbering":["HC13"],"lines":[99902],"attr":"cool","postal_code":"825-0005","address":"田川市大字糒１７２２-３","voronoi":{"type":"Feature","geometry":{"type":"Polygon","coordinates":[[[130.794499,33.657329],[130.794858,33.655795],[130.800133,33.653792],[130.819986,33.663914],[130.822093,33.679876],[130.794499,33.657329]]]},"properties":{}}},
    {"code":9990214,"id":"b8dcea","name":"下伊田","original_name":"下伊田","name_kana":"しもいた","closed":false,"lat":33.651965,"lng":130.807016,"prefecture":40,"numbering":["HC14"],"lines":[99902],"attr":"cool","postal_code":"825-0002","address":"田川市伊田","voronoi":{"type":"Feature","geometry":{"type":"Polygon","coordinates":[[[130.800133,33.653792],[130.819986,33.663914],[130.820417,33.660892],[130.81935,33.654535],[130.806754,33.640982],[130.800133,33.653792]]]},"properties":{}}},
    {"code":1191413,"id":"ba5347","name":"田川伊田","original_name":"田川伊田","name_kana":"たがわいた","closed":false,"lat":33.642046,"lng":130.817688,"prefecture":40,"numbering":["HC15"],"lines":[11914,99902,99904],"attr":"eco","postal_code":"825-0002","address":"田川市伊田","voronoi":{"type":"Feature","geometry":{"type":"Polygon","coordinates":[[[130.829255,33.620309],[130.815919,33.625834],[130.806471,33.639867],[130.806754,33.640982],[130.81935,33.654535],[130.835602,33.620912],[130.829255,33.620309]]]},"properties":{}}}
  ]
}