{
  "code":99906,
  "id":"8cd01c",
  "name":"福岡市営地下鉄箱崎線",
  "name_kana":"ふくおかしえいちかてつはこざきせん",
  "station_size":7,
  "company_code":231,
  "closed":false,
  "color":"#0077CC",
  "symbol":"H",
  "station_list":[
    {"code":9990505,"id":"f0f95a","name":"中洲川端","original_name":"中洲川端","name_kana":"なかすかわばた","closed":false,"lat":33.594749,"lng":130.406418,"prefecture":40,"numbering":["H01","K09"],"lines":[99905,99906],"attr":"eco","postal_code":"812-0026","address":"福岡市博多区上川端町","voronoi":{"type":"Feature","geometry":{"type":"Polygon","coordinates":[[[130.395301,33.609131],[130.403168,33.592121],[130.40634,33.58985],[130.409671,33.595032],[130.395301,33.609131]]]},"properties":{}}},
    {"code":9990602,"id":"2f5d1d","name":"呉服町(福岡)","original_name":"呉服町","name_kana":"ごふくまち","closed":false,"lat":33.59829,"lng":130.409892,"prefecture":40,"numbering":["H02"],"lines":[99906],"attr":"eco","postal_code":"812-0024","address":"福岡市博多区綱場町","voronoi":{"type":"Feature","geometry":{"type":"Polygon","coordinates":[[[130.41143,33.595274],[130.409671,33.595032],[130.395301,33.609131],[130.386741,33.622482],[130.386704,33.622621],[130.396206,33.617342],[130.414079,33.598277],[130.41143,33.595274]]]},"properties":{}}},
    {"code":9990603,"id":"293e0c","name":"千代県庁口","original_name":"千代県庁口","name_kana":"ちよけんちょうぐち","closed":false,"lat":33.602456,"lng":130.414336,"prefecture":40,"numbering":["H03"],"lines":[99906],"attr":"eco","postal_code":"812-0044","address":"福岡市博多区千代４","voronoi":{"type":"Feature","geometry":{"type":"Polygon","coordinates":[[[130.396206,33.617342],[130.414079,33.598277],[130.422064,33.598543],[130.422128,33.598576],[130.419345,33.604121],[130.406816,33.613143],[130.396206,33.617342]]]},"properties":{}}},
    {"code":9990604,"id":"3919b2","name":"馬出九大病院前","original_name":"馬出九大病院前","name_kana":"まいだしきゅうだいびょういんまえ","closed":false,"lat":33.6094,"lng":130.419336,"prefecture":40,"numbering":["H04"],"lines":[99906],"attr":"heat","postal_code":"812-0054","address":"福岡市東区馬出２","voronoi":{"type":"Feature","geometry":{"type":"Polygon","coordinates":[[[130.406816,33.613143],[130.423661,33.612412],[130.419345,33.604121],[130.406816,33.613143]]]},"properties":{}}},
    {"code":9990605,"id":"dade97","name":"箱崎宮前","original_name":"箱崎宮前","name_kana":"はこざきみやまえ","closed":false,"lat":33.615788,"lng":130.419613,"prefecture":40,"numbering":["H05"],"lines":[99906],"attr":"heat","postal_code":"812-0054","address":"福岡市東区馬出４","voronoi":{"type":"Feature","geometry":{"type":"Polygon","coordinates":[[[130.396206,33.617342],[130.386704,33.622621],[130.384703,33.625784],[130.385169,33.626622],[130.422567,33.618491],[130.424441,33.612779],[130.423661,33.612412],[130.406816,33.613143],[130.396206,33.617342]]]},"properties":{}}},
    {"code":9990606,"id":"e05c01","name":"箱崎九大前","original_name":"箱崎九大前","name_kana":"はこざききゅうだいまえ","closed":false,"lat":33.622177,"lng":130.421002,"prefecture":40,"numbering":["H06"],"lines":[99906],"attr":"cool","postal_code":"812-0053","address":"福岡市東区箱崎３","voronoi":{"type":"Feature","geometry":{"type":"Polygon","coordinates":[[[130.427836,33.625595],[130.422567,33.618491],[130.385169,33.626622],[130.3916,33.641165],[130.427836,33.625595]]]},"properties":{}}},
    {"code":3600401,"id":"2c722a","name":"貝塚(福岡)","original_name":"貝塚","name_kana":"かいづか","closed":false,"lat":33.632906,"lng":130.425612,"prefecture":40,"numbering":["H07"],"lines":[36004,99906],"attr":"cool","postal_code":"812-0053","address":"福岡市東区箱崎７-１-２","voronoi":{"type":"Feature","geometry":{"type":"Polygon","coordinates":[[[130.427836,33.625595],[130.3916,33.641165],[130.393331,33.647978],[130.394057,33.649461],[130.403286,33.653499],[130.441955,33.629594],[130.438586,33.626274],[130.427836,33.625595]]]},"properties":{}}}
  ]
}