{
  "code":99903,
  "id":"c3fdb4",
  "name":"平成筑豊鉄道糸田線",
  "name_kana":"へいせいちくほうてつどういとだせん",
  "station_size":6,
  "company_code":230,
  "closed":false,
  "station_list":[
    {"code":9990210,"id":"943449","name":"金田","original_name":"金田","name_kana":"かなだ","closed":false,"lat":33.682805,"lng":130.776491,"prefecture":40,"numbering":["HC10"],"lines":[99902,99903],"attr":"heat","postal_code":"822-1201","address":"田川郡福智町金田","voronoi":{"type":"Feature","geometry":{"type":"Polygon","coordinates":[[[130.783522,33.696671],[130.762552,33.671633],[130.784964,33.680228],[130.809833,33.710639],[130.808411,33.715054],[130.796053,33.707254],[130.783522,33.696671]]]},"properties":{}}},
    {"code":9990302,"id":"ae54d1","name":"豊前大熊","original_name":"豊前大熊","name_kana":"ぶぜんおおくま","closed":false,"lat":33.672646,"lng":130.780387,"prefecture":40,"numbering":["HC51"],"lines":[99903],"attr":"cool","postal_code":"822-1300","address":"田川郡糸田町大字糸田","voronoi":{"type":"Feature","geometry":{"type":"Polygon","coordinates":[[[130.784736,33.670725],[130.759687,33.66982],[130.762552,33.671633],[130.784964,33.680228],[130.784736,33.670725]]]},"properties":{}}},
    {"code":9990303,"id":"3468b3","name":"松山(福岡)","original_name":"松山","name_kana":"まつやま","closed":false,"lat":33.668496,"lng":130.780537,"prefecture":40,"numbering":["HC52"],"lines":[99903],"attr":"cool","postal_code":"822-1300","address":"田川郡糸田町糸田","voronoi":{"type":"Feature","geometry":{"type":"Polygon","coordinates":[[[130.741757,33.660423],[130.741762,33.660837],[130.759687,33.66982],[130.784736,33.670725],[130.787608,33.664429],[130.762255,33.653381],[130.741757,33.660423]]]},"properties":{}}},
    {"code":9990304,"id":"bca796","name":"糸田","original_name":"糸田","name_kana":"いとだ","closed":false,"lat":33.656481,"lng":130.785773,"prefecture":40,"numbering":["HC53"],"lines":[99903],"attr":"eco","postal_code":"822-1300","address":"田川郡糸田町大字糸田","voronoi":{"type":"Feature","geometry":{"type":"Polygon","coordinates":[[[130.787608,33.664429],[130.762255,33.653381],[130.782033,33.639533],[130.794858,33.655795],[130.794499,33.657329],[130.790502,33.663812],[130.787608,33.664429]]]},"properties":{}}},
    {"code":9990305,"id":"0676f9","name":"大藪","original_name":"大藪","name_kana":"おおやぶ","closed":false,"lat":33.64712,"lng":130.797642,"prefecture":40,"numbering":["HC54"],"lines":[99903],"attr":"eco","postal_code":"826-0042","address":"田川市大字川宮","voronoi":{"type":"Feature","geometry":{"type":"Polygon","coordinates":[[[130.806471,33.639867],[130.783796,33.636376],[130.782033,33.639533],[130.794858,33.655795],[130.800133,33.653792],[130.806754,33.640982],[130.806471,33.639867]]]},"properties":{}}},
    {"code":1191414,"id":"525435","name":"田川後藤寺","original_name":"田川後藤寺","name_kana":"たがわごとうじ","closed":false,"lat":33.630294,"lng":130.800232,"prefecture":40,"numbering":["HC55"],"lines":[11914,11915,99903],"attr":"eco","postal_code":"826-0043","address":"田川市奈良","voronoi":{"type":"Feature","geometry":{"type":"Polygon","coordinates":[[[130.815919,33.625834],[130.806471,33.639867],[130.783796,33.636376],[130.783842,33.615613],[130.815919,33.625834]]]},"properties":{}}}
  ]
}