{
  "code":99911,
  "id":"42dbbc",
  "name":"松浦鉄道西九州線(伊万里～佐世保)",
  "name_kana":"まつうらてつどう",
  "station_size":47,
  "company_code":234,
  "closed":false,
  "station_list":[
    {"code":1192014,"id":"929668","name":"伊万里","original_name":"伊万里","name_kana":"いまり","closed":false,"lat":33.271852,"lng":129.876718,"prefecture":41,"lines":[11920,99910,99911],"attr":"eco","postal_code":"848-0041","address":"伊万里市新天町","voronoi":{"type":"Feature","geometry":{"type":"Polygon","coordinates":[[[129.885017,33.355794],[129.890172,33.362789],[129.894278,33.356417],[129.881583,33.24413],[129.877662,33.248484],[129.863925,33.287682],[129.8723,33.329718],[129.876145,33.342112],[129.885017,33.355794]]]},"properties":{}}},
    {"code":9991102,"id":"3d64ef","name":"東山代","original_name":"東山代","name_kana":"ひがしやましろ","closed":false,"lat":33.277964,"lng":129.846041,"prefecture":41,"lines":[99911],"attr":"heat","postal_code":"849-4271","address":"伊万里市東山代町長浜","voronoi":{"type":"Feature","geometry":{"type":"Polygon","coordinates":[[[129.8723,33.329718],[129.825149,33.256749],[129.850301,33.264917],[129.863925,33.287682],[129.8723,33.329718]]]},"properties":{}}},
    {"code":9991103,"id":"01c879","name":"里","original_name":"里","name_kana":"さと","closed":false,"lat":33.284513,"lng":129.835906,"prefecture":41,"lines":[99911],"attr":"heat","postal_code":"848-0000","address":"伊万里市東山代町五反間","voronoi":{"type":"Feature","geometry":{"type":"Polygon","coordinates":[[[129.80117,33.247827],[129.819195,33.253356],[129.825149,33.256749],[129.8723,33.329718],[129.876145,33.342112],[129.865221,33.33316],[129.80117,33.247827]]]},"properties":{}}},
    {"code":9991104,"id":"953fc4","name":"楠久","original_name":"楠久","name_kana":"くすく","closed":false,"lat":33.291426,"lng":129.826696,"prefecture":41,"lines":[99911],"attr":"heat","postal_code":"849-4252","address":"伊万里市山代町楠久津","voronoi":{"type":"Feature","geometry":{"type":"Polygon","coordinates":[[[129.80117,33.247827],[129.788628,33.242348],[129.783771,33.240577],[129.780623,33.244243],[129.836932,33.314424],[129.865221,33.33316],[129.80117,33.247827]]]},"properties":{}}},
    {"code":9991105,"id":"adeef5","name":"鳴石","original_name":"鳴石","name_kana":"なるいし","closed":false,"lat":33.299447,"lng":129.816699,"prefecture":41,"lines":[99911],"attr":"heat","postal_code":"849-4253","address":"伊万里市山代町峰","voronoi":{"type":"Feature","geometry":{"type":"Polygon","coordinates":[[[129.759463,33.264507],[129.754243,33.269968],[129.751356,33.281445],[129.763007,33.289304],[129.836932,33.314424],[129.780623,33.244243],[129.759463,33.264507]]]},"properties":{}}},
    {"code":9991106,"id":"dbd149","name":"久原","original_name":"久原","name_kana":"くばら","closed":false,"lat":33.313973,"lng":129.811763,"prefecture":41,"lines":[99911],"attr":"eco","postal_code":"849-4256","address":"伊万里市山代町久原","voronoi":{"type":"Feature","geometry":{"type":"Polygon","coordinates":[[[129.778186,33.303005],[129.763007,33.289304],[129.836932,33.314424],[129.865221,33.33316],[129.876145,33.342112],[129.885017,33.355794],[129.778186,33.303005]]]},"properties":{}}},
    {"code":9991107,"id":"3c6df1","name":"波瀬","original_name":"波瀬","name_kana":"はぜ","closed":false,"lat":33.323013,"lng":129.807296,"prefecture":41,"lines":[99911],"attr":"eco","postal_code":"849-4256","address":"伊万里市山代町久原","voronoi":{"type":"Feature","geometry":{"type":"Polygon","coordinates":[[[129.836102,33.372707],[129.778186,33.303005],[129.885017,33.355794],[129.890172,33.362789],[129.889594,33.369627],[129.878796,33.396266],[129.867665,33.408366],[129.836102,33.372707]]]},"properties":{}}},
    {"code":9991108,"id":"67825d","name":"浦ノ崎","original_name":"浦ノ崎","name_kana":"うらのさき","closed":false,"lat":33.335287,"lng":129.792524,"prefecture":41,"lines":[99911],"attr":"eco","postal_code":"849-4261","address":"伊万里市山代町立岩","voronoi":{"type":"Feature","geometry":{"type":"Polygon","coordinates":[[[129.751356,33.281445],[129.763007,33.289304],[129.778186,33.303005],[129.836102,33.372707],[129.765969,33.316195],[129.748061,33.287949],[129.751152,33.281763],[129.751356,33.281445]]]},"properties":{}}},
    {"code":9991109,"id":"2815ff","name":"福島口","original_name":"福島口","name_kana":"ふくしまぐち","closed":false,"lat":33.338083,"lng":129.790271,"prefecture":41,"lines":[99911],"attr":"eco","postal_code":"849-4261","address":"伊万里市山代町立岩","voronoi":{"type":"Feature","geometry":{"type":"Polygon","coordinates":[[[129.836102,33.372707],[129.765969,33.316195],[129.839182,33.447043],[129.867665,33.408366],[129.836102,33.372707]]]},"properties":{}}},
    {"code":9991110,"id":"578ccf","name":"今福","original_name":"今福","name_kana":"いまぶく","closed":false,"lat":33.348357,"lng":129.771909,"prefecture":42,"lines":[99911],"attr":"cool","postal_code":"859-4522","address":"松浦市今福町東免","voronoi":{"type":"Feature","geometry":{"type":"Polygon","coordinates":[[[129.765969,33.316195],[129.748061,33.287949],[129.744667,33.29239],[129.746436,33.312713],[129.827731,33.465865],[129.839182,33.447043],[129.765969,33.316195]]]},"properties":{}}},
    {"code":9991111,"id":"b2eb1a","name":"鷹島口","original_name":"鷹島口","name_kana":"たかしまぐち","closed":false,"lat":33.353784,"lng":129.761685,"prefecture":42,"lines":[99911],"attr":"cool","postal_code":"859-4527","address":"松浦市今福町仏坂免","voronoi":{"type":"Feature","geometry":{"type":"Polygon","coordinates":[[[129.827731,33.465865],[129.785699,33.542427],[129.745289,33.337825],[129.746436,33.312713],[129.827731,33.465865]]]},"properties":{}}},
    {"code":9991112,"id":"c37ac0","name":"前浜","original_name":"前浜","name_kana":"まえはま","closed":false,"lat":33.358819,"lng":129.736192,"prefecture":42,"lines":[99911],"attr":"cool","postal_code":"859-4531","address":"松浦市調川町平尾免","voronoi":{"type":"Feature","geometry":{"type":"Polygon","coordinates":[[[129.785699,33.542427],[129.745289,33.337825],[129.70243,33.394258],[129.728674,33.665567],[129.785699,33.542427]]]},"properties":{}}},
    {"code":9991113,"id":"817dd9","name":"調川","original_name":"調川","name_kana":"つきのかわ","closed":false,"lat":33.352223,"lng":129.727507,"prefecture":42,"lines":[99911],"attr":"cool","postal_code":"859-4536","address":"松浦市調川町下免","voronoi":{"type":"Feature","geometry":{"type":"Polygon","coordinates":[[[129.745289,33.337825],[129.746436,33.312713],[129.744667,33.29239],[129.738928,33.295926],[129.702599,33.385495],[129.701878,33.391642],[129.70243,33.394258],[129.745289,33.337825]]]},"properties":{}}},
    {"code":9991114,"id":"a69f6b","name":"松浦","original_name":"松浦","name_kana":"まつうら","closed":false,"lat":33.344273,"lng":129.707906,"prefecture":42,"lines":[99911],"attr":"cool","postal_code":"859-4501","address":"松浦市志佐町浦免","voronoi":{"type":"Feature","geometry":{"type":"Polygon","coordinates":[[[129.692459,33.313789],[129.702599,33.385495],[129.738928,33.295926],[129.692459,33.313789]]]},"properties":{}}},
    {"code":9991115,"id":"42cbba","name":"松浦発電所前","original_name":"松浦発電所前","name_kana":"まつうらはつでんしょまえ","closed":false,"lat":33.347361,"lng":129.68607,"prefecture":42,"lines":[99911],"attr":"cool","postal_code":"859-4506","address":"松浦市志佐町白浜免","voronoi":{"type":"Feature","geometry":{"type":"Polygon","coordinates":[[[129.679044,33.314306],[129.692459,33.313789],[129.702599,33.385495],[129.701878,33.391642],[129.660055,33.338609],[129.657841,33.326165],[129.666119,33.318056],[129.679044,33.314306]]]},"properties":{}}},
    {"code":9991116,"id":"722720","name":"御厨(長崎)","original_name":"御厨","name_kana":"みくりや","closed":false,"lat":33.365947,"lng":129.662502,"prefecture":42,"lines":[99911],"attr":"cool","postal_code":"859-4752","address":"松浦市御厨町里免","voronoi":{"type":"Feature","geometry":{"type":"Polygon","coordinates":[[[129.728674,33.665567],[129.591548,34.089624],[129.617479,33.482865],[129.635707,33.395814],[129.660055,33.338609],[129.701878,33.391642],[129.70243,33.394258],[129.728674,33.665567]]]},"properties":{}}},
    {"code":9991117,"id":"755414","name":"西木場","original_name":"西木場","name_kana":"にしこば","closed":false,"lat":33.355798,"lng":129.638657,"prefecture":42,"lines":[99911],"attr":"cool","postal_code":"859-4765","address":"松浦市御厨町米ノ山免","voronoi":{"type":"Feature","geometry":{"type":"Polygon","coordinates":[[[129.65424,33.326254],[129.657841,33.326165],[129.660055,33.338609],[129.635707,33.395814],[129.628225,33.334993],[129.634699,33.330871],[129.65424,33.326254]]]},"properties":{}}},
    {"code":9991118,"id":"e02f01","name":"東田平","original_name":"東田平","name_kana":"ひがしたびら","closed":false,"lat":33.357706,"lng":129.623147,"prefecture":42,"lines":[99911],"attr":"cool","postal_code":"859-4803","address":"平戸市田平町小崎免","voronoi":{"type":"Feature","geometry":{"type":"Polygon","coordinates":[[[129.608485,33.407294],[129.62048,33.336762],[129.628225,33.334993],[129.635707,33.395814],[129.617479,33.482865],[129.608485,33.407294]]]},"properties":{}}},
    {"code":9991119,"id":"b8b46f","name":"中田平","original_name":"中田平","name_kana":"なかたびら","closed":false,"lat":33.355647,"lng":129.61104,"prefecture":42,"lines":[99911],"attr":"cool","postal_code":"859-4806","address":"平戸市田平町下亀免","voronoi":{"type":"Feature","geometry":{"type":"Polygon","coordinates":[[[129.608166,33.335893],[129.596656,33.358422],[129.608485,33.407294],[129.62048,33.336762],[129.608166,33.335893]]]},"properties":{}}},
    {"code":9991120,"id":"fcc18a","name":"たびら平戸口","original_name":"たびら平戸口","name_kana":"たびらひらどぐち","closed":false,"lat":33.362532,"lng":129.582595,"prefecture":42,"lines":[99911],"attr":"cool","postal_code":"859-4825","address":"平戸市田平町山内免","voronoi":{"type":"Feature","geometry":{"type":"LineString","coordinates":[[112.0,34.267174],[118.081788,32.626573],[124.216389,31.025038],[127.387907,32.357677],[129.596656,33.358422],[129.608485,33.407294],[129.617479,33.482865],[129.591548,34.089624],[129.312148,35.149588],[112.0,59.04651]]},"properties":{}}},
    {"code":9991121,"id":"fb17d6","name":"西田平","original_name":"西田平","name_kana":"にしたびら","closed":false,"lat":33.34514,"lng":129.590475,"prefecture":42,"lines":[99911],"attr":"cool","postal_code":"859-4823","address":"平戸市田平町荻田免","voronoi":{"type":"Feature","geometry":{"type":"Polygon","coordinates":[[[129.470977,33.223285],[127.387907,32.357677],[129.596656,33.358422],[129.608166,33.335893],[129.470977,33.223285]]]},"properties":{}}},
    {"code":9991122,"id":"ca0b52","name":"すえたちばな","original_name":"すえたちばな","name_kana":"すえたちばな","closed":false,"lat":33.316738,"lng":129.613788,"prefecture":42,"lines":[99911],"attr":"cool","postal_code":"859-6104","address":"長崎県佐世保市江迎町末橘","voronoi":{"type":"Feature","geometry":{"type":"Polygon","coordinates":[[[129.578149,33.255161],[129.575094,33.253899],[129.470977,33.223285],[129.608166,33.335893],[129.62048,33.336762],[129.628225,33.334993],[129.634699,33.330871],[129.578149,33.255161]]]},"properties":{}}},
    {"code":9991123,"id":"bed0f0","name":"江迎鹿町","original_name":"江迎鹿町","name_kana":"えむかえしかまち","closed":false,"lat":33.306809,"lng":129.627081,"prefecture":42,"lines":[99911],"attr":"cool","postal_code":"859-6143","address":"長崎県佐世保市鹿町町深江","voronoi":{"type":"Feature","geometry":{"type":"Polygon","coordinates":[[[129.578149,33.255161],[129.592893,33.259321],[129.65424,33.326254],[129.634699,33.330871],[129.578149,33.255161]]]},"properties":{}}},
    {"code":9991124,"id":"05047e","name":"高岩(長崎)","original_name":"高岩","name_kana":"たかいわ","closed":false,"lat":33.297507,"lng":129.63723,"prefecture":42,"lines":[99911],"attr":"cool","postal_code":"859-6124","address":"長崎県佐世保市江迎町小川内","voronoi":{"type":"Feature","geometry":{"type":"Polygon","coordinates":[[[129.642855,33.271077],[129.626126,33.264583],[129.592893,33.259321],[129.65424,33.326254],[129.657841,33.326165],[129.666119,33.318056],[129.642855,33.271077]]]},"properties":{}}},
    {"code":9991125,"id":"26243f","name":"いのつき","original_name":"いのつき","name_kana":"いのつき","closed":false,"lat":33.282623,"lng":129.667286,"prefecture":42,"lines":[99911],"attr":"cool","postal_code":"859-6133","address":"長崎県佐世保市江迎町猪調","voronoi":{"type":"Feature","geometry":{"type":"Polygon","coordinates":[[[129.674404,33.272832],[129.679044,33.314306],[129.666119,33.318056],[129.642855,33.271077],[129.6507,33.268657],[129.674404,33.272832]]]},"properties":{}}},
    {"code":9991126,"id":"d5e8ba","name":"潜竜ヶ滝","original_name":"潜竜ヶ滝","name_kana":"せんりゅうがたき","closed":false,"lat":33.280808,"lng":129.683509,"prefecture":42,"lines":[99911],"attr":"cool","postal_code":"859-6134","address":"長崎県佐世保市江迎町田ノ元","voronoi":{"type":"Feature","geometry":{"type":"Polygon","coordinates":[[[129.674999,33.272453],[129.674404,33.272832],[129.679044,33.314306],[129.692459,33.313789],[129.738928,33.295926],[129.744667,33.29239],[129.748061,33.287949],[129.751152,33.281763],[129.674999,33.272453]]]},"properties":{}}},
    {"code":9991127,"id":"aeb267","name":"吉井(長崎)","original_name":"吉井","name_kana":"よしい","closed":false,"lat":33.266395,"lng":129.685271,"prefecture":42,"lines":[99911],"attr":"cool","postal_code":"859-6325","address":"佐世保市吉井町大渡","voronoi":{"type":"Feature","geometry":{"type":"Polygon","coordinates":[[[129.7132,33.245986],[129.687586,33.238033],[129.674999,33.272453],[129.751152,33.281763],[129.751356,33.281445],[129.754243,33.269968],[129.723651,33.250431],[129.7132,33.245986]]]},"properties":{}}},
    {"code":9991128,"id":"32d40a","name":"神田(長崎)","original_name":"神田","name_kana":"こうだ","closed":false,"lat":33.261198,"lng":129.671059,"prefecture":42,"lines":[99911],"attr":"cool","postal_code":"857-0335","address":"北松浦郡佐々町皆瀬免","voronoi":{"type":"Feature","geometry":{"type":"Polygon","coordinates":[[[129.6507,33.268657],[129.674404,33.272832],[129.674999,33.272453],[129.687586,33.238033],[129.68532,33.23658],[129.681453,33.235384],[129.6507,33.268657]]]},"properties":{}}},
    {"code":9991129,"id":"958181","name":"清峰高校前","original_name":"清峰高校前","name_kana":"せいほうこうこうまえ","closed":false,"lat":33.247775,"lng":129.656536,"prefecture":42,"lines":[99911],"attr":"cool","postal_code":"857-0333","address":"北松浦郡佐々町中川原免","voronoi":{"type":"Feature","geometry":{"type":"Polygon","coordinates":[[[129.6507,33.268657],[129.642855,33.271077],[129.626126,33.264583],[129.668944,33.227167],[129.679057,33.233512],[129.681453,33.235384],[129.6507,33.268657]]]},"properties":{}}},
    {"code":9991130,"id":"8d7460","name":"佐々","original_name":"佐々","name_kana":"さざ","closed":false,"lat":33.236701,"lng":129.646859,"prefecture":42,"lines":[99911],"attr":"cool","postal_code":"857-0311","address":"北松浦郡佐々町本田原免","voronoi":{"type":"Feature","geometry":{"type":"Polygon","coordinates":[[[129.575094,33.253899],[129.66101,33.223405],[129.666477,33.224238],[129.668944,33.227167],[129.626126,33.264583],[129.592893,33.259321],[129.578149,33.255161],[129.575094,33.253899]]]},"properties":{}}},
    {"code":9991131,"id":"2fadd5","name":"小浦","original_name":"小浦","name_kana":"こうら","closed":false,"lat":33.222005,"lng":129.641643,"prefecture":42,"lines":[99911],"attr":"eco","postal_code":"857-0361","address":"北松浦郡佐々町小浦免","voronoi":{"type":"Feature","geometry":{"type":"Polygon","coordinates":[[[124.878031,30.843072],[124.216389,31.025038],[127.387907,32.357677],[129.470977,33.223285],[129.575094,33.253899],[129.66101,33.223405],[129.62785,33.202412],[124.878031,30.843072]]]},"properties":{}}},
    {"code":9991132,"id":"13a0df","name":"真申","original_name":"真申","name_kana":"まさる","closed":false,"lat":33.206498,"lng":129.65146,"prefecture":42,"lines":[99911],"attr":"eco","postal_code":"858-0908","address":"佐世保市光町","voronoi":{"type":"Feature","geometry":{"type":"Polygon","coordinates":[[[129.62785,33.202412],[129.66101,33.223405],[129.666477,33.224238],[129.666714,33.210535],[129.663321,33.204828],[129.62785,33.202412]]]},"properties":{}}},
    {"code":9991133,"id":"2f41cb","name":"棚方","original_name":"棚方","name_kana":"たながた","closed":false,"lat":33.201565,"lng":129.651796,"prefecture":42,"lines":[99911],"attr":"eco","postal_code":"858-0907","address":"佐世保市棚方町","voronoi":{"type":"Feature","geometry":{"type":"Polygon","coordinates":[[[129.62785,33.202412],[124.878031,30.843072],[125.109279,30.77894],[127.405831,31.860098],[129.662255,33.201701],[129.663321,33.204828],[129.62785,33.202412]]]},"properties":{}}},
    {"code":9991134,"id":"497310","name":"相浦","original_name":"相浦","name_kana":"あいのうら","closed":false,"lat":33.192577,"lng":129.65714,"prefecture":42,"lines":[99911],"attr":"eco","postal_code":"858-0918","address":"佐世保市相浦町","voronoi":{"type":"Feature","geometry":{"type":"Polygon","coordinates":[[[129.663508,33.195353],[129.662255,33.201701],[127.405831,31.860098],[128.663498,32.449108],[128.724943,32.478792],[129.547119,32.89355],[129.587045,32.948813],[129.663508,33.195353]]]},"properties":{}}},
    {"code":9991135,"id":"35faad","name":"大学","original_name":"大学","name_kana":"だいがく","closed":false,"lat":33.189461,"lng":129.667187,"prefecture":42,"lines":[99911],"attr":"eco","postal_code":"858-0914","address":"佐世保市川下町","voronoi":{"type":"Feature","geometry":{"type":"Polygon","coordinates":[[[129.663508,33.195353],[129.587045,32.948813],[129.610059,32.979314],[129.678185,33.134982],[129.693281,33.178425],[129.663508,33.195353]]]},"properties":{}}},
    {"code":9991136,"id":"c57838","name":"上相浦","original_name":"上相浦","name_kana":"かみあいのうら","closed":false,"lat":33.195205,"lng":129.670453,"prefecture":42,"lines":[99911],"attr":"eco","postal_code":"858-0916","address":"佐世保市木宮町","voronoi":{"type":"Feature","geometry":{"type":"Polygon","coordinates":[[[129.693456,33.178786],[129.693281,33.178425],[129.663508,33.195353],[129.662255,33.201701],[129.663321,33.204828],[129.666714,33.210535],[129.68897,33.188614],[129.693983,33.182063],[129.693456,33.178786]]]},"properties":{}}},
    {"code":9991137,"id":"531a9a","name":"本山(長崎)","original_name":"本山","name_kana":"もとやま","closed":false,"lat":33.207029,"lng":129.682099,"prefecture":42,"lines":[99911],"attr":"eco","postal_code":"858-0905","address":"佐世保市下本山町","voronoi":{"type":"Feature","geometry":{"type":"Polygon","coordinates":[[[129.679057,33.233512],[129.668944,33.227167],[129.666477,33.224238],[129.666714,33.210535],[129.68897,33.188614],[129.679057,33.233512]]]},"properties":{}}},
    {"code":9991138,"id":"5cc8e0","name":"中里(長崎)","original_name":"中里","name_kana":"なかざと","closed":false,"lat":33.20821,"lng":129.687448,"prefecture":42,"lines":[99911],"attr":"eco","postal_code":"858-0904","address":"佐世保市中里町","voronoi":{"type":"Feature","geometry":{"type":"Polygon","coordinates":[[[129.68897,33.188614],[129.679057,33.233512],[129.681453,33.235384],[129.68532,33.23658],[129.70065,33.193932],[129.700837,33.192812],[129.693983,33.182063],[129.68897,33.188614]]]},"properties":{}}},
    {"code":9991139,"id":"331d71","name":"皆瀬","original_name":"皆瀬","name_kana":"かいぜ","closed":false,"lat":33.213348,"lng":129.701741,"prefecture":42,"lines":[99911],"attr":"eco","postal_code":"857-0144","address":"佐世保市皆瀬町","voronoi":{"type":"Feature","geometry":{"type":"Polygon","coordinates":[[[129.68532,33.23658],[129.70065,33.193932],[129.7132,33.245986],[129.687586,33.238033],[129.68532,33.23658]]]},"properties":{}}},
    {"code":9991140,"id":"c52ab2","name":"野中","original_name":"野中","name_kana":"のなか","closed":false,"lat":33.211712,"lng":129.708527,"prefecture":42,"lines":[99911],"attr":"eco","postal_code":"857-0142","address":"佐世保市野中町","voronoi":{"type":"Feature","geometry":{"type":"Polygon","coordinates":[[[129.71354,33.202081],[129.706856,33.195735],[129.700837,33.192812],[129.70065,33.193932],[129.7132,33.245986],[129.723651,33.250431],[129.71354,33.202081]]]},"properties":{}}},
    {"code":9991141,"id":"487a05","name":"左石","original_name":"左石","name_kana":"ひだりいし","closed":false,"lat":33.208896,"lng":129.721992,"prefecture":42,"lines":[99911],"attr":"eco","postal_code":"857-0136","address":"佐世保市田原町","voronoi":{"type":"Feature","geometry":{"type":"Polygon","coordinates":[[[129.723651,33.250431],[129.71354,33.202081],[129.721648,33.202677],[129.759463,33.264507],[129.754243,33.269968],[129.723651,33.250431]]]},"properties":{}}},
    {"code":9991142,"id":"d8da07","name":"泉福寺","original_name":"泉福寺","name_kana":"せんぷくじ","closed":false,"lat":33.205816,"lng":129.727028,"prefecture":42,"lines":[99911],"attr":"eco","postal_code":"857-0134","address":"佐世保市瀬戸越３丁目","voronoi":{"type":"Feature","geometry":{"type":"Polygon","coordinates":[[[129.78843,33.214836],[129.788518,33.21123],[129.753336,33.188515],[129.721648,33.202677],[129.759463,33.264507],[129.780623,33.244243],[129.783771,33.240577],[129.787858,33.21929],[129.78843,33.214836]]]},"properties":{}}},
    {"code":9991143,"id":"2ddc97","name":"山の田","original_name":"山の田","name_kana":"やまのた","closed":false,"lat":33.196575,"lng":129.722898,"prefecture":42,"lines":[99911],"attr":"heat","postal_code":"857-0011","address":"佐世保市春日町","voronoi":{"type":"Feature","geometry":{"type":"Polygon","coordinates":[[[129.706856,33.195735],[129.71354,33.202081],[129.721648,33.202677],[129.753336,33.188515],[129.749129,33.184714],[129.706856,33.195735]]]},"properties":{}}},
    {"code":9991144,"id":"6565de","name":"北佐世保","original_name":"北佐世保","name_kana":"きたさせぼ","closed":false,"lat":33.18717,"lng":129.720446,"prefecture":42,"lines":[99911],"attr":"heat","postal_code":"857-0016","address":"佐世保市俵町","voronoi":{"type":"Feature","geometry":{"type":"Polygon","coordinates":[[[129.693456,33.178786],[129.716649,33.179],[129.748361,33.183738],[129.749129,33.184714],[129.706856,33.195735],[129.700837,33.192812],[129.693983,33.182063],[129.693456,33.178786]]]},"properties":{}}},
    {"code":9991145,"id":"a0f894","name":"中佐世保","original_name":"中佐世保","name_kana":"なかさせぼ","closed":false,"lat":33.172297,"lng":129.722668,"prefecture":42,"lines":[99911],"attr":"heat","postal_code":"857-0806","address":"佐世保市島瀬町","voronoi":{"type":"Feature","geometry":{"type":"Polygon","coordinates":[[[129.744902,33.17546],[129.748361,33.183738],[129.716649,33.179],[129.724032,33.168034],[129.744902,33.17546]]]},"properties":{}}},
    {"code":9991146,"id":"ea7777","name":"佐世保中央","original_name":"佐世保中央","name_kana":"させぼちゅうおう","closed":false,"lat":33.170902,"lng":129.720596,"prefecture":42,"lines":[99911],"attr":"heat","postal_code":"857-0806","address":"佐世保市島瀬町","voronoi":{"type":"Feature","geometry":{"type":"Polygon","coordinates":[[[129.678185,33.134982],[129.693281,33.178425],[129.693456,33.178786],[129.716649,33.179],[129.724032,33.168034],[129.678185,33.134982]]]},"properties":{}}},
    {"code":1191814,"id":"918930","name":"佐世保","original_name":"佐世保","name_kana":"させぼ","closed":false,"lat":33.163868,"lng":129.725667,"prefecture":42,"lines":[11918,99911],"attr":"heat","postal_code":"857-0862","address":"佐世保市白南風町","voronoi":{"type":"Feature","geometry":{"type":"Polygon","coordinates":[[[129.744902,33.17546],[129.729315,33.096658],[129.610059,32.979314],[129.678185,33.134982],[129.724032,33.168034],[129.744902,33.17546]]]},"properties":{}}}
  ]
}