{
  "code":99914,
  "id":"dd46aa",
  "name":"長崎電軌３系統",
  "name_kana":"ながさきでんきにけいとう",
  "station_size":24,
  "company_code":236,
  "closed":false,
  "color":"#FF0000",
  "station_list":[
    {"code":9991401,"id":"3af478","name":"蛍茶屋","original_name":"蛍茶屋","name_kana":"ほたるぢゃや","closed":false,"lat":32.751135,"lng":129.894254,"prefecture":42,"numbering":["43"],"lines":[99914,99915,99916],"attr":"cool","postal_code":"850-0013","address":"長崎市中川町２","voronoi":{"type":"Feature","geometry":{"type":"Polygon","coordinates":[[[129.889898,32.744133],[129.900997,32.77868],[129.956672,32.733914],[130.075505,32.59],[130.105352,32.474649],[129.889898,32.744133]]]},"properties":{}}},
    {"code":9991402,"id":"80cc1b","name":"新中川町","original_name":"新中川町","name_kana":"しんなかがわまち","closed":false,"lat":32.752362,"lng":129.890435,"prefecture":42,"numbering":["41"],"lines":[99914,99915,99916],"attr":"cool","postal_code":"850-0014","address":"長崎市新中川町","voronoi":{"type":"Feature","geometry":{"type":"Polygon","coordinates":[[[129.893899,32.783847],[129.894701,32.784523],[129.900997,32.77868],[129.889898,32.744133],[129.888533,32.745172],[129.888694,32.77843],[129.889593,32.779747],[129.893899,32.783847]]]},"properties":{}}},
    {"code":9991403,"id":"320f45","name":"新大工町","original_name":"新大工町","name_kana":"しんだいくまち","closed":false,"lat":32.75238,"lng":129.886701,"prefecture":42,"numbering":["40"],"lines":[99914,99915,99916],"attr":"cool","postal_code":"850-0017","address":"長崎市新大工町","voronoi":{"type":"Feature","geometry":{"type":"Polygon","coordinates":[[[129.888533,32.745172],[129.885947,32.746256],[129.885032,32.748127],[129.887397,32.776795],[129.888694,32.77843],[129.888533,32.745172]]]},"properties":{}}},
    {"code":9991404,"id":"d267b3","name":"諏訪神社","original_name":"諏訪神社","name_kana":"すわじんじゃ","closed":false,"lat":32.752596,"lng":129.884083,"prefecture":42,"numbering":["39"],"lines":[99914,99915,99916],"attr":"eco","postal_code":"850-0023","address":"長崎市出来大工町","voronoi":{"type":"Feature","geometry":{"type":"Polygon","coordinates":[[[129.881522,32.769773],[129.878544,32.761142],[129.878209,32.759224],[129.879221,32.754408],[129.885032,32.748127],[129.887397,32.776795],[129.886142,32.775376],[129.881522,32.769773]]]},"properties":{}}},
    {"code":9991405,"id":"0657b6","name":"市役所","original_name":"市役所","name_kana":"しやくしょ","closed":false,"lat":32.74942,"lng":129.88065,"prefecture":42,"numbering":["45"],"lines":[99914,99915,99916],"attr":"eco","postal_code":"850-0874","address":"長崎市魚の町","voronoi":{"type":"Feature","geometry":{"type":"Polygon","coordinates":[[[129.885947,32.746256],[129.885032,32.748127],[129.879221,32.754408],[129.877915,32.749506],[129.88169,32.746001],[129.883865,32.745876],[129.885947,32.746256]]]},"properties":{}}},
    {"code":9991406,"id":"174977","name":"桜町(長崎)","original_name":"桜町","name_kana":"さくらまち","closed":false,"lat":32.750792,"lng":129.8755,"prefecture":42,"numbering":["44"],"lines":[99914],"attr":"eco","postal_code":"850-0031","address":"長崎市桜町","voronoi":{"type":"Feature","geometry":{"type":"Polygon","coordinates":[[[129.874979,32.747525],[129.877915,32.749506],[129.879221,32.754408],[129.878209,32.759224],[129.875707,32.756198],[129.873456,32.751058],[129.874945,32.747517],[129.874979,32.747525]]]},"properties":{}}},
    {"code":9991318,"id":"9d68a7","name":"長崎駅前","original_name":"長崎駅前","name_kana":"ながさきえきまえ","closed":false,"lat":32.75238,"lng":129.871874,"prefecture":42,"numbering":["27"],"lines":[99913,99914],"attr":"eco","postal_code":"850-0057","address":"長崎市大黒町","voronoi":{"type":"Feature","geometry":{"type":"Polygon","coordinates":[[[129.873456,32.751058],[129.870409,32.750706],[129.870404,32.753264],[129.875707,32.756198],[129.873456,32.751058]]]},"properties":{}}},
    {"code":9991317,"id":"142ac3","name":"八千代町","original_name":"八千代町","name_kana":"やちよまち","closed":false,"lat":32.754979,"lng":129.870436,"prefecture":42,"numbering":["26"],"lines":[99913,99914],"attr":"cool","postal_code":"850-0043","address":"長崎市八千代町","voronoi":{"type":"Feature","geometry":{"type":"Polygon","coordinates":[[[129.875707,32.756198],[129.878209,32.759224],[129.878544,32.761142],[129.867223,32.755095],[129.870404,32.753264],[129.875707,32.756198]]]},"properties":{}}},
    {"code":9991316,"id":"9f2bb3","name":"宝町(長崎)","original_name":"宝町","name_kana":"たからまち","closed":false,"lat":32.75783,"lng":129.868913,"prefecture":42,"numbering":["25"],"lines":[99913,99914],"attr":"eco","postal_code":"850-0045","address":"長崎市宝町","voronoi":{"type":"Feature","geometry":{"type":"Polygon","coordinates":[[[129.881522,32.769773],[129.876933,32.767828],[129.86199,32.755071],[129.867223,32.755095],[129.878544,32.761142],[129.881522,32.769773]]]},"properties":{}}},
    {"code":9991315,"id":"073277","name":"銭座町","original_name":"銭座町","name_kana":"ぜんざまち","closed":false,"lat":32.761475,"lng":129.865801,"prefecture":42,"numbering":["24"],"lines":[99913,99914],"attr":"eco","postal_code":"850-0047","address":"長崎市銭座町","voronoi":{"type":"Feature","geometry":{"type":"Polygon","coordinates":[[[129.874254,32.767249],[129.876933,32.767828],[129.86199,32.755071],[129.832913,32.745047],[129.852256,32.756264],[129.874202,32.767228],[129.874254,32.767249]]]},"properties":{}}},
    {"code":9991314,"id":"a995ff","name":"茂里町","original_name":"茂里町","name_kana":"もりまち","closed":false,"lat":32.763965,"lng":129.864557,"prefecture":42,"numbering":["23"],"lines":[99913,99914],"attr":"eco","postal_code":"852-8105","address":"長崎市目覚町","voronoi":{"type":"Feature","geometry":{"type":"Polygon","coordinates":[[[129.852256,32.756264],[129.863903,32.764606],[129.874202,32.767228],[129.852256,32.756264]]]},"properties":{}}},
    {"code":9991313,"id":"7b747c","name":"浦上駅前","original_name":"浦上駅前","name_kana":"うらかみえきまえ","closed":false,"lat":32.765481,"lng":129.864171,"prefecture":42,"numbering":["22"],"lines":[99913,99914],"attr":"heat","postal_code":"852-8106","address":"長崎市岩川町","voronoi":{"type":"Feature","geometry":{"type":"Polygon","coordinates":[[[129.874202,32.767228],[129.874254,32.767249],[129.863704,32.767249],[129.863903,32.764606],[129.874202,32.767228]]]},"properties":{}}},
    {"code":9991312,"id":"1b6142","name":"大学病院","original_name":"大学病院","name_kana":"だいがくびょういん","closed":false,"lat":32.769017,"lng":129.864171,"prefecture":42,"numbering":["21"],"lines":[99913,99914],"attr":"heat","postal_code":"852-8107","address":"長崎市浜口町","voronoi":{"type":"Feature","geometry":{"type":"Polygon","coordinates":[[[129.858067,32.768293],[129.863704,32.767249],[129.874254,32.767249],[129.876933,32.767828],[129.881522,32.769773],[129.886142,32.775376],[129.858067,32.768293]]]},"properties":{}}},
    {"code":9991311,"id":"7c4245","name":"原爆資料館","original_name":"原爆資料館","name_kana":"げんばくしりょうかん","closed":false,"lat":32.770551,"lng":129.863784,"prefecture":42,"numbering":["20"],"lines":[99913,99914],"attr":"heat","postal_code":"852-8107","address":"長崎市浜口町","voronoi":{"type":"Feature","geometry":{"type":"Polygon","coordinates":[[[129.886142,32.775376],[129.887397,32.776795],[129.888694,32.77843],[129.889593,32.779747],[129.873364,32.777606],[129.87198,32.777158],[129.856628,32.768371],[129.858067,32.768293],[129.886142,32.775376]]]},"properties":{}}},
    {"code":9991310,"id":"54bcbc","name":"平和公園","original_name":"平和公園","name_kana":"へいわこうえん","closed":false,"lat":32.773437,"lng":129.862132,"prefecture":42,"numbering":["19"],"lines":[99913,99914],"attr":"heat","postal_code":"852-8118","address":"長崎市松山町","voronoi":{"type":"Feature","geometry":{"type":"Polygon","coordinates":[[[129.757937,32.759422],[129.693388,32.740335],[129.856628,32.768371],[129.87198,32.777158],[129.757937,32.759422]]]},"properties":{}}},
    {"code":9991309,"id":"11408e","name":"大橋(長崎)","original_name":"大橋","name_kana":"おおはし","closed":false,"lat":32.777713,"lng":129.861467,"prefecture":42,"numbering":["18"],"lines":[99913,99914],"attr":"heat","postal_code":"852-8118","address":"長崎市松山町","voronoi":{"type":"Feature","geometry":{"type":"Polygon","coordinates":[[[129.866554,32.778921],[129.821345,32.776944],[129.812406,32.775331],[129.797951,32.772156],[129.757937,32.759422],[129.87198,32.777158],[129.873364,32.777606],[129.866554,32.778921]]]},"properties":{}}},
    {"code":9991308,"id":"bdb718","name":"浦上車庫","original_name":"浦上車庫","name_kana":"うらかみしゃこ","closed":false,"lat":32.77968,"lng":129.861381,"prefecture":42,"numbering":["17"],"lines":[99913,99914],"attr":"heat","postal_code":"852-8134","address":"長崎市大橋町","voronoi":{"type":"Feature","geometry":{"type":"Polygon","coordinates":[[[129.821345,32.776944],[129.854446,32.783759],[129.866554,32.778921],[129.821345,32.776944]]]},"properties":{}}},
    {"code":9991307,"id":"cc8374","name":"岩屋橋","original_name":"岩屋橋","name_kana":"いわやばし","closed":false,"lat":32.781935,"lng":129.862282,"prefecture":42,"numbering":["16"],"lines":[99913,99914],"attr":"heat","postal_code":"852-8134","address":"長崎市大橋町","voronoi":{"type":"Feature","geometry":{"type":"Polygon","coordinates":[[[129.889593,32.779747],[129.893899,32.783847],[129.854684,32.783847],[129.854446,32.783759],[129.866554,32.778921],[129.873364,32.777606],[129.889593,32.779747]]]},"properties":{}}},
    {"code":9991306,"id":"ab5c56","name":"長崎大学","original_name":"長崎大学","name_kana":"ながさきだいがく","closed":false,"lat":32.785759,"lng":129.862282,"prefecture":42,"numbering":["15"],"lines":[99913,99914],"attr":"heat","postal_code":"852-8137","address":"長崎市若葉町","voronoi":{"type":"Feature","geometry":{"type":"Polygon","coordinates":[[[129.894212,32.790313],[129.894701,32.784523],[129.893899,32.783847],[129.854684,32.783847],[129.855853,32.784648],[129.885403,32.794861],[129.894212,32.790313]]]},"properties":{}}},
    {"code":9991305,"id":"eceec5","name":"若葉町","original_name":"若葉町","name_kana":"わかばまち","closed":false,"lat":32.787744,"lng":129.861596,"prefecture":42,"numbering":["14"],"lines":[99913,99914],"attr":"heat","postal_code":"852-8137","address":"長崎市若葉町","voronoi":{"type":"Feature","geometry":{"type":"Polygon","coordinates":[[[129.855853,32.784648],[129.859401,32.788039],[129.879014,32.794772],[129.883244,32.796094],[129.885403,32.794861],[129.855853,32.784648]]]},"properties":{}}},
    {"code":9991304,"id":"956edf","name":"千歳町(長崎)","original_name":"千歳町","name_kana":"ちとせまち","closed":false,"lat":32.78962,"lng":129.860952,"prefecture":42,"numbering":["13"],"lines":[99913,99914],"attr":"heat","postal_code":"852-8137","address":"長崎市若葉町","voronoi":{"type":"Feature","geometry":{"type":"Polygon","coordinates":[[[129.859401,32.788039],[129.879014,32.794772],[129.86008,32.789935],[129.859401,32.788039]]]},"properties":{}}},
    {"code":9991303,"id":"dc7b3b","name":"昭和町通り","original_name":"昭和町通り","name_kana":"しょうわまちどおり","closed":false,"lat":32.79063,"lng":129.860694,"prefecture":42,"numbering":["13"],"lines":[99913,99914],"attr":"heat","postal_code":"852-8155","address":"長崎県長崎市中園町","voronoi":{"type":"Feature","geometry":{"type":"Polygon","coordinates":[[[129.879014,32.794772],[129.86008,32.789935],[129.859787,32.791067],[129.876139,32.80079],[129.883244,32.796094],[129.879014,32.794772]]]},"properties":{}}},
    {"code":9991302,"id":"3430eb","name":"住吉(長崎)","original_name":"住吉","name_kana":"すみよし","closed":false,"lat":32.792073,"lng":129.859836,"prefecture":42,"numbering":["12"],"lines":[99913,99914],"attr":"heat","postal_code":"852-8154","address":"長崎市住吉町","voronoi":{"type":"Feature","geometry":{"type":"Polygon","coordinates":[[[129.857862,32.791731],[129.868892,32.804283],[129.873623,32.802622],[129.876139,32.80079],[129.859787,32.791067],[129.857862,32.791731]]]},"properties":{}}},
    {"code":9991301,"id":"ad28ab","name":"赤迫","original_name":"赤迫","name_kana":"あかさこ","closed":false,"lat":32.793732,"lng":129.857948,"prefecture":42,"numbering":["11"],"lines":[99913,99914],"attr":"heat","postal_code":"852-8155","address":"長崎市中園町","voronoi":{"type":"Feature","geometry":{"type":"Polygon","coordinates":[[[129.797951,32.772156],[129.812406,32.775331],[129.857862,32.791731],[129.868892,32.804283],[129.86778,32.804781],[129.797951,32.772156]]]},"properties":{}}}
  ]
}