{
  "code":99927,
  "id":"81c9c7",
  "name":"ゆいレール",
  "name_kana":"ゆいれーる",
  "name_formal":"沖縄都市モノレール線",
  "station_size":19,
  "company_code":243,
  "closed":false,
  "color":"#E70F3F",
  "station_list":[
    {"code":9992701,"id":"8b3885","name":"那覇空港","original_name":"那覇空港","name_kana":"なはくうこう","closed":false,"lat":26.206515,"lng":127.652214,"prefecture":47,"numbering":["1"],"lines":[99927],"attr":"heat","postal_code":"901-0142","address":"那覇市字鏡水９３８-５","voronoi":{"type":"Feature","geometry":{"type":"LineString","coordinates":[[117.575152,20.0],[127.66003,26.202208],[127.664111,26.208146],[127.655634,26.244758],[127.643914,26.274325],[127.537273,26.39433],[118.081788,32.626573],[112.0,34.267174]]},"properties":{}}},
    {"code":9992702,"id":"fd2af8","name":"赤嶺","original_name":"赤嶺","name_kana":"あかみね","closed":false,"lat":26.193289,"lng":127.660348,"prefecture":47,"numbering":["2"],"lines":[99927],"attr":"heat","postal_code":"901-0154","address":"那覇市赤嶺２-１０００-１１","voronoi":{"type":"Feature","geometry":{"type":"LineString","coordinates":[[117.575152,20.0],[127.66003,26.202208],[127.848465,25.815041],[130.160592,20.0]]},"properties":{}}},
    {"code":9992703,"id":"f2b4e9","name":"小禄","original_name":"小禄","name_kana":"おろく","closed":false,"lat":26.196455,"lng":127.666853,"prefecture":47,"numbering":["3"],"lines":[99927],"attr":"heat","postal_code":"901-0156","address":"那覇市田原３-１０００-１","voronoi":{"type":"Feature","geometry":{"type":"Polygon","coordinates":[[[127.792993,25.95811],[127.848465,25.815041],[127.66003,26.202208],[127.664111,26.208146],[127.667035,26.206508],[127.792993,25.95811]]]},"properties":{}}},
    {"code":9992704,"id":"8ae68a","name":"奥武山公園","original_name":"奥武山公園","name_kana":"おうのやまこうえん","closed":false,"lat":26.200714,"lng":127.675252,"prefecture":47,"numbering":["4"],"lines":[99927],"attr":"heat","postal_code":"900-0026","address":"那覇市奥武山町３１６-２","voronoi":{"type":"Feature","geometry":{"type":"Polygon","coordinates":[[[127.758993,26.05056],[127.792993,25.95811],[127.667035,26.206508],[127.671605,26.206401],[127.687369,26.197051],[127.758993,26.05056]]]},"properties":{}}},
    {"code":9992705,"id":"ede537","name":"壺川","original_name":"壺川","name_kana":"つぼがわ","closed":false,"lat":26.205927,"lng":127.678344,"prefecture":47,"numbering":["5"],"lines":[99927],"attr":"heat","postal_code":"900-0025","address":"那覇市壺川３-１０６","voronoi":{"type":"Feature","geometry":{"type":"Polygon","coordinates":[[[127.687369,26.197051],[127.671605,26.206401],[127.679459,26.210114],[127.684676,26.209503],[127.687369,26.197051]]]},"properties":{}}},
    {"code":9992706,"id":"101991","name":"旭橋","original_name":"旭橋","name_kana":"あさひばし","closed":false,"lat":26.21191,"lng":127.675515,"prefecture":47,"numbering":["6"],"lines":[99927],"attr":"heat","postal_code":"900-0021","address":"那覇市泉崎１-１０５","voronoi":{"type":"Feature","geometry":{"type":"Polygon","coordinates":[[[127.664111,26.208146],[127.655634,26.244758],[127.659913,26.239617],[127.679459,26.210114],[127.671605,26.206401],[127.667035,26.206508],[127.664111,26.208146]]]},"properties":{}}},
    {"code":9992707,"id":"c48983","name":"県庁前(沖縄)","original_name":"県庁前","name_kana":"けんちょうまえ","closed":false,"lat":26.214446,"lng":127.679343,"prefecture":47,"numbering":["7"],"lines":[99927],"attr":"cool","postal_code":"900-0015","address":"那覇市久茂地１-１０３","voronoi":{"type":"Feature","geometry":{"type":"Polygon","coordinates":[[[127.68601,26.212509],[127.659913,26.239617],[127.679459,26.210114],[127.684676,26.209503],[127.68601,26.212509]]]},"properties":{}}},
    {"code":9992708,"id":"1a6b1f","name":"美栄橋","original_name":"美栄橋","name_kana":"みえばし","closed":false,"lat":26.219245,"lng":127.684328,"prefecture":47,"numbering":["8"],"lines":[99927],"attr":"cool","postal_code":"900-0013","address":"那覇市牧志１-９６５","voronoi":{"type":"Feature","geometry":{"type":"Polygon","coordinates":[[[127.643914,26.274325],[127.655634,26.244758],[127.659913,26.239617],[127.68601,26.212509],[127.687269,26.213429],[127.690224,26.225595],[127.688163,26.233982],[127.676655,26.252465],[127.643914,26.274325]]]},"properties":{}}},
    {"code":9992709,"id":"c27796","name":"牧志","original_name":"牧志","name_kana":"まきし","closed":false,"lat":26.217248,"lng":127.69255,"prefecture":47,"numbering":["9"],"lines":[99927],"attr":"cool","postal_code":"900-0013","address":"那覇市牧志３-２７２-５","voronoi":{"type":"Feature","geometry":{"type":"Polygon","coordinates":[[[127.693496,26.212961],[127.687269,26.213429],[127.690224,26.225595],[127.694746,26.220751],[127.693496,26.212961]]]},"properties":{}}},
    {"code":9992710,"id":"1ec0a5","name":"安里","original_name":"安里","name_kana":"あさと","closed":false,"lat":26.216737,"lng":127.695736,"prefecture":47,"numbering":["10"],"lines":[99927],"attr":"cool","postal_code":"902-0067","address":"那覇市安里３８９-７","voronoi":{"type":"Feature","geometry":{"type":"Polygon","coordinates":[[[127.711349,26.209053],[127.710177,26.212499],[127.708596,26.214585],[127.694746,26.220751],[127.693496,26.212961],[127.711757,26.204109],[127.711349,26.209053]]]},"properties":{}}},
    {"code":9992711,"id":"40411b","name":"おもろまち","original_name":"おもろまち","name_kana":"おもろまち","closed":false,"lat":26.222701,"lng":127.698391,"prefecture":47,"numbering":["11"],"lines":[99927],"attr":"eco","postal_code":"902-0067","address":"那覇市安里３０５-３","voronoi":{"type":"Feature","geometry":{"type":"Polygon","coordinates":[[[127.688163,26.233982],[127.690224,26.225595],[127.694746,26.220751],[127.708596,26.214585],[127.704356,26.224745],[127.688163,26.233982]]]},"properties":{}}},
    {"code":9992712,"id":"f19d54","name":"古島","original_name":"古島","name_kana":"ふるじま","closed":false,"lat":26.230919,"lng":127.703079,"prefecture":47,"numbering":["12"],"lines":[99927],"attr":"eco","postal_code":"902-0061","address":"那覇市古島９３-１","voronoi":{"type":"Feature","geometry":{"type":"Polygon","coordinates":[[[127.688163,26.233982],[127.676655,26.252465],[127.713148,26.242804],[127.704356,26.224745],[127.688163,26.233982]]]},"properties":{}}},
    {"code":9992713,"id":"8eec0d","name":"市立病院前(沖縄)","original_name":"市立病院前","name_kana":"しりつびょういんまえ","closed":false,"lat":26.227548,"lng":127.710003,"prefecture":47,"numbering":["13"],"lines":[99927],"attr":"eco","postal_code":"902-0061","address":"那覇市古島１７２-２","voronoi":{"type":"Feature","geometry":{"type":"Polygon","coordinates":[[[127.717505,26.235451],[127.710177,26.212499],[127.708596,26.214585],[127.704356,26.224745],[127.713148,26.242804],[127.71385,26.242798],[127.717505,26.235451]]]},"properties":{}}},
    {"code":9992714,"id":"70e566","name":"儀保","original_name":"儀保","name_kana":"ぎぼ","closed":false,"lat":26.224663,"lng":127.719039,"prefecture":47,"numbering":["14"],"lines":[99927],"attr":"eco","postal_code":"903-0821","address":"那覇市首里儀保町３-１４-３","voronoi":{"type":"Feature","geometry":{"type":"Polygon","coordinates":[[[127.710177,26.212499],[127.717505,26.235451],[127.722721,26.231412],[127.724463,26.224518],[127.711349,26.209053],[127.710177,26.212499]]]},"properties":{}}},
    {"code":9992715,"id":"d21b4b","name":"首里","original_name":"首里","name_kana":"しゅり","closed":false,"lat":26.219191,"lng":127.725492,"prefecture":47,"numbering":["15"],"lines":[99927],"attr":"eco","postal_code":"903-0806","address":"那覇市首里汀良町３-１９","voronoi":{"type":"Feature","geometry":{"type":"LineString","coordinates":[[136.3309,20.0],[127.771798,26.202858],[127.724463,26.224518],[127.711349,26.209053],[127.711757,26.204109],[127.758993,26.05056],[127.792993,25.95811],[127.848465,25.815041],[130.160592,20.0]]},"properties":{}}},
    {"code":9992716,"id":"6dafda","name":"石嶺","original_name":"石嶺","name_kana":"いしみね","closed":false,"lat":26.227222,"lng":127.729167,"prefecture":47,"numbering":["16"],"lines":[99927],"attr":"eco","postal_code":"903-0804","address":"沖縄県那覇市首里石嶺町二丁目90","open_date":"2019-10-01","voronoi":{"type":"Feature","geometry":{"type":"Polygon","coordinates":[[[127.737553,26.232722],[127.722721,26.231412],[127.724463,26.224518],[127.771798,26.202858],[127.737553,26.232722]]]},"properties":{}}},
    {"code":9992717,"id":"092f47","name":"経塚","original_name":"経塚","name_kana":"きょうづか","closed":false,"lat":26.236667,"lng":127.728333,"prefecture":47,"numbering":["17"],"lines":[99927],"attr":"heat","postal_code":"901-2102","address":"沖縄県浦添市前田","open_date":"2019-10-01","voronoi":{"type":"Feature","geometry":{"type":"Polygon","coordinates":[[[127.71385,26.242798],[127.717505,26.235451],[127.722721,26.231412],[127.737553,26.232722],[127.735841,26.237255],[127.718511,26.246721],[127.71385,26.242798]]]},"properties":{}}},
    {"code":9992718,"id":"d0c77b","name":"浦添前田","original_name":"浦添前田","name_kana":"うらそえまえだ","closed":false,"lat":26.243889,"lng":127.732278,"prefecture":47,"numbering":["18"],"lines":[99927],"attr":"heat","postal_code":"901-2102","address":"沖縄県浦添市前田一丁目","open_date":"2019-10-01","voronoi":{"type":"Feature","geometry":{"type":"Polygon","coordinates":[[[127.735841,26.237255],[127.718511,26.246721],[127.747958,26.292261],[127.735841,26.237255]]]},"properties":{}}},
    {"code":9992719,"id":"527f5e","name":"てだこ浦西","original_name":"てだこ浦西","name_kana":"てだこうらにし","closed":false,"lat":26.241778,"lng":127.741861,"prefecture":47,"numbering":["19"],"lines":[99927],"attr":"heat","postal_code":"901-2102","address":"沖縄県浦添市前田三丁目21","open_date":"2019-10-01","voronoi":{"type":"Feature","geometry":{"type":"LineString","coordinates":[[140.631983,20.0],[137.591045,23.379765],[134.397625,25.569553],[127.752884,26.301785],[127.747958,26.292261],[127.735841,26.237255],[127.737553,26.232722],[127.771798,26.202858],[136.3309,20.0]]},"properties":{}}}
  ]
}