{
  "code":99925,
  "id":581,
  "name":"鹿児島市電１系統",
  "name_kana":"かごしましでんいちけいとう",
  "station_size":24,
  "company_code":242,
  "closed":false,
  "color":"#4243BE",
  "symbol":"I",
  "station_list":[
    {"code":9992501,"id":9090,"name":"鹿児島駅前","original_name":"鹿児島駅前","name_kana":"かごしまえきまえ","closed":false,"lat":31.601264,"lng":130.562414,"prefecture":46,"numbering":["I01"],"lines":[99925,99926],"attr":"eco","postal_code":"892-0812","address":"鹿児島市浜町","voronoi":{"type":"Feature","geometry":{"type":"Polygon","coordinates":[[[130.509811,31.664527],[130.551404,31.625826],[130.566321,31.595456],[130.551839,31.611623],[130.509811,31.664527]]]},"properties":{}}},
    {"code":9992502,"id":9067,"name":"桜島桟橋通","original_name":"桜島桟橋通","name_kana":"さくらじまさんばしどおり","closed":false,"lat":31.599976,"lng":130.560976,"prefecture":46,"numbering":["I02"],"lines":[99925,99926],"attr":"eco","postal_code":"892-0817","address":"鹿児島市小川町","voronoi":{"type":"Feature","geometry":{"type":"Polygon","coordinates":[[[130.564071,31.593976],[130.551839,31.611623],[130.566321,31.595456],[130.56855,31.592161],[130.564071,31.593976]]]},"properties":{}}},
    {"code":9992503,"id":9068,"name":"水族館口","original_name":"水族館口","name_kana":"すいぞくかんぐち","closed":false,"lat":31.59898,"lng":130.559539,"prefecture":46,"numbering":["I03"],"lines":[99925,99926],"attr":"eco","postal_code":"892-0816","address":"鹿児島市山下町","voronoi":{"type":"Feature","geometry":{"type":"Polygon","coordinates":[[[130.509811,31.664527],[130.505802,31.668427],[130.506732,31.65033],[130.511759,31.637866],[130.563204,31.594333],[130.563778,31.594052],[130.564071,31.593976],[130.551839,31.611623],[130.509811,31.664527]]]},"properties":{}}},
    {"code":9992504,"id":9069,"name":"市役所前(鹿児島)","original_name":"市役所前","name_kana":"しやくしょまえ","closed":false,"lat":31.597179,"lng":130.558015,"prefecture":46,"numbering":["I04"],"lines":[99925,99926],"attr":"eco","postal_code":"892-0816","address":"鹿児島市山下町","voronoi":{"type":"Feature","geometry":{"type":"Polygon","coordinates":[[[130.542199,31.603191],[130.548134,31.59825],[130.563204,31.594333],[130.511759,31.637866],[130.512301,31.636443],[130.535295,31.610172],[130.542199,31.603191]]]},"properties":{}}},
    {"code":9992505,"id":9070,"name":"朝日通","original_name":"朝日通","name_kana":"あさひどおり","closed":false,"lat":31.594374,"lng":130.557286,"prefecture":46,"numbering":["I05"],"lines":[99925,99926],"attr":"eco","postal_code":"892-0821","address":"鹿児島市名山町","voronoi":{"type":"Feature","geometry":{"type":"Polygon","coordinates":[[[130.555688,31.592828],[130.549849,31.596333],[130.548134,31.59825],[130.563204,31.594333],[130.563778,31.594052],[130.555688,31.592828]]]},"properties":{}}},
    {"code":9992506,"id":9071,"name":"いづろ通","original_name":"いづろ通","name_kana":"いづろどおり","closed":false,"lat":31.591824,"lng":130.557672,"prefecture":46,"numbering":["I06"],"lines":[99925,99926],"attr":"eco","postal_code":"892-0828","address":"鹿児島市金生町","voronoi":{"type":"Feature","geometry":{"type":"Polygon","coordinates":[[[130.565749,31.58286],[130.558462,31.58647],[130.555688,31.592828],[130.563778,31.594052],[130.564071,31.593976],[130.56855,31.592161],[130.599279,31.572899],[130.565749,31.58286]]]},"properties":{}}},
    {"code":9992507,"id":9072,"name":"天文館通","original_name":"天文館通","name_kana":"てんもんかんどおり","closed":false,"lat":31.590691,"lng":130.555075,"prefecture":46,"numbering":["I07"],"lines":[99925,99926],"attr":"eco","postal_code":"892-0843","address":"鹿児島市千日町","voronoi":{"type":"Feature","geometry":{"type":"Polygon","coordinates":[[[130.555688,31.592828],[130.549849,31.596333],[130.553664,31.588379],[130.558244,31.586513],[130.558462,31.58647],[130.555688,31.592828]]]},"properties":{}}},
    {"code":9992508,"id":9073,"name":"高見馬場","original_name":"高見馬場","name_kana":"たかみばば","closed":false,"lat":31.588726,"lng":130.550977,"prefecture":46,"numbering":["I08"],"lines":[99925,99926],"attr":"eco","postal_code":"892-0844","address":"鹿児島市山之口町","voronoi":{"type":"Feature","geometry":{"type":"Polygon","coordinates":[[[130.549849,31.596333],[130.553664,31.588379],[130.550421,31.58612],[130.542199,31.603191],[130.548134,31.59825],[130.549849,31.596333]]]},"properties":{}}},
    {"code":9992509,"id":9074,"name":"甲東中学校前","original_name":"甲東中学校前","name_kana":"こうとうちゅうがっこうまえ","closed":false,"lat":31.585738,"lng":130.553058,"prefecture":46,"numbering":["I09"],"lines":[99925],"attr":"eco","postal_code":"892-0845","address":"鹿児島市樋之口町","voronoi":{"type":"Feature","geometry":{"type":"Polygon","coordinates":[[[130.549585,31.58345],[130.550421,31.58612],[130.553664,31.588379],[130.558244,31.586513],[130.549585,31.58345]]]},"properties":{}}},
    {"code":9992510,"id":9075,"name":"新屋敷","original_name":"新屋敷","name_kana":"しんやしき","closed":false,"lat":31.583855,"lng":130.553724,"prefecture":46,"numbering":["I10"],"lines":[99925],"attr":"eco","postal_code":"892-0846","address":"鹿児島市加治屋町","voronoi":{"type":"Feature","geometry":{"type":"Polygon","coordinates":[[[130.549585,31.58345],[130.558244,31.586513],[130.558462,31.58647],[130.565749,31.58286],[130.548651,31.58134],[130.548644,31.581364],[130.548651,31.581625],[130.548767,31.582104],[130.549585,31.58345]]]},"properties":{}}},
    {"code":9992511,"id":9076,"name":"武之橋","original_name":"武之橋","name_kana":"たけのはし","closed":false,"lat":31.57976,"lng":130.554088,"prefecture":46,"numbering":["I11"],"lines":[99925],"attr":"eco","postal_code":"890-0056","address":"鹿児島市下荒田１","voronoi":{"type":"Feature","geometry":{"type":"Polygon","coordinates":[[[130.565749,31.58286],[130.599279,31.572899],[130.602825,31.571308],[130.54849,31.579222],[130.548651,31.58134],[130.565749,31.58286]]]},"properties":{}}},
    {"code":9992512,"id":9077,"name":"二中通","original_name":"二中通","name_kana":"にちゅうどおり","closed":false,"lat":31.57711,"lng":130.553702,"prefecture":46,"numbering":["I12"],"lines":[99925],"attr":"eco","postal_code":"890-0056","address":"鹿児島県鹿児島市高麗町","voronoi":{"type":"Feature","geometry":{"type":"Polygon","coordinates":[[[130.54849,31.579222],[130.602825,31.571308],[130.624894,31.562114],[130.627031,31.56087],[130.547957,31.576427],[130.548216,31.578385],[130.54849,31.579222]]]},"properties":{}}},
    {"code":9992513,"id":9078,"name":"荒田八幡","original_name":"荒田八幡","name_kana":"あらたはちまん","closed":false,"lat":31.573618,"lng":130.553015,"prefecture":46,"numbering":["I13"],"lines":[99925],"attr":"eco","postal_code":"890-0056","address":"鹿児島市下荒田３","voronoi":{"type":"Feature","geometry":{"type":"Polygon","coordinates":[[[130.54703,31.5727],[130.547624,31.575728],[130.547957,31.576427],[130.627031,31.56087],[130.653102,31.546511],[130.54703,31.5727]]]},"properties":{}}},
    {"code":9992514,"id":9079,"name":"騎射場","original_name":"騎射場","name_kana":"きしゃば","closed":false,"lat":31.569102,"lng":130.5519,"prefecture":46,"numbering":["I14"],"lines":[99925],"attr":"heat","postal_code":"890-0056","address":"鹿児島市下荒田３","voronoi":{"type":"Feature","geometry":{"type":"Polygon","coordinates":[[[130.732503,31.505073],[130.653102,31.546511],[130.54703,31.5727],[130.54684,31.572415],[130.546698,31.571361],[130.546786,31.570098],[130.546844,31.569857],[130.54821,31.567674],[130.764668,31.48358],[130.732503,31.505073]]]},"properties":{}}},
    {"code":9992515,"id":9080,"name":"鴨池","original_name":"鴨池","name_kana":"かもいけ","closed":false,"lat":31.564129,"lng":130.549968,"prefecture":46,"numbering":["I15"],"lines":[99925],"attr":"heat","postal_code":"890-0063","address":"鹿児島市鴨池２","voronoi":{"type":"Feature","geometry":{"type":"Polygon","coordinates":[[[130.547606,31.56437],[130.726533,31.462803],[130.749668,31.460784],[130.786061,31.469643],[130.764668,31.48358],[130.54821,31.567674],[130.547606,31.56437]]]},"properties":{}}},
    {"code":9992516,"id":9081,"name":"郡元(鹿児島市交通局)","original_name":"郡元","name_kana":"こおりもと","closed":false,"lat":31.562466,"lng":130.549024,"prefecture":46,"numbering":["I16"],"lines":[99925,99926],"attr":"heat","postal_code":"890-0063","address":"鹿児島県鹿児島市鴨池一丁目","voronoi":{"type":"Feature","geometry":{"type":"Polygon","coordinates":[[[130.726533,31.462803],[130.688253,31.465962],[130.619234,31.5095],[130.612153,31.514318],[130.546099,31.562145],[130.547606,31.56437],[130.726533,31.462803]]]},"properties":{}}},
    {"code":9992517,"id":9082,"name":"涙橋","original_name":"涙橋","name_kana":"なみだばし","closed":false,"lat":31.559266,"lng":130.546707,"prefecture":46,"numbering":["I17"],"lines":[99925],"attr":"heat","postal_code":"890-0065","address":"鹿児島市郡元２","voronoi":{"type":"Feature","geometry":{"type":"Polygon","coordinates":[[[130.542906,31.561365],[130.541176,31.560075],[130.612153,31.514318],[130.546099,31.562145],[130.542906,31.561365]]]},"properties":{}}},
    {"code":9992518,"id":9083,"name":"南鹿児島駅前","original_name":"南鹿児島駅前","name_kana":"みなみかごしまえきまえ","closed":false,"lat":31.555371,"lng":130.544196,"prefecture":46,"numbering":["I18"],"lines":[99925],"attr":"heat","postal_code":"890-0069","address":"鹿児島市南郡元町","voronoi":{"type":"Feature","geometry":{"type":"Polygon","coordinates":[[[130.555829,31.545295],[130.538576,31.559511],[130.541176,31.560075],[130.612153,31.514318],[130.619234,31.5095],[130.555829,31.545295]]]},"properties":{}}},
    {"code":9992519,"id":9084,"name":"二軒茶屋(鹿児島)","original_name":"二軒茶屋","name_kana":"にけんぢゃや","closed":false,"lat":31.55005,"lng":130.541192,"prefecture":46,"numbering":["I19"],"lines":[99925],"attr":"heat","postal_code":"890-0073","address":"鹿児島市宇宿１","voronoi":{"type":"Feature","geometry":{"type":"Polygon","coordinates":[[[130.555829,31.545295],[130.531322,31.558346],[130.524647,31.558682],[130.530541,31.553885],[130.679433,31.466306],[130.688253,31.465962],[130.619234,31.5095],[130.555829,31.545295]]]},"properties":{}}},
    {"code":9992520,"id":9085,"name":"宇宿一丁目","original_name":"宇宿一丁目","name_kana":"うすきいっちょうめ","closed":false,"lat":31.546439,"lng":130.539068,"prefecture":46,"numbering":["I20"],"lines":[99925],"attr":"heat","postal_code":"890-0073","address":"鹿児島市宇宿１","voronoi":{"type":"Feature","geometry":{"type":"Polygon","coordinates":[[[130.530541,31.553885],[130.537131,31.546085],[130.660946,31.467269],[130.665578,31.466667],[130.679433,31.466306],[130.530541,31.553885]]]},"properties":{}}},
    {"code":9992521,"id":9086,"name":"脇田","original_name":"脇田","name_kana":"わきだ","closed":false,"lat":31.54418,"lng":130.53763,"prefecture":46,"numbering":["I21"],"lines":[99925],"attr":"cool","postal_code":"890-0073","address":"鹿児島市宇宿３","voronoi":{"type":"Feature","geometry":{"type":"Polygon","coordinates":[[[130.626839,31.471377],[130.660946,31.467269],[130.537131,31.546085],[130.5369,31.541071],[130.624546,31.471961],[130.626839,31.471377]]]},"properties":{}}},
    {"code":9992522,"id":9087,"name":"笹貫","original_name":"笹貫","name_kana":"ささぬき","closed":false,"lat":31.539636,"lng":130.534047,"prefecture":46,"numbering":["I22"],"lines":[99925],"attr":"cool","postal_code":"891-0114","address":"鹿児島市小松原１","voronoi":{"type":"Feature","geometry":{"type":"Polygon","coordinates":[[[130.583447,31.481318],[130.519171,31.550368],[130.5369,31.541071],[130.624546,31.471961],[130.583447,31.481318]]]},"properties":{}}},
    {"code":9992523,"id":9088,"name":"上塩屋","original_name":"上塩屋","name_kana":"かみしおや","closed":false,"lat":31.534762,"lng":130.528811,"prefecture":46,"numbering":["I23"],"lines":[99925],"attr":"cool","postal_code":"891-0114","address":"鹿児島市小松原１","voronoi":{"type":"Feature","geometry":{"type":"Polygon","coordinates":[[[130.519171,31.550368],[130.583447,31.481318],[130.575138,31.482804],[130.561791,31.490978],[130.509568,31.551651],[130.514219,31.554365],[130.519171,31.550368]]]},"properties":{}}},
    {"code":9992524,"id":9089,"name":"谷山(鹿児島市交通局)","original_name":"谷山","name_kana":"たにやま","closed":false,"lat":31.530108,"lng":130.523404,"prefecture":46,"numbering":["I24"],"lines":[99925],"attr":"cool","postal_code":"891-0141","address":"鹿児島県鹿児島市谷山中央1丁目4127","voronoi":{"type":"Feature","geometry":{"type":"Polygon","coordinates":[[[130.537668,31.503671],[130.506639,31.550452],[130.509568,31.551651],[130.561791,31.490978],[130.537668,31.503671]]]},"properties":{}}}
  ]
}