{
  "code":99922,
  "id":"dcc033",
  "name":"熊本市電Ａ系統",
  "name_kana":"くまもとしでんえーけいとう",
  "station_size":26,
  "company_code":241,
  "closed":false,
  "station_list":[
    {"code":9992201,"id":"c2aa17","name":"田崎橋","original_name":"田崎橋","name_kana":"たさきばし","closed":false,"lat":32.785398,"lng":130.68866,"prefecture":43,"numbering":["1"],"lines":[99922],"attr":"eco","postal_code":"860-0047","address":"熊本市春日２丁目１０-５４地先","voronoi":{"type":"Feature","geometry":{"type":"Polygon","coordinates":[[[130.605778,32.793737],[130.685169,32.787906],[130.695995,32.783079],[130.693199,32.772211],[130.605778,32.793737]]]},"properties":{}}},
    {"code":9992202,"id":"3e1d5c","name":"二本木口","original_name":"二本木口","name_kana":"にほんぎぐち","closed":false,"lat":32.786986,"lng":130.689368,"prefecture":43,"numbering":["2"],"lines":[99922],"attr":"eco","postal_code":"860-0047","address":"熊本市春日２丁目９-９地先","voronoi":{"type":"Feature","geometry":{"type":"Polygon","coordinates":[[[130.695995,32.783079],[130.685169,32.787906],[130.688685,32.788367],[130.694401,32.787714],[130.696899,32.785444],[130.695995,32.783079]]]},"properties":{}}},
    {"code":9992203,"id":"26e5c4","name":"熊本駅前","original_name":"熊本駅前","name_kana":"くまもとえきまえ","closed":false,"lat":32.789559,"lng":130.689662,"prefecture":43,"numbering":["3"],"lines":[99922],"attr":"eco","postal_code":"860-0047","address":"熊本市春日１丁目１６-１４地先","voronoi":{"type":"Feature","geometry":{"type":"Polygon","coordinates":[[[130.690919,32.79308],[130.688685,32.788367],[130.694401,32.787714],[130.690919,32.79308]]]},"properties":{}}},
    {"code":9992204,"id":"cbf144","name":"祇園橋","original_name":"祇園橋","name_kana":"ぎおんばし","closed":false,"lat":32.792794,"lng":130.694647,"prefecture":43,"numbering":["4"],"lines":[99922],"attr":"eco","postal_code":"860-0041","address":"熊本県熊本市中央区細工町五丁目","voronoi":{"type":"Feature","geometry":{"type":"Polygon","coordinates":[[[130.69975,32.787702],[130.698418,32.79225],[130.690633,32.798232],[130.687704,32.799318],[130.690919,32.79308],[130.694401,32.787714],[130.696899,32.785444],[130.69975,32.787702]]]},"properties":{}}},
    {"code":9992205,"id":"0b1b27","name":"呉服町(熊本)","original_name":"呉服町","name_kana":"ごふくまち","closed":false,"lat":32.795753,"lng":130.696921,"prefecture":43,"numbering":["5"],"lines":[99922],"attr":"eco","postal_code":"860-0031","address":"熊本市魚屋町２丁目１３地先","voronoi":{"type":"Feature","geometry":{"type":"Polygon","coordinates":[[[130.690633,32.798232],[130.698418,32.79225],[130.699429,32.796628],[130.69754,32.797711],[130.690633,32.798232]]]},"properties":{}}},
    {"code":9992206,"id":"0a1931","name":"河原町(熊本)","original_name":"河原町","name_kana":"かわらまち","closed":false,"lat":32.794742,"lng":130.701299,"prefecture":43,"numbering":["6"],"lines":[99922],"attr":"eco","postal_code":"860-0023","address":"熊本市河原町７地先","voronoi":{"type":"Feature","geometry":{"type":"Polygon","coordinates":[[[130.69994,32.796899],[130.699429,32.796628],[130.698418,32.79225],[130.69975,32.787702],[130.705206,32.788629],[130.708409,32.792064],[130.706211,32.794065],[130.69994,32.796899]]]},"properties":{}}},
    {"code":9992207,"id":"2f9e10","name":"慶徳校前","original_name":"慶徳校前","name_kana":"けいとくこうまえ","closed":false,"lat":32.797304,"lng":130.702457,"prefecture":43,"numbering":["7"],"lines":[99922],"attr":"eco","postal_code":"860-0017","address":"熊本市練兵町７４地先","voronoi":{"type":"Feature","geometry":{"type":"Polygon","coordinates":[[[130.69994,32.796899],[130.700434,32.797804],[130.703689,32.798224],[130.706211,32.794065],[130.69994,32.796899]]]},"properties":{}}},
    {"code":9992208,"id":"fcd484","name":"辛島町","original_name":"辛島町","name_kana":"からしまちょう","closed":false,"lat":32.798891,"lng":130.705075,"prefecture":43,"numbering":["8"],"lines":[99922,99923],"attr":"eco","postal_code":"860-0803","address":"熊本市新市街７-１地先","voronoi":{"type":"Feature","geometry":{"type":"Polygon","coordinates":[[[130.703623,32.800312],[130.70917,32.7993],[130.709717,32.79872],[130.711693,32.794491],[130.711739,32.793641],[130.708409,32.792064],[130.706211,32.794065],[130.703689,32.798224],[130.703623,32.800312]]]},"properties":{}}},
    {"code":9992209,"id":"d7d72d","name":"花畑町","original_name":"花畑町","name_kana":"はなばたちょう","closed":false,"lat":32.801128,"lng":130.705483,"prefecture":43,"numbering":["9"],"lines":[99922,99923],"attr":"eco","postal_code":"860-0806","address":"熊本市花畑町１２-１地先","voronoi":{"type":"Feature","geometry":{"type":"Polygon","coordinates":[[[130.708898,32.799828],[130.702203,32.805452],[130.701479,32.803277],[130.703623,32.800312],[130.70917,32.7993],[130.708898,32.799828]]]},"properties":{}}},
    {"code":9992210,"id":"c828bf","name":"熊本城・市役所前","original_name":"熊本城・市役所前","name_kana":"くまもとじょう・しやくしょまえ","closed":false,"lat":32.802967,"lng":130.707028,"prefecture":43,"numbering":["10"],"lines":[99922,99923],"attr":"eco","postal_code":"860-0808","address":"熊本市手取本町１-１地先","voronoi":{"type":"Feature","geometry":{"type":"Polygon","coordinates":[[[130.702203,32.805452],[130.70237,32.807133],[130.703892,32.809216],[130.70563,32.810613],[130.707663,32.808502],[130.708898,32.799828],[130.702203,32.805452]]]},"properties":{}}},
    {"code":9992211,"id":"4dfd90","name":"通町筋","original_name":"通町筋","name_kana":"とおりちょうすじ","closed":false,"lat":32.803364,"lng":130.709817,"prefecture":43,"numbering":["11"],"lines":[99922,99923],"attr":"eco","postal_code":"860-0808","address":"熊本市手取本町４-５地先","voronoi":{"type":"Feature","geometry":{"type":"Polygon","coordinates":[[[130.709717,32.79872],[130.712201,32.805728],[130.707663,32.808502],[130.708898,32.799828],[130.70917,32.7993],[130.709717,32.79872]]]},"properties":{}}},
    {"code":9992212,"id":"d65073","name":"水道町","original_name":"水道町","name_kana":"すいどうちょう","closed":false,"lat":32.80239,"lng":130.712564,"prefecture":43,"numbering":["12"],"lines":[99922,99923],"attr":"eco","postal_code":"860-0808","address":"熊本市手取本町８地先","voronoi":{"type":"Feature","geometry":{"type":"Polygon","coordinates":[[[130.712201,32.805728],[130.709717,32.79872],[130.711693,32.794491],[130.71745,32.805203],[130.712201,32.805728]]]},"properties":{}}},
    {"code":9992213,"id":"2a17d1","name":"九品寺交差点","original_name":"九品寺交差点","name_kana":"くほんじこうさてん","closed":false,"lat":32.799576,"lng":130.7178,"prefecture":43,"numbering":["13"],"lines":[99922,99923],"attr":"eco","postal_code":"862-0976","address":"熊本市九品寺１丁目２-１１地先","voronoi":{"type":"Feature","geometry":{"type":"Polygon","coordinates":[[[130.71745,32.805203],[130.711693,32.794491],[130.711739,32.793641],[130.713685,32.792801],[130.725506,32.806062],[130.7262,32.809254],[130.725686,32.809238],[130.71745,32.805203]]]},"properties":{}}},
    {"code":9992214,"id":"904a19","name":"交通局前","original_name":"交通局前","name_kana":"こうつうきょくまえ","closed":false,"lat":32.797664,"lng":130.719945,"prefecture":43,"numbering":["14"],"lines":[99922,99923],"attr":"heat","postal_code":"862-0976","address":"熊本市九品寺２丁目３地先","voronoi":{"type":"Feature","geometry":{"type":"Polygon","coordinates":[[[130.713685,32.792801],[130.718168,32.789801],[130.725297,32.803131],[130.725506,32.806062],[130.713685,32.792801]]]},"properties":{}}},
    {"code":9992215,"id":"844b81","name":"味噌天神前","original_name":"味噌天神前","name_kana":"みそてんじんまえ","closed":false,"lat":32.795644,"lng":130.723722,"prefecture":43,"numbering":["15"],"lines":[99922,99923],"attr":"heat","postal_code":"862-0973","address":"熊本市大江本町６-６地先","voronoi":{"type":"Feature","geometry":{"type":"Polygon","coordinates":[[[130.718946,32.7889],[130.718168,32.789801],[130.725297,32.803131],[130.726701,32.796634],[130.726175,32.795806],[130.718946,32.7889]]]},"properties":{}}},
    {"code":9992216,"id":"7e89b9","name":"新水前寺駅前","original_name":"新水前寺駅前","name_kana":"しんすいぜんじえきまえ","closed":false,"lat":32.793516,"lng":130.727069,"prefecture":43,"numbering":["16"],"lines":[99922,99923],"attr":"heat","postal_code":"862-0949","address":"熊本市国府１丁目１１-２地先","voronoi":{"type":"Feature","geometry":{"type":"Polygon","coordinates":[[[130.726175,32.795806],[130.726833,32.790782],[130.729209,32.794629],[130.726701,32.796634],[130.726175,32.795806]]]},"properties":{}}},
    {"code":9992217,"id":"6447ba","name":"国府(熊本)","original_name":"国府","name_kana":"こくぶ","closed":false,"lat":32.792217,"lng":130.729172,"prefecture":43,"numbering":["17"],"lines":[99922,99923],"attr":"heat","postal_code":"862-0949","address":"熊本市国府１丁目２０-１地先","voronoi":{"type":"Feature","geometry":{"type":"Polygon","coordinates":[[[130.729209,32.794629],[130.726833,32.790782],[130.72343,32.78107],[130.723559,32.780748],[130.73296,32.794114],[130.729209,32.794629]]]},"properties":{}}},
    {"code":9992218,"id":"da9ad1","name":"水前寺公園","original_name":"水前寺公園","name_kana":"すいぜんじこうえん","closed":false,"lat":32.789908,"lng":130.732455,"prefecture":43,"numbering":["18"],"lines":[99922,99923],"attr":"heat","postal_code":"862-0941","address":"熊本市出水１丁目６-１地先","voronoi":{"type":"Feature","geometry":{"type":"Polygon","coordinates":[[[130.73296,32.794114],[130.723559,32.780748],[130.724716,32.775663],[130.738083,32.796026],[130.73296,32.794114]]]},"properties":{}}},
    {"code":9992219,"id":"ca3262","name":"市立体育館前","original_name":"市立体育館前","name_kana":"しりつたいいくかんまえ","closed":false,"lat":32.788429,"lng":130.734708,"prefecture":43,"numbering":["19"],"lines":[99922,99923],"attr":"heat","postal_code":"862-0941","address":"熊本市出水１丁目８-５地先","voronoi":{"type":"Feature","geometry":{"type":"Polygon","coordinates":[[[130.742462,32.798533],[130.738083,32.796026],[130.724716,32.775663],[130.725472,32.770317],[130.744438,32.797843],[130.742462,32.798533]]]},"properties":{}}},
    {"code":9992220,"id":"d8bb60","name":"商業高校前","original_name":"商業高校前","name_kana":"しょうぎょうこうこうまえ","closed":false,"lat":32.785398,"lng":130.739107,"prefecture":43,"numbering":["20"],"lines":[99922,99923],"attr":"heat","postal_code":"862-0955","address":"熊本市神水本町１-４４地先","voronoi":{"type":"Feature","geometry":{"type":"Polygon","coordinates":[[[130.725472,32.770317],[130.725554,32.76091],[130.743619,32.789647],[130.74592,32.797638],[130.744438,32.797843],[130.725472,32.770317]]]},"properties":{}}},
    {"code":9992221,"id":"c1d0cd","name":"八丁馬場","original_name":"八丁馬場","name_kana":"はっちょうばば","closed":false,"lat":32.783739,"lng":130.741746,"prefecture":43,"numbering":["21"],"lines":[99922,99923],"attr":"heat","postal_code":"862-0955","address":"熊本市神水本町１９-６地先","voronoi":{"type":"Feature","geometry":{"type":"Polygon","coordinates":[[[130.724794,32.744773],[130.725554,32.76091],[130.743619,32.789647],[130.742996,32.765888],[130.738417,32.742749],[130.734518,32.727099],[130.724958,32.741891],[130.724794,32.744773]]]},"properties":{}}},
    {"code":9992222,"id":"533878","name":"神水交差点","original_name":"神水交差点","name_kana":"くわみずこうさてん","closed":false,"lat":32.783649,"lng":130.74518,"prefecture":43,"numbering":["22"],"lines":[99922,99923],"attr":"cool","postal_code":"862-0955","address":"熊本市神水本町２１-２２地先","voronoi":{"type":"Feature","geometry":{"type":"Polygon","coordinates":[[[130.74592,32.797638],[130.743619,32.789647],[130.742996,32.765888],[130.752708,32.798251],[130.74592,32.797638]]]},"properties":{}}},
    {"code":9992223,"id":"0bd99b","name":"健軍校前","original_name":"健軍校前","name_kana":"けんぐんこうまえ","closed":false,"lat":32.781917,"lng":130.750952,"prefecture":43,"numbering":["23"],"lines":[99922,99923],"attr":"cool","postal_code":"862-0911","address":"熊本市健軍４丁目１３-２地先","voronoi":{"type":"Feature","geometry":{"type":"Polygon","coordinates":[[[130.738417,32.742749],[130.742996,32.765888],[130.752708,32.798251],[130.759981,32.8003],[130.738417,32.742749]]]},"properties":{}}},
    {"code":9992224,"id":"b195c3","name":"動植物園入口","original_name":"動植物園入口","name_kana":"どうしょくぶつえんいりぐち","closed":false,"lat":32.78051,"lng":130.754707,"prefecture":43,"numbering":["24"],"lines":[99922,99923],"attr":"cool","postal_code":"862-0908","address":"熊本市新生１丁目地先","voronoi":{"type":"Feature","geometry":{"type":"Polygon","coordinates":[[[130.736244,32.723585],[130.734518,32.727099],[130.738417,32.742749],[130.759981,32.8003],[130.763914,32.801837],[130.736244,32.723585]]]},"properties":{}}},
    {"code":9992225,"id":"747490","name":"健軍交番前","original_name":"健軍交番前","name_kana":"けんぐんこうばんまえ","closed":false,"lat":32.779463,"lng":130.757668,"prefecture":43,"numbering":["25"],"lines":[99922,99923],"attr":"cool","postal_code":"862-0908","address":"熊本市新生１丁目９-７地先","voronoi":{"type":"Feature","geometry":{"type":"Polygon","coordinates":[[[130.740017,32.715363],[130.736244,32.723585],[130.763914,32.801837],[130.766866,32.803228],[130.740017,32.715363]]]},"properties":{}}},
    {"code":9992226,"id":"26708c","name":"健軍町","original_name":"健軍町","name_kana":"けんぐんまち","closed":false,"lat":32.778381,"lng":130.761209,"prefecture":43,"numbering":["26"],"lines":[99922,99923],"attr":"cool","postal_code":"862-0903","address":"熊本市若葉１丁目２-５地先","voronoi":{"type":"Feature","geometry":{"type":"Polygon","coordinates":[[[130.831463,32.797782],[130.866525,32.772004],[130.878199,32.759637],[130.9191,32.693267],[130.933784,32.640627],[130.938835,32.615314],[130.939764,32.609772],[130.777885,32.670791],[130.769653,32.676709],[130.76011,32.68715],[130.740801,32.713523],[130.740017,32.715363],[130.766866,32.803228],[130.769237,32.804564],[130.788979,32.811262],[130.799357,32.809954],[130.812957,32.805587],[130.831463,32.797782]]]},"properties":{}}}
  ]
}