line_cd,company_cd,line_name,line_name_k,line_name_h,line_color_c,line_color_t,line_type,lon,lat,zoom,e_status,e_sort
1001,3,中央新幹線,チュウオウシンカンセン,中央新幹線,,,,137.493896484375,35.411438052435486,8,1,1001
1002,3,東海道新幹線,トウカイドウシンカンセン,東海道新幹線,,,,137.72148868198997,35.144121935482794,7,0,1002
1003,4,山陽新幹線,サンヨウシンカンセン,山陽新幹線,,,,133.14789611677998,34.41933769953404,7,0,1003
1004,2,東北新幹線,トウホクシンカンセン,東北新幹線,,,,140.76319219429,38.27426693928412,7,0,1004
1005,2,上越新幹線,ジョウエツシンカンセン,上越新幹線,,,,139.12148795051746,36.798564726932156,8,0,1005
1006,2,上越新幹線(ガーラ湯沢支線),ジョウエツシンカンセン,上越新幹線(ガーラ湯沢支線),,,,138.80325037829584,36.9428821124426,14,0,1006
1007,2,山形新幹線,ヤマガタシンカンセン,山形新幹線,,,,140.16847776150996,37.58820880985216,8,0,1007
1008,2,秋田新幹線,アキタシンカンセン,秋田新幹線,,,,140.36225377377502,37.75728895294477,7,0,1008
1009,2,北陸新幹線,ホクリクシンカンセン,北陸新幹線,,,,138.0356976762414,36.18598137398552,8,0,1009
1010,6,九州新幹線,キュウシュウシンカンセン,九州新幹線,,,,130.5768237942675,32.794280023118354,8,0,1010
1011,1,北海道新幹線,ホッカイドウシンカンセン,北海道新幹線,,,,140.64422607421875,42.094146370922736,7,0,1011
11101,1,JR函館本線(函館～長万部),ハコダテホンセン,JR函館本線(函館～長万部),,,,140.4833696755387,42.23981411231523,9,0,11101
11102,1,JR函館本線(長万部～小樽),ハコダテホンセン,JR函館本線(長万部～小樽),,,,140.64288780797756,42.919910231257624,9,0,11102
11103,1,JR函館本線(小樽～旭川),ハコダテホンセン,JR函館本線(小樽～旭川),,,,141.69791081566132,43.41509739716935,9,0,11103
11104,1,JR室蘭本線(長万部・室蘭～苫小牧),ムロランホンセン,JR室蘭本線(長万部・室蘭～苫小牧),,,,141.00639370749377,42.570716742880634,9,0,11104
11105,1,JR室蘭本線(苫小牧～岩見沢),ムロランホンセン,JR室蘭本線(苫小牧～岩見沢),,,,141.74449907924247,42.93841714361782,10,0,11105
11106,1,JR根室本線(滝川～新得),ネムロホンセン,JR根室本線(滝川～新得),,,,142.33553315885752,43.35975106210286,10,0,11106
11107,1,JR根室本線(新得～釧路),ネムロホンセン,JR根室本線(新得～釧路),,,,143.56474408569,42.965674701143044,9,0,11107
11108,1,花咲線,ハナサキセン,JR根室本線(釧路～根室),,,,145.06428821168254,43.127554624234754,9,0,11108
11109,1,JR千歳線,チトセセン,JR千歳線,,,,141.56756876161444,42.88585086761011,10,0,11109
11110,1,JR石勝線,セキショウセン,JR石勝線,,,,142.1208103432325,42.97760967295123,9,0,11110
11111,1,JR日高本線,ヒダカホンセン,JR日高本線,,,,142.18922814999996,42.43948997730969,9,0,11111
11112,1,JR札沼線,サッショウセン,JR札沼線,,,,141.6575100609375,43.33044877643186,10,0,11112
11113,1,JR留萌本線,ルモイホンセン,JR留萌本線,,,,141.76379195252093,43.84733116708823,10,0,11113
11114,1,JR富良野線,フラノセン,JR富良野線,,,,142.42933338107753,43.60983839136586,10,0,11114
11115,1,JR宗谷本線,ソウヤホンセン,JR宗谷本線,,,,142.22561395814,44.65872969562157,8,0,11115
11116,1,JR石北本線,セキホクホンセン,JR石北本線,,,,143.36294609598497,43.96138769857782,8,0,11116
11117,1,JR釧網本線,センモウホンセン,JR釧網本線,,,,144.43376556585247,43.52373901301899,9,0,11117
11118,1,JR海峡線,カイキョウセン,JR海峡線,,,,140.32904703906252,41.36657456566204,9,0,11118
11119,1,JR江差線,エサシセン,JR江差線,,,,140.4168208243981,41.77538189770945,10,2,11119
11201,2,JR東北本線(八戸～青森),トウホクホンセン,JR東北本線(八戸～青森),,,,141.14722775976566,40.69791852440822,10,2,11201
11202,2,JR奥羽本線(新庄～青森),オウウホンセン,JR奥羽本線(新庄～青森),,,,140.44271734754,39.922270662793785,8,0,11202
11231,2,JR東北本線(黒磯～利府・盛岡),トウホクホンセン,JR東北本線(黒磯～利府・盛岡),,,,140.8981248701275,38.46142403678101,8,0,11202
11203,2,はまなすベイライン大湊線,ハマナスベイラインオオミナトセン,JR大湊線,,,,141.2341888746413,41.07704832867053,10,0,11203
11204,2,JR五能線,ゴノウセン,JR五能線,,,,140.15359998564747,40.62248823623596,9,0,11204
11205,2,JR津軽線,ツガルセン,JR津軽線,,,,140.63796429123374,40.99724897538404,10,0,11205
11206,2,JR八戸線,ハチノヘセン,JR八戸線,,,,141.70193442265622,40.40264308249763,10,0,11206
11207,2,JR岩泉線,イワイズミセン,JR岩泉線,,,,141.7110906929231,39.75256666187472,11,2,11207
11208,2,ドラゴンレール大船渡線,ドラゴンレールオオフナトセン,JR大船渡線,,,,141.47242982203124,38.9616406875796,10,0,11208
11209,2,銀河ドリームライン釜石線,ギンガドリームラインカマイシセン,JR釜石線,,,,141.52791235221684,39.326364547483045,10,0,11209
11210,2,JR北上線,キタカミセン,JR北上線,,,,140.8466239225637,39.30471878961481,10,0,11210
11211,2,JR田沢湖線,タザワコセン,JR田沢湖線,,,,140.7685672041631,39.69344849769617,10,0,11211
11212,2,十和田八幡平四季彩ライン,トワダハチマンタイシキサイライン,JR花輪線,,,,140.84534883051435,40.13373142935388,10,0,11212
11213,2,JR山田線,ヤマダセン,JR山田線,,,,141.66678736171878,39.59692921568168,9,0,11213
11214,2,JR羽越本線,ウエツホンセン,JR羽越本線,,,,139.76178034192378,38.73294117260258,8,0,11214
11215,2,JR男鹿線,オガセン,JR男鹿線,,,,139.95867900531903,39.892399877361996,11,0,11215
11216,2,山形線,ヤマガタセン,JR奥羽本線(福島～新庄),,,,140.2833536760088,38.30771536001518,9,0,11216
11217,2,JR仙山線,センザンセン,JR仙山線,,,,140.59961861487568,38.31470034676915,10,0,11217
11218,2,フルーツライン左沢線,フルーツラインアテラザワセン,JR左沢線,,,,140.28080951725588,38.33565072948376,12,0,11218
11219,2,JR米坂線,ヨネサカセン,JR米坂線,,,,139.77035691874994,38.04498397385662,10,0,11219
11220,2,奥の細道最上川ライン,オクノホソミチモガミガワライン,JR陸羽西線,,,,140.09618463593756,38.75534124228886,10,0,11220
11221,2,奥の細道湯けむりライン,オクノホソミチユケムリライン,JR陸羽東線,,,,140.68130433846568,38.7300397194844,10,0,11221
11222,2,JR仙石線,センセキセン,JR仙石線,,,,141.0726418099182,38.36634215831958,11,0,11222
11223,2,JR石巻線,イシノマキセン,JR石巻線,,,,141.2522991796875,38.4868684902762,11,0,11223
11224,2,JR気仙沼線,ケセンヌマセン,JR気仙沼線,,,,141.4644575791475,38.696179754212224,10,0,11224
11225,2,JR磐越西線(郡山～会津若松),バンエツサイセン,JR磐越西線(郡山～会津若松),,,,140.13079052057628,37.51773392643219,10,0,11225
11226,2,森と水とロマンの鉄道,モリトミズトロマンノテツドウ,JR磐越西線(森と水とロマンの鉄道),,,,139.479249359375,37.686232458284735,9,0,11226
11227,2,JR只見線,タダミセン,JR只見線,,,,139.44780738877625,37.39176461731695,9,0,11227
11228,2,ゆうゆうあぶくまライン,ユウユウアブクマライン,JR磐越東線,,,,140.64261227539066,37.26977723900093,10,0,11228
11229,2,JR常磐線(取手～いわき),ジョウバンセン,JR常磐線(取手～いわき),,,,140.5188743525713,36.51900405922109,9,0,11229
11230,2,JR常磐線(いわき～仙台),ジョウバンセン,JR常磐線(いわき～仙台),,,,140.9334199303762,37.66155605255589,9,0,11230
11301,2,JR東海道本線(東京～熱海),トウカイドウホンセン,JR東海道本線(東京～熱海),,,,139.4302441326313,35.39507962341528,10,0,11301
11302,2,JR山手線,ヤマノテセン,JR山手線,,,,139.73522275686264,35.69302730762992,12,0,11302
11303,2,JR南武線,ナンブセン,JR南武線,,,,139.5621831285025,35.62126801796464,11,0,11303
11304,2,JR鶴見線,ツルミセン,JR鶴見線,,,,139.6973422022627,35.50322701541729,13,0,11304
11305,2,JR武蔵野線,ムサシノセン,JR武蔵野線,,,,139.70511311944188,35.80257707692299,10,0,11305
11306,2,JR横浜線,ヨコハマセン,JR横浜線,,,,139.4711185,35.56100410614944,11,0,11306
11307,2,JR根岸線,ネギシセン,JR根岸線,,,,139.59867881738285,35.414845593462225,12,0,11307
11308,2,JR横須賀線,ヨコスカセン,JR横須賀線,,,,139.64761859128498,35.48340539219034,10,0,11308
11309,2,JR相模線,サガミセン,JR相模線,,,,139.36780165863934,35.483174930602146,11,0,11309
11311,2,JR中央本線(東京～塩尻),チュウオウホンセン,JR中央本線(東京～塩尻),,,,138.61735796977746,35.77036733659977,9,0,11311
11312,2,JR中央線(快速),チュウオウセン,JR中央線(快速),,,,139.53798847265625,35.7001704211487,10,0,11312
11313,2,JR中央・総武線,チュウオウ・ソウブセン,JR中央・総武緩行線,,,,139.8371552268119,35.701641362335245,10,0,11313
11314,2,JR総武本線,ソウブホンセン,JR総武本線,,,,140.25466124558875,35.68790263001846,9,0,11314
11315,2,JR青梅線,オウメセン,JR青梅線,,,,139.2400413547656,35.782572650078514,11,0,11315
11316,2,JR五日市線,イツカイチセン,JR五日市線,,,,139.29165743387557,35.725830442825945,12,0,11316
11317,2,JR八高線(八王子～高麗川),ハチコウセン,JR八高線(八王子～高麗川),,,,139.33299376182276,35.78050242395001,11,0,11317
11318,2,JR八高線(高麗川～高崎),ハチコウセン,JR八高線(高麗川～高崎),,,,139.17965333593747,36.12104162150663,10,0,11318
11319,2,宇都宮線,ウツノミヤセン,JR東北本線,,,,139.8464030031987,36.379439240800785,9,0,11319
11320,2,JR常磐線(上野～取手),ジョウバンセン,JR常磐線(上野～取手),,,,139.92381250144126,35.8197193273695,11,0,11320
11321,2,JR埼京線,サイキョウセン,JR埼京線,,,,139.61820154055033,35.80319581571332,11,0,11321
11322,2,JR川越線,カワゴエセン,JR川越線,,,,139.46934263476567,35.90961045562882,11,0,11322
11323,2,JR高崎線,タカサキセン,JR高崎線,,,,139.45218074609375,36.09573564081418,9,0,11323
11324,2,JR外房線,ソトボウセン,JR外房線,,,,140.27983028045685,35.34873907407399,10,0,11324
11325,2,JR内房線,ウチボウセン,JR内房線,,,,139.94808075585934,35.29328826834759,9,0,11325
11326,2,JR京葉線,ケイヨウセン,JR京葉線,,,,139.9361100290787,35.643649620088546,11,0,11326
11327,2,JR成田線,ナリタセン,JR成田線,,,,140.37238841518,35.86276465962149,10,0,11327
11328,2,JR成田エクスプレス,ナリタエクスプレス,JR成田エクスプレス,,,,139.7571982434863,35.692120917755446,9,0,11328
11329,2,JR鹿島線,カシマセン,JR鹿島線,,,,140.56469727510876,35.942684415907046,12,0,11329
11330,2,JR久留里線,クルリセン,JR久留里線,,,,140.04649970912533,35.350677697393934,11,0,11330
11331,2,JR東金線,トウガネセン,JR東金線,,,,140.36805862753909,35.56232865844527,12,0,11331
11332,2,JR京浜東北線,ケイヒントウホクセン,JR京浜東北線,,,,139.6425120970631,35.63929555924292,10,0,11332
11333,2,JR湘南新宿ライン,ショウナンシンジュクライン,JR湘南新宿ライン,,,,139.62294366432627,35.65739974071942,10,0,11333
11343,2,上野東京ライン,ウエノトウキョウライン,上野東京ライン,,,,139.7721004486084,35.69745580725804,14,0,11333
11334,2,JR烏山線,カラスヤマセン,JR烏山線,,,,140.06497854492181,36.65874003350967,12,0,11334
11335,2,JR吾妻線,アヅマセン,JR吾妻線,,,,138.79130356098312,36.55204126285844,10,0,11335
11337,2,JR信越本線,シンエツホンセン,JR信越本線,,,,138.88077508398442,36.33038233956756,11,0,11337
11338,2,JR水郡線,スイグンセン,JR水郡線,,,,140.46215357133497,36.922047433178975,9,0,11338
11339,2,JR水戸線,ミトセン,JR水戸線,,,,140.05132073046877,36.33356508850502,10,0,11339
11340,2,JR日光線,ニッコウセン,JR日光線,,,,139.75294070367875,36.636143451156286,11,0,11340
11341,2,JR両毛線,リョウモウセン,JR両毛線,,,,139.3878799737738,36.35677394979145,10,0,11341
11342,2,JR上越線,ジョウエツセン,JR上越線,,,,138.8924192126725,36.91538659975816,9,0,11342
11401,2,八ヶ岳高原線,ヤツガダケコウゲンセン,JR小海線,,,,138.43948118176434,36.0916970903097,10,0,11401
11402,3,JR身延線,ミノブセン,JR身延線,,,,138.53239703334873,35.39216323856454,10,0,11402
11403,2,JR信越本線(篠ノ井～長野),シンエツホンセン,JR信越本線(篠ノ井～長野),,,,138.1598162697628,36.608595973876,12,0,11403
11404,2,JR信越本線(直江津～新潟),シンエツホンセン,JR信越本線(直江津～新潟),,,,138.75954524069743,37.51108174200138,9,0,11404
11405,4,JR北陸本線(富山～直江津),ホクリクホンセン,JR北陸本線(富山～直江津),,,,137.71850056770495,37.01500893103371,9,2,11405
11406,2,JR白新線,ハクシンセン,JR白新線,,,,139.19047126289058,37.92400720625345,11,0,11406
11407,2,JR飯山線,イイヤマセン,JR飯山線,,,,138.54173229090247,36.984460109833044,10,0,11407
11408,2,JR越後線,エチゴセン,JR越後線,,,,138.83400027539062,37.62674856772203,10,0,11408
11409,2,北アルプス線,キタアルプスセン,JR大糸線,,,,137.8735087168875,36.67612787325374,9,0,11409
11410,2,JR弥彦線,ヤヒコセン,JR弥彦線,,,,138.90443525195315,37.67331836340108,12,0,11410
11411,3,JR中央本線(名古屋～塩尻),チュウオウホンセン,JR中央本線(名古屋～塩尻),,,,137.46849197656252,35.66247110005526,9,0,11411
11412,2,JR篠ノ井線,シノノイセン,JR篠ノ井線,,,,138.01727743710944,36.38422475016289,10,0,11412
11413,3,JR飯田線(豊橋～天竜峡),イイダセン,JR飯田線(豊橋～天竜峡),,,,137.6689493601425,35.12564790559256,10,0,11413
11414,3,JR飯田線(天竜峡～辰野),イイダセン,JR飯田線(天竜峡～辰野),,,,137.89863526278498,35.75990218108237,10,0,11414
11415,4,JR北陸本線(米原～金沢),ホクリクホンセン,JR北陸本線(米原～金沢),,,,136.44251036385128,36.33393305788951,8,0,11415
11416,3,JR高山本線,タカヤマホンセン,JR高山本線,,,,137.1437386815494,36.035069783538795,9,0,11416
11417,4,JR城端線,ジョウハナセン,JR城端線,,,,136.96308006077538,36.64686112744874,11,0,11417
11418,4,JR氷見線,ヒミセン,JR氷見線,,,,137.01678700585944,36.806026512521186,12,0,11418
11419,4,JR七尾線,ナナオセン,JR七尾線,,,,136.79162707187504,36.88072240126652,10,0,11419
11420,4,敦賀港線,ツルガコウセン,JR北陸本線(敦賀～敦賀港),,,,136.07553333862302,35.65634920560603,14,2,11420
11421,4,九頭竜線,クズリュウセン,JR越美北線,,,,136.44131139538,35.99858408702135,10,0,11421
11422,4,JR小浜線,オバマセン,JR小浜線,,,,135.74181843293934,35.530155481603565,10,0,11422
11501,3,JR東海道本線(熱海～浜松),トウカイドウホンセン,JR東海道本線(熱海～浜松),,,,138.38880977711756,34.949097324956746,9,0,11501
11502,3,JR東海道本線(浜松～岐阜),トウカイドウホンセン,JR東海道本線(浜松～岐阜),,,,137.1291849678937,35.04642182848142,9,0,11502
11503,3,JR東海道本線(岐阜～美濃赤坂・米原),トウカイドウホンセン,JR東海道本線(岐阜～美濃赤坂・米原),,,,136.5281548346387,35.36362897450484,10,0,11503
11504,2,JR伊東線,イトウセン,JR伊東線,,,,139.06965506608412,35.047592333333,12,0,11504
11505,3,JR御殿場線,ゴテンバセン,JR御殿場線,,,,139.03314251228778,35.22246076820866,11,0,11505
11506,3,JR武豊線,タケトヨセン,JR武豊線,,,,136.9586884095703,34.93257926822995,12,0,11506
11507,3,JR太多線,タイタセン,JR太多線,,,,137.06259225390625,35.391158361729275,12,0,11507
11508,3,JR関西本線(名古屋～亀山),カンサイホンセン,JR関西本線(名古屋～亀山),,,,136.63931487543618,35.03333933439648,10,0,11508
11509,4,JR関西本線(亀山～加茂),カンサイホンセン,JR関西本線(亀山～加茂),,,,136.17498940495125,34.80143441666701,10,0,11509
11510,3,JR紀勢本線,キセイホンセン,JR紀勢本線,,,,136.28726192744557,34.321543953291645,9,0,11510
11511,4,JR草津線,クサツセン,JR草津線,,,,136.10452457989868,34.964585740522466,11,0,11511
11512,3,JR参宮線,サングウセン,JR参宮線,,,,136.69878007155808,34.495826004110725,11,0,11512
11513,3,JR名松線,メイショウセン,JR名松線,,,,136.38817526784192,34.60028531549939,11,0,11513
11601,4,琵琶湖線,ビワコセン,JR東海道本線(米原～京都),,,,136.0951368726562,35.11930882700303,10,0,11601
11602,4,京都線,キョウトセン,JR東海道本線(京都～大阪),,,,135.6248139121094,34.85192446304667,11,0,11602
11603,4,JR神戸線(大阪～神戸),コウベセン,JR東海道本線(大阪～神戸),,,,135.33472853125,34.72876179054988,11,0,11603
11605,4,JR湖西線,コセイセン,JR湖西線,,,,135.9648814007494,35.24644582567938,10,0,11605
11607,4,大和路線,ヤマトジセン,JR関西本線(加茂～ＪＲ難波),,,,135.67741585635565,34.650433785558754,11,0,11607
11608,4,JR神戸線(神戸～姫路),コウベセン,JR山陽本線(神戸～姫路),,,,134.9283386608638,34.71997139040552,10,0,11608
11609,4,JR山陽本線(姫路～岡山),サンヨウホンセン,JR山陽本線(姫路～岡山),,,,134.24621069356817,34.81352155727211,10,0,11609
11610,4,JR山陽本線(岡山～三原),サンヨウホンセン,JR山陽本線(岡山～三原),,,,133.56375767656255,34.52304140000002,10,0,11610
11611,4,JR山陽本線(三原～岩国),サンヨウホンセン,JR山陽本線(三原～岩国),,,,132.54979970851502,34.3865014014232,10,0,11611
11612,4,JR山陽本線(岩国～門司),サンヨウホンセン,JR山陽本線(岩国～門司),,,,131.60634280321005,34.07166445090378,9,0,11612
11613,4,JR山陽本線(兵庫～和田岬),サンヨウホンセン,JR山陽本線(兵庫～和田岬),,,,135.16794204760743,34.66577551629847,14,0,11613
11614,4,嵯峨野線,サガノセン,JR山陰本線(京都～園部),,,,135.6041556643263,35.053071042585806,11,0,11614
11615,4,JR山陰本線(園部～豊岡),サンインホンセン,JR山陰本線(園部～豊岡),,,,135.08868444921882,35.326094572618075,10,0,11615
11616,4,JR山陰本線(豊岡～米子),サンインホンセン,JR山陰本線(豊岡～米子),,,,134.02090215811245,35.52182860276672,9,0,11616
11617,4,学研都市線,ガッケントシセン,JR片町線,,,,135.69016458203123,34.75999839811898,11,0,11617
11618,4,奈良線,ナラセン,奈良線,,,,135.78643415866622,34.83402323095908,11,0,11618
11622,4,JR舞鶴線,マイヅルセン,JR舞鶴線,,,,135.27931377256505,35.36774423769479,11,0,11622
11623,4,大阪環状線,オオサカカンジョウセン,大阪環状線,,,,135.50218918654707,34.6815414311555,13,0,11623
11624,4,JRゆめ咲線,ユメサキセン,JR桜島線,,,,135.4474451865234,34.67404443238088,13,0,11624
11625,4,JR東西線,トウザイセン,JR東西線,,,,135.47296650254543,34.70792547579644,13,0,11625
11626,4,阪和線(天王寺～和歌山),ハンワセン,阪和線(天王寺～和歌山),,,,135.40119375346126,34.461540982279736,10,0,11626
11627,4,羽衣線,ハゴロモセン,阪和線(鳳～東羽衣),,,,135.44957737036134,34.53405856707458,14,0,11627
11628,4,JR関西空港線,カンサイクウコウセン,JR関西空港線,,,,135.28886841796873,34.415185002847146,12,0,11628
11629,4,JR宝塚線,タカラヅカセン,JR福知山線(新大阪～篠山口),,,,135.34443493104754,34.869892901767784,10,0,11629
11630,4,福知山線(篠山口～福知山),フクチヤマセン,福知山線(篠山口～福知山),,,,135.10557603593747,35.16077076962344,11,0,11630
11631,4,JR赤穂線,アコウセン,JR赤穂線,,,,134.19749321945756,34.74727447707276,10,0,11631
11632,4,JR加古川線,カコガワセン,JR加古川線,,,,134.95252260319342,34.937080097765715,11,0,11632
11633,4,JR姫新線(姫路～佐用),キシンセン,JR姫新線(姫路～佐用),,,,134.5265431282519,34.925861603836715,11,0,11633
11634,4,JR姫新線(佐用～新見),キシンセン,JR姫新線(佐用～新見),,,,133.88053953968756,35.05024080385127,10,0,11634
11635,4,JR播但線,バンタンセン,JR播但線,,,,134.76405417729814,35.11319295999237,10,0,11635
11636,4,JR和歌山線,ワカヤマセン,JR和歌山線,,,,135.55708161653308,34.36363683433038,10,0,11636
11637,4,万葉まほろば線,マンヨウマホロバセン,桜井線,,,,135.80071228557904,34.58068954514851,12,0,11637
11639,4,きのくに線,キノクニセン,JR紀勢本線(新宮～和歌山),,,,135.42717545992627,33.8318362763193,9,0,11639
11640,4,紀勢本線(和歌山～和歌山市),キセイホンセン,紀勢本線(和歌山～和歌山市),,,,135.17833371427741,34.23803306849786,14,0,11640
11641,4,おおさか東線,オオサカヒガシセン,おおさか東線,,,,135.57427154498737,34.6569679065075,13,0,11641
11701,4,JR山陰本線(米子～益田),サンインホンセン,JR山陰本線(米子～益田),,,,132.56106754653,35.207310237832765,9,0,11701
11702,4,JR山陰本線(益田～下関),サンインホンセン,JR山陰本線(益田～下関),,,,131.27266657109374,34.359406605350436,9,0,11702
11703,4,JR伯備線,ハクビセン,JR伯備線,,,,133.4956230323162,35.05328907628887,9,0,11703
11704,4,JR因美線,インビセン,JR因美線,,,,134.15001556289064,35.26468997449499,10,0,11704
11705,4,JR境線,サカイセン,JR境線,,,,133.26253975683596,35.48805798426352,12,0,11705
11706,4,JR木次線,キスキセン,JR木次線,,,,133.0214796323762,35.19925146242539,11,0,11706
11707,4,JR三江線,サンコウセン,JR三江線,,,,132.56298278822692,34.94301166412021,10,2,11707
11708,4,JR山口線,ヤマグチセン,JR山口線,,,,131.47348476743718,34.34664277172911,10,0,11708
11709,4,JR宇野線,ウノセン,JR宇野線,,,,133.91319936002935,34.575841133333,12,0,11709
11710,4,瀬戸大橋線,セトオオハシセン,JR本四備讃線,,,,133.80943996289056,34.45427589348771,11,0,11710
11713,4,JR吉備線,キビセン,JR吉備線,,,,133.82726757246087,34.681156069560714,12,0,11713
11714,4,JR芸備線,ゲイビセン,JR芸備線,,,,132.92164288638128,34.77393016298861,9,0,11714
11715,4,JR津山線,ツヤマセン,JR津山線,,,,133.92270229112876,34.89119811118178,10,0,11715
11716,4,JR呉線,クレセン,JR呉線,,,,132.77973932812506,34.38727695792693,10,0,11716
11717,4,JR可部線,カベセン,JR可部線,,,,132.47781461538,34.458222540776696,12,0,11717
11720,4,JR福塩線,フクエンセン,JR福塩線,,,,133.12978408112315,34.63826629435402,10,0,11720
11721,4,JR宇部線,ウベセン,JR宇部線,,,,131.30267582009435,34.01935294649804,11,0,11721
11722,4,JR美祢線,ミネセン,JR美祢線,,,,131.18069311027875,34.23328101840961,11,0,11722
11723,4,JR小野田線,オノダセン,JR小野田線,,,,131.19368612434562,33.97855544704834,12,0,11723
11724,4,JR岩徳線,ガントクセン,JR岩徳線,,,,132.05697608203127,34.093477630991565,11,0,11724
11801,5,JR土讃線,ドサンセン,JR土讃線,,,,133.5702572626775,33.76640013004784,9,0,11801
11802,5,JR高徳線,コウトクセン,JR高徳線,,,,134.3105839707688,34.249541132659736,10,0,11802
11803,5,よしの川ブルーライン,ヨシノガワブルーライン,JR徳島線,,,,134.15180845056943,34.04872232965597,10,0,11803
11804,5,JR牟岐線,ムギセン,JR牟岐線,,,,134.50842286054694,33.839964753816716,10,0,11804
11805,5,JR鳴門線,ナルトセン,JR鳴門線,,,,134.5684284179688,34.16377798184309,13,0,11805
11806,5,JR予讃線,ヨサンセン,JR予讃線,,,,133.36265926932253,34.1929917675124,9,0,11806
11807,5,JR予讃・内子線,ヨサン・ウチコセン,JR予讃・内子線,,,,132.58951682500003,33.55703537480217,10,0,11807
11808,5,しまんとグリーンライン,シマントグリーンライン,JR予土線,,,,132.82238446661745,33.232871923386135,10,0,11808
11901,4,JR博多南線,ハカタミナミセン,JR博多南線,,,,130.42880949999994,33.56485012227771,12,0,11901
11902,6,JR鹿児島本線(下関・門司港～博多),カゴシマホンセン,JR鹿児島本線(下関・門司港～博多),,,,130.6285375318413,33.836705421057076,10,0,11902
11903,6,JR鹿児島本線(博多～八代),カゴシマホンセン,JR鹿児島本線(博多～八代),,,,130.50630754953124,33.09244601820777,9,0,11903
11904,6,JR鹿児島本線(川内～鹿児島),カゴシマホンセン,JR鹿児島本線(川内～鹿児島),,,,130.36350199190565,31.653348264530063,10,0,11904
11905,6,JR長崎本線(鳥栖～長崎),ナガサキホンセン,JR長崎本線(鳥栖～長崎),,,,130.15215055841247,33.12136017057496,10,0,11905
11906,6,JR日豊本線(門司港～佐伯),ニッポウホンセン,JR日豊本線(門司港～佐伯),,,,131.3035515557325,33.554935307059374,9,0,11906
11907,6,JR日豊本線(佐伯～鹿児島中央),ニッポウホンセン,JR日豊本線(佐伯～鹿児島中央),,,,131.44721097991498,32.21697833588649,8,0,11907
11908,6,福北ゆたか線,フクホクユタカセン,JR篠栗線,,,,130.5327031627637,33.619909871589044,11,0,11908
11909,6,JR筑肥線(姪浜～西唐津),チクヒセン,JR筑肥線(姪浜～西唐津),,,,130.1294128359375,33.51164936612572,11,0,11909
11910,6,若松線,チクホウセン,JR筑豊本線(若松～折尾),,,,130.75212779362312,33.888220228939645,12,0,11910
11911,6,福北ゆたか線(折尾～桂川),フクホクユタカセン,JR筑豊本線(折尾～桂川),,,,130.70611418554688,33.73450091343945,11,0,11911
11912,6,原田線,ハルダセン,JR筑豊本線(桂川～原田),,,,130.60913221796875,33.52416440000002,12,0,11912
11913,6,ゆふ高原線,ユフコウゲンセン,JR久大本線,,,,131.03599494330876,33.26206230329554,9,0,11913
11914,6,JR日田彦山線,ヒタヒコサンセン,JR日田彦山線,,,,130.8729992288538,33.586902600797096,10,0,11914
11915,6,JR後藤寺線,ゴトウジセン,JR後藤寺線,,,,130.74314741536125,33.638942676083445,12,0,11915
11916,6,海の中道線,ウミノナカミチセン,JR香椎線(西戸崎～香椎),,,,130.40419308203127,33.67670942055951,12,0,11916
11917,6,JR香椎線(香椎～宇美),カシイセン,JR香椎線(香椎～宇美),,,,130.47290076761794,33.61956046230867,12,0,11917
11918,6,JR佐世保線,サセボセン,JR佐世保線,,,,129.93997025139936,33.188115656645586,11,0,11918
11920,6,JR筑肥線(西唐津～伊万里),チクヒセン,JR筑肥線(西唐津～伊万里),,,,129.93973570619562,33.37129522314017,11,0,11920
11921,6,JR唐津線,カラツセン,JR唐津線,,,,130.07740469824216,33.335442702008926,11,0,11921
11922,6,JR大村線,オオムラセン,JR大村線,,,,129.92142406400626,33.0016978478685,11,0,11922
11923,6,阿蘇高原線,アソコウゲンセン,JR豊肥本線,,,,131.26213019826753,33.017126643984355,9,0,11923
11924,6,三角線（あまくさみすみ線）,アマクサミスミセン,JR三角線,,,,130.5892981230469,32.69144960204074,11,0,11924
11925,6,えびの高原線(八代～吉松),エビノコウゲンセン,JR肥薩線(八代～吉松),,,,130.68331185135378,32.28699731526651,10,0,11925
11926,6,JR肥薩線(吉松～隼人),ヒサツセン,JR肥薩線(吉松～隼人),,,,130.7067464617187,31.890984289007562,11,0,11926
11927,6,JR宮崎空港線,ミヤザキクウコウセン,JR宮崎空港線,,,,131.4327622910156,31.895343146073063,13,0,11927
11928,6,JR日南線,ニチナンセン,JR日南線,,,,131.36265390204346,31.683576551144153,10,0,11928
11929,6,えびの高原線,エビノコウゲンセン,JR吉都線,,,,130.95640168416935,31.917243912644583,10,0,11929
11930,6,JR指宿枕崎線,イブスキマクラザキセン,JR指宿枕崎線,,,,130.50341089279618,31.359999553777016,10,0,11930
21001,11,東武東上線,トウブトウジョウセン,東武東上線,,,,139.4596378608162,35.92121867100334,10,0,21001
21002,11,東武伊勢崎線,トウブイセサキセン,東武伊勢崎線,,,,139.49934131661746,36.05676642458757,10,0,21002
21003,11,東武日光線,トウブニッコウセン,東武日光線,,,,139.69116016166254,36.44579740499201,9,0,21003
21004,11,東武野田線,トウブノダセン,東武野田線,,,,139.89191261825067,35.88791322003917,10,0,21004
21005,11,東武亀戸線,トウブカメイドセン,東武亀戸線,,,,139.8243467565918,35.707951515131064,14,0,21005
21006,11,東武大師線,トウブダイシセン,東武大師線,,,,139.78532285449216,35.77906122777852,15,0,21006
21007,11,東武越生線,トウブオゴセセン,東武越生線,,,,139.34262265478515,35.95321877096073,12,0,21007
21008,11,東武宇都宮線,トウブウツノミヤセン,東武宇都宮線,,,,139.81789435188466,36.4837902872465,12,0,21008
21009,11,東武鬼怒川線,トウブキヌガワセン,東武鬼怒川線,,,,139.70717357470699,36.798129745501264,12,0,21009
21010,11,東武佐野線,トウブサノセン,東武佐野線,,,,139.56805858144526,36.32886759844366,12,0,21010
21011,11,東武桐生線,トウブキリュウセン,東武桐生線,,,,139.32341258398435,36.36939670757345,12,0,21011
21012,11,東武小泉線,トウブコイズミセン,東武小泉線,,,,139.45065401063812,36.25658592696113,12,0,21012
22001,12,西武池袋線,セイブイケブクロセン,西武池袋線,,,,139.46789285918442,35.791261736068634,10,0,22001
22002,12,西武秩父線,セイブチチブセン,西武秩父線,,,,139.20473307155817,35.92170459623052,11,0,22002
22003,12,西武有楽町線,セイブユウラクチョウセン,西武有楽町線,,,,139.6675949841308,35.74040400298963,14,0,22003
22004,12,西武豊島線,セイブトシマセン,西武豊島線,,,,139.65151682275393,35.74004316669751,15,0,22004
22005,12,西武狭山線,セイブサヤマセン,西武狭山線,,,,139.43924865608392,35.779602472345594,14,0,22005
22006,12,レオライナー,レオライナー,西武山口線,,,,139.4314444179688,35.77056760911252,14,0,22006
22007,12,西武新宿線,セイブシンジュクセン,西武新宿線,,,,139.5308648735163,35.77694687107495,11,0,22007
22008,12,西武拝島線,セイブハイジマセン,西武拝島線,,,,139.41313556738282,35.73286470476111,12,0,22008
22009,12,西武西武園線,セイブセイブエンセン,西武西武園線,,,,139.45737150000002,35.76415058275417,14,0,22009
22010,12,西武国分寺線,セイブコクブンジセン,西武国分寺線,,,,139.46774104550786,35.73062820396875,13,0,22010
22011,12,西武多摩湖線,セイブタマコセン,西武多摩湖線,,,,139.46850918519954,35.7410481319452,13,0,22011
22012,12,西武多摩川線,セイブタマガワセン,西武多摩川線,,,,139.51353168782225,35.67702828078766,13,0,22012
23001,13,京成本線,ケイセイホンセン,京成本線,,,,140.07226251112684,35.72628886952884,10,0,23001
23002,13,京成押上線,ケイセイオシアゲセン,京成押上線,,,,139.84176579896905,35.737000349715125,13,0,23002
23003,13,京成金町線,ケイセイカナマチセン,京成金町線,,,,139.86858506876956,35.76122200631621,14,0,23003
23004,13,京成千葉線,ケイセイチバセン,京成千葉線,,,,140.0661342760742,35.65068344559281,12,0,23004
23005,13,京成千原線,ケイセイチハラセン,京成千原線,,,,140.14014244172847,35.57885231430836,12,0,23005
23006,13,成田スカイアクセス,ナリタスカイアクセス,京成成田空港線,,,,140.04557998117627,35.78347470166887,10,0,23006
24001,14,京王線,ケイオウセン,京王線,,,,139.53357685914875,35.67836429466227,11,0,24001
24002,14,京王相模原線,ケイオウサガミハラセン,京王相模原線,,,,139.4375162167969,35.625846999999986,12,0,24002
24003,14,京王高尾線,ケイオウタカオセン,京王高尾線,,,,139.3084367460283,35.64331590360225,13,0,24003
24004,14,京王競馬場線,ケイオウケイバジョウセン,京王競馬場線,,,,139.48962301586914,35.668945374044675,14,0,24004
24005,14,京王動物園線,ケイオウドウブツエンセン,京王動物園線,,,,139.40999162963863,35.657461750041946,14,0,24005
24006,14,京王井の頭線,ケイオウイノガシラセン,京王井の頭線,,,,139.63498783283308,35.67668499412642,12,0,24006
24007,14,京王新線,ケイオウシンセン,京王新線,,,,139.68525052070618,35.6804985281479,14,0,24007
25001,15,小田急線,オダキュウセン,小田急小田原線,,,,139.4347753931644,35.528535238628024,11,0,25001
25002,15,小田急江ノ島線,オダキュウエノシマセン,小田急江ノ島線,,,,139.44977550160377,35.43574809743092,11,0,25002
25003,15,小田急多摩線,オダキュウタマセン,小田急多摩線,,,,139.4602937407226,35.61945834974999,13,0,25003
26001,16,東急東横線,トウキュウトウヨコセン,東急東横線,,,,139.66832596832717,35.58608048810499,11,0,26001
26002,16,東急目黒線,トウキュウメグロセン,東急目黒線,,,,139.67835129424657,35.60375542918126,13,0,26002
26003,16,東急田園都市線,トウキュウデンエントシセン,東急田園都市線,,,,139.58465916941623,35.58324215005882,11,0,26003
26004,16,東急大井町線,トウキュウオオイマチセン,東急大井町線,,,,139.67537624870124,35.60702724307623,12,0,26004
26005,16,東急池上線,トウキュウイケガミセン,東急池上線,,,,139.70623944130853,35.593936510961086,13,0,26005
26006,16,東急多摩川線,トウキュウタマガワセン,東急多摩川線,,,,139.68743273015912,35.5724416406283,13,0,26006
26007,16,東急世田谷線,トウキュウセタガヤセン,東急世田谷線,,,,139.6525418613769,35.65319677988148,14,0,26007
26008,16,東急こどもの国線,トウキュウコドモノクニセン,東急こどもの国線,,,,139.4878590899218,35.54810975753719,14,0,26008
27001,17,京急本線,ケイキュウホンセン,京急本線,,,,139.66542155593754,35.470013165246186,10,0,27001
27002,17,京急空港線,ケイキュウクウコウセン,京急空港線,,,,139.74978371429006,35.5550012530646,13,0,27002
27003,17,京急大師線,ケイキュウダイシセン,京急大師線,,,,139.7232999893988,35.53569049987193,14,0,27003
27004,17,京急逗子線,ケイキュウズシセン,京急逗子線,,,,139.59885124072264,35.31470434848573,13,0,27004
27005,17,京急久里浜線,ケイキュウクリハマセン,京急久里浜線,,,,139.66828232270188,35.228707904602416,12,0,27005
28001,18,東京メトロ銀座線,ギンザセン,東京メトロ銀座線,F7931D,オレンジ,,139.75720810526002,35.686460950459086,13,0,28001
28002,18,東京メトロ丸ノ内線,マルノウチセン,東京メトロ丸ノ内線,E60012,レッド,,139.70043660044496,35.70518513577206,12,0,28002
28003,18,東京メトロ日比谷線,ヒビヤセン,東京メトロ日比谷線,89A1AD,シルバー,,139.76790012172296,35.69469233873322,12,0,28003
28004,18,東京メトロ東西線,トウザイセン,東京メトロ東西線,00A7DB,スカイブルー,,139.8154913497142,35.68326532976152,11,0,28004
28005,18,東京メトロ千代田線,チヨダセン,東京メトロ千代田線,009933,グリーン,,139.7558611955078,35.723011671551085,12,0,28005
28006,18,東京メトロ有楽町線,ユウラクチョウセン,東京メトロ有楽町線,C5C544,ゴールド,,139.70420434309563,35.73316551916096,11,0,28006
28008,18,東京メトロ半蔵門線,ハンゾウモンセン,東京メトロ半蔵門線,A757A8,パープル,,139.76522714815565,35.68813210626038,12,0,28008
28009,18,東京メトロ南北線,ナンボクセン,東京メトロ南北線,00ADA9,エメラルド,,139.73433187075705,35.71029971840751,12,0,28009
28010,18,東京メトロ副都心線,フクトシンセン,東京メトロ副都心線,BB6633,ブラウン,,139.686663477539,35.731442005432505,12,0,28010
29001,19,相鉄本線,ソウテツホンセン,相鉄本線,,,,139.50914329350906,35.46560374998008,11,0,29001
29002,19,相鉄いずみ野線,ソウテツイズミノセン,相鉄いずみ野線,,,,139.49649288818364,35.431541345897735,13,0,29002
29003,19,相鉄・JR直通線,ソウテツ・ジェイアールチョクツウセン,相鉄新横浜線,,,,139.49649288818364,35.431541345897735,13,0,29003
30001,20,名鉄名古屋本線,メイテツナゴヤホンセン,名鉄名古屋本線,,,,137.0464890930956,35.09024465530144,10,0,30001
30002,20,名鉄豊川線,メイテツトヨカワセン,名鉄豊川線,,,,137.36208428144528,34.82916687204688,13,0,30002
30003,20,名鉄西尾線,メイテツニシオセン,名鉄西尾線,,,,137.0757899990234,34.89567964566029,11,0,30003
30004,20,名鉄蒲郡線,メイテツガマゴオリセン,名鉄蒲郡線,,,,137.1490534628906,34.8301550839259,12,0,30004
30005,20,名鉄三河線,メイテツミカワセン,名鉄三河線,,,,137.03974462461656,35.0278917979405,11,0,30005
30006,20,名鉄豊田線,メイテツトヨタセン,名鉄豊田線,,,,137.09495931738275,35.12029623536202,12,0,30006
30007,20,名鉄空港線,メイテツクウコウセン,名鉄空港線,,,,136.82754263493166,34.87838958925191,13,0,30007
30008,20,名鉄常滑線,メイテツトコナメセン,名鉄常滑線,,,,136.87202090129438,35.052184094597166,11,0,30008
30009,20,名鉄河和線,メイテツコウワセン,名鉄河和線,,,,136.9060465819406,34.92375177491229,11,0,30009
30010,20,名鉄知多新線,メイテツチタシンセン,名鉄知多新線,,,,136.88079230957032,34.80481607911712,12,0,30010
30011,20,名鉄築港線,メイテツチッコウセン,名鉄築港線,,,,136.90566317724608,35.0918767965234,14,0,30011
30012,20,名鉄瀬戸線,メイテツセトセン,名鉄瀬戸線,,,,136.9925432820312,35.20783035224851,11,0,30012
30013,20,名鉄津島線,メイテツツシマセン,名鉄津島線,,,,136.7781820224609,35.198356309027695,12,0,30013
30014,20,名鉄尾西線,メイテツビサイセン,名鉄尾西線,,,,136.74435732434654,35.243666720392035,11,0,30014
30015,20,名鉄犬山線,メイテツイヌヤマセン,名鉄犬山線,,,,136.8898647269532,35.31165711367206,11,0,30015
30016,20,名鉄各務原線,メイテツカカミガハラセン,名鉄各務原線,,,,136.85325381483733,35.403204284488105,12,0,30016
30017,20,名鉄広見線,メイテツヒロミセン,名鉄広見線,,,,137.02897624906325,35.417841533605575,12,0,30017
30018,20,名鉄小牧線,メイテツコマキセン,名鉄小牧線,,,,136.93961329366346,35.296313523646894,12,0,30018
30019,20,犬山モノレール,イヌヤマモノレール,名鉄モンキーパークモノレール線,,,,136.9511614973585,35.39061782333852,15,2,30019
30020,20,名鉄竹鼻線,メイテツタケハナセン,名鉄竹鼻線,,,,136.73250305295255,35.349351079860924,13,0,30020
30021,20,名鉄羽島線,メイテツハシマセン,名鉄羽島線,,,,136.693134,35.314049762389665,14,0,30021
31001,21,近鉄難波線,キンテツナンバセン,近鉄難波線,,,,135.52715820898436,34.663363778757,12,0,31001
31002,21,近鉄橿原線,キンテツカシハラセン,近鉄橿原線,,,,135.78551050388046,34.59665269430807,11,0,31002
31003,21,近鉄南大阪線,キンテツミナミオオサカセン,近鉄南大阪線,,,,135.65305195786686,34.57245204572051,11,0,31003
31004,21,近鉄養老線,キンテツヨウロウセン,近鉄養老線,,,,136.63201242347122,35.2592322194577,10,2,31004
31005,21,近鉄大阪線,キンテツオオサカセン,近鉄大阪線,,,,135.8720539759081,34.61556505000011,10,0,31005
31006,21,近鉄伊賀線,キンテツイガセン,近鉄伊賀線,,,,136.13928274337047,34.733360528717526,12,2,31006
31007,21,近鉄吉野線,キンテツヨシノセン,近鉄吉野線,,,,135.79450404101567,34.429439678711276,12,0,31007
31008,21,近鉄湯の山線,キンテツユノヤマセン,近鉄湯の山線,,,,136.54436416347653,34.99419291150193,12,0,31008
31009,21,近鉄山田線,キンテツヤマダセン,近鉄山田線,,,,136.5903377935225,34.569800408478365,11,0,31009
31010,21,近鉄鳥羽線,キンテツトバセン,近鉄鳥羽線,,,,136.77274584550787,34.48381020039476,12,0,31010
31011,21,近鉄天理線,キンテツテンリセン,近鉄天理線,,,,135.8037012407226,34.602762999999996,13,0,31011
31012,21,近鉄道明寺線,キンテツドウミョウジセン,近鉄道明寺線,,,,135.6220293597853,34.58011802058419,14,0,31012
31013,247,内部線,ウツベセン,内部線,,,,136.60513649804693,34.94951463470304,13,0,31013
31014,247,八王子線,ハチオウジセン,八王子線,,,,136.60779761376955,34.95820818544188,14,0,31014
31015,21,近鉄志摩線,キンテツシマセン,近鉄志摩線,,,,136.8269031044922,34.40319761450657,11,0,31015
31016,21,近鉄生駒線,キンテツイコマセン,近鉄生駒線,,,,135.70291861506826,34.65409575465715,13,0,31016
31017,21,近鉄田原本線,キンテツタワラモトセン,近鉄田原本線,,,,135.7435140383301,34.57463758454634,13,0,31017
31018,21,近鉄御所線,キンテツゴセセン,近鉄御所線,,,,135.72487327246097,34.48800185298248,13,0,31018
31019,21,近鉄鈴鹿線,キンテツスズカセン,近鉄鈴鹿線,,,,136.5827957820312,34.877984989431155,13,0,31019
31020,21,近鉄奈良線,キンテツナラセン,近鉄奈良線,,,,135.6903788327519,34.68769268005339,11,0,31020
31021,21,近鉄信貴線,キンテツシギセン,近鉄信貴線,,,,135.63263404760744,34.62506251662149,14,0,31021
31022,21,近鉄長野線,キンテツナガノセン,近鉄長野線,,,,135.59867586181645,34.50049474841641,12,0,31022
31023,21,近鉄けいはんな線,キンテツケイハンナセン,近鉄けいはんな線,,,,135.67586383007813,34.69894594010989,12,0,31023
31024,21,西信貴ケーブル,ニシシギケーブル,近鉄西信貴鋼索線,,,,135.64795600000002,34.61767062824505,15,0,31024
31025,21,近鉄京都線,キンテツキョウトセン,近鉄京都線,,,,135.78559927915592,34.85398932929531,11,0,31025
31026,21,生駒ケーブル,イコマケーブル,近鉄生駒鋼索線,,,,135.68880395239262,34.6858188007975,14,0,31026
31027,21,近鉄名古屋線,キンテツナゴヤセン,近鉄名古屋線,,,,136.6438729678631,34.94306110501113,10,0,31027
32001,22,南海本線,ナンカイホンセン,南海本線,,,,135.36203065520124,34.49540979409339,10,0,32001
32002,22,南海空港線,ナンカイクウコウセン,南海空港線,,,,135.2840674179688,34.423067923727004,12,0,32002
32003,22,南海和歌山港線,ナンカイワカヤマコウセン,南海和歌山港線,,,,135.1551397089844,34.23138085531331,13,0,32003
32004,22,南海高師浜線,ナンカイタカシノハマセン,南海高師浜線,,,,135.43873427514654,34.53069292333956,15,0,32004
32005,22,南海加太線,ナンカイカダセン,南海加太線,,,,135.1256245132356,34.26437499220276,12,0,32005
32006,22,南海多奈川線,ナンカイタナガワセン,南海多奈川線,,,,135.14480431347658,34.31836786223378,14,0,32006
32007,22,南海高野線,ナンカイコウヤセン,南海高野線,,,,135.54327309524,34.465338529446896,9,0,32007
32008,22,南海高野山ケーブル,ナンカイコウヤサンケーブル,南海高野山ケーブル,,,,135.5799343306885,34.231566237600404,15,0,32008
32009,22,南海汐見橋線,ナンカイシオミバシセン,南海汐見橋線,,,,135.4864026878222,34.6483515937348,13,0,32009
33001,23,京阪本線,ケイハンホンセン,京阪本線,,,,135.67056437574502,34.84957679442569,10,0,33001
33002,23,京阪宇治線,ケイハンウジセン,京阪宇治線,,,,135.78688991796878,34.91898737500002,13,0,33002
33003,23,京阪交野線,ケイハンカタノセン,京阪交野線,,,,135.66786864086907,34.79400315604697,13,0,33003
33004,23,京阪鴨東線,ケイハンオウトウセン,京阪鴨東線,,,,135.77218700529306,35.02313233660681,14,0,33004
33005,23,石清水八幡宮参道ケーブル,イワシミズハチマングウサンドウケーブル,京阪鋼索線,,,,135.69970633862306,34.883348860758936,16,0,33005
33006,23,京阪石山坂本線,ケイハンイシヤマサカモトセン,京阪石山坂本線,,,,135.87368751320878,35.02135481042166,12,0,33006
33007,23,京阪京津線,ケイハンケイシンセン,京阪京津線,,,,135.83517567194053,35.00559947799588,13,0,33007
33008,23,京阪中之島線,ケイハンナカノシマセン,京阪中之島線,,,,135.50042809311526,34.69339585417953,14,0,33008
34001,24,阪急神戸本線,ハンキュウコウベホンセン,阪急神戸本線,,,,135.3535624765625,34.7358189257025,11,0,34001
34002,24,阪急宝塚本線,ハンキュウタカラヅカホンセン,阪急宝塚本線,,,,135.43434710526003,34.78606113792225,12,0,34002
34003,24,阪急京都本線,ハンキュウキョウトホンセン,阪急京都本線,,,,135.6107341268837,34.86050585185201,10,0,34003
34004,24,阪急今津線,ハンキュウイマヅセン,阪急今津線,,,,135.35466527514654,34.7706920461437,13,0,34004
34005,24,阪急甲陽線,ハンキュウコウヨウセン,阪急甲陽線,,,,135.3287615079346,34.752838687945605,14,0,34005
34006,24,阪急伊丹線,ハンキュウイタミセン,阪急伊丹線,,,,135.41460476586917,34.77006123301063,14,0,34006
34007,24,阪急箕面線,ハンキュウミノオセン,阪急箕面線,,,,135.460215661377,34.822978505690116,14,0,34007
34008,24,阪急千里線,ハンキュウセンリセン,阪急千里線,,,,135.5133936546556,34.77089106011369,12,0,34008
34009,24,阪急嵐山線,ハンキュウアラシヤマセン,阪急嵐山線,,,,135.69109537036138,34.9964984899299,14,0,34009
35001,25,阪神本線,ハンシンホンセン,阪神本線,,,,135.33881453343565,34.72713808988933,11,0,35001
35002,25,阪神なんば線,ハンシンナンバセン,阪神なんば線,,,,135.45421802017404,34.694375856270945,13,0,35002
35003,25,阪神武庫川線,ハンシンムコガワセン,阪神武庫川線,,,,135.37922457275386,34.71224332796686,15,0,35003
36001,26,西鉄天神大牟田線,ニシテツテンジンオオムタセン,西鉄天神大牟田線,,,,130.469530100445,33.33736616073844,10,0,36001
36002,26,西鉄太宰府線,ニシテツダザイフセン,西鉄太宰府線,,,,130.52547098942387,33.51078066666702,14,0,36002
36003,26,西鉄甘木線,ニシテツアマギセン,西鉄甘木線,,,,130.60003945768563,33.37457969825719,12,0,36003
36004,26,西鉄貝塚線,ニシテツカイヅカセン,西鉄貝塚線,,,,130.4465090625,33.71197663033313,12,0,36004
99101,101,札幌市営地下鉄東西線,サッポロシエイチカテツトウザイセン,札幌市営地下鉄東西線,,,,141.37728389701988,43.056549405485214,11,0,99101
99102,101,札幌市営地下鉄南北線,サッポロシエイチカテツトナンボクセン,札幌市営地下鉄南北線,,,,141.34333221386714,43.06454353902905,12,0,99102
99103,101,札幌市営地下鉄東豊線,サッポロシエイチカテツトウホウセン,札幌市営地下鉄東豊線,,,,141.37309843652338,43.071952122475835,12,0,99103
99104,101,札幌市電山鼻線,サッポロシデンヤマハナセン,札幌市電山鼻線,,,,141.3441982951431,43.046839819187596,14,0,99104
99105,102,函館市電２系統,ハコダテシデンニケイトウ,函館市電２系統,,,,140.74738524246607,41.78054065694651,13,0,99105
99106,102,函館市電５系統,ハコダテシデンゴケイトウ,函館市電５系統,,,,140.74372620057875,41.779569127970504,13,0,99106
99107,103,ふるさと銀河線,フルサトギンガセン,北海道ちほく高原鉄道ふるさと銀河線,,,,143.640036126425,43.42292394680052,9,2,99107
99108,248,道南いさりび鉄道線,ドウナンイサリビテツドウセン,道南いさりび鉄道線,,,,140.5858612060547,41.72930517452587,11,0,99108
99201,104,津軽鉄道線,ツガルテツドウセン,津軽鉄道線,,,,140.4475315462206,40.89185142491711,11,0,99201
99202,105,弘南鉄道弘南線,コウナンテツドウコウナンセン,弘南鉄道弘南線,,,,140.54871349870132,40.61175481671139,12,0,99202
99203,105,弘南鉄道大鰐線,コウナンテツドウオオワニセン,弘南鉄道大鰐線,,,,140.50905324072266,40.56021151959357,12,0,99203
99204,106,十和田観光電鉄,トワダカンコウデンテツ,十和田観光電鉄,,,,141.2927016740075,40.64340822784739,12,2,99204
99205,107,いわて銀河鉄道線,イワテギンガテツドウセン,いわて銀河鉄道線,,,,141.1880520152763,40.04965780485645,10,0,99205
99206,108,青い森鉄道線,アオイモリテツドウセン,青い森鉄道線,,,,141.05217915069193,40.663221607630064,9,0,99206
99207,109,三陸鉄道北リアス線,サンリクテツドウキタリアスセン,三陸鉄道北リアス線,,,,141.85979926757818,39.91336094280288,10,2,99207
99208,109,三陸鉄道リアス線,サンリクテツドウリアスセン,三陸鉄道リアス線,,,,141.8071144449218,39.68226415362109,9,0,99208
99209,110,秋田内陸線,アキタナイリクセン,秋田内陸縦貫鉄道秋田内陸線,,,,140.46893411024814,39.91759531305777,10,0,99209
99210,111,鳥海山ろく線,チョウカイサンロクセン,由利高原鉄道鳥海山ろく線,,,,140.0943787923144,39.315005300556045,11,0,99210
99211,112,フラワー長井線,ヤマガタテツドウフラワーナガイセン,山形鉄道フラワー長井線,,,,140.0824240402137,38.12608278856645,12,0,99211
99212,113,くりはら田園鉄道線,クリハラデンエンテツドウセン,くりはら田園鉄道線,,,,141.03326683593752,38.81574934992097,11,2,99212
99213,114,阿武隈急行線,アブクマキュウコウセン,阿武隈急行線,,,,140.66291748632807,37.91917559631477,11,0,99213
99214,115,仙台市営地下鉄南北線,センダイシエイチカテツナンボクセン,仙台市営地下鉄南北線,,,,140.87999335138784,38.27625168030136,12,0,99214
99218,115,仙台市営地下鉄東西線,センダイシエイチカテツトウザイセン,仙台市営地下鉄東西線,,,,140.88815689086914,38.26109769288554,12,0,99214
99215,116,福島交通飯坂線,フクシマシエイコウツウイイザカセン,福島交通飯坂線,,,,140.45316386247077,37.795161572067784,13,0,99215
99216,117,会津鉄道会津線,アイヅテツドウアイヅセン,会津鉄道会津線,,,,139.8480479682869,37.2867595144806,10,0,99216
99217,118,仙台空港線,センダイクウコウセン,仙台空港鉄道仙台空港線,,,,140.90579885449222,38.161795240604704,13,0,99217
99301,119,都営大江戸線,トエイオオエドセン,都営大江戸線,,,,139.7137041757577,35.707546227112374,12,0,99301
99302,119,都営浅草線,トエイアサクサセン,都営浅草線,,,,139.75860382724613,35.66226194441651,12,0,99302
99303,119,都営三田線,トエイミタセン,都営三田線,,,,139.7032176242069,35.71883584494032,12,0,99303
99304,119,都営新宿線,トエイシンジュクセン,都営新宿線,,,,139.80940398416863,35.689174794941536,11,0,99304
99305,119,都電荒川線,トデンアラカワセン,都営都電荒川線,,,,139.74861502275394,35.73501692578009,13,0,99305
99342,119,日暮里・舎人ライナー,ニッポリ・トネリライナー,日暮里・舎人ライナー,,,,139.76949647740912,35.781825686122055,12,0,99305
99306,120,秩父鉄道秩父本線,チチブテツドウチチブホンセン,秩父鉄道秩父本線,,,,139.20681388130436,36.10099529539957,10,0,99306
99307,121,埼玉高速鉄道線,サイタマコウソクテツドウセン,埼玉高速鉄道線,,,,139.72701598339847,35.842332681291396,12,0,99307
99308,122,いすみ線,イスミセン,いすみ鉄道いすみ線,,,,140.29133946832712,35.26741095082192,12,0,99308
99309,123,つくばエクスプレス,ツクバエクスプレス,首都圏新都市鉄道つくばエクスプレス,,,,139.93750930625004,35.90577190655734,10,0,99309
99310,124,みなとみらい線,ミナトミライセン,みなとみらい21線,,,,139.63609880159174,35.45568263801604,14,0,99310
99311,125,ゆりかもめ,ユリカモメ,ゆりかもめ東京臨海新交通臨海線,,,,139.77494982373048,35.64286984685855,13,0,99311
99312,126,わたらせ渓谷線,ワタラセケイコクセン,わたらせ渓谷鐵道わたらせ渓谷線,,,,139.35075580181933,36.533240247884144,11,0,99312
99313,127,ユーカリが丘線,ユーガリガオカセン,山万ユーカリが丘線,,,,140.15304849735844,35.73088307487995,15,0,99313
99314,128,伊豆箱根鉄道大雄山線,イズハコネテツドウダイユウザンセン,伊豆箱根鉄道大雄山線,,,,139.1309474192675,35.289398083333005,13,0,99314
99315,129,ひたちなか海浜鉄道湊線,ヒタチナカカイヒンテツドウミナトセン,ひたちなか海浜鉄道湊線,,,,140.5729551640104,36.37147622741153,12,0,99315
99316,130,ブルーライン,ブルーライン,横浜市高速鉄道1号線・3号線,,,,139.5514822958985,35.487767502140734,11,0,99316
99343,130,グリーンライン,グリーンライン,横浜市高速鉄道4号線,,,,139.58693689521488,35.54724579840772,13,0,99316
99317,131,金沢シーサイドライン,カナザワシーサイドライン,横浜新都市交通金沢シーサイドライン,,,,139.63114433063186,35.36215674895553,13,0,99317
99318,132,関東鉄道常総線,カントウテツドウジョウソウセン,関東鉄道常総線,,,,139.99013930492185,36.119885050384916,10,0,99318
99319,132,関東鉄道竜ヶ崎線,カントウテツドウリュウガサキセン,関東鉄道竜ヶ崎線,,,,140.1573066931153,35.91893164719257,13,0,99319
99320,133,江ノ島電鉄線,エノシマデンテツセン,江ノ島電鉄線,,,,139.5124071047851,35.32608820262835,13,0,99320
99321,134,ニューシャトル,ニューシャトル,埼玉新都市交通伊奈線,,,,139.6162807708505,35.96269513473074,12,0,99321
99322,135,鹿島鉄道線,カシマテツドウセン,鹿島鉄道線,,,,140.39112930413762,36.158972272735895,12,2,99322
99323,136,鹿島臨海鉄道大洗鹿島線,カシマリンカイテツドウオオアライカシマセン,鹿島臨海鉄道大洗鹿島線,,,,140.54283357226564,36.18730568179128,10,0,99323
99324,137,芝山鉄道線,シバヤマテツドウセン,芝山鉄道線,,,,140.39236169311528,35.7635624338256,14,0,99324
99325,138,小湊鉄道線,コミナトテツドウセン,小湊鉄道線,,,,140.12739861631496,35.395848485771744,11,0,99325
99326,139,湘南モノレール,ショウナンモノレール,湘南モノレール,,,,139.51024462500004,35.332232488316016,13,0,99326
99327,140,上信電鉄,ジョウシンデンテツ,上信電鉄,,,,138.91563430781252,36.26619008152531,11,0,99327
99328,141,上毛電気鉄道上毛線,ジョウモウデンキテツドウジョウモウセン,上毛電気鉄道上毛線,,,,139.1911682539062,36.41704837902681,11,0,99328
99329,142,新京成線,シンケイセイセン,新京成電鉄新京成線,,,,139.97042634374998,35.759050705693504,12,0,99329
99330,143,真岡鐵道真岡線,モオカテツドウモオカセン,真岡鐵道真岡線,,,,140.04268148610186,36.44502032664948,11,0,99330
99331,144,千葉都市モノレール１号線,チバトシモノレールイチゴウセン,千葉都市モノレール１号線,,,,140.1131078677198,35.60826509181115,14,0,99331
99332,144,千葉都市モノレール２号線,チバトシモノレールニゴウセン,千葉都市モノレール２号線,,,,140.14108576680428,35.62639176639854,13,0,99332
99333,145,流鉄流山線,リュウテツナガレヤマセン,流鉄流山線,,,,139.91199264550778,35.83792664205616,13,0,99333
99334,146,多摩モノレール,タマモノレール,多摩都市モノレール線,,,,139.42169850770813,35.69743141486103,12,0,99334
99335,147,銚子電鉄線,チョウシデンテツセン,銚子電気鉄道線,,,,140.84740317246087,35.71912821238162,13,0,99335
99336,148,東京モノレール,トウキョウモノレール,東京モノレール羽田空港線,,,,139.76328619095784,35.59102280877391,12,0,99336
99337,149,りんかい線,リンカイセン,東京臨海高速鉄道りんかい線,,,,139.7661296428223,35.62373301157322,13,0,99337
99338,150,東葉高速線,トウヨウコウソクセン,東葉高速鉄道東葉高速線,,,,140.03804726443036,35.71906100000002,12,0,99338
99339,151,箱根登山鉄道鉄道線,ハコネトザンテツドウテツドウセン,箱根登山鉄道鉄道線,,,,139.09949102312862,35.24597908562163,12,0,99339
99340,152,北総鉄道北総線,ホクソウテツドウホクソウセン,北総鉄道北総線,,,,140.03784499075186,35.783462858466144,11,0,99340
99341,153,ほっとスパ・ライン,ホットスパライン,野岩鉄道会津鬼怒川線,,,,139.70133274067064,36.98733557444938,11,0,99341
99344,151,箱根登山ケーブルカー,ハコネトザンケーブルカー,箱根登山鉄道鋼索線,,,,139.04142379760742,35.248167,15,0,99344
99401,154,富士急行線,フジキュウコウセン,富士急行線,,,,138.86075605024098,35.553671122983765,12,0,99401
99402,155,北越急行ほくほく線,ホクエツキュウコウホクホクセン,北越急行ほくほく線,,,,138.59099433332995,37.13966175491365,10,0,99402
99403,156,しなの鉄道線,シナノテツドウセン,しなの鉄道線,,,,138.31742924146693,36.419423909335244,10,0,99403
99427,156,北しなの線,キタシナノセン,北しなの線,,,,138.21050165919587,36.755306038955474,11,0,99403
99404,157,上田電鉄別所線,ウエダデンテツベッショセン,上田電鉄別所線,,,,138.2109222560839,36.37625258348015,13,0,99404
99405,158,長野電鉄長野線,ナガノデンテツナガノセン,長野電鉄長野線,,,,138.30425232812502,36.70185930258749,11,0,99405
99406,158,長野電鉄屋代線,ナガノデンテツヤシロセン,長野電鉄屋代線,,,,138.21193550511123,36.59924925239538,12,2,99406
99407,159,上高地線,カミコウチセン,アルピコ交通上高地線,,,,137.89738246819627,36.21371737909469,12,0,99407
99408,160,富山地鉄本線,トヤマチテツホンセン,富山地鉄本線,,,,137.38976132822938,36.78988243597419,11,0,99408
99409,160,富山地鉄立山線,トヤマチテツタテヤマセン,富山地鉄立山線,,,,137.37055082296035,36.63259703593658,12,0,99409
99410,160,富山地鉄不二越・上滝線,トヤマチテツフジコシ・カミダキセン,富山地鉄不二越・上滝線,,,,137.25252600319345,36.65497801427257,12,0,99410
99411,161,神岡鉄道神岡線,カミオカテツドウカミオカセン,神岡鉄道神岡線,,,,137.27280775390625,36.404333174001536,12,2,99411
99412,162,黒部峡谷鉄道本線,クロベキョウコクテツドウホンセン,黒部峡谷鉄道本線,,,,137.62933635449212,36.771398208953364,12,0,99412
99413,160,富山地鉄市内線【１・２系統】,トヤマチテツシナイセン,富山地鉄市内線,,,,137.2104899362305,36.68749218887855,14,0,99413
99422,160,富山地鉄富山都心線【３系統(環状線)】,トヤマチテツトヤマトシンセン,富山地鉄富山都心線,,,,137.21288681030273,36.6955391541321,15,0,99413
99414,163,万葉線,マンヨウセン,万葉線,,,,137.05198785927735,36.76865393498096,13,0,99414
99415,164,富山ライトレール,トヤマライトレール,富山ライトレール,,,,137.22737010624257,36.73584006840866,13,0,99415
99416,165,北陸鉄道石川線,ホクリクテツドウイシカワセン,北陸鉄道石川線,,,,136.62763019846034,36.50748930559926,12,0,99416
99417,165,北陸鉄道浅野川線,ホクリクテツドウアサノガワセン,北陸鉄道浅野川線,,,,136.64124453303702,36.61101107753476,13,0,99417
99423,244,日本海ひすいライン,ニホンカイヒスイライン,日本海ひすいライン,,,,138.00562843680382,37.09275022236878,10,0,99417
99424,244,妙高はねうまライン,ミョウコウハネウマライン,妙高はねうまライン,,,,138.00562843680382,37.09275022236878,10,0,99417
99425,245,あいの風とやま鉄道線,アイノカゼトヤマテツドウセン,あいの風とやま鉄道線,,,,137.21461293753237,36.684159937671986,10,0,99417
99426,246,IRいしかわ鉄道線,アイアールイシカワテツドウセン,IRいしかわ鉄道株式会社,,,,136.85206406749785,36.661886043477686,10,0,99417
99418,166,のと鉄道七尾線,ノトテツドウナナオセン,のと鉄道七尾線,,,,136.90441537109382,37.12448506777653,11,0,99418
99419,167,えちぜん鉄道勝山永平寺線,エチゼンテツドウカツヤマエイヘイジセン,えちぜん鉄道勝山永平寺線,,,,136.35136147537628,36.08641897711258,11,0,99419
99420,167,えちぜん鉄道三国芦原線,エチゼンテツドウミクニアワラセン,えちぜん鉄道三国芦原線,,,,136.19195268868623,36.162791926784635,11,0,99420
99421,168,福井鉄道福武線,フクイテツドウフクブセン,福井鉄道福武線,,,,136.20680539160162,36.01077557427893,12,0,99421
99501,169,伊豆急行線,イズキュウコウセン,伊豆急行線,,,,139.04158977539066,34.82442965825597,11,0,99501
99502,128,伊豆箱根鉄道駿豆線,イズハコネテツドウスンズセン,伊豆箱根鉄道駿豆線,,,,138.93156063529534,35.056607988173354,12,0,99502
99503,170,岳南鉄道線,ガクナンテツドウセン,岳南鉄道線,,,,138.7141213772461,35.15955767005036,13,0,99503
99504,171,静岡鉄道静岡清水線,シズオカテツドウシズオカシミズセン,静岡鉄道静岡清水線,,,,138.43905812174808,34.99815891362698,12,0,99504
99505,172,天竜浜名湖線,テンリュウハマナコセン,天竜浜名湖鉄道天竜浜名湖線,,,,137.73047117968747,34.82776371640631,10,0,99505
99506,173,遠州鉄道鉄道線,エンシュウテツドウテツドウセン,遠州鉄道鉄道線,,,,137.7761985291928,34.78157170063818,12,0,99506
99507,174,大井川鐵道大井川本線,オオイガワテツドウオオイガワホンセン,大井川鐵道大井川本線,,,,138.10725218575567,34.96974306611443,11,0,99507
99508,174,南アルプスあぷとライン,ミナミアルプスアプトライン,大井川鐵道井川線,,,,138.16176092856995,35.168191519026195,12,0,99508
99509,175,あおなみ線,アオナミセン,西名古屋港線,,,,136.86506338192567,35.12536651434047,12,0,99509
99510,176,東海交通事業城北線,トウカイコウツウジギョウジョウホクセン,東海交通事業城北線,,,,136.89666252116217,35.229299962292515,13,0,99510
99511,177,愛知環状鉄道線,アイチカンジョウテツドウセン,愛知環状鉄道線,,,,137.12218816694622,35.12130634026475,10,0,99511
99512,178,リニモ,リニモ,東部丘陵線,,,,137.060015783037,35.171156191479255,13,0,99512
99513,179,名古屋市営地下鉄東山線,ナゴヤシエイチカテツヒガシヤマセン,名古屋市営地下鉄東山線,FFCC00,菜種色,,136.92263373614878,35.16914033244777,12,0,99513
99514,179,名古屋市営地下鉄名城線,ナゴヤシエイチカテツメイジョウセン,名古屋市営地下鉄名城線,9B74C1,藤色,,136.93289743917126,35.1605437168792,12,0,99514
99515,179,名古屋市営地下鉄名港線,ナゴヤシエイチカテツメイコウセン,名古屋市営地下鉄名港線,9B74C1,藤色,,136.88966853969168,35.12510133132909,13,0,99515
99516,179,名古屋市営地下鉄鶴舞線,ナゴヤシエイチカテツツルマイセン,名古屋市営地下鉄鶴舞線,04ACDD,水色,,136.93611688203123,35.17099010899119,12,0,99516
99517,179,名古屋市営地下鉄桜通線,ナゴヤシエイチカテツサクラドオリセン,名古屋市営地下鉄桜通線,FF0000,赤,,136.9382243862808,35.14066755400127,12,0,99517
99518,179,名古屋市営地下鉄上飯田線,ナゴヤシエイチカテツカミイイダセン,名古屋市営地下鉄上飯田線,FF66C4,桃色,,136.929713,35.201222076956185,15,0,99518
99519,180,ピーチライナー,ピーチライナー,桃花台新交通,,,,136.95855506878218,35.29823353105299,13,2,99519
99520,181,豊橋鉄道渥美線,トヨハシテツドウアツミセン,豊橋鉄道渥美線,,,,137.33036072802736,34.703541677659906,12,0,99520
99521,181,豊橋鉄道東田本線,トヨハシテツドウアヅマダホンセン,豊橋鉄道東田本線,,,,137.4057545608565,34.76500605932439,14,0,99521
99522,181,豊橋鉄道運動公園前線,トヨハシテツドウウンドウコウエンマエセン,豊橋鉄道運動公園前線,,,,137.42205658465582,34.76186984458542,16,2,99522
99523,182,ゆとりーとライン,ユトリートライン,ガイドウェイバス志段味線,,,,136.96119786772783,35.20558123227161,13,0,99523
99524,183,明知鉄道明知線,アケチテツドウアケチセン,明知鉄道明知線,,,,137.4120125492267,35.38280304135589,12,0,99524
99525,184,長良川鉄道越美南線,ナガラガワテツドウエツミナンセン,長良川鉄道越美南線,,,,136.92720763620684,35.71007663979841,10,0,99525
99526,185,樽見鉄道樽見線,タルミテツドウタルミセン,樽見鉄道樽見線,,,,136.62831882052126,35.51524593869538,11,0,99526
99528,186,三岐鉄道三岐線,サンギテツドウサンギセン,三岐鉄道三岐線,,,,136.5441360231738,35.087472444993345,11,0,99528
99529,186,三岐鉄道北勢線,サンギテツドウホクセイセン,三岐鉄道北勢線,,,,136.5984984427255,35.094626678728616,12,0,99529
99530,187,伊勢鉄道伊勢線,イセテツドウイセセン,伊勢鉄道伊勢線,,,,136.5523657820313,34.833916164215836,12,0,99530
99531,188,伊賀鉄道伊賀線,イガテツドウイガセン,伊賀鉄道伊賀線,,,,136.13962606612438,34.733360528717526,12,0,99531
99532,189,養老鉄道養老線,ヨウロウテツドウヨウロウセン,養老鉄道養老線,,,,136.62239938636185,35.26596009287492,11,0,99532
99601,190,近江鉄道本線,オウミテツドウホンセン,近江鉄道本線,,,,136.2109757614453,35.15504248537263,10,0,99601
99602,190,近江鉄道多賀線,オウミテツドウタガセン,近江鉄道多賀線,,,,136.26770142326177,35.23325260938306,14,0,99602
99603,190,近江鉄道八日市線,オウミテツドウヨウカイチセン,近江鉄道八日市線,,,,136.15042189410838,35.11096374406687,13,0,99603
99604,191,信楽高原鐵道信楽線,シガラキコウゲンテツドウシガラキセン,信楽高原鐵道信楽線,,,,136.09384466406254,34.91316864913635,12,0,99604
99605,192,嵯峨野観光線,サガノカンコウセン,嵯峨野観光線,,,,135.6516843955078,35.02158814152899,12,0,99605
99606,193,叡山電鉄叡山本線,エイザンデンテツエイザンホンセン,叡山電鉄叡山本線,,,,135.79087965808105,35.050004221782494,13,0,99606
99607,193,叡山電鉄鞍馬線,エイザンデンテツクラマセン,叡山電鉄鞍馬線,,,,135.77897739580078,35.086168813683585,13,0,99607
99608,194,宮福線,ミヤフクセン,宮福線,,,,135.1450786402022,35.42665060734551,11,0,99608
99609,194,宮豊線,ミヤトヨセン,宮豊線,,,,135.02146714366972,35.580096660320145,10,0,99609
99653,194,宮舞線,ミヤマイセン,宮舞線,,,,135.2654790552333,35.499724785792125,11,0,99609
99610,195,京都市営地下鉄烏丸線,キョウトシエイチカテツカラスマセン,京都市営地下鉄烏丸線,,,,135.76556730478512,35.01633354109124,12,0,99610
99611,195,京都市営地下鉄東西線,キョウトシエイチカテツトウザイセン,京都市営地下鉄東西線,,,,135.76612153489418,34.97917107848443,12,0,99611
99612,196,京福電鉄嵐山本線,ケイフクデンテツアラシヤマホンセン,京福電鉄嵐山本線,,,,135.7102577977373,35.01271349692732,13,0,99612
99613,196,京福電鉄北野線,ケイフクデンテツキタノセン,京福電鉄北野線,,,,135.71240194707354,35.025937048312144,14,0,99613
99614,197,北大阪急行電鉄,キタオオサカキュウコウデンテツ,北大阪急行電鉄,,,,135.49546160449222,34.78992723920358,13,0,99614
99616,198,泉北高速鉄道線,センボクコウソクテツドウセン,泉北高速鉄道線,,,,135.48923516667003,34.50927755893809,12,0,99616
99617,199,水間鉄道水間線,ミズマテツドウミズマセン,水間鉄道水間線,,,,135.3691331269531,34.428011288824436,13,0,99617
99618,249,大阪メトロ御堂筋線,オオサカメトロミドウスジセン,高速電気軌道第1号線,e5171f,臙脂,,135.51183765507812,34.674645463964715,11,0,99618
99619,249,大阪メトロ谷町線,オオサカメトロタニマチセン,高速電気軌道第2号線,522886,京紫,,135.55273192871095,34.67567107857251,12,0,99619
99620,249,大阪メトロ四つ橋線,オオサカメトロヨツバシセン,高速電気軌道第3号線,0078ba,縹,,135.49365110919564,34.6579199592173,13,0,99620
99621,249,大阪メトロ中央線,オオサカメトロチュウオウセン,高速電気軌道第4号線,019a66,緑,,135.49574679359796,34.66777349393297,12,0,99621
99622,249,大阪メトロ千日前線,オオサカメトロセンニチマエセン,高速電気軌道第5号線,e44d93,紅梅,,135.51530017459822,34.676715098117384,13,0,99622
99623,249,大阪メトロ堺筋線,オオサカメトロサカイスジセン,高速電気軌道第6号線,814721,マルーン,,135.50830001376949,34.67762311553095,13,0,99623
99624,249,大阪メトロ長堀鶴見緑地線,オオサカメトロナガホリツルミリョクチセン,高速電気軌道第7号線,a9cc51,萌黄,,135.5382456206928,34.69274887971049,12,0,99624
99652,249,大阪メトロ今里筋線,オオサカメトロイマザトスジセン,高速電気軌道第8号線,ee7b1a,柑子,,135.55022387735175,34.71778192155539,13,0,99624
99625,249,大阪メトロ南港ポートタウン線,オオサカメトロナンコウポートタウンセン,大阪市高速電気軌道南港ポートタウン線,00a0de,セルリアンブルー,,135.44093093232425,34.62838186200799,13,0,99625
99626,201,大阪モノレール線,オオサカモノレールセン,大阪モノレール線,5058C3,青,,135.52449542856994,34.789061357142984,12,0,99626
99627,201,大阪モノレール彩都線,オオサカモノレールサイトセン,国際文化公園都市線,5058C3,青,,135.52708881796877,34.83077567131581,13,0,99627
99628,202,阪堺電軌上町線,ハンカイデンキウエマチセン,阪堺電軌上町線,083388,紺,,135.50418701828562,34.62745794872428,14,0,99628
99629,202,阪堺電軌阪堺線,ハンカイデンキハンカイセン,阪堺電軌阪堺線,008947,緑,,135.48094140579087,34.5988702791658,12,0,99629
99630,203,神戸高速東西線,コウベコウソクトウザイセン,神戸高速東西線,2560A8,青,,135.17274029101566,34.6779566632106,13,0,99630
99631,203,神戸高速南北線,コウベコウソクナンボクセン,神戸高速南北線,2560A8,青,,135.16738643121334,34.67788462880593,16,0,99631
99632,204,有馬線,アリマセン,神鉄有馬線,D53924,朱,,135.18505692566816,34.75245997145682,12,0,99632
99633,204,三田線,サンダセン,神鉄三田線,D53924,朱,,135.22213786347652,34.85009861306197,12,0,99633
99634,204,公園都市線,コウエントシセン,神鉄公園都市線,D53924,朱,,135.20684257405264,34.89567763883957,13,0,99634
99635,204,粟生線,アオセン,神鉄粟生線,D53924,朱,,135.01903507246095,34.79456505836288,11,0,99635
99636,205,北神急行北神線,ホクシンキュウコウホクシンセン,北神急行電鉄北神線,D59A00,ゴールド,,135.18049909521483,34.734054,12,0,99636
99637,206,山陽電鉄本線,サンヨウデンテツホンセン,山陽電鉄本線,F45757,赤,,134.884141666785,34.747293594959324,10,0,99637
99638,206,山陽電鉄網干線,サンヨウデンテツアボシセン,山陽電鉄網干線,F45757,赤,,134.62899303704387,34.796193571428994,13,0,99638
99615,207,能勢電鉄妙見線,ノセデンテツミョウケンセン,能勢電鉄妙見線,,,,135.42379891800647,34.872305222944874,12,0,99640
99640,207,能勢電鉄日生線,ノセデンテツニッセイセン,能勢電鉄日生線,B72142,あずき,,135.402694,34.90081280377896,14,0,99640
99642,208,三木鉄道三木線,ミキテツドウミキセン,三木鉄道三木線,009CFF,水色,,134.93909084125653,34.798604666544776,13,2,99642
99643,209,北条鉄道北条線,ホウジョウテツドウホウジョウセン,北条鉄道北条線,7564D3,青紫,,134.86388578710944,34.89497887938063,12,0,99643
99644,210,智頭急行智頭線,チズキュウコウチズセン,智頭急行智頭線,000099,紺,,134.3268127751087,35.094418544210306,10,0,99644
99645,211,神戸市営地下鉄西神線,コウベシエイチカテツセイシンセン,神戸市営地下鉄西神線,01AF98,緑,,135.06888940733063,34.68307241667748,12,0,99645
99646,211,神戸市営地下鉄山手線,コウベシエイチカテツヤマテセン,神戸市営地下鉄山手線,01AF98,緑,,135.1714744477539,34.6803221227098,13,0,99646
99647,211,夢かもめ,ユメカモメ,神戸市営地下鉄海岸線,0388C0,青,,135.1688599179688,34.670659049227474,13,0,99647
99648,212,ポートライナー,ポートライナー,神戸新交通ポートアイランド線,FAA11C,オレンジ,,135.21260397883782,34.670333538697825,13,0,99648
99649,212,六甲ライナー,ロッコウライナー,神戸新交通六甲アイランド線,1FCB9F,エメラルド,,135.26778466666997,34.70298944416577,14,0,99649
99650,213,紀州鉄道線,キシュウテツドウセン,紀州鉄道線,081042,紺,,135.1561255375732,33.895428111876996,14,0,99650
99651,214,貴志川線,キシガワセン,和歌山電鐵貴志川線,DA381B,赤,,135.24080185449225,34.22928668108546,12,0,99651
99701,215,若桜線,ワカサセン,若桜鉄道若桜線,,,,134.30236431217782,35.37899166666703,12,0,99701
99702,216,北松江線,キタマツエセン,一畑電車北松江線,,,,132.89720223828124,35.4577473696989,11,0,99702
99703,216,大社線,タイシャセン,一畑電車大社線,,,,132.7302838910157,35.38956500684399,12,0,99703
99704,217,水島本線,ミズシマホンセン,水島臨海鉄道水島本線,,,,133.7478599137695,34.56420735349222,13,0,99704
99705,218,井原線,イバラセン,井原鉄道井原線,,,,133.55749144870128,34.61669576108976,11,0,99705
99706,219,東山線,ヒガシヤマセン,岡山電軌東山本線,,,,133.93158823068848,34.66244005774978,15,0,99706
99707,219,清輝橋線,セイキバシセン,岡山電軌清輝橋線,,,,133.92400867195408,34.65857080352658,15,0,99707
99708,220,スカイレールみどり坂線,スカイレールミドリザカセン,広島短距離交通瀬野線,,,,132.59332400529308,34.42745863778749,15,0,99708
99709,221,アストラムライン,アストラムライン,広島高速交通広島新交通1号線,,,,132.433582301476,34.43909912673894,12,0,99709
99710,222,広電１号線(宇品線),ヒロデンイチゴウセン,広電１号線(宇品線),,,,132.4635322328147,34.38007803057877,13,0,99710
99711,222,広電２号線(宮島線),ヒロデンニゴウセン,広電２号線(宮島線),,,,132.38582722414515,34.371507218075855,12,0,99711
99712,222,広電３号線,ヒロデンサンゴウセン,広電３号線,,,,132.45244206002133,34.38152249800238,13,0,99712
99713,222,広電５号線(皆実線),ヒロデンゴゴウセン,広電５号線(皆実線),,,,132.46766591799474,34.37814055001289,13,0,99713
99714,222,広電６号線(江波線),ヒロデンロクゴウセン,広電６号線(江波線),,,,132.45429202036132,34.38857228507065,14,0,99714
99715,222,広電７号線,ヒロデンナナゴウセン,広電７号線,,,,132.4528158105761,34.39504706235791,14,0,99715
99716,222,広電８号線(横川線),ヒロデンハチゴウセン,広電８号線(横川線),,,,132.44276496691896,34.39115629199654,14,0,99716
99717,222,広電９号線(白島線),ヒロデンキュウゴウセン,広電９号線(白島線),,,,132.4641666931152,34.40080871767487,15,0,99717
99718,223,錦川清流線,ニシキガワセイリュウセン,錦川鉄道錦川清流線,,,,132.05904670768564,34.20744595108845,11,0,99718
99801,224,阿波室戸シーサイドライン,アサムロトシーサイドライン,阿佐海岸鉄道阿佐東線,,,,134.31125740739265,33.57350416961635,13,0,99801
99802,225,琴電琴平線,コトデンコトヒラセン,琴電琴平線,,,,133.96214399465407,34.262127612871126,11,0,99802
99803,225,琴電長尾線,コトデンナガオセン,琴電長尾線,,,,134.09736721950844,34.307010048819265,12,0,99803
99804,225,琴電志度線,コトデンシドセン,琴電志度線,,,,134.1165716035157,34.345151934387715,12,0,99804
99805,226,伊予鉄道郡中線,イヨテツドウグンチュウセン,伊予鉄道郡中線,,,,132.72982015348634,33.80853562434977,12,0,99805
99806,226,伊予鉄道高浜線,イヨテツドウタカハマセン,伊予鉄道高浜線,,,,132.72769552695308,33.863703568848045,13,0,99806
99807,226,伊予鉄道横河原線,イヨテツドウヨコガワラセン,伊予鉄道横河原線,,,,132.82353333014657,33.81259212826529,12,0,99807
99808,226,伊予鉄道環状線,イヨテツドウカンジョウセン,伊予鉄道１系統,,,,132.76223714813045,33.84489561752774,14,0,99808
99809,226,伊予鉄道環状線,イヨテツドウカンジョウセン,伊予鉄道２系統,,,,132.76266630157284,33.84375502537703,15,0,99809
99810,226,伊予鉄道市駅線,イヨテツドウシエキセン,伊予鉄道３系統,,,,132.77226810677917,33.84300174199304,14,0,99810
99811,226,伊予鉄道松山駅前線,イヨテツドウマツヤマエキマエセン,伊予鉄道５系統,,,,132.7686248624268,33.843611419008724,14,0,99811
99812,226,伊予鉄道本町線,イヨテツドウホンマチセン,伊予鉄道６系統,,,,132.7694636455078,33.8480866024301,14,0,99812
99814,227,中村線,ナカムラセン,土佐くろしお鉄道中村線,,,,133.04988572057619,33.09467023474289,11,0,99814
99815,227,宿毛線,スクモセン,土佐くろしお鉄道宿毛線,,,,132.8310544980469,32.962600483511395,11,0,99815
99816,227,ごめん・なはり線,ゴメン・ナハリセン,土佐くろしお鉄道ごめん・なはり線,,,,133.82521650898434,33.51597712191061,11,0,99816
99817,228,ごめん線,ゴメンセン,土佐電鉄ごめん線,,,,133.59933624726295,33.56862858766871,13,0,99817
99818,228,伊野線,イノセン,土佐電鉄伊野線,,,,133.49190174651255,33.55242239209245,12,0,99818
99819,228,桟橋線,サンバシセン,土佐電鉄桟橋線,,,,133.54655881817996,33.55246841151921,14,0,99819
99901,229,甘木鉄道,アマギテツドウ,甘木鉄道,,,,130.58818008176218,33.41617992560384,12,0,99901
99902,230,伊田線,イダセン,平成筑豊鉄道伊田線,,,,130.7604366115919,33.700854533801966,12,0,99902
99903,230,糸田線,イトダセン,平成筑豊鉄道糸田線,,,,130.78873194181642,33.65906880564918,13,0,99903
99904,230,田川線,タガワセン,平成筑豊鉄道田川線,,,,130.9010037211914,33.666047994427274,12,0,99904
99928,230,門司港レトロ観光線,モジコウレトロカンコウセン,平成筑豊鉄道門司港レトロ観光線,,,,130.9659487989502,33.95269437674,15,0,99904
99905,231,福岡市営地下鉄空港線,フクオカシエイチカテツクウコウセン,福岡市営地下鉄空港線,,,,130.383812849381,33.593568374055046,12,0,99905
99906,231,福岡市営地下鉄箱崎線,フクオカシエイチカテツハコザキセン,福岡市営地下鉄箱崎線,,,,130.4171162698408,33.61482657019065,14,0,99906
99907,231,福岡市営地下鉄七隈線,フクオカシエイチカテツナナクマセン,福岡市営地下鉄七隈線,,,,130.3667893544922,33.56708270016185,13,0,99907
99908,232,北九州モノレール,キタキュウシュウモノレール,北九州高速鉄道,,,,130.87351064873872,33.85609519990151,13,0,99908
99909,233,筑豊電気鉄道線,チクホウデンキテツドウセン,筑豊電気鉄道線,,,,130.7319842222057,33.8242559986339,12,0,99909
99910,234,西九州線(有田～伊万里),ニシキュウシュウセン,松浦鉄道西九州線(有田～伊万里),,,,129.8679219370515,33.22886096738498,12,0,99910
99911,234,西九州線(伊万里～佐世保),ニシキュウシュウセン,松浦鉄道西九州線(伊万里～佐世保),,,,129.7346398134581,33.28337205382688,11,0,99911
99912,235,島原鉄道線,シマバラテツドウセン,島原鉄道線,,,,130.19199456365595,32.76827488291586,11,0,99912
99913,236,長崎電軌１系統,ナガサキデンキイチゴウケイトウ,長崎電軌１系統,,,,129.86838866057178,32.7687290405174,13,0,99913
99914,236,長崎電軌３系統,ナガサキデンキサンゴウケイトウ,長崎電軌３系統,,,,129.8705407857226,32.768162520725305,13,0,99914
99915,236,長崎電軌４系統,ナガサキデンキヨンゴウケイトウ,長崎電軌４系統,,,,129.88416479895022,32.74760460000003,15,0,99915
99916,236,長崎電軌５系統,ナガサキデンキゴゴウケイトウ,長崎電軌５系統,,,,129.88161026191892,32.745533918802295,14,0,99916
99917,237,熊本電鉄本線,クマモトデンテツホンセン,熊本電鉄本線,,,,130.72980683270657,32.8506222457373,13,0,99917
99918,237,熊本電鉄上熊本線,クマモトデンテツカミクマモトセン,熊本電鉄上熊本線,,,,130.70907904760747,32.823570912231084,14,0,99918
99919,238,高森線,タカモリセン,南阿蘇鉄道高森線,,,,131.0451261359375,32.84393956616183,12,0,99919
99920,239,湯前線,ユノマエセン,くま川鉄道湯前線,,,,130.88113566406253,32.23914364285702,11,0,99920
99921,240,肥薩おれんじ鉄道線,ヒサツオレンジテツドウセン,肥薩おれんじ鉄道線,,,,130.39137274078814,32.16841796835533,10,0,99921
99922,241,熊本市電Ａ系統,クマモトシデンエーライン,熊本市電Ａ系統,,,,130.72211009870557,32.79104219552131,13,0,99922
99923,241,熊本市電Ｂ系統,クマモトシデンビーライン,熊本市電Ｂ系統,,,,130.7203425727539,32.79798979396811,13,0,99923
99925,242,鹿児島市電１系統,カゴシマシデンイチケイトウ,鹿児島市電１系統,,,,130.5431421798536,31.563710494242585,13,0,99925
99926,242,鹿児島市電２系統,カゴシマシデンニケイトウ,鹿児島市電２系統,,,,130.5507183910156,31.581543618004027,14,0,99926
99927,243,ゆいレール,ユイレール,沖縄都市モノレール線,,,,127.68810912275387,26.212293793440132,13,0,99927
